ARM GAS  C:\Users\8bit\AppData\Local\Temp\cc1hImpv.s 			page 1


   1              		.cpu cortex-m4
   2              		.arch armv7e-m
   3              		.fpu fpv4-sp-d16
   4              		.eabi_attribute 27, 1
   5              		.eabi_attribute 28, 1
   6              		.eabi_attribute 20, 1
   7              		.eabi_attribute 21, 1
   8              		.eabi_attribute 23, 3
   9              		.eabi_attribute 24, 1
  10              		.eabi_attribute 25, 1
  11              		.eabi_attribute 26, 1
  12              		.eabi_attribute 30, 1
  13              		.eabi_attribute 34, 1
  14              		.eabi_attribute 18, 4
  15              		.file	"controller.c"
  16              		.text
  17              	.Ltext0:
  18              		.cfi_sections	.debug_frame
  19              		.section	.text.Controller_AttControl,"ax",%progbits
  20              		.align	1
  21              		.syntax unified
  22              		.thumb
  23              		.thumb_func
  25              	Controller_AttControl:
  26              	.LVL0:
  27              	.LFB151:
  28              		.file 1 "Algorithm/Control_Dep/controller.c"
   1:Algorithm/Control_Dep/controller.c **** #include "controller.h"
   2:Algorithm/Control_Dep/controller.c **** #include "../../System/storage/Storage.h"
   3:Algorithm/Control_Dep/controller.c **** #include "Att_Casecade_PID.h"
   4:Algorithm/Control_Dep/controller.c **** 
   5:Algorithm/Control_Dep/controller.c **** /* test code */
   6:Algorithm/Control_Dep/controller.c **** #include "Srv_DataHub.h"
   7:Algorithm/Control_Dep/controller.c **** #include "shell_port.h"
   8:Algorithm/Control_Dep/controller.c **** /* test code */
   9:Algorithm/Control_Dep/controller.c **** 
  10:Algorithm/Control_Dep/controller.c **** #define ATTITUDE_PID_PARAM_SEC_NAME "pid_att"
  11:Algorithm/Control_Dep/controller.c **** #define ALTITUDE_PID_PARAM_SEC_NAME "pid_alt"
  12:Algorithm/Control_Dep/controller.c **** 
  13:Algorithm/Control_Dep/controller.c **** typedef enum
  14:Algorithm/Control_Dep/controller.c **** {
  15:Algorithm/Control_Dep/controller.c ****     TP_Pitch = 0,
  16:Algorithm/Control_Dep/controller.c ****     TP_Roll,
  17:Algorithm/Control_Dep/controller.c ****     TP_GyroX,
  18:Algorithm/Control_Dep/controller.c ****     TP_GyroY,
  19:Algorithm/Control_Dep/controller.c ****     TP_GyroZ,
  20:Algorithm/Control_Dep/controller.c **** } ControllerTunningPart_List;
  21:Algorithm/Control_Dep/controller.c **** 
  22:Algorithm/Control_Dep/controller.c **** typedef struct
  23:Algorithm/Control_Dep/controller.c **** {
  24:Algorithm/Control_Dep/controller.c ****     Storage_ItemSearchOut_TypeDef Att_SSO;  /* attitude control parameter section search out */
  25:Algorithm/Control_Dep/controller.c ****     Storage_ItemSearchOut_TypeDef Alt_SSO;  /* altitude control parameter section search out */
  26:Algorithm/Control_Dep/controller.c **** 
  27:Algorithm/Control_Dep/controller.c ****     ControlMode_List att_ctl_mode;
  28:Algorithm/Control_Dep/controller.c **** } ControllerMonitor_TypeDef;
  29:Algorithm/Control_Dep/controller.c **** 
  30:Algorithm/Control_Dep/controller.c **** /* internanl vriable */
ARM GAS  C:\Users\8bit\AppData\Local\Temp\cc1hImpv.s 			page 2


  31:Algorithm/Control_Dep/controller.c **** ControllerMonitor_TypeDef ControllerMonitor;
  32:Algorithm/Control_Dep/controller.c **** 
  33:Algorithm/Control_Dep/controller.c **** /* internal function */
  34:Algorithm/Control_Dep/controller.c **** /* PID controller section */
  35:Algorithm/Control_Dep/controller.c **** static bool Controller_PID_AttControl_ParamLoad(void);
  36:Algorithm/Control_Dep/controller.c **** static bool Controller_PID_AttParam_Set(uint8_t *p_param, uint16_t size);
  37:Algorithm/Control_Dep/controller.c **** 
  38:Algorithm/Control_Dep/controller.c **** /* external function */
  39:Algorithm/Control_Dep/controller.c **** /* attitude section */
  40:Algorithm/Control_Dep/controller.c **** static bool Controller_Att_Init(ControlMode_List mode);
  41:Algorithm/Control_Dep/controller.c **** static bool Controller_AttControl(ControlMode_List mode, uint32_t sys_ms, bool angular_only, AttCon
  42:Algorithm/Control_Dep/controller.c **** static bool Controller_Set_Param(bool ARM, ControlTarget_List target, ControlMode_List mode, uint8_
  43:Algorithm/Control_Dep/controller.c **** 
  44:Algorithm/Control_Dep/controller.c **** /* altitude section */
  45:Algorithm/Control_Dep/controller.c **** static bool Controller_Alt_Init(ControlMode_List mode);
  46:Algorithm/Control_Dep/controller.c **** 
  47:Algorithm/Control_Dep/controller.c **** Control_TypeDef Controller = {
  48:Algorithm/Control_Dep/controller.c ****     .att_ctl_init = Controller_Att_Init,
  49:Algorithm/Control_Dep/controller.c ****     .alt_ctl_init = Controller_Alt_Init,
  50:Algorithm/Control_Dep/controller.c ****     
  51:Algorithm/Control_Dep/controller.c ****     .att_param_set = Controller_Set_Param,
  52:Algorithm/Control_Dep/controller.c **** 
  53:Algorithm/Control_Dep/controller.c ****     .att_ctl = Controller_AttControl,
  54:Algorithm/Control_Dep/controller.c **** };
  55:Algorithm/Control_Dep/controller.c **** 
  56:Algorithm/Control_Dep/controller.c **** static bool Controller_Get_AttParam(ControlMode_List *cur_mode, uint8_t *p_data, uint16_t *para_len
  57:Algorithm/Control_Dep/controller.c **** {
  58:Algorithm/Control_Dep/controller.c ****     if ((cur_mode == NULL) || \
  59:Algorithm/Control_Dep/controller.c ****         (p_data == NULL) || \
  60:Algorithm/Control_Dep/controller.c ****         (para_len == NULL))
  61:Algorithm/Control_Dep/controller.c ****         return false;
  62:Algorithm/Control_Dep/controller.c **** 
  63:Algorithm/Control_Dep/controller.c ****     *cur_mode = ControllerMonitor.att_ctl_mode;
  64:Algorithm/Control_Dep/controller.c **** 
  65:Algorithm/Control_Dep/controller.c ****     return false;
  66:Algorithm/Control_Dep/controller.c **** }
  67:Algorithm/Control_Dep/controller.c **** 
  68:Algorithm/Control_Dep/controller.c **** static bool Controller_Set_AttParam(ControlMode_List mode, uint8_t *p_data, uint16_t len)
  69:Algorithm/Control_Dep/controller.c **** {
  70:Algorithm/Control_Dep/controller.c ****     if ((p_data == NULL) || \
  71:Algorithm/Control_Dep/controller.c ****         (len == 0))
  72:Algorithm/Control_Dep/controller.c ****         return false;
  73:Algorithm/Control_Dep/controller.c **** 
  74:Algorithm/Control_Dep/controller.c ****     switch (mode)
  75:Algorithm/Control_Dep/controller.c ****     {
  76:Algorithm/Control_Dep/controller.c ****         case CtlM_PID: /* attitude casecade pid tunning */ return true;
  77:Algorithm/Control_Dep/controller.c ****         default: return false;
  78:Algorithm/Control_Dep/controller.c ****     }
  79:Algorithm/Control_Dep/controller.c **** 
  80:Algorithm/Control_Dep/controller.c ****     return false;
  81:Algorithm/Control_Dep/controller.c **** }
  82:Algorithm/Control_Dep/controller.c **** 
  83:Algorithm/Control_Dep/controller.c **** static bool Controller_Att_Init(ControlMode_List mode)
  84:Algorithm/Control_Dep/controller.c **** {
  85:Algorithm/Control_Dep/controller.c ****     memset(&ControllerMonitor.Att_SSO, 0, sizeof(Storage_ItemSearchOut_TypeDef));
  86:Algorithm/Control_Dep/controller.c **** 
  87:Algorithm/Control_Dep/controller.c ****     switch ((uint8_t) mode)
ARM GAS  C:\Users\8bit\AppData\Local\Temp\cc1hImpv.s 			page 3


  88:Algorithm/Control_Dep/controller.c ****     {
  89:Algorithm/Control_Dep/controller.c ****         case CtlM_PID: return Controller_PID_AttControl_ParamLoad();
  90:Algorithm/Control_Dep/controller.c ****         default: return false;
  91:Algorithm/Control_Dep/controller.c ****     }
  92:Algorithm/Control_Dep/controller.c **** 
  93:Algorithm/Control_Dep/controller.c ****     return false;
  94:Algorithm/Control_Dep/controller.c **** }
  95:Algorithm/Control_Dep/controller.c **** 
  96:Algorithm/Control_Dep/controller.c **** static bool Controller_AttControl(ControlMode_List mode, uint32_t sys_ms, bool angular_only, AttCon
  97:Algorithm/Control_Dep/controller.c **** {
  29              		.loc 1 97 1 view -0
  30              		.cfi_startproc
  31              		@ args = 48, pretend = 8, frame = 0
  32              		@ frame_needed = 0, uses_anonymous_args = 0
  33              		.loc 1 97 1 is_stmt 0 view .LVU1
  34 0000 82B0     		sub	sp, sp, #8
  35              	.LCFI0:
  36              		.cfi_def_cfa_offset 8
  37 0002 70B5     		push	{r4, r5, r6, lr}
  38              	.LCFI1:
  39              		.cfi_def_cfa_offset 24
  40              		.cfi_offset 4, -24
  41              		.cfi_offset 5, -20
  42              		.cfi_offset 6, -16
  43              		.cfi_offset 14, -12
  44 0004 8AB0     		sub	sp, sp, #40
  45              	.LCFI2:
  46              		.cfi_def_cfa_offset 64
  47 0006 0F93     		str	r3, [sp, #60]
  98:Algorithm/Control_Dep/controller.c ****     switch ((uint8_t) mode)
  48              		.loc 1 98 5 is_stmt 1 view .LVU2
  49 0008 00BB     		cbnz	r0, .L3
  50 000a 0D46     		mov	r5, r1
  51 000c 1446     		mov	r4, r2
  99:Algorithm/Control_Dep/controller.c ****     {
 100:Algorithm/Control_Dep/controller.c ****         case CtlM_PID: return Att_CasecadePID_Controller.process(sys_ms, angular_only, exp, mea, ou
  52              		.loc 1 100 24 view .LVU3
  53              		.loc 1 100 57 is_stmt 0 view .LVU4
  54 000e 104B     		ldr	r3, .L5
  55 0010 DE68     		ldr	r6, [r3, #12]
  56              		.loc 1 100 31 view .LVU5
  57 0012 199B     		ldr	r3, [sp, #100]
  58 0014 0893     		str	r3, [sp, #32]
  59 0016 0DF10C0C 		add	ip, sp, #12
  60 001a 0DF1500E 		add	lr, sp, #80
  61 001e BEE80F00 		ldmia	lr!, {r0, r1, r2, r3}
  62              	.LVL1:
  63              		.loc 1 100 31 view .LVU6
  64 0022 ACE80F00 		stmia	ip!, {r0, r1, r2, r3}
  65 0026 DEF80030 		ldr	r3, [lr]
  66 002a CCF80030 		str	r3, [ip]
  67 002e 11AB     		add	r3, sp, #68
  68 0030 93E80700 		ldm	r3, {r0, r1, r2}
  69 0034 8DE80700 		stm	sp, {r0, r1, r2}
  70 0038 0FAB     		add	r3, sp, #60
  71 003a 0CCB     		ldm	r3, {r2, r3}
  72 003c 2146     		mov	r1, r4
ARM GAS  C:\Users\8bit\AppData\Local\Temp\cc1hImpv.s 			page 4


  73 003e 2846     		mov	r0, r5
  74 0040 B047     		blx	r6
  75              	.LVL2:
  76              	.L2:
 101:Algorithm/Control_Dep/controller.c ****         default: return false;
 102:Algorithm/Control_Dep/controller.c ****     }
 103:Algorithm/Control_Dep/controller.c ****     ControllerMonitor.att_ctl_mode = mode;
 104:Algorithm/Control_Dep/controller.c ****     return false;
 105:Algorithm/Control_Dep/controller.c **** }
  77              		.loc 1 105 1 view .LVU7
  78 0042 0AB0     		add	sp, sp, #40
  79              	.LCFI3:
  80              		.cfi_remember_state
  81              		.cfi_def_cfa_offset 24
  82              		@ sp needed
  83 0044 BDE87040 		pop	{r4, r5, r6, lr}
  84              	.LCFI4:
  85              		.cfi_restore 14
  86              		.cfi_restore 6
  87              		.cfi_restore 5
  88              		.cfi_restore 4
  89              		.cfi_def_cfa_offset 8
  90 0048 02B0     		add	sp, sp, #8
  91              	.LCFI5:
  92              		.cfi_def_cfa_offset 0
  93 004a 7047     		bx	lr
  94              	.LVL3:
  95              	.L3:
  96              	.LCFI6:
  97              		.cfi_restore_state
 101:Algorithm/Control_Dep/controller.c ****         default: return false;
  98              		.loc 1 101 25 view .LVU8
  99 004c 0020     		movs	r0, #0
 100              	.LVL4:
 101:Algorithm/Control_Dep/controller.c ****         default: return false;
 101              		.loc 1 101 25 view .LVU9
 102 004e F8E7     		b	.L2
 103              	.L6:
 104              		.align	2
 105              	.L5:
 106 0050 00000000 		.word	Att_CasecadePID_Controller
 107              		.cfi_endproc
 108              	.LFE151:
 110              		.section	.text.Controller_PID_AttParam_Set,"ax",%progbits
 111              		.align	1
 112              		.syntax unified
 113              		.thumb
 114              		.thumb_func
 116              	Controller_PID_AttParam_Set:
 117              	.LVL5:
 118              	.LFB153:
 106:Algorithm/Control_Dep/controller.c **** 
 107:Algorithm/Control_Dep/controller.c **** static bool Controller_Set_Param(bool ARM, ControlTarget_List target, ControlMode_List mode, uint8_
 108:Algorithm/Control_Dep/controller.c **** {
 109:Algorithm/Control_Dep/controller.c ****     /* noticed: only when drone is under ARM state, parameter is setable */
 110:Algorithm/Control_Dep/controller.c ****     /* check drone state */
 111:Algorithm/Control_Dep/controller.c ****     if (!ARM || \
ARM GAS  C:\Users\8bit\AppData\Local\Temp\cc1hImpv.s 			page 5


 112:Algorithm/Control_Dep/controller.c ****         (target > CtlT_Altitude) || \
 113:Algorithm/Control_Dep/controller.c ****         (mode >= CtlM_All) || \
 114:Algorithm/Control_Dep/controller.c ****         (p_param == NULL) || \
 115:Algorithm/Control_Dep/controller.c ****         (size == 0))
 116:Algorithm/Control_Dep/controller.c ****         return false;
 117:Algorithm/Control_Dep/controller.c **** 
 118:Algorithm/Control_Dep/controller.c ****     if (target == CtlT_Attitude)
 119:Algorithm/Control_Dep/controller.c ****     {
 120:Algorithm/Control_Dep/controller.c ****         switch (mode)
 121:Algorithm/Control_Dep/controller.c ****         {
 122:Algorithm/Control_Dep/controller.c ****             case CtlM_PID: return Controller_PID_AttParam_Set(p_param, size);
 123:Algorithm/Control_Dep/controller.c ****             default: return false;
 124:Algorithm/Control_Dep/controller.c ****         }
 125:Algorithm/Control_Dep/controller.c ****     }
 126:Algorithm/Control_Dep/controller.c ****     else if (target == CtlT_Altitude)
 127:Algorithm/Control_Dep/controller.c ****     {
 128:Algorithm/Control_Dep/controller.c ****         /* still in developping */
 129:Algorithm/Control_Dep/controller.c ****         return false;
 130:Algorithm/Control_Dep/controller.c ****     }
 131:Algorithm/Control_Dep/controller.c **** 
 132:Algorithm/Control_Dep/controller.c ****     return false;
 133:Algorithm/Control_Dep/controller.c **** }
 134:Algorithm/Control_Dep/controller.c **** 
 135:Algorithm/Control_Dep/controller.c **** /****************************************************************** pid controller section ********
 136:Algorithm/Control_Dep/controller.c **** static bool Controller_PID_AttParam_Set(uint8_t *p_param, uint16_t size)
 137:Algorithm/Control_Dep/controller.c **** {
 119              		.loc 1 137 1 is_stmt 1 view -0
 120              		.cfi_startproc
 121              		@ args = 0, pretend = 0, frame = 0
 122              		@ frame_needed = 0, uses_anonymous_args = 0
 123              		.loc 1 137 1 is_stmt 0 view .LVU11
 124 0000 2DE9F047 		push	{r4, r5, r6, r7, r8, r9, r10, lr}
 125              	.LCFI7:
 126              		.cfi_def_cfa_offset 32
 127              		.cfi_offset 4, -32
 128              		.cfi_offset 5, -28
 129              		.cfi_offset 6, -24
 130              		.cfi_offset 7, -20
 131              		.cfi_offset 8, -16
 132              		.cfi_offset 9, -12
 133              		.cfi_offset 10, -8
 134              		.cfi_offset 14, -4
 135 0004 96B0     		sub	sp, sp, #88
 136              	.LCFI8:
 137              		.cfi_def_cfa_offset 120
 138:Algorithm/Control_Dep/controller.c ****     if (size != ATT_CASECADE_PID_PARAM_SIZE)
 138              		.loc 1 138 5 is_stmt 1 view .LVU12
 139              		.loc 1 138 8 is_stmt 0 view .LVU13
 140 0006 6429     		cmp	r1, #100
 141 0008 25D1     		bne	.L10
 142 000a 0446     		mov	r4, r0
 143 000c 0D46     		mov	r5, r1
 139:Algorithm/Control_Dep/controller.c ****         return false;
 140:Algorithm/Control_Dep/controller.c ****     
 141:Algorithm/Control_Dep/controller.c ****     if (!Att_CasecadePID_Controller.set(*TO_ATT_CASECADE_PID_PARA_PTR(p_param)))
 144              		.loc 1 141 5 is_stmt 1 view .LVU14
 145              		.loc 1 141 36 is_stmt 0 view .LVU15
ARM GAS  C:\Users\8bit\AppData\Local\Temp\cc1hImpv.s 			page 6


 146 000e 144B     		ldr	r3, .L12
 147 0010 1E68     		ldr	r6, [r3]
 148              		.loc 1 141 10 view .LVU16
 149 0012 D0F800A0 		ldr	r10, [r0]	@ unaligned
 150 0016 D0F80490 		ldr	r9, [r0, #4]	@ unaligned
 151 001a D0F80880 		ldr	r8, [r0, #8]	@ unaligned
 152 001e C768     		ldr	r7, [r0, #12]	@ unaligned
 153 0020 5422     		movs	r2, #84
 154 0022 00F11001 		add	r1, r0, #16
 155              	.LVL6:
 156              		.loc 1 141 10 view .LVU17
 157 0026 6846     		mov	r0, sp
 158              	.LVL7:
 159              		.loc 1 141 10 view .LVU18
 160 0028 FFF7FEFF 		bl	memcpy
 161              	.LVL8:
 162 002c 5046     		mov	r0, r10
 163 002e 4946     		mov	r1, r9
 164 0030 4246     		mov	r2, r8
 165 0032 3B46     		mov	r3, r7
 166 0034 B047     		blx	r6
 167              	.LVL9:
 168              		.loc 1 141 8 view .LVU19
 169 0036 0646     		mov	r6, r0
 170 0038 70B1     		cbz	r0, .L8
 142:Algorithm/Control_Dep/controller.c ****         return false;
 143:Algorithm/Control_Dep/controller.c **** 
 144:Algorithm/Control_Dep/controller.c ****     /* storage parameter */
 145:Algorithm/Control_Dep/controller.c ****     if ((ControllerMonitor.Att_SSO.item_addr == 0) || \
 171              		.loc 1 145 5 is_stmt 1 view .LVU20
 172              		.loc 1 145 35 is_stmt 0 view .LVU21
 173 003a 0A4B     		ldr	r3, .L12+4
 174 003c 1B68     		ldr	r3, [r3]
 175              		.loc 1 145 8 view .LVU22
 176 003e 43B1     		cbz	r3, .L9
 146:Algorithm/Control_Dep/controller.c ****         (Storage.update(Para_User, ControllerMonitor.Att_SSO.item.data_addr, p_param, size) != Stor
 177              		.loc 1 146 17 discriminator 1 view .LVU23
 178 0040 094B     		ldr	r3, .L12+8
 179 0042 DF68     		ldr	r7, [r3, #12]
 180              		.loc 1 146 10 discriminator 1 view .LVU24
 181 0044 2B46     		mov	r3, r5
 182 0046 2246     		mov	r2, r4
 183 0048 0649     		ldr	r1, .L12+4
 184 004a 096B     		ldr	r1, [r1, #48]
 185 004c 0220     		movs	r0, #2
 186 004e B847     		blx	r7
 187              	.LVL10:
 145:Algorithm/Control_Dep/controller.c ****         (Storage.update(Para_User, ControllerMonitor.Att_SSO.item.data_addr, p_param, size) != Stor
 188              		.loc 1 145 52 discriminator 1 view .LVU25
 189 0050 10B1     		cbz	r0, .L8
 190              	.L9:
 147:Algorithm/Control_Dep/controller.c ****         return false;
 191              		.loc 1 147 9 is_stmt 1 view .LVU26
 192              		.loc 1 147 16 is_stmt 0 view .LVU27
 193 0052 0026     		movs	r6, #0
 194 0054 00E0     		b	.L8
 195              	.LVL11:
ARM GAS  C:\Users\8bit\AppData\Local\Temp\cc1hImpv.s 			page 7


 196              	.L10:
 139:Algorithm/Control_Dep/controller.c ****     
 197              		.loc 1 139 16 view .LVU28
 198 0056 0026     		movs	r6, #0
 199              	.LVL12:
 200              	.L8:
 148:Algorithm/Control_Dep/controller.c **** 
 149:Algorithm/Control_Dep/controller.c ****     return true;
 150:Algorithm/Control_Dep/controller.c **** }
 201              		.loc 1 150 1 view .LVU29
 202 0058 3046     		mov	r0, r6
 203 005a 16B0     		add	sp, sp, #88
 204              	.LCFI9:
 205              		.cfi_def_cfa_offset 32
 206              		@ sp needed
 207 005c BDE8F087 		pop	{r4, r5, r6, r7, r8, r9, r10, pc}
 208              	.L13:
 209              		.align	2
 210              	.L12:
 211 0060 00000000 		.word	Att_CasecadePID_Controller
 212 0064 00000000 		.word	.LANCHOR0
 213 0068 00000000 		.word	Storage
 214              		.cfi_endproc
 215              	.LFE153:
 217              		.section	.text.Controller_Set_Param,"ax",%progbits
 218              		.align	1
 219              		.syntax unified
 220              		.thumb
 221              		.thumb_func
 223              	Controller_Set_Param:
 224              	.LVL13:
 225              	.LFB152:
 108:Algorithm/Control_Dep/controller.c ****     /* noticed: only when drone is under ARM state, parameter is setable */
 226              		.loc 1 108 1 is_stmt 1 view -0
 227              		.cfi_startproc
 228              		@ args = 4, pretend = 0, frame = 0
 229              		@ frame_needed = 0, uses_anonymous_args = 0
 108:Algorithm/Control_Dep/controller.c ****     /* noticed: only when drone is under ARM state, parameter is setable */
 230              		.loc 1 108 1 is_stmt 0 view .LVU31
 231 0000 10B5     		push	{r4, lr}
 232              	.LCFI10:
 233              		.cfi_def_cfa_offset 8
 234              		.cfi_offset 4, -8
 235              		.cfi_offset 14, -4
 236 0002 BDF80840 		ldrh	r4, [sp, #8]
 111:Algorithm/Control_Dep/controller.c ****         (target > CtlT_Altitude) || \
 237              		.loc 1 111 5 is_stmt 1 view .LVU32
 111:Algorithm/Control_Dep/controller.c ****         (target > CtlT_Altitude) || \
 238              		.loc 1 111 8 is_stmt 0 view .LVU33
 239 0006 78B1     		cbz	r0, .L15
 111:Algorithm/Control_Dep/controller.c ****         (target > CtlT_Altitude) || \
 240              		.loc 1 111 14 discriminator 1 view .LVU34
 241 0008 0129     		cmp	r1, #1
 242 000a 0CD8     		bhi	.L17
 112:Algorithm/Control_Dep/controller.c ****         (mode >= CtlM_All) || \
 243              		.loc 1 112 34 view .LVU35
 244 000c 022A     		cmp	r2, #2
ARM GAS  C:\Users\8bit\AppData\Local\Temp\cc1hImpv.s 			page 8


 245 000e 0CD8     		bhi	.L18
 113:Algorithm/Control_Dep/controller.c ****         (p_param == NULL) || \
 246              		.loc 1 113 28 view .LVU36
 247 0010 6BB1     		cbz	r3, .L19
 114:Algorithm/Control_Dep/controller.c ****         (size == 0))
 248              		.loc 1 114 27 view .LVU37
 249 0012 74B1     		cbz	r4, .L20
 118:Algorithm/Control_Dep/controller.c ****     {
 250              		.loc 1 118 5 is_stmt 1 view .LVU38
 118:Algorithm/Control_Dep/controller.c ****     {
 251              		.loc 1 118 8 is_stmt 0 view .LVU39
 252 0014 79B9     		cbnz	r1, .L21
 120:Algorithm/Control_Dep/controller.c ****         {
 253              		.loc 1 120 9 is_stmt 1 view .LVU40
 254 0016 0AB1     		cbz	r2, .L24
 123:Algorithm/Control_Dep/controller.c ****         }
 255              		.loc 1 123 29 is_stmt 0 view .LVU41
 256 0018 0020     		movs	r0, #0
 257              	.LVL14:
 123:Algorithm/Control_Dep/controller.c ****         }
 258              		.loc 1 123 29 view .LVU42
 259 001a 05E0     		b	.L15
 260              	.LVL15:
 261              	.L24:
 122:Algorithm/Control_Dep/controller.c ****             default: return false;
 262              		.loc 1 122 28 is_stmt 1 view .LVU43
 122:Algorithm/Control_Dep/controller.c ****             default: return false;
 263              		.loc 1 122 35 is_stmt 0 view .LVU44
 264 001c 2146     		mov	r1, r4
 265              	.LVL16:
 122:Algorithm/Control_Dep/controller.c ****             default: return false;
 266              		.loc 1 122 35 view .LVU45
 267 001e 1846     		mov	r0, r3
 268              	.LVL17:
 122:Algorithm/Control_Dep/controller.c ****             default: return false;
 269              		.loc 1 122 35 view .LVU46
 270 0020 FFF7FEFF 		bl	Controller_PID_AttParam_Set
 271              	.LVL18:
 122:Algorithm/Control_Dep/controller.c ****             default: return false;
 272              		.loc 1 122 35 view .LVU47
 273 0024 00E0     		b	.L15
 274              	.LVL19:
 275              	.L17:
 116:Algorithm/Control_Dep/controller.c **** 
 276              		.loc 1 116 16 view .LVU48
 277 0026 0020     		movs	r0, #0
 278              	.LVL20:
 279              	.L15:
 133:Algorithm/Control_Dep/controller.c **** 
 280              		.loc 1 133 1 view .LVU49
 281 0028 10BD     		pop	{r4, pc}
 282              	.LVL21:
 283              	.L18:
 116:Algorithm/Control_Dep/controller.c **** 
 284              		.loc 1 116 16 view .LVU50
 285 002a 0020     		movs	r0, #0
 286              	.LVL22:
ARM GAS  C:\Users\8bit\AppData\Local\Temp\cc1hImpv.s 			page 9


 116:Algorithm/Control_Dep/controller.c **** 
 287              		.loc 1 116 16 view .LVU51
 288 002c FCE7     		b	.L15
 289              	.LVL23:
 290              	.L19:
 116:Algorithm/Control_Dep/controller.c **** 
 291              		.loc 1 116 16 view .LVU52
 292 002e 0020     		movs	r0, #0
 293              	.LVL24:
 116:Algorithm/Control_Dep/controller.c **** 
 294              		.loc 1 116 16 view .LVU53
 295 0030 FAE7     		b	.L15
 296              	.LVL25:
 297              	.L20:
 116:Algorithm/Control_Dep/controller.c **** 
 298              		.loc 1 116 16 view .LVU54
 299 0032 0020     		movs	r0, #0
 300              	.LVL26:
 116:Algorithm/Control_Dep/controller.c **** 
 301              		.loc 1 116 16 view .LVU55
 302 0034 F8E7     		b	.L15
 303              	.LVL27:
 304              	.L21:
 132:Algorithm/Control_Dep/controller.c **** }
 305              		.loc 1 132 12 view .LVU56
 306 0036 0020     		movs	r0, #0
 307              	.LVL28:
 132:Algorithm/Control_Dep/controller.c **** }
 308              		.loc 1 132 12 view .LVU57
 309 0038 F6E7     		b	.L15
 310              		.cfi_endproc
 311              	.LFE152:
 313              		.section	.rodata.Controller_PID_AttControl_ParamLoad.str1.4,"aMS",%progbits,1
 314              		.align	2
 315              	.LC0:
 316 0000 7069645F 		.ascii	"pid_att\000"
 316      61747400 
 317              		.section	.text.Controller_PID_AttControl_ParamLoad,"ax",%progbits
 318              		.align	1
 319              		.syntax unified
 320              		.thumb
 321              		.thumb_func
 323              	Controller_PID_AttControl_ParamLoad:
 324              	.LFB154:
 151:Algorithm/Control_Dep/controller.c **** 
 152:Algorithm/Control_Dep/controller.c **** static bool Controller_PID_AttControl_ParamLoad(void)
 153:Algorithm/Control_Dep/controller.c **** {
 325              		.loc 1 153 1 is_stmt 1 view -0
 326              		.cfi_startproc
 327              		@ args = 0, pretend = 0, frame = 208
 328              		@ frame_needed = 0, uses_anonymous_args = 0
 329 0000 2DE9F043 		push	{r4, r5, r6, r7, r8, r9, lr}
 330              	.LCFI11:
 331              		.cfi_def_cfa_offset 28
 332              		.cfi_offset 4, -28
 333              		.cfi_offset 5, -24
 334              		.cfi_offset 6, -20
ARM GAS  C:\Users\8bit\AppData\Local\Temp\cc1hImpv.s 			page 10


 335              		.cfi_offset 7, -16
 336              		.cfi_offset 8, -12
 337              		.cfi_offset 9, -8
 338              		.cfi_offset 14, -4
 339 0004 CBB0     		sub	sp, sp, #300
 340              	.LCFI12:
 341              		.cfi_def_cfa_offset 328
 154:Algorithm/Control_Dep/controller.c ****     Storage_ErrorCode_List stor_err = Storage_Error_None;
 342              		.loc 1 154 5 view .LVU59
 343              	.LVL29:
 155:Algorithm/Control_Dep/controller.c ****     AttCaseCadePID_Param_TypeDef pid_param;
 344              		.loc 1 155 5 view .LVU60
 156:Algorithm/Control_Dep/controller.c ****     bool state = false;
 345              		.loc 1 156 5 view .LVU61
 157:Algorithm/Control_Dep/controller.c **** 
 158:Algorithm/Control_Dep/controller.c ****     if (Att_CasecadePID_Controller.default_param == NULL)
 346              		.loc 1 158 5 view .LVU62
 347              		.loc 1 158 35 is_stmt 0 view .LVU63
 348 0006 364B     		ldr	r3, .L34
 349 0008 9B68     		ldr	r3, [r3, #8]
 350              		.loc 1 158 8 view .LVU64
 351 000a 002B     		cmp	r3, #0
 352 000c 64D0     		beq	.L29
 159:Algorithm/Control_Dep/controller.c ****         goto set_controller_para;
 160:Algorithm/Control_Dep/controller.c **** 
 161:Algorithm/Control_Dep/controller.c ****     pid_param = Att_CasecadePID_Controller.default_param();
 353              		.loc 1 161 5 is_stmt 1 view .LVU65
 354              		.loc 1 161 17 is_stmt 0 view .LVU66
 355 000e 16A8     		add	r0, sp, #88
 356 0010 9847     		blx	r3
 357              	.LVL30:
 358 0012 6422     		movs	r2, #100
 359 0014 16A9     		add	r1, sp, #88
 360 0016 31A8     		add	r0, sp, #196
 361 0018 FFF7FEFF 		bl	memcpy
 362              	.LVL31:
 162:Algorithm/Control_Dep/controller.c **** 
 163:Algorithm/Control_Dep/controller.c ****     /* load parameter */
 164:Algorithm/Control_Dep/controller.c ****     ControllerMonitor.Att_SSO = Storage.search(Para_User, ATTITUDE_PID_PARAM_SEC_NAME);
 363              		.loc 1 164 5 is_stmt 1 view .LVU67
 364              		.loc 1 164 40 is_stmt 0 view .LVU68
 365 001c 314B     		ldr	r3, .L34+4
 366 001e 5B68     		ldr	r3, [r3, #4]
 367              		.loc 1 164 33 view .LVU69
 368 0020 314C     		ldr	r4, .L34+8
 369 0022 324A     		ldr	r2, .L34+12
 370 0024 0221     		movs	r1, #2
 371 0026 16A8     		add	r0, sp, #88
 372 0028 9847     		blx	r3
 373              	.LVL32:
 374 002a 4522     		movs	r2, #69
 375 002c 16A9     		add	r1, sp, #88
 376 002e 2046     		mov	r0, r4
 377 0030 FFF7FEFF 		bl	memcpy
 378              	.LVL33:
 165:Algorithm/Control_Dep/controller.c ****     if (ControllerMonitor.Att_SSO.item_addr == 0)
 379              		.loc 1 165 5 is_stmt 1 view .LVU70
ARM GAS  C:\Users\8bit\AppData\Local\Temp\cc1hImpv.s 			page 11


 380              		.loc 1 165 34 is_stmt 0 view .LVU71
 381 0034 2368     		ldr	r3, [r4]
 382              		.loc 1 165 8 view .LVU72
 383 0036 BBB9     		cbnz	r3, .L27
 166:Algorithm/Control_Dep/controller.c ****     {
 167:Algorithm/Control_Dep/controller.c ****         /* no section found */
 168:Algorithm/Control_Dep/controller.c ****         /* create pid attitude controller parameter section in storage */
 169:Algorithm/Control_Dep/controller.c ****         stor_err = Storage.create(Para_User, ATTITUDE_PID_PARAM_SEC_NAME, (uint8_t *)&pid_param, AT
 384              		.loc 1 169 9 is_stmt 1 view .LVU73
 385              		.loc 1 169 27 is_stmt 0 view .LVU74
 386 0038 2A4B     		ldr	r3, .L34+4
 387 003a 9C68     		ldr	r4, [r3, #8]
 388              		.loc 1 169 20 view .LVU75
 389 003c 6423     		movs	r3, #100
 390 003e 31AA     		add	r2, sp, #196
 391 0040 2A49     		ldr	r1, .L34+12
 392 0042 0220     		movs	r0, #2
 393 0044 A047     		blx	r4
 394              	.LVL34:
 170:Algorithm/Control_Dep/controller.c ****         if (stor_err != Storage_Error_None)
 395              		.loc 1 170 9 is_stmt 1 view .LVU76
 396              		.loc 1 170 12 is_stmt 0 view .LVU77
 397 0046 0028     		cmp	r0, #0
 398 0048 48D1     		bne	.L30
 171:Algorithm/Control_Dep/controller.c ****             goto set_controller_para;
 172:Algorithm/Control_Dep/controller.c ****     }
 173:Algorithm/Control_Dep/controller.c ****     else
 174:Algorithm/Control_Dep/controller.c ****     {
 175:Algorithm/Control_Dep/controller.c ****         /* section found */
 176:Algorithm/Control_Dep/controller.c ****         stor_err = Storage.get(Para_User, ControllerMonitor.Att_SSO.item, (uint8_t *)&pid_param, AT
 177:Algorithm/Control_Dep/controller.c ****         if (stor_err != Storage_Error_None)
 178:Algorithm/Control_Dep/controller.c ****         {
 179:Algorithm/Control_Dep/controller.c ****             /* set parameter as default */
 180:Algorithm/Control_Dep/controller.c ****             pid_param = Att_CasecadePID_Controller.default_param();
 181:Algorithm/Control_Dep/controller.c ****             goto set_controller_para;
 182:Algorithm/Control_Dep/controller.c ****         }
 183:Algorithm/Control_Dep/controller.c ****     }
 184:Algorithm/Control_Dep/controller.c **** 
 185:Algorithm/Control_Dep/controller.c ****     state = true;
 399              		.loc 1 185 11 view .LVU78
 400 004a 0125     		movs	r5, #1
 401              	.LVL35:
 402              	.L26:
 186:Algorithm/Control_Dep/controller.c **** set_controller_para:
 187:Algorithm/Control_Dep/controller.c ****     return (Att_CasecadePID_Controller.set(pid_param) & state);
 403              		.loc 1 187 5 is_stmt 1 view .LVU79
 404              		.loc 1 187 39 is_stmt 0 view .LVU80
 405 004c 244B     		ldr	r3, .L34
 406 004e 1C68     		ldr	r4, [r3]
 407              		.loc 1 187 13 view .LVU81
 408 0050 5422     		movs	r2, #84
 409 0052 35A9     		add	r1, sp, #212
 410 0054 6846     		mov	r0, sp
 411 0056 FFF7FEFF 		bl	memcpy
 412              	.LVL36:
 413 005a 31AB     		add	r3, sp, #196
 414 005c 0FCB     		ldm	r3, {r0, r1, r2, r3}
ARM GAS  C:\Users\8bit\AppData\Local\Temp\cc1hImpv.s 			page 12


 415 005e A047     		blx	r4
 416              	.LVL37:
 188:Algorithm/Control_Dep/controller.c **** }
 417              		.loc 1 188 1 view .LVU82
 418 0060 2840     		ands	r0, r0, r5
 419 0062 4BB0     		add	sp, sp, #300
 420              	.LCFI13:
 421              		.cfi_remember_state
 422              		.cfi_def_cfa_offset 28
 423              		@ sp needed
 424 0064 BDE8F083 		pop	{r4, r5, r6, r7, r8, r9, pc}
 425              	.LVL38:
 426              	.L27:
 427              	.LCFI14:
 428              		.cfi_restore_state
 176:Algorithm/Control_Dep/controller.c ****         if (stor_err != Storage_Error_None)
 429              		.loc 1 176 9 is_stmt 1 view .LVU83
 176:Algorithm/Control_Dep/controller.c ****         if (stor_err != Storage_Error_None)
 430              		.loc 1 176 27 is_stmt 0 view .LVU84
 431 0068 1E4B     		ldr	r3, .L34+4
 432 006a 1E69     		ldr	r6, [r3, #16]
 176:Algorithm/Control_Dep/controller.c ****         if (stor_err != Storage_Error_None)
 433              		.loc 1 176 20 view .LVU85
 434 006c 1E4C     		ldr	r4, .L34+8
 435 006e 6422     		movs	r2, #100
 436 0070 0E92     		str	r2, [sp, #56]
 437 0072 31AA     		add	r2, sp, #196
 438 0074 0D92     		str	r2, [sp, #52]
 439 0076 D4F80590 		ldr	r9, [r4, #5]	@ unaligned
 440 007a D4F80980 		ldr	r8, [r4, #9]	@ unaligned
 441 007e D4F80D70 		ldr	r7, [r4, #13]	@ unaligned
 442 0082 04F1110C 		add	ip, r4, #17
 443 0086 6D46     		mov	r5, sp
 444 0088 4134     		adds	r4, r4, #65
 445              	.L28:
 446 008a AE46     		mov	lr, r5
 447 008c DCF80000 		ldr	r0, [ip]	@ unaligned
 448 0090 DCF80410 		ldr	r1, [ip, #4]	@ unaligned
 449 0094 DCF80820 		ldr	r2, [ip, #8]	@ unaligned
 450 0098 DCF80C30 		ldr	r3, [ip, #12]	@ unaligned
 451 009c AEE80F00 		stmia	lr!, {r0, r1, r2, r3}
 452 00a0 0CF1100C 		add	ip, ip, #16
 453 00a4 7546     		mov	r5, lr
 454 00a6 A445     		cmp	ip, r4
 455 00a8 EFD1     		bne	.L28
 456 00aa DCF80000 		ldr	r0, [ip]	@ unaligned
 457 00ae CEF80000 		str	r0, [lr]
 458 00b2 4946     		mov	r1, r9
 459 00b4 4246     		mov	r2, r8
 460 00b6 3B46     		mov	r3, r7
 461 00b8 0220     		movs	r0, #2
 462 00ba B047     		blx	r6
 463              	.LVL39:
 177:Algorithm/Control_Dep/controller.c ****         {
 464              		.loc 1 177 9 is_stmt 1 view .LVU86
 177:Algorithm/Control_Dep/controller.c ****         {
 465              		.loc 1 177 12 is_stmt 0 view .LVU87
ARM GAS  C:\Users\8bit\AppData\Local\Temp\cc1hImpv.s 			page 13


 466 00bc 08B9     		cbnz	r0, .L33
 185:Algorithm/Control_Dep/controller.c **** set_controller_para:
 467              		.loc 1 185 11 view .LVU88
 468 00be 0125     		movs	r5, #1
 469 00c0 C4E7     		b	.L26
 470              	.L33:
 180:Algorithm/Control_Dep/controller.c ****             goto set_controller_para;
 471              		.loc 1 180 13 is_stmt 1 view .LVU89
 180:Algorithm/Control_Dep/controller.c ****             goto set_controller_para;
 472              		.loc 1 180 51 is_stmt 0 view .LVU90
 473 00c2 074B     		ldr	r3, .L34
 474 00c4 9B68     		ldr	r3, [r3, #8]
 180:Algorithm/Control_Dep/controller.c ****             goto set_controller_para;
 475              		.loc 1 180 25 view .LVU91
 476 00c6 16A8     		add	r0, sp, #88
 477              	.LVL40:
 180:Algorithm/Control_Dep/controller.c ****             goto set_controller_para;
 478              		.loc 1 180 25 view .LVU92
 479 00c8 9847     		blx	r3
 480              	.LVL41:
 481 00ca 6422     		movs	r2, #100
 482 00cc 16A9     		add	r1, sp, #88
 483 00ce 31A8     		add	r0, sp, #196
 484 00d0 FFF7FEFF 		bl	memcpy
 485              	.LVL42:
 181:Algorithm/Control_Dep/controller.c ****         }
 486              		.loc 1 181 13 is_stmt 1 view .LVU93
 156:Algorithm/Control_Dep/controller.c **** 
 487              		.loc 1 156 10 is_stmt 0 view .LVU94
 488 00d4 0025     		movs	r5, #0
 181:Algorithm/Control_Dep/controller.c ****         }
 489              		.loc 1 181 13 view .LVU95
 490 00d6 B9E7     		b	.L26
 491              	.LVL43:
 492              	.L29:
 156:Algorithm/Control_Dep/controller.c **** 
 493              		.loc 1 156 10 view .LVU96
 494 00d8 0025     		movs	r5, #0
 495 00da B7E7     		b	.L26
 496              	.LVL44:
 497              	.L30:
 156:Algorithm/Control_Dep/controller.c **** 
 498              		.loc 1 156 10 view .LVU97
 499 00dc 0025     		movs	r5, #0
 500 00de B5E7     		b	.L26
 501              	.L35:
 502              		.align	2
 503              	.L34:
 504 00e0 00000000 		.word	Att_CasecadePID_Controller
 505 00e4 00000000 		.word	Storage
 506 00e8 00000000 		.word	.LANCHOR0
 507 00ec 00000000 		.word	.LC0
 508              		.cfi_endproc
 509              	.LFE154:
 511              		.section	.text.Controller_Alt_Init,"ax",%progbits
 512              		.align	1
 513              		.syntax unified
ARM GAS  C:\Users\8bit\AppData\Local\Temp\cc1hImpv.s 			page 14


 514              		.thumb
 515              		.thumb_func
 517              	Controller_Alt_Init:
 518              	.LVL45:
 519              	.LFB155:
 189:Algorithm/Control_Dep/controller.c **** 
 190:Algorithm/Control_Dep/controller.c **** static bool Controller_Alt_Init(ControlMode_List mode)
 191:Algorithm/Control_Dep/controller.c **** {
 520              		.loc 1 191 1 is_stmt 1 view -0
 521              		.cfi_startproc
 522              		@ args = 0, pretend = 0, frame = 0
 523              		@ frame_needed = 0, uses_anonymous_args = 0
 524              		@ link register save eliminated.
 192:Algorithm/Control_Dep/controller.c ****     return false;
 525              		.loc 1 192 5 view .LVU99
 193:Algorithm/Control_Dep/controller.c **** }
 526              		.loc 1 193 1 is_stmt 0 view .LVU100
 527 0000 0020     		movs	r0, #0
 528              	.LVL46:
 529              		.loc 1 193 1 view .LVU101
 530 0002 7047     		bx	lr
 531              		.cfi_endproc
 532              	.LFE155:
 534              		.section	.text.Controller_Att_Init,"ax",%progbits
 535              		.align	1
 536              		.syntax unified
 537              		.thumb
 538              		.thumb_func
 540              	Controller_Att_Init:
 541              	.LVL47:
 542              	.LFB150:
  84:Algorithm/Control_Dep/controller.c ****     memset(&ControllerMonitor.Att_SSO, 0, sizeof(Storage_ItemSearchOut_TypeDef));
 543              		.loc 1 84 1 is_stmt 1 view -0
 544              		.cfi_startproc
 545              		@ args = 0, pretend = 0, frame = 0
 546              		@ frame_needed = 0, uses_anonymous_args = 0
  84:Algorithm/Control_Dep/controller.c ****     memset(&ControllerMonitor.Att_SSO, 0, sizeof(Storage_ItemSearchOut_TypeDef));
 547              		.loc 1 84 1 is_stmt 0 view .LVU103
 548 0000 10B5     		push	{r4, lr}
 549              	.LCFI15:
 550              		.cfi_def_cfa_offset 8
 551              		.cfi_offset 4, -8
 552              		.cfi_offset 14, -4
 553 0002 0446     		mov	r4, r0
  85:Algorithm/Control_Dep/controller.c **** 
 554              		.loc 1 85 5 is_stmt 1 view .LVU104
 555 0004 4522     		movs	r2, #69
 556 0006 0021     		movs	r1, #0
 557 0008 0448     		ldr	r0, .L42
 558              	.LVL48:
  85:Algorithm/Control_Dep/controller.c **** 
 559              		.loc 1 85 5 is_stmt 0 view .LVU105
 560 000a FFF7FEFF 		bl	memset
 561              	.LVL49:
  87:Algorithm/Control_Dep/controller.c ****     {
 562              		.loc 1 87 5 is_stmt 1 view .LVU106
 563 000e 0CB1     		cbz	r4, .L41
ARM GAS  C:\Users\8bit\AppData\Local\Temp\cc1hImpv.s 			page 15


  90:Algorithm/Control_Dep/controller.c ****     }
 564              		.loc 1 90 25 is_stmt 0 view .LVU107
 565 0010 0020     		movs	r0, #0
 566              	.L38:
  94:Algorithm/Control_Dep/controller.c **** 
 567              		.loc 1 94 1 view .LVU108
 568 0012 10BD     		pop	{r4, pc}
 569              	.L41:
  89:Algorithm/Control_Dep/controller.c ****         default: return false;
 570              		.loc 1 89 24 is_stmt 1 view .LVU109
  89:Algorithm/Control_Dep/controller.c ****         default: return false;
 571              		.loc 1 89 31 is_stmt 0 view .LVU110
 572 0014 FFF7FEFF 		bl	Controller_PID_AttControl_ParamLoad
 573              	.LVL50:
 574 0018 FBE7     		b	.L38
 575              	.L43:
 576 001a 00BF     		.align	2
 577              	.L42:
 578 001c 00000000 		.word	.LANCHOR0
 579              		.cfi_endproc
 580              	.LFE150:
 582              		.global	__aeabi_f2d
 583              		.section	.rodata.Controller_Show_PID_Param.str1.4,"aMS",%progbits,1
 584              		.align	2
 585              	.LC1:
 586 0000 09503A20 		.ascii	"\011P: %f\015\012\000"
 586      25660D0A 
 586      00
 587 0009 000000   		.align	2
 588              	.LC2:
 589 000c 09493A20 		.ascii	"\011I: %f\015\012\000"
 589      25660D0A 
 589      00
 590 0015 000000   		.align	2
 591              	.LC3:
 592 0018 09443A20 		.ascii	"\011D: %f\015\012\000"
 592      25660D0A 
 592      00
 593              		.section	.text.Controller_Show_PID_Param,"ax",%progbits
 594              		.align	1
 595              		.syntax unified
 596              		.thumb
 597              		.thumb_func
 599              	Controller_Show_PID_Param:
 600              	.LVL51:
 601              	.LFB156:
 194:Algorithm/Control_Dep/controller.c **** 
 195:Algorithm/Control_Dep/controller.c **** /****************************************************************** CLI section *******************
 196:Algorithm/Control_Dep/controller.c **** static void Controller_Show_PID_Param(Shell *obj, PID_Param_TypeDef param)
 197:Algorithm/Control_Dep/controller.c **** {
 602              		.loc 1 197 1 is_stmt 1 view -0
 603              		.cfi_startproc
 604              		@ args = 24, pretend = 16, frame = 0
 605              		@ frame_needed = 0, uses_anonymous_args = 0
 606              		.loc 1 197 1 is_stmt 0 view .LVU112
 607 0000 84B0     		sub	sp, sp, #16
 608              	.LCFI16:
ARM GAS  C:\Users\8bit\AppData\Local\Temp\cc1hImpv.s 			page 16


 609              		.cfi_def_cfa_offset 16
 610 0002 10B5     		push	{r4, lr}
 611              	.LCFI17:
 612              		.cfi_def_cfa_offset 24
 613              		.cfi_offset 4, -24
 614              		.cfi_offset 14, -20
 615 0004 0DF10C0C 		add	ip, sp, #12
 616 0008 8CE80E00 		stm	ip, {r1, r2, r3}
 198:Algorithm/Control_Dep/controller.c ****     if (obj == NULL)
 617              		.loc 1 198 5 is_stmt 1 view .LVU113
 618              		.loc 1 198 8 is_stmt 0 view .LVU114
 619 000c D8B1     		cbz	r0, .L44
 620 000e 0446     		mov	r4, r0
 199:Algorithm/Control_Dep/controller.c ****         return;
 200:Algorithm/Control_Dep/controller.c **** 
 201:Algorithm/Control_Dep/controller.c ****     shellPrint(obj, "\tP: %f\r\n", param.gP);
 621              		.loc 1 201 5 is_stmt 1 view .LVU115
 622 0010 0398     		ldr	r0, [sp, #12]	@ float
 623              	.LVL52:
 624              		.loc 1 201 5 is_stmt 0 view .LVU116
 625 0012 FFF7FEFF 		bl	__aeabi_f2d
 626              	.LVL53:
 627 0016 0246     		mov	r2, r0
 628 0018 0B46     		mov	r3, r1
 629 001a 0D49     		ldr	r1, .L47
 630 001c 2046     		mov	r0, r4
 631 001e FFF7FEFF 		bl	shellPrint
 632              	.LVL54:
 202:Algorithm/Control_Dep/controller.c ****     shellPrint(obj, "\tI: %f\r\n", param.gI);
 633              		.loc 1 202 5 is_stmt 1 view .LVU117
 634 0022 0498     		ldr	r0, [sp, #16]	@ float
 635 0024 FFF7FEFF 		bl	__aeabi_f2d
 636              	.LVL55:
 637 0028 0246     		mov	r2, r0
 638 002a 0B46     		mov	r3, r1
 639 002c 0949     		ldr	r1, .L47+4
 640 002e 2046     		mov	r0, r4
 641 0030 FFF7FEFF 		bl	shellPrint
 642              	.LVL56:
 203:Algorithm/Control_Dep/controller.c ****     shellPrint(obj, "\tD: %f\r\n", param.gD);
 643              		.loc 1 203 5 view .LVU118
 644 0034 0798     		ldr	r0, [sp, #28]	@ float
 645 0036 FFF7FEFF 		bl	__aeabi_f2d
 646              	.LVL57:
 647 003a 0246     		mov	r2, r0
 648 003c 0B46     		mov	r3, r1
 649 003e 0649     		ldr	r1, .L47+8
 650 0040 2046     		mov	r0, r4
 651 0042 FFF7FEFF 		bl	shellPrint
 652              	.LVL58:
 653              	.L44:
 204:Algorithm/Control_Dep/controller.c **** }
 654              		.loc 1 204 1 is_stmt 0 view .LVU119
 655 0046 BDE81040 		pop	{r4, lr}
 656              	.LCFI18:
 657              		.cfi_restore 14
 658              		.cfi_restore 4
ARM GAS  C:\Users\8bit\AppData\Local\Temp\cc1hImpv.s 			page 17


 659              		.cfi_def_cfa_offset 16
 660 004a 04B0     		add	sp, sp, #16
 661              	.LCFI19:
 662              		.cfi_def_cfa_offset 0
 663 004c 7047     		bx	lr
 664              	.L48:
 665 004e 00BF     		.align	2
 666              	.L47:
 667 0050 00000000 		.word	.LC1
 668 0054 0C000000 		.word	.LC2
 669 0058 18000000 		.word	.LC3
 670              		.cfi_endproc
 671              	.LFE156:
 673              		.section	.rodata.Controller_Show_AttPID_Param.str1.4,"aMS",%progbits,1
 674              		.align	2
 675              	.LC4:
 676 0000 5B202D2D 		.ascii	"[ ---- Pitch Parameter ---- ]\015\012\000"
 676      2D2D2050 
 676      69746368 
 676      20506172 
 676      616D6574 
 677              		.align	2
 678              	.LC5:
 679 0020 5B202D2D 		.ascii	"[ ---- Roll Parameter ---- ]\015\012\000"
 679      2D2D2052 
 679      6F6C6C20 
 679      50617261 
 679      6D657465 
 680 003f 00       		.align	2
 681              	.LC6:
 682 0040 5B202D2D 		.ascii	"[ ---- GyroX Parameter ---- ]\015\012\000"
 682      2D2D2047 
 682      79726F58 
 682      20506172 
 682      616D6574 
 683              		.align	2
 684              	.LC7:
 685 0060 5B202D2D 		.ascii	"[ ---- GyroY Parameter ---- ]\015\012\000"
 685      2D2D2047 
 685      79726F59 
 685      20506172 
 685      616D6574 
 686              		.align	2
 687              	.LC8:
 688 0080 5B202D2D 		.ascii	"[ ---- GyroZ Parameter ---- ]\015\012\000"
 688      2D2D2047 
 688      79726F5A 
 688      20506172 
 688      616D6574 
 689              		.section	.text.Controller_Show_AttPID_Param,"ax",%progbits
 690              		.align	1
 691              		.syntax unified
 692              		.thumb
 693              		.thumb_func
 695              	Controller_Show_AttPID_Param:
 696              	.LVL59:
 697              	.LFB157:
ARM GAS  C:\Users\8bit\AppData\Local\Temp\cc1hImpv.s 			page 18


 205:Algorithm/Control_Dep/controller.c **** 
 206:Algorithm/Control_Dep/controller.c **** static void Controller_Show_AttPID_Param(Shell *obj, AttCaseCadePID_Param_TypeDef param)
 207:Algorithm/Control_Dep/controller.c **** {
 698              		.loc 1 207 1 is_stmt 1 view -0
 699              		.cfi_startproc
 700              		@ args = 104, pretend = 16, frame = 0
 701              		@ frame_needed = 0, uses_anonymous_args = 0
 702              		.loc 1 207 1 is_stmt 0 view .LVU121
 703 0000 84B0     		sub	sp, sp, #16
 704              	.LCFI20:
 705              		.cfi_def_cfa_offset 16
 706 0002 10B5     		push	{r4, lr}
 707              	.LCFI21:
 708              		.cfi_def_cfa_offset 24
 709              		.cfi_offset 4, -24
 710              		.cfi_offset 14, -20
 711 0004 82B0     		sub	sp, sp, #8
 712              	.LCFI22:
 713              		.cfi_def_cfa_offset 32
 714 0006 05AC     		add	r4, sp, #20
 715 0008 84E80E00 		stm	r4, {r1, r2, r3}
 208:Algorithm/Control_Dep/controller.c ****     if (obj == NULL)
 716              		.loc 1 208 5 is_stmt 1 view .LVU122
 717              		.loc 1 208 8 is_stmt 0 view .LVU123
 718 000c 0028     		cmp	r0, #0
 719 000e 45D0     		beq	.L49
 720 0010 0446     		mov	r4, r0
 209:Algorithm/Control_Dep/controller.c ****         return;
 210:Algorithm/Control_Dep/controller.c **** 
 211:Algorithm/Control_Dep/controller.c ****     shellPrint(obj, "[ ---- Pitch Parameter ---- ]\r\n");
 721              		.loc 1 211 5 is_stmt 1 view .LVU124
 722 0012 2549     		ldr	r1, .L52
 723 0014 FFF7FEFF 		bl	shellPrint
 724              	.LVL60:
 212:Algorithm/Control_Dep/controller.c ****     Controller_Show_PID_Param(obj, param.Pitch_Para);
 725              		.loc 1 212 5 view .LVU125
 726 0018 08AB     		add	r3, sp, #32
 727 001a 93E80300 		ldm	r3, {r0, r1}
 728 001e 8DE80300 		stm	sp, {r0, r1}
 729 0022 05AB     		add	r3, sp, #20
 730 0024 0ECB     		ldm	r3, {r1, r2, r3}
 731 0026 2046     		mov	r0, r4
 732 0028 FFF7FEFF 		bl	Controller_Show_PID_Param
 733              	.LVL61:
 213:Algorithm/Control_Dep/controller.c **** 
 214:Algorithm/Control_Dep/controller.c ****     shellPrint(obj, "[ ---- Roll Parameter ---- ]\r\n");
 734              		.loc 1 214 5 view .LVU126
 735 002c 1F49     		ldr	r1, .L52+4
 736 002e 2046     		mov	r0, r4
 737 0030 FFF7FEFF 		bl	shellPrint
 738              	.LVL62:
 215:Algorithm/Control_Dep/controller.c ****     Controller_Show_PID_Param(obj, param.Roll_Para);
 739              		.loc 1 215 5 view .LVU127
 740 0034 0DAB     		add	r3, sp, #52
 741 0036 93E80300 		ldm	r3, {r0, r1}
 742 003a 8DE80300 		stm	sp, {r0, r1}
 743 003e 0AAB     		add	r3, sp, #40
ARM GAS  C:\Users\8bit\AppData\Local\Temp\cc1hImpv.s 			page 19


 744 0040 0ECB     		ldm	r3, {r1, r2, r3}
 745 0042 2046     		mov	r0, r4
 746 0044 FFF7FEFF 		bl	Controller_Show_PID_Param
 747              	.LVL63:
 216:Algorithm/Control_Dep/controller.c **** 
 217:Algorithm/Control_Dep/controller.c ****     shellPrint(obj, "[ ---- GyroX Parameter ---- ]\r\n");
 748              		.loc 1 217 5 view .LVU128
 749 0048 1949     		ldr	r1, .L52+8
 750 004a 2046     		mov	r0, r4
 751 004c FFF7FEFF 		bl	shellPrint
 752              	.LVL64:
 218:Algorithm/Control_Dep/controller.c ****     Controller_Show_PID_Param(obj, param.GyroX_Para);
 753              		.loc 1 218 5 view .LVU129
 754 0050 12AB     		add	r3, sp, #72
 755 0052 93E80300 		ldm	r3, {r0, r1}
 756 0056 8DE80300 		stm	sp, {r0, r1}
 757 005a 0FAB     		add	r3, sp, #60
 758 005c 0ECB     		ldm	r3, {r1, r2, r3}
 759 005e 2046     		mov	r0, r4
 760 0060 FFF7FEFF 		bl	Controller_Show_PID_Param
 761              	.LVL65:
 219:Algorithm/Control_Dep/controller.c **** 
 220:Algorithm/Control_Dep/controller.c ****     shellPrint(obj, "[ ---- GyroY Parameter ---- ]\r\n");
 762              		.loc 1 220 5 view .LVU130
 763 0064 1349     		ldr	r1, .L52+12
 764 0066 2046     		mov	r0, r4
 765 0068 FFF7FEFF 		bl	shellPrint
 766              	.LVL66:
 221:Algorithm/Control_Dep/controller.c ****     Controller_Show_PID_Param(obj, param.GyroY_Para);
 767              		.loc 1 221 5 view .LVU131
 768 006c 17AB     		add	r3, sp, #92
 769 006e 93E80300 		ldm	r3, {r0, r1}
 770 0072 8DE80300 		stm	sp, {r0, r1}
 771 0076 14AB     		add	r3, sp, #80
 772 0078 0ECB     		ldm	r3, {r1, r2, r3}
 773 007a 2046     		mov	r0, r4
 774 007c FFF7FEFF 		bl	Controller_Show_PID_Param
 775              	.LVL67:
 222:Algorithm/Control_Dep/controller.c **** 
 223:Algorithm/Control_Dep/controller.c ****     shellPrint(obj, "[ ---- GyroZ Parameter ---- ]\r\n");
 776              		.loc 1 223 5 view .LVU132
 777 0080 0D49     		ldr	r1, .L52+16
 778 0082 2046     		mov	r0, r4
 779 0084 FFF7FEFF 		bl	shellPrint
 780              	.LVL68:
 224:Algorithm/Control_Dep/controller.c ****     Controller_Show_PID_Param(obj, param.GyroZ_Para);
 781              		.loc 1 224 5 view .LVU133
 782 0088 1CAB     		add	r3, sp, #112
 783 008a 93E80300 		ldm	r3, {r0, r1}
 784 008e 8DE80300 		stm	sp, {r0, r1}
 785 0092 19AB     		add	r3, sp, #100
 786 0094 0ECB     		ldm	r3, {r1, r2, r3}
 787 0096 2046     		mov	r0, r4
 788 0098 FFF7FEFF 		bl	Controller_Show_PID_Param
 789              	.LVL69:
 790              	.L49:
 225:Algorithm/Control_Dep/controller.c **** }
ARM GAS  C:\Users\8bit\AppData\Local\Temp\cc1hImpv.s 			page 20


 791              		.loc 1 225 1 is_stmt 0 view .LVU134
 792 009c 02B0     		add	sp, sp, #8
 793              	.LCFI23:
 794              		.cfi_def_cfa_offset 24
 795              		@ sp needed
 796 009e BDE81040 		pop	{r4, lr}
 797              	.LCFI24:
 798              		.cfi_restore 14
 799              		.cfi_restore 4
 800              		.cfi_def_cfa_offset 16
 801 00a2 04B0     		add	sp, sp, #16
 802              	.LCFI25:
 803              		.cfi_def_cfa_offset 0
 804 00a4 7047     		bx	lr
 805              	.L53:
 806 00a6 00BF     		.align	2
 807              	.L52:
 808 00a8 00000000 		.word	.LC4
 809 00ac 20000000 		.word	.LC5
 810 00b0 40000000 		.word	.LC6
 811 00b4 60000000 		.word	.LC7
 812 00b8 80000000 		.word	.LC8
 813              		.cfi_endproc
 814              	.LFE157:
 816              		.section	.rodata.Controller_Show_InusePID.str1.4,"aMS",%progbits,1
 817              		.align	2
 818              	.LC9:
 819 0000 5B202D2D 		.ascii	"[ ---- inuse parameter ---- ]\015\012\000"
 819      2D2D2069 
 819      6E757365 
 819      20706172 
 819      616D6574 
 820              		.section	.text.Controller_Show_InusePID,"ax",%progbits
 821              		.align	1
 822              		.syntax unified
 823              		.thumb
 824              		.thumb_func
 826              	Controller_Show_InusePID:
 827              	.LFB158:
 226:Algorithm/Control_Dep/controller.c **** 
 227:Algorithm/Control_Dep/controller.c **** static void Controller_Show_InusePID(void)
 228:Algorithm/Control_Dep/controller.c **** {
 828              		.loc 1 228 1 is_stmt 1 view -0
 829              		.cfi_startproc
 830              		@ args = 0, pretend = 0, frame = 208
 831              		@ frame_needed = 0, uses_anonymous_args = 0
 832 0000 70B5     		push	{r4, r5, r6, lr}
 833              	.LCFI26:
 834              		.cfi_def_cfa_offset 16
 835              		.cfi_offset 4, -16
 836              		.cfi_offset 5, -12
 837              		.cfi_offset 6, -8
 838              		.cfi_offset 14, -4
 839 0002 CAB0     		sub	sp, sp, #296
 840              	.LCFI27:
 841              		.cfi_def_cfa_offset 312
 229:Algorithm/Control_Dep/controller.c ****     AttCaseCadePID_Param_TypeDef inuse;
ARM GAS  C:\Users\8bit\AppData\Local\Temp\cc1hImpv.s 			page 21


 842              		.loc 1 229 5 view .LVU136
 230:Algorithm/Control_Dep/controller.c ****     Shell *shell_obj = Shell_GetInstence();
 843              		.loc 1 230 5 view .LVU137
 844              		.loc 1 230 24 is_stmt 0 view .LVU138
 845 0004 FFF7FEFF 		bl	Shell_GetInstence
 846              	.LVL70:
 231:Algorithm/Control_Dep/controller.c **** 
 232:Algorithm/Control_Dep/controller.c ****     if (shell_obj == NULL)
 847              		.loc 1 232 5 is_stmt 1 view .LVU139
 848              		.loc 1 232 8 is_stmt 0 view .LVU140
 849 0008 F0B1     		cbz	r0, .L54
 850 000a 0546     		mov	r5, r0
 233:Algorithm/Control_Dep/controller.c ****         return;
 234:Algorithm/Control_Dep/controller.c **** 
 235:Algorithm/Control_Dep/controller.c ****     /* display inuse parameter */
 236:Algorithm/Control_Dep/controller.c ****     memset(&inuse, 0, sizeof(AttCaseCadePID_Param_TypeDef));
 851              		.loc 1 236 5 is_stmt 1 view .LVU141
 852 000c 31AC     		add	r4, sp, #196
 853 000e 6426     		movs	r6, #100
 854 0010 3246     		mov	r2, r6
 855 0012 0021     		movs	r1, #0
 856 0014 2046     		mov	r0, r4
 857              	.LVL71:
 858              		.loc 1 236 5 is_stmt 0 view .LVU142
 859 0016 FFF7FEFF 		bl	memset
 860              	.LVL72:
 237:Algorithm/Control_Dep/controller.c ****     shellPrint(shell_obj, "[ ---- inuse parameter ---- ]\r\n");
 861              		.loc 1 237 5 is_stmt 1 view .LVU143
 862 001a 0C49     		ldr	r1, .L58
 863 001c 2846     		mov	r0, r5
 864 001e FFF7FEFF 		bl	shellPrint
 865              	.LVL73:
 238:Algorithm/Control_Dep/controller.c ****     inuse = Att_CasecadePID_Controller.cur_param();
 866              		.loc 1 238 5 view .LVU144
 867              		.loc 1 238 39 is_stmt 0 view .LVU145
 868 0022 0B4B     		ldr	r3, .L58+4
 869 0024 5B68     		ldr	r3, [r3, #4]
 870              		.loc 1 238 13 view .LVU146
 871 0026 16A8     		add	r0, sp, #88
 872 0028 9847     		blx	r3
 873              	.LVL74:
 874 002a 3246     		mov	r2, r6
 875 002c 16A9     		add	r1, sp, #88
 876 002e 2046     		mov	r0, r4
 877 0030 FFF7FEFF 		bl	memcpy
 878              	.LVL75:
 239:Algorithm/Control_Dep/controller.c ****     Controller_Show_AttPID_Param(shell_obj, inuse);
 879              		.loc 1 239 5 is_stmt 1 view .LVU147
 880 0034 5822     		movs	r2, #88
 881 0036 34A9     		add	r1, sp, #208
 882 0038 6846     		mov	r0, sp
 883 003a FFF7FEFF 		bl	memcpy
 884              	.LVL76:
 885 003e 94E80E00 		ldm	r4, {r1, r2, r3}
 886 0042 2846     		mov	r0, r5
 887 0044 FFF7FEFF 		bl	Controller_Show_AttPID_Param
 888              	.LVL77:
ARM GAS  C:\Users\8bit\AppData\Local\Temp\cc1hImpv.s 			page 22


 889              	.L54:
 240:Algorithm/Control_Dep/controller.c **** }
 890              		.loc 1 240 1 is_stmt 0 view .LVU148
 891 0048 4AB0     		add	sp, sp, #296
 892              	.LCFI28:
 893              		.cfi_def_cfa_offset 16
 894              		@ sp needed
 895 004a 70BD     		pop	{r4, r5, r6, pc}
 896              	.L59:
 897              		.align	2
 898              	.L58:
 899 004c 00000000 		.word	.LC9
 900 0050 00000000 		.word	Att_CasecadePID_Controller
 901              		.cfi_endproc
 902              	.LFE158:
 904              		.section	.rodata.Controller_Show_StoredPID.str1.4,"aMS",%progbits,1
 905              		.align	2
 906              	.LC10:
 907 0000 5B202D2D 		.ascii	"[ ---- storaged parameter ---- ]\015\012\000"
 907      2D2D2073 
 907      746F7261 
 907      67656420 
 907      70617261 
 908 0023 00       		.align	2
 909              	.LC11:
 910 0024 5B202D2D 		.ascii	"[ ---- read storage error ---- ]\015\012\000"
 910      2D2D2072 
 910      65616420 
 910      73746F72 
 910      61676520 
 911              		.section	.text.Controller_Show_StoredPID,"ax",%progbits
 912              		.align	1
 913              		.syntax unified
 914              		.thumb
 915              		.thumb_func
 917              	Controller_Show_StoredPID:
 918              	.LFB159:
 241:Algorithm/Control_Dep/controller.c **** SHELL_EXPORT_CMD(SHELL_CMD_PERMISSION(0) | SHELL_CMD_TYPE(SHELL_TYPE_CMD_FUNC) | SHELL_CMD_DISABLE_
 242:Algorithm/Control_Dep/controller.c **** 
 243:Algorithm/Control_Dep/controller.c **** static void Controller_Show_StoredPID(void)
 244:Algorithm/Control_Dep/controller.c **** {
 919              		.loc 1 244 1 is_stmt 1 view -0
 920              		.cfi_startproc
 921              		@ args = 0, pretend = 0, frame = 104
 922              		@ frame_needed = 0, uses_anonymous_args = 0
 923 0000 2DE9F047 		push	{r4, r5, r6, r7, r8, r9, r10, lr}
 924              	.LCFI29:
 925              		.cfi_def_cfa_offset 32
 926              		.cfi_offset 4, -32
 927              		.cfi_offset 5, -28
 928              		.cfi_offset 6, -24
 929              		.cfi_offset 7, -20
 930              		.cfi_offset 8, -16
 931              		.cfi_offset 9, -12
 932              		.cfi_offset 10, -8
 933              		.cfi_offset 14, -4
 934 0004 B0B0     		sub	sp, sp, #192
ARM GAS  C:\Users\8bit\AppData\Local\Temp\cc1hImpv.s 			page 23


 935              	.LCFI30:
 936              		.cfi_def_cfa_offset 224
 245:Algorithm/Control_Dep/controller.c ****     AttCaseCadePID_Param_TypeDef stored;
 937              		.loc 1 245 5 view .LVU150
 246:Algorithm/Control_Dep/controller.c ****     Shell *shell_obj = Shell_GetInstence();
 938              		.loc 1 246 5 view .LVU151
 939              		.loc 1 246 24 is_stmt 0 view .LVU152
 940 0006 FFF7FEFF 		bl	Shell_GetInstence
 941              	.LVL78:
 247:Algorithm/Control_Dep/controller.c **** 
 248:Algorithm/Control_Dep/controller.c ****     if (shell_obj == NULL)
 942              		.loc 1 248 5 is_stmt 1 view .LVU153
 943              		.loc 1 248 8 is_stmt 0 view .LVU154
 944 000a 0028     		cmp	r0, #0
 945 000c 44D0     		beq	.L60
 946 000e 0646     		mov	r6, r0
 249:Algorithm/Control_Dep/controller.c ****         return;
 250:Algorithm/Control_Dep/controller.c **** 
 251:Algorithm/Control_Dep/controller.c ****     memset(&stored, 0, sizeof(AttCaseCadePID_Param_TypeDef));
 947              		.loc 1 251 5 is_stmt 1 view .LVU155
 948 0010 17AC     		add	r4, sp, #92
 949 0012 6425     		movs	r5, #100
 950 0014 2A46     		mov	r2, r5
 951 0016 0021     		movs	r1, #0
 952 0018 2046     		mov	r0, r4
 953              	.LVL79:
 954              		.loc 1 251 5 is_stmt 0 view .LVU156
 955 001a FFF7FEFF 		bl	memset
 956              	.LVL80:
 252:Algorithm/Control_Dep/controller.c **** 
 253:Algorithm/Control_Dep/controller.c ****     /* display storaged paramter */
 254:Algorithm/Control_Dep/controller.c ****     memset(&stored, 0, sizeof(AttCaseCadePID_Param_TypeDef));
 957              		.loc 1 254 5 is_stmt 1 view .LVU157
 958 001e 2A46     		mov	r2, r5
 959 0020 0021     		movs	r1, #0
 960 0022 2046     		mov	r0, r4
 961 0024 FFF7FEFF 		bl	memset
 962              	.LVL81:
 255:Algorithm/Control_Dep/controller.c ****     shellPrint(shell_obj, "[ ---- storaged parameter ---- ]\r\n");
 963              		.loc 1 255 5 view .LVU158
 964 0028 1F49     		ldr	r1, .L67
 965 002a 3046     		mov	r0, r6
 966 002c FFF7FEFF 		bl	shellPrint
 967              	.LVL82:
 256:Algorithm/Control_Dep/controller.c ****     if (Storage.get(Para_User, ControllerMonitor.Att_SSO.item, (uint8_t *)&stored, sizeof(AttCaseCa
 968              		.loc 1 256 5 view .LVU159
 969              		.loc 1 256 16 is_stmt 0 view .LVU160
 970 0030 1E4B     		ldr	r3, .L67+4
 971 0032 1F69     		ldr	r7, [r3, #16]
 972              		.loc 1 256 9 view .LVU161
 973 0034 1E4B     		ldr	r3, .L67+8
 974 0036 0E95     		str	r5, [sp, #56]
 975 0038 0D94     		str	r4, [sp, #52]
 976 003a D3F805A0 		ldr	r10, [r3, #5]	@ unaligned
 977 003e D3F80990 		ldr	r9, [r3, #9]	@ unaligned
 978 0042 D3F80D80 		ldr	r8, [r3, #13]	@ unaligned
 979 0046 03F1110C 		add	ip, r3, #17
ARM GAS  C:\Users\8bit\AppData\Local\Temp\cc1hImpv.s 			page 24


 980 004a 6D46     		mov	r5, sp
 981 004c 03F14104 		add	r4, r3, #65
 982              	.L62:
 983 0050 AE46     		mov	lr, r5
 984 0052 DCF80000 		ldr	r0, [ip]	@ unaligned
 985 0056 DCF80410 		ldr	r1, [ip, #4]	@ unaligned
 986 005a DCF80820 		ldr	r2, [ip, #8]	@ unaligned
 987 005e DCF80C30 		ldr	r3, [ip, #12]	@ unaligned
 988 0062 AEE80F00 		stmia	lr!, {r0, r1, r2, r3}
 989 0066 0CF1100C 		add	ip, ip, #16
 990 006a 7546     		mov	r5, lr
 991 006c A445     		cmp	ip, r4
 992 006e EFD1     		bne	.L62
 993 0070 DCF80000 		ldr	r0, [ip]	@ unaligned
 994 0074 CEF80000 		str	r0, [lr]
 995 0078 5146     		mov	r1, r10
 996 007a 4A46     		mov	r2, r9
 997 007c 4346     		mov	r3, r8
 998 007e 0220     		movs	r0, #2
 999 0080 B847     		blx	r7
 1000              	.LVL83:
 1001              		.loc 1 256 8 view .LVU162
 1002 0082 60B9     		cbnz	r0, .L66
 257:Algorithm/Control_Dep/controller.c ****     {
 258:Algorithm/Control_Dep/controller.c ****         shellPrint(shell_obj, "[ ---- read storage error ---- ]\r\n");
 259:Algorithm/Control_Dep/controller.c ****         return;
 260:Algorithm/Control_Dep/controller.c ****     }
 261:Algorithm/Control_Dep/controller.c ****     Controller_Show_AttPID_Param(shell_obj, stored);
 1003              		.loc 1 261 5 is_stmt 1 view .LVU163
 1004 0084 5822     		movs	r2, #88
 1005 0086 1AA9     		add	r1, sp, #104
 1006 0088 6846     		mov	r0, sp
 1007 008a FFF7FEFF 		bl	memcpy
 1008              	.LVL84:
 1009 008e 17AB     		add	r3, sp, #92
 1010 0090 0ECB     		ldm	r3, {r1, r2, r3}
 1011 0092 3046     		mov	r0, r6
 1012 0094 FFF7FEFF 		bl	Controller_Show_AttPID_Param
 1013              	.LVL85:
 1014              	.L60:
 262:Algorithm/Control_Dep/controller.c **** }
 1015              		.loc 1 262 1 is_stmt 0 view .LVU164
 1016 0098 30B0     		add	sp, sp, #192
 1017              	.LCFI31:
 1018              		.cfi_remember_state
 1019              		.cfi_def_cfa_offset 32
 1020              		@ sp needed
 1021 009a BDE8F087 		pop	{r4, r5, r6, r7, r8, r9, r10, pc}
 1022              	.LVL86:
 1023              	.L66:
 1024              	.LCFI32:
 1025              		.cfi_restore_state
 258:Algorithm/Control_Dep/controller.c ****         return;
 1026              		.loc 1 258 9 is_stmt 1 view .LVU165
 1027 009e 0549     		ldr	r1, .L67+12
 1028 00a0 3046     		mov	r0, r6
 1029 00a2 FFF7FEFF 		bl	shellPrint
ARM GAS  C:\Users\8bit\AppData\Local\Temp\cc1hImpv.s 			page 25


 1030              	.LVL87:
 259:Algorithm/Control_Dep/controller.c ****     }
 1031              		.loc 1 259 9 view .LVU166
 1032 00a6 F7E7     		b	.L60
 1033              	.L68:
 1034              		.align	2
 1035              	.L67:
 1036 00a8 00000000 		.word	.LC10
 1037 00ac 00000000 		.word	Storage
 1038 00b0 00000000 		.word	.LANCHOR0
 1039 00b4 24000000 		.word	.LC11
 1040              		.cfi_endproc
 1041              	.LFE159:
 1043              		.global	__aeabi_d2f
 1044              		.section	.rodata.Controller_ConvertToFloat.str1.4,"aMS",%progbits,1
 1045              		.align	2
 1046              	.LC12:
 1047 0000 30313233 		.ascii	"0123456789.\000"
 1047      34353637 
 1047      38392E00 
 1048              		.section	.text.Controller_ConvertToFloat,"ax",%progbits
 1049              		.align	1
 1050              		.syntax unified
 1051              		.thumb
 1052              		.thumb_func
 1054              	Controller_ConvertToFloat:
 1055              	.LVL88:
 1056              	.LFB160:
 263:Algorithm/Control_Dep/controller.c **** SHELL_EXPORT_CMD(SHELL_CMD_PERMISSION(0) | SHELL_CMD_TYPE(SHELL_TYPE_CMD_FUNC) | SHELL_CMD_DISABLE_
 264:Algorithm/Control_Dep/controller.c **** 
 265:Algorithm/Control_Dep/controller.c **** static float Controller_ConvertToFloat(const char* in)
 266:Algorithm/Control_Dep/controller.c **** {
 1057              		.loc 1 266 1 view -0
 1058              		.cfi_startproc
 1059              		@ args = 0, pretend = 0, frame = 16
 1060              		@ frame_needed = 0, uses_anonymous_args = 0
 1061              		.loc 1 266 1 is_stmt 0 view .LVU168
 1062 0000 2DE9F043 		push	{r4, r5, r6, r7, r8, r9, lr}
 1063              	.LCFI33:
 1064              		.cfi_def_cfa_offset 28
 1065              		.cfi_offset 4, -28
 1066              		.cfi_offset 5, -24
 1067              		.cfi_offset 6, -20
 1068              		.cfi_offset 7, -16
 1069              		.cfi_offset 8, -12
 1070              		.cfi_offset 9, -8
 1071              		.cfi_offset 14, -4
 1072 0004 85B0     		sub	sp, sp, #20
 1073              	.LCFI34:
 1074              		.cfi_def_cfa_offset 48
 1075 0006 0446     		mov	r4, r0
 267:Algorithm/Control_Dep/controller.c ****     uint8_t point_num = 0;
 1076              		.loc 1 267 5 is_stmt 1 view .LVU169
 1077              	.LVL89:
 268:Algorithm/Control_Dep/controller.c ****     bool match = false;
 1078              		.loc 1 268 5 view .LVU170
 269:Algorithm/Control_Dep/controller.c ****     const char character[] = {'0', '1', '2', '3', '4', '5', '6', '7', '8', '9', '.', '\0'};
ARM GAS  C:\Users\8bit\AppData\Local\Temp\cc1hImpv.s 			page 26


 1079              		.loc 1 269 5 view .LVU171
 1080              		.loc 1 269 16 is_stmt 0 view .LVU172
 1081 0008 404B     		ldr	r3, .L95
 1082 000a 93E80700 		ldm	r3, {r0, r1, r2}
 1083              	.LVL90:
 1084              		.loc 1 269 16 view .LVU173
 1085 000e 04AB     		add	r3, sp, #16
 1086 0010 03E90700 		stmdb	r3, {r0, r1, r2}
 270:Algorithm/Control_Dep/controller.c **** 
 271:Algorithm/Control_Dep/controller.c ****     if ((in == NULL) || (strlen(in) >= 5))
 1087              		.loc 1 271 5 is_stmt 1 view .LVU174
 1088              		.loc 1 271 8 is_stmt 0 view .LVU175
 1089 0014 002C     		cmp	r4, #0
 1090 0016 65D0     		beq	.L78
 1091 0018 2746     		mov	r7, r4
 1092              		.loc 1 271 26 discriminator 1 view .LVU176
 1093 001a 2046     		mov	r0, r4
 1094 001c FFF7FEFF 		bl	strlen
 1095              	.LVL91:
 1096 0020 8046     		mov	r8, r0
 1097              		.loc 1 271 22 discriminator 1 view .LVU177
 1098 0022 0428     		cmp	r0, #4
 1099 0024 61D8     		bhi	.L79
 272:Algorithm/Control_Dep/controller.c ****         return 0.0f;
 273:Algorithm/Control_Dep/controller.c **** 
 274:Algorithm/Control_Dep/controller.c ****     if ((in[0] != 'P') && (in[0] != 'p') && (in[0] != 'I') && (in[0] != 'i') && (in[0] != 'D') && (
 1100              		.loc 1 274 5 is_stmt 1 view .LVU178
 1101              		.loc 1 274 12 is_stmt 0 view .LVU179
 1102 0026 2378     		ldrb	r3, [r4]	@ zero_extendqisi2
 1103              		.loc 1 274 8 view .LVU180
 1104 0028 502B     		cmp	r3, #80
 1105 002a 3DD0     		beq	.L80
 1106              		.loc 1 274 24 discriminator 1 view .LVU181
 1107 002c 702B     		cmp	r3, #112
 1108 002e 3FD0     		beq	.L81
 1109              		.loc 1 274 42 discriminator 2 view .LVU182
 1110 0030 492B     		cmp	r3, #73
 1111 0032 41D0     		beq	.L82
 1112              		.loc 1 274 60 discriminator 3 view .LVU183
 1113 0034 692B     		cmp	r3, #105
 1114 0036 43D0     		beq	.L83
 1115              		.loc 1 274 78 discriminator 4 view .LVU184
 1116 0038 442B     		cmp	r3, #68
 1117 003a 45D0     		beq	.L84
 1118              		.loc 1 274 96 discriminator 5 view .LVU185
 1119 003c 642B     		cmp	r3, #100
 1120 003e 59D1     		bne	.L85
 1121 0040 0126     		movs	r6, #1
 1122 0042 4FF00009 		mov	r9, #0
 1123 0046 0EE0     		b	.L76
 1124              	.LVL92:
 1125              	.L93:
 1126              	.LBB2:
 275:Algorithm/Control_Dep/controller.c ****         return 0.0f;
 276:Algorithm/Control_Dep/controller.c **** 
 277:Algorithm/Control_Dep/controller.c ****     for (uint8_t i = 1; i < strlen(in); i ++)
 278:Algorithm/Control_Dep/controller.c ****     {
ARM GAS  C:\Users\8bit\AppData\Local\Temp\cc1hImpv.s 			page 27


 279:Algorithm/Control_Dep/controller.c ****         /* check start and end */
 280:Algorithm/Control_Dep/controller.c ****         if ((in[1] == '.') || (in[strlen(in) - 1] == '.'))
 281:Algorithm/Control_Dep/controller.c ****             return 0.0f;
 282:Algorithm/Control_Dep/controller.c ****     
 283:Algorithm/Control_Dep/controller.c ****         /* check '.' num */
 284:Algorithm/Control_Dep/controller.c ****         if (in[i] == '.')
 285:Algorithm/Control_Dep/controller.c ****         {
 286:Algorithm/Control_Dep/controller.c ****             point_num ++;
 1127              		.loc 1 286 13 is_stmt 1 view .LVU186
 1128              		.loc 1 286 23 is_stmt 0 view .LVU187
 1129 0048 09F10109 		add	r9, r9, #1
 1130              	.LVL93:
 1131              		.loc 1 286 23 view .LVU188
 1132 004c 5FFA89F9 		uxtb	r9, r9
 1133              	.LVL94:
 287:Algorithm/Control_Dep/controller.c ****             if (point_num > 1)
 1134              		.loc 1 287 13 is_stmt 1 view .LVU189
 1135              		.loc 1 287 16 is_stmt 0 view .LVU190
 1136 0050 B9F1010F 		cmp	r9, #1
 1137 0054 16D9     		bls	.L72
 288:Algorithm/Control_Dep/controller.c ****                 return 0.0f;
 1138              		.loc 1 288 24 view .LVU191
 1139 0056 9FED2E0A 		vldr.32	s0, .L95+4
 1140 005a 48E0     		b	.L69
 1141              	.LVL95:
 1142              	.L94:
 289:Algorithm/Control_Dep/controller.c ****         }
 290:Algorithm/Control_Dep/controller.c **** 
 291:Algorithm/Control_Dep/controller.c ****         /* check other character */
 292:Algorithm/Control_Dep/controller.c ****         match = false;
 1143              		.loc 1 292 15 view .LVU192
 1144 005c 0023     		movs	r3, #0
 1145              	.L74:
 1146              	.LVL96:
 293:Algorithm/Control_Dep/controller.c ****         for (uint8_t j = 0; j < strlen(character); j ++)
 294:Algorithm/Control_Dep/controller.c ****         {
 295:Algorithm/Control_Dep/controller.c ****             if (in[i] == character[j])
 296:Algorithm/Control_Dep/controller.c ****             {
 297:Algorithm/Control_Dep/controller.c ****                 match = true;
 298:Algorithm/Control_Dep/controller.c ****                 break;
 299:Algorithm/Control_Dep/controller.c ****             }
 300:Algorithm/Control_Dep/controller.c ****         }
 301:Algorithm/Control_Dep/controller.c **** 
 302:Algorithm/Control_Dep/controller.c ****         if (!match)
 1147              		.loc 1 302 9 is_stmt 1 view .LVU193
 1148              		.loc 1 302 12 is_stmt 0 view .LVU194
 1149 005e 002B     		cmp	r3, #0
 1150 0060 51D0     		beq	.L90
 277:Algorithm/Control_Dep/controller.c ****     {
 1151              		.loc 1 277 41 is_stmt 1 discriminator 2 view .LVU195
 277:Algorithm/Control_Dep/controller.c ****     {
 1152              		.loc 1 277 43 is_stmt 0 discriminator 2 view .LVU196
 1153 0062 0136     		adds	r6, r6, #1
 1154              	.LVL97:
 277:Algorithm/Control_Dep/controller.c ****     {
 1155              		.loc 1 277 43 discriminator 2 view .LVU197
 1156 0064 F6B2     		uxtb	r6, r6
ARM GAS  C:\Users\8bit\AppData\Local\Temp\cc1hImpv.s 			page 28


 1157              	.LVL98:
 1158              	.L76:
 277:Algorithm/Control_Dep/controller.c ****     {
 1159              		.loc 1 277 25 is_stmt 1 discriminator 1 view .LVU198
 277:Algorithm/Control_Dep/controller.c ****     {
 1160              		.loc 1 277 27 is_stmt 0 discriminator 1 view .LVU199
 1161 0066 3246     		mov	r2, r6
 277:Algorithm/Control_Dep/controller.c ****     {
 1162              		.loc 1 277 5 discriminator 1 view .LVU200
 1163 0068 B045     		cmp	r8, r6
 1164 006a 31D9     		bls	.L92
 280:Algorithm/Control_Dep/controller.c ****             return 0.0f;
 1165              		.loc 1 280 9 is_stmt 1 view .LVU201
 280:Algorithm/Control_Dep/controller.c ****             return 0.0f;
 1166              		.loc 1 280 16 is_stmt 0 view .LVU202
 1167 006c 7B78     		ldrb	r3, [r7, #1]	@ zero_extendqisi2
 280:Algorithm/Control_Dep/controller.c ****             return 0.0f;
 1168              		.loc 1 280 12 view .LVU203
 1169 006e 2E2B     		cmp	r3, #46
 1170 0070 43D0     		beq	.L86
 280:Algorithm/Control_Dep/controller.c ****             return 0.0f;
 1171              		.loc 1 280 34 discriminator 1 view .LVU204
 1172 0072 07EB0803 		add	r3, r7, r8
 1173 0076 13F8013C 		ldrb	r3, [r3, #-1]	@ zero_extendqisi2
 280:Algorithm/Control_Dep/controller.c ****             return 0.0f;
 1174              		.loc 1 280 28 discriminator 1 view .LVU205
 1175 007a 2E2B     		cmp	r3, #46
 1176 007c 40D0     		beq	.L87
 284:Algorithm/Control_Dep/controller.c ****         {
 1177              		.loc 1 284 9 is_stmt 1 view .LVU206
 284:Algorithm/Control_Dep/controller.c ****         {
 1178              		.loc 1 284 15 is_stmt 0 view .LVU207
 1179 007e BD5C     		ldrb	r5, [r7, r2]	@ zero_extendqisi2
 284:Algorithm/Control_Dep/controller.c ****         {
 1180              		.loc 1 284 12 view .LVU208
 1181 0080 2E2D     		cmp	r5, #46
 1182 0082 E1D0     		beq	.L93
 1183              	.L72:
 292:Algorithm/Control_Dep/controller.c ****         for (uint8_t j = 0; j < strlen(character); j ++)
 1184              		.loc 1 292 9 is_stmt 1 view .LVU209
 1185              	.LVL99:
 293:Algorithm/Control_Dep/controller.c ****         {
 1186              		.loc 1 293 9 view .LVU210
 1187              	.LBB3:
 293:Algorithm/Control_Dep/controller.c ****         {
 1188              		.loc 1 293 14 view .LVU211
 293:Algorithm/Control_Dep/controller.c ****         {
 1189              		.loc 1 293 22 is_stmt 0 view .LVU212
 1190 0084 0024     		movs	r4, #0
 1191              	.LVL100:
 1192              	.L73:
 293:Algorithm/Control_Dep/controller.c ****         {
 1193              		.loc 1 293 29 is_stmt 1 discriminator 1 view .LVU213
 293:Algorithm/Control_Dep/controller.c ****         {
 1194              		.loc 1 293 33 is_stmt 0 discriminator 1 view .LVU214
 1195 0086 01A8     		add	r0, sp, #4
 1196 0088 FFF7FEFF 		bl	strlen
ARM GAS  C:\Users\8bit\AppData\Local\Temp\cc1hImpv.s 			page 29


 1197              	.LVL101:
 293:Algorithm/Control_Dep/controller.c ****         {
 1198              		.loc 1 293 9 discriminator 1 view .LVU215
 1199 008c 8442     		cmp	r4, r0
 1200 008e E5D2     		bcs	.L94
 295:Algorithm/Control_Dep/controller.c ****             {
 1201              		.loc 1 295 13 is_stmt 1 view .LVU216
 295:Algorithm/Control_Dep/controller.c ****             {
 1202              		.loc 1 295 35 is_stmt 0 view .LVU217
 1203 0090 04F11003 		add	r3, r4, #16
 1204 0094 6B44     		add	r3, sp, r3
 1205 0096 13F80C3C 		ldrb	r3, [r3, #-12]	@ zero_extendqisi2
 295:Algorithm/Control_Dep/controller.c ****             {
 1206              		.loc 1 295 16 view .LVU218
 1207 009a 9D42     		cmp	r5, r3
 1208 009c 02D0     		beq	.L89
 293:Algorithm/Control_Dep/controller.c ****         {
 1209              		.loc 1 293 52 is_stmt 1 discriminator 2 view .LVU219
 293:Algorithm/Control_Dep/controller.c ****         {
 1210              		.loc 1 293 54 is_stmt 0 discriminator 2 view .LVU220
 1211 009e 0134     		adds	r4, r4, #1
 1212              	.LVL102:
 293:Algorithm/Control_Dep/controller.c ****         {
 1213              		.loc 1 293 54 discriminator 2 view .LVU221
 1214 00a0 E4B2     		uxtb	r4, r4
 1215              	.LVL103:
 293:Algorithm/Control_Dep/controller.c ****         {
 1216              		.loc 1 293 54 discriminator 2 view .LVU222
 1217 00a2 F0E7     		b	.L73
 1218              	.L89:
 297:Algorithm/Control_Dep/controller.c ****                 break;
 1219              		.loc 1 297 23 view .LVU223
 1220 00a4 0123     		movs	r3, #1
 1221 00a6 DAE7     		b	.L74
 1222              	.LVL104:
 1223              	.L80:
 297:Algorithm/Control_Dep/controller.c ****                 break;
 1224              		.loc 1 297 23 view .LVU224
 1225              	.LBE3:
 1226              	.LBE2:
 1227 00a8 0126     		movs	r6, #1
 1228 00aa 4FF00009 		mov	r9, #0
 1229 00ae DAE7     		b	.L76
 1230              	.L81:
 1231 00b0 0126     		movs	r6, #1
 1232 00b2 4FF00009 		mov	r9, #0
 1233 00b6 D6E7     		b	.L76
 1234              	.L82:
 1235 00b8 0126     		movs	r6, #1
 1236 00ba 4FF00009 		mov	r9, #0
 1237 00be D2E7     		b	.L76
 1238              	.L83:
 1239 00c0 0126     		movs	r6, #1
 1240 00c2 4FF00009 		mov	r9, #0
 1241 00c6 CEE7     		b	.L76
 1242              	.L84:
 1243 00c8 0126     		movs	r6, #1
ARM GAS  C:\Users\8bit\AppData\Local\Temp\cc1hImpv.s 			page 30


 1244 00ca 4FF00009 		mov	r9, #0
 1245 00ce CAE7     		b	.L76
 1246              	.LVL105:
 1247              	.L92:
 303:Algorithm/Control_Dep/controller.c ****             return 0.0f;
 304:Algorithm/Control_Dep/controller.c ****     }
 305:Algorithm/Control_Dep/controller.c **** 
 306:Algorithm/Control_Dep/controller.c ****     return atof(&in[1]);
 1248              		.loc 1 306 5 is_stmt 1 view .LVU225
 1249              		.loc 1 306 12 is_stmt 0 view .LVU226
 1250 00d0 781C     		adds	r0, r7, #1
 1251 00d2 FFF7FEFF 		bl	atof
 1252              	.LVL106:
 1253 00d6 51EC100B 		vmov	r0, r1, d0
 1254 00da FFF7FEFF 		bl	__aeabi_d2f
 1255              	.LVL107:
 1256 00de 00EE100A 		vmov	s0, r0
 1257 00e2 04E0     		b	.L69
 1258              	.LVL108:
 1259              	.L78:
 272:Algorithm/Control_Dep/controller.c **** 
 1260              		.loc 1 272 16 view .LVU227
 1261 00e4 9FED0A0A 		vldr.32	s0, .L95+4
 1262 00e8 01E0     		b	.L69
 1263              	.L79:
 272:Algorithm/Control_Dep/controller.c **** 
 1264              		.loc 1 272 16 view .LVU228
 1265 00ea 9FED090A 		vldr.32	s0, .L95+4
 1266              	.LVL109:
 1267              	.L69:
 307:Algorithm/Control_Dep/controller.c **** }
 1268              		.loc 1 307 1 view .LVU229
 1269 00ee 05B0     		add	sp, sp, #20
 1270              	.LCFI35:
 1271              		.cfi_remember_state
 1272              		.cfi_def_cfa_offset 28
 1273              		@ sp needed
 1274 00f0 BDE8F083 		pop	{r4, r5, r6, r7, r8, r9, pc}
 1275              	.LVL110:
 1276              	.L85:
 1277              	.LCFI36:
 1278              		.cfi_restore_state
 275:Algorithm/Control_Dep/controller.c **** 
 1279              		.loc 1 275 16 view .LVU230
 1280 00f4 9FED060A 		vldr.32	s0, .L95+4
 1281 00f8 F9E7     		b	.L69
 1282              	.LVL111:
 1283              	.L86:
 1284              	.LBB4:
 281:Algorithm/Control_Dep/controller.c ****     
 1285              		.loc 1 281 20 view .LVU231
 1286 00fa 9FED050A 		vldr.32	s0, .L95+4
 1287 00fe F6E7     		b	.L69
 1288              	.L87:
 1289 0100 9FED030A 		vldr.32	s0, .L95+4
 1290 0104 F3E7     		b	.L69
 1291              	.LVL112:
ARM GAS  C:\Users\8bit\AppData\Local\Temp\cc1hImpv.s 			page 31


 1292              	.L90:
 303:Algorithm/Control_Dep/controller.c ****     }
 1293              		.loc 1 303 20 view .LVU232
 1294 0106 9FED020A 		vldr.32	s0, .L95+4
 1295 010a F0E7     		b	.L69
 1296              	.L96:
 1297              		.align	2
 1298              	.L95:
 1299 010c 00000000 		.word	.LC12
 1300 0110 00000000 		.word	0
 1301              	.LBE4:
 1302              		.cfi_endproc
 1303              	.LFE160:
 1305              		.section	.rodata.Controller_AttPID_Tune_CLI.str1.4,"aMS",%progbits,1
 1306              		.align	2
 1307              	.LC13:
 1308 0000 5B202D2D 		.ascii	"[ ---- Attitude Casecade PID Tunning ---- ]\015\012"
 1308      2D2D2041 
 1308      74746974 
 1308      75646520 
 1308      43617365 
 1309 002d 00       		.ascii	"\000"
 1310 002e 0000     		.align	2
 1311              	.LC14:
 1312 0030 5B203173 		.ascii	"[ 1st parameter 1ndicate to selecetd part ]\015\012"
 1312      74207061 
 1312      72616D65 
 1312      74657220 
 1312      316E6469 
 1313 005d 00       		.ascii	"\000"
 1314 005e 0000     		.align	2
 1315              	.LC15:
 1316 0060 20202D2D 		.ascii	"  ---- Part 0 ----- Pitch Param\015\012\000"
 1316      2D2D2050 
 1316      61727420 
 1316      30202D2D 
 1316      2D2D2D20 
 1317 0082 0000     		.align	2
 1318              	.LC16:
 1319 0084 20202D2D 		.ascii	"  ---- Part 1 ----- Roll  Param\015\012\000"
 1319      2D2D2050 
 1319      61727420 
 1319      31202D2D 
 1319      2D2D2D20 
 1320 00a6 0000     		.align	2
 1321              	.LC17:
 1322 00a8 20202D2D 		.ascii	"  ---- Part 2 ----- GyroX Param\015\012\000"
 1322      2D2D2050 
 1322      61727420 
 1322      32202D2D 
 1322      2D2D2D20 
 1323 00ca 0000     		.align	2
 1324              	.LC18:
 1325 00cc 20202D2D 		.ascii	"  ---- Part 3 ----- GyroY Param\015\012\000"
 1325      2D2D2050 
 1325      61727420 
 1325      33202D2D 
ARM GAS  C:\Users\8bit\AppData\Local\Temp\cc1hImpv.s 			page 32


 1325      2D2D2D20 
 1326 00ee 0000     		.align	2
 1327              	.LC19:
 1328 00f0 20202D2D 		.ascii	"  ---- Part 4 ----- GyroZ Param\015\012\000"
 1328      2D2D2050 
 1328      61727420 
 1328      34202D2D 
 1328      2D2D2D20 
 1329 0112 0000     		.align	2
 1330              	.LC20:
 1331 0114 202D2D2D 		.ascii	" ---- Pitch is selected\015\012\000"
 1331      2D205069 
 1331      74636820 
 1331      69732073 
 1331      656C6563 
 1332 012e 0000     		.align	2
 1333              	.LC21:
 1334 0130 202D2D2D 		.ascii	" ---- Roll is selected\015\012\000"
 1334      2D20526F 
 1334      6C6C2069 
 1334      73207365 
 1334      6C656374 
 1335 0149 000000   		.align	2
 1336              	.LC22:
 1337 014c 202D2D2D 		.ascii	" ---- GyroX is selected\015\012\000"
 1337      2D204779 
 1337      726F5820 
 1337      69732073 
 1337      656C6563 
 1338 0166 0000     		.align	2
 1339              	.LC23:
 1340 0168 202D2D2D 		.ascii	" ---- GyroY is selected\015\012\000"
 1340      2D204779 
 1340      726F5920 
 1340      69732073 
 1340      656C6563 
 1341 0182 0000     		.align	2
 1342              	.LC24:
 1343 0184 202D2D2D 		.ascii	" ----- GyroZ is selected\015\012\000"
 1343      2D2D2047 
 1343      79726F5A 
 1343      20697320 
 1343      73656C65 
 1344 019f 00       		.align	2
 1345              	.LC25:
 1346 01a0 5B202D2D 		.ascii	"[ ---- Invalid Part ---- ]\015\012\000"
 1346      2D2D2049 
 1346      6E76616C 
 1346      69642050 
 1346      61727420 
 1347 01bd 000000   		.align	2
 1348              	.LC26:
 1349 01c0 202D2D2D 		.ascii	" ---- Input P: %f\015\012\000"
 1349      2D20496E 
 1349      70757420 
 1349      503A2025 
 1349      660D0A00 
ARM GAS  C:\Users\8bit\AppData\Local\Temp\cc1hImpv.s 			page 33


 1350              		.align	2
 1351              	.LC27:
 1352 01d4 202D2D2D 		.ascii	" ---- Input I: %f\015\012\000"
 1352      2D20496E 
 1352      70757420 
 1352      493A2025 
 1352      660D0A00 
 1353              		.align	2
 1354              	.LC28:
 1355 01e8 202D2D2D 		.ascii	" ---- Input D: %f\015\012\000"
 1355      2D20496E 
 1355      70757420 
 1355      443A2025 
 1355      660D0A00 
 1356              		.align	2
 1357              	.LC29:
 1358 01fc 5B202D2D 		.ascii	"[ ---- parameter set failed ---- ]\015\012\000"
 1358      2D2D2070 
 1358      6172616D 
 1358      65746572 
 1358      20736574 
 1359 0221 000000   		.align	2
 1360              	.LC30:
 1361 0224 5B202D2D 		.ascii	"[ ---- parameter save failed ---- ]\015\012\000"
 1361      2D2D2070 
 1361      6172616D 
 1361      65746572 
 1361      20736176 
 1362              		.section	.text.Controller_AttPID_Tune_CLI,"ax",%progbits
 1363              		.align	1
 1364              		.syntax unified
 1365              		.thumb
 1366              		.thumb_func
 1368              	Controller_AttPID_Tune_CLI:
 1369              	.LVL113:
 1370              	.LFB161:
 308:Algorithm/Control_Dep/controller.c **** 
 309:Algorithm/Control_Dep/controller.c **** static void Controller_AttPID_Tune_CLI(uint8_t part, const char* P_i, const char* I_i, const char* 
 310:Algorithm/Control_Dep/controller.c **** {
 1371              		.loc 1 310 1 is_stmt 1 view -0
 1372              		.cfi_startproc
 1373              		@ args = 0, pretend = 0, frame = 304
 1374              		@ frame_needed = 0, uses_anonymous_args = 0
 1375              		.loc 1 310 1 is_stmt 0 view .LVU234
 1376 0000 2DE9F043 		push	{r4, r5, r6, r7, r8, r9, lr}
 1377              	.LCFI37:
 1378              		.cfi_def_cfa_offset 28
 1379              		.cfi_offset 4, -28
 1380              		.cfi_offset 5, -24
 1381              		.cfi_offset 6, -20
 1382              		.cfi_offset 7, -16
 1383              		.cfi_offset 8, -12
 1384              		.cfi_offset 9, -8
 1385              		.cfi_offset 14, -4
 1386 0004 E3B0     		sub	sp, sp, #396
 1387              	.LCFI38:
 1388              		.cfi_def_cfa_offset 424
ARM GAS  C:\Users\8bit\AppData\Local\Temp\cc1hImpv.s 			page 34


 1389 0006 0546     		mov	r5, r0
 1390 0008 8846     		mov	r8, r1
 1391 000a 1746     		mov	r7, r2
 1392 000c 9946     		mov	r9, r3
 311:Algorithm/Control_Dep/controller.c ****     Shell *shell_obj = Shell_GetInstence();
 1393              		.loc 1 311 5 is_stmt 1 view .LVU235
 1394              		.loc 1 311 24 is_stmt 0 view .LVU236
 1395 000e FFF7FEFF 		bl	Shell_GetInstence
 1396              	.LVL114:
 312:Algorithm/Control_Dep/controller.c ****     AttCaseCadePID_Param_TypeDef inuse;
 1397              		.loc 1 312 5 is_stmt 1 view .LVU237
 313:Algorithm/Control_Dep/controller.c ****     AttCaseCadePID_Param_TypeDef inuse_lst;
 1398              		.loc 1 313 5 view .LVU238
 314:Algorithm/Control_Dep/controller.c ****     PID_Param_TypeDef *selected = NULL;
 1399              		.loc 1 314 5 view .LVU239
 315:Algorithm/Control_Dep/controller.c **** 
 316:Algorithm/Control_Dep/controller.c ****     if (shell_obj == NULL)
 1400              		.loc 1 316 5 view .LVU240
 1401              		.loc 1 316 8 is_stmt 0 view .LVU241
 1402 0012 0028     		cmp	r0, #0
 1403 0014 00F08180 		beq	.L97
 1404 0018 0446     		mov	r4, r0
 317:Algorithm/Control_Dep/controller.c ****         return;
 318:Algorithm/Control_Dep/controller.c **** 
 319:Algorithm/Control_Dep/controller.c ****     memset(&inuse, 0, sizeof(AttCaseCadePID_Param_TypeDef));
 1405              		.loc 1 319 5 is_stmt 1 view .LVU242
 1406 001a 6426     		movs	r6, #100
 1407 001c 3246     		mov	r2, r6
 1408 001e 0021     		movs	r1, #0
 1409 0020 49A8     		add	r0, sp, #292
 1410              	.LVL115:
 1411              		.loc 1 319 5 is_stmt 0 view .LVU243
 1412 0022 FFF7FEFF 		bl	memset
 1413              	.LVL116:
 320:Algorithm/Control_Dep/controller.c ****     memset(&inuse_lst, 0, sizeof(AttCaseCadePID_Param_TypeDef));
 1414              		.loc 1 320 5 is_stmt 1 view .LVU244
 1415 0026 3246     		mov	r2, r6
 1416 0028 0021     		movs	r1, #0
 1417 002a 30A8     		add	r0, sp, #192
 1418 002c FFF7FEFF 		bl	memset
 1419              	.LVL117:
 321:Algorithm/Control_Dep/controller.c ****  
 322:Algorithm/Control_Dep/controller.c ****     inuse = Att_CasecadePID_Controller.cur_param();
 1420              		.loc 1 322 5 view .LVU245
 1421              		.loc 1 322 39 is_stmt 0 view .LVU246
 1422 0030 544B     		ldr	r3, .L113
 1423 0032 5B68     		ldr	r3, [r3, #4]
 1424              		.loc 1 322 13 view .LVU247
 1425 0034 16A8     		add	r0, sp, #88
 1426 0036 9847     		blx	r3
 1427              	.LVL118:
 1428 0038 3246     		mov	r2, r6
 1429 003a 16A9     		add	r1, sp, #88
 1430 003c 49A8     		add	r0, sp, #292
 1431 003e FFF7FEFF 		bl	memcpy
 1432              	.LVL119:
 323:Algorithm/Control_Dep/controller.c ****     inuse_lst = inuse;
ARM GAS  C:\Users\8bit\AppData\Local\Temp\cc1hImpv.s 			page 35


 1433              		.loc 1 323 5 is_stmt 1 view .LVU248
 1434              		.loc 1 323 15 is_stmt 0 view .LVU249
 1435 0042 3246     		mov	r2, r6
 1436 0044 49A9     		add	r1, sp, #292
 1437 0046 30A8     		add	r0, sp, #192
 1438 0048 FFF7FEFF 		bl	memcpy
 1439              	.LVL120:
 324:Algorithm/Control_Dep/controller.c **** 
 325:Algorithm/Control_Dep/controller.c ****     shellPrint(shell_obj, "[ ---- Attitude Casecade PID Tunning ---- ]\r\n");
 1440              		.loc 1 325 5 is_stmt 1 view .LVU250
 1441 004c 4E49     		ldr	r1, .L113+4
 1442 004e 2046     		mov	r0, r4
 1443 0050 FFF7FEFF 		bl	shellPrint
 1444              	.LVL121:
 326:Algorithm/Control_Dep/controller.c ****     shellPrint(shell_obj, "[ 1st parameter 1ndicate to selecetd part ]\r\n");
 1445              		.loc 1 326 5 view .LVU251
 1446 0054 4D49     		ldr	r1, .L113+8
 1447 0056 2046     		mov	r0, r4
 1448 0058 FFF7FEFF 		bl	shellPrint
 1449              	.LVL122:
 327:Algorithm/Control_Dep/controller.c ****     shellPrint(shell_obj, "  ---- Part 0 ----- Pitch Param\r\n");
 1450              		.loc 1 327 5 view .LVU252
 1451 005c 4C49     		ldr	r1, .L113+12
 1452 005e 2046     		mov	r0, r4
 1453 0060 FFF7FEFF 		bl	shellPrint
 1454              	.LVL123:
 328:Algorithm/Control_Dep/controller.c ****     shellPrint(shell_obj, "  ---- Part 1 ----- Roll  Param\r\n");
 1455              		.loc 1 328 5 view .LVU253
 1456 0064 4B49     		ldr	r1, .L113+16
 1457 0066 2046     		mov	r0, r4
 1458 0068 FFF7FEFF 		bl	shellPrint
 1459              	.LVL124:
 329:Algorithm/Control_Dep/controller.c ****     shellPrint(shell_obj, "  ---- Part 2 ----- GyroX Param\r\n");
 1460              		.loc 1 329 5 view .LVU254
 1461 006c 4A49     		ldr	r1, .L113+20
 1462 006e 2046     		mov	r0, r4
 1463 0070 FFF7FEFF 		bl	shellPrint
 1464              	.LVL125:
 330:Algorithm/Control_Dep/controller.c ****     shellPrint(shell_obj, "  ---- Part 3 ----- GyroY Param\r\n");
 1465              		.loc 1 330 5 view .LVU255
 1466 0074 4949     		ldr	r1, .L113+24
 1467 0076 2046     		mov	r0, r4
 1468 0078 FFF7FEFF 		bl	shellPrint
 1469              	.LVL126:
 331:Algorithm/Control_Dep/controller.c ****     shellPrint(shell_obj, "  ---- Part 4 ----- GyroZ Param\r\n");
 1470              		.loc 1 331 5 view .LVU256
 1471 007c 4849     		ldr	r1, .L113+28
 1472 007e 2046     		mov	r0, r4
 1473 0080 FFF7FEFF 		bl	shellPrint
 1474              	.LVL127:
 332:Algorithm/Control_Dep/controller.c **** 
 333:Algorithm/Control_Dep/controller.c ****     switch (part)
 1475              		.loc 1 333 5 view .LVU257
 1476 0084 042D     		cmp	r5, #4
 1477 0086 63D8     		bhi	.L99
 1478 0088 DFE805F0 		tbb	[pc, r5]
 1479              	.L101:
ARM GAS  C:\Users\8bit\AppData\Local\Temp\cc1hImpv.s 			page 36


 1480 008c 03       		.byte	(.L105-.L101)/2
 1481 008d 4A       		.byte	(.L104-.L101)/2
 1482 008e 50       		.byte	(.L103-.L101)/2
 1483 008f 56       		.byte	(.L102-.L101)/2
 1484 0090 5C       		.byte	(.L100-.L101)/2
 1485 0091 00       		.p2align 1
 1486              	.L105:
 334:Algorithm/Control_Dep/controller.c ****     {
 335:Algorithm/Control_Dep/controller.c ****         case TP_Pitch:
 336:Algorithm/Control_Dep/controller.c ****             shellPrint(shell_obj, " ---- Pitch is selected\r\n");
 1487              		.loc 1 336 13 view .LVU258
 1488 0092 4449     		ldr	r1, .L113+32
 1489 0094 2046     		mov	r0, r4
 1490 0096 FFF7FEFF 		bl	shellPrint
 1491              	.LVL128:
 337:Algorithm/Control_Dep/controller.c ****             selected = &inuse.Pitch_Para;
 1492              		.loc 1 337 13 view .LVU259
 338:Algorithm/Control_Dep/controller.c ****             break;
 1493              		.loc 1 338 13 view .LVU260
 337:Algorithm/Control_Dep/controller.c ****             selected = &inuse.Pitch_Para;
 1494              		.loc 1 337 22 is_stmt 0 view .LVU261
 1495 009a 49AD     		add	r5, sp, #292
 1496              	.LVL129:
 1497              	.L106:
 339:Algorithm/Control_Dep/controller.c **** 
 340:Algorithm/Control_Dep/controller.c ****         case TP_Roll:
 341:Algorithm/Control_Dep/controller.c ****             shellPrint(shell_obj, " ---- Roll is selected\r\n");
 342:Algorithm/Control_Dep/controller.c ****             selected = &inuse.Roll_Para;
 343:Algorithm/Control_Dep/controller.c ****             break;
 344:Algorithm/Control_Dep/controller.c **** 
 345:Algorithm/Control_Dep/controller.c ****         case TP_GyroX:
 346:Algorithm/Control_Dep/controller.c ****             shellPrint(shell_obj, " ---- GyroX is selected\r\n");
 347:Algorithm/Control_Dep/controller.c ****             selected = &inuse.GyroX_Para;
 348:Algorithm/Control_Dep/controller.c ****             break;
 349:Algorithm/Control_Dep/controller.c **** 
 350:Algorithm/Control_Dep/controller.c ****         case TP_GyroY:
 351:Algorithm/Control_Dep/controller.c ****             shellPrint(shell_obj, " ---- GyroY is selected\r\n");
 352:Algorithm/Control_Dep/controller.c ****             selected = &inuse.GyroY_Para;
 353:Algorithm/Control_Dep/controller.c ****             break;
 354:Algorithm/Control_Dep/controller.c **** 
 355:Algorithm/Control_Dep/controller.c ****         case TP_GyroZ:
 356:Algorithm/Control_Dep/controller.c ****             shellPrint(shell_obj, " ----- GyroZ is selected\r\n");
 357:Algorithm/Control_Dep/controller.c ****             selected = &inuse.GyroZ_Para;
 358:Algorithm/Control_Dep/controller.c ****             break;
 359:Algorithm/Control_Dep/controller.c **** 
 360:Algorithm/Control_Dep/controller.c ****         default: shellPrint(shell_obj, "[ ---- Invalid Part ---- ]\r\n"); return;
 361:Algorithm/Control_Dep/controller.c ****     }
 362:Algorithm/Control_Dep/controller.c **** 
 363:Algorithm/Control_Dep/controller.c ****     selected->gP = Controller_ConvertToFloat(P_i);
 1498              		.loc 1 363 5 is_stmt 1 view .LVU262
 1499              		.loc 1 363 20 is_stmt 0 view .LVU263
 1500 009c 4046     		mov	r0, r8
 1501 009e FFF7FEFF 		bl	Controller_ConvertToFloat
 1502              	.LVL130:
 1503              		.loc 1 363 18 view .LVU264
 1504 00a2 85ED000A 		vstr.32	s0, [r5]
 364:Algorithm/Control_Dep/controller.c ****     selected->gI = Controller_ConvertToFloat(I_i);
ARM GAS  C:\Users\8bit\AppData\Local\Temp\cc1hImpv.s 			page 37


 1505              		.loc 1 364 5 is_stmt 1 view .LVU265
 1506              		.loc 1 364 20 is_stmt 0 view .LVU266
 1507 00a6 3846     		mov	r0, r7
 1508 00a8 FFF7FEFF 		bl	Controller_ConvertToFloat
 1509              	.LVL131:
 1510              		.loc 1 364 18 view .LVU267
 1511 00ac 85ED010A 		vstr.32	s0, [r5, #4]
 365:Algorithm/Control_Dep/controller.c ****     selected->gD = Controller_ConvertToFloat(D_i);
 1512              		.loc 1 365 5 is_stmt 1 view .LVU268
 1513              		.loc 1 365 20 is_stmt 0 view .LVU269
 1514 00b0 4846     		mov	r0, r9
 1515 00b2 FFF7FEFF 		bl	Controller_ConvertToFloat
 1516              	.LVL132:
 1517              		.loc 1 365 18 view .LVU270
 1518 00b6 85ED040A 		vstr.32	s0, [r5, #16]
 366:Algorithm/Control_Dep/controller.c **** 
 367:Algorithm/Control_Dep/controller.c ****     /* show input parameter */
 368:Algorithm/Control_Dep/controller.c ****     shellPrint(shell_obj, " ---- Input P: %f\r\n", selected->gP);
 1519              		.loc 1 368 5 is_stmt 1 view .LVU271
 1520 00ba 2868     		ldr	r0, [r5]	@ float
 1521 00bc FFF7FEFF 		bl	__aeabi_f2d
 1522              	.LVL133:
 1523 00c0 0246     		mov	r2, r0
 1524 00c2 0B46     		mov	r3, r1
 1525 00c4 3849     		ldr	r1, .L113+36
 1526 00c6 2046     		mov	r0, r4
 1527 00c8 FFF7FEFF 		bl	shellPrint
 1528              	.LVL134:
 369:Algorithm/Control_Dep/controller.c ****     shellPrint(shell_obj, " ---- Input I: %f\r\n", selected->gI);
 1529              		.loc 1 369 5 view .LVU272
 1530 00cc 6868     		ldr	r0, [r5, #4]	@ float
 1531 00ce FFF7FEFF 		bl	__aeabi_f2d
 1532              	.LVL135:
 1533 00d2 0246     		mov	r2, r0
 1534 00d4 0B46     		mov	r3, r1
 1535 00d6 3549     		ldr	r1, .L113+40
 1536 00d8 2046     		mov	r0, r4
 1537 00da FFF7FEFF 		bl	shellPrint
 1538              	.LVL136:
 370:Algorithm/Control_Dep/controller.c ****     shellPrint(shell_obj, " ---- Input D: %f\r\n", selected->gD);
 1539              		.loc 1 370 5 view .LVU273
 1540 00de 2869     		ldr	r0, [r5, #16]	@ float
 1541 00e0 FFF7FEFF 		bl	__aeabi_f2d
 1542              	.LVL137:
 1543 00e4 0246     		mov	r2, r0
 1544 00e6 0B46     		mov	r3, r1
 1545 00e8 3149     		ldr	r1, .L113+44
 1546 00ea 2046     		mov	r0, r4
 1547 00ec FFF7FEFF 		bl	shellPrint
 1548              	.LVL138:
 371:Algorithm/Control_Dep/controller.c **** 
 372:Algorithm/Control_Dep/controller.c ****     if (!Att_CasecadePID_Controller.set(inuse))
 1549              		.loc 1 372 5 view .LVU274
 1550              		.loc 1 372 36 is_stmt 0 view .LVU275
 1551 00f0 244B     		ldr	r3, .L113
 1552 00f2 1D68     		ldr	r5, [r3]
 1553              	.LVL139:
ARM GAS  C:\Users\8bit\AppData\Local\Temp\cc1hImpv.s 			page 38


 1554              		.loc 1 372 10 view .LVU276
 1555 00f4 5422     		movs	r2, #84
 1556 00f6 4DA9     		add	r1, sp, #308
 1557 00f8 6846     		mov	r0, sp
 1558 00fa FFF7FEFF 		bl	memcpy
 1559              	.LVL140:
 1560 00fe 49AB     		add	r3, sp, #292
 1561 0100 0FCB     		ldm	r3, {r0, r1, r2, r3}
 1562 0102 A847     		blx	r5
 1563              	.LVL141:
 1564              		.loc 1 372 8 view .LVU277
 1565 0104 48B3     		cbz	r0, .L111
 373:Algorithm/Control_Dep/controller.c ****     {
 374:Algorithm/Control_Dep/controller.c ****         shellPrint(shell_obj, "[ ---- parameter set failed ---- ]\r\n");
 375:Algorithm/Control_Dep/controller.c ****         Att_CasecadePID_Controller.set(inuse_lst);
 376:Algorithm/Control_Dep/controller.c ****         return;
 377:Algorithm/Control_Dep/controller.c ****     }
 378:Algorithm/Control_Dep/controller.c **** 
 379:Algorithm/Control_Dep/controller.c ****     /* storage parameter */
 380:Algorithm/Control_Dep/controller.c ****     if (!Controller_PID_AttParam_Set((uint8_t *)&inuse, sizeof(AttCaseCadePID_Param_TypeDef)))
 1566              		.loc 1 380 5 is_stmt 1 view .LVU278
 1567              		.loc 1 380 10 is_stmt 0 view .LVU279
 1568 0106 6421     		movs	r1, #100
 1569 0108 49A8     		add	r0, sp, #292
 1570 010a FFF7FEFF 		bl	Controller_PID_AttParam_Set
 1571              	.LVL142:
 1572              		.loc 1 380 8 view .LVU280
 1573 010e 0028     		cmp	r0, #0
 1574 0110 32D0     		beq	.L112
 381:Algorithm/Control_Dep/controller.c ****     {
 382:Algorithm/Control_Dep/controller.c ****         shellPrint(shell_obj, "[ ---- parameter save failed ---- ]\r\n");
 383:Algorithm/Control_Dep/controller.c ****         return;
 384:Algorithm/Control_Dep/controller.c ****     }
 385:Algorithm/Control_Dep/controller.c **** 
 386:Algorithm/Control_Dep/controller.c ****     Controller_Show_InusePID();
 1575              		.loc 1 386 5 is_stmt 1 view .LVU281
 1576 0112 FFF7FEFF 		bl	Controller_Show_InusePID
 1577              	.LVL143:
 387:Algorithm/Control_Dep/controller.c ****     Controller_Show_StoredPID();
 1578              		.loc 1 387 5 view .LVU282
 1579 0116 FFF7FEFF 		bl	Controller_Show_StoredPID
 1580              	.LVL144:
 1581              	.L97:
 388:Algorithm/Control_Dep/controller.c **** }
 1582              		.loc 1 388 1 is_stmt 0 view .LVU283
 1583 011a 63B0     		add	sp, sp, #396
 1584              	.LCFI39:
 1585              		.cfi_remember_state
 1586              		.cfi_def_cfa_offset 28
 1587              		@ sp needed
 1588 011c BDE8F083 		pop	{r4, r5, r6, r7, r8, r9, pc}
 1589              	.LVL145:
 1590              	.L104:
 1591              	.LCFI40:
 1592              		.cfi_restore_state
 341:Algorithm/Control_Dep/controller.c ****             selected = &inuse.Roll_Para;
 1593              		.loc 1 341 13 is_stmt 1 view .LVU284
ARM GAS  C:\Users\8bit\AppData\Local\Temp\cc1hImpv.s 			page 39


 1594 0120 2449     		ldr	r1, .L113+48
 1595 0122 2046     		mov	r0, r4
 1596 0124 FFF7FEFF 		bl	shellPrint
 1597              	.LVL146:
 342:Algorithm/Control_Dep/controller.c ****             break;
 1598              		.loc 1 342 13 view .LVU285
 343:Algorithm/Control_Dep/controller.c **** 
 1599              		.loc 1 343 13 view .LVU286
 342:Algorithm/Control_Dep/controller.c ****             break;
 1600              		.loc 1 342 22 is_stmt 0 view .LVU287
 1601 0128 4EAD     		add	r5, sp, #312
 1602              	.LVL147:
 343:Algorithm/Control_Dep/controller.c **** 
 1603              		.loc 1 343 13 view .LVU288
 1604 012a B7E7     		b	.L106
 1605              	.LVL148:
 1606              	.L103:
 346:Algorithm/Control_Dep/controller.c ****             selected = &inuse.GyroX_Para;
 1607              		.loc 1 346 13 is_stmt 1 view .LVU289
 1608 012c 2249     		ldr	r1, .L113+52
 1609 012e 2046     		mov	r0, r4
 1610 0130 FFF7FEFF 		bl	shellPrint
 1611              	.LVL149:
 347:Algorithm/Control_Dep/controller.c ****             break;
 1612              		.loc 1 347 13 view .LVU290
 348:Algorithm/Control_Dep/controller.c **** 
 1613              		.loc 1 348 13 view .LVU291
 347:Algorithm/Control_Dep/controller.c ****             break;
 1614              		.loc 1 347 22 is_stmt 0 view .LVU292
 1615 0134 53AD     		add	r5, sp, #332
 1616              	.LVL150:
 348:Algorithm/Control_Dep/controller.c **** 
 1617              		.loc 1 348 13 view .LVU293
 1618 0136 B1E7     		b	.L106
 1619              	.LVL151:
 1620              	.L102:
 351:Algorithm/Control_Dep/controller.c ****             selected = &inuse.GyroY_Para;
 1621              		.loc 1 351 13 is_stmt 1 view .LVU294
 1622 0138 2049     		ldr	r1, .L113+56
 1623 013a 2046     		mov	r0, r4
 1624 013c FFF7FEFF 		bl	shellPrint
 1625              	.LVL152:
 352:Algorithm/Control_Dep/controller.c ****             break;
 1626              		.loc 1 352 13 view .LVU295
 353:Algorithm/Control_Dep/controller.c **** 
 1627              		.loc 1 353 13 view .LVU296
 352:Algorithm/Control_Dep/controller.c ****             break;
 1628              		.loc 1 352 22 is_stmt 0 view .LVU297
 1629 0140 58AD     		add	r5, sp, #352
 1630              	.LVL153:
 353:Algorithm/Control_Dep/controller.c **** 
 1631              		.loc 1 353 13 view .LVU298
 1632 0142 ABE7     		b	.L106
 1633              	.LVL154:
 1634              	.L100:
 356:Algorithm/Control_Dep/controller.c ****             selected = &inuse.GyroZ_Para;
 1635              		.loc 1 356 13 is_stmt 1 view .LVU299
ARM GAS  C:\Users\8bit\AppData\Local\Temp\cc1hImpv.s 			page 40


 1636 0144 1E49     		ldr	r1, .L113+60
 1637 0146 2046     		mov	r0, r4
 1638 0148 FFF7FEFF 		bl	shellPrint
 1639              	.LVL155:
 357:Algorithm/Control_Dep/controller.c ****             break;
 1640              		.loc 1 357 13 view .LVU300
 358:Algorithm/Control_Dep/controller.c **** 
 1641              		.loc 1 358 13 view .LVU301
 357:Algorithm/Control_Dep/controller.c ****             break;
 1642              		.loc 1 357 22 is_stmt 0 view .LVU302
 1643 014c 5DAD     		add	r5, sp, #372
 1644              	.LVL156:
 358:Algorithm/Control_Dep/controller.c **** 
 1645              		.loc 1 358 13 view .LVU303
 1646 014e A5E7     		b	.L106
 1647              	.LVL157:
 1648              	.L99:
 360:Algorithm/Control_Dep/controller.c ****     }
 1649              		.loc 1 360 18 is_stmt 1 view .LVU304
 1650 0150 1C49     		ldr	r1, .L113+64
 1651 0152 2046     		mov	r0, r4
 1652 0154 FFF7FEFF 		bl	shellPrint
 1653              	.LVL158:
 360:Algorithm/Control_Dep/controller.c ****     }
 1654              		.loc 1 360 75 view .LVU305
 1655 0158 DFE7     		b	.L97
 1656              	.LVL159:
 1657              	.L111:
 374:Algorithm/Control_Dep/controller.c ****         Att_CasecadePID_Controller.set(inuse_lst);
 1658              		.loc 1 374 9 view .LVU306
 1659 015a 1B49     		ldr	r1, .L113+68
 1660 015c 2046     		mov	r0, r4
 1661 015e FFF7FEFF 		bl	shellPrint
 1662              	.LVL160:
 375:Algorithm/Control_Dep/controller.c ****         return;
 1663              		.loc 1 375 9 view .LVU307
 375:Algorithm/Control_Dep/controller.c ****         return;
 1664              		.loc 1 375 35 is_stmt 0 view .LVU308
 1665 0162 084B     		ldr	r3, .L113
 1666 0164 1C68     		ldr	r4, [r3]
 1667              	.LVL161:
 375:Algorithm/Control_Dep/controller.c ****         return;
 1668              		.loc 1 375 9 view .LVU309
 1669 0166 5422     		movs	r2, #84
 1670 0168 34A9     		add	r1, sp, #208
 1671 016a 6846     		mov	r0, sp
 1672 016c FFF7FEFF 		bl	memcpy
 1673              	.LVL162:
 1674 0170 30AB     		add	r3, sp, #192
 1675 0172 0FCB     		ldm	r3, {r0, r1, r2, r3}
 1676 0174 A047     		blx	r4
 1677              	.LVL163:
 376:Algorithm/Control_Dep/controller.c ****     }
 1678              		.loc 1 376 9 is_stmt 1 view .LVU310
 1679 0176 D0E7     		b	.L97
 1680              	.LVL164:
 1681              	.L112:
ARM GAS  C:\Users\8bit\AppData\Local\Temp\cc1hImpv.s 			page 41


 382:Algorithm/Control_Dep/controller.c ****         return;
 1682              		.loc 1 382 9 view .LVU311
 1683 0178 1449     		ldr	r1, .L113+72
 1684 017a 2046     		mov	r0, r4
 1685 017c FFF7FEFF 		bl	shellPrint
 1686              	.LVL165:
 383:Algorithm/Control_Dep/controller.c ****     }
 1687              		.loc 1 383 9 view .LVU312
 1688 0180 CBE7     		b	.L97
 1689              	.L114:
 1690 0182 00BF     		.align	2
 1691              	.L113:
 1692 0184 00000000 		.word	Att_CasecadePID_Controller
 1693 0188 00000000 		.word	.LC13
 1694 018c 30000000 		.word	.LC14
 1695 0190 60000000 		.word	.LC15
 1696 0194 84000000 		.word	.LC16
 1697 0198 A8000000 		.word	.LC17
 1698 019c CC000000 		.word	.LC18
 1699 01a0 F0000000 		.word	.LC19
 1700 01a4 14010000 		.word	.LC20
 1701 01a8 C0010000 		.word	.LC26
 1702 01ac D4010000 		.word	.LC27
 1703 01b0 E8010000 		.word	.LC28
 1704 01b4 30010000 		.word	.LC21
 1705 01b8 4C010000 		.word	.LC22
 1706 01bc 68010000 		.word	.LC23
 1707 01c0 84010000 		.word	.LC24
 1708 01c4 A0010000 		.word	.LC25
 1709 01c8 FC010000 		.word	.LC29
 1710 01cc 24020000 		.word	.LC30
 1711              		.cfi_endproc
 1712              	.LFE161:
 1714              		.global	shellCommandtune_att_pid
 1715              		.global	shellDesctune_att_pid
 1716              		.global	shellCmdtune_att_pid
 1717              		.global	shellCommandshow_stored_pid
 1718              		.global	shellDescshow_stored_pid
 1719              		.global	shellCmdshow_stored_pid
 1720              		.global	shellCommandshow_inuse_pid
 1721              		.global	shellDescshow_inuse_pid
 1722              		.global	shellCmdshow_inuse_pid
 1723              		.global	Controller
 1724              		.global	ControllerMonitor
 1725              		.section	.bss.ControllerMonitor,"aw",%nobits
 1726              		.align	2
 1727              		.set	.LANCHOR0,. + 0
 1730              	ControllerMonitor:
 1731 0000 00000000 		.space	139
 1731      00000000 
 1731      00000000 
 1731      00000000 
 1731      00000000 
 1732              		.section	.data.Controller,"aw"
 1733              		.align	2
 1736              	Controller:
 1737 0000 00000000 		.word	Controller_Att_Init
ARM GAS  C:\Users\8bit\AppData\Local\Temp\cc1hImpv.s 			page 42


 1738 0004 00000000 		.word	Controller_Alt_Init
 1739 0008 00000000 		.word	Controller_Set_Param
 1740 000c 00000000 		.word	Controller_AttControl
 1741              		.section	.rodata.shellCmdshow_inuse_pid,"a"
 1742              		.align	2
 1745              	shellCmdshow_inuse_pid:
 1746 0000 73686F77 		.ascii	"show_inuse_pid\000"
 1746      5F696E75 
 1746      73655F70 
 1746      696400
 1747              		.section	.rodata.shellCmdshow_stored_pid,"a"
 1748              		.align	2
 1751              	shellCmdshow_stored_pid:
 1752 0000 73686F77 		.ascii	"show_stored_pid\000"
 1752      5F73746F 
 1752      7265645F 
 1752      70696400 
 1753              		.section	.rodata.shellCmdtune_att_pid,"a"
 1754              		.align	2
 1757              	shellCmdtune_att_pid:
 1758 0000 74756E65 		.ascii	"tune_att_pid\000"
 1758      5F617474 
 1758      5F706964 
 1758      00
 1759              		.section	.rodata.shellDescshow_inuse_pid,"a"
 1760              		.align	2
 1763              	shellDescshow_inuse_pid:
 1764 0000 73686F77 		.ascii	"show inuse control parameter\000"
 1764      20696E75 
 1764      73652063 
 1764      6F6E7472 
 1764      6F6C2070 
 1765              		.section	.rodata.shellDescshow_stored_pid,"a"
 1766              		.align	2
 1769              	shellDescshow_stored_pid:
 1770 0000 73686F77 		.ascii	"show stored control parameter\000"
 1770      2073746F 
 1770      72656420 
 1770      636F6E74 
 1770      726F6C20 
 1771              		.section	.rodata.shellDesctune_att_pid,"a"
 1772              		.align	2
 1775              	shellDesctune_att_pid:
 1776 0000 74756E65 		.ascii	"tune attitude control parameter\000"
 1776      20617474 
 1776      69747564 
 1776      6520636F 
 1776      6E74726F 
 1777              		.section	shellCommand,"a"
 1778              		.align	2
 1781              	shellCommandtune_att_pid:
 1782 0000 00210000 		.word	8448
 1783 0004 00000000 		.word	shellCmdtune_att_pid
 1784 0008 00000000 		.word	Controller_AttPID_Tune_CLI
 1785 000c 00000000 		.word	shellDesctune_att_pid
 1788              	shellCommandshow_stored_pid:
 1789 0010 00210000 		.word	8448
ARM GAS  C:\Users\8bit\AppData\Local\Temp\cc1hImpv.s 			page 43


 1790 0014 00000000 		.word	shellCmdshow_stored_pid
 1791 0018 00000000 		.word	Controller_Show_InusePID
 1792 001c 00000000 		.word	shellDescshow_stored_pid
 1795              	shellCommandshow_inuse_pid:
 1796 0020 00210000 		.word	8448
 1797 0024 00000000 		.word	shellCmdshow_inuse_pid
 1798 0028 00000000 		.word	Controller_Show_InusePID
 1799 002c 00000000 		.word	shellDescshow_inuse_pid
 1800              		.text
 1801              	.Letext0:
 1802              		.file 2 "c:\\program files (x86)\\gnu arm embedded toolchain\\10 2021.10\\arm-none-eabi\\include\\
 1803              		.file 3 "c:\\program files (x86)\\gnu arm embedded toolchain\\10 2021.10\\arm-none-eabi\\include\\
 1804              		.file 4 "Algorithm/Control_Dep/pid.h"
 1805              		.file 5 "Algorithm/Control_Dep/Attitude/Att_Control_Base.h"
 1806              		.file 6 "Algorithm/Control_Dep/Attitude/Att_Casecade_PID.h"
 1807              		.file 7 "Algorithm/Control_Dep/controller.h"
 1808              		.file 8 "HW_Lib/AT32F435/drivers/inc/at32f435_437_tmr.h"
 1809              		.file 9 "Device/Dev_Dshot.h"
 1810              		.file 10 "common/Error_Log/../../common/gen_physic_def/imu_data.h"
 1811              		.file 11 "Service/control_data.h"
 1812              		.file 12 "Algorithm/Control_Dep/../../System/storage/Storage_Dev_Port.h"
 1813              		.file 13 "Algorithm/Control_Dep/../../System/storage/Storage.h"
 1814              		.file 14 "System/shell/shell.h"
 1815              		.file 15 "<built-in>"
 1816              		.file 16 "System/shell/shell_port.h"
 1817              		.file 17 "c:\\program files (x86)\\gnu arm embedded toolchain\\10 2021.10\\arm-none-eabi\\include\
 1818              		.file 18 "c:\\program files (x86)\\gnu arm embedded toolchain\\10 2021.10\\arm-none-eabi\\include\
ARM GAS  C:\Users\8bit\AppData\Local\Temp\cc1hImpv.s 			page 44


DEFINED SYMBOLS
                            *ABS*:00000000 controller.c
C:\Users\8bit\AppData\Local\Temp\cc1hImpv.s:20     .text.Controller_AttControl:00000000 $t
C:\Users\8bit\AppData\Local\Temp\cc1hImpv.s:25     .text.Controller_AttControl:00000000 Controller_AttControl
C:\Users\8bit\AppData\Local\Temp\cc1hImpv.s:106    .text.Controller_AttControl:00000050 $d
C:\Users\8bit\AppData\Local\Temp\cc1hImpv.s:111    .text.Controller_PID_AttParam_Set:00000000 $t
C:\Users\8bit\AppData\Local\Temp\cc1hImpv.s:116    .text.Controller_PID_AttParam_Set:00000000 Controller_PID_AttParam_Set
C:\Users\8bit\AppData\Local\Temp\cc1hImpv.s:211    .text.Controller_PID_AttParam_Set:00000060 $d
C:\Users\8bit\AppData\Local\Temp\cc1hImpv.s:218    .text.Controller_Set_Param:00000000 $t
C:\Users\8bit\AppData\Local\Temp\cc1hImpv.s:223    .text.Controller_Set_Param:00000000 Controller_Set_Param
C:\Users\8bit\AppData\Local\Temp\cc1hImpv.s:314    .rodata.Controller_PID_AttControl_ParamLoad.str1.4:00000000 $d
C:\Users\8bit\AppData\Local\Temp\cc1hImpv.s:318    .text.Controller_PID_AttControl_ParamLoad:00000000 $t
C:\Users\8bit\AppData\Local\Temp\cc1hImpv.s:323    .text.Controller_PID_AttControl_ParamLoad:00000000 Controller_PID_AttControl_ParamLoad
C:\Users\8bit\AppData\Local\Temp\cc1hImpv.s:504    .text.Controller_PID_AttControl_ParamLoad:000000e0 $d
C:\Users\8bit\AppData\Local\Temp\cc1hImpv.s:512    .text.Controller_Alt_Init:00000000 $t
C:\Users\8bit\AppData\Local\Temp\cc1hImpv.s:517    .text.Controller_Alt_Init:00000000 Controller_Alt_Init
C:\Users\8bit\AppData\Local\Temp\cc1hImpv.s:535    .text.Controller_Att_Init:00000000 $t
C:\Users\8bit\AppData\Local\Temp\cc1hImpv.s:540    .text.Controller_Att_Init:00000000 Controller_Att_Init
C:\Users\8bit\AppData\Local\Temp\cc1hImpv.s:578    .text.Controller_Att_Init:0000001c $d
C:\Users\8bit\AppData\Local\Temp\cc1hImpv.s:584    .rodata.Controller_Show_PID_Param.str1.4:00000000 $d
C:\Users\8bit\AppData\Local\Temp\cc1hImpv.s:594    .text.Controller_Show_PID_Param:00000000 $t
C:\Users\8bit\AppData\Local\Temp\cc1hImpv.s:599    .text.Controller_Show_PID_Param:00000000 Controller_Show_PID_Param
C:\Users\8bit\AppData\Local\Temp\cc1hImpv.s:667    .text.Controller_Show_PID_Param:00000050 $d
C:\Users\8bit\AppData\Local\Temp\cc1hImpv.s:674    .rodata.Controller_Show_AttPID_Param.str1.4:00000000 $d
C:\Users\8bit\AppData\Local\Temp\cc1hImpv.s:690    .text.Controller_Show_AttPID_Param:00000000 $t
C:\Users\8bit\AppData\Local\Temp\cc1hImpv.s:695    .text.Controller_Show_AttPID_Param:00000000 Controller_Show_AttPID_Param
C:\Users\8bit\AppData\Local\Temp\cc1hImpv.s:808    .text.Controller_Show_AttPID_Param:000000a8 $d
C:\Users\8bit\AppData\Local\Temp\cc1hImpv.s:817    .rodata.Controller_Show_InusePID.str1.4:00000000 $d
C:\Users\8bit\AppData\Local\Temp\cc1hImpv.s:821    .text.Controller_Show_InusePID:00000000 $t
C:\Users\8bit\AppData\Local\Temp\cc1hImpv.s:826    .text.Controller_Show_InusePID:00000000 Controller_Show_InusePID
C:\Users\8bit\AppData\Local\Temp\cc1hImpv.s:899    .text.Controller_Show_InusePID:0000004c $d
C:\Users\8bit\AppData\Local\Temp\cc1hImpv.s:905    .rodata.Controller_Show_StoredPID.str1.4:00000000 $d
C:\Users\8bit\AppData\Local\Temp\cc1hImpv.s:912    .text.Controller_Show_StoredPID:00000000 $t
C:\Users\8bit\AppData\Local\Temp\cc1hImpv.s:917    .text.Controller_Show_StoredPID:00000000 Controller_Show_StoredPID
C:\Users\8bit\AppData\Local\Temp\cc1hImpv.s:1036   .text.Controller_Show_StoredPID:000000a8 $d
C:\Users\8bit\AppData\Local\Temp\cc1hImpv.s:1045   .rodata.Controller_ConvertToFloat.str1.4:00000000 $d
C:\Users\8bit\AppData\Local\Temp\cc1hImpv.s:1049   .text.Controller_ConvertToFloat:00000000 $t
C:\Users\8bit\AppData\Local\Temp\cc1hImpv.s:1054   .text.Controller_ConvertToFloat:00000000 Controller_ConvertToFloat
C:\Users\8bit\AppData\Local\Temp\cc1hImpv.s:1299   .text.Controller_ConvertToFloat:0000010c $d
C:\Users\8bit\AppData\Local\Temp\cc1hImpv.s:1306   .rodata.Controller_AttPID_Tune_CLI.str1.4:00000000 $d
C:\Users\8bit\AppData\Local\Temp\cc1hImpv.s:1363   .text.Controller_AttPID_Tune_CLI:00000000 $t
C:\Users\8bit\AppData\Local\Temp\cc1hImpv.s:1368   .text.Controller_AttPID_Tune_CLI:00000000 Controller_AttPID_Tune_CLI
C:\Users\8bit\AppData\Local\Temp\cc1hImpv.s:1480   .text.Controller_AttPID_Tune_CLI:0000008c $d
C:\Users\8bit\AppData\Local\Temp\cc1hImpv.s:1692   .text.Controller_AttPID_Tune_CLI:00000184 $d
C:\Users\8bit\AppData\Local\Temp\cc1hImpv.s:1781   shellCommand:00000000 shellCommandtune_att_pid
C:\Users\8bit\AppData\Local\Temp\cc1hImpv.s:1775   .rodata.shellDesctune_att_pid:00000000 shellDesctune_att_pid
C:\Users\8bit\AppData\Local\Temp\cc1hImpv.s:1757   .rodata.shellCmdtune_att_pid:00000000 shellCmdtune_att_pid
C:\Users\8bit\AppData\Local\Temp\cc1hImpv.s:1788   shellCommand:00000010 shellCommandshow_stored_pid
C:\Users\8bit\AppData\Local\Temp\cc1hImpv.s:1769   .rodata.shellDescshow_stored_pid:00000000 shellDescshow_stored_pid
C:\Users\8bit\AppData\Local\Temp\cc1hImpv.s:1751   .rodata.shellCmdshow_stored_pid:00000000 shellCmdshow_stored_pid
C:\Users\8bit\AppData\Local\Temp\cc1hImpv.s:1795   shellCommand:00000020 shellCommandshow_inuse_pid
C:\Users\8bit\AppData\Local\Temp\cc1hImpv.s:1763   .rodata.shellDescshow_inuse_pid:00000000 shellDescshow_inuse_pid
C:\Users\8bit\AppData\Local\Temp\cc1hImpv.s:1745   .rodata.shellCmdshow_inuse_pid:00000000 shellCmdshow_inuse_pid
C:\Users\8bit\AppData\Local\Temp\cc1hImpv.s:1736   .data.Controller:00000000 Controller
C:\Users\8bit\AppData\Local\Temp\cc1hImpv.s:1730   .bss.ControllerMonitor:00000000 ControllerMonitor
C:\Users\8bit\AppData\Local\Temp\cc1hImpv.s:1726   .bss.ControllerMonitor:00000000 $d
C:\Users\8bit\AppData\Local\Temp\cc1hImpv.s:1733   .data.Controller:00000000 $d
ARM GAS  C:\Users\8bit\AppData\Local\Temp\cc1hImpv.s 			page 45


C:\Users\8bit\AppData\Local\Temp\cc1hImpv.s:1742   .rodata.shellCmdshow_inuse_pid:00000000 $d
C:\Users\8bit\AppData\Local\Temp\cc1hImpv.s:1748   .rodata.shellCmdshow_stored_pid:00000000 $d
C:\Users\8bit\AppData\Local\Temp\cc1hImpv.s:1754   .rodata.shellCmdtune_att_pid:00000000 $d
C:\Users\8bit\AppData\Local\Temp\cc1hImpv.s:1760   .rodata.shellDescshow_inuse_pid:00000000 $d
C:\Users\8bit\AppData\Local\Temp\cc1hImpv.s:1766   .rodata.shellDescshow_stored_pid:00000000 $d
C:\Users\8bit\AppData\Local\Temp\cc1hImpv.s:1772   .rodata.shellDesctune_att_pid:00000000 $d
C:\Users\8bit\AppData\Local\Temp\cc1hImpv.s:1778   shellCommand:00000000 $d
C:\Users\8bit\AppData\Local\Temp\cc1hImpv.s:1485   .text.Controller_AttPID_Tune_CLI:00000091 $d
C:\Users\8bit\AppData\Local\Temp\cc1hImpv.s:1485   .text.Controller_AttPID_Tune_CLI:00000092 $t

UNDEFINED SYMBOLS
Att_CasecadePID_Controller
memcpy
Storage
memset
__aeabi_f2d
shellPrint
Shell_GetInstence
__aeabi_d2f
strlen
atof
