ARM GAS  C:\Users\HUAV\AppData\Local\Temp\ccLqO20p.s 			page 1


   1              		.cpu cortex-m4
   2              		.arch armv7e-m
   3              		.fpu fpv4-sp-d16
   4              		.eabi_attribute 27, 1
   5              		.eabi_attribute 28, 1
   6              		.eabi_attribute 20, 1
   7              		.eabi_attribute 21, 1
   8              		.eabi_attribute 23, 3
   9              		.eabi_attribute 24, 1
  10              		.eabi_attribute 25, 1
  11              		.eabi_attribute 26, 1
  12              		.eabi_attribute 30, 1
  13              		.eabi_attribute 34, 1
  14              		.eabi_attribute 18, 4
  15              		.file	"Srv_SensorMonitor.c"
  16              		.text
  17              	.Ltext0:
  18              		.cfi_sections	.debug_frame
  19              		.section	.text.SrvSensorMonitor_Get_FreqVal,"ax",%progbits
  20              		.align	1
  21              		.syntax unified
  22              		.thumb
  23              		.thumb_func
  25              	SrvSensorMonitor_Get_FreqVal:
  26              	.LVL0:
  27              	.LFB146:
  28              		.file 1 "Service/Srv_SensorMonitor.c"
   1:Service/Srv_SensorMonitor.c **** #include "Srv_SensorMonitor.h"
   2:Service/Srv_SensorMonitor.c **** #include "Bsp_Timer.h"
   3:Service/Srv_SensorMonitor.c **** #include "Srv_OsCommon.h"
   4:Service/Srv_SensorMonitor.c **** #include "debug_util.h"
   5:Service/Srv_SensorMonitor.c **** #include "HW_Def.h"
   6:Service/Srv_SensorMonitor.c **** 
   7:Service/Srv_SensorMonitor.c **** /* 
   8:Service/Srv_SensorMonitor.c ****  * for sensor statistic function a timer is essenial
   9:Service/Srv_SensorMonitor.c ****  */
  10:Service/Srv_SensorMonitor.c **** #define SrvSensorMonitor_GetSampleInterval(period) (1000 / period)
  11:Service/Srv_SensorMonitor.c **** 
  12:Service/Srv_SensorMonitor.c **** #define FLOW_TYPE Flow_3901U
  13:Service/Srv_SensorMonitor.c **** 
  14:Service/Srv_SensorMonitor.c **** #define MONITOR_TAG "[ SENSOR MONITOR INFO ] "
  15:Service/Srv_SensorMonitor.c **** #define MONITOR_INFO(fmt, ...) Debug_Print(&DebugPort, MONITOR_TAG, fmt, ##__VA_ARGS__)
  16:Service/Srv_SensorMonitor.c **** 
  17:Service/Srv_SensorMonitor.c **** /* internal function */
  18:Service/Srv_SensorMonitor.c **** static uint32_t SrvSensorMonitor_Get_FreqVal(uint8_t freq_enum);
  19:Service/Srv_SensorMonitor.c **** 
  20:Service/Srv_SensorMonitor.c **** static bool SrvSensorMonitor_IMU_Init(SrvSensorMonitorObj_TypeDef *obj);
  21:Service/Srv_SensorMonitor.c **** static bool SrvSensorMonitor_Mag_Init(void);
  22:Service/Srv_SensorMonitor.c **** static bool SrvSensorMonitor_Baro_Init(SrvSensorMonitorObj_TypeDef *obj);
  23:Service/Srv_SensorMonitor.c **** static bool SrvSensorMonitor_Flow_Init(void);
  24:Service/Srv_SensorMonitor.c **** 
  25:Service/Srv_SensorMonitor.c **** /* external function */
  26:Service/Srv_SensorMonitor.c **** static bool SrvSensorMonitor_Init(SrvSensorMonitorObj_TypeDef *obj);
  27:Service/Srv_SensorMonitor.c **** static bool SrvSensorMonitor_SampleCTL(SrvSensorMonitorObj_TypeDef *obj);
  28:Service/Srv_SensorMonitor.c **** static SrvIMU_UnionData_TypeDef SrvSensorMonitor_Get_IMUData(SrvSensorMonitorObj_TypeDef *obj);
  29:Service/Srv_SensorMonitor.c **** static GenCalib_State_TypeList SrvSensorMonitor_Set_Module_Calib(SrvSensorMonitorObj_TypeDef *obj, 
  30:Service/Srv_SensorMonitor.c **** static GenCalib_State_TypeList SrvSensorMonitor_Get_Module_Calib(SrvSensorMonitorObj_TypeDef *obj, 
ARM GAS  C:\Users\HUAV\AppData\Local\Temp\ccLqO20p.s 			page 2


  31:Service/Srv_SensorMonitor.c **** static SrvBaro_UnionData_TypeDef SrvSensorMonitor_Get_BaroData(SrvSensorMonitorObj_TypeDef *obj);
  32:Service/Srv_SensorMonitor.c **** static bool SrvSensorMonitor_IMU_Get_Num(SrvSensorMonitorObj_TypeDef *obj, uint8_t *num);
  33:Service/Srv_SensorMonitor.c **** static bool SrvSensorMonitor_Get_IMU_Range(SrvSensorMonitorObj_TypeDef *obj, SrvIMU_Module_Type typ
  34:Service/Srv_SensorMonitor.c **** 
  35:Service/Srv_SensorMonitor.c **** SrvSensorMonitor_TypeDef SrvSensorMonitor = {
  36:Service/Srv_SensorMonitor.c ****     .init = SrvSensorMonitor_Init,
  37:Service/Srv_SensorMonitor.c ****     .sample_ctl = SrvSensorMonitor_SampleCTL,
  38:Service/Srv_SensorMonitor.c ****     .get_imu_num = SrvSensorMonitor_IMU_Get_Num,
  39:Service/Srv_SensorMonitor.c ****     .get_imu_range = SrvSensorMonitor_Get_IMU_Range,
  40:Service/Srv_SensorMonitor.c ****     .get_imu_data = SrvSensorMonitor_Get_IMUData,
  41:Service/Srv_SensorMonitor.c ****     .get_baro_data = SrvSensorMonitor_Get_BaroData,
  42:Service/Srv_SensorMonitor.c ****     .set_calib = SrvSensorMonitor_Set_Module_Calib,
  43:Service/Srv_SensorMonitor.c ****     .get_calib = SrvSensorMonitor_Get_Module_Calib,
  44:Service/Srv_SensorMonitor.c **** };
  45:Service/Srv_SensorMonitor.c **** 
  46:Service/Srv_SensorMonitor.c **** static bool SrvSensorMonitor_Init(SrvSensorMonitorObj_TypeDef *obj)
  47:Service/Srv_SensorMonitor.c **** {
  48:Service/Srv_SensorMonitor.c ****     uint8_t enable_sensor_num = 0;
  49:Service/Srv_SensorMonitor.c ****     uint16_t list_index = 0;
  50:Service/Srv_SensorMonitor.c **** 
  51:Service/Srv_SensorMonitor.c ****     if (obj)
  52:Service/Srv_SensorMonitor.c ****     {
  53:Service/Srv_SensorMonitor.c ****         enable_sensor_num = Get_OnSet_Bit_Num(obj->enabled_reg.val);
  54:Service/Srv_SensorMonitor.c ****         
  55:Service/Srv_SensorMonitor.c ****         obj->statistic_list = SrvOsCommon.malloc(enable_sensor_num * sizeof(SrvSensorMonitor_Statis
  56:Service/Srv_SensorMonitor.c ****         if (obj->statistic_list == NULL)
  57:Service/Srv_SensorMonitor.c ****         {
  58:Service/Srv_SensorMonitor.c ****             SrvOsCommon.free(obj->statistic_list);
  59:Service/Srv_SensorMonitor.c ****             return false;
  60:Service/Srv_SensorMonitor.c ****         }
  61:Service/Srv_SensorMonitor.c **** 
  62:Service/Srv_SensorMonitor.c ****         /* enabled on imu must be essential */
  63:Service/Srv_SensorMonitor.c ****         if (obj->enabled_reg.bit.imu && SrvSensorMonitor_IMU_Init(obj))
  64:Service/Srv_SensorMonitor.c ****         {
  65:Service/Srv_SensorMonitor.c ****             if (list_index > enable_sensor_num)
  66:Service/Srv_SensorMonitor.c ****                 return false;
  67:Service/Srv_SensorMonitor.c **** 
  68:Service/Srv_SensorMonitor.c ****             obj->init_state_reg.bit.imu = true;
  69:Service/Srv_SensorMonitor.c ****             obj->statistic_imu = &obj->statistic_list[list_index];
  70:Service/Srv_SensorMonitor.c ****             obj->statistic_imu->set_period = SrvSensorMonitor_Get_FreqVal(obj->freq_reg.bit.imu);
  71:Service/Srv_SensorMonitor.c ****             list_index ++;
  72:Service/Srv_SensorMonitor.c ****         }
  73:Service/Srv_SensorMonitor.c ****         else
  74:Service/Srv_SensorMonitor.c ****         {
  75:Service/Srv_SensorMonitor.c ****             if (obj->enabled_reg.bit.imu)
  76:Service/Srv_SensorMonitor.c ****                 obj->init_state_reg.bit.imu = false;
  77:Service/Srv_SensorMonitor.c **** 
  78:Service/Srv_SensorMonitor.c ****             return false;
  79:Service/Srv_SensorMonitor.c ****         }
  80:Service/Srv_SensorMonitor.c **** 
  81:Service/Srv_SensorMonitor.c ****         if (obj->enabled_reg.bit.mag && SrvSensorMonitor_Mag_Init())
  82:Service/Srv_SensorMonitor.c ****         {
  83:Service/Srv_SensorMonitor.c ****             if (list_index > enable_sensor_num)
  84:Service/Srv_SensorMonitor.c ****                 return false;
  85:Service/Srv_SensorMonitor.c **** 
  86:Service/Srv_SensorMonitor.c ****             obj->init_state_reg.bit.mag = true;
  87:Service/Srv_SensorMonitor.c ****             obj->statistic_mag = &obj->statistic_list[list_index];
ARM GAS  C:\Users\HUAV\AppData\Local\Temp\ccLqO20p.s 			page 3


  88:Service/Srv_SensorMonitor.c ****             obj->statistic_mag->set_period = SrvSensorMonitor_Get_FreqVal(obj->freq_reg.bit.mag);
  89:Service/Srv_SensorMonitor.c ****             obj->statistic_mag->is_calid = Calib_Ready;
  90:Service/Srv_SensorMonitor.c ****             list_index ++;
  91:Service/Srv_SensorMonitor.c ****         }
  92:Service/Srv_SensorMonitor.c ****         else
  93:Service/Srv_SensorMonitor.c ****         {
  94:Service/Srv_SensorMonitor.c ****             obj->statistic_mag->is_calid = Calib_Ready;
  95:Service/Srv_SensorMonitor.c ****             obj->init_state_reg.bit.mag = false;
  96:Service/Srv_SensorMonitor.c ****         }
  97:Service/Srv_SensorMonitor.c **** 
  98:Service/Srv_SensorMonitor.c ****         if (obj->enabled_reg.bit.baro && SrvSensorMonitor_Baro_Init(obj))
  99:Service/Srv_SensorMonitor.c ****         {
 100:Service/Srv_SensorMonitor.c ****             if (list_index > enable_sensor_num)
 101:Service/Srv_SensorMonitor.c ****                 return false;
 102:Service/Srv_SensorMonitor.c **** 
 103:Service/Srv_SensorMonitor.c ****             obj->init_state_reg.bit.baro = true;
 104:Service/Srv_SensorMonitor.c ****             obj->statistic_baro = &obj->statistic_list[list_index];
 105:Service/Srv_SensorMonitor.c ****             obj->statistic_baro->set_period = SrvSensorMonitor_Get_FreqVal(obj->freq_reg.bit.baro);
 106:Service/Srv_SensorMonitor.c ****             obj->statistic_baro->is_calid = Calib_Ready;
 107:Service/Srv_SensorMonitor.c ****             list_index ++;
 108:Service/Srv_SensorMonitor.c ****         }
 109:Service/Srv_SensorMonitor.c ****         else
 110:Service/Srv_SensorMonitor.c ****         {
 111:Service/Srv_SensorMonitor.c ****             obj->statistic_baro->is_calid = Calib_Ready;
 112:Service/Srv_SensorMonitor.c ****             obj->init_state_reg.bit.baro = false;
 113:Service/Srv_SensorMonitor.c ****         }
 114:Service/Srv_SensorMonitor.c **** 
 115:Service/Srv_SensorMonitor.c ****         if (obj->enabled_reg.bit.flow && SrvSensorMonitor_Flow_Init())
 116:Service/Srv_SensorMonitor.c ****         {
 117:Service/Srv_SensorMonitor.c ****             if (list_index > enable_sensor_num)
 118:Service/Srv_SensorMonitor.c ****                 return false;
 119:Service/Srv_SensorMonitor.c **** 
 120:Service/Srv_SensorMonitor.c ****             obj->init_state_reg.bit.flow = true;
 121:Service/Srv_SensorMonitor.c ****             obj->statistic_flow = &obj->statistic_list[list_index];
 122:Service/Srv_SensorMonitor.c ****             obj->statistic_flow->set_period = SrvSensorMonitor_Get_FreqVal(obj->freq_reg.bit.flow);
 123:Service/Srv_SensorMonitor.c ****             list_index ++;
 124:Service/Srv_SensorMonitor.c ****         }
 125:Service/Srv_SensorMonitor.c ****         else
 126:Service/Srv_SensorMonitor.c ****         {
 127:Service/Srv_SensorMonitor.c ****             obj->init_state_reg.bit.flow = false;
 128:Service/Srv_SensorMonitor.c ****         }
 129:Service/Srv_SensorMonitor.c **** 
 130:Service/Srv_SensorMonitor.c ****         return true;
 131:Service/Srv_SensorMonitor.c ****     }
 132:Service/Srv_SensorMonitor.c **** 
 133:Service/Srv_SensorMonitor.c ****     return false;
 134:Service/Srv_SensorMonitor.c **** }
 135:Service/Srv_SensorMonitor.c **** 
 136:Service/Srv_SensorMonitor.c **** static uint32_t SrvSensorMonitor_Get_FreqVal(uint8_t freq_enum)
 137:Service/Srv_SensorMonitor.c **** {
  29              		.loc 1 137 1 view -0
  30              		.cfi_startproc
  31              		@ args = 0, pretend = 0, frame = 0
  32              		@ frame_needed = 0, uses_anonymous_args = 0
  33              		@ link register save eliminated.
 138:Service/Srv_SensorMonitor.c ****     switch(freq_enum)
  34              		.loc 1 138 5 view .LVU1
ARM GAS  C:\Users\HUAV\AppData\Local\Temp\ccLqO20p.s 			page 4


  35 0000 0928     		cmp	r0, #9
  36 0002 19D8     		bhi	.L2
  37 0004 DFE800F0 		tbb	[pc, r0]
  38              	.L4:
  39 0008 05       		.byte	(.L13-.L4)/2
  40 0009 1A       		.byte	(.L14-.L4)/2
  41 000a 08       		.byte	(.L11-.L4)/2
  42 000b 0A       		.byte	(.L10-.L4)/2
  43 000c 0C       		.byte	(.L9-.L4)/2
  44 000d 0E       		.byte	(.L8-.L4)/2
  45 000e 10       		.byte	(.L7-.L4)/2
  46 000f 12       		.byte	(.L6-.L4)/2
  47 0010 14       		.byte	(.L5-.L4)/2
  48 0011 16       		.byte	(.L3-.L4)/2
  49              		.p2align 1
  50              	.L13:
  51 0012 4FF47A70 		mov	r0, #1000
  52              	.LVL1:
  53              		.loc 1 138 5 is_stmt 0 view .LVU2
  54 0016 7047     		bx	lr
  55              	.LVL2:
  56              	.L11:
 139:Service/Srv_SensorMonitor.c ****     {
 140:Service/Srv_SensorMonitor.c ****         case SrvSensorMonitor_SampleFreq_1KHz:  return 1000;
 141:Service/Srv_SensorMonitor.c ****         case SrvSensorMonitor_SampleFreq_500Hz: return 500;
 142:Service/Srv_SensorMonitor.c ****         case SrvSensorMonitor_SampleFreq_250Hz: return 250;
  57              		.loc 1 142 49 is_stmt 1 view .LVU3
  58              		.loc 1 142 56 is_stmt 0 view .LVU4
  59 0018 FA20     		movs	r0, #250
  60              	.LVL3:
  61              		.loc 1 142 56 view .LVU5
  62 001a 7047     		bx	lr
  63              	.LVL4:
  64              	.L10:
 143:Service/Srv_SensorMonitor.c ****         case SrvSensorMonitor_SampleFreq_200Hz: return 200;
  65              		.loc 1 143 49 is_stmt 1 view .LVU6
  66              		.loc 1 143 56 is_stmt 0 view .LVU7
  67 001c C820     		movs	r0, #200
  68              	.LVL5:
  69              		.loc 1 143 56 view .LVU8
  70 001e 7047     		bx	lr
  71              	.LVL6:
  72              	.L9:
 144:Service/Srv_SensorMonitor.c ****         case SrvSensorMonitor_SampleFreq_100Hz: return 100;
  73              		.loc 1 144 49 is_stmt 1 view .LVU9
  74              		.loc 1 144 56 is_stmt 0 view .LVU10
  75 0020 6420     		movs	r0, #100
  76              	.LVL7:
  77              		.loc 1 144 56 view .LVU11
  78 0022 7047     		bx	lr
  79              	.LVL8:
  80              	.L8:
 145:Service/Srv_SensorMonitor.c ****         case SrvSensorMonitor_SampleFreq_50Hz:  return 50;
  81              		.loc 1 145 49 is_stmt 1 view .LVU12
  82              		.loc 1 145 56 is_stmt 0 view .LVU13
  83 0024 3220     		movs	r0, #50
  84              	.LVL9:
ARM GAS  C:\Users\HUAV\AppData\Local\Temp\ccLqO20p.s 			page 5


  85              		.loc 1 145 56 view .LVU14
  86 0026 7047     		bx	lr
  87              	.LVL10:
  88              	.L7:
 146:Service/Srv_SensorMonitor.c ****         case SrvSensorMonitor_SampleFreq_20Hz:  return 20;
  89              		.loc 1 146 49 is_stmt 1 view .LVU15
  90              		.loc 1 146 56 is_stmt 0 view .LVU16
  91 0028 1420     		movs	r0, #20
  92              	.LVL11:
  93              		.loc 1 146 56 view .LVU17
  94 002a 7047     		bx	lr
  95              	.LVL12:
  96              	.L6:
 147:Service/Srv_SensorMonitor.c ****         case SrvSensorMonitor_SampleFreq_10Hz:  return 10;
  97              		.loc 1 147 49 is_stmt 1 view .LVU18
  98              		.loc 1 147 56 is_stmt 0 view .LVU19
  99 002c 0A20     		movs	r0, #10
 100              	.LVL13:
 101              		.loc 1 147 56 view .LVU20
 102 002e 7047     		bx	lr
 103              	.LVL14:
 104              	.L5:
 148:Service/Srv_SensorMonitor.c ****         case SrvSensorMonitor_SampleFreq_5Hz:   return 5;
 105              		.loc 1 148 49 is_stmt 1 view .LVU21
 106              		.loc 1 148 56 is_stmt 0 view .LVU22
 107 0030 0520     		movs	r0, #5
 108              	.LVL15:
 109              		.loc 1 148 56 view .LVU23
 110 0032 7047     		bx	lr
 111              	.LVL16:
 112              	.L3:
 149:Service/Srv_SensorMonitor.c ****         case SrvSensorMonitor_SampleFreq_1Hz:   return 1;
 113              		.loc 1 149 49 is_stmt 1 view .LVU24
 114              		.loc 1 149 56 is_stmt 0 view .LVU25
 115 0034 0120     		movs	r0, #1
 116              	.LVL17:
 117              		.loc 1 149 56 view .LVU26
 118 0036 7047     		bx	lr
 119              	.LVL18:
 120              	.L2:
 150:Service/Srv_SensorMonitor.c ****         default: return 0;
 121              		.loc 1 150 18 is_stmt 1 view .LVU27
 122              		.loc 1 150 25 is_stmt 0 view .LVU28
 123 0038 0020     		movs	r0, #0
 124              	.LVL19:
 125              		.loc 1 150 25 view .LVU29
 126 003a 7047     		bx	lr
 127              	.LVL20:
 128              	.L14:
 141:Service/Srv_SensorMonitor.c ****         case SrvSensorMonitor_SampleFreq_250Hz: return 250;
 129              		.loc 1 141 56 view .LVU30
 130 003c 4FF4FA70 		mov	r0, #500
 131              	.LVL21:
 151:Service/Srv_SensorMonitor.c ****     }
 152:Service/Srv_SensorMonitor.c **** 
 153:Service/Srv_SensorMonitor.c ****     return 0;
 154:Service/Srv_SensorMonitor.c **** }
ARM GAS  C:\Users\HUAV\AppData\Local\Temp\ccLqO20p.s 			page 6


 132              		.loc 1 154 1 view .LVU31
 133 0040 7047     		bx	lr
 134              		.cfi_endproc
 135              	.LFE146:
 137              		.section	.text.SrvSensorMonitor_IMU_Get_Num,"ax",%progbits
 138              		.align	1
 139              		.syntax unified
 140              		.thumb
 141              		.thumb_func
 143              	SrvSensorMonitor_IMU_Get_Num:
 144              	.LVL22:
 145              	.LFB150:
 155:Service/Srv_SensorMonitor.c **** 
 156:Service/Srv_SensorMonitor.c **** static uint32_t SrvSensorMonitor_Get_EnableState(SrvSensorMonitorObj_TypeDef *obj)
 157:Service/Srv_SensorMonitor.c **** {
 158:Service/Srv_SensorMonitor.c ****     if (obj)
 159:Service/Srv_SensorMonitor.c ****         return obj->enabled_reg.val;
 160:Service/Srv_SensorMonitor.c **** 
 161:Service/Srv_SensorMonitor.c ****     return 0;
 162:Service/Srv_SensorMonitor.c **** }
 163:Service/Srv_SensorMonitor.c **** 
 164:Service/Srv_SensorMonitor.c **** static uint32_t SrvSensorMonitor_Get_InitState(SrvSensorMonitorObj_TypeDef *obj)
 165:Service/Srv_SensorMonitor.c **** {
 166:Service/Srv_SensorMonitor.c ****     if (obj)
 167:Service/Srv_SensorMonitor.c ****         return obj->init_state_reg.val;
 168:Service/Srv_SensorMonitor.c **** 
 169:Service/Srv_SensorMonitor.c ****     return 0;
 170:Service/Srv_SensorMonitor.c **** }
 171:Service/Srv_SensorMonitor.c **** 
 172:Service/Srv_SensorMonitor.c **** /******************************************* IMU Section ******************************************
 173:Service/Srv_SensorMonitor.c **** static bool SrvSensorMonitor_IMU_Init(SrvSensorMonitorObj_TypeDef *obj)
 174:Service/Srv_SensorMonitor.c **** {
 175:Service/Srv_SensorMonitor.c ****     SrvIMU_ErrorCode_List init_state;
 176:Service/Srv_SensorMonitor.c **** 
 177:Service/Srv_SensorMonitor.c ****     if (SrvIMU.init && obj)
 178:Service/Srv_SensorMonitor.c ****     {
 179:Service/Srv_SensorMonitor.c ****         init_state = SrvIMU.init();
 180:Service/Srv_SensorMonitor.c ****         obj->imu_num = 0;
 181:Service/Srv_SensorMonitor.c **** 
 182:Service/Srv_SensorMonitor.c ****         switch(init_state)
 183:Service/Srv_SensorMonitor.c ****         {
 184:Service/Srv_SensorMonitor.c ****             case SrvIMU_PriDev_Init_Error:
 185:Service/Srv_SensorMonitor.c ****                 MONITOR_INFO("Pri IMU init error\r\n");
 186:Service/Srv_SensorMonitor.c ****                 memset(&obj->PriIMU_Range, 0, sizeof(obj->PriIMU_Range));
 187:Service/Srv_SensorMonitor.c ****                 obj->sec_range_get = SrvIMU.get_range(SrvIMU_SecModule, &obj->SecIMU_Range);
 188:Service/Srv_SensorMonitor.c ****                 if (!obj->sec_range_get)
 189:Service/Srv_SensorMonitor.c ****                 {
 190:Service/Srv_SensorMonitor.c ****                     MONITOR_INFO("IMU get range failed\r\n");
 191:Service/Srv_SensorMonitor.c ****                     memset(&obj->SecIMU_Range, 0, sizeof(obj->SecIMU_Range));
 192:Service/Srv_SensorMonitor.c ****                     return false;
 193:Service/Srv_SensorMonitor.c ****                 }
 194:Service/Srv_SensorMonitor.c **** 
 195:Service/Srv_SensorMonitor.c ****                 obj->imu_num = 1;
 196:Service/Srv_SensorMonitor.c ****                 /* set sample mode */
 197:Service/Srv_SensorMonitor.c ****                 obj->IMU_SampleMode = SrvIMU_Priori_Sec;
 198:Service/Srv_SensorMonitor.c **** 
 199:Service/Srv_SensorMonitor.c ****                 /* get secondary imu type */
ARM GAS  C:\Users\HUAV\AppData\Local\Temp\ccLqO20p.s 			page 7


 200:Service/Srv_SensorMonitor.c ****                 SrvIMU.get_type(SrvIMU_SecModule, &obj->sec_imu_type);
 201:Service/Srv_SensorMonitor.c ****                 obj->pri_imu_type = SrvIMU_Dev_None;
 202:Service/Srv_SensorMonitor.c ****                 break;
 203:Service/Srv_SensorMonitor.c **** 
 204:Service/Srv_SensorMonitor.c ****             case SrvIMU_SecDev_Init_Error:
 205:Service/Srv_SensorMonitor.c ****                 MONITOR_INFO("Sec IMU init error\r\n");
 206:Service/Srv_SensorMonitor.c ****                 memset(&obj->SecIMU_Range, 0, sizeof(obj->SecIMU_Range));
 207:Service/Srv_SensorMonitor.c ****                 obj->pri_range_get = SrvIMU.get_range(SrvIMU_PriModule, &obj->PriIMU_Range);
 208:Service/Srv_SensorMonitor.c ****                 if (!obj->pri_range_get)
 209:Service/Srv_SensorMonitor.c ****                 {
 210:Service/Srv_SensorMonitor.c ****                     MONITOR_INFO("IMU get range failed\r\n");
 211:Service/Srv_SensorMonitor.c ****                     memset(&obj->PriIMU_Range, 0, sizeof(obj->PriIMU_Range));
 212:Service/Srv_SensorMonitor.c ****                     return false;
 213:Service/Srv_SensorMonitor.c ****                 }
 214:Service/Srv_SensorMonitor.c **** 
 215:Service/Srv_SensorMonitor.c ****                 obj->imu_num = 1;
 216:Service/Srv_SensorMonitor.c ****                 /* ser sample mode */
 217:Service/Srv_SensorMonitor.c ****                 obj->IMU_SampleMode = SrvIMU_Priori_Pri;
 218:Service/Srv_SensorMonitor.c **** 
 219:Service/Srv_SensorMonitor.c ****                 /* get primary imu type */
 220:Service/Srv_SensorMonitor.c ****                 SrvIMU.get_type(SrvIMU_PriModule, &obj->pri_imu_type);
 221:Service/Srv_SensorMonitor.c ****                 obj->sec_imu_type = SrvIMU_Dev_None;
 222:Service/Srv_SensorMonitor.c ****                 break;
 223:Service/Srv_SensorMonitor.c **** 
 224:Service/Srv_SensorMonitor.c ****             case SrvIMU_No_Error:
 225:Service/Srv_SensorMonitor.c ****                 MONITOR_INFO("All IMU init successed\r\n");
 226:Service/Srv_SensorMonitor.c ****                 memset(&obj->PriIMU_Range, 0, sizeof(obj->PriIMU_Range));
 227:Service/Srv_SensorMonitor.c ****                 memset(&obj->SecIMU_Range, 0, sizeof(obj->SecIMU_Range));
 228:Service/Srv_SensorMonitor.c ****                 
 229:Service/Srv_SensorMonitor.c ****                 obj->pri_range_get = SrvIMU.get_range(SrvIMU_PriModule, &obj->PriIMU_Range);
 230:Service/Srv_SensorMonitor.c ****                 obj->sec_range_get = SrvIMU.get_range(SrvIMU_SecModule, &obj->SecIMU_Range);
 231:Service/Srv_SensorMonitor.c ****                 
 232:Service/Srv_SensorMonitor.c ****                 /* get both imu type */
 233:Service/Srv_SensorMonitor.c ****                 SrvIMU.get_type(SrvIMU_PriModule, &obj->pri_imu_type);
 234:Service/Srv_SensorMonitor.c ****                 SrvIMU.get_type(SrvIMU_SecModule, &obj->sec_imu_type);
 235:Service/Srv_SensorMonitor.c **** 
 236:Service/Srv_SensorMonitor.c ****                 /* set sample mode */
 237:Service/Srv_SensorMonitor.c ****                 if (!obj->pri_range_get && !obj->sec_range_get)
 238:Service/Srv_SensorMonitor.c ****                 {
 239:Service/Srv_SensorMonitor.c ****                     MONITOR_INFO("IMU get range failed\r\n");
 240:Service/Srv_SensorMonitor.c ****                     memset(&obj->PriIMU_Range, 0, sizeof(obj->PriIMU_Range));
 241:Service/Srv_SensorMonitor.c ****                     memset(&obj->SecIMU_Range, 0, sizeof(obj->SecIMU_Range));
 242:Service/Srv_SensorMonitor.c ****                     return false;
 243:Service/Srv_SensorMonitor.c ****                 }
 244:Service/Srv_SensorMonitor.c ****                 else
 245:Service/Srv_SensorMonitor.c ****                 {
 246:Service/Srv_SensorMonitor.c ****                     if (obj->pri_range_get & obj->sec_range_get)
 247:Service/Srv_SensorMonitor.c ****                     {
 248:Service/Srv_SensorMonitor.c ****                         obj->imu_num = 2;
 249:Service/Srv_SensorMonitor.c ****                         obj->IMU_SampleMode = SrvIMU_Both_Sample;
 250:Service/Srv_SensorMonitor.c ****                     }
 251:Service/Srv_SensorMonitor.c ****                     else
 252:Service/Srv_SensorMonitor.c ****                     {
 253:Service/Srv_SensorMonitor.c ****                         obj->imu_num = 1;
 254:Service/Srv_SensorMonitor.c ****                         if (obj->pri_range_get)
 255:Service/Srv_SensorMonitor.c ****                         {
 256:Service/Srv_SensorMonitor.c ****                             obj->IMU_SampleMode = SrvIMU_Priori_Pri;
ARM GAS  C:\Users\HUAV\AppData\Local\Temp\ccLqO20p.s 			page 8


 257:Service/Srv_SensorMonitor.c ****                         }
 258:Service/Srv_SensorMonitor.c ****                         else
 259:Service/Srv_SensorMonitor.c ****                             obj->IMU_SampleMode = SrvIMU_Priori_Sec;
 260:Service/Srv_SensorMonitor.c ****                     }
 261:Service/Srv_SensorMonitor.c ****                 }
 262:Service/Srv_SensorMonitor.c ****                 break;
 263:Service/Srv_SensorMonitor.c **** 
 264:Service/Srv_SensorMonitor.c ****             case SrvIMU_AllModule_Init_Error:
 265:Service/Srv_SensorMonitor.c ****             default:
 266:Service/Srv_SensorMonitor.c ****                 return false;
 267:Service/Srv_SensorMonitor.c ****         }
 268:Service/Srv_SensorMonitor.c **** 
 269:Service/Srv_SensorMonitor.c ****         return true;
 270:Service/Srv_SensorMonitor.c ****     }
 271:Service/Srv_SensorMonitor.c **** 
 272:Service/Srv_SensorMonitor.c ****     return false;
 273:Service/Srv_SensorMonitor.c **** }
 274:Service/Srv_SensorMonitor.c **** 
 275:Service/Srv_SensorMonitor.c **** static bool SrvSensorMonitor_IMU_Get_Num(SrvSensorMonitorObj_TypeDef *obj, uint8_t *num)
 276:Service/Srv_SensorMonitor.c **** {
 146              		.loc 1 276 1 is_stmt 1 view -0
 147              		.cfi_startproc
 148              		@ args = 0, pretend = 0, frame = 0
 149              		@ frame_needed = 0, uses_anonymous_args = 0
 150              		@ link register save eliminated.
 277:Service/Srv_SensorMonitor.c ****     if (obj)
 151              		.loc 1 277 5 view .LVU33
 152              		.loc 1 277 8 is_stmt 0 view .LVU34
 153 0000 60B1     		cbz	r0, .L18
 278:Service/Srv_SensorMonitor.c ****     {
 279:Service/Srv_SensorMonitor.c ****         if (num)
 154              		.loc 1 279 9 is_stmt 1 view .LVU35
 155              		.loc 1 279 12 is_stmt 0 view .LVU36
 156 0002 69B1     		cbz	r1, .L19
 280:Service/Srv_SensorMonitor.c ****         {
 281:Service/Srv_SensorMonitor.c ****             if (obj->init_state_reg.bit.imu)
 157              		.loc 1 281 13 is_stmt 1 view .LVU37
 158              		.loc 1 281 17 is_stmt 0 view .LVU38
 159 0004 0279     		ldrb	r2, [r0, #4]	@ zero_extendqisi2
 160              		.loc 1 281 16 view .LVU39
 161 0006 12F0010F 		tst	r2, #1
 162 000a 02D1     		bne	.L20
 282:Service/Srv_SensorMonitor.c ****             {
 283:Service/Srv_SensorMonitor.c ****                 (*num) = obj->imu_num;
 284:Service/Srv_SensorMonitor.c ****                 return true;
 285:Service/Srv_SensorMonitor.c ****             }
 286:Service/Srv_SensorMonitor.c ****             else
 287:Service/Srv_SensorMonitor.c ****                 (*num) = 0;
 163              		.loc 1 287 17 is_stmt 1 view .LVU40
 164              		.loc 1 287 24 is_stmt 0 view .LVU41
 165 000c 0020     		movs	r0, #0
 166              	.LVL23:
 167              		.loc 1 287 24 view .LVU42
 168 000e 0870     		strb	r0, [r1]
 169 0010 7047     		bx	lr
 170              	.LVL24:
 171              	.L20:
ARM GAS  C:\Users\HUAV\AppData\Local\Temp\ccLqO20p.s 			page 9


 283:Service/Srv_SensorMonitor.c ****                 return true;
 172              		.loc 1 283 17 is_stmt 1 view .LVU43
 283:Service/Srv_SensorMonitor.c ****                 return true;
 173              		.loc 1 283 29 is_stmt 0 view .LVU44
 174 0012 90F82030 		ldrb	r3, [r0, #32]	@ zero_extendqisi2
 283:Service/Srv_SensorMonitor.c ****                 return true;
 175              		.loc 1 283 24 view .LVU45
 176 0016 0B70     		strb	r3, [r1]
 284:Service/Srv_SensorMonitor.c ****             }
 177              		.loc 1 284 17 is_stmt 1 view .LVU46
 284:Service/Srv_SensorMonitor.c ****             }
 178              		.loc 1 284 24 is_stmt 0 view .LVU47
 179 0018 0120     		movs	r0, #1
 180              	.LVL25:
 284:Service/Srv_SensorMonitor.c ****             }
 181              		.loc 1 284 24 view .LVU48
 182 001a 7047     		bx	lr
 183              	.LVL26:
 184              	.L18:
 288:Service/Srv_SensorMonitor.c ****         }   
 289:Service/Srv_SensorMonitor.c ****     }
 290:Service/Srv_SensorMonitor.c **** 
 291:Service/Srv_SensorMonitor.c ****     return false;
 185              		.loc 1 291 12 view .LVU49
 186 001c 0020     		movs	r0, #0
 187              	.LVL27:
 188              		.loc 1 291 12 view .LVU50
 189 001e 7047     		bx	lr
 190              	.LVL28:
 191              	.L19:
 192              		.loc 1 291 12 view .LVU51
 193 0020 0020     		movs	r0, #0
 194              	.LVL29:
 292:Service/Srv_SensorMonitor.c **** }
 195              		.loc 1 292 1 view .LVU52
 196 0022 7047     		bx	lr
 197              		.cfi_endproc
 198              	.LFE150:
 200              		.section	.text.SrvSensorMonitor_Get_IMU_Range,"ax",%progbits
 201              		.align	1
 202              		.syntax unified
 203              		.thumb
 204              		.thumb_func
 206              	SrvSensorMonitor_Get_IMU_Range:
 207              	.LVL30:
 208              	.LFB151:
 293:Service/Srv_SensorMonitor.c **** 
 294:Service/Srv_SensorMonitor.c **** static bool SrvSensorMonitor_Get_IMU_Range(SrvSensorMonitorObj_TypeDef *obj, SrvIMU_Module_Type typ
 295:Service/Srv_SensorMonitor.c **** {
 209              		.loc 1 295 1 is_stmt 1 view -0
 210              		.cfi_startproc
 211              		@ args = 0, pretend = 0, frame = 0
 212              		@ frame_needed = 0, uses_anonymous_args = 0
 213              		@ link register save eliminated.
 296:Service/Srv_SensorMonitor.c ****     if (obj && range)
 214              		.loc 1 296 5 view .LVU54
 215              		.loc 1 296 8 is_stmt 0 view .LVU55
ARM GAS  C:\Users\HUAV\AppData\Local\Temp\ccLqO20p.s 			page 10


 216 0000 0346     		mov	r3, r0
 217 0002 00B3     		cbz	r0, .L27
 218              		.loc 1 296 13 discriminator 1 view .LVU56
 219 0004 0AB3     		cbz	r2, .L28
 297:Service/Srv_SensorMonitor.c ****     {
 298:Service/Srv_SensorMonitor.c ****         switch((uint8_t)type)
 220              		.loc 1 298 9 is_stmt 1 view .LVU57
 221 0006 0129     		cmp	r1, #1
 222 0008 03D0     		beq	.L23
 223 000a 0229     		cmp	r1, #2
 224 000c 0ED0     		beq	.L24
 225 000e 0020     		movs	r0, #0
 226              	.LVL31:
 227              		.loc 1 298 9 is_stmt 0 view .LVU58
 228 0010 7047     		bx	lr
 229              	.LVL32:
 230              	.L23:
 299:Service/Srv_SensorMonitor.c ****         {
 300:Service/Srv_SensorMonitor.c ****             case SrvIMU_PriModule:
 301:Service/Srv_SensorMonitor.c ****                 if (obj->pri_range_get)
 231              		.loc 1 301 17 is_stmt 1 view .LVU59
 232              		.loc 1 301 24 is_stmt 0 view .LVU60
 233 0012 90F82100 		ldrb	r0, [r0, #33]	@ zero_extendqisi2
 234              	.LVL33:
 235              		.loc 1 301 20 view .LVU61
 236 0016 28B1     		cbz	r0, .L25
 302:Service/Srv_SensorMonitor.c ****                 {
 303:Service/Srv_SensorMonitor.c ****                     range->Acc = obj->PriIMU_Range.Acc;
 237              		.loc 1 303 21 is_stmt 1 view .LVU62
 238              		.loc 1 303 51 is_stmt 0 view .LVU63
 239 0018 93F82410 		ldrb	r1, [r3, #36]	@ zero_extendqisi2
 240              	.LVL34:
 241              		.loc 1 303 32 view .LVU64
 242 001c 1170     		strb	r1, [r2]
 304:Service/Srv_SensorMonitor.c ****                     range->Gyr = obj->PriIMU_Range.Gyr;
 243              		.loc 1 304 21 is_stmt 1 view .LVU65
 244              		.loc 1 304 51 is_stmt 0 view .LVU66
 245 001e DB8C     		ldrh	r3, [r3, #38]
 246              	.LVL35:
 247              		.loc 1 304 32 view .LVU67
 248 0020 5380     		strh	r3, [r2, #2]	@ movhi
 305:Service/Srv_SensorMonitor.c ****                     return true;
 249              		.loc 1 305 21 is_stmt 1 view .LVU68
 250              		.loc 1 305 28 is_stmt 0 view .LVU69
 251 0022 7047     		bx	lr
 252              	.LVL36:
 253              	.L25:
 306:Service/Srv_SensorMonitor.c ****                 }
 307:Service/Srv_SensorMonitor.c **** 
 308:Service/Srv_SensorMonitor.c ****                 range->Acc = 0;
 254              		.loc 1 308 17 is_stmt 1 view .LVU70
 255              		.loc 1 308 28 is_stmt 0 view .LVU71
 256 0024 0023     		movs	r3, #0
 257              	.LVL37:
 258              		.loc 1 308 28 view .LVU72
 259 0026 1370     		strb	r3, [r2]
 309:Service/Srv_SensorMonitor.c ****                 range->Gyr = 0;
ARM GAS  C:\Users\HUAV\AppData\Local\Temp\ccLqO20p.s 			page 11


 260              		.loc 1 309 17 is_stmt 1 view .LVU73
 261              		.loc 1 309 28 is_stmt 0 view .LVU74
 262 0028 5380     		strh	r3, [r2, #2]	@ movhi
 310:Service/Srv_SensorMonitor.c ****                 return false;
 263              		.loc 1 310 17 is_stmt 1 view .LVU75
 264              		.loc 1 310 24 is_stmt 0 view .LVU76
 265 002a 7047     		bx	lr
 266              	.LVL38:
 267              	.L24:
 311:Service/Srv_SensorMonitor.c **** 
 312:Service/Srv_SensorMonitor.c ****             case SrvIMU_SecModule:
 313:Service/Srv_SensorMonitor.c ****                 if (obj->sec_range_get)
 268              		.loc 1 313 17 is_stmt 1 view .LVU77
 269              		.loc 1 313 24 is_stmt 0 view .LVU78
 270 002c 90F82200 		ldrb	r0, [r0, #34]	@ zero_extendqisi2
 271              	.LVL39:
 272              		.loc 1 313 20 view .LVU79
 273 0030 28B1     		cbz	r0, .L26
 314:Service/Srv_SensorMonitor.c ****                 {
 315:Service/Srv_SensorMonitor.c ****                     range->Acc = obj->SecIMU_Range.Acc;
 274              		.loc 1 315 21 is_stmt 1 view .LVU80
 275              		.loc 1 315 51 is_stmt 0 view .LVU81
 276 0032 93F82810 		ldrb	r1, [r3, #40]	@ zero_extendqisi2
 277              	.LVL40:
 278              		.loc 1 315 32 view .LVU82
 279 0036 1170     		strb	r1, [r2]
 316:Service/Srv_SensorMonitor.c ****                     range->Gyr = obj->SecIMU_Range.Gyr;
 280              		.loc 1 316 21 is_stmt 1 view .LVU83
 281              		.loc 1 316 51 is_stmt 0 view .LVU84
 282 0038 5B8D     		ldrh	r3, [r3, #42]
 283              	.LVL41:
 284              		.loc 1 316 32 view .LVU85
 285 003a 5380     		strh	r3, [r2, #2]	@ movhi
 317:Service/Srv_SensorMonitor.c ****                     return true;
 286              		.loc 1 317 21 is_stmt 1 view .LVU86
 287              		.loc 1 317 28 is_stmt 0 view .LVU87
 288 003c 7047     		bx	lr
 289              	.LVL42:
 290              	.L26:
 318:Service/Srv_SensorMonitor.c ****                 }
 319:Service/Srv_SensorMonitor.c **** 
 320:Service/Srv_SensorMonitor.c ****                 range->Acc = 0;
 291              		.loc 1 320 17 is_stmt 1 view .LVU88
 292              		.loc 1 320 28 is_stmt 0 view .LVU89
 293 003e 0023     		movs	r3, #0
 294              	.LVL43:
 295              		.loc 1 320 28 view .LVU90
 296 0040 1370     		strb	r3, [r2]
 321:Service/Srv_SensorMonitor.c ****                 range->Gyr = 0;
 297              		.loc 1 321 17 is_stmt 1 view .LVU91
 298              		.loc 1 321 28 is_stmt 0 view .LVU92
 299 0042 5380     		strh	r3, [r2, #2]	@ movhi
 322:Service/Srv_SensorMonitor.c ****                 return false;
 300              		.loc 1 322 17 is_stmt 1 view .LVU93
 301              		.loc 1 322 24 is_stmt 0 view .LVU94
 302 0044 7047     		bx	lr
 303              	.LVL44:
ARM GAS  C:\Users\HUAV\AppData\Local\Temp\ccLqO20p.s 			page 12


 304              	.L27:
 323:Service/Srv_SensorMonitor.c **** 
 324:Service/Srv_SensorMonitor.c ****             default:
 325:Service/Srv_SensorMonitor.c ****                 return false;
 326:Service/Srv_SensorMonitor.c ****         }
 327:Service/Srv_SensorMonitor.c ****     }
 328:Service/Srv_SensorMonitor.c **** 
 329:Service/Srv_SensorMonitor.c ****     return false;
 305              		.loc 1 329 12 view .LVU95
 306 0046 0020     		movs	r0, #0
 307              	.LVL45:
 308              		.loc 1 329 12 view .LVU96
 309 0048 7047     		bx	lr
 310              	.LVL46:
 311              	.L28:
 312              		.loc 1 329 12 view .LVU97
 313 004a 0020     		movs	r0, #0
 314              	.LVL47:
 330:Service/Srv_SensorMonitor.c **** }
 315              		.loc 1 330 1 view .LVU98
 316 004c 7047     		bx	lr
 317              		.cfi_endproc
 318              	.LFE151:
 320              		.section	.text.SrvSensorMonitor_IMU_SampleCTL,"ax",%progbits
 321              		.align	1
 322              		.syntax unified
 323              		.thumb
 324              		.thumb_func
 326              	SrvSensorMonitor_IMU_SampleCTL:
 327              	.LVL48:
 328              	.LFB152:
 331:Service/Srv_SensorMonitor.c **** 
 332:Service/Srv_SensorMonitor.c **** static bool SrvSensorMonitor_IMU_SampleCTL(SrvSensorMonitorObj_TypeDef *obj)
 333:Service/Srv_SensorMonitor.c **** {
 329              		.loc 1 333 1 is_stmt 1 view -0
 330              		.cfi_startproc
 331              		@ args = 0, pretend = 0, frame = 0
 332              		@ frame_needed = 0, uses_anonymous_args = 0
 333              		.loc 1 333 1 is_stmt 0 view .LVU100
 334 0000 2DE9F843 		push	{r3, r4, r5, r6, r7, r8, r9, lr}
 335              	.LCFI0:
 336              		.cfi_def_cfa_offset 32
 337              		.cfi_offset 3, -32
 338              		.cfi_offset 4, -28
 339              		.cfi_offset 5, -24
 340              		.cfi_offset 6, -20
 341              		.cfi_offset 7, -16
 342              		.cfi_offset 8, -12
 343              		.cfi_offset 9, -8
 344              		.cfi_offset 14, -4
 345 0004 0446     		mov	r4, r0
 334:Service/Srv_SensorMonitor.c ****     bool state = false;
 346              		.loc 1 334 5 is_stmt 1 view .LVU101
 347              	.LVL49:
 335:Service/Srv_SensorMonitor.c ****     uint32_t sample_interval_ms = 0;
 348              		.loc 1 335 5 view .LVU102
 336:Service/Srv_SensorMonitor.c ****     uint32_t cur_time = SrvOsCommon.get_os_ms();
ARM GAS  C:\Users\HUAV\AppData\Local\Temp\ccLqO20p.s 			page 13


 349              		.loc 1 336 5 view .LVU103
 350              		.loc 1 336 36 is_stmt 0 view .LVU104
 351 0006 424B     		ldr	r3, .L52
 352 0008 5B68     		ldr	r3, [r3, #4]
 353              		.loc 1 336 25 view .LVU105
 354 000a 9847     		blx	r3
 355              	.LVL50:
 337:Service/Srv_SensorMonitor.c ****     uint32_t start_tick = 0;
 356              		.loc 1 337 5 is_stmt 1 view .LVU106
 338:Service/Srv_SensorMonitor.c ****     uint32_t end_tick = 0;
 357              		.loc 1 338 5 view .LVU107
 339:Service/Srv_SensorMonitor.c ****     int32_t sample_tick = 0;
 358              		.loc 1 339 5 view .LVU108
 340:Service/Srv_SensorMonitor.c **** 
 341:Service/Srv_SensorMonitor.c ****     if (obj && obj->statistic_imu && obj->enabled_reg.bit.imu && obj->init_state_reg.bit.imu && obj
 359              		.loc 1 341 5 view .LVU109
 360              		.loc 1 341 8 is_stmt 0 view .LVU110
 361 000c 002C     		cmp	r4, #0
 362 000e 6AD0     		beq	.L40
 363 0010 0546     		mov	r5, r0
 364              		.loc 1 341 19 discriminator 1 view .LVU111
 365 0012 E368     		ldr	r3, [r4, #12]
 366              		.loc 1 341 13 discriminator 1 view .LVU112
 367 0014 002B     		cmp	r3, #0
 368 0016 6AD0     		beq	.L41
 369              		.loc 1 341 35 discriminator 2 view .LVU113
 370 0018 2278     		ldrb	r2, [r4]	@ zero_extendqisi2
 371 001a 12F0010F 		tst	r2, #1
 372 001e 68D0     		beq	.L42
 373              		.loc 1 341 63 discriminator 3 view .LVU114
 374 0020 2279     		ldrb	r2, [r4, #4]	@ zero_extendqisi2
 375 0022 12F0010F 		tst	r2, #1
 376 0026 66D0     		beq	.L43
 377              		.loc 1 341 115 discriminator 4 view .LVU115
 378 0028 9A6A     		ldr	r2, [r3, #40]
 379              		.loc 1 341 94 discriminator 4 view .LVU116
 380 002a 002A     		cmp	r2, #0
 381 002c 65D0     		beq	.L44
 342:Service/Srv_SensorMonitor.c ****     {
 343:Service/Srv_SensorMonitor.c ****         sample_interval_ms = SrvSensorMonitor_GetSampleInterval(obj->statistic_imu->set_period);
 382              		.loc 1 343 9 is_stmt 1 view .LVU117
 383              		.loc 1 343 28 is_stmt 0 view .LVU118
 384 002e 4FF47A71 		mov	r1, #1000
 385 0032 B1FBF2F7 		udiv	r7, r1, r2
 386              	.LVL51:
 344:Service/Srv_SensorMonitor.c ****         
 345:Service/Srv_SensorMonitor.c ****         if ( SrvIMU.sample && \
 387              		.loc 1 345 9 is_stmt 1 view .LVU119
 388              		.loc 1 345 20 is_stmt 0 view .LVU120
 389 0036 3749     		ldr	r1, .L52+4
 390 0038 4968     		ldr	r1, [r1, #4]
 391              		.loc 1 345 12 view .LVU121
 392 003a 0029     		cmp	r1, #0
 393 003c 5FD0     		beq	.L45
 346:Service/Srv_SensorMonitor.c ****             SrvIMU.error_proc && 
 394              		.loc 1 346 19 discriminator 1 view .LVU122
 395 003e 3549     		ldr	r1, .L52+4
ARM GAS  C:\Users\HUAV\AppData\Local\Temp\ccLqO20p.s 			page 14


 396 0040 8969     		ldr	r1, [r1, #24]
 345:Service/Srv_SensorMonitor.c ****             SrvIMU.error_proc && 
 397              		.loc 1 345 28 discriminator 1 view .LVU123
 398 0042 0029     		cmp	r1, #0
 399 0044 5DD0     		beq	.L46
 347:Service/Srv_SensorMonitor.c ****             ((obj->statistic_imu->start_time == 0) || \
 400              		.loc 1 347 33 view .LVU124
 401 0046 1968     		ldr	r1, [r3]
 346:Service/Srv_SensorMonitor.c ****             SrvIMU.error_proc && 
 402              		.loc 1 346 31 view .LVU125
 403 0048 29B1     		cbz	r1, .L31
 404              		.loc 1 347 52 view .LVU126
 405 004a B2F57A7F 		cmp	r2, #1000
 406 004e 5AD8     		bhi	.L47
 348:Service/Srv_SensorMonitor.c ****              (sample_interval_ms && \
 349:Service/Srv_SensorMonitor.c ****              (cur_time >= obj->statistic_imu->nxt_sample_time))))
 407              		.loc 1 349 45 view .LVU127
 408 0050 5B68     		ldr	r3, [r3, #4]
 348:Service/Srv_SensorMonitor.c ****              (sample_interval_ms && \
 409              		.loc 1 348 34 view .LVU128
 410 0052 8342     		cmp	r3, r0
 411 0054 59D8     		bhi	.L48
 412              	.L31:
 350:Service/Srv_SensorMonitor.c ****         {
 351:Service/Srv_SensorMonitor.c **** 
 352:Service/Srv_SensorMonitor.c ****             // DebugPin.ctl(Debug_PB5, true);
 353:Service/Srv_SensorMonitor.c ****             start_tick = SrvOsCommon.get_systimer_current_tick();
 413              		.loc 1 353 13 is_stmt 1 view .LVU129
 414              		.loc 1 353 37 is_stmt 0 view .LVU130
 415 0056 2E4B     		ldr	r3, .L52
 416 0058 1B69     		ldr	r3, [r3, #16]
 417              		.loc 1 353 26 view .LVU131
 418 005a 9847     		blx	r3
 419              	.LVL52:
 420              		.loc 1 353 26 view .LVU132
 421 005c 8046     		mov	r8, r0
 422              	.LVL53:
 354:Service/Srv_SensorMonitor.c **** 
 355:Service/Srv_SensorMonitor.c ****             if (SrvIMU.sample(obj->IMU_SampleMode))
 423              		.loc 1 355 13 is_stmt 1 view .LVU133
 424              		.loc 1 355 23 is_stmt 0 view .LVU134
 425 005e 2D4B     		ldr	r3, .L52+4
 426 0060 5B68     		ldr	r3, [r3, #4]
 427              		.loc 1 355 17 view .LVU135
 428 0062 94F82C00 		ldrb	r0, [r4, #44]	@ zero_extendqisi2
 429              	.LVL54:
 430              		.loc 1 355 17 view .LVU136
 431 0066 9847     		blx	r3
 432              	.LVL55:
 433              		.loc 1 355 16 view .LVU137
 434 0068 0646     		mov	r6, r0
 435 006a E0B1     		cbz	r0, .L32
 356:Service/Srv_SensorMonitor.c ****             { 
 357:Service/Srv_SensorMonitor.c ****                 end_tick = SrvOsCommon.get_systimer_current_tick();
 436              		.loc 1 357 17 is_stmt 1 view .LVU138
 437              		.loc 1 357 39 is_stmt 0 view .LVU139
 438 006c 284B     		ldr	r3, .L52
ARM GAS  C:\Users\HUAV\AppData\Local\Temp\ccLqO20p.s 			page 15


 439 006e 1B69     		ldr	r3, [r3, #16]
 440              		.loc 1 357 28 view .LVU140
 441 0070 9847     		blx	r3
 442              	.LVL56:
 443 0072 8146     		mov	r9, r0
 444              	.LVL57:
 358:Service/Srv_SensorMonitor.c ****                 SrvIMU.error_proc();
 445              		.loc 1 358 17 is_stmt 1 view .LVU141
 446              		.loc 1 358 23 is_stmt 0 view .LVU142
 447 0074 274B     		ldr	r3, .L52+4
 448 0076 9B69     		ldr	r3, [r3, #24]
 449              		.loc 1 358 17 view .LVU143
 450 0078 9847     		blx	r3
 451              	.LVL58:
 359:Service/Srv_SensorMonitor.c **** 
 360:Service/Srv_SensorMonitor.c ****                 obj->statistic_imu->sample_cnt ++;
 452              		.loc 1 360 17 is_stmt 1 view .LVU144
 453              		.loc 1 360 20 is_stmt 0 view .LVU145
 454 007a E268     		ldr	r2, [r4, #12]
 455              		.loc 1 360 35 view .LVU146
 456 007c D369     		ldr	r3, [r2, #28]
 457              		.loc 1 360 48 view .LVU147
 458 007e 0133     		adds	r3, r3, #1
 459 0080 D361     		str	r3, [r2, #28]
 361:Service/Srv_SensorMonitor.c ****                 obj->statistic_imu->nxt_sample_time = cur_time + sample_interval_ms;
 460              		.loc 1 361 17 is_stmt 1 view .LVU148
 461              		.loc 1 361 20 is_stmt 0 view .LVU149
 462 0082 E368     		ldr	r3, [r4, #12]
 463              		.loc 1 361 64 view .LVU150
 464 0084 2F44     		add	r7, r7, r5
 465              	.LVL59:
 466              		.loc 1 361 53 view .LVU151
 467 0086 5F60     		str	r7, [r3, #4]
 362:Service/Srv_SensorMonitor.c ****                 if (obj->statistic_imu->start_time == 0)
 468              		.loc 1 362 17 is_stmt 1 view .LVU152
 469              		.loc 1 362 24 is_stmt 0 view .LVU153
 470 0088 E368     		ldr	r3, [r4, #12]
 471              		.loc 1 362 39 view .LVU154
 472 008a 1A68     		ldr	r2, [r3]
 473              		.loc 1 362 20 view .LVU155
 474 008c 02B9     		cbnz	r2, .L33
 363:Service/Srv_SensorMonitor.c ****                     obj->statistic_imu->start_time = cur_time;
 475              		.loc 1 363 21 is_stmt 1 view .LVU156
 476              		.loc 1 363 52 is_stmt 0 view .LVU157
 477 008e 1D60     		str	r5, [r3]
 478              	.L33:
 364:Service/Srv_SensorMonitor.c **** 
 365:Service/Srv_SensorMonitor.c ****                 state = true;
 479              		.loc 1 365 17 is_stmt 1 view .LVU158
 480              	.LVL60:
 366:Service/Srv_SensorMonitor.c ****             }
 367:Service/Srv_SensorMonitor.c ****             else
 368:Service/Srv_SensorMonitor.c ****                 end_tick = SrvOsCommon.get_systimer_current_tick();
 369:Service/Srv_SensorMonitor.c ****             // DebugPin.ctl(Debug_PB5, false);
 370:Service/Srv_SensorMonitor.c **** 
 371:Service/Srv_SensorMonitor.c ****             if (state)
 481              		.loc 1 371 13 view .LVU159
ARM GAS  C:\Users\HUAV\AppData\Local\Temp\ccLqO20p.s 			page 16


 372:Service/Srv_SensorMonitor.c ****             {
 373:Service/Srv_SensorMonitor.c ****                 if (start_tick < end_tick)
 482              		.loc 1 373 17 view .LVU160
 483              		.loc 1 373 20 is_stmt 0 view .LVU161
 484 0090 C845     		cmp	r8, r9
 485 0092 0CD3     		bcc	.L34
 374:Service/Srv_SensorMonitor.c ****                 {
 375:Service/Srv_SensorMonitor.c ****                     sample_tick = end_tick - start_tick;
 376:Service/Srv_SensorMonitor.c ****                 }
 377:Service/Srv_SensorMonitor.c ****                 else if (start_tick > end_tick)
 486              		.loc 1 377 22 is_stmt 1 view .LVU162
 487              		.loc 1 377 25 is_stmt 0 view .LVU163
 488 0094 C845     		cmp	r8, r9
 489 0096 23D9     		bls	.L49
 378:Service/Srv_SensorMonitor.c ****                 {
 379:Service/Srv_SensorMonitor.c ****                     /* must after timer irq */
 380:Service/Srv_SensorMonitor.c ****                     sample_tick = SrvOsCommon.get_systimer_period() - start_tick + end_tick;
 490              		.loc 1 380 21 is_stmt 1 view .LVU164
 491              		.loc 1 380 46 is_stmt 0 view .LVU165
 492 0098 1D4B     		ldr	r3, .L52
 493 009a 5B69     		ldr	r3, [r3, #20]
 494              		.loc 1 380 35 view .LVU166
 495 009c 9847     		blx	r3
 496              	.LVL61:
 497              		.loc 1 380 69 view .LVU167
 498 009e A0EB0808 		sub	r8, r0, r8
 499              	.LVL62:
 500              		.loc 1 380 82 view .LVU168
 501 00a2 C144     		add	r9, r9, r8
 502              	.LVL63:
 503              		.loc 1 380 82 view .LVU169
 504 00a4 05E0     		b	.L36
 505              	.LVL64:
 506              	.L32:
 368:Service/Srv_SensorMonitor.c ****             // DebugPin.ctl(Debug_PB5, false);
 507              		.loc 1 368 17 is_stmt 1 view .LVU170
 368:Service/Srv_SensorMonitor.c ****             // DebugPin.ctl(Debug_PB5, false);
 508              		.loc 1 368 39 is_stmt 0 view .LVU171
 509 00a6 1A4B     		ldr	r3, .L52
 510 00a8 1B69     		ldr	r3, [r3, #16]
 368:Service/Srv_SensorMonitor.c ****             // DebugPin.ctl(Debug_PB5, false);
 511              		.loc 1 368 28 view .LVU172
 512 00aa 9847     		blx	r3
 513              	.LVL65:
 371:Service/Srv_SensorMonitor.c ****             {
 514              		.loc 1 371 13 is_stmt 1 view .LVU173
 515 00ac 1CE0     		b	.L30
 516              	.LVL66:
 517              	.L34:
 375:Service/Srv_SensorMonitor.c ****                 }
 518              		.loc 1 375 21 view .LVU174
 375:Service/Srv_SensorMonitor.c ****                 }
 519              		.loc 1 375 44 is_stmt 0 view .LVU175
 520 00ae A9EB0809 		sub	r9, r9, r8
 521              	.LVL67:
 522              	.L36:
 381:Service/Srv_SensorMonitor.c ****                 }
ARM GAS  C:\Users\HUAV\AppData\Local\Temp\ccLqO20p.s 			page 17


 382:Service/Srv_SensorMonitor.c **** 
 383:Service/Srv_SensorMonitor.c ****                 if ((sample_tick <= obj->statistic_imu->min_sampling_overhead) || \
 523              		.loc 1 383 17 is_stmt 1 view .LVU176
 524              		.loc 1 383 40 is_stmt 0 view .LVU177
 525 00b2 E268     		ldr	r2, [r4, #12]
 526              		.loc 1 383 55 view .LVU178
 527 00b4 1169     		ldr	r1, [r2, #16]
 528              		.loc 1 383 34 view .LVU179
 529 00b6 4B46     		mov	r3, r9
 530              		.loc 1 383 20 view .LVU180
 531 00b8 4945     		cmp	r1, r9
 532 00ba 00D2     		bcs	.L37
 533              		.loc 1 383 80 discriminator 1 view .LVU181
 534 00bc 01B9     		cbnz	r1, .L38
 535              	.L37:
 384:Service/Srv_SensorMonitor.c ****                    (obj->statistic_imu->min_sampling_overhead == 0))
 385:Service/Srv_SensorMonitor.c ****                     obj->statistic_imu->min_sampling_overhead = sample_tick;
 536              		.loc 1 385 21 is_stmt 1 view .LVU182
 537              		.loc 1 385 63 is_stmt 0 view .LVU183
 538 00be 1361     		str	r3, [r2, #16]
 539              	.LVL68:
 540              	.L38:
 386:Service/Srv_SensorMonitor.c **** 
 387:Service/Srv_SensorMonitor.c ****                 if (sample_tick >= obj->statistic_imu->max_sampling_overhead)
 541              		.loc 1 387 17 is_stmt 1 view .LVU184
 542              		.loc 1 387 39 is_stmt 0 view .LVU185
 543 00c0 E268     		ldr	r2, [r4, #12]
 544              		.loc 1 387 54 view .LVU186
 545 00c2 D168     		ldr	r1, [r2, #12]
 546              		.loc 1 387 20 view .LVU187
 547 00c4 8B42     		cmp	r3, r1
 548 00c6 00D3     		bcc	.L39
 388:Service/Srv_SensorMonitor.c ****                     obj->statistic_imu->max_sampling_overhead = sample_tick;
 549              		.loc 1 388 21 is_stmt 1 view .LVU188
 550              		.loc 1 388 63 is_stmt 0 view .LVU189
 551 00c8 D360     		str	r3, [r2, #12]
 552              	.L39:
 389:Service/Srv_SensorMonitor.c **** 
 390:Service/Srv_SensorMonitor.c ****                 obj->statistic_imu->avg_sampling_overhead += sample_tick;
 553              		.loc 1 390 17 is_stmt 1 view .LVU190
 554              		.loc 1 390 20 is_stmt 0 view .LVU191
 555 00ca E168     		ldr	r1, [r4, #12]
 556              		.loc 1 390 59 view .LVU192
 557 00cc 4A69     		ldr	r2, [r1, #20]
 558 00ce 1A44     		add	r2, r2, r3
 559 00d0 4A61     		str	r2, [r1, #20]
 391:Service/Srv_SensorMonitor.c ****                 obj->statistic_imu->avg_sampling_overhead /= 2;
 560              		.loc 1 391 17 is_stmt 1 view .LVU193
 561              		.loc 1 391 20 is_stmt 0 view .LVU194
 562 00d2 E168     		ldr	r1, [r4, #12]
 563              		.loc 1 391 59 view .LVU195
 564 00d4 4A69     		ldr	r2, [r1, #20]
 565 00d6 5208     		lsrs	r2, r2, #1
 566 00d8 4A61     		str	r2, [r1, #20]
 392:Service/Srv_SensorMonitor.c **** 
 393:Service/Srv_SensorMonitor.c ****                 obj->statistic_imu->cur_sampling_overhead = sample_tick;
 567              		.loc 1 393 17 is_stmt 1 view .LVU196
ARM GAS  C:\Users\HUAV\AppData\Local\Temp\ccLqO20p.s 			page 18


 568              		.loc 1 393 20 is_stmt 0 view .LVU197
 569 00da E268     		ldr	r2, [r4, #12]
 570              		.loc 1 393 59 view .LVU198
 571 00dc 9360     		str	r3, [r2, #8]
 572 00de 03E0     		b	.L30
 573              	.LVL69:
 574              	.L49:
 339:Service/Srv_SensorMonitor.c **** 
 575              		.loc 1 339 13 view .LVU199
 576 00e0 4FF00009 		mov	r9, #0
 577              	.LVL70:
 339:Service/Srv_SensorMonitor.c **** 
 578              		.loc 1 339 13 view .LVU200
 579 00e4 E5E7     		b	.L36
 580              	.LVL71:
 581              	.L40:
 334:Service/Srv_SensorMonitor.c ****     uint32_t sample_interval_ms = 0;
 582              		.loc 1 334 10 view .LVU201
 583 00e6 0026     		movs	r6, #0
 584              	.LVL72:
 585              	.L30:
 394:Service/Srv_SensorMonitor.c ****             }
 395:Service/Srv_SensorMonitor.c ****         }
 396:Service/Srv_SensorMonitor.c ****     }
 397:Service/Srv_SensorMonitor.c **** 
 398:Service/Srv_SensorMonitor.c ****     return state;
 586              		.loc 1 398 5 is_stmt 1 view .LVU202
 399:Service/Srv_SensorMonitor.c **** }
 587              		.loc 1 399 1 is_stmt 0 view .LVU203
 588 00e8 3046     		mov	r0, r6
 589 00ea BDE8F883 		pop	{r3, r4, r5, r6, r7, r8, r9, pc}
 590              	.LVL73:
 591              	.L41:
 334:Service/Srv_SensorMonitor.c ****     uint32_t sample_interval_ms = 0;
 592              		.loc 1 334 10 view .LVU204
 593 00ee 0026     		movs	r6, #0
 594 00f0 FAE7     		b	.L30
 595              	.L42:
 596 00f2 0026     		movs	r6, #0
 597 00f4 F8E7     		b	.L30
 598              	.L43:
 599 00f6 0026     		movs	r6, #0
 600 00f8 F6E7     		b	.L30
 601              	.L44:
 602 00fa 0026     		movs	r6, #0
 603 00fc F4E7     		b	.L30
 604              	.LVL74:
 605              	.L45:
 334:Service/Srv_SensorMonitor.c ****     uint32_t sample_interval_ms = 0;
 606              		.loc 1 334 10 view .LVU205
 607 00fe 0026     		movs	r6, #0
 608 0100 F2E7     		b	.L30
 609              	.L46:
 610 0102 0026     		movs	r6, #0
 611 0104 F0E7     		b	.L30
 612              	.L47:
 613 0106 0026     		movs	r6, #0
ARM GAS  C:\Users\HUAV\AppData\Local\Temp\ccLqO20p.s 			page 19


 614 0108 EEE7     		b	.L30
 615              	.L48:
 616 010a 0026     		movs	r6, #0
 617 010c ECE7     		b	.L30
 618              	.L53:
 619 010e 00BF     		.align	2
 620              	.L52:
 621 0110 00000000 		.word	SrvOsCommon
 622 0114 00000000 		.word	SrvIMU
 623              		.cfi_endproc
 624              	.LFE152:
 626              		.section	.text.SrvSensorMonitor_Mag_Init,"ax",%progbits
 627              		.align	1
 628              		.syntax unified
 629              		.thumb
 630              		.thumb_func
 632              	SrvSensorMonitor_Mag_Init:
 633              	.LFB154:
 400:Service/Srv_SensorMonitor.c **** 
 401:Service/Srv_SensorMonitor.c **** static SrvIMU_UnionData_TypeDef SrvSensorMonitor_Get_IMUData(SrvSensorMonitorObj_TypeDef *obj)
 402:Service/Srv_SensorMonitor.c **** {
 403:Service/Srv_SensorMonitor.c ****     SrvIMU_UnionData_TypeDef imu_data_tmp;
 404:Service/Srv_SensorMonitor.c **** 
 405:Service/Srv_SensorMonitor.c ****     memset(&imu_data_tmp, 0, sizeof(SrvIMU_UnionData_TypeDef));
 406:Service/Srv_SensorMonitor.c **** 
 407:Service/Srv_SensorMonitor.c ****     if (obj && obj->enabled_reg.bit.imu && obj->init_state_reg.bit.imu && SrvIMU.get_data)
 408:Service/Srv_SensorMonitor.c ****     {
 409:Service/Srv_SensorMonitor.c ****         if (SrvIMU.get_data(SrvIMU_FusModule, &imu_data_tmp.data))
 410:Service/Srv_SensorMonitor.c ****         {
 411:Service/Srv_SensorMonitor.c ****             /*
 412:Service/Srv_SensorMonitor.c ****             * adjust imu axis coordinate as 
 413:Service/Srv_SensorMonitor.c ****             * x -----> forward
 414:Service/Srv_SensorMonitor.c ****             * y -----> right
 415:Service/Srv_SensorMonitor.c ****             * z -----> down 
 416:Service/Srv_SensorMonitor.c ****             **/
 417:Service/Srv_SensorMonitor.c ****             for (uint8_t chk = 0; chk < sizeof(SrvIMU_UnionData_TypeDef) - sizeof(uint16_t); chk++)
 418:Service/Srv_SensorMonitor.c ****             {
 419:Service/Srv_SensorMonitor.c ****                 imu_data_tmp.data.chk_sum += imu_data_tmp.buff[chk];
 420:Service/Srv_SensorMonitor.c ****             }
 421:Service/Srv_SensorMonitor.c **** 
 422:Service/Srv_SensorMonitor.c ****             obj->lst_imu_data.data = imu_data_tmp.data;
 423:Service/Srv_SensorMonitor.c ****         }
 424:Service/Srv_SensorMonitor.c ****         else
 425:Service/Srv_SensorMonitor.c ****             imu_data_tmp.data = obj->lst_imu_data.data;
 426:Service/Srv_SensorMonitor.c ****     }
 427:Service/Srv_SensorMonitor.c ****     else
 428:Service/Srv_SensorMonitor.c ****         imu_data_tmp = obj->lst_imu_data;
 429:Service/Srv_SensorMonitor.c **** 
 430:Service/Srv_SensorMonitor.c ****     return imu_data_tmp;
 431:Service/Srv_SensorMonitor.c **** }
 432:Service/Srv_SensorMonitor.c **** 
 433:Service/Srv_SensorMonitor.c **** /******************************************* Mag Section ******************************************
 434:Service/Srv_SensorMonitor.c **** /* still in developing */
 435:Service/Srv_SensorMonitor.c **** static bool SrvSensorMonitor_Mag_Init(void)
 436:Service/Srv_SensorMonitor.c **** {
 634              		.loc 1 436 1 is_stmt 1 view -0
 635              		.cfi_startproc
ARM GAS  C:\Users\HUAV\AppData\Local\Temp\ccLqO20p.s 			page 20


 636              		@ args = 0, pretend = 0, frame = 0
 637              		@ frame_needed = 0, uses_anonymous_args = 0
 638              		@ link register save eliminated.
 437:Service/Srv_SensorMonitor.c ****     return false;
 639              		.loc 1 437 5 view .LVU207
 438:Service/Srv_SensorMonitor.c **** }
 640              		.loc 1 438 1 is_stmt 0 view .LVU208
 641 0000 0020     		movs	r0, #0
 642 0002 7047     		bx	lr
 643              		.cfi_endproc
 644              	.LFE154:
 646              		.section	.text.SrvSensorMonitor_Mag_SampleCTL,"ax",%progbits
 647              		.align	1
 648              		.syntax unified
 649              		.thumb
 650              		.thumb_func
 652              	SrvSensorMonitor_Mag_SampleCTL:
 653              	.LVL75:
 654              	.LFB155:
 439:Service/Srv_SensorMonitor.c **** 
 440:Service/Srv_SensorMonitor.c **** static bool SrvSensorMonitor_Mag_SampleCTL(SrvSensorMonitorObj_TypeDef *obj)
 441:Service/Srv_SensorMonitor.c **** {
 655              		.loc 1 441 1 is_stmt 1 view -0
 656              		.cfi_startproc
 657              		@ args = 0, pretend = 0, frame = 0
 658              		@ frame_needed = 0, uses_anonymous_args = 0
 659              		@ link register save eliminated.
 442:Service/Srv_SensorMonitor.c ****     if (obj && obj->enabled_reg.bit.mag && obj->init_state_reg.bit.mag)
 660              		.loc 1 442 5 view .LVU210
 443:Service/Srv_SensorMonitor.c ****     {
 444:Service/Srv_SensorMonitor.c ****         
 445:Service/Srv_SensorMonitor.c ****     }
 661              		.loc 1 445 5 view .LVU211
 446:Service/Srv_SensorMonitor.c **** 
 447:Service/Srv_SensorMonitor.c ****     return false;
 662              		.loc 1 447 5 view .LVU212
 448:Service/Srv_SensorMonitor.c **** }
 663              		.loc 1 448 1 is_stmt 0 view .LVU213
 664 0000 0020     		movs	r0, #0
 665              	.LVL76:
 666              		.loc 1 448 1 view .LVU214
 667 0002 7047     		bx	lr
 668              		.cfi_endproc
 669              	.LFE155:
 671              		.section	.text.SrvSensorMonitor_Baro_SampleCTL,"ax",%progbits
 672              		.align	1
 673              		.syntax unified
 674              		.thumb
 675              		.thumb_func
 677              	SrvSensorMonitor_Baro_SampleCTL:
 678              	.LVL77:
 679              	.LFB158:
 449:Service/Srv_SensorMonitor.c **** 
 450:Service/Srv_SensorMonitor.c **** static uint32_t SrvSensorMonitor_Get_MagData(SrvSensorMonitorObj_TypeDef *obj)
 451:Service/Srv_SensorMonitor.c **** {
 452:Service/Srv_SensorMonitor.c ****     return 0;
 453:Service/Srv_SensorMonitor.c **** }
ARM GAS  C:\Users\HUAV\AppData\Local\Temp\ccLqO20p.s 			page 21


 454:Service/Srv_SensorMonitor.c **** 
 455:Service/Srv_SensorMonitor.c **** /******************************************* Baro Section *****************************************
 456:Service/Srv_SensorMonitor.c **** static bool SrvSensorMonitor_Baro_Init(SrvSensorMonitorObj_TypeDef *obj)
 457:Service/Srv_SensorMonitor.c **** {
 458:Service/Srv_SensorMonitor.c ****     if (SrvBaro.init && obj)
 459:Service/Srv_SensorMonitor.c ****     {
 460:Service/Srv_SensorMonitor.c ****         obj->baro_type = BARO_TYPE;
 461:Service/Srv_SensorMonitor.c ****         obj->baro_bus_type = BARO_BUS_TYPE;
 462:Service/Srv_SensorMonitor.c ****         obj->baro_err = SrvBaro.init(BARO_TYPE, BARO_BUS_TYPE);
 463:Service/Srv_SensorMonitor.c **** 
 464:Service/Srv_SensorMonitor.c ****         if (obj->baro_err == SrvBaro_Error_None)
 465:Service/Srv_SensorMonitor.c ****         {
 466:Service/Srv_SensorMonitor.c ****             MONITOR_INFO("Baro init accomplished\r\n");
 467:Service/Srv_SensorMonitor.c ****             return true;
 468:Service/Srv_SensorMonitor.c ****         }
 469:Service/Srv_SensorMonitor.c ****         MONITOR_INFO("Baro init failed\r\n");
 470:Service/Srv_SensorMonitor.c ****     }
 471:Service/Srv_SensorMonitor.c **** 
 472:Service/Srv_SensorMonitor.c ****     return false;
 473:Service/Srv_SensorMonitor.c **** }
 474:Service/Srv_SensorMonitor.c **** 
 475:Service/Srv_SensorMonitor.c **** static bool SrvSensorMonitor_Baro_SampleCTL(SrvSensorMonitorObj_TypeDef *obj)
 476:Service/Srv_SensorMonitor.c **** {
 680              		.loc 1 476 1 is_stmt 1 view -0
 681              		.cfi_startproc
 682              		@ args = 0, pretend = 0, frame = 0
 683              		@ frame_needed = 0, uses_anonymous_args = 0
 684              		.loc 1 476 1 is_stmt 0 view .LVU216
 685 0000 2DE9F843 		push	{r3, r4, r5, r6, r7, r8, r9, lr}
 686              	.LCFI1:
 687              		.cfi_def_cfa_offset 32
 688              		.cfi_offset 3, -32
 689              		.cfi_offset 4, -28
 690              		.cfi_offset 5, -24
 691              		.cfi_offset 6, -20
 692              		.cfi_offset 7, -16
 693              		.cfi_offset 8, -12
 694              		.cfi_offset 9, -8
 695              		.cfi_offset 14, -4
 696 0004 0446     		mov	r4, r0
 477:Service/Srv_SensorMonitor.c ****     bool state = false;
 697              		.loc 1 477 5 is_stmt 1 view .LVU217
 698              	.LVL78:
 478:Service/Srv_SensorMonitor.c ****     uint32_t sample_interval_ms = 0;
 699              		.loc 1 478 5 view .LVU218
 479:Service/Srv_SensorMonitor.c ****     uint32_t cur_time = SrvOsCommon.get_os_ms();
 700              		.loc 1 479 5 view .LVU219
 701              		.loc 1 479 36 is_stmt 0 view .LVU220
 702 0006 3D4B     		ldr	r3, .L78
 703 0008 5B68     		ldr	r3, [r3, #4]
 704              		.loc 1 479 25 view .LVU221
 705 000a 9847     		blx	r3
 706              	.LVL79:
 480:Service/Srv_SensorMonitor.c ****     uint32_t start_tick = 0;
 707              		.loc 1 480 5 is_stmt 1 view .LVU222
 481:Service/Srv_SensorMonitor.c ****     uint32_t end_tick = 0;
 708              		.loc 1 481 5 view .LVU223
ARM GAS  C:\Users\HUAV\AppData\Local\Temp\ccLqO20p.s 			page 22


 482:Service/Srv_SensorMonitor.c ****     int32_t sample_tick = 0;
 709              		.loc 1 482 5 view .LVU224
 483:Service/Srv_SensorMonitor.c **** 
 484:Service/Srv_SensorMonitor.c ****     if (obj && obj->enabled_reg.bit.baro && obj->init_state_reg.bit.baro && obj->freq_reg.bit.baro 
 710              		.loc 1 484 5 view .LVU225
 711              		.loc 1 484 8 is_stmt 0 view .LVU226
 712 000c 002C     		cmp	r4, #0
 713 000e 63D0     		beq	.L67
 714 0010 0546     		mov	r5, r0
 715              		.loc 1 484 13 discriminator 1 view .LVU227
 716 0012 2378     		ldrb	r3, [r4]	@ zero_extendqisi2
 717 0014 13F0040F 		tst	r3, #4
 718 0018 60D0     		beq	.L68
 719              		.loc 1 484 42 discriminator 2 view .LVU228
 720 001a 2379     		ldrb	r3, [r4, #4]	@ zero_extendqisi2
 721 001c 13F0040F 		tst	r3, #4
 722 0020 60D0     		beq	.L69
 723              		.loc 1 484 74 discriminator 3 view .LVU229
 724 0022 637A     		ldrb	r3, [r4, #9]	@ zero_extendqisi2
 725 0024 13F00F0F 		tst	r3, #15
 726 0028 5ED0     		beq	.L70
 727              		.loc 1 484 106 discriminator 4 view .LVU230
 728 002a 6269     		ldr	r2, [r4, #20]
 729              		.loc 1 484 122 discriminator 4 view .LVU231
 730 002c 936A     		ldr	r3, [r2, #40]
 731              		.loc 1 484 100 discriminator 4 view .LVU232
 732 002e 002B     		cmp	r3, #0
 733 0030 5CD0     		beq	.L71
 485:Service/Srv_SensorMonitor.c ****     {
 486:Service/Srv_SensorMonitor.c ****         sample_interval_ms = SrvSensorMonitor_GetSampleInterval(obj->statistic_baro->set_period);
 734              		.loc 1 486 9 is_stmt 1 view .LVU233
 735              		.loc 1 486 28 is_stmt 0 view .LVU234
 736 0032 4FF47A71 		mov	r1, #1000
 737 0036 B1FBF3F7 		udiv	r7, r1, r3
 738              	.LVL80:
 487:Service/Srv_SensorMonitor.c ****     
 488:Service/Srv_SensorMonitor.c ****         if (SrvBaro.sample && \
 739              		.loc 1 488 9 is_stmt 1 view .LVU235
 740              		.loc 1 488 20 is_stmt 0 view .LVU236
 741 003a 3149     		ldr	r1, .L78+4
 742 003c 4968     		ldr	r1, [r1, #4]
 743              		.loc 1 488 12 view .LVU237
 744 003e 0029     		cmp	r1, #0
 745 0040 56D0     		beq	.L72
 489:Service/Srv_SensorMonitor.c ****             ((obj->statistic_baro->start_time == 0) || \
 746              		.loc 1 489 34 discriminator 1 view .LVU238
 747 0042 1168     		ldr	r1, [r2]
 488:Service/Srv_SensorMonitor.c ****             ((obj->statistic_baro->start_time == 0) || \
 748              		.loc 1 488 28 discriminator 1 view .LVU239
 749 0044 29B1     		cbz	r1, .L58
 750              		.loc 1 489 53 view .LVU240
 751 0046 B3F57A7F 		cmp	r3, #1000
 752 004a 53D8     		bhi	.L73
 490:Service/Srv_SensorMonitor.c ****              (sample_interval_ms && \
 491:Service/Srv_SensorMonitor.c ****              (cur_time >= obj->statistic_baro->nxt_sample_time))))
 753              		.loc 1 491 46 view .LVU241
 754 004c 5368     		ldr	r3, [r2, #4]
ARM GAS  C:\Users\HUAV\AppData\Local\Temp\ccLqO20p.s 			page 23


 490:Service/Srv_SensorMonitor.c ****              (sample_interval_ms && \
 755              		.loc 1 490 34 view .LVU242
 756 004e 8342     		cmp	r3, r0
 757 0050 52D8     		bhi	.L74
 758              	.L58:
 492:Service/Srv_SensorMonitor.c ****         {
 493:Service/Srv_SensorMonitor.c ****             start_tick = SrvOsCommon.get_systimer_current_tick();
 759              		.loc 1 493 13 is_stmt 1 view .LVU243
 760              		.loc 1 493 37 is_stmt 0 view .LVU244
 761 0052 2A4B     		ldr	r3, .L78
 762 0054 1B69     		ldr	r3, [r3, #16]
 763              		.loc 1 493 26 view .LVU245
 764 0056 9847     		blx	r3
 765              	.LVL81:
 766              		.loc 1 493 26 view .LVU246
 767 0058 8046     		mov	r8, r0
 768              	.LVL82:
 494:Service/Srv_SensorMonitor.c **** 
 495:Service/Srv_SensorMonitor.c ****             // DebugPin.ctl(Debug_PB5, true);
 496:Service/Srv_SensorMonitor.c ****             if (SrvBaro.sample())
 769              		.loc 1 496 13 is_stmt 1 view .LVU247
 770              		.loc 1 496 24 is_stmt 0 view .LVU248
 771 005a 294B     		ldr	r3, .L78+4
 772 005c 5B68     		ldr	r3, [r3, #4]
 773              		.loc 1 496 17 view .LVU249
 774 005e 9847     		blx	r3
 775              	.LVL83:
 776              		.loc 1 496 16 view .LVU250
 777 0060 0646     		mov	r6, r0
 778 0062 C8B1     		cbz	r0, .L59
 497:Service/Srv_SensorMonitor.c ****             {
 498:Service/Srv_SensorMonitor.c ****                 end_tick = SrvOsCommon.get_systimer_current_tick();
 779              		.loc 1 498 17 is_stmt 1 view .LVU251
 780              		.loc 1 498 39 is_stmt 0 view .LVU252
 781 0064 254B     		ldr	r3, .L78
 782 0066 1B69     		ldr	r3, [r3, #16]
 783              		.loc 1 498 28 view .LVU253
 784 0068 9847     		blx	r3
 785              	.LVL84:
 786 006a 8146     		mov	r9, r0
 787              	.LVL85:
 499:Service/Srv_SensorMonitor.c **** 
 500:Service/Srv_SensorMonitor.c ****                 obj->statistic_baro->sample_cnt ++;
 788              		.loc 1 500 17 is_stmt 1 view .LVU254
 789              		.loc 1 500 20 is_stmt 0 view .LVU255
 790 006c 6269     		ldr	r2, [r4, #20]
 791              		.loc 1 500 36 view .LVU256
 792 006e D369     		ldr	r3, [r2, #28]
 793              		.loc 1 500 49 view .LVU257
 794 0070 0133     		adds	r3, r3, #1
 795 0072 D361     		str	r3, [r2, #28]
 501:Service/Srv_SensorMonitor.c ****                 obj->statistic_baro->nxt_sample_time = cur_time + sample_interval_ms;
 796              		.loc 1 501 17 is_stmt 1 view .LVU258
 797              		.loc 1 501 20 is_stmt 0 view .LVU259
 798 0074 6369     		ldr	r3, [r4, #20]
 799              		.loc 1 501 65 view .LVU260
 800 0076 2F44     		add	r7, r7, r5
ARM GAS  C:\Users\HUAV\AppData\Local\Temp\ccLqO20p.s 			page 24


 801              	.LVL86:
 802              		.loc 1 501 54 view .LVU261
 803 0078 5F60     		str	r7, [r3, #4]
 502:Service/Srv_SensorMonitor.c ****                 if (obj->statistic_baro->start_time == 0)
 804              		.loc 1 502 17 is_stmt 1 view .LVU262
 805              		.loc 1 502 24 is_stmt 0 view .LVU263
 806 007a 6369     		ldr	r3, [r4, #20]
 807              		.loc 1 502 40 view .LVU264
 808 007c 1A68     		ldr	r2, [r3]
 809              		.loc 1 502 20 view .LVU265
 810 007e 02B9     		cbnz	r2, .L60
 503:Service/Srv_SensorMonitor.c ****                     obj->statistic_baro->start_time = cur_time;
 811              		.loc 1 503 21 is_stmt 1 view .LVU266
 812              		.loc 1 503 53 is_stmt 0 view .LVU267
 813 0080 1D60     		str	r5, [r3]
 814              	.L60:
 504:Service/Srv_SensorMonitor.c **** 
 505:Service/Srv_SensorMonitor.c ****                 state = true;
 815              		.loc 1 505 17 is_stmt 1 view .LVU268
 816              	.LVL87:
 506:Service/Srv_SensorMonitor.c ****             }
 507:Service/Srv_SensorMonitor.c ****             else
 508:Service/Srv_SensorMonitor.c ****                 end_tick = SrvOsCommon.get_systimer_current_tick();
 509:Service/Srv_SensorMonitor.c ****             // DebugPin.ctl(Debug_PB5, false);
 510:Service/Srv_SensorMonitor.c ****         
 511:Service/Srv_SensorMonitor.c ****             if (state)
 817              		.loc 1 511 13 view .LVU269
 512:Service/Srv_SensorMonitor.c ****             {
 513:Service/Srv_SensorMonitor.c ****                 if (start_tick < end_tick)
 818              		.loc 1 513 17 view .LVU270
 819              		.loc 1 513 20 is_stmt 0 view .LVU271
 820 0082 C845     		cmp	r8, r9
 821 0084 0CD3     		bcc	.L61
 514:Service/Srv_SensorMonitor.c ****                 {
 515:Service/Srv_SensorMonitor.c ****                     sample_tick = end_tick - start_tick;
 516:Service/Srv_SensorMonitor.c ****                 }
 517:Service/Srv_SensorMonitor.c ****                 else if (start_tick > end_tick)
 822              		.loc 1 517 22 is_stmt 1 view .LVU272
 823              		.loc 1 517 25 is_stmt 0 view .LVU273
 824 0086 C845     		cmp	r8, r9
 825 0088 23D9     		bls	.L75
 518:Service/Srv_SensorMonitor.c ****                 {
 519:Service/Srv_SensorMonitor.c ****                     /* must after timer irq */
 520:Service/Srv_SensorMonitor.c ****                     sample_tick = SrvOsCommon.get_systimer_period() - start_tick + end_tick;
 826              		.loc 1 520 21 is_stmt 1 view .LVU274
 827              		.loc 1 520 46 is_stmt 0 view .LVU275
 828 008a 1C4B     		ldr	r3, .L78
 829 008c 5B69     		ldr	r3, [r3, #20]
 830              		.loc 1 520 35 view .LVU276
 831 008e 9847     		blx	r3
 832              	.LVL88:
 833              		.loc 1 520 69 view .LVU277
 834 0090 A0EB0808 		sub	r8, r0, r8
 835              	.LVL89:
 836              		.loc 1 520 82 view .LVU278
 837 0094 C144     		add	r9, r9, r8
 838              	.LVL90:
ARM GAS  C:\Users\HUAV\AppData\Local\Temp\ccLqO20p.s 			page 25


 839              		.loc 1 520 82 view .LVU279
 840 0096 05E0     		b	.L63
 841              	.LVL91:
 842              	.L59:
 508:Service/Srv_SensorMonitor.c ****             // DebugPin.ctl(Debug_PB5, false);
 843              		.loc 1 508 17 is_stmt 1 view .LVU280
 508:Service/Srv_SensorMonitor.c ****             // DebugPin.ctl(Debug_PB5, false);
 844              		.loc 1 508 39 is_stmt 0 view .LVU281
 845 0098 184B     		ldr	r3, .L78
 846 009a 1B69     		ldr	r3, [r3, #16]
 508:Service/Srv_SensorMonitor.c ****             // DebugPin.ctl(Debug_PB5, false);
 847              		.loc 1 508 28 view .LVU282
 848 009c 9847     		blx	r3
 849              	.LVL92:
 511:Service/Srv_SensorMonitor.c ****             {
 850              		.loc 1 511 13 is_stmt 1 view .LVU283
 851 009e 1EE0     		b	.L57
 852              	.LVL93:
 853              	.L61:
 515:Service/Srv_SensorMonitor.c ****                 }
 854              		.loc 1 515 21 view .LVU284
 515:Service/Srv_SensorMonitor.c ****                 }
 855              		.loc 1 515 44 is_stmt 0 view .LVU285
 856 00a0 A9EB0809 		sub	r9, r9, r8
 857              	.LVL94:
 858              	.L63:
 521:Service/Srv_SensorMonitor.c ****                 }
 522:Service/Srv_SensorMonitor.c **** 
 523:Service/Srv_SensorMonitor.c ****                 if ((sample_tick <= obj->statistic_baro->min_sampling_overhead) || \
 859              		.loc 1 523 17 is_stmt 1 view .LVU286
 860              		.loc 1 523 40 is_stmt 0 view .LVU287
 861 00a4 6269     		ldr	r2, [r4, #20]
 862              		.loc 1 523 56 view .LVU288
 863 00a6 1169     		ldr	r1, [r2, #16]
 864              		.loc 1 523 34 view .LVU289
 865 00a8 4B46     		mov	r3, r9
 866              		.loc 1 523 20 view .LVU290
 867 00aa 4945     		cmp	r1, r9
 868 00ac 00D2     		bcs	.L64
 869              		.loc 1 523 81 discriminator 1 view .LVU291
 870 00ae 01B9     		cbnz	r1, .L65
 871              	.L64:
 524:Service/Srv_SensorMonitor.c ****                     (obj->statistic_baro->min_sampling_overhead == 0))
 525:Service/Srv_SensorMonitor.c ****                     obj->statistic_baro->min_sampling_overhead = sample_tick;
 872              		.loc 1 525 21 is_stmt 1 view .LVU292
 873              		.loc 1 525 64 is_stmt 0 view .LVU293
 874 00b0 1361     		str	r3, [r2, #16]
 875              	.LVL95:
 876              	.L65:
 526:Service/Srv_SensorMonitor.c **** 
 527:Service/Srv_SensorMonitor.c ****                 if (sample_tick >= obj->statistic_baro->max_sampling_overhead)
 877              		.loc 1 527 17 is_stmt 1 view .LVU294
 878              		.loc 1 527 39 is_stmt 0 view .LVU295
 879 00b2 6269     		ldr	r2, [r4, #20]
 880              		.loc 1 527 55 view .LVU296
 881 00b4 D168     		ldr	r1, [r2, #12]
 882              		.loc 1 527 20 view .LVU297
ARM GAS  C:\Users\HUAV\AppData\Local\Temp\ccLqO20p.s 			page 26


 883 00b6 8B42     		cmp	r3, r1
 884 00b8 00D3     		bcc	.L66
 528:Service/Srv_SensorMonitor.c ****                     obj->statistic_baro->max_sampling_overhead = sample_tick;
 885              		.loc 1 528 21 is_stmt 1 view .LVU298
 886              		.loc 1 528 64 is_stmt 0 view .LVU299
 887 00ba D360     		str	r3, [r2, #12]
 888              	.L66:
 529:Service/Srv_SensorMonitor.c **** 
 530:Service/Srv_SensorMonitor.c ****                 obj->statistic_baro->avg_sampling_overhead += sample_tick;
 889              		.loc 1 530 17 is_stmt 1 view .LVU300
 890              		.loc 1 530 20 is_stmt 0 view .LVU301
 891 00bc 6169     		ldr	r1, [r4, #20]
 892              		.loc 1 530 60 view .LVU302
 893 00be 4A69     		ldr	r2, [r1, #20]
 894 00c0 1A44     		add	r2, r2, r3
 895 00c2 4A61     		str	r2, [r1, #20]
 531:Service/Srv_SensorMonitor.c ****                 obj->statistic_baro->avg_sampling_overhead /= 2;
 896              		.loc 1 531 17 is_stmt 1 view .LVU303
 897              		.loc 1 531 20 is_stmt 0 view .LVU304
 898 00c4 6169     		ldr	r1, [r4, #20]
 899              		.loc 1 531 60 view .LVU305
 900 00c6 4A69     		ldr	r2, [r1, #20]
 901 00c8 5208     		lsrs	r2, r2, #1
 902 00ca 4A61     		str	r2, [r1, #20]
 532:Service/Srv_SensorMonitor.c **** 
 533:Service/Srv_SensorMonitor.c ****                 obj->statistic_baro->cur_sampling_overhead = sample_tick;
 903              		.loc 1 533 17 is_stmt 1 view .LVU306
 904              		.loc 1 533 20 is_stmt 0 view .LVU307
 905 00cc 6269     		ldr	r2, [r4, #20]
 906              		.loc 1 533 60 view .LVU308
 907 00ce 9360     		str	r3, [r2, #8]
 908 00d0 05E0     		b	.L57
 909              	.LVL96:
 910              	.L75:
 482:Service/Srv_SensorMonitor.c **** 
 911              		.loc 1 482 13 view .LVU309
 912 00d2 4FF00009 		mov	r9, #0
 913 00d6 E5E7     		b	.L63
 914              	.LVL97:
 915              	.L67:
 477:Service/Srv_SensorMonitor.c ****     uint32_t sample_interval_ms = 0;
 916              		.loc 1 477 10 view .LVU310
 917 00d8 0026     		movs	r6, #0
 918 00da 00E0     		b	.L57
 919              	.L68:
 477:Service/Srv_SensorMonitor.c ****     uint32_t sample_interval_ms = 0;
 920              		.loc 1 477 10 view .LVU311
 921 00dc 0026     		movs	r6, #0
 922              	.LVL98:
 923              	.L57:
 534:Service/Srv_SensorMonitor.c ****             }
 535:Service/Srv_SensorMonitor.c ****         }
 536:Service/Srv_SensorMonitor.c ****     }
 537:Service/Srv_SensorMonitor.c **** 
 538:Service/Srv_SensorMonitor.c ****     return state;
 924              		.loc 1 538 5 is_stmt 1 view .LVU312
 539:Service/Srv_SensorMonitor.c **** }
ARM GAS  C:\Users\HUAV\AppData\Local\Temp\ccLqO20p.s 			page 27


 925              		.loc 1 539 1 is_stmt 0 view .LVU313
 926 00de 3046     		mov	r0, r6
 927 00e0 BDE8F883 		pop	{r3, r4, r5, r6, r7, r8, r9, pc}
 928              	.LVL99:
 929              	.L69:
 477:Service/Srv_SensorMonitor.c ****     uint32_t sample_interval_ms = 0;
 930              		.loc 1 477 10 view .LVU314
 931 00e4 0026     		movs	r6, #0
 932 00e6 FAE7     		b	.L57
 933              	.L70:
 934 00e8 0026     		movs	r6, #0
 935 00ea F8E7     		b	.L57
 936              	.L71:
 937 00ec 0026     		movs	r6, #0
 938 00ee F6E7     		b	.L57
 939              	.LVL100:
 940              	.L72:
 477:Service/Srv_SensorMonitor.c ****     uint32_t sample_interval_ms = 0;
 941              		.loc 1 477 10 view .LVU315
 942 00f0 0026     		movs	r6, #0
 943 00f2 F4E7     		b	.L57
 944              	.L73:
 945 00f4 0026     		movs	r6, #0
 946 00f6 F2E7     		b	.L57
 947              	.L74:
 948 00f8 0026     		movs	r6, #0
 949 00fa F0E7     		b	.L57
 950              	.L79:
 951              		.align	2
 952              	.L78:
 953 00fc 00000000 		.word	SrvOsCommon
 954 0100 00000000 		.word	SrvBaro
 955              		.cfi_endproc
 956              	.LFE158:
 958              		.section	.text.SrvSensorMonitor_Flow_Init,"ax",%progbits
 959              		.align	1
 960              		.syntax unified
 961              		.thumb
 962              		.thumb_func
 964              	SrvSensorMonitor_Flow_Init:
 965              	.LFB160:
 540:Service/Srv_SensorMonitor.c **** 
 541:Service/Srv_SensorMonitor.c **** static SrvBaro_UnionData_TypeDef SrvSensorMonitor_Get_BaroData(SrvSensorMonitorObj_TypeDef *obj)
 542:Service/Srv_SensorMonitor.c **** {
 543:Service/Srv_SensorMonitor.c ****     SrvBaro_UnionData_TypeDef baro_data_tmp;
 544:Service/Srv_SensorMonitor.c **** 
 545:Service/Srv_SensorMonitor.c ****     memset(&baro_data_tmp, 0, sizeof(SrvBaro_UnionData_TypeDef));
 546:Service/Srv_SensorMonitor.c **** 
 547:Service/Srv_SensorMonitor.c ****     if (obj && obj->enabled_reg.bit.baro && obj->init_state_reg.bit.baro && SrvBaro.get_data)
 548:Service/Srv_SensorMonitor.c ****     {
 549:Service/Srv_SensorMonitor.c ****         if (SrvBaro.get_data(&baro_data_tmp))
 550:Service/Srv_SensorMonitor.c ****         {
 551:Service/Srv_SensorMonitor.c ****             obj->lst_baro_data.data = baro_data_tmp.data;
 552:Service/Srv_SensorMonitor.c ****         }
 553:Service/Srv_SensorMonitor.c ****         else
 554:Service/Srv_SensorMonitor.c ****             baro_data_tmp.data = obj->lst_baro_data.data;
 555:Service/Srv_SensorMonitor.c ****     }
ARM GAS  C:\Users\HUAV\AppData\Local\Temp\ccLqO20p.s 			page 28


 556:Service/Srv_SensorMonitor.c **** 
 557:Service/Srv_SensorMonitor.c ****     return baro_data_tmp;
 558:Service/Srv_SensorMonitor.c **** }
 559:Service/Srv_SensorMonitor.c **** 
 560:Service/Srv_SensorMonitor.c **** /******************************************* Flow Section *****************************************
 561:Service/Srv_SensorMonitor.c **** static bool SrvSensorMonitor_Flow_Init(void)
 562:Service/Srv_SensorMonitor.c **** {
 966              		.loc 1 562 1 is_stmt 1 view -0
 967              		.cfi_startproc
 968              		@ args = 0, pretend = 0, frame = 0
 969              		@ frame_needed = 0, uses_anonymous_args = 0
 970              		@ link register save eliminated.
 563:Service/Srv_SensorMonitor.c ****     // return SrvFlow.init(FLOW_TYPE);
 564:Service/Srv_SensorMonitor.c ****     return false;
 971              		.loc 1 564 5 view .LVU317
 565:Service/Srv_SensorMonitor.c **** }
 972              		.loc 1 565 1 is_stmt 0 view .LVU318
 973 0000 0020     		movs	r0, #0
 974 0002 7047     		bx	lr
 975              		.cfi_endproc
 976              	.LFE160:
 978              		.section	.text.SrvSensorMonitor_SampleCTL,"ax",%progbits
 979              		.align	1
 980              		.syntax unified
 981              		.thumb
 982              		.thumb_func
 984              	SrvSensorMonitor_SampleCTL:
 985              	.LVL101:
 986              	.LFB162:
 566:Service/Srv_SensorMonitor.c **** 
 567:Service/Srv_SensorMonitor.c **** static bool SrvSensorMonitor_Flow_SampleCTL(SrvSensorMonitorObj_TypeDef *obj)
 568:Service/Srv_SensorMonitor.c **** {
 569:Service/Srv_SensorMonitor.c ****     uint32_t sample_interval_ms = 0;
 570:Service/Srv_SensorMonitor.c ****     uint32_t cur_time = 0;
 571:Service/Srv_SensorMonitor.c ****     uint32_t start_tick = 0;
 572:Service/Srv_SensorMonitor.c ****     uint32_t end_tick = 0;
 573:Service/Srv_SensorMonitor.c ****     uint32_t sample_tick = 0;
 574:Service/Srv_SensorMonitor.c ****     bool state = false;
 575:Service/Srv_SensorMonitor.c **** 
 576:Service/Srv_SensorMonitor.c ****     if (obj && obj->enabled_reg.bit.flow && obj->init_state_reg.bit.flow && obj->freq_reg.bit.flow 
 577:Service/Srv_SensorMonitor.c ****     {
 578:Service/Srv_SensorMonitor.c ****         sample_interval_ms = SrvSensorMonitor_GetSampleInterval(obj->statistic_flow->set_period);
 579:Service/Srv_SensorMonitor.c **** 
 580:Service/Srv_SensorMonitor.c ****         if (SrvFlow.sample && \
 581:Service/Srv_SensorMonitor.c ****             ((obj->statistic_flow->start_time == 0) || \
 582:Service/Srv_SensorMonitor.c ****              (sample_interval_ms && \
 583:Service/Srv_SensorMonitor.c ****              (cur_time >= obj->statistic_baro->nxt_sample_time))))
 584:Service/Srv_SensorMonitor.c ****         {
 585:Service/Srv_SensorMonitor.c ****             start_tick = SrvOsCommon.get_systimer_current_tick();
 586:Service/Srv_SensorMonitor.c ****             if (SrvFlow.sample(FLOW_TYPE))
 587:Service/Srv_SensorMonitor.c ****             {
 588:Service/Srv_SensorMonitor.c ****                 end_tick = SrvOsCommon.get_systimer_current_tick();
 589:Service/Srv_SensorMonitor.c **** 
 590:Service/Srv_SensorMonitor.c ****                 obj->statistic_baro->sample_cnt ++;
 591:Service/Srv_SensorMonitor.c ****                 obj->statistic_baro->nxt_sample_time = cur_time + sample_interval_ms;
 592:Service/Srv_SensorMonitor.c ****                 if (obj->statistic_baro->start_time == 0)
 593:Service/Srv_SensorMonitor.c ****                     obj->statistic_baro->start_time = cur_time;
ARM GAS  C:\Users\HUAV\AppData\Local\Temp\ccLqO20p.s 			page 29


 594:Service/Srv_SensorMonitor.c **** 
 595:Service/Srv_SensorMonitor.c ****                 state = true;
 596:Service/Srv_SensorMonitor.c ****             }
 597:Service/Srv_SensorMonitor.c ****             else
 598:Service/Srv_SensorMonitor.c ****                 end_tick = SrvOsCommon.get_systimer_current_tick();
 599:Service/Srv_SensorMonitor.c **** 
 600:Service/Srv_SensorMonitor.c ****             /* get flow sensor sample over head */
 601:Service/Srv_SensorMonitor.c ****             if (state)
 602:Service/Srv_SensorMonitor.c ****             {
 603:Service/Srv_SensorMonitor.c ****                 if (start_tick < end_tick)
 604:Service/Srv_SensorMonitor.c ****                 {
 605:Service/Srv_SensorMonitor.c ****                     sample_tick = end_tick - start_tick;
 606:Service/Srv_SensorMonitor.c ****                 }
 607:Service/Srv_SensorMonitor.c ****                 else if (start_tick > end_tick)
 608:Service/Srv_SensorMonitor.c ****                 {
 609:Service/Srv_SensorMonitor.c ****                     /* must after timer irq */
 610:Service/Srv_SensorMonitor.c ****                     sample_tick = SrvOsCommon.get_systimer_period() - start_tick + end_tick;
 611:Service/Srv_SensorMonitor.c ****                 }
 612:Service/Srv_SensorMonitor.c **** 
 613:Service/Srv_SensorMonitor.c ****                 if ((sample_tick <= obj->statistic_flow->min_sampling_overhead) || \
 614:Service/Srv_SensorMonitor.c ****                    (obj->statistic_flow->min_sampling_overhead == 0))
 615:Service/Srv_SensorMonitor.c ****                     obj->statistic_flow->min_sampling_overhead = sample_tick;
 616:Service/Srv_SensorMonitor.c **** 
 617:Service/Srv_SensorMonitor.c ****                 if (sample_tick >= obj->statistic_flow->max_sampling_overhead)
 618:Service/Srv_SensorMonitor.c ****                     obj->statistic_flow->max_sampling_overhead = sample_tick;
 619:Service/Srv_SensorMonitor.c **** 
 620:Service/Srv_SensorMonitor.c ****                 obj->statistic_flow->avg_sampling_overhead += sample_tick;
 621:Service/Srv_SensorMonitor.c ****                 obj->statistic_flow->avg_sampling_overhead /= 2;
 622:Service/Srv_SensorMonitor.c **** 
 623:Service/Srv_SensorMonitor.c ****                 obj->statistic_flow->cur_sampling_overhead = sample_tick;
 624:Service/Srv_SensorMonitor.c ****             }
 625:Service/Srv_SensorMonitor.c ****         }
 626:Service/Srv_SensorMonitor.c ****     }
 627:Service/Srv_SensorMonitor.c **** 
 628:Service/Srv_SensorMonitor.c ****     return state;
 629:Service/Srv_SensorMonitor.c **** }
 630:Service/Srv_SensorMonitor.c **** 
 631:Service/Srv_SensorMonitor.c **** 
 632:Service/Srv_SensorMonitor.c **** 
 633:Service/Srv_SensorMonitor.c **** /* noticed all sensor sampling and processing must finished in 1ms maximum */
 634:Service/Srv_SensorMonitor.c **** /* maximum sampling rate is 1KHz currentlly */
 635:Service/Srv_SensorMonitor.c **** static bool SrvSensorMonitor_SampleCTL(SrvSensorMonitorObj_TypeDef *obj)
 636:Service/Srv_SensorMonitor.c **** {
 987              		.loc 1 636 1 is_stmt 1 view -0
 988              		.cfi_startproc
 989              		@ args = 0, pretend = 0, frame = 0
 990              		@ frame_needed = 0, uses_anonymous_args = 0
 991              		.loc 1 636 1 is_stmt 0 view .LVU320
 992 0000 70B5     		push	{r4, r5, r6, lr}
 993              	.LCFI2:
 994              		.cfi_def_cfa_offset 16
 995              		.cfi_offset 4, -16
 996              		.cfi_offset 5, -12
 997              		.cfi_offset 6, -8
 998              		.cfi_offset 14, -4
 999 0002 0546     		mov	r5, r0
 637:Service/Srv_SensorMonitor.c ****     bool state = false;
ARM GAS  C:\Users\HUAV\AppData\Local\Temp\ccLqO20p.s 			page 30


 1000              		.loc 1 637 5 is_stmt 1 view .LVU321
 1001              	.LVL102:
 638:Service/Srv_SensorMonitor.c ****     // DebugPin.ctl(Debug_PB5, true);
 639:Service/Srv_SensorMonitor.c ****     
 640:Service/Srv_SensorMonitor.c ****     /* imu single sampling overhead is about 60us */
 641:Service/Srv_SensorMonitor.c ****     state |= SrvSensorMonitor_IMU_SampleCTL(obj);
 1002              		.loc 1 641 5 view .LVU322
 1003              		.loc 1 641 14 is_stmt 0 view .LVU323
 1004 0004 FFF7FEFF 		bl	SrvSensorMonitor_IMU_SampleCTL
 1005              	.LVL103:
 1006              		.loc 1 641 14 view .LVU324
 1007 0008 0446     		mov	r4, r0
 1008              	.LVL104:
 642:Service/Srv_SensorMonitor.c ****     state |= SrvSensorMonitor_Mag_SampleCTL(obj);
 1009              		.loc 1 642 5 is_stmt 1 view .LVU325
 1010              		.loc 1 642 14 is_stmt 0 view .LVU326
 1011 000a 2846     		mov	r0, r5
 1012 000c FFF7FEFF 		bl	SrvSensorMonitor_Mag_SampleCTL
 1013              	.LVL105:
 1014              		.loc 1 642 11 view .LVU327
 1015 0010 0443     		orrs	r4, r4, r0
 1016              	.LVL106:
 1017              		.loc 1 642 11 view .LVU328
 1018 0012 E4B2     		uxtb	r4, r4
 1019              	.LVL107:
 643:Service/Srv_SensorMonitor.c **** 
 644:Service/Srv_SensorMonitor.c ****     /* baro single sampling overhead is about 230us */
 645:Service/Srv_SensorMonitor.c ****     state |= SrvSensorMonitor_Baro_SampleCTL(obj);
 1020              		.loc 1 645 5 is_stmt 1 view .LVU329
 1021              		.loc 1 645 14 is_stmt 0 view .LVU330
 1022 0014 2846     		mov	r0, r5
 1023 0016 FFF7FEFF 		bl	SrvSensorMonitor_Baro_SampleCTL
 1024              	.LVL108:
 1025              		.loc 1 645 11 view .LVU331
 1026 001a 0443     		orrs	r4, r4, r0
 1027              	.LVL109:
 1028              		.loc 1 645 11 view .LVU332
 1029 001c E4B2     		uxtb	r4, r4
 1030              	.LVL110:
 646:Service/Srv_SensorMonitor.c ****     if (obj->statistic_baro->is_calid == Calib_Start)
 1031              		.loc 1 646 5 is_stmt 1 view .LVU333
 1032              		.loc 1 646 12 is_stmt 0 view .LVU334
 1033 001e 6E69     		ldr	r6, [r5, #20]
 1034              		.loc 1 646 28 view .LVU335
 1035 0020 337E     		ldrb	r3, [r6, #24]	@ zero_extendqisi2
 1036              		.loc 1 646 8 view .LVU336
 1037 0022 012B     		cmp	r3, #1
 1038 0024 07D0     		beq	.L85
 647:Service/Srv_SensorMonitor.c ****     {
 648:Service/Srv_SensorMonitor.c ****         obj->statistic_baro->is_calid = Calib_Failed;
 649:Service/Srv_SensorMonitor.c ****         if (SrvBaro.set_calib)
 650:Service/Srv_SensorMonitor.c ****             obj->statistic_baro->is_calid = SrvBaro.set_calib(BARO_CALIB_CYCLE);
 651:Service/Srv_SensorMonitor.c ****     }
 652:Service/Srv_SensorMonitor.c ****     else if (obj->statistic_baro->is_calid != Calib_Failed)
 1039              		.loc 1 652 10 is_stmt 1 view .LVU337
 1040              		.loc 1 652 13 is_stmt 0 view .LVU338
 1041 0026 042B     		cmp	r3, #4
ARM GAS  C:\Users\HUAV\AppData\Local\Temp\ccLqO20p.s 			page 31


 1042 0028 03D0     		beq	.L83
 653:Service/Srv_SensorMonitor.c ****         obj->statistic_baro->is_calid = SrvBaro.get_calib();
 1043              		.loc 1 653 9 is_stmt 1 view .LVU339
 1044              		.loc 1 653 48 is_stmt 0 view .LVU340
 1045 002a 084B     		ldr	r3, .L86
 1046 002c DB68     		ldr	r3, [r3, #12]
 1047              		.loc 1 653 41 view .LVU341
 1048 002e 9847     		blx	r3
 1049              	.LVL111:
 1050              		.loc 1 653 39 view .LVU342
 1051 0030 3076     		strb	r0, [r6, #24]
 1052              	.LVL112:
 1053              	.L83:
 654:Service/Srv_SensorMonitor.c **** 
 655:Service/Srv_SensorMonitor.c ****     // DebugPin.ctl(Debug_PB5, false);
 656:Service/Srv_SensorMonitor.c ****     
 657:Service/Srv_SensorMonitor.c ****     return state;
 1054              		.loc 1 657 5 is_stmt 1 view .LVU343
 658:Service/Srv_SensorMonitor.c **** }
 1055              		.loc 1 658 1 is_stmt 0 view .LVU344
 1056 0032 2046     		mov	r0, r4
 1057 0034 70BD     		pop	{r4, r5, r6, pc}
 1058              	.LVL113:
 1059              	.L85:
 648:Service/Srv_SensorMonitor.c ****         if (SrvBaro.set_calib)
 1060              		.loc 1 648 9 is_stmt 1 view .LVU345
 648:Service/Srv_SensorMonitor.c ****         if (SrvBaro.set_calib)
 1061              		.loc 1 648 39 is_stmt 0 view .LVU346
 1062 0036 0423     		movs	r3, #4
 1063 0038 3376     		strb	r3, [r6, #24]
 649:Service/Srv_SensorMonitor.c ****             obj->statistic_baro->is_calid = SrvBaro.set_calib(BARO_CALIB_CYCLE);
 1064              		.loc 1 649 9 is_stmt 1 view .LVU347
 649:Service/Srv_SensorMonitor.c ****             obj->statistic_baro->is_calid = SrvBaro.set_calib(BARO_CALIB_CYCLE);
 1065              		.loc 1 649 20 is_stmt 0 view .LVU348
 1066 003a 044B     		ldr	r3, .L86
 1067 003c 9B68     		ldr	r3, [r3, #8]
 649:Service/Srv_SensorMonitor.c ****             obj->statistic_baro->is_calid = SrvBaro.set_calib(BARO_CALIB_CYCLE);
 1068              		.loc 1 649 12 view .LVU349
 1069 003e 002B     		cmp	r3, #0
 1070 0040 F7D0     		beq	.L83
 650:Service/Srv_SensorMonitor.c ****     }
 1071              		.loc 1 650 13 is_stmt 1 view .LVU350
 650:Service/Srv_SensorMonitor.c ****     }
 1072              		.loc 1 650 16 is_stmt 0 view .LVU351
 1073 0042 6D69     		ldr	r5, [r5, #20]
 1074              	.LVL114:
 650:Service/Srv_SensorMonitor.c ****     }
 1075              		.loc 1 650 45 view .LVU352
 1076 0044 6420     		movs	r0, #100
 1077 0046 9847     		blx	r3
 1078              	.LVL115:
 650:Service/Srv_SensorMonitor.c ****     }
 1079              		.loc 1 650 43 view .LVU353
 1080 0048 2876     		strb	r0, [r5, #24]
 1081 004a F2E7     		b	.L83
 1082              	.L87:
 1083              		.align	2
ARM GAS  C:\Users\HUAV\AppData\Local\Temp\ccLqO20p.s 			page 32


 1084              	.L86:
 1085 004c 00000000 		.word	SrvBaro
 1086              		.cfi_endproc
 1087              	.LFE162:
 1089              		.section	.text.SrvSensorMonitor_Set_Module_Calib,"ax",%progbits
 1090              		.align	1
 1091              		.syntax unified
 1092              		.thumb
 1093              		.thumb_func
 1095              	SrvSensorMonitor_Set_Module_Calib:
 1096              	.LVL116:
 1097              	.LFB163:
 659:Service/Srv_SensorMonitor.c **** 
 660:Service/Srv_SensorMonitor.c **** static GenCalib_State_TypeList SrvSensorMonitor_Set_Module_Calib(SrvSensorMonitorObj_TypeDef *obj, 
 661:Service/Srv_SensorMonitor.c **** {
 1098              		.loc 1 661 1 is_stmt 1 view -0
 1099              		.cfi_startproc
 1100              		@ args = 0, pretend = 0, frame = 0
 1101              		@ frame_needed = 0, uses_anonymous_args = 0
 1102              		@ link register save eliminated.
 662:Service/Srv_SensorMonitor.c ****     if (obj)
 1103              		.loc 1 662 5 view .LVU355
 1104              		.loc 1 662 8 is_stmt 0 view .LVU356
 1105 0000 30B1     		cbz	r0, .L89
 663:Service/Srv_SensorMonitor.c ****     {
 664:Service/Srv_SensorMonitor.c ****         switch((uint8_t) type)
 1106              		.loc 1 664 9 is_stmt 1 view .LVU357
 1107 0002 0129     		cmp	r1, #1
 1108 0004 06D0     		beq	.L90
 1109 0006 0229     		cmp	r1, #2
 1110 0008 02D1     		bne	.L89
 665:Service/Srv_SensorMonitor.c ****         {
 666:Service/Srv_SensorMonitor.c ****             case SrvSensorMonitor_Type_BARO: obj->statistic_baro->is_calid = Calib_Start; break;
 1111              		.loc 1 666 46 view .LVU358
 1112              		.loc 1 666 49 is_stmt 0 view .LVU359
 1113 000a 4369     		ldr	r3, [r0, #20]
 1114              		.loc 1 666 76 view .LVU360
 1115 000c 0122     		movs	r2, #1
 1116 000e 1A76     		strb	r2, [r3, #24]
 1117              		.loc 1 666 91 is_stmt 1 view .LVU361
 1118              	.L89:
 667:Service/Srv_SensorMonitor.c ****             case SrvSensorMonitor_Type_MAG:  obj->statistic_mag->is_calid = Calib_Start;  break;
 668:Service/Srv_SensorMonitor.c ****             default: break;
 669:Service/Srv_SensorMonitor.c ****         }
 670:Service/Srv_SensorMonitor.c ****     }
 671:Service/Srv_SensorMonitor.c **** 
 672:Service/Srv_SensorMonitor.c ****     return Calib_Start;
 1119              		.loc 1 672 5 view .LVU362
 673:Service/Srv_SensorMonitor.c **** }
 1120              		.loc 1 673 1 is_stmt 0 view .LVU363
 1121 0010 0120     		movs	r0, #1
 1122              	.LVL117:
 1123              		.loc 1 673 1 view .LVU364
 1124 0012 7047     		bx	lr
 1125              	.LVL118:
 1126              	.L90:
 667:Service/Srv_SensorMonitor.c ****             case SrvSensorMonitor_Type_MAG:  obj->statistic_mag->is_calid = Calib_Start;  break;
ARM GAS  C:\Users\HUAV\AppData\Local\Temp\ccLqO20p.s 			page 33


 1127              		.loc 1 667 46 is_stmt 1 view .LVU365
 667:Service/Srv_SensorMonitor.c ****             case SrvSensorMonitor_Type_MAG:  obj->statistic_mag->is_calid = Calib_Start;  break;
 1128              		.loc 1 667 49 is_stmt 0 view .LVU366
 1129 0014 0369     		ldr	r3, [r0, #16]
 667:Service/Srv_SensorMonitor.c ****             case SrvSensorMonitor_Type_MAG:  obj->statistic_mag->is_calid = Calib_Start;  break;
 1130              		.loc 1 667 75 view .LVU367
 1131 0016 0122     		movs	r2, #1
 1132 0018 1A76     		strb	r2, [r3, #24]
 667:Service/Srv_SensorMonitor.c ****             case SrvSensorMonitor_Type_MAG:  obj->statistic_mag->is_calid = Calib_Start;  break;
 1133              		.loc 1 667 91 is_stmt 1 view .LVU368
 667:Service/Srv_SensorMonitor.c ****             case SrvSensorMonitor_Type_MAG:  obj->statistic_mag->is_calid = Calib_Start;  break;
 1134              		.loc 1 667 13 is_stmt 0 view .LVU369
 1135 001a F9E7     		b	.L89
 1136              		.cfi_endproc
 1137              	.LFE163:
 1139              		.section	.text.SrvSensorMonitor_Get_Module_Calib,"ax",%progbits
 1140              		.align	1
 1141              		.syntax unified
 1142              		.thumb
 1143              		.thumb_func
 1145              	SrvSensorMonitor_Get_Module_Calib:
 1146              	.LVL119:
 1147              	.LFB164:
 674:Service/Srv_SensorMonitor.c **** 
 675:Service/Srv_SensorMonitor.c **** static GenCalib_State_TypeList SrvSensorMonitor_Get_Module_Calib(SrvSensorMonitorObj_TypeDef *obj, 
 676:Service/Srv_SensorMonitor.c **** {
 1148              		.loc 1 676 1 is_stmt 1 view -0
 1149              		.cfi_startproc
 1150              		@ args = 0, pretend = 0, frame = 0
 1151              		@ frame_needed = 0, uses_anonymous_args = 0
 1152              		@ link register save eliminated.
 677:Service/Srv_SensorMonitor.c ****     if (obj)
 1153              		.loc 1 677 5 view .LVU371
 1154              		.loc 1 677 8 is_stmt 0 view .LVU372
 1155 0000 D8B1     		cbz	r0, .L95
 678:Service/Srv_SensorMonitor.c ****     {
 679:Service/Srv_SensorMonitor.c ****         switch((uint8_t) type)
 1156              		.loc 1 679 9 is_stmt 1 view .LVU373
 1157 0002 0129     		cmp	r1, #1
 1158 0004 03D0     		beq	.L93
 1159 0006 0229     		cmp	r1, #2
 1160 0008 0CD0     		beq	.L94
 1161 000a 0420     		movs	r0, #4
 1162              	.LVL120:
 1163              		.loc 1 679 9 is_stmt 0 view .LVU374
 1164 000c 7047     		bx	lr
 1165              	.LVL121:
 1166              	.L93:
 680:Service/Srv_SensorMonitor.c ****         {
 681:Service/Srv_SensorMonitor.c ****             case SrvSensorMonitor_Type_IMU:
 682:Service/Srv_SensorMonitor.c ****                 break;
 683:Service/Srv_SensorMonitor.c **** 
 684:Service/Srv_SensorMonitor.c ****             case SrvSensorMonitor_Type_MAG:
 685:Service/Srv_SensorMonitor.c ****                 if (obj->enabled_reg.bit.mag && obj->init_state_reg.bit.mag)
 1167              		.loc 1 685 17 is_stmt 1 view .LVU375
 1168              		.loc 1 685 21 is_stmt 0 view .LVU376
 1169 000e 0278     		ldrb	r2, [r0]	@ zero_extendqisi2
ARM GAS  C:\Users\HUAV\AppData\Local\Temp\ccLqO20p.s 			page 34


 1170              		.loc 1 685 20 view .LVU377
 1171 0010 12F0020F 		tst	r2, #2
 1172 0014 13D0     		beq	.L96
 1173              		.loc 1 685 46 discriminator 1 view .LVU378
 1174 0016 0279     		ldrb	r2, [r0, #4]	@ zero_extendqisi2
 1175 0018 12F0020F 		tst	r2, #2
 1176 001c 11D0     		beq	.L97
 686:Service/Srv_SensorMonitor.c ****                 {
 687:Service/Srv_SensorMonitor.c ****                     return obj->statistic_mag->is_calid;
 1177              		.loc 1 687 21 is_stmt 1 view .LVU379
 1178              		.loc 1 687 31 is_stmt 0 view .LVU380
 1179 001e 0369     		ldr	r3, [r0, #16]
 1180              		.loc 1 687 46 view .LVU381
 1181 0020 187E     		ldrb	r0, [r3, #24]	@ zero_extendqisi2
 1182              	.LVL122:
 1183              		.loc 1 687 46 view .LVU382
 1184 0022 7047     		bx	lr
 1185              	.LVL123:
 1186              	.L94:
 688:Service/Srv_SensorMonitor.c ****                 }
 689:Service/Srv_SensorMonitor.c ****                 return Calib_Failed; 
 690:Service/Srv_SensorMonitor.c **** 
 691:Service/Srv_SensorMonitor.c ****             case SrvSensorMonitor_Type_BARO:
 692:Service/Srv_SensorMonitor.c ****                 if (obj->enabled_reg.bit.baro && obj->init_state_reg.bit.baro)
 1187              		.loc 1 692 17 is_stmt 1 view .LVU383
 1188              		.loc 1 692 21 is_stmt 0 view .LVU384
 1189 0024 0278     		ldrb	r2, [r0]	@ zero_extendqisi2
 1190              		.loc 1 692 20 view .LVU385
 1191 0026 12F0040F 		tst	r2, #4
 1192 002a 0CD0     		beq	.L98
 1193              		.loc 1 692 47 discriminator 1 view .LVU386
 1194 002c 0279     		ldrb	r2, [r0, #4]	@ zero_extendqisi2
 1195 002e 12F0040F 		tst	r2, #4
 1196 0032 0AD0     		beq	.L99
 693:Service/Srv_SensorMonitor.c ****                 {
 694:Service/Srv_SensorMonitor.c ****                     return obj->statistic_baro->is_calid;
 1197              		.loc 1 694 21 is_stmt 1 view .LVU387
 1198              		.loc 1 694 31 is_stmt 0 view .LVU388
 1199 0034 4369     		ldr	r3, [r0, #20]
 1200              		.loc 1 694 47 view .LVU389
 1201 0036 187E     		ldrb	r0, [r3, #24]	@ zero_extendqisi2
 1202              	.LVL124:
 1203              		.loc 1 694 47 view .LVU390
 1204 0038 7047     		bx	lr
 1205              	.LVL125:
 1206              	.L95:
 695:Service/Srv_SensorMonitor.c ****                 }
 696:Service/Srv_SensorMonitor.c ****                 return Calib_Failed;
 697:Service/Srv_SensorMonitor.c **** 
 698:Service/Srv_SensorMonitor.c ****             default: return Calib_Failed;
 699:Service/Srv_SensorMonitor.c ****         }
 700:Service/Srv_SensorMonitor.c ****     }
 701:Service/Srv_SensorMonitor.c **** 
 702:Service/Srv_SensorMonitor.c ****     return Calib_Failed;
 1207              		.loc 1 702 12 view .LVU391
 1208 003a 0420     		movs	r0, #4
 1209              	.LVL126:
ARM GAS  C:\Users\HUAV\AppData\Local\Temp\ccLqO20p.s 			page 35


 1210              		.loc 1 702 12 view .LVU392
 1211 003c 7047     		bx	lr
 1212              	.LVL127:
 1213              	.L96:
 689:Service/Srv_SensorMonitor.c **** 
 1214              		.loc 1 689 24 view .LVU393
 1215 003e 0420     		movs	r0, #4
 1216              	.LVL128:
 689:Service/Srv_SensorMonitor.c **** 
 1217              		.loc 1 689 24 view .LVU394
 1218 0040 7047     		bx	lr
 1219              	.LVL129:
 1220              	.L97:
 689:Service/Srv_SensorMonitor.c **** 
 1221              		.loc 1 689 24 view .LVU395
 1222 0042 0420     		movs	r0, #4
 1223              	.LVL130:
 689:Service/Srv_SensorMonitor.c **** 
 1224              		.loc 1 689 24 view .LVU396
 1225 0044 7047     		bx	lr
 1226              	.LVL131:
 1227              	.L98:
 696:Service/Srv_SensorMonitor.c **** 
 1228              		.loc 1 696 24 view .LVU397
 1229 0046 0420     		movs	r0, #4
 1230              	.LVL132:
 696:Service/Srv_SensorMonitor.c **** 
 1231              		.loc 1 696 24 view .LVU398
 1232 0048 7047     		bx	lr
 1233              	.LVL133:
 1234              	.L99:
 696:Service/Srv_SensorMonitor.c **** 
 1235              		.loc 1 696 24 view .LVU399
 1236 004a 0420     		movs	r0, #4
 1237              	.LVL134:
 703:Service/Srv_SensorMonitor.c **** }
 1238              		.loc 1 703 1 view .LVU400
 1239 004c 7047     		bx	lr
 1240              		.cfi_endproc
 1241              	.LFE164:
 1243              		.section	.text.SrvSensorMonitor_Get_BaroData,"ax",%progbits
 1244              		.align	1
 1245              		.syntax unified
 1246              		.thumb
 1247              		.thumb_func
 1249              	SrvSensorMonitor_Get_BaroData:
 1250              	.LVL135:
 1251              	.LFB159:
 542:Service/Srv_SensorMonitor.c ****     SrvBaro_UnionData_TypeDef baro_data_tmp;
 1252              		.loc 1 542 1 is_stmt 1 view -0
 1253              		.cfi_startproc
 1254              		@ args = 0, pretend = 0, frame = 32
 1255              		@ frame_needed = 0, uses_anonymous_args = 0
 542:Service/Srv_SensorMonitor.c ****     SrvBaro_UnionData_TypeDef baro_data_tmp;
 1256              		.loc 1 542 1 is_stmt 0 view .LVU402
 1257 0000 30B5     		push	{r4, r5, lr}
 1258              	.LCFI3:
ARM GAS  C:\Users\HUAV\AppData\Local\Temp\ccLqO20p.s 			page 36


 1259              		.cfi_def_cfa_offset 12
 1260              		.cfi_offset 4, -12
 1261              		.cfi_offset 5, -8
 1262              		.cfi_offset 14, -4
 1263 0002 89B0     		sub	sp, sp, #36
 1264              	.LCFI4:
 1265              		.cfi_def_cfa_offset 48
 1266 0004 0446     		mov	r4, r0
 543:Service/Srv_SensorMonitor.c **** 
 1267              		.loc 1 543 5 is_stmt 1 view .LVU403
 545:Service/Srv_SensorMonitor.c **** 
 1268              		.loc 1 545 5 view .LVU404
 1269 0006 0023     		movs	r3, #0
 1270 0008 0193     		str	r3, [sp, #4]
 1271 000a 0293     		str	r3, [sp, #8]
 1272 000c 0393     		str	r3, [sp, #12]
 1273 000e 0493     		str	r3, [sp, #16]
 1274 0010 0593     		str	r3, [sp, #20]
 1275 0012 0693     		str	r3, [sp, #24]
 1276 0014 0793     		str	r3, [sp, #28]
 547:Service/Srv_SensorMonitor.c ****     {
 1277              		.loc 1 547 5 view .LVU405
 547:Service/Srv_SensorMonitor.c ****     {
 1278              		.loc 1 547 8 is_stmt 0 view .LVU406
 1279 0016 C1B1     		cbz	r1, .L101
 1280 0018 0D46     		mov	r5, r1
 547:Service/Srv_SensorMonitor.c ****     {
 1281              		.loc 1 547 13 discriminator 1 view .LVU407
 1282 001a 0B78     		ldrb	r3, [r1]	@ zero_extendqisi2
 1283 001c 13F0040F 		tst	r3, #4
 1284 0020 13D0     		beq	.L101
 547:Service/Srv_SensorMonitor.c ****     {
 1285              		.loc 1 547 42 discriminator 2 view .LVU408
 1286 0022 0B79     		ldrb	r3, [r1, #4]	@ zero_extendqisi2
 1287 0024 13F0040F 		tst	r3, #4
 1288 0028 0FD0     		beq	.L101
 547:Service/Srv_SensorMonitor.c ****     {
 1289              		.loc 1 547 84 discriminator 3 view .LVU409
 1290 002a 144B     		ldr	r3, .L104
 1291 002c 1B69     		ldr	r3, [r3, #16]
 547:Service/Srv_SensorMonitor.c ****     {
 1292              		.loc 1 547 74 discriminator 3 view .LVU410
 1293 002e 63B1     		cbz	r3, .L101
 549:Service/Srv_SensorMonitor.c ****         {
 1294              		.loc 1 549 9 is_stmt 1 view .LVU411
 549:Service/Srv_SensorMonitor.c ****         {
 1295              		.loc 1 549 13 is_stmt 0 view .LVU412
 1296 0030 01A8     		add	r0, sp, #4
 1297              	.LVL136:
 549:Service/Srv_SensorMonitor.c ****         {
 1298              		.loc 1 549 13 view .LVU413
 1299 0032 9847     		blx	r3
 1300              	.LVL137:
 549:Service/Srv_SensorMonitor.c ****         {
 1301              		.loc 1 549 12 view .LVU414
 1302 0034 B8B1     		cbz	r0, .L102
 551:Service/Srv_SensorMonitor.c ****         }
ARM GAS  C:\Users\HUAV\AppData\Local\Temp\ccLqO20p.s 			page 37


 1303              		.loc 1 551 13 is_stmt 1 view .LVU415
 551:Service/Srv_SensorMonitor.c ****         }
 1304              		.loc 1 551 37 is_stmt 0 view .LVU416
 1305 0036 9035     		adds	r5, r5, #144
 1306              	.LVL138:
 551:Service/Srv_SensorMonitor.c ****         }
 1307              		.loc 1 551 37 view .LVU417
 1308 0038 0DF1040C 		add	ip, sp, #4
 1309 003c BCE80F00 		ldmia	ip!, {r0, r1, r2, r3}
 1310 0040 0FC5     		stmia	r5!, {r0, r1, r2, r3}
 1311              	.LVL139:
 551:Service/Srv_SensorMonitor.c ****         }
 1312              		.loc 1 551 37 view .LVU418
 1313 0042 9CE80700 		ldm	ip, {r0, r1, r2}
 1314 0046 85E80700 		stm	r5, {r0, r1, r2}
 1315              	.LVL140:
 1316              	.L101:
 557:Service/Srv_SensorMonitor.c **** }
 1317              		.loc 1 557 5 is_stmt 1 view .LVU419
 557:Service/Srv_SensorMonitor.c **** }
 1318              		.loc 1 557 12 is_stmt 0 view .LVU420
 1319 004a A446     		mov	ip, r4
 1320 004c 0DF1040E 		add	lr, sp, #4
 1321 0050 BEE80F00 		ldmia	lr!, {r0, r1, r2, r3}
 1322 0054 ACE80F00 		stmia	ip!, {r0, r1, r2, r3}
 1323 0058 9EE80700 		ldm	lr, {r0, r1, r2}
 1324 005c 8CE80700 		stm	ip, {r0, r1, r2}
 558:Service/Srv_SensorMonitor.c **** 
 1325              		.loc 1 558 1 view .LVU421
 1326 0060 2046     		mov	r0, r4
 1327 0062 09B0     		add	sp, sp, #36
 1328              	.LCFI5:
 1329              		.cfi_remember_state
 1330              		.cfi_def_cfa_offset 12
 1331              		@ sp needed
 1332 0064 30BD     		pop	{r4, r5, pc}
 1333              	.LVL141:
 1334              	.L102:
 1335              	.LCFI6:
 1336              		.cfi_restore_state
 554:Service/Srv_SensorMonitor.c ****     }
 1337              		.loc 1 554 13 is_stmt 1 view .LVU422
 554:Service/Srv_SensorMonitor.c ****     }
 1338              		.loc 1 554 32 is_stmt 0 view .LVU423
 1339 0066 0DF1040C 		add	ip, sp, #4
 1340 006a 9035     		adds	r5, r5, #144
 1341              	.LVL142:
 554:Service/Srv_SensorMonitor.c ****     }
 1342              		.loc 1 554 32 view .LVU424
 1343 006c 0FCD     		ldmia	r5!, {r0, r1, r2, r3}
 1344              	.LVL143:
 554:Service/Srv_SensorMonitor.c ****     }
 1345              		.loc 1 554 32 view .LVU425
 1346 006e ACE80F00 		stmia	ip!, {r0, r1, r2, r3}
 1347 0072 95E80700 		ldm	r5, {r0, r1, r2}
 1348 0076 8CE80700 		stm	ip, {r0, r1, r2}
 1349 007a E6E7     		b	.L101
ARM GAS  C:\Users\HUAV\AppData\Local\Temp\ccLqO20p.s 			page 38


 1350              	.L105:
 1351              		.align	2
 1352              	.L104:
 1353 007c 00000000 		.word	SrvBaro
 1354              		.cfi_endproc
 1355              	.LFE159:
 1357              		.section	.text.SrvSensorMonitor_Get_IMUData,"ax",%progbits
 1358              		.align	1
 1359              		.syntax unified
 1360              		.thumb
 1361              		.thumb_func
 1363              	SrvSensorMonitor_Get_IMUData:
 1364              	.LVL144:
 1365              	.LFB153:
 402:Service/Srv_SensorMonitor.c ****     SrvIMU_UnionData_TypeDef imu_data_tmp;
 1366              		.loc 1 402 1 is_stmt 1 view -0
 1367              		.cfi_startproc
 1368              		@ args = 0, pretend = 0, frame = 88
 1369              		@ frame_needed = 0, uses_anonymous_args = 0
 402:Service/Srv_SensorMonitor.c ****     SrvIMU_UnionData_TypeDef imu_data_tmp;
 1370              		.loc 1 402 1 is_stmt 0 view .LVU427
 1371 0000 30B5     		push	{r4, r5, lr}
 1372              	.LCFI7:
 1373              		.cfi_def_cfa_offset 12
 1374              		.cfi_offset 4, -12
 1375              		.cfi_offset 5, -8
 1376              		.cfi_offset 14, -4
 1377 0002 97B0     		sub	sp, sp, #92
 1378              	.LCFI8:
 1379              		.cfi_def_cfa_offset 104
 1380 0004 0546     		mov	r5, r0
 1381 0006 0C46     		mov	r4, r1
 403:Service/Srv_SensorMonitor.c **** 
 1382              		.loc 1 403 5 is_stmt 1 view .LVU428
 405:Service/Srv_SensorMonitor.c **** 
 1383              		.loc 1 405 5 view .LVU429
 1384 0008 5422     		movs	r2, #84
 1385 000a 0021     		movs	r1, #0
 1386              	.LVL145:
 405:Service/Srv_SensorMonitor.c **** 
 1387              		.loc 1 405 5 is_stmt 0 view .LVU430
 1388 000c 01A8     		add	r0, sp, #4
 1389              	.LVL146:
 405:Service/Srv_SensorMonitor.c **** 
 1390              		.loc 1 405 5 view .LVU431
 1391 000e FFF7FEFF 		bl	memset
 1392              	.LVL147:
 407:Service/Srv_SensorMonitor.c ****     {
 1393              		.loc 1 407 5 is_stmt 1 view .LVU432
 407:Service/Srv_SensorMonitor.c ****     {
 1394              		.loc 1 407 8 is_stmt 0 view .LVU433
 1395 0012 64B3     		cbz	r4, .L107
 407:Service/Srv_SensorMonitor.c ****     {
 1396              		.loc 1 407 13 discriminator 1 view .LVU434
 1397 0014 2378     		ldrb	r3, [r4]	@ zero_extendqisi2
 1398 0016 13F0010F 		tst	r3, #1
 1399 001a 28D0     		beq	.L107
ARM GAS  C:\Users\HUAV\AppData\Local\Temp\ccLqO20p.s 			page 39


 407:Service/Srv_SensorMonitor.c ****     {
 1400              		.loc 1 407 41 discriminator 2 view .LVU435
 1401 001c 2379     		ldrb	r3, [r4, #4]	@ zero_extendqisi2
 1402 001e 13F0010F 		tst	r3, #1
 1403 0022 24D0     		beq	.L107
 407:Service/Srv_SensorMonitor.c ****     {
 1404              		.loc 1 407 81 discriminator 3 view .LVU436
 1405 0024 194B     		ldr	r3, .L115
 1406 0026 9B68     		ldr	r3, [r3, #8]
 407:Service/Srv_SensorMonitor.c ****     {
 1407              		.loc 1 407 72 discriminator 3 view .LVU437
 1408 0028 0BB3     		cbz	r3, .L107
 409:Service/Srv_SensorMonitor.c ****         {
 1409              		.loc 1 409 9 is_stmt 1 view .LVU438
 409:Service/Srv_SensorMonitor.c ****         {
 1410              		.loc 1 409 13 is_stmt 0 view .LVU439
 1411 002a 01A9     		add	r1, sp, #4
 1412 002c 0320     		movs	r0, #3
 1413 002e 9847     		blx	r3
 1414              	.LVL148:
 409:Service/Srv_SensorMonitor.c ****         {
 1415              		.loc 1 409 12 view .LVU440
 1416 0030 D8B9     		cbnz	r0, .L112
 425:Service/Srv_SensorMonitor.c ****     }
 1417              		.loc 1 425 13 is_stmt 1 view .LVU441
 425:Service/Srv_SensorMonitor.c ****     }
 1418              		.loc 1 425 31 is_stmt 0 view .LVU442
 1419 0032 5422     		movs	r2, #84
 1420 0034 04F13C01 		add	r1, r4, #60
 1421 0038 01A8     		add	r0, sp, #4
 1422 003a FFF7FEFF 		bl	memcpy
 1423              	.LVL149:
 1424 003e 1CE0     		b	.L111
 1425              	.LVL150:
 1426              	.L110:
 1427              	.LBB2:
 419:Service/Srv_SensorMonitor.c ****             }
 1428              		.loc 1 419 17 is_stmt 1 discriminator 3 view .LVU443
 419:Service/Srv_SensorMonitor.c ****             }
 1429              		.loc 1 419 63 is_stmt 0 discriminator 3 view .LVU444
 1430 0040 03F15802 		add	r2, r3, #88
 1431 0044 6A44     		add	r2, sp, r2
 1432 0046 12F8542C 		ldrb	r2, [r2, #-84]	@ zero_extendqisi2
 419:Service/Srv_SensorMonitor.c ****             }
 1433              		.loc 1 419 43 discriminator 3 view .LVU445
 1434 004a BDF854C0 		ldrh	ip, [sp, #84]
 1435 004e 6244     		add	r2, r2, ip
 1436 0050 ADF85420 		strh	r2, [sp, #84]	@ movhi
 417:Service/Srv_SensorMonitor.c ****             {
 1437              		.loc 1 417 94 is_stmt 1 discriminator 3 view .LVU446
 417:Service/Srv_SensorMonitor.c ****             {
 1438              		.loc 1 417 97 is_stmt 0 discriminator 3 view .LVU447
 1439 0054 0133     		adds	r3, r3, #1
 1440              	.LVL151:
 417:Service/Srv_SensorMonitor.c ****             {
 1441              		.loc 1 417 97 discriminator 3 view .LVU448
 1442 0056 DBB2     		uxtb	r3, r3
ARM GAS  C:\Users\HUAV\AppData\Local\Temp\ccLqO20p.s 			page 40


 1443              	.LVL152:
 1444              	.L108:
 417:Service/Srv_SensorMonitor.c ****             {
 1445              		.loc 1 417 35 is_stmt 1 discriminator 1 view .LVU449
 417:Service/Srv_SensorMonitor.c ****             {
 1446              		.loc 1 417 13 is_stmt 0 discriminator 1 view .LVU450
 1447 0058 512B     		cmp	r3, #81
 1448 005a F1D9     		bls	.L110
 1449              	.LBE2:
 422:Service/Srv_SensorMonitor.c ****         }
 1450              		.loc 1 422 13 is_stmt 1 view .LVU451
 422:Service/Srv_SensorMonitor.c ****         }
 1451              		.loc 1 422 36 is_stmt 0 view .LVU452
 1452 005c 5422     		movs	r2, #84
 1453 005e 01A9     		add	r1, sp, #4
 1454 0060 04F13C00 		add	r0, r4, #60
 1455 0064 FFF7FEFF 		bl	memcpy
 1456              	.LVL153:
 422:Service/Srv_SensorMonitor.c ****         }
 1457              		.loc 1 422 36 view .LVU453
 1458 0068 07E0     		b	.L111
 1459              	.L112:
 1460              	.LBB3:
 417:Service/Srv_SensorMonitor.c ****             {
 1461              		.loc 1 417 26 view .LVU454
 1462 006a 0023     		movs	r3, #0
 1463 006c F4E7     		b	.L108
 1464              	.L107:
 1465              	.LBE3:
 428:Service/Srv_SensorMonitor.c **** 
 1466              		.loc 1 428 9 is_stmt 1 view .LVU455
 428:Service/Srv_SensorMonitor.c **** 
 1467              		.loc 1 428 22 is_stmt 0 view .LVU456
 1468 006e 5422     		movs	r2, #84
 1469 0070 04F13C01 		add	r1, r4, #60
 1470 0074 01A8     		add	r0, sp, #4
 1471 0076 FFF7FEFF 		bl	memcpy
 1472              	.LVL154:
 1473              	.L111:
 430:Service/Srv_SensorMonitor.c **** }
 1474              		.loc 1 430 5 is_stmt 1 view .LVU457
 430:Service/Srv_SensorMonitor.c **** }
 1475              		.loc 1 430 12 is_stmt 0 view .LVU458
 1476 007a 5422     		movs	r2, #84
 1477 007c 01A9     		add	r1, sp, #4
 1478 007e 2846     		mov	r0, r5
 1479 0080 FFF7FEFF 		bl	memcpy
 1480              	.LVL155:
 431:Service/Srv_SensorMonitor.c **** 
 1481              		.loc 1 431 1 view .LVU459
 1482 0084 2846     		mov	r0, r5
 1483 0086 17B0     		add	sp, sp, #92
 1484              	.LCFI9:
 1485              		.cfi_def_cfa_offset 12
 1486              		@ sp needed
 1487 0088 30BD     		pop	{r4, r5, pc}
 1488              	.LVL156:
ARM GAS  C:\Users\HUAV\AppData\Local\Temp\ccLqO20p.s 			page 41


 1489              	.L116:
 431:Service/Srv_SensorMonitor.c **** 
 1490              		.loc 1 431 1 view .LVU460
 1491 008a 00BF     		.align	2
 1492              	.L115:
 1493 008c 00000000 		.word	SrvIMU
 1494              		.cfi_endproc
 1495              	.LFE153:
 1497              		.section	.rodata.SrvSensorMonitor_IMU_Init.str1.4,"aMS",%progbits,1
 1498              		.align	2
 1499              	.LC0:
 1500 0000 50726920 		.ascii	"Pri IMU init error\015\012\000"
 1500      494D5520 
 1500      696E6974 
 1500      20657272 
 1500      6F720D0A 
 1501 0015 000000   		.align	2
 1502              	.LC1:
 1503 0018 5B205345 		.ascii	"[ SENSOR MONITOR INFO ] \000"
 1503      4E534F52 
 1503      204D4F4E 
 1503      49544F52 
 1503      20494E46 
 1504 0031 000000   		.align	2
 1505              	.LC2:
 1506 0034 494D5520 		.ascii	"IMU get range failed\015\012\000"
 1506      67657420 
 1506      72616E67 
 1506      65206661 
 1506      696C6564 
 1507 004b 00       		.align	2
 1508              	.LC3:
 1509 004c 53656320 		.ascii	"Sec IMU init error\015\012\000"
 1509      494D5520 
 1509      696E6974 
 1509      20657272 
 1509      6F720D0A 
 1510 0061 000000   		.align	2
 1511              	.LC4:
 1512 0064 416C6C20 		.ascii	"All IMU init successed\015\012\000"
 1512      494D5520 
 1512      696E6974 
 1512      20737563 
 1512      63657373 
 1513              		.section	.text.SrvSensorMonitor_IMU_Init,"ax",%progbits
 1514              		.align	1
 1515              		.syntax unified
 1516              		.thumb
 1517              		.thumb_func
 1519              	SrvSensorMonitor_IMU_Init:
 1520              	.LVL157:
 1521              	.LFB149:
 174:Service/Srv_SensorMonitor.c ****     SrvIMU_ErrorCode_List init_state;
 1522              		.loc 1 174 1 is_stmt 1 view -0
 1523              		.cfi_startproc
 1524              		@ args = 0, pretend = 0, frame = 0
 1525              		@ frame_needed = 0, uses_anonymous_args = 0
ARM GAS  C:\Users\HUAV\AppData\Local\Temp\ccLqO20p.s 			page 42


 174:Service/Srv_SensorMonitor.c ****     SrvIMU_ErrorCode_List init_state;
 1526              		.loc 1 174 1 is_stmt 0 view .LVU462
 1527 0000 70B5     		push	{r4, r5, r6, lr}
 1528              	.LCFI10:
 1529              		.cfi_def_cfa_offset 16
 1530              		.cfi_offset 4, -16
 1531              		.cfi_offset 5, -12
 1532              		.cfi_offset 6, -8
 1533              		.cfi_offset 14, -4
 175:Service/Srv_SensorMonitor.c **** 
 1534              		.loc 1 175 5 is_stmt 1 view .LVU463
 177:Service/Srv_SensorMonitor.c ****     {
 1535              		.loc 1 177 5 view .LVU464
 177:Service/Srv_SensorMonitor.c ****     {
 1536              		.loc 1 177 15 is_stmt 0 view .LVU465
 1537 0002 594B     		ldr	r3, .L135
 1538 0004 1B68     		ldr	r3, [r3]
 177:Service/Srv_SensorMonitor.c ****     {
 1539              		.loc 1 177 8 view .LVU466
 1540 0006 002B     		cmp	r3, #0
 1541 0008 00F0AA80 		beq	.L127
 1542 000c 0446     		mov	r4, r0
 177:Service/Srv_SensorMonitor.c ****     {
 1543              		.loc 1 177 21 discriminator 1 view .LVU467
 1544 000e 0028     		cmp	r0, #0
 1545 0010 00F0A880 		beq	.L128
 179:Service/Srv_SensorMonitor.c ****         obj->imu_num = 0;
 1546              		.loc 1 179 9 is_stmt 1 view .LVU468
 179:Service/Srv_SensorMonitor.c ****         obj->imu_num = 0;
 1547              		.loc 1 179 22 is_stmt 0 view .LVU469
 1548 0014 9847     		blx	r3
 1549              	.LVL158:
 180:Service/Srv_SensorMonitor.c **** 
 1550              		.loc 1 180 9 is_stmt 1 view .LVU470
 180:Service/Srv_SensorMonitor.c **** 
 1551              		.loc 1 180 22 is_stmt 0 view .LVU471
 1552 0016 0023     		movs	r3, #0
 1553 0018 84F82030 		strb	r3, [r4, #32]
 182:Service/Srv_SensorMonitor.c ****         {
 1554              		.loc 1 182 9 is_stmt 1 view .LVU472
 1555 001c B0F1FF3F 		cmp	r0, #-1
 1556 0020 30D0     		beq	.L119
 1557 0022 0028     		cmp	r0, #0
 1558 0024 55D0     		beq	.L120
 1559 0026 10F1050F 		cmn	r0, #5
 1560 002a 02D0     		beq	.L131
 1561 002c 0025     		movs	r5, #0
 1562              	.LVL159:
 1563              	.L118:
 273:Service/Srv_SensorMonitor.c **** 
 1564              		.loc 1 273 1 is_stmt 0 view .LVU473
 1565 002e 2846     		mov	r0, r5
 1566 0030 70BD     		pop	{r4, r5, r6, pc}
 1567              	.LVL160:
 1568              	.L131:
 185:Service/Srv_SensorMonitor.c ****                 memset(&obj->PriIMU_Range, 0, sizeof(obj->PriIMU_Range));
 1569              		.loc 1 185 17 is_stmt 1 view .LVU474
ARM GAS  C:\Users\HUAV\AppData\Local\Temp\ccLqO20p.s 			page 43


 1570 0032 4E4A     		ldr	r2, .L135+4
 1571 0034 4E49     		ldr	r1, .L135+8
 1572 0036 4F48     		ldr	r0, .L135+12
 1573              	.LVL161:
 185:Service/Srv_SensorMonitor.c ****                 memset(&obj->PriIMU_Range, 0, sizeof(obj->PriIMU_Range));
 1574              		.loc 1 185 17 is_stmt 0 view .LVU475
 1575 0038 FFF7FEFF 		bl	Debug_Print
 1576              	.LVL162:
 186:Service/Srv_SensorMonitor.c ****                 obj->sec_range_get = SrvIMU.get_range(SrvIMU_SecModule, &obj->SecIMU_Range);
 1577              		.loc 1 186 17 is_stmt 1 view .LVU476
 1578 003c 0023     		movs	r3, #0
 1579 003e 6362     		str	r3, [r4, #36]	@ unaligned
 187:Service/Srv_SensorMonitor.c ****                 if (!obj->sec_range_get)
 1580              		.loc 1 187 17 view .LVU477
 187:Service/Srv_SensorMonitor.c ****                 if (!obj->sec_range_get)
 1581              		.loc 1 187 44 is_stmt 0 view .LVU478
 1582 0040 494B     		ldr	r3, .L135
 1583 0042 DB68     		ldr	r3, [r3, #12]
 187:Service/Srv_SensorMonitor.c ****                 if (!obj->sec_range_get)
 1584              		.loc 1 187 38 view .LVU479
 1585 0044 04F12801 		add	r1, r4, #40
 1586 0048 0220     		movs	r0, #2
 1587 004a 9847     		blx	r3
 1588              	.LVL163:
 1589 004c 0546     		mov	r5, r0
 187:Service/Srv_SensorMonitor.c ****                 if (!obj->sec_range_get)
 1590              		.loc 1 187 36 view .LVU480
 1591 004e 84F82200 		strb	r0, [r4, #34]
 188:Service/Srv_SensorMonitor.c ****                 {
 1592              		.loc 1 188 17 is_stmt 1 view .LVU481
 188:Service/Srv_SensorMonitor.c ****                 {
 1593              		.loc 1 188 20 is_stmt 0 view .LVU482
 1594 0052 78B1     		cbz	r0, .L132
 195:Service/Srv_SensorMonitor.c ****                 /* set sample mode */
 1595              		.loc 1 195 17 is_stmt 1 view .LVU483
 195:Service/Srv_SensorMonitor.c ****                 /* set sample mode */
 1596              		.loc 1 195 30 is_stmt 0 view .LVU484
 1597 0054 0123     		movs	r3, #1
 1598 0056 84F82030 		strb	r3, [r4, #32]
 197:Service/Srv_SensorMonitor.c **** 
 1599              		.loc 1 197 17 is_stmt 1 view .LVU485
 197:Service/Srv_SensorMonitor.c **** 
 1600              		.loc 1 197 37 is_stmt 0 view .LVU486
 1601 005a 0220     		movs	r0, #2
 1602 005c 84F82C00 		strb	r0, [r4, #44]
 200:Service/Srv_SensorMonitor.c ****                 obj->pri_imu_type = SrvIMU_Dev_None;
 1603              		.loc 1 200 17 is_stmt 1 view .LVU487
 200:Service/Srv_SensorMonitor.c ****                 obj->pri_imu_type = SrvIMU_Dev_None;
 1604              		.loc 1 200 23 is_stmt 0 view .LVU488
 1605 0060 414B     		ldr	r3, .L135
 1606 0062 5B69     		ldr	r3, [r3, #20]
 200:Service/Srv_SensorMonitor.c ****                 obj->pri_imu_type = SrvIMU_Dev_None;
 1607              		.loc 1 200 17 view .LVU489
 1608 0064 04F13101 		add	r1, r4, #49
 1609 0068 9847     		blx	r3
 1610              	.LVL164:
 201:Service/Srv_SensorMonitor.c ****                 break;
ARM GAS  C:\Users\HUAV\AppData\Local\Temp\ccLqO20p.s 			page 44


 1611              		.loc 1 201 17 is_stmt 1 view .LVU490
 201:Service/Srv_SensorMonitor.c ****                 break;
 1612              		.loc 1 201 35 is_stmt 0 view .LVU491
 1613 006a 0423     		movs	r3, #4
 1614 006c 84F83030 		strb	r3, [r4, #48]
 202:Service/Srv_SensorMonitor.c **** 
 1615              		.loc 1 202 17 is_stmt 1 view .LVU492
 1616              	.L122:
 269:Service/Srv_SensorMonitor.c ****     }
 1617              		.loc 1 269 9 view .LVU493
 269:Service/Srv_SensorMonitor.c ****     }
 1618              		.loc 1 269 16 is_stmt 0 view .LVU494
 1619 0070 0125     		movs	r5, #1
 1620 0072 DCE7     		b	.L118
 1621              	.L132:
 190:Service/Srv_SensorMonitor.c ****                     memset(&obj->SecIMU_Range, 0, sizeof(obj->SecIMU_Range));
 1622              		.loc 1 190 21 is_stmt 1 view .LVU495
 1623 0074 404A     		ldr	r2, .L135+16
 1624 0076 3E49     		ldr	r1, .L135+8
 1625 0078 3E48     		ldr	r0, .L135+12
 1626 007a FFF7FEFF 		bl	Debug_Print
 1627              	.LVL165:
 191:Service/Srv_SensorMonitor.c ****                     return false;
 1628              		.loc 1 191 21 view .LVU496
 1629 007e 0023     		movs	r3, #0
 1630 0080 A362     		str	r3, [r4, #40]	@ unaligned
 192:Service/Srv_SensorMonitor.c ****                 }
 1631              		.loc 1 192 21 view .LVU497
 192:Service/Srv_SensorMonitor.c ****                 }
 1632              		.loc 1 192 28 is_stmt 0 view .LVU498
 1633 0082 D4E7     		b	.L118
 1634              	.LVL166:
 1635              	.L119:
 205:Service/Srv_SensorMonitor.c ****                 memset(&obj->SecIMU_Range, 0, sizeof(obj->SecIMU_Range));
 1636              		.loc 1 205 17 is_stmt 1 view .LVU499
 1637 0084 3D4A     		ldr	r2, .L135+20
 1638 0086 3A49     		ldr	r1, .L135+8
 1639 0088 3A48     		ldr	r0, .L135+12
 1640              	.LVL167:
 205:Service/Srv_SensorMonitor.c ****                 memset(&obj->SecIMU_Range, 0, sizeof(obj->SecIMU_Range));
 1641              		.loc 1 205 17 is_stmt 0 view .LVU500
 1642 008a FFF7FEFF 		bl	Debug_Print
 1643              	.LVL168:
 206:Service/Srv_SensorMonitor.c ****                 obj->pri_range_get = SrvIMU.get_range(SrvIMU_PriModule, &obj->PriIMU_Range);
 1644              		.loc 1 206 17 is_stmt 1 view .LVU501
 1645 008e 0023     		movs	r3, #0
 1646 0090 A362     		str	r3, [r4, #40]	@ unaligned
 207:Service/Srv_SensorMonitor.c ****                 if (!obj->pri_range_get)
 1647              		.loc 1 207 17 view .LVU502
 207:Service/Srv_SensorMonitor.c ****                 if (!obj->pri_range_get)
 1648              		.loc 1 207 44 is_stmt 0 view .LVU503
 1649 0092 354B     		ldr	r3, .L135
 1650 0094 DB68     		ldr	r3, [r3, #12]
 207:Service/Srv_SensorMonitor.c ****                 if (!obj->pri_range_get)
 1651              		.loc 1 207 38 view .LVU504
 1652 0096 04F12401 		add	r1, r4, #36
 1653 009a 0120     		movs	r0, #1
ARM GAS  C:\Users\HUAV\AppData\Local\Temp\ccLqO20p.s 			page 45


 1654 009c 9847     		blx	r3
 1655              	.LVL169:
 1656 009e 0546     		mov	r5, r0
 207:Service/Srv_SensorMonitor.c ****                 if (!obj->pri_range_get)
 1657              		.loc 1 207 36 view .LVU505
 1658 00a0 84F82100 		strb	r0, [r4, #33]
 208:Service/Srv_SensorMonitor.c ****                 {
 1659              		.loc 1 208 17 is_stmt 1 view .LVU506
 208:Service/Srv_SensorMonitor.c ****                 {
 1660              		.loc 1 208 20 is_stmt 0 view .LVU507
 1661 00a4 68B1     		cbz	r0, .L133
 215:Service/Srv_SensorMonitor.c ****                 /* ser sample mode */
 1662              		.loc 1 215 17 is_stmt 1 view .LVU508
 215:Service/Srv_SensorMonitor.c ****                 /* ser sample mode */
 1663              		.loc 1 215 30 is_stmt 0 view .LVU509
 1664 00a6 0120     		movs	r0, #1
 1665 00a8 84F82000 		strb	r0, [r4, #32]
 217:Service/Srv_SensorMonitor.c **** 
 1666              		.loc 1 217 17 is_stmt 1 view .LVU510
 217:Service/Srv_SensorMonitor.c **** 
 1667              		.loc 1 217 37 is_stmt 0 view .LVU511
 1668 00ac 84F82C00 		strb	r0, [r4, #44]
 220:Service/Srv_SensorMonitor.c ****                 obj->sec_imu_type = SrvIMU_Dev_None;
 1669              		.loc 1 220 17 is_stmt 1 view .LVU512
 220:Service/Srv_SensorMonitor.c ****                 obj->sec_imu_type = SrvIMU_Dev_None;
 1670              		.loc 1 220 23 is_stmt 0 view .LVU513
 1671 00b0 2D4B     		ldr	r3, .L135
 1672 00b2 5B69     		ldr	r3, [r3, #20]
 220:Service/Srv_SensorMonitor.c ****                 obj->sec_imu_type = SrvIMU_Dev_None;
 1673              		.loc 1 220 17 view .LVU514
 1674 00b4 04F13001 		add	r1, r4, #48
 1675 00b8 9847     		blx	r3
 1676              	.LVL170:
 221:Service/Srv_SensorMonitor.c ****                 break;
 1677              		.loc 1 221 17 is_stmt 1 view .LVU515
 221:Service/Srv_SensorMonitor.c ****                 break;
 1678              		.loc 1 221 35 is_stmt 0 view .LVU516
 1679 00ba 0423     		movs	r3, #4
 1680 00bc 84F83130 		strb	r3, [r4, #49]
 222:Service/Srv_SensorMonitor.c **** 
 1681              		.loc 1 222 17 is_stmt 1 view .LVU517
 1682 00c0 D6E7     		b	.L122
 1683              	.L133:
 210:Service/Srv_SensorMonitor.c ****                     memset(&obj->PriIMU_Range, 0, sizeof(obj->PriIMU_Range));
 1684              		.loc 1 210 21 view .LVU518
 1685 00c2 2D4A     		ldr	r2, .L135+16
 1686 00c4 2A49     		ldr	r1, .L135+8
 1687 00c6 2B48     		ldr	r0, .L135+12
 1688 00c8 FFF7FEFF 		bl	Debug_Print
 1689              	.LVL171:
 211:Service/Srv_SensorMonitor.c ****                     return false;
 1690              		.loc 1 211 21 view .LVU519
 1691 00cc 0023     		movs	r3, #0
 1692 00ce 6362     		str	r3, [r4, #36]	@ unaligned
 212:Service/Srv_SensorMonitor.c ****                 }
 1693              		.loc 1 212 21 view .LVU520
 212:Service/Srv_SensorMonitor.c ****                 }
ARM GAS  C:\Users\HUAV\AppData\Local\Temp\ccLqO20p.s 			page 46


 1694              		.loc 1 212 28 is_stmt 0 view .LVU521
 1695 00d0 ADE7     		b	.L118
 1696              	.LVL172:
 1697              	.L120:
 225:Service/Srv_SensorMonitor.c ****                 memset(&obj->PriIMU_Range, 0, sizeof(obj->PriIMU_Range));
 1698              		.loc 1 225 17 is_stmt 1 view .LVU522
 1699 00d2 2B4A     		ldr	r2, .L135+24
 1700 00d4 2649     		ldr	r1, .L135+8
 1701 00d6 2748     		ldr	r0, .L135+12
 1702              	.LVL173:
 225:Service/Srv_SensorMonitor.c ****                 memset(&obj->PriIMU_Range, 0, sizeof(obj->PriIMU_Range));
 1703              		.loc 1 225 17 is_stmt 0 view .LVU523
 1704 00d8 FFF7FEFF 		bl	Debug_Print
 1705              	.LVL174:
 226:Service/Srv_SensorMonitor.c ****                 memset(&obj->SecIMU_Range, 0, sizeof(obj->SecIMU_Range));
 1706              		.loc 1 226 17 is_stmt 1 view .LVU524
 1707 00dc 0023     		movs	r3, #0
 1708 00de 6362     		str	r3, [r4, #36]	@ unaligned
 227:Service/Srv_SensorMonitor.c ****                 
 1709              		.loc 1 227 17 view .LVU525
 227:Service/Srv_SensorMonitor.c ****                 
 1710              		.loc 1 227 24 is_stmt 0 view .LVU526
 1711 00e0 04F12806 		add	r6, r4, #40
 227:Service/Srv_SensorMonitor.c ****                 
 1712              		.loc 1 227 17 view .LVU527
 1713 00e4 A362     		str	r3, [r4, #40]	@ unaligned
 229:Service/Srv_SensorMonitor.c ****                 obj->sec_range_get = SrvIMU.get_range(SrvIMU_SecModule, &obj->SecIMU_Range);
 1714              		.loc 1 229 17 is_stmt 1 view .LVU528
 229:Service/Srv_SensorMonitor.c ****                 obj->sec_range_get = SrvIMU.get_range(SrvIMU_SecModule, &obj->SecIMU_Range);
 1715              		.loc 1 229 44 is_stmt 0 view .LVU529
 1716 00e6 204D     		ldr	r5, .L135
 1717 00e8 EB68     		ldr	r3, [r5, #12]
 229:Service/Srv_SensorMonitor.c ****                 obj->sec_range_get = SrvIMU.get_range(SrvIMU_SecModule, &obj->SecIMU_Range);
 1718              		.loc 1 229 38 view .LVU530
 1719 00ea 04F12401 		add	r1, r4, #36
 1720 00ee 0120     		movs	r0, #1
 1721 00f0 9847     		blx	r3
 1722              	.LVL175:
 229:Service/Srv_SensorMonitor.c ****                 obj->sec_range_get = SrvIMU.get_range(SrvIMU_SecModule, &obj->SecIMU_Range);
 1723              		.loc 1 229 36 view .LVU531
 1724 00f2 84F82100 		strb	r0, [r4, #33]
 230:Service/Srv_SensorMonitor.c ****                 
 1725              		.loc 1 230 17 is_stmt 1 view .LVU532
 230:Service/Srv_SensorMonitor.c ****                 
 1726              		.loc 1 230 44 is_stmt 0 view .LVU533
 1727 00f6 EB68     		ldr	r3, [r5, #12]
 230:Service/Srv_SensorMonitor.c ****                 
 1728              		.loc 1 230 38 view .LVU534
 1729 00f8 3146     		mov	r1, r6
 1730 00fa 0220     		movs	r0, #2
 1731 00fc 9847     		blx	r3
 1732              	.LVL176:
 230:Service/Srv_SensorMonitor.c ****                 
 1733              		.loc 1 230 36 view .LVU535
 1734 00fe 84F82200 		strb	r0, [r4, #34]
 233:Service/Srv_SensorMonitor.c ****                 SrvIMU.get_type(SrvIMU_SecModule, &obj->sec_imu_type);
 1735              		.loc 1 233 17 is_stmt 1 view .LVU536
ARM GAS  C:\Users\HUAV\AppData\Local\Temp\ccLqO20p.s 			page 47


 233:Service/Srv_SensorMonitor.c ****                 SrvIMU.get_type(SrvIMU_SecModule, &obj->sec_imu_type);
 1736              		.loc 1 233 23 is_stmt 0 view .LVU537
 1737 0102 6B69     		ldr	r3, [r5, #20]
 233:Service/Srv_SensorMonitor.c ****                 SrvIMU.get_type(SrvIMU_SecModule, &obj->sec_imu_type);
 1738              		.loc 1 233 17 view .LVU538
 1739 0104 04F13001 		add	r1, r4, #48
 1740 0108 0120     		movs	r0, #1
 1741 010a 9847     		blx	r3
 1742              	.LVL177:
 234:Service/Srv_SensorMonitor.c **** 
 1743              		.loc 1 234 17 is_stmt 1 view .LVU539
 234:Service/Srv_SensorMonitor.c **** 
 1744              		.loc 1 234 23 is_stmt 0 view .LVU540
 1745 010c 6B69     		ldr	r3, [r5, #20]
 234:Service/Srv_SensorMonitor.c **** 
 1746              		.loc 1 234 17 view .LVU541
 1747 010e 04F13101 		add	r1, r4, #49
 1748 0112 0220     		movs	r0, #2
 1749 0114 9847     		blx	r3
 1750              	.LVL178:
 237:Service/Srv_SensorMonitor.c ****                 {
 1751              		.loc 1 237 17 is_stmt 1 view .LVU542
 237:Service/Srv_SensorMonitor.c ****                 {
 1752              		.loc 1 237 25 is_stmt 0 view .LVU543
 1753 0116 94F82130 		ldrb	r3, [r4, #33]	@ zero_extendqisi2
 237:Service/Srv_SensorMonitor.c ****                 {
 1754              		.loc 1 237 20 view .LVU544
 1755 011a 13B9     		cbnz	r3, .L124
 237:Service/Srv_SensorMonitor.c ****                 {
 1756              		.loc 1 237 48 discriminator 1 view .LVU545
 1757 011c 94F82250 		ldrb	r5, [r4, #34]	@ zero_extendqisi2
 237:Service/Srv_SensorMonitor.c ****                 {
 1758              		.loc 1 237 41 discriminator 1 view .LVU546
 1759 0120 55B1     		cbz	r5, .L134
 1760              	.L124:
 246:Service/Srv_SensorMonitor.c ****                     {
 1761              		.loc 1 246 21 is_stmt 1 view .LVU547
 246:Service/Srv_SensorMonitor.c ****                     {
 1762              		.loc 1 246 49 is_stmt 0 view .LVU548
 1763 0122 94F82220 		ldrb	r2, [r4, #34]	@ zero_extendqisi2
 246:Service/Srv_SensorMonitor.c ****                     {
 1764              		.loc 1 246 24 view .LVU549
 1765 0126 83B1     		cbz	r3, .L125
 1766 0128 7AB1     		cbz	r2, .L125
 248:Service/Srv_SensorMonitor.c ****                         obj->IMU_SampleMode = SrvIMU_Both_Sample;
 1767              		.loc 1 248 25 is_stmt 1 view .LVU550
 248:Service/Srv_SensorMonitor.c ****                         obj->IMU_SampleMode = SrvIMU_Both_Sample;
 1768              		.loc 1 248 38 is_stmt 0 view .LVU551
 1769 012a 0223     		movs	r3, #2
 1770 012c 84F82030 		strb	r3, [r4, #32]
 249:Service/Srv_SensorMonitor.c ****                     }
 1771              		.loc 1 249 25 is_stmt 1 view .LVU552
 249:Service/Srv_SensorMonitor.c ****                     }
 1772              		.loc 1 249 45 is_stmt 0 view .LVU553
 1773 0130 0323     		movs	r3, #3
 1774 0132 84F82C30 		strb	r3, [r4, #44]
 1775 0136 9BE7     		b	.L122
ARM GAS  C:\Users\HUAV\AppData\Local\Temp\ccLqO20p.s 			page 48


 1776              	.L134:
 239:Service/Srv_SensorMonitor.c ****                     memset(&obj->PriIMU_Range, 0, sizeof(obj->PriIMU_Range));
 1777              		.loc 1 239 21 is_stmt 1 view .LVU554
 1778 0138 0F4A     		ldr	r2, .L135+16
 1779 013a 0D49     		ldr	r1, .L135+8
 1780 013c 0D48     		ldr	r0, .L135+12
 1781 013e FFF7FEFF 		bl	Debug_Print
 1782              	.LVL179:
 240:Service/Srv_SensorMonitor.c ****                     memset(&obj->SecIMU_Range, 0, sizeof(obj->SecIMU_Range));
 1783              		.loc 1 240 21 view .LVU555
 1784 0142 0023     		movs	r3, #0
 1785 0144 6362     		str	r3, [r4, #36]	@ unaligned
 241:Service/Srv_SensorMonitor.c ****                     return false;
 1786              		.loc 1 241 21 view .LVU556
 1787 0146 A362     		str	r3, [r4, #40]	@ unaligned
 242:Service/Srv_SensorMonitor.c ****                 }
 1788              		.loc 1 242 21 view .LVU557
 242:Service/Srv_SensorMonitor.c ****                 }
 1789              		.loc 1 242 28 is_stmt 0 view .LVU558
 1790 0148 71E7     		b	.L118
 1791              	.L125:
 253:Service/Srv_SensorMonitor.c ****                         if (obj->pri_range_get)
 1792              		.loc 1 253 25 is_stmt 1 view .LVU559
 253:Service/Srv_SensorMonitor.c ****                         if (obj->pri_range_get)
 1793              		.loc 1 253 38 is_stmt 0 view .LVU560
 1794 014a 0122     		movs	r2, #1
 1795 014c 84F82020 		strb	r2, [r4, #32]
 254:Service/Srv_SensorMonitor.c ****                         {
 1796              		.loc 1 254 25 is_stmt 1 view .LVU561
 254:Service/Srv_SensorMonitor.c ****                         {
 1797              		.loc 1 254 28 is_stmt 0 view .LVU562
 1798 0150 13B1     		cbz	r3, .L126
 256:Service/Srv_SensorMonitor.c ****                         }
 1799              		.loc 1 256 29 is_stmt 1 view .LVU563
 256:Service/Srv_SensorMonitor.c ****                         }
 1800              		.loc 1 256 49 is_stmt 0 view .LVU564
 1801 0152 84F82C20 		strb	r2, [r4, #44]
 1802 0156 8BE7     		b	.L122
 1803              	.L126:
 259:Service/Srv_SensorMonitor.c ****                     }
 1804              		.loc 1 259 29 is_stmt 1 view .LVU565
 259:Service/Srv_SensorMonitor.c ****                     }
 1805              		.loc 1 259 49 is_stmt 0 view .LVU566
 1806 0158 0223     		movs	r3, #2
 1807 015a 84F82C30 		strb	r3, [r4, #44]
 1808 015e 87E7     		b	.L122
 1809              	.LVL180:
 1810              	.L127:
 272:Service/Srv_SensorMonitor.c **** }
 1811              		.loc 1 272 12 view .LVU567
 1812 0160 0025     		movs	r5, #0
 1813 0162 64E7     		b	.L118
 1814              	.L128:
 272:Service/Srv_SensorMonitor.c **** }
 1815              		.loc 1 272 12 view .LVU568
 1816 0164 0025     		movs	r5, #0
 1817 0166 62E7     		b	.L118
ARM GAS  C:\Users\HUAV\AppData\Local\Temp\ccLqO20p.s 			page 49


 1818              	.L136:
 1819              		.align	2
 1820              	.L135:
 1821 0168 00000000 		.word	SrvIMU
 1822 016c 00000000 		.word	.LC0
 1823 0170 18000000 		.word	.LC1
 1824 0174 00000000 		.word	DebugPort
 1825 0178 34000000 		.word	.LC2
 1826 017c 4C000000 		.word	.LC3
 1827 0180 64000000 		.word	.LC4
 1828              		.cfi_endproc
 1829              	.LFE149:
 1831              		.section	.rodata.SrvSensorMonitor_Baro_Init.str1.4,"aMS",%progbits,1
 1832              		.align	2
 1833              	.LC5:
 1834 0000 4261726F 		.ascii	"Baro init accomplished\015\012\000"
 1834      20696E69 
 1834      74206163 
 1834      636F6D70 
 1834      6C697368 
 1835 0019 000000   		.align	2
 1836              	.LC6:
 1837 001c 4261726F 		.ascii	"Baro init failed\015\012\000"
 1837      20696E69 
 1837      74206661 
 1837      696C6564 
 1837      0D0A00
 1838              		.section	.text.SrvSensorMonitor_Baro_Init,"ax",%progbits
 1839              		.align	1
 1840              		.syntax unified
 1841              		.thumb
 1842              		.thumb_func
 1844              	SrvSensorMonitor_Baro_Init:
 1845              	.LVL181:
 1846              	.LFB157:
 457:Service/Srv_SensorMonitor.c ****     if (SrvBaro.init && obj)
 1847              		.loc 1 457 1 is_stmt 1 view -0
 1848              		.cfi_startproc
 1849              		@ args = 0, pretend = 0, frame = 0
 1850              		@ frame_needed = 0, uses_anonymous_args = 0
 458:Service/Srv_SensorMonitor.c ****     {
 1851              		.loc 1 458 5 view .LVU570
 458:Service/Srv_SensorMonitor.c ****     {
 1852              		.loc 1 458 16 is_stmt 0 view .LVU571
 1853 0000 114B     		ldr	r3, .L147
 1854 0002 1B68     		ldr	r3, [r3]
 458:Service/Srv_SensorMonitor.c ****     {
 1855              		.loc 1 458 8 view .LVU572
 1856 0004 DBB1     		cbz	r3, .L140
 457:Service/Srv_SensorMonitor.c ****     if (SrvBaro.init && obj)
 1857              		.loc 1 457 1 discriminator 1 view .LVU573
 1858 0006 10B5     		push	{r4, lr}
 1859              	.LCFI11:
 1860              		.cfi_def_cfa_offset 8
 1861              		.cfi_offset 4, -8
 1862              		.cfi_offset 14, -4
 1863 0008 0446     		mov	r4, r0
ARM GAS  C:\Users\HUAV\AppData\Local\Temp\ccLqO20p.s 			page 50


 458:Service/Srv_SensorMonitor.c ****     {
 1864              		.loc 1 458 22 discriminator 1 view .LVU574
 1865 000a D0B1     		cbz	r0, .L141
 460:Service/Srv_SensorMonitor.c ****         obj->baro_bus_type = BARO_BUS_TYPE;
 1866              		.loc 1 460 9 is_stmt 1 view .LVU575
 460:Service/Srv_SensorMonitor.c ****         obj->baro_bus_type = BARO_BUS_TYPE;
 1867              		.loc 1 460 24 is_stmt 0 view .LVU576
 1868 000c 0120     		movs	r0, #1
 1869              	.LVL182:
 460:Service/Srv_SensorMonitor.c ****         obj->baro_bus_type = BARO_BUS_TYPE;
 1870              		.loc 1 460 24 view .LVU577
 1871 000e 84F82D00 		strb	r0, [r4, #45]
 461:Service/Srv_SensorMonitor.c ****         obj->baro_err = SrvBaro.init(BARO_TYPE, BARO_BUS_TYPE);
 1872              		.loc 1 461 9 is_stmt 1 view .LVU578
 461:Service/Srv_SensorMonitor.c ****         obj->baro_err = SrvBaro.init(BARO_TYPE, BARO_BUS_TYPE);
 1873              		.loc 1 461 28 is_stmt 0 view .LVU579
 1874 0012 84F82E00 		strb	r0, [r4, #46]
 462:Service/Srv_SensorMonitor.c **** 
 1875              		.loc 1 462 9 is_stmt 1 view .LVU580
 462:Service/Srv_SensorMonitor.c **** 
 1876              		.loc 1 462 25 is_stmt 0 view .LVU581
 1877 0016 0146     		mov	r1, r0
 1878 0018 9847     		blx	r3
 1879              	.LVL183:
 1880 001a 40B2     		sxtb	r0, r0
 462:Service/Srv_SensorMonitor.c **** 
 1881              		.loc 1 462 23 view .LVU582
 1882 001c 84F82F00 		strb	r0, [r4, #47]
 464:Service/Srv_SensorMonitor.c ****         {
 1883              		.loc 1 464 9 is_stmt 1 view .LVU583
 464:Service/Srv_SensorMonitor.c ****         {
 1884              		.loc 1 464 12 is_stmt 0 view .LVU584
 1885 0020 30B1     		cbz	r0, .L146
 469:Service/Srv_SensorMonitor.c ****     }
 1886              		.loc 1 469 9 is_stmt 1 view .LVU585
 1887 0022 0A4A     		ldr	r2, .L147+4
 1888 0024 0A49     		ldr	r1, .L147+8
 1889 0026 0B48     		ldr	r0, .L147+12
 1890 0028 FFF7FEFF 		bl	Debug_Print
 1891              	.LVL184:
 472:Service/Srv_SensorMonitor.c **** }
 1892              		.loc 1 472 12 is_stmt 0 view .LVU586
 1893 002c 0020     		movs	r0, #0
 1894              	.L138:
 473:Service/Srv_SensorMonitor.c **** 
 1895              		.loc 1 473 1 view .LVU587
 1896 002e 10BD     		pop	{r4, pc}
 1897              	.LVL185:
 1898              	.L146:
 466:Service/Srv_SensorMonitor.c ****             return true;
 1899              		.loc 1 466 13 is_stmt 1 view .LVU588
 1900 0030 094A     		ldr	r2, .L147+16
 1901 0032 0749     		ldr	r1, .L147+8
 1902 0034 0748     		ldr	r0, .L147+12
 1903 0036 FFF7FEFF 		bl	Debug_Print
 1904              	.LVL186:
 467:Service/Srv_SensorMonitor.c ****         }
ARM GAS  C:\Users\HUAV\AppData\Local\Temp\ccLqO20p.s 			page 51


 1905              		.loc 1 467 13 view .LVU589
 467:Service/Srv_SensorMonitor.c ****         }
 1906              		.loc 1 467 20 is_stmt 0 view .LVU590
 1907 003a 0120     		movs	r0, #1
 1908 003c F7E7     		b	.L138
 1909              	.LVL187:
 1910              	.L140:
 1911              	.LCFI12:
 1912              		.cfi_def_cfa_offset 0
 1913              		.cfi_restore 4
 1914              		.cfi_restore 14
 472:Service/Srv_SensorMonitor.c **** }
 1915              		.loc 1 472 12 view .LVU591
 1916 003e 0020     		movs	r0, #0
 1917              	.LVL188:
 473:Service/Srv_SensorMonitor.c **** 
 1918              		.loc 1 473 1 view .LVU592
 1919 0040 7047     		bx	lr
 1920              	.LVL189:
 1921              	.L141:
 1922              	.LCFI13:
 1923              		.cfi_def_cfa_offset 8
 1924              		.cfi_offset 4, -8
 1925              		.cfi_offset 14, -4
 472:Service/Srv_SensorMonitor.c **** }
 1926              		.loc 1 472 12 view .LVU593
 1927 0042 0020     		movs	r0, #0
 1928              	.LVL190:
 472:Service/Srv_SensorMonitor.c **** }
 1929              		.loc 1 472 12 view .LVU594
 1930 0044 F3E7     		b	.L138
 1931              	.L148:
 1932 0046 00BF     		.align	2
 1933              	.L147:
 1934 0048 00000000 		.word	SrvBaro
 1935 004c 1C000000 		.word	.LC6
 1936 0050 18000000 		.word	.LC1
 1937 0054 00000000 		.word	DebugPort
 1938 0058 00000000 		.word	.LC5
 1939              		.cfi_endproc
 1940              	.LFE157:
 1942              		.section	.text.SrvSensorMonitor_Init,"ax",%progbits
 1943              		.align	1
 1944              		.syntax unified
 1945              		.thumb
 1946              		.thumb_func
 1948              	SrvSensorMonitor_Init:
 1949              	.LVL191:
 1950              	.LFB145:
  47:Service/Srv_SensorMonitor.c ****     uint8_t enable_sensor_num = 0;
 1951              		.loc 1 47 1 is_stmt 1 view -0
 1952              		.cfi_startproc
 1953              		@ args = 0, pretend = 0, frame = 0
 1954              		@ frame_needed = 0, uses_anonymous_args = 0
  47:Service/Srv_SensorMonitor.c ****     uint8_t enable_sensor_num = 0;
 1955              		.loc 1 47 1 is_stmt 0 view .LVU596
 1956 0000 2DE9F041 		push	{r4, r5, r6, r7, r8, lr}
ARM GAS  C:\Users\HUAV\AppData\Local\Temp\ccLqO20p.s 			page 52


 1957              	.LCFI14:
 1958              		.cfi_def_cfa_offset 24
 1959              		.cfi_offset 4, -24
 1960              		.cfi_offset 5, -20
 1961              		.cfi_offset 6, -16
 1962              		.cfi_offset 7, -12
 1963              		.cfi_offset 8, -8
 1964              		.cfi_offset 14, -4
  48:Service/Srv_SensorMonitor.c ****     uint16_t list_index = 0;
 1965              		.loc 1 48 5 is_stmt 1 view .LVU597
 1966              	.LVL192:
  49:Service/Srv_SensorMonitor.c **** 
 1967              		.loc 1 49 5 view .LVU598
  51:Service/Srv_SensorMonitor.c ****     {
 1968              		.loc 1 51 5 view .LVU599
  51:Service/Srv_SensorMonitor.c ****     {
 1969              		.loc 1 51 8 is_stmt 0 view .LVU600
 1970 0004 0028     		cmp	r0, #0
 1971 0006 00F09C80 		beq	.L161
 1972 000a 0446     		mov	r4, r0
  53:Service/Srv_SensorMonitor.c ****         
 1973              		.loc 1 53 9 is_stmt 1 view .LVU601
  53:Service/Srv_SensorMonitor.c ****         
 1974              		.loc 1 53 29 is_stmt 0 view .LVU602
 1975 000c 0068     		ldr	r0, [r0]
 1976              	.LVL193:
  53:Service/Srv_SensorMonitor.c ****         
 1977              		.loc 1 53 29 view .LVU603
 1978 000e FFF7FEFF 		bl	Get_OnSet_Bit_Num
 1979              	.LVL194:
 1980 0012 0546     		mov	r5, r0
 1981              	.LVL195:
  55:Service/Srv_SensorMonitor.c ****         if (obj->statistic_list == NULL)
 1982              		.loc 1 55 9 is_stmt 1 view .LVU604
  55:Service/Srv_SensorMonitor.c ****         if (obj->statistic_list == NULL)
 1983              		.loc 1 55 42 is_stmt 0 view .LVU605
 1984 0014 504B     		ldr	r3, .L169
 1985 0016 DB6A     		ldr	r3, [r3, #44]
  55:Service/Srv_SensorMonitor.c ****         if (obj->statistic_list == NULL)
 1986              		.loc 1 55 31 view .LVU606
 1987 0018 2C20     		movs	r0, #44
 1988 001a 05FB00F0 		mul	r0, r5, r0
 1989 001e 9847     		blx	r3
 1990              	.LVL196:
  55:Service/Srv_SensorMonitor.c ****         if (obj->statistic_list == NULL)
 1991              		.loc 1 55 29 view .LVU607
 1992 0020 E061     		str	r0, [r4, #28]
  56:Service/Srv_SensorMonitor.c ****         {
 1993              		.loc 1 56 9 is_stmt 1 view .LVU608
  56:Service/Srv_SensorMonitor.c ****         {
 1994              		.loc 1 56 12 is_stmt 0 view .LVU609
 1995 0022 68B1     		cbz	r0, .L166
  63:Service/Srv_SensorMonitor.c ****         {
 1996              		.loc 1 63 9 is_stmt 1 view .LVU610
  63:Service/Srv_SensorMonitor.c ****         {
 1997              		.loc 1 63 13 is_stmt 0 view .LVU611
 1998 0024 2378     		ldrb	r3, [r4]	@ zero_extendqisi2
ARM GAS  C:\Users\HUAV\AppData\Local\Temp\ccLqO20p.s 			page 53


  63:Service/Srv_SensorMonitor.c ****         {
 1999              		.loc 1 63 12 view .LVU612
 2000 0026 13F0010F 		tst	r3, #1
 2001 002a 0ED1     		bne	.L167
 2002              	.L152:
  75:Service/Srv_SensorMonitor.c ****                 obj->init_state_reg.bit.imu = false;
 2003              		.loc 1 75 13 is_stmt 1 view .LVU613
  75:Service/Srv_SensorMonitor.c ****                 obj->init_state_reg.bit.imu = false;
 2004              		.loc 1 75 17 is_stmt 0 view .LVU614
 2005 002c 2378     		ldrb	r3, [r4]	@ zero_extendqisi2
  75:Service/Srv_SensorMonitor.c ****                 obj->init_state_reg.bit.imu = false;
 2006              		.loc 1 75 16 view .LVU615
 2007 002e 13F0010F 		tst	r3, #1
 2008 0032 03D0     		beq	.L155
  76:Service/Srv_SensorMonitor.c **** 
 2009              		.loc 1 76 17 is_stmt 1 view .LVU616
  76:Service/Srv_SensorMonitor.c **** 
 2010              		.loc 1 76 45 is_stmt 0 view .LVU617
 2011 0034 2379     		ldrb	r3, [r4, #4]	@ zero_extendqisi2
 2012 0036 6FF30003 		bfc	r3, #0, #1
 2013 003a 2371     		strb	r3, [r4, #4]
 2014              	.L155:
  78:Service/Srv_SensorMonitor.c ****         }
 2015              		.loc 1 78 13 is_stmt 1 view .LVU618
  78:Service/Srv_SensorMonitor.c ****         }
 2016              		.loc 1 78 20 is_stmt 0 view .LVU619
 2017 003c 0026     		movs	r6, #0
 2018 003e 81E0     		b	.L150
 2019              	.L166:
  58:Service/Srv_SensorMonitor.c ****             return false;
 2020              		.loc 1 58 13 is_stmt 1 view .LVU620
  58:Service/Srv_SensorMonitor.c ****             return false;
 2021              		.loc 1 58 24 is_stmt 0 view .LVU621
 2022 0040 454B     		ldr	r3, .L169
 2023 0042 1B6B     		ldr	r3, [r3, #48]
  58:Service/Srv_SensorMonitor.c ****             return false;
 2024              		.loc 1 58 13 view .LVU622
 2025 0044 9847     		blx	r3
 2026              	.LVL197:
  59:Service/Srv_SensorMonitor.c ****         }
 2027              		.loc 1 59 13 is_stmt 1 view .LVU623
  59:Service/Srv_SensorMonitor.c ****         }
 2028              		.loc 1 59 20 is_stmt 0 view .LVU624
 2029 0046 0026     		movs	r6, #0
 2030 0048 7CE0     		b	.L150
 2031              	.L167:
  63:Service/Srv_SensorMonitor.c ****         {
 2032              		.loc 1 63 41 discriminator 1 view .LVU625
 2033 004a 2046     		mov	r0, r4
 2034 004c FFF7FEFF 		bl	SrvSensorMonitor_IMU_Init
 2035              	.LVL198:
  63:Service/Srv_SensorMonitor.c ****         {
 2036              		.loc 1 63 38 discriminator 1 view .LVU626
 2037 0050 0646     		mov	r6, r0
 2038 0052 0028     		cmp	r0, #0
 2039 0054 EAD0     		beq	.L152
  65:Service/Srv_SensorMonitor.c ****                 return false;
ARM GAS  C:\Users\HUAV\AppData\Local\Temp\ccLqO20p.s 			page 54


 2040              		.loc 1 65 13 is_stmt 1 view .LVU627
  65:Service/Srv_SensorMonitor.c ****                 return false;
 2041              		.loc 1 65 28 is_stmt 0 view .LVU628
 2042 0056 1FFA85F8 		uxth	r8, r5
  68:Service/Srv_SensorMonitor.c ****             obj->statistic_imu = &obj->statistic_list[list_index];
 2043              		.loc 1 68 13 is_stmt 1 view .LVU629
  68:Service/Srv_SensorMonitor.c ****             obj->statistic_imu = &obj->statistic_list[list_index];
 2044              		.loc 1 68 41 is_stmt 0 view .LVU630
 2045 005a 2379     		ldrb	r3, [r4, #4]	@ zero_extendqisi2
 2046 005c 43F00103 		orr	r3, r3, #1
 2047 0060 2371     		strb	r3, [r4, #4]
  69:Service/Srv_SensorMonitor.c ****             obj->statistic_imu->set_period = SrvSensorMonitor_Get_FreqVal(obj->freq_reg.bit.imu);
 2048              		.loc 1 69 13 is_stmt 1 view .LVU631
  69:Service/Srv_SensorMonitor.c ****             obj->statistic_imu->set_period = SrvSensorMonitor_Get_FreqVal(obj->freq_reg.bit.imu);
 2049              		.loc 1 69 38 is_stmt 0 view .LVU632
 2050 0062 E769     		ldr	r7, [r4, #28]
  69:Service/Srv_SensorMonitor.c ****             obj->statistic_imu->set_period = SrvSensorMonitor_Get_FreqVal(obj->freq_reg.bit.imu);
 2051              		.loc 1 69 32 view .LVU633
 2052 0064 E760     		str	r7, [r4, #12]
  70:Service/Srv_SensorMonitor.c ****             list_index ++;
 2053              		.loc 1 70 13 is_stmt 1 view .LVU634
  70:Service/Srv_SensorMonitor.c ****             list_index ++;
 2054              		.loc 1 70 92 is_stmt 0 view .LVU635
 2055 0066 207A     		ldrb	r0, [r4, #8]	@ zero_extendqisi2
  70:Service/Srv_SensorMonitor.c ****             list_index ++;
 2056              		.loc 1 70 46 view .LVU636
 2057 0068 00F00F00 		and	r0, r0, #15
 2058 006c FFF7FEFF 		bl	SrvSensorMonitor_Get_FreqVal
 2059              	.LVL199:
  70:Service/Srv_SensorMonitor.c ****             list_index ++;
 2060              		.loc 1 70 44 view .LVU637
 2061 0070 B862     		str	r0, [r7, #40]
  71:Service/Srv_SensorMonitor.c ****         }
 2062              		.loc 1 71 13 is_stmt 1 view .LVU638
 2063              	.LVL200:
  81:Service/Srv_SensorMonitor.c ****         {
 2064              		.loc 1 81 9 view .LVU639
  81:Service/Srv_SensorMonitor.c ****         {
 2065              		.loc 1 81 13 is_stmt 0 view .LVU640
 2066 0072 2378     		ldrb	r3, [r4]	@ zero_extendqisi2
  81:Service/Srv_SensorMonitor.c ****         {
 2067              		.loc 1 81 12 view .LVU641
 2068 0074 13F0020F 		tst	r3, #2
 2069 0078 2BD1     		bne	.L153
 2070              	.L154:
  94:Service/Srv_SensorMonitor.c ****             obj->init_state_reg.bit.mag = false;
 2071              		.loc 1 94 13 is_stmt 1 view .LVU642
  94:Service/Srv_SensorMonitor.c ****             obj->init_state_reg.bit.mag = false;
 2072              		.loc 1 94 16 is_stmt 0 view .LVU643
 2073 007a 2369     		ldr	r3, [r4, #16]
  94:Service/Srv_SensorMonitor.c ****             obj->init_state_reg.bit.mag = false;
 2074              		.loc 1 94 42 view .LVU644
 2075 007c 0022     		movs	r2, #0
 2076 007e 1A76     		strb	r2, [r3, #24]
  95:Service/Srv_SensorMonitor.c ****         }
 2077              		.loc 1 95 13 is_stmt 1 view .LVU645
  95:Service/Srv_SensorMonitor.c ****         }
ARM GAS  C:\Users\HUAV\AppData\Local\Temp\ccLqO20p.s 			page 55


 2078              		.loc 1 95 41 is_stmt 0 view .LVU646
 2079 0080 2379     		ldrb	r3, [r4, #4]	@ zero_extendqisi2
 2080 0082 62F34103 		bfi	r3, r2, #1, #1
 2081 0086 2371     		strb	r3, [r4, #4]
  71:Service/Srv_SensorMonitor.c ****         }
 2082              		.loc 1 71 24 view .LVU647
 2083 0088 0125     		movs	r5, #1
 2084              	.LVL201:
 2085              	.L156:
  98:Service/Srv_SensorMonitor.c ****         {
 2086              		.loc 1 98 9 is_stmt 1 view .LVU648
  98:Service/Srv_SensorMonitor.c ****         {
 2087              		.loc 1 98 13 is_stmt 0 view .LVU649
 2088 008a 2378     		ldrb	r3, [r4]	@ zero_extendqisi2
  98:Service/Srv_SensorMonitor.c ****         {
 2089              		.loc 1 98 12 view .LVU650
 2090 008c 13F0040F 		tst	r3, #4
 2091 0090 36D1     		bne	.L168
 2092              	.L157:
 111:Service/Srv_SensorMonitor.c ****             obj->init_state_reg.bit.baro = false;
 2093              		.loc 1 111 13 is_stmt 1 view .LVU651
 111:Service/Srv_SensorMonitor.c ****             obj->init_state_reg.bit.baro = false;
 2094              		.loc 1 111 16 is_stmt 0 view .LVU652
 2095 0092 6369     		ldr	r3, [r4, #20]
 111:Service/Srv_SensorMonitor.c ****             obj->init_state_reg.bit.baro = false;
 2096              		.loc 1 111 43 view .LVU653
 2097 0094 0022     		movs	r2, #0
 2098 0096 1A76     		strb	r2, [r3, #24]
 112:Service/Srv_SensorMonitor.c ****         }
 2099              		.loc 1 112 13 is_stmt 1 view .LVU654
 112:Service/Srv_SensorMonitor.c ****         }
 2100              		.loc 1 112 42 is_stmt 0 view .LVU655
 2101 0098 2379     		ldrb	r3, [r4, #4]	@ zero_extendqisi2
 2102 009a 62F38203 		bfi	r3, r2, #2, #1
 2103 009e 2371     		strb	r3, [r4, #4]
 2104              	.L158:
 115:Service/Srv_SensorMonitor.c ****         {
 2105              		.loc 1 115 9 is_stmt 1 view .LVU656
 115:Service/Srv_SensorMonitor.c ****         {
 2106              		.loc 1 115 13 is_stmt 0 view .LVU657
 2107 00a0 2378     		ldrb	r3, [r4]	@ zero_extendqisi2
 115:Service/Srv_SensorMonitor.c ****         {
 2108              		.loc 1 115 12 view .LVU658
 2109 00a2 13F0080F 		tst	r3, #8
 2110 00a6 47D0     		beq	.L159
 115:Service/Srv_SensorMonitor.c ****         {
 2111              		.loc 1 115 42 discriminator 1 view .LVU659
 2112 00a8 FFF7FEFF 		bl	SrvSensorMonitor_Flow_Init
 2113              	.LVL202:
 115:Service/Srv_SensorMonitor.c ****         {
 2114              		.loc 1 115 39 discriminator 1 view .LVU660
 2115 00ac 0028     		cmp	r0, #0
 2116 00ae 43D0     		beq	.L159
 117:Service/Srv_SensorMonitor.c ****                 return false;
 2117              		.loc 1 117 13 is_stmt 1 view .LVU661
 117:Service/Srv_SensorMonitor.c ****                 return false;
 2118              		.loc 1 117 16 is_stmt 0 view .LVU662
ARM GAS  C:\Users\HUAV\AppData\Local\Temp\ccLqO20p.s 			page 56


 2119 00b0 A845     		cmp	r8, r5
 2120 00b2 4ED3     		bcc	.L164
 120:Service/Srv_SensorMonitor.c ****             obj->statistic_flow = &obj->statistic_list[list_index];
 2121              		.loc 1 120 13 is_stmt 1 view .LVU663
 120:Service/Srv_SensorMonitor.c ****             obj->statistic_flow = &obj->statistic_list[list_index];
 2122              		.loc 1 120 42 is_stmt 0 view .LVU664
 2123 00b4 2379     		ldrb	r3, [r4, #4]	@ zero_extendqisi2
 2124 00b6 43F00803 		orr	r3, r3, #8
 2125 00ba 2371     		strb	r3, [r4, #4]
 121:Service/Srv_SensorMonitor.c ****             obj->statistic_flow->set_period = SrvSensorMonitor_Get_FreqVal(obj->freq_reg.bit.flow);
 2126              		.loc 1 121 13 is_stmt 1 view .LVU665
 121:Service/Srv_SensorMonitor.c ****             obj->statistic_flow->set_period = SrvSensorMonitor_Get_FreqVal(obj->freq_reg.bit.flow);
 2127              		.loc 1 121 39 is_stmt 0 view .LVU666
 2128 00bc E369     		ldr	r3, [r4, #28]
 121:Service/Srv_SensorMonitor.c ****             obj->statistic_flow->set_period = SrvSensorMonitor_Get_FreqVal(obj->freq_reg.bit.flow);
 2129              		.loc 1 121 35 view .LVU667
 2130 00be 2C22     		movs	r2, #44
 2131 00c0 02FB0535 		mla	r5, r2, r5, r3
 121:Service/Srv_SensorMonitor.c ****             obj->statistic_flow->set_period = SrvSensorMonitor_Get_FreqVal(obj->freq_reg.bit.flow);
 2132              		.loc 1 121 33 view .LVU668
 2133 00c4 A561     		str	r5, [r4, #24]
 122:Service/Srv_SensorMonitor.c ****             list_index ++;
 2134              		.loc 1 122 13 is_stmt 1 view .LVU669
 122:Service/Srv_SensorMonitor.c ****             list_index ++;
 2135              		.loc 1 122 93 is_stmt 0 view .LVU670
 2136 00c6 607A     		ldrb	r0, [r4, #9]	@ zero_extendqisi2
 122:Service/Srv_SensorMonitor.c ****             list_index ++;
 2137              		.loc 1 122 47 view .LVU671
 2138 00c8 0009     		lsrs	r0, r0, #4
 2139 00ca FFF7FEFF 		bl	SrvSensorMonitor_Get_FreqVal
 2140              	.LVL203:
 122:Service/Srv_SensorMonitor.c ****             list_index ++;
 2141              		.loc 1 122 45 view .LVU672
 2142 00ce A862     		str	r0, [r5, #40]
 123:Service/Srv_SensorMonitor.c ****         }
 2143              		.loc 1 123 13 is_stmt 1 view .LVU673
 123:Service/Srv_SensorMonitor.c ****         }
 2144              		.loc 1 123 24 is_stmt 0 view .LVU674
 2145 00d0 38E0     		b	.L150
 2146              	.LVL204:
 2147              	.L153:
  81:Service/Srv_SensorMonitor.c ****         {
 2148              		.loc 1 81 41 discriminator 1 view .LVU675
 2149 00d2 FFF7FEFF 		bl	SrvSensorMonitor_Mag_Init
 2150              	.LVL205:
  81:Service/Srv_SensorMonitor.c ****         {
 2151              		.loc 1 81 38 discriminator 1 view .LVU676
 2152 00d6 0028     		cmp	r0, #0
 2153 00d8 CFD0     		beq	.L154
  83:Service/Srv_SensorMonitor.c ****                 return false;
 2154              		.loc 1 83 13 is_stmt 1 view .LVU677
  83:Service/Srv_SensorMonitor.c ****                 return false;
 2155              		.loc 1 83 16 is_stmt 0 view .LVU678
 2156 00da 002D     		cmp	r5, #0
 2157 00dc 35D0     		beq	.L162
  86:Service/Srv_SensorMonitor.c ****             obj->statistic_mag = &obj->statistic_list[list_index];
 2158              		.loc 1 86 13 is_stmt 1 view .LVU679
ARM GAS  C:\Users\HUAV\AppData\Local\Temp\ccLqO20p.s 			page 57


  86:Service/Srv_SensorMonitor.c ****             obj->statistic_mag = &obj->statistic_list[list_index];
 2159              		.loc 1 86 41 is_stmt 0 view .LVU680
 2160 00de 2379     		ldrb	r3, [r4, #4]	@ zero_extendqisi2
 2161 00e0 43F00203 		orr	r3, r3, #2
 2162 00e4 2371     		strb	r3, [r4, #4]
  87:Service/Srv_SensorMonitor.c ****             obj->statistic_mag->set_period = SrvSensorMonitor_Get_FreqVal(obj->freq_reg.bit.mag);
 2163              		.loc 1 87 13 is_stmt 1 view .LVU681
  87:Service/Srv_SensorMonitor.c ****             obj->statistic_mag->set_period = SrvSensorMonitor_Get_FreqVal(obj->freq_reg.bit.mag);
 2164              		.loc 1 87 38 is_stmt 0 view .LVU682
 2165 00e6 E569     		ldr	r5, [r4, #28]
 2166              	.LVL206:
  87:Service/Srv_SensorMonitor.c ****             obj->statistic_mag->set_period = SrvSensorMonitor_Get_FreqVal(obj->freq_reg.bit.mag);
 2167              		.loc 1 87 34 view .LVU683
 2168 00e8 2C35     		adds	r5, r5, #44
  87:Service/Srv_SensorMonitor.c ****             obj->statistic_mag->set_period = SrvSensorMonitor_Get_FreqVal(obj->freq_reg.bit.mag);
 2169              		.loc 1 87 32 view .LVU684
 2170 00ea 2561     		str	r5, [r4, #16]
  88:Service/Srv_SensorMonitor.c ****             obj->statistic_mag->is_calid = Calib_Ready;
 2171              		.loc 1 88 13 is_stmt 1 view .LVU685
  88:Service/Srv_SensorMonitor.c ****             obj->statistic_mag->is_calid = Calib_Ready;
 2172              		.loc 1 88 92 is_stmt 0 view .LVU686
 2173 00ec 207A     		ldrb	r0, [r4, #8]	@ zero_extendqisi2
  88:Service/Srv_SensorMonitor.c ****             obj->statistic_mag->is_calid = Calib_Ready;
 2174              		.loc 1 88 46 view .LVU687
 2175 00ee 0009     		lsrs	r0, r0, #4
 2176 00f0 FFF7FEFF 		bl	SrvSensorMonitor_Get_FreqVal
 2177              	.LVL207:
  88:Service/Srv_SensorMonitor.c ****             obj->statistic_mag->is_calid = Calib_Ready;
 2178              		.loc 1 88 44 view .LVU688
 2179 00f4 A862     		str	r0, [r5, #40]
  89:Service/Srv_SensorMonitor.c ****             list_index ++;
 2180              		.loc 1 89 13 is_stmt 1 view .LVU689
  89:Service/Srv_SensorMonitor.c ****             list_index ++;
 2181              		.loc 1 89 16 is_stmt 0 view .LVU690
 2182 00f6 2369     		ldr	r3, [r4, #16]
  89:Service/Srv_SensorMonitor.c ****             list_index ++;
 2183              		.loc 1 89 42 view .LVU691
 2184 00f8 0022     		movs	r2, #0
 2185 00fa 1A76     		strb	r2, [r3, #24]
  90:Service/Srv_SensorMonitor.c ****         }
 2186              		.loc 1 90 13 is_stmt 1 view .LVU692
 2187              	.LVL208:
  90:Service/Srv_SensorMonitor.c ****         }
 2188              		.loc 1 90 24 is_stmt 0 view .LVU693
 2189 00fc 0225     		movs	r5, #2
 2190 00fe C4E7     		b	.L156
 2191              	.LVL209:
 2192              	.L168:
  98:Service/Srv_SensorMonitor.c ****         {
 2193              		.loc 1 98 42 discriminator 1 view .LVU694
 2194 0100 2046     		mov	r0, r4
 2195 0102 FFF7FEFF 		bl	SrvSensorMonitor_Baro_Init
 2196              	.LVL210:
  98:Service/Srv_SensorMonitor.c ****         {
 2197              		.loc 1 98 39 discriminator 1 view .LVU695
 2198 0106 0028     		cmp	r0, #0
 2199 0108 C3D0     		beq	.L157
ARM GAS  C:\Users\HUAV\AppData\Local\Temp\ccLqO20p.s 			page 58


 100:Service/Srv_SensorMonitor.c ****                 return false;
 2200              		.loc 1 100 13 is_stmt 1 view .LVU696
 100:Service/Srv_SensorMonitor.c ****                 return false;
 2201              		.loc 1 100 16 is_stmt 0 view .LVU697
 2202 010a A845     		cmp	r8, r5
 2203 010c 1FD3     		bcc	.L163
 103:Service/Srv_SensorMonitor.c ****             obj->statistic_baro = &obj->statistic_list[list_index];
 2204              		.loc 1 103 13 is_stmt 1 view .LVU698
 103:Service/Srv_SensorMonitor.c ****             obj->statistic_baro = &obj->statistic_list[list_index];
 2205              		.loc 1 103 42 is_stmt 0 view .LVU699
 2206 010e 2379     		ldrb	r3, [r4, #4]	@ zero_extendqisi2
 2207 0110 43F00403 		orr	r3, r3, #4
 2208 0114 2371     		strb	r3, [r4, #4]
 104:Service/Srv_SensorMonitor.c ****             obj->statistic_baro->set_period = SrvSensorMonitor_Get_FreqVal(obj->freq_reg.bit.baro);
 2209              		.loc 1 104 13 is_stmt 1 view .LVU700
 104:Service/Srv_SensorMonitor.c ****             obj->statistic_baro->set_period = SrvSensorMonitor_Get_FreqVal(obj->freq_reg.bit.baro);
 2210              		.loc 1 104 39 is_stmt 0 view .LVU701
 2211 0116 E769     		ldr	r7, [r4, #28]
 104:Service/Srv_SensorMonitor.c ****             obj->statistic_baro->set_period = SrvSensorMonitor_Get_FreqVal(obj->freq_reg.bit.baro);
 2212              		.loc 1 104 35 view .LVU702
 2213 0118 2C23     		movs	r3, #44
 2214 011a 03FB0577 		mla	r7, r3, r5, r7
 104:Service/Srv_SensorMonitor.c ****             obj->statistic_baro->set_period = SrvSensorMonitor_Get_FreqVal(obj->freq_reg.bit.baro);
 2215              		.loc 1 104 33 view .LVU703
 2216 011e 6761     		str	r7, [r4, #20]
 105:Service/Srv_SensorMonitor.c ****             obj->statistic_baro->is_calid = Calib_Ready;
 2217              		.loc 1 105 13 is_stmt 1 view .LVU704
 105:Service/Srv_SensorMonitor.c ****             obj->statistic_baro->is_calid = Calib_Ready;
 2218              		.loc 1 105 93 is_stmt 0 view .LVU705
 2219 0120 607A     		ldrb	r0, [r4, #9]	@ zero_extendqisi2
 105:Service/Srv_SensorMonitor.c ****             obj->statistic_baro->is_calid = Calib_Ready;
 2220              		.loc 1 105 47 view .LVU706
 2221 0122 00F00F00 		and	r0, r0, #15
 2222 0126 FFF7FEFF 		bl	SrvSensorMonitor_Get_FreqVal
 2223              	.LVL211:
 105:Service/Srv_SensorMonitor.c ****             obj->statistic_baro->is_calid = Calib_Ready;
 2224              		.loc 1 105 45 view .LVU707
 2225 012a B862     		str	r0, [r7, #40]
 106:Service/Srv_SensorMonitor.c ****             list_index ++;
 2226              		.loc 1 106 13 is_stmt 1 view .LVU708
 106:Service/Srv_SensorMonitor.c ****             list_index ++;
 2227              		.loc 1 106 16 is_stmt 0 view .LVU709
 2228 012c 6369     		ldr	r3, [r4, #20]
 106:Service/Srv_SensorMonitor.c ****             list_index ++;
 2229              		.loc 1 106 43 view .LVU710
 2230 012e 0022     		movs	r2, #0
 2231 0130 1A76     		strb	r2, [r3, #24]
 107:Service/Srv_SensorMonitor.c ****         }
 2232              		.loc 1 107 13 is_stmt 1 view .LVU711
 107:Service/Srv_SensorMonitor.c ****         }
 2233              		.loc 1 107 24 is_stmt 0 view .LVU712
 2234 0132 0135     		adds	r5, r5, #1
 2235              	.LVL212:
 107:Service/Srv_SensorMonitor.c ****         }
 2236              		.loc 1 107 24 view .LVU713
 2237 0134 ADB2     		uxth	r5, r5
 107:Service/Srv_SensorMonitor.c ****         }
ARM GAS  C:\Users\HUAV\AppData\Local\Temp\ccLqO20p.s 			page 59


 2238              		.loc 1 107 24 view .LVU714
 2239 0136 B3E7     		b	.L158
 2240              	.LVL213:
 2241              	.L159:
 127:Service/Srv_SensorMonitor.c ****         }
 2242              		.loc 1 127 13 is_stmt 1 view .LVU715
 127:Service/Srv_SensorMonitor.c ****         }
 2243              		.loc 1 127 42 is_stmt 0 view .LVU716
 2244 0138 2379     		ldrb	r3, [r4, #4]	@ zero_extendqisi2
 2245 013a 6FF3C303 		bfc	r3, #3, #1
 2246 013e 2371     		strb	r3, [r4, #4]
 130:Service/Srv_SensorMonitor.c ****     }
 2247              		.loc 1 130 9 is_stmt 1 view .LVU717
 130:Service/Srv_SensorMonitor.c ****     }
 2248              		.loc 1 130 16 is_stmt 0 view .LVU718
 2249 0140 00E0     		b	.L150
 2250              	.LVL214:
 2251              	.L161:
 133:Service/Srv_SensorMonitor.c **** }
 2252              		.loc 1 133 12 view .LVU719
 2253 0142 0026     		movs	r6, #0
 2254              	.LVL215:
 2255              	.L150:
 134:Service/Srv_SensorMonitor.c **** 
 2256              		.loc 1 134 1 view .LVU720
 2257 0144 3046     		mov	r0, r6
 2258 0146 BDE8F081 		pop	{r4, r5, r6, r7, r8, pc}
 2259              	.LVL216:
 2260              	.L162:
  84:Service/Srv_SensorMonitor.c **** 
 2261              		.loc 1 84 24 view .LVU721
 2262 014a 0026     		movs	r6, #0
 2263 014c FAE7     		b	.L150
 2264              	.LVL217:
 2265              	.L163:
 101:Service/Srv_SensorMonitor.c **** 
 2266              		.loc 1 101 24 view .LVU722
 2267 014e 0026     		movs	r6, #0
 2268 0150 F8E7     		b	.L150
 2269              	.L164:
 118:Service/Srv_SensorMonitor.c **** 
 2270              		.loc 1 118 24 view .LVU723
 2271 0152 0026     		movs	r6, #0
 2272 0154 F6E7     		b	.L150
 2273              	.L170:
 2274 0156 00BF     		.align	2
 2275              	.L169:
 2276 0158 00000000 		.word	SrvOsCommon
 2277              		.cfi_endproc
 2278              	.LFE145:
 2280              		.global	SrvSensorMonitor
 2281              		.section	.data.SrvSensorMonitor,"aw"
 2282              		.align	2
 2285              	SrvSensorMonitor:
 2286 0000 00000000 		.word	SrvSensorMonitor_Init
 2287 0004 00000000 		.word	SrvSensorMonitor_SampleCTL
 2288 0008 00000000 		.word	SrvSensorMonitor_IMU_Get_Num
ARM GAS  C:\Users\HUAV\AppData\Local\Temp\ccLqO20p.s 			page 60


 2289 000c 00000000 		.word	SrvSensorMonitor_Get_IMU_Range
 2290 0010 00000000 		.word	SrvSensorMonitor_Get_IMUData
 2291 0014 00000000 		.word	SrvSensorMonitor_Get_BaroData
 2292 0018 00000000 		.word	SrvSensorMonitor_Set_Module_Calib
 2293 001c 00000000 		.word	SrvSensorMonitor_Get_Module_Calib
 2294              		.text
 2295              	.Letext0:
 2296              		.file 2 "d:\\hpm-compile-tool\\gcc-arm-none-eabi-10.3-win\\arm-none-eabi\\include\\machine\\_defau
 2297              		.file 3 "d:\\hpm-compile-tool\\gcc-arm-none-eabi-10.3-win\\arm-none-eabi\\include\\sys\\_stdint.h"
 2298              		.file 4 "d:\\hpm-compile-tool\\gcc-arm-none-eabi-10.3-win\\lib\\gcc\\arm-none-eabi\\10.3.1\\includ
 2299              		.file 5 "System/FreeRTOS/include/portable.h"
 2300              		.file 6 "Service/Srv_OsCommon.h"
 2301              		.file 7 "common/gen_physic_def/imu_data.h"
 2302              		.file 8 "common/gen_physic_def/gen_calib.h"
 2303              		.file 9 "Service/Srv_IMUSample.h"
 2304              		.file 10 "Service/Srv_Baro.h"
 2305              		.file 11 "Service/Srv_SensorMonitor.h"
 2306              		.file 12 "HW_Lib/AT32F435/drivers/inc/at32f435_437_tmr.h"
 2307              		.file 13 "debug/debug_util.h"
 2308              		.file 14 "HW_Lib/AT32F435/PinPort_Def/CCRC_AT32_20/HW_Def.h"
 2309              		.file 15 "<built-in>"
 2310              		.file 16 "common/util.h"
ARM GAS  C:\Users\HUAV\AppData\Local\Temp\ccLqO20p.s 			page 61


DEFINED SYMBOLS
                            *ABS*:00000000 Srv_SensorMonitor.c
C:\Users\HUAV\AppData\Local\Temp\ccLqO20p.s:20     .text.SrvSensorMonitor_Get_FreqVal:00000000 $t
C:\Users\HUAV\AppData\Local\Temp\ccLqO20p.s:25     .text.SrvSensorMonitor_Get_FreqVal:00000000 SrvSensorMonitor_Get_FreqVal
C:\Users\HUAV\AppData\Local\Temp\ccLqO20p.s:39     .text.SrvSensorMonitor_Get_FreqVal:00000008 $d
C:\Users\HUAV\AppData\Local\Temp\ccLqO20p.s:49     .text.SrvSensorMonitor_Get_FreqVal:00000012 $t
C:\Users\HUAV\AppData\Local\Temp\ccLqO20p.s:138    .text.SrvSensorMonitor_IMU_Get_Num:00000000 $t
C:\Users\HUAV\AppData\Local\Temp\ccLqO20p.s:143    .text.SrvSensorMonitor_IMU_Get_Num:00000000 SrvSensorMonitor_IMU_Get_Num
C:\Users\HUAV\AppData\Local\Temp\ccLqO20p.s:201    .text.SrvSensorMonitor_Get_IMU_Range:00000000 $t
C:\Users\HUAV\AppData\Local\Temp\ccLqO20p.s:206    .text.SrvSensorMonitor_Get_IMU_Range:00000000 SrvSensorMonitor_Get_IMU_Range
C:\Users\HUAV\AppData\Local\Temp\ccLqO20p.s:321    .text.SrvSensorMonitor_IMU_SampleCTL:00000000 $t
C:\Users\HUAV\AppData\Local\Temp\ccLqO20p.s:326    .text.SrvSensorMonitor_IMU_SampleCTL:00000000 SrvSensorMonitor_IMU_SampleCTL
C:\Users\HUAV\AppData\Local\Temp\ccLqO20p.s:621    .text.SrvSensorMonitor_IMU_SampleCTL:00000110 $d
C:\Users\HUAV\AppData\Local\Temp\ccLqO20p.s:627    .text.SrvSensorMonitor_Mag_Init:00000000 $t
C:\Users\HUAV\AppData\Local\Temp\ccLqO20p.s:632    .text.SrvSensorMonitor_Mag_Init:00000000 SrvSensorMonitor_Mag_Init
C:\Users\HUAV\AppData\Local\Temp\ccLqO20p.s:647    .text.SrvSensorMonitor_Mag_SampleCTL:00000000 $t
C:\Users\HUAV\AppData\Local\Temp\ccLqO20p.s:652    .text.SrvSensorMonitor_Mag_SampleCTL:00000000 SrvSensorMonitor_Mag_SampleCTL
C:\Users\HUAV\AppData\Local\Temp\ccLqO20p.s:672    .text.SrvSensorMonitor_Baro_SampleCTL:00000000 $t
C:\Users\HUAV\AppData\Local\Temp\ccLqO20p.s:677    .text.SrvSensorMonitor_Baro_SampleCTL:00000000 SrvSensorMonitor_Baro_SampleCTL
C:\Users\HUAV\AppData\Local\Temp\ccLqO20p.s:953    .text.SrvSensorMonitor_Baro_SampleCTL:000000fc $d
C:\Users\HUAV\AppData\Local\Temp\ccLqO20p.s:959    .text.SrvSensorMonitor_Flow_Init:00000000 $t
C:\Users\HUAV\AppData\Local\Temp\ccLqO20p.s:964    .text.SrvSensorMonitor_Flow_Init:00000000 SrvSensorMonitor_Flow_Init
C:\Users\HUAV\AppData\Local\Temp\ccLqO20p.s:979    .text.SrvSensorMonitor_SampleCTL:00000000 $t
C:\Users\HUAV\AppData\Local\Temp\ccLqO20p.s:984    .text.SrvSensorMonitor_SampleCTL:00000000 SrvSensorMonitor_SampleCTL
C:\Users\HUAV\AppData\Local\Temp\ccLqO20p.s:1085   .text.SrvSensorMonitor_SampleCTL:0000004c $d
C:\Users\HUAV\AppData\Local\Temp\ccLqO20p.s:1090   .text.SrvSensorMonitor_Set_Module_Calib:00000000 $t
C:\Users\HUAV\AppData\Local\Temp\ccLqO20p.s:1095   .text.SrvSensorMonitor_Set_Module_Calib:00000000 SrvSensorMonitor_Set_Module_Calib
C:\Users\HUAV\AppData\Local\Temp\ccLqO20p.s:1140   .text.SrvSensorMonitor_Get_Module_Calib:00000000 $t
C:\Users\HUAV\AppData\Local\Temp\ccLqO20p.s:1145   .text.SrvSensorMonitor_Get_Module_Calib:00000000 SrvSensorMonitor_Get_Module_Calib
C:\Users\HUAV\AppData\Local\Temp\ccLqO20p.s:1244   .text.SrvSensorMonitor_Get_BaroData:00000000 $t
C:\Users\HUAV\AppData\Local\Temp\ccLqO20p.s:1249   .text.SrvSensorMonitor_Get_BaroData:00000000 SrvSensorMonitor_Get_BaroData
C:\Users\HUAV\AppData\Local\Temp\ccLqO20p.s:1353   .text.SrvSensorMonitor_Get_BaroData:0000007c $d
C:\Users\HUAV\AppData\Local\Temp\ccLqO20p.s:1358   .text.SrvSensorMonitor_Get_IMUData:00000000 $t
C:\Users\HUAV\AppData\Local\Temp\ccLqO20p.s:1363   .text.SrvSensorMonitor_Get_IMUData:00000000 SrvSensorMonitor_Get_IMUData
C:\Users\HUAV\AppData\Local\Temp\ccLqO20p.s:1493   .text.SrvSensorMonitor_Get_IMUData:0000008c $d
C:\Users\HUAV\AppData\Local\Temp\ccLqO20p.s:1498   .rodata.SrvSensorMonitor_IMU_Init.str1.4:00000000 $d
C:\Users\HUAV\AppData\Local\Temp\ccLqO20p.s:1514   .text.SrvSensorMonitor_IMU_Init:00000000 $t
C:\Users\HUAV\AppData\Local\Temp\ccLqO20p.s:1519   .text.SrvSensorMonitor_IMU_Init:00000000 SrvSensorMonitor_IMU_Init
C:\Users\HUAV\AppData\Local\Temp\ccLqO20p.s:1821   .text.SrvSensorMonitor_IMU_Init:00000168 $d
C:\Users\HUAV\AppData\Local\Temp\ccLqO20p.s:1832   .rodata.SrvSensorMonitor_Baro_Init.str1.4:00000000 $d
C:\Users\HUAV\AppData\Local\Temp\ccLqO20p.s:1839   .text.SrvSensorMonitor_Baro_Init:00000000 $t
C:\Users\HUAV\AppData\Local\Temp\ccLqO20p.s:1844   .text.SrvSensorMonitor_Baro_Init:00000000 SrvSensorMonitor_Baro_Init
C:\Users\HUAV\AppData\Local\Temp\ccLqO20p.s:1934   .text.SrvSensorMonitor_Baro_Init:00000048 $d
C:\Users\HUAV\AppData\Local\Temp\ccLqO20p.s:1943   .text.SrvSensorMonitor_Init:00000000 $t
C:\Users\HUAV\AppData\Local\Temp\ccLqO20p.s:1948   .text.SrvSensorMonitor_Init:00000000 SrvSensorMonitor_Init
C:\Users\HUAV\AppData\Local\Temp\ccLqO20p.s:2276   .text.SrvSensorMonitor_Init:00000158 $d
C:\Users\HUAV\AppData\Local\Temp\ccLqO20p.s:2285   .data.SrvSensorMonitor:00000000 SrvSensorMonitor
C:\Users\HUAV\AppData\Local\Temp\ccLqO20p.s:2282   .data.SrvSensorMonitor:00000000 $d

UNDEFINED SYMBOLS
SrvOsCommon
SrvIMU
SrvBaro
memset
memcpy
Debug_Print
DebugPort
ARM GAS  C:\Users\HUAV\AppData\Local\Temp\ccLqO20p.s 			page 62


Get_OnSet_Bit_Num
