ARM GAS  C:\Users\HUAV\AppData\Local\Temp\cc14JS73.s 			page 1


   1              		.cpu cortex-m4
   2              		.arch armv7e-m
   3              		.fpu fpv4-sp-d16
   4              		.eabi_attribute 27, 1
   5              		.eabi_attribute 28, 1
   6              		.eabi_attribute 20, 1
   7              		.eabi_attribute 21, 1
   8              		.eabi_attribute 23, 3
   9              		.eabi_attribute 24, 1
  10              		.eabi_attribute 25, 1
  11              		.eabi_attribute 26, 1
  12              		.eabi_attribute 30, 1
  13              		.eabi_attribute 34, 1
  14              		.eabi_attribute 18, 4
  15              		.file	"Srv_DataHub.c"
  16              		.text
  17              	.Ltext0:
  18              		.cfi_sections	.debug_frame
  19              		.section	.text.SrvDataHub_VCPAttach_dataPipe_Finish_Callback,"ax",%progbits
  20              		.align	1
  21              		.syntax unified
  22              		.thumb
  23              		.thumb_func
  25              	SrvDataHub_VCPAttach_dataPipe_Finish_Callback:
  26              	.LVL0:
  27              	.LFB149:
  28              		.file 1 "Service/Srv_DataHub.c"
   1:Service/Srv_DataHub.c **** #include "Srv_DataHub.h"
   2:Service/Srv_DataHub.c **** 
   3:Service/Srv_DataHub.c **** #define To_Pipe_TransFinish_Callback(x) ((Pipe_TransFinish_Callback)x)
   4:Service/Srv_DataHub.c **** 
   5:Service/Srv_DataHub.c **** /* internal variable */
   6:Service/Srv_DataHub.c **** SrvDataHub_Monitor_TypeDef SrvDataHub_Monitor = {
   7:Service/Srv_DataHub.c ****     .init_state = false,
   8:Service/Srv_DataHub.c **** };
   9:Service/Srv_DataHub.c **** 
  10:Service/Srv_DataHub.c **** /* Pipe Object */
  11:Service/Srv_DataHub.c **** DataPipe_CreateDataObj(SrvIMU_UnionData_TypeDef, PtlIMU_Data);
  12:Service/Srv_DataHub.c **** DataPipe_CreateDataObj(SrvActuatorPipeData_TypeDef, Hub_Actuator);
  13:Service/Srv_DataHub.c **** DataPipe_CreateDataObj(ControlData_TypeDef, Hub_Telemetry_Rc);
  14:Service/Srv_DataHub.c **** DataPipe_CreateDataObj(SrvSensorMonitor_GenReg_TypeDef, Sensor_Enable);
  15:Service/Srv_DataHub.c **** DataPipe_CreateDataObj(SrvSensorMonitor_GenReg_TypeDef, Sensor_Init);
  16:Service/Srv_DataHub.c **** DataPipe_CreateDataObj(IMUAtt_TypeDef, Hub_Attitude);
  17:Service/Srv_DataHub.c **** DataPipe_CreateDataObj(SrvBaro_UnionData_TypeDef, Hub_Baro_Data);
  18:Service/Srv_DataHub.c **** DataPipe_CreateDataObj(RelMov_TypeDef, Hub_Alt);
  19:Service/Srv_DataHub.c **** DataPipe_CreateDataObj(SrvIMU_Range_TypeDef, Hub_PriIMU_Range);
  20:Service/Srv_DataHub.c **** #if (IMU_SUM == 2)
  21:Service/Srv_DataHub.c **** DataPipe_CreateDataObj(SrvIMU_Range_TypeDef, Hub_SecIMU_Range);
  22:Service/Srv_DataHub.c **** #endif
  23:Service/Srv_DataHub.c **** DataPipe_CreateDataObj(ExpControlData_TypeDef, Hub_Cnv_CtlData);
  24:Service/Srv_DataHub.c **** DataPipe_CreateDataObj(bool, Hub_VCP_Attach_State);
  25:Service/Srv_DataHub.c **** 
  26:Service/Srv_DataHub.c **** /* internal function */
  27:Service/Srv_DataHub.c **** static void SrvDataHub_PipeRcTelemtryDataFinish_Callback(DataPipeObj_TypeDef *obj);
  28:Service/Srv_DataHub.c **** static void SrvDataHub_SensorState_DataPipe_Finish_Callback(DataPipeObj_TypeDef *obj);
  29:Service/Srv_DataHub.c **** static void SrvDataHub_IMU_DataPipe_Finish_Callback(DataPipeObj_TypeDef *obj);
  30:Service/Srv_DataHub.c **** static void SrvDataHub_Actuator_DataPipe_Finish_Callback(DataPipeObj_TypeDef *obj);
ARM GAS  C:\Users\HUAV\AppData\Local\Temp\cc14JS73.s 			page 2


  31:Service/Srv_DataHub.c **** static void SrvDataHub_Attitude_DataPipe_Finish_Callback(DataPipeObj_TypeDef *obj);
  32:Service/Srv_DataHub.c **** static void SrvDataHub_Baro_DataPipe_Finish_Callback(DataPipeObj_TypeDef *obj);
  33:Service/Srv_DataHub.c **** // static void SrvDataHub_Pos_DataPipe_Finish_Callback(DataPipeObj_TypeDef *obj);
  34:Service/Srv_DataHub.c **** static void SrvDatHub_Alt_DataPipe_Finish_Callback(DataPipeObj_TypeDef *obj);
  35:Service/Srv_DataHub.c **** static void SrvDataHub_IMU_Range_DataPipe_Finish_Callback(DataPipeObj_TypeDef *obj);
  36:Service/Srv_DataHub.c **** static void SrvDataHub_VCPAttach_dataPipe_Finish_Callback(DataPipeObj_TypeDef *obj);
  37:Service/Srv_DataHub.c **** static void SrvDataHub_PipeConvertControlDataFinish_Callback(DataPipeObj_TypeDef *obj);
  38:Service/Srv_DataHub.c **** 
  39:Service/Srv_DataHub.c **** /* external function */
  40:Service/Srv_DataHub.c **** static void SrvDataHub_Init(void);
  41:Service/Srv_DataHub.c **** static bool SrvDataHub_Get_Raw_IMU(uint32_t *time_stamp, float *acc_scale, float *gyr_scale, float 
  42:Service/Srv_DataHub.c **** static bool SrvDataHub_Get_Scaled_IMU(uint32_t *time_stamp, float *acc_scale, float *gyr_scale, flo
  43:Service/Srv_DataHub.c **** static bool SrvDataHub_Get_Raw_Mag(uint32_t *time_stamp, float *scale, float *mag_x, float *mag_y, 
  44:Service/Srv_DataHub.c **** static bool SrvDataHub_Get_Scaled_Mag(uint32_t *time_stamp, float *scale, float *mag_x, float *mag_
  45:Service/Srv_DataHub.c **** static bool SrvDataHub_Get_Arm(bool *arm);
  46:Service/Srv_DataHub.c **** static bool SrvDataHub_Get_Failsafe(bool *failsafe);
  47:Service/Srv_DataHub.c **** static bool SrvDataHub_Get_Telemetry_ControlData(ControlData_TypeDef *data);
  48:Service/Srv_DataHub.c **** static bool SrvDataHub_Get_MotoChannel(uint32_t *time_stamp, uint8_t *cnt, int16_t *moto_ch);
  49:Service/Srv_DataHub.c **** static bool SrvDataHub_Get_ServoChannel(uint32_t *time_stamp, uint8_t *cnt, int16_t *servo_ch);
  50:Service/Srv_DataHub.c **** static bool SrvDataHub_Get_IMU_InitState(bool *state);
  51:Service/Srv_DataHub.c **** static bool SrvDataHub_Get_Mag_InitState(bool *state);
  52:Service/Srv_DataHub.c **** static bool SrvDataHub_Get_Bar_InitState(bool *state);
  53:Service/Srv_DataHub.c **** static bool SrvDataHub_Get_Scaled_Baro(uint32_t *time_stamp, float *baro_pressure, float *baro_alt,
  54:Service/Srv_DataHub.c **** static bool SrvDataHub_Get_Attitude(uint32_t *time_stamp, float *pitch, float *roll, float *yaw, fl
  55:Service/Srv_DataHub.c **** static bool SrvDataHub_Get_VCPAttach_State(bool *state);
  56:Service/Srv_DataHub.c **** static bool SrvDataHub_Get_CLI_State(bool *state);
  57:Service/Srv_DataHub.c **** static bool SrvDataHub_Get_Upgrade_State(bool *state);
  58:Service/Srv_DataHub.c **** static bool SrvDataHub_Get_PriIMU_Range(uint8_t *acc_range, uint16_t *gyr_range);
  59:Service/Srv_DataHub.c **** static bool SrvDataHub_Get_SecIMU_Range(uint8_t *acc_range, uint16_t *gyr_range);
  60:Service/Srv_DataHub.c **** static bool SrvDataHub_Get_RelativeAlt(uint32_t *time_stamp, float *alt, float *alt_speed);
  61:Service/Srv_DataHub.c **** static bool SrvDataHub_Get_Convert_ControlData(uint32_t *time_stamp, bool *arm, bool *failsafe, uin
  62:Service/Srv_DataHub.c **** 
  63:Service/Srv_DataHub.c **** static bool SrvDataHub_Set_CLI_State(bool state);
  64:Service/Srv_DataHub.c **** static bool SrvDataHub_Set_Upgrade_State(bool state);
  65:Service/Srv_DataHub.c **** 
  66:Service/Srv_DataHub.c **** /* external variable */
  67:Service/Srv_DataHub.c **** SrvDataHub_TypeDef SrvDataHub = {
  68:Service/Srv_DataHub.c ****     .init = SrvDataHub_Init,
  69:Service/Srv_DataHub.c ****     .get_raw_imu = SrvDataHub_Get_Raw_IMU,
  70:Service/Srv_DataHub.c ****     .get_scaled_imu = SrvDataHub_Get_Scaled_IMU,
  71:Service/Srv_DataHub.c ****     .get_pri_imu_range = SrvDataHub_Get_PriIMU_Range,
  72:Service/Srv_DataHub.c ****     .get_sec_imu_range = SrvDataHub_Get_SecIMU_Range,
  73:Service/Srv_DataHub.c ****     .get_attitude = SrvDataHub_Get_Attitude,
  74:Service/Srv_DataHub.c ****     .get_raw_mag = SrvDataHub_Get_Raw_Mag,
  75:Service/Srv_DataHub.c ****     .get_scaled_mag = SrvDataHub_Get_Scaled_Mag,
  76:Service/Srv_DataHub.c ****     .get_baro_altitude = SrvDataHub_Get_Scaled_Baro,
  77:Service/Srv_DataHub.c ****     .get_arm_state = SrvDataHub_Get_Arm,
  78:Service/Srv_DataHub.c ****     .get_failsafe = SrvDataHub_Get_Failsafe,
  79:Service/Srv_DataHub.c ****     .get_rc_control_data = SrvDataHub_Get_Telemetry_ControlData,
  80:Service/Srv_DataHub.c ****     .get_moto = SrvDataHub_Get_MotoChannel,
  81:Service/Srv_DataHub.c ****     .get_servo = SrvDataHub_Get_ServoChannel,
  82:Service/Srv_DataHub.c ****     .get_imu_init_state = SrvDataHub_Get_IMU_InitState,
  83:Service/Srv_DataHub.c ****     .get_mag_init_state = SrvDataHub_Get_Mag_InitState,
  84:Service/Srv_DataHub.c ****     .get_baro_init_state = SrvDataHub_Get_Bar_InitState,
  85:Service/Srv_DataHub.c ****     .get_vcp_attach_state = SrvDataHub_Get_VCPAttach_State,
  86:Service/Srv_DataHub.c ****     .get_cli_state = SrvDataHub_Get_CLI_State,
  87:Service/Srv_DataHub.c ****     .get_upgrade_state = SrvDataHub_Get_Upgrade_State,
ARM GAS  C:\Users\HUAV\AppData\Local\Temp\cc14JS73.s 			page 3


  88:Service/Srv_DataHub.c ****     .get_relative_alt = SrvDataHub_Get_RelativeAlt,
  89:Service/Srv_DataHub.c ****     .get_cnv_control_data = SrvDataHub_Get_Convert_ControlData,
  90:Service/Srv_DataHub.c **** 
  91:Service/Srv_DataHub.c ****     .set_cli_state = SrvDataHub_Set_CLI_State,
  92:Service/Srv_DataHub.c ****     .set_upgrade_state = SrvDataHub_Set_Upgrade_State,
  93:Service/Srv_DataHub.c **** };
  94:Service/Srv_DataHub.c **** 
  95:Service/Srv_DataHub.c **** static void SrvDataHub_Init(void)
  96:Service/Srv_DataHub.c **** {
  97:Service/Srv_DataHub.c ****     if (SrvDataHub_Monitor.init_state)
  98:Service/Srv_DataHub.c ****         return;
  99:Service/Srv_DataHub.c **** 
 100:Service/Srv_DataHub.c ****     memset(&SrvDataHub_Monitor, 0, sizeof(SrvDataHub_Monitor));
 101:Service/Srv_DataHub.c **** 
 102:Service/Srv_DataHub.c ****     /* init pipe object */
 103:Service/Srv_DataHub.c ****     memset(DataPipe_DataObjAddr(PtlIMU_Data), 0, DataPipe_DataSize(PtlIMU_Data));
 104:Service/Srv_DataHub.c ****     IMU_hub_DataPipe.data_addr = (uint32_t)DataPipe_DataObjAddr(PtlIMU_Data);
 105:Service/Srv_DataHub.c ****     IMU_hub_DataPipe.data_size = DataPipe_DataSize(PtlIMU_Data);
 106:Service/Srv_DataHub.c ****     IMU_hub_DataPipe.trans_finish_cb = To_Pipe_TransFinish_Callback(SrvDataHub_IMU_DataPipe_Finish_
 107:Service/Srv_DataHub.c ****     DataPipe_Enable(&IMU_hub_DataPipe);
 108:Service/Srv_DataHub.c **** 
 109:Service/Srv_DataHub.c ****     memset(DataPipe_DataObjAddr(Hub_PriIMU_Range), 0, DataPipe_DataSize(Hub_PriIMU_Range));
 110:Service/Srv_DataHub.c ****     IMU_PriRange_hub_DataPipe.data_addr = (uint32_t)DataPipe_DataObjAddr(Hub_PriIMU_Range);
 111:Service/Srv_DataHub.c ****     IMU_PriRange_hub_DataPipe.data_size = DataPipe_DataSize(Hub_PriIMU_Range);
 112:Service/Srv_DataHub.c ****     IMU_PriRange_hub_DataPipe.trans_finish_cb = To_Pipe_TransFinish_Callback(SrvDataHub_IMU_Range_D
 113:Service/Srv_DataHub.c ****     DataPipe_Enable(&IMU_PriRange_hub_DataPipe);
 114:Service/Srv_DataHub.c **** 
 115:Service/Srv_DataHub.c **** #if (IMU_SUM == 2)
 116:Service/Srv_DataHub.c ****     memset(DataPipe_DataObjAddr(Hub_SecIMU_Range), 0, DataPipe_DataSize(Hub_SecIMU_Range));
 117:Service/Srv_DataHub.c ****     IMU_SecRange_hub_DataPipe.data_addr = (uint32_t)DataPipe_DataObjAddr(Hub_SecIMU_Range);
 118:Service/Srv_DataHub.c ****     IMU_SecRange_hub_DataPipe.data_size = DataPipe_DataSize(Hub_SecIMU_Range);
 119:Service/Srv_DataHub.c ****     IMU_SecRange_hub_DataPipe.trans_finish_cb = To_Pipe_TransFinish_Callback(SrvDataHub_IMU_Range_D
 120:Service/Srv_DataHub.c ****     DataPipe_Enable(&IMU_SecRange_hub_DataPipe);
 121:Service/Srv_DataHub.c **** #endif
 122:Service/Srv_DataHub.c **** 
 123:Service/Srv_DataHub.c ****     /* init pipe object */
 124:Service/Srv_DataHub.c ****     memset(DataPipe_DataObjAddr(Hub_Telemetry_Rc), 0, DataPipe_DataSize(Hub_Telemetry_Rc));
 125:Service/Srv_DataHub.c ****     Receiver_hub_DataPipe.data_addr = (uint32_t)DataPipe_DataObjAddr(Hub_Telemetry_Rc);
 126:Service/Srv_DataHub.c ****     Receiver_hub_DataPipe.data_size = DataPipe_DataSize(Hub_Telemetry_Rc);
 127:Service/Srv_DataHub.c ****     Receiver_hub_DataPipe.trans_finish_cb = To_Pipe_TransFinish_Callback(SrvDataHub_PipeRcTelemtryD
 128:Service/Srv_DataHub.c ****     DataPipe_Enable(&Receiver_hub_DataPipe);
 129:Service/Srv_DataHub.c **** 
 130:Service/Srv_DataHub.c ****     memset(DataPipe_DataObjAddr(Sensor_Enable), 0, DataPipe_DataSize(Sensor_Enable));
 131:Service/Srv_DataHub.c ****     SensorEnableState_hub_DataPipe.data_addr = (uint32_t)DataPipe_DataObjAddr(Sensor_Enable);
 132:Service/Srv_DataHub.c ****     SensorEnableState_hub_DataPipe.data_size = DataPipe_DataSize(Sensor_Enable);
 133:Service/Srv_DataHub.c ****     SensorEnableState_hub_DataPipe.trans_finish_cb = To_Pipe_TransFinish_Callback(SrvDataHub_Sensor
 134:Service/Srv_DataHub.c ****     DataPipe_Enable(&SensorEnableState_hub_DataPipe);
 135:Service/Srv_DataHub.c **** 
 136:Service/Srv_DataHub.c ****     memset(DataPipe_DataObjAddr(Sensor_Init), 0, DataPipe_DataSize(Sensor_Init));
 137:Service/Srv_DataHub.c ****     SensorInitState_hub_DataPipe.data_addr = (uint32_t)DataPipe_DataObjAddr(Sensor_Init);
 138:Service/Srv_DataHub.c ****     SensorInitState_hub_DataPipe.data_size = DataPipe_DataSize(Sensor_Init);
 139:Service/Srv_DataHub.c ****     SensorInitState_hub_DataPipe.trans_finish_cb = To_Pipe_TransFinish_Callback(SrvDataHub_SensorSt
 140:Service/Srv_DataHub.c ****     DataPipe_Enable(&SensorInitState_hub_DataPipe);
 141:Service/Srv_DataHub.c **** 
 142:Service/Srv_DataHub.c ****     memset(DataPipe_DataObjAddr(Hub_Actuator), 0, DataPipe_DataSize(Hub_Actuator));
 143:Service/Srv_DataHub.c ****     Actuator_hub_DataPipe.data_addr = (uint32_t)DataPipe_DataObjAddr(Hub_Actuator);
 144:Service/Srv_DataHub.c ****     Actuator_hub_DataPipe.data_size = DataPipe_DataSize(Hub_Actuator);
ARM GAS  C:\Users\HUAV\AppData\Local\Temp\cc14JS73.s 			page 4


 145:Service/Srv_DataHub.c ****     Actuator_hub_DataPipe.trans_finish_cb = To_Pipe_TransFinish_Callback(SrvDataHub_Actuator_DataPi
 146:Service/Srv_DataHub.c ****     DataPipe_Enable(&Actuator_hub_DataPipe);
 147:Service/Srv_DataHub.c ****     
 148:Service/Srv_DataHub.c ****     memset(DataPipe_DataObjAddr(Hub_Attitude), 0, DataPipe_DataSize(Hub_Attitude));
 149:Service/Srv_DataHub.c ****     Attitude_hub_DataPipe.data_addr = (uint32_t)DataPipe_DataObjAddr(Hub_Attitude);
 150:Service/Srv_DataHub.c ****     Attitude_hub_DataPipe.data_size = DataPipe_DataSize(Hub_Attitude);
 151:Service/Srv_DataHub.c ****     Attitude_hub_DataPipe.trans_finish_cb = To_Pipe_TransFinish_Callback(SrvDataHub_Attitude_DataPi
 152:Service/Srv_DataHub.c ****     DataPipe_Enable(&Attitude_hub_DataPipe);
 153:Service/Srv_DataHub.c **** 
 154:Service/Srv_DataHub.c ****     memset(DataPipe_DataObjAddr(Hub_Baro_Data), 0, DataPipe_DataSize(Hub_Baro_Data));
 155:Service/Srv_DataHub.c ****     Baro_hub_DataPipe.data_addr = (uint32_t)DataPipe_DataObjAddr(Hub_Baro_Data);
 156:Service/Srv_DataHub.c ****     Baro_hub_DataPipe.data_size = DataPipe_DataSize(Hub_Baro_Data);
 157:Service/Srv_DataHub.c ****     Baro_hub_DataPipe.trans_finish_cb = To_Pipe_TransFinish_Callback(SrvDataHub_Baro_DataPipe_Finis
 158:Service/Srv_DataHub.c ****     DataPipe_Enable(&Baro_hub_DataPipe);
 159:Service/Srv_DataHub.c **** 
 160:Service/Srv_DataHub.c ****     memset(DataPipe_DataObjAddr(Hub_Alt), 0, DataPipe_DataSize(Hub_Alt));
 161:Service/Srv_DataHub.c ****     Altitude_hub_DataPipe.data_addr = (uint32_t)DataPipe_DataObjAddr(Hub_Alt);
 162:Service/Srv_DataHub.c ****     Altitude_hub_DataPipe.data_size = DataPipe_DataSize(Hub_Alt);
 163:Service/Srv_DataHub.c ****     Altitude_hub_DataPipe.trans_finish_cb = To_Pipe_TransFinish_Callback(SrvDatHub_Alt_DataPipe_Fin
 164:Service/Srv_DataHub.c ****     DataPipe_Enable(&Altitude_hub_DataPipe);
 165:Service/Srv_DataHub.c **** 
 166:Service/Srv_DataHub.c ****     memset(DataPipe_DataObjAddr(Hub_VCP_Attach_State), 0, DataPipe_DataSize(Hub_VCP_Attach_State));
 167:Service/Srv_DataHub.c ****     VCP_Connect_hub_DataPipe.data_addr = (uint32_t)DataPipe_DataObjAddr(Hub_VCP_Attach_State);
 168:Service/Srv_DataHub.c ****     VCP_Connect_hub_DataPipe.data_size = DataPipe_DataSize(Hub_VCP_Attach_State);
 169:Service/Srv_DataHub.c ****     VCP_Connect_hub_DataPipe.trans_finish_cb = To_Pipe_TransFinish_Callback(SrvDataHub_VCPAttach_da
 170:Service/Srv_DataHub.c ****     DataPipe_Enable(&VCP_Connect_hub_DataPipe);
 171:Service/Srv_DataHub.c ****     
 172:Service/Srv_DataHub.c ****     memset(DataPipe_DataObjAddr(Hub_Cnv_CtlData), 0, DataPipe_DataSize(Hub_Cnv_CtlData));
 173:Service/Srv_DataHub.c ****     CtlData_hub_DataPipe.data_addr = (uint32_t)DataPipe_DataObjAddr(Hub_Cnv_CtlData);
 174:Service/Srv_DataHub.c ****     CtlData_hub_DataPipe.data_size = DataPipe_DataSize(Hub_Cnv_CtlData);
 175:Service/Srv_DataHub.c ****     CtlData_hub_DataPipe.trans_finish_cb = To_Pipe_TransFinish_Callback(SrvDataHub_PipeConvertContr
 176:Service/Srv_DataHub.c ****     DataPipe_Enable(&CtlData_hub_DataPipe);
 177:Service/Srv_DataHub.c **** 
 178:Service/Srv_DataHub.c ****     memset(&SrvDataHub_Monitor, 0, sizeof(SrvDataHub_Monitor));
 179:Service/Srv_DataHub.c ****     SrvDataHub_Monitor.init_state = true;
 180:Service/Srv_DataHub.c ****     SrvDataHub_Monitor.data.failsafe = true;
 181:Service/Srv_DataHub.c ****     SrvDataHub_Monitor.data.arm = DRONE_ARM;
 182:Service/Srv_DataHub.c **** }
 183:Service/Srv_DataHub.c **** 
 184:Service/Srv_DataHub.c **** static void SrvDataHub_VCPAttach_dataPipe_Finish_Callback(DataPipeObj_TypeDef *obj)
 185:Service/Srv_DataHub.c **** {
  29              		.loc 1 185 1 view -0
  30              		.cfi_startproc
  31              		@ args = 0, pretend = 0, frame = 0
  32              		@ frame_needed = 0, uses_anonymous_args = 0
  33              		@ link register save eliminated.
 186:Service/Srv_DataHub.c ****     if (obj == &VCP_Connect_hub_DataPipe)
  34              		.loc 1 186 5 view .LVU1
  35              		.loc 1 186 8 is_stmt 0 view .LVU2
  36 0000 0D4B     		ldr	r3, .L5
  37 0002 8342     		cmp	r3, r0
  38 0004 00D0     		beq	.L4
  39              	.L1:
 187:Service/Srv_DataHub.c ****     {
 188:Service/Srv_DataHub.c ****         SrvDataHub_Monitor.update_reg.bit.USB_VCP_attach = true;
 189:Service/Srv_DataHub.c **** 
 190:Service/Srv_DataHub.c ****         if (SrvDataHub_Monitor.inuse_reg.bit.USB_VCP_attach)
ARM GAS  C:\Users\HUAV\AppData\Local\Temp\cc14JS73.s 			page 5


 191:Service/Srv_DataHub.c ****             SrvDataHub_Monitor.inuse_reg.bit.USB_VCP_attach = false;
 192:Service/Srv_DataHub.c **** 
 193:Service/Srv_DataHub.c ****         SrvDataHub_Monitor.data.VCP_Attach = DataPipe_DataObj(Hub_VCP_Attach_State);
 194:Service/Srv_DataHub.c **** 
 195:Service/Srv_DataHub.c ****         SrvDataHub_Monitor.update_reg.bit.USB_VCP_attach = false;
 196:Service/Srv_DataHub.c ****     }
 197:Service/Srv_DataHub.c **** }
  40              		.loc 1 197 1 view .LVU3
  41 0006 7047     		bx	lr
  42              	.L4:
 188:Service/Srv_DataHub.c **** 
  43              		.loc 1 188 9 is_stmt 1 view .LVU4
 188:Service/Srv_DataHub.c **** 
  44              		.loc 1 188 58 is_stmt 0 view .LVU5
  45 0008 0C4B     		ldr	r3, .L5+4
  46 000a DA7C     		ldrb	r2, [r3, #19]	@ zero_extendqisi2
  47 000c 42F00202 		orr	r2, r2, #2
  48 0010 DA74     		strb	r2, [r3, #19]
 190:Service/Srv_DataHub.c ****             SrvDataHub_Monitor.inuse_reg.bit.USB_VCP_attach = false;
  49              		.loc 1 190 9 is_stmt 1 view .LVU6
 190:Service/Srv_DataHub.c ****             SrvDataHub_Monitor.inuse_reg.bit.USB_VCP_attach = false;
  50              		.loc 1 190 13 is_stmt 0 view .LVU7
  51 0012 DB7A     		ldrb	r3, [r3, #11]	@ zero_extendqisi2
 190:Service/Srv_DataHub.c ****             SrvDataHub_Monitor.inuse_reg.bit.USB_VCP_attach = false;
  52              		.loc 1 190 12 view .LVU8
  53 0014 13F0020F 		tst	r3, #2
  54 0018 04D0     		beq	.L3
 191:Service/Srv_DataHub.c **** 
  55              		.loc 1 191 13 is_stmt 1 view .LVU9
 191:Service/Srv_DataHub.c **** 
  56              		.loc 1 191 61 is_stmt 0 view .LVU10
  57 001a 084B     		ldr	r3, .L5+4
  58 001c DA7A     		ldrb	r2, [r3, #11]	@ zero_extendqisi2
  59 001e 6FF34102 		bfc	r2, #1, #1
  60 0022 DA72     		strb	r2, [r3, #11]
  61              	.L3:
 193:Service/Srv_DataHub.c **** 
  62              		.loc 1 193 9 is_stmt 1 view .LVU11
 193:Service/Srv_DataHub.c **** 
  63              		.loc 1 193 44 is_stmt 0 view .LVU12
  64 0024 054B     		ldr	r3, .L5+4
  65 0026 064A     		ldr	r2, .L5+8
  66 0028 1278     		ldrb	r2, [r2]	@ zero_extendqisi2
  67 002a 83F8E621 		strb	r2, [r3, #486]
 195:Service/Srv_DataHub.c ****     }
  68              		.loc 1 195 9 is_stmt 1 view .LVU13
 195:Service/Srv_DataHub.c ****     }
  69              		.loc 1 195 58 is_stmt 0 view .LVU14
  70 002e DA7C     		ldrb	r2, [r3, #19]	@ zero_extendqisi2
  71 0030 6FF34102 		bfc	r2, #1, #1
  72 0034 DA74     		strb	r2, [r3, #19]
  73              		.loc 1 197 1 view .LVU15
  74 0036 E6E7     		b	.L1
  75              	.L6:
  76              		.align	2
  77              	.L5:
  78 0038 00000000 		.word	VCP_Connect_hub_DataPipe
ARM GAS  C:\Users\HUAV\AppData\Local\Temp\cc14JS73.s 			page 6


  79 003c 00000000 		.word	.LANCHOR0
  80 0040 00000000 		.word	.LANCHOR1
  81              		.cfi_endproc
  82              	.LFE149:
  84              		.section	.text.SrvDatHub_Alt_DataPipe_Finish_Callback,"ax",%progbits
  85              		.align	1
  86              		.syntax unified
  87              		.thumb
  88              		.thumb_func
  90              	SrvDatHub_Alt_DataPipe_Finish_Callback:
  91              	.LVL1:
  92              	.LFB150:
 198:Service/Srv_DataHub.c **** 
 199:Service/Srv_DataHub.c **** static void SrvDatHub_Alt_DataPipe_Finish_Callback(DataPipeObj_TypeDef *obj)
 200:Service/Srv_DataHub.c **** {
  93              		.loc 1 200 1 is_stmt 1 view -0
  94              		.cfi_startproc
  95              		@ args = 0, pretend = 0, frame = 0
  96              		@ frame_needed = 0, uses_anonymous_args = 0
  97              		@ link register save eliminated.
 201:Service/Srv_DataHub.c ****     if (obj == &Altitude_hub_DataPipe)
  98              		.loc 1 201 5 view .LVU17
  99              		.loc 1 201 8 is_stmt 0 view .LVU18
 100 0000 104B     		ldr	r3, .L11
 101 0002 8342     		cmp	r3, r0
 102 0004 00D0     		beq	.L10
 103              	.L7:
 202:Service/Srv_DataHub.c ****     {
 203:Service/Srv_DataHub.c ****         SrvDataHub_Monitor.update_reg.bit.relative_alt = true;
 204:Service/Srv_DataHub.c **** 
 205:Service/Srv_DataHub.c ****         if (SrvDataHub_Monitor.inuse_reg.bit.relative_alt)
 206:Service/Srv_DataHub.c ****             SrvDataHub_Monitor.inuse_reg.bit.relative_alt = false;
 207:Service/Srv_DataHub.c ****             
 208:Service/Srv_DataHub.c ****         SrvDataHub_Monitor.data.relative_alt_time = DataPipe_DataObj(Hub_Alt).time;
 209:Service/Srv_DataHub.c ****         SrvDataHub_Monitor.data.relative_alt = DataPipe_DataObj(Hub_Alt).pos;
 210:Service/Srv_DataHub.c ****         SrvDataHub_Monitor.data.relative_vertical_speed = DataPipe_DataObj(Hub_Alt).vel;
 211:Service/Srv_DataHub.c **** 
 212:Service/Srv_DataHub.c ****         SrvDataHub_Monitor.update_reg.bit.relative_alt = false;
 213:Service/Srv_DataHub.c ****     }
 214:Service/Srv_DataHub.c **** }
 104              		.loc 1 214 1 view .LVU19
 105 0006 7047     		bx	lr
 106              	.L10:
 203:Service/Srv_DataHub.c **** 
 107              		.loc 1 203 9 is_stmt 1 view .LVU20
 203:Service/Srv_DataHub.c **** 
 108              		.loc 1 203 56 is_stmt 0 view .LVU21
 109 0008 0F4B     		ldr	r3, .L11+4
 110 000a 9A7C     		ldrb	r2, [r3, #18]	@ zero_extendqisi2
 111 000c 42F02002 		orr	r2, r2, #32
 112 0010 9A74     		strb	r2, [r3, #18]
 205:Service/Srv_DataHub.c ****             SrvDataHub_Monitor.inuse_reg.bit.relative_alt = false;
 113              		.loc 1 205 9 is_stmt 1 view .LVU22
 205:Service/Srv_DataHub.c ****             SrvDataHub_Monitor.inuse_reg.bit.relative_alt = false;
 114              		.loc 1 205 13 is_stmt 0 view .LVU23
 115 0012 9B7A     		ldrb	r3, [r3, #10]	@ zero_extendqisi2
 205:Service/Srv_DataHub.c ****             SrvDataHub_Monitor.inuse_reg.bit.relative_alt = false;
ARM GAS  C:\Users\HUAV\AppData\Local\Temp\cc14JS73.s 			page 7


 116              		.loc 1 205 12 view .LVU24
 117 0014 13F0200F 		tst	r3, #32
 118 0018 04D0     		beq	.L9
 206:Service/Srv_DataHub.c ****             
 119              		.loc 1 206 13 is_stmt 1 view .LVU25
 206:Service/Srv_DataHub.c ****             
 120              		.loc 1 206 59 is_stmt 0 view .LVU26
 121 001a 0B4B     		ldr	r3, .L11+4
 122 001c 9A7A     		ldrb	r2, [r3, #10]	@ zero_extendqisi2
 123 001e 6FF34512 		bfc	r2, #5, #1
 124 0022 9A72     		strb	r2, [r3, #10]
 125              	.L9:
 208:Service/Srv_DataHub.c ****         SrvDataHub_Monitor.data.relative_alt = DataPipe_DataObj(Hub_Alt).pos;
 126              		.loc 1 208 9 is_stmt 1 view .LVU27
 208:Service/Srv_DataHub.c ****         SrvDataHub_Monitor.data.relative_alt = DataPipe_DataObj(Hub_Alt).pos;
 127              		.loc 1 208 78 is_stmt 0 view .LVU28
 128 0024 094A     		ldr	r2, .L11+8
 129 0026 5168     		ldr	r1, [r2, #4]
 208:Service/Srv_DataHub.c ****         SrvDataHub_Monitor.data.relative_alt = DataPipe_DataObj(Hub_Alt).pos;
 130              		.loc 1 208 51 view .LVU29
 131 0028 074B     		ldr	r3, .L11+4
 132 002a C3F8D410 		str	r1, [r3, #212]
 209:Service/Srv_DataHub.c ****         SrvDataHub_Monitor.data.relative_vertical_speed = DataPipe_DataObj(Hub_Alt).vel;
 133              		.loc 1 209 9 is_stmt 1 view .LVU30
 209:Service/Srv_DataHub.c ****         SrvDataHub_Monitor.data.relative_vertical_speed = DataPipe_DataObj(Hub_Alt).vel;
 134              		.loc 1 209 73 is_stmt 0 view .LVU31
 135 002e 9168     		ldr	r1, [r2, #8]	@ float
 209:Service/Srv_DataHub.c ****         SrvDataHub_Monitor.data.relative_vertical_speed = DataPipe_DataObj(Hub_Alt).vel;
 136              		.loc 1 209 46 view .LVU32
 137 0030 C3F8D810 		str	r1, [r3, #216]	@ float
 210:Service/Srv_DataHub.c **** 
 138              		.loc 1 210 9 is_stmt 1 view .LVU33
 210:Service/Srv_DataHub.c **** 
 139              		.loc 1 210 84 is_stmt 0 view .LVU34
 140 0034 D268     		ldr	r2, [r2, #12]	@ float
 210:Service/Srv_DataHub.c **** 
 141              		.loc 1 210 57 view .LVU35
 142 0036 C3F8DC20 		str	r2, [r3, #220]	@ float
 212:Service/Srv_DataHub.c ****     }
 143              		.loc 1 212 9 is_stmt 1 view .LVU36
 212:Service/Srv_DataHub.c ****     }
 144              		.loc 1 212 56 is_stmt 0 view .LVU37
 145 003a 9A7C     		ldrb	r2, [r3, #18]	@ zero_extendqisi2
 146 003c 6FF34512 		bfc	r2, #5, #1
 147 0040 9A74     		strb	r2, [r3, #18]
 148              		.loc 1 214 1 view .LVU38
 149 0042 E0E7     		b	.L7
 150              	.L12:
 151              		.align	2
 152              	.L11:
 153 0044 00000000 		.word	Altitude_hub_DataPipe
 154 0048 00000000 		.word	.LANCHOR0
 155 004c 00000000 		.word	.LANCHOR1
 156              		.cfi_endproc
 157              	.LFE150:
 159              		.section	.text.SrvDataHub_Baro_DataPipe_Finish_Callback,"ax",%progbits
 160              		.align	1
ARM GAS  C:\Users\HUAV\AppData\Local\Temp\cc14JS73.s 			page 8


 161              		.syntax unified
 162              		.thumb
 163              		.thumb_func
 165              	SrvDataHub_Baro_DataPipe_Finish_Callback:
 166              	.LVL2:
 167              	.LFB151:
 215:Service/Srv_DataHub.c **** 
 216:Service/Srv_DataHub.c **** static void SrvDataHub_Baro_DataPipe_Finish_Callback(DataPipeObj_TypeDef *obj)
 217:Service/Srv_DataHub.c **** {
 168              		.loc 1 217 1 is_stmt 1 view -0
 169              		.cfi_startproc
 170              		@ args = 0, pretend = 0, frame = 0
 171              		@ frame_needed = 0, uses_anonymous_args = 0
 172              		@ link register save eliminated.
 218:Service/Srv_DataHub.c ****     if(obj == &Baro_hub_DataPipe)
 173              		.loc 1 218 5 view .LVU40
 174              		.loc 1 218 7 is_stmt 0 view .LVU41
 175 0000 154B     		ldr	r3, .L17
 176 0002 8342     		cmp	r3, r0
 177 0004 00D0     		beq	.L16
 178              	.L13:
 219:Service/Srv_DataHub.c ****     {
 220:Service/Srv_DataHub.c ****         SrvDataHub_Monitor.update_reg.bit.scaled_baro = true;
 221:Service/Srv_DataHub.c ****     
 222:Service/Srv_DataHub.c ****         if(SrvDataHub_Monitor.inuse_reg.bit.scaled_baro)
 223:Service/Srv_DataHub.c ****             SrvDataHub_Monitor.inuse_reg.bit.scaled_baro = false;
 224:Service/Srv_DataHub.c **** 
 225:Service/Srv_DataHub.c ****         SrvDataHub_Monitor.data.baro_update_time = DataPipe_DataObj(Hub_Baro_Data).data.time_stamp;
 226:Service/Srv_DataHub.c ****         SrvDataHub_Monitor.data.baro_alt = DataPipe_DataObj(Hub_Baro_Data).data.pressure_alt;
 227:Service/Srv_DataHub.c ****         SrvDataHub_Monitor.data.baro_alt_offset = DataPipe_DataObj(Hub_Baro_Data).data.pressure_alt
 228:Service/Srv_DataHub.c ****         SrvDataHub_Monitor.data.baro_pressure = DataPipe_DataObj(Hub_Baro_Data).data.pressure;
 229:Service/Srv_DataHub.c ****         SrvDataHub_Monitor.data.baro_tempra = DataPipe_DataObj(Hub_Baro_Data).data.tempra;
 230:Service/Srv_DataHub.c ****         SrvDataHub_Monitor.data.baro_error_code = DataPipe_DataObj(Hub_Baro_Data).data.error_code;
 231:Service/Srv_DataHub.c **** 
 232:Service/Srv_DataHub.c ****         SrvDataHub_Monitor.update_reg.bit.scaled_baro = false;
 233:Service/Srv_DataHub.c ****     }
 234:Service/Srv_DataHub.c **** }
 179              		.loc 1 234 1 view .LVU42
 180 0006 7047     		bx	lr
 181              	.L16:
 220:Service/Srv_DataHub.c ****     
 182              		.loc 1 220 9 is_stmt 1 view .LVU43
 220:Service/Srv_DataHub.c ****     
 183              		.loc 1 220 55 is_stmt 0 view .LVU44
 184 0008 144B     		ldr	r3, .L17+4
 185 000a 1A7C     		ldrb	r2, [r3, #16]	@ zero_extendqisi2
 186 000c 42F04002 		orr	r2, r2, #64
 187 0010 1A74     		strb	r2, [r3, #16]
 222:Service/Srv_DataHub.c ****             SrvDataHub_Monitor.inuse_reg.bit.scaled_baro = false;
 188              		.loc 1 222 9 is_stmt 1 view .LVU45
 222:Service/Srv_DataHub.c ****             SrvDataHub_Monitor.inuse_reg.bit.scaled_baro = false;
 189              		.loc 1 222 12 is_stmt 0 view .LVU46
 190 0012 1B7A     		ldrb	r3, [r3, #8]	@ zero_extendqisi2
 222:Service/Srv_DataHub.c ****             SrvDataHub_Monitor.inuse_reg.bit.scaled_baro = false;
 191              		.loc 1 222 11 view .LVU47
 192 0014 13F0400F 		tst	r3, #64
 193 0018 04D0     		beq	.L15
ARM GAS  C:\Users\HUAV\AppData\Local\Temp\cc14JS73.s 			page 9


 223:Service/Srv_DataHub.c **** 
 194              		.loc 1 223 13 is_stmt 1 view .LVU48
 223:Service/Srv_DataHub.c **** 
 195              		.loc 1 223 58 is_stmt 0 view .LVU49
 196 001a 104B     		ldr	r3, .L17+4
 197 001c 1A7A     		ldrb	r2, [r3, #8]	@ zero_extendqisi2
 198 001e 6FF38612 		bfc	r2, #6, #1
 199 0022 1A72     		strb	r2, [r3, #8]
 200              	.L15:
 225:Service/Srv_DataHub.c ****         SrvDataHub_Monitor.data.baro_alt = DataPipe_DataObj(Hub_Baro_Data).data.pressure_alt;
 201              		.loc 1 225 9 is_stmt 1 view .LVU50
 225:Service/Srv_DataHub.c ****         SrvDataHub_Monitor.data.baro_alt = DataPipe_DataObj(Hub_Baro_Data).data.pressure_alt;
 202              		.loc 1 225 88 is_stmt 0 view .LVU51
 203 0024 0E4A     		ldr	r2, .L17+8
 204 0026 5169     		ldr	r1, [r2, #20]
 225:Service/Srv_DataHub.c ****         SrvDataHub_Monitor.data.baro_alt = DataPipe_DataObj(Hub_Baro_Data).data.pressure_alt;
 205              		.loc 1 225 50 view .LVU52
 206 0028 0C4B     		ldr	r3, .L17+4
 207 002a C3F89410 		str	r1, [r3, #148]
 226:Service/Srv_DataHub.c ****         SrvDataHub_Monitor.data.baro_alt_offset = DataPipe_DataObj(Hub_Baro_Data).data.pressure_alt
 208              		.loc 1 226 9 is_stmt 1 view .LVU53
 226:Service/Srv_DataHub.c ****         SrvDataHub_Monitor.data.baro_alt_offset = DataPipe_DataObj(Hub_Baro_Data).data.pressure_alt
 209              		.loc 1 226 80 is_stmt 0 view .LVU54
 210 002e 516A     		ldr	r1, [r2, #36]	@ float
 226:Service/Srv_DataHub.c ****         SrvDataHub_Monitor.data.baro_alt_offset = DataPipe_DataObj(Hub_Baro_Data).data.pressure_alt
 211              		.loc 1 226 42 view .LVU55
 212 0030 C3F89C10 		str	r1, [r3, #156]	@ float
 227:Service/Srv_DataHub.c ****         SrvDataHub_Monitor.data.baro_pressure = DataPipe_DataObj(Hub_Baro_Data).data.pressure;
 213              		.loc 1 227 9 is_stmt 1 view .LVU56
 227:Service/Srv_DataHub.c ****         SrvDataHub_Monitor.data.baro_pressure = DataPipe_DataObj(Hub_Baro_Data).data.pressure;
 214              		.loc 1 227 87 is_stmt 0 view .LVU57
 215 0034 916A     		ldr	r1, [r2, #40]	@ float
 227:Service/Srv_DataHub.c ****         SrvDataHub_Monitor.data.baro_pressure = DataPipe_DataObj(Hub_Baro_Data).data.pressure;
 216              		.loc 1 227 49 view .LVU58
 217 0036 C3F8A810 		str	r1, [r3, #168]	@ float
 228:Service/Srv_DataHub.c ****         SrvDataHub_Monitor.data.baro_tempra = DataPipe_DataObj(Hub_Baro_Data).data.tempra;
 218              		.loc 1 228 9 is_stmt 1 view .LVU59
 228:Service/Srv_DataHub.c ****         SrvDataHub_Monitor.data.baro_tempra = DataPipe_DataObj(Hub_Baro_Data).data.tempra;
 219              		.loc 1 228 85 is_stmt 0 view .LVU60
 220 003a 116A     		ldr	r1, [r2, #32]	@ float
 228:Service/Srv_DataHub.c ****         SrvDataHub_Monitor.data.baro_tempra = DataPipe_DataObj(Hub_Baro_Data).data.tempra;
 221              		.loc 1 228 47 view .LVU61
 222 003c C3F8A010 		str	r1, [r3, #160]	@ float
 229:Service/Srv_DataHub.c ****         SrvDataHub_Monitor.data.baro_error_code = DataPipe_DataObj(Hub_Baro_Data).data.error_code;
 223              		.loc 1 229 9 is_stmt 1 view .LVU62
 229:Service/Srv_DataHub.c ****         SrvDataHub_Monitor.data.baro_error_code = DataPipe_DataObj(Hub_Baro_Data).data.error_code;
 224              		.loc 1 229 83 is_stmt 0 view .LVU63
 225 0040 D169     		ldr	r1, [r2, #28]	@ float
 229:Service/Srv_DataHub.c ****         SrvDataHub_Monitor.data.baro_error_code = DataPipe_DataObj(Hub_Baro_Data).data.error_code;
 226              		.loc 1 229 45 view .LVU64
 227 0042 C3F8A410 		str	r1, [r3, #164]	@ float
 230:Service/Srv_DataHub.c **** 
 228              		.loc 1 230 9 is_stmt 1 view .LVU65
 230:Service/Srv_DataHub.c **** 
 229              		.loc 1 230 87 is_stmt 0 view .LVU66
 230 0046 92F82C20 		ldrb	r2, [r2, #44]	@ zero_extendqisi2
 230:Service/Srv_DataHub.c **** 
ARM GAS  C:\Users\HUAV\AppData\Local\Temp\cc14JS73.s 			page 10


 231              		.loc 1 230 49 view .LVU67
 232 004a 83F8AC20 		strb	r2, [r3, #172]
 232:Service/Srv_DataHub.c ****     }
 233              		.loc 1 232 9 is_stmt 1 view .LVU68
 232:Service/Srv_DataHub.c ****     }
 234              		.loc 1 232 55 is_stmt 0 view .LVU69
 235 004e 1A7C     		ldrb	r2, [r3, #16]	@ zero_extendqisi2
 236 0050 6FF38612 		bfc	r2, #6, #1
 237 0054 1A74     		strb	r2, [r3, #16]
 238              		.loc 1 234 1 view .LVU70
 239 0056 D6E7     		b	.L13
 240              	.L18:
 241              		.align	2
 242              	.L17:
 243 0058 00000000 		.word	Baro_hub_DataPipe
 244 005c 00000000 		.word	.LANCHOR0
 245 0060 00000000 		.word	.LANCHOR1
 246              		.cfi_endproc
 247              	.LFE151:
 249              		.section	.text.SrvDataHub_Attitude_DataPipe_Finish_Callback,"ax",%progbits
 250              		.align	1
 251              		.syntax unified
 252              		.thumb
 253              		.thumb_func
 255              	SrvDataHub_Attitude_DataPipe_Finish_Callback:
 256              	.LVL3:
 257              	.LFB152:
 235:Service/Srv_DataHub.c **** 
 236:Service/Srv_DataHub.c **** static void SrvDataHub_Attitude_DataPipe_Finish_Callback(DataPipeObj_TypeDef *obj)
 237:Service/Srv_DataHub.c **** {
 258              		.loc 1 237 1 is_stmt 1 view -0
 259              		.cfi_startproc
 260              		@ args = 0, pretend = 0, frame = 0
 261              		@ frame_needed = 0, uses_anonymous_args = 0
 262              		@ link register save eliminated.
 238:Service/Srv_DataHub.c ****     if(obj == &Attitude_hub_DataPipe)
 263              		.loc 1 238 5 view .LVU72
 264              		.loc 1 238 7 is_stmt 0 view .LVU73
 265 0000 1C4B     		ldr	r3, .L23
 266 0002 8342     		cmp	r3, r0
 267 0004 00D0     		beq	.L22
 268              	.L19:
 239:Service/Srv_DataHub.c ****     {
 240:Service/Srv_DataHub.c ****         SrvDataHub_Monitor.update_reg.bit.attitude = true;
 241:Service/Srv_DataHub.c **** 
 242:Service/Srv_DataHub.c ****         if(SrvDataHub_Monitor.inuse_reg.bit.attitude)
 243:Service/Srv_DataHub.c ****             SrvDataHub_Monitor.inuse_reg.bit.attitude = false;
 244:Service/Srv_DataHub.c **** 
 245:Service/Srv_DataHub.c ****         SrvDataHub_Monitor.data.att_update_time = DataPipe_DataObj(Hub_Attitude).time_stamp;
 246:Service/Srv_DataHub.c ****         SrvDataHub_Monitor.data.att_pitch = DataPipe_DataObj(Hub_Attitude).pitch;
 247:Service/Srv_DataHub.c ****         SrvDataHub_Monitor.data.att_roll = DataPipe_DataObj(Hub_Attitude).roll;
 248:Service/Srv_DataHub.c ****         SrvDataHub_Monitor.data.att_yaw = DataPipe_DataObj(Hub_Attitude).yaw;
 249:Service/Srv_DataHub.c ****         SrvDataHub_Monitor.data.att_q0 = DataPipe_DataObj(Hub_Attitude).q0;
 250:Service/Srv_DataHub.c ****         SrvDataHub_Monitor.data.att_q1 = DataPipe_DataObj(Hub_Attitude).q1;
 251:Service/Srv_DataHub.c ****         SrvDataHub_Monitor.data.att_q2 = DataPipe_DataObj(Hub_Attitude).q2;
 252:Service/Srv_DataHub.c ****         SrvDataHub_Monitor.data.att_q3 = DataPipe_DataObj(Hub_Attitude).q3;
 253:Service/Srv_DataHub.c ****         SrvDataHub_Monitor.data.att_flip_over = DataPipe_DataObj(Hub_Attitude).flip_over;
ARM GAS  C:\Users\HUAV\AppData\Local\Temp\cc14JS73.s 			page 11


 254:Service/Srv_DataHub.c ****         SrvDataHub_Monitor.data.att_error_code = DataPipe_DataObj(Hub_Attitude).err_code;
 255:Service/Srv_DataHub.c ****     
 256:Service/Srv_DataHub.c ****         SrvDataHub_Monitor.update_reg.bit.attitude = false;
 257:Service/Srv_DataHub.c ****     }
 258:Service/Srv_DataHub.c **** }
 269              		.loc 1 258 1 view .LVU74
 270 0006 7047     		bx	lr
 271              	.L22:
 240:Service/Srv_DataHub.c **** 
 272              		.loc 1 240 9 is_stmt 1 view .LVU75
 240:Service/Srv_DataHub.c **** 
 273              		.loc 1 240 52 is_stmt 0 view .LVU76
 274 0008 1B4B     		ldr	r3, .L23+4
 275 000a 9A7C     		ldrb	r2, [r3, #18]	@ zero_extendqisi2
 276 000c 42F01002 		orr	r2, r2, #16
 277 0010 9A74     		strb	r2, [r3, #18]
 242:Service/Srv_DataHub.c ****             SrvDataHub_Monitor.inuse_reg.bit.attitude = false;
 278              		.loc 1 242 9 is_stmt 1 view .LVU77
 242:Service/Srv_DataHub.c ****             SrvDataHub_Monitor.inuse_reg.bit.attitude = false;
 279              		.loc 1 242 12 is_stmt 0 view .LVU78
 280 0012 9B7A     		ldrb	r3, [r3, #10]	@ zero_extendqisi2
 242:Service/Srv_DataHub.c ****             SrvDataHub_Monitor.inuse_reg.bit.attitude = false;
 281              		.loc 1 242 11 view .LVU79
 282 0014 13F0100F 		tst	r3, #16
 283 0018 04D0     		beq	.L21
 243:Service/Srv_DataHub.c **** 
 284              		.loc 1 243 13 is_stmt 1 view .LVU80
 243:Service/Srv_DataHub.c **** 
 285              		.loc 1 243 55 is_stmt 0 view .LVU81
 286 001a 174B     		ldr	r3, .L23+4
 287 001c 9A7A     		ldrb	r2, [r3, #10]	@ zero_extendqisi2
 288 001e 6FF30412 		bfc	r2, #4, #1
 289 0022 9A72     		strb	r2, [r3, #10]
 290              	.L21:
 245:Service/Srv_DataHub.c ****         SrvDataHub_Monitor.data.att_pitch = DataPipe_DataObj(Hub_Attitude).pitch;
 291              		.loc 1 245 9 is_stmt 1 view .LVU82
 245:Service/Srv_DataHub.c ****         SrvDataHub_Monitor.data.att_pitch = DataPipe_DataObj(Hub_Attitude).pitch;
 292              		.loc 1 245 81 is_stmt 0 view .LVU83
 293 0024 154A     		ldr	r2, .L23+8
 294 0026 116B     		ldr	r1, [r2, #48]
 245:Service/Srv_DataHub.c ****         SrvDataHub_Monitor.data.att_pitch = DataPipe_DataObj(Hub_Attitude).pitch;
 295              		.loc 1 245 49 view .LVU84
 296 0028 134B     		ldr	r3, .L23+4
 297 002a C3F8B010 		str	r1, [r3, #176]
 246:Service/Srv_DataHub.c ****         SrvDataHub_Monitor.data.att_roll = DataPipe_DataObj(Hub_Attitude).roll;
 298              		.loc 1 246 9 is_stmt 1 view .LVU85
 246:Service/Srv_DataHub.c ****         SrvDataHub_Monitor.data.att_roll = DataPipe_DataObj(Hub_Attitude).roll;
 299              		.loc 1 246 75 is_stmt 0 view .LVU86
 300 002e 516B     		ldr	r1, [r2, #52]	@ float
 246:Service/Srv_DataHub.c ****         SrvDataHub_Monitor.data.att_roll = DataPipe_DataObj(Hub_Attitude).roll;
 301              		.loc 1 246 43 view .LVU87
 302 0030 C3F8B810 		str	r1, [r3, #184]	@ float
 247:Service/Srv_DataHub.c ****         SrvDataHub_Monitor.data.att_yaw = DataPipe_DataObj(Hub_Attitude).yaw;
 303              		.loc 1 247 9 is_stmt 1 view .LVU88
 247:Service/Srv_DataHub.c ****         SrvDataHub_Monitor.data.att_yaw = DataPipe_DataObj(Hub_Attitude).yaw;
 304              		.loc 1 247 74 is_stmt 0 view .LVU89
 305 0034 916B     		ldr	r1, [r2, #56]	@ float
ARM GAS  C:\Users\HUAV\AppData\Local\Temp\cc14JS73.s 			page 12


 247:Service/Srv_DataHub.c ****         SrvDataHub_Monitor.data.att_yaw = DataPipe_DataObj(Hub_Attitude).yaw;
 306              		.loc 1 247 42 view .LVU90
 307 0036 C3F8B410 		str	r1, [r3, #180]	@ float
 248:Service/Srv_DataHub.c ****         SrvDataHub_Monitor.data.att_q0 = DataPipe_DataObj(Hub_Attitude).q0;
 308              		.loc 1 248 9 is_stmt 1 view .LVU91
 248:Service/Srv_DataHub.c ****         SrvDataHub_Monitor.data.att_q0 = DataPipe_DataObj(Hub_Attitude).q0;
 309              		.loc 1 248 73 is_stmt 0 view .LVU92
 310 003a D16B     		ldr	r1, [r2, #60]	@ float
 248:Service/Srv_DataHub.c ****         SrvDataHub_Monitor.data.att_q0 = DataPipe_DataObj(Hub_Attitude).q0;
 311              		.loc 1 248 41 view .LVU93
 312 003c C3F8BC10 		str	r1, [r3, #188]	@ float
 249:Service/Srv_DataHub.c ****         SrvDataHub_Monitor.data.att_q1 = DataPipe_DataObj(Hub_Attitude).q1;
 313              		.loc 1 249 9 is_stmt 1 view .LVU94
 249:Service/Srv_DataHub.c ****         SrvDataHub_Monitor.data.att_q1 = DataPipe_DataObj(Hub_Attitude).q1;
 314              		.loc 1 249 72 is_stmt 0 view .LVU95
 315 0040 116C     		ldr	r1, [r2, #64]	@ float
 249:Service/Srv_DataHub.c ****         SrvDataHub_Monitor.data.att_q1 = DataPipe_DataObj(Hub_Attitude).q1;
 316              		.loc 1 249 40 view .LVU96
 317 0042 C3F8C010 		str	r1, [r3, #192]	@ float
 250:Service/Srv_DataHub.c ****         SrvDataHub_Monitor.data.att_q2 = DataPipe_DataObj(Hub_Attitude).q2;
 318              		.loc 1 250 9 is_stmt 1 view .LVU97
 250:Service/Srv_DataHub.c ****         SrvDataHub_Monitor.data.att_q2 = DataPipe_DataObj(Hub_Attitude).q2;
 319              		.loc 1 250 72 is_stmt 0 view .LVU98
 320 0046 516C     		ldr	r1, [r2, #68]	@ float
 250:Service/Srv_DataHub.c ****         SrvDataHub_Monitor.data.att_q2 = DataPipe_DataObj(Hub_Attitude).q2;
 321              		.loc 1 250 40 view .LVU99
 322 0048 C3F8C410 		str	r1, [r3, #196]	@ float
 251:Service/Srv_DataHub.c ****         SrvDataHub_Monitor.data.att_q3 = DataPipe_DataObj(Hub_Attitude).q3;
 323              		.loc 1 251 9 is_stmt 1 view .LVU100
 251:Service/Srv_DataHub.c ****         SrvDataHub_Monitor.data.att_q3 = DataPipe_DataObj(Hub_Attitude).q3;
 324              		.loc 1 251 72 is_stmt 0 view .LVU101
 325 004c 916C     		ldr	r1, [r2, #72]	@ float
 251:Service/Srv_DataHub.c ****         SrvDataHub_Monitor.data.att_q3 = DataPipe_DataObj(Hub_Attitude).q3;
 326              		.loc 1 251 40 view .LVU102
 327 004e C3F8C810 		str	r1, [r3, #200]	@ float
 252:Service/Srv_DataHub.c ****         SrvDataHub_Monitor.data.att_flip_over = DataPipe_DataObj(Hub_Attitude).flip_over;
 328              		.loc 1 252 9 is_stmt 1 view .LVU103
 252:Service/Srv_DataHub.c ****         SrvDataHub_Monitor.data.att_flip_over = DataPipe_DataObj(Hub_Attitude).flip_over;
 329              		.loc 1 252 72 is_stmt 0 view .LVU104
 330 0052 D16C     		ldr	r1, [r2, #76]	@ float
 252:Service/Srv_DataHub.c ****         SrvDataHub_Monitor.data.att_flip_over = DataPipe_DataObj(Hub_Attitude).flip_over;
 331              		.loc 1 252 40 view .LVU105
 332 0054 C3F8CC10 		str	r1, [r3, #204]	@ float
 253:Service/Srv_DataHub.c ****         SrvDataHub_Monitor.data.att_error_code = DataPipe_DataObj(Hub_Attitude).err_code;
 333              		.loc 1 253 9 is_stmt 1 view .LVU106
 253:Service/Srv_DataHub.c ****         SrvDataHub_Monitor.data.att_error_code = DataPipe_DataObj(Hub_Attitude).err_code;
 334              		.loc 1 253 79 is_stmt 0 view .LVU107
 335 0058 92F85010 		ldrb	r1, [r2, #80]	@ zero_extendqisi2
 253:Service/Srv_DataHub.c ****         SrvDataHub_Monitor.data.att_error_code = DataPipe_DataObj(Hub_Attitude).err_code;
 336              		.loc 1 253 47 view .LVU108
 337 005c 83F8D010 		strb	r1, [r3, #208]
 254:Service/Srv_DataHub.c ****     
 338              		.loc 1 254 9 is_stmt 1 view .LVU109
 254:Service/Srv_DataHub.c ****     
 339              		.loc 1 254 80 is_stmt 0 view .LVU110
 340 0060 92F85120 		ldrb	r2, [r2, #81]	@ zero_extendqisi2
 254:Service/Srv_DataHub.c ****     
ARM GAS  C:\Users\HUAV\AppData\Local\Temp\cc14JS73.s 			page 13


 341              		.loc 1 254 48 view .LVU111
 342 0064 83F8D120 		strb	r2, [r3, #209]
 256:Service/Srv_DataHub.c ****     }
 343              		.loc 1 256 9 is_stmt 1 view .LVU112
 256:Service/Srv_DataHub.c ****     }
 344              		.loc 1 256 52 is_stmt 0 view .LVU113
 345 0068 9A7C     		ldrb	r2, [r3, #18]	@ zero_extendqisi2
 346 006a 6FF30412 		bfc	r2, #4, #1
 347 006e 9A74     		strb	r2, [r3, #18]
 348              		.loc 1 258 1 view .LVU114
 349 0070 C9E7     		b	.L19
 350              	.L24:
 351 0072 00BF     		.align	2
 352              	.L23:
 353 0074 00000000 		.word	Attitude_hub_DataPipe
 354 0078 00000000 		.word	.LANCHOR0
 355 007c 00000000 		.word	.LANCHOR1
 356              		.cfi_endproc
 357              	.LFE152:
 359              		.section	.text.SrvDataHub_IMU_Range_DataPipe_Finish_Callback,"ax",%progbits
 360              		.align	1
 361              		.syntax unified
 362              		.thumb
 363              		.thumb_func
 365              	SrvDataHub_IMU_Range_DataPipe_Finish_Callback:
 366              	.LVL4:
 367              	.LFB154:
 259:Service/Srv_DataHub.c **** 
 260:Service/Srv_DataHub.c **** static void SrvDataHub_Actuator_DataPipe_Finish_Callback(DataPipeObj_TypeDef *obj)
 261:Service/Srv_DataHub.c **** {
 262:Service/Srv_DataHub.c ****     if (obj == &Actuator_hub_DataPipe)
 263:Service/Srv_DataHub.c ****     {
 264:Service/Srv_DataHub.c ****         SrvDataHub_Monitor.update_reg.bit.actuator = true;
 265:Service/Srv_DataHub.c **** 
 266:Service/Srv_DataHub.c ****         if (SrvDataHub_Monitor.inuse_reg.bit.actuator)
 267:Service/Srv_DataHub.c ****             SrvDataHub_Monitor.inuse_reg.bit.actuator = false;
 268:Service/Srv_DataHub.c **** 
 269:Service/Srv_DataHub.c ****         SrvDataHub_Monitor.data.actuator_update_time = DataPipe_DataObj(Hub_Actuator).time_stamp;
 270:Service/Srv_DataHub.c ****         SrvDataHub_Monitor.data.moto_num = DataPipe_DataObj(Hub_Actuator).moto_cnt;
 271:Service/Srv_DataHub.c ****         SrvDataHub_Monitor.data.servo_num = DataPipe_DataObj(Hub_Actuator).servo_cnt;
 272:Service/Srv_DataHub.c **** 
 273:Service/Srv_DataHub.c ****         memset(SrvDataHub_Monitor.data.moto, 0, sizeof(SrvDataHub_Monitor.data.moto));
 274:Service/Srv_DataHub.c ****         memset(SrvDataHub_Monitor.data.servo, 0, sizeof(SrvDataHub_Monitor.data.servo));
 275:Service/Srv_DataHub.c **** 
 276:Service/Srv_DataHub.c ****         for (uint8_t moto_i = 0; moto_i < SrvDataHub_Monitor.data.moto_num; moto_i++)
 277:Service/Srv_DataHub.c ****         {
 278:Service/Srv_DataHub.c ****             SrvDataHub_Monitor.data.moto[moto_i] = DataPipe_DataObj(Hub_Actuator).moto[moto_i];
 279:Service/Srv_DataHub.c ****         }
 280:Service/Srv_DataHub.c **** 
 281:Service/Srv_DataHub.c ****         for (uint8_t servo_i = 0; servo_i < SrvDataHub_Monitor.data.servo_num; servo_i++)
 282:Service/Srv_DataHub.c ****         {
 283:Service/Srv_DataHub.c ****             SrvDataHub_Monitor.data.servo[servo_i] = DataPipe_DataObj(Hub_Actuator).servo[servo_i];
 284:Service/Srv_DataHub.c ****         }
 285:Service/Srv_DataHub.c **** 
 286:Service/Srv_DataHub.c ****         SrvDataHub_Monitor.update_reg.bit.actuator = false;
 287:Service/Srv_DataHub.c ****     }
 288:Service/Srv_DataHub.c **** }
ARM GAS  C:\Users\HUAV\AppData\Local\Temp\cc14JS73.s 			page 14


 289:Service/Srv_DataHub.c **** 
 290:Service/Srv_DataHub.c **** static void SrvDataHub_IMU_Range_DataPipe_Finish_Callback(DataPipeObj_TypeDef *obj)
 291:Service/Srv_DataHub.c **** {
 368              		.loc 1 291 1 is_stmt 1 view -0
 369              		.cfi_startproc
 370              		@ args = 0, pretend = 0, frame = 0
 371              		@ frame_needed = 0, uses_anonymous_args = 0
 372              		@ link register save eliminated.
 292:Service/Srv_DataHub.c ****     if(obj == &IMU_PriRange_hub_DataPipe)
 373              		.loc 1 292 5 view .LVU116
 374              		.loc 1 292 7 is_stmt 0 view .LVU117
 375 0000 0F4B     		ldr	r3, .L29
 376 0002 8342     		cmp	r3, r0
 377 0004 00D0     		beq	.L28
 378              	.L25:
 293:Service/Srv_DataHub.c ****     {
 294:Service/Srv_DataHub.c ****         SrvDataHub_Monitor.update_reg.bit.range_imu = true;
 295:Service/Srv_DataHub.c ****         if(SrvDataHub_Monitor.inuse_reg.bit.range_imu)
 296:Service/Srv_DataHub.c ****             SrvDataHub_Monitor.inuse_reg.bit.range_imu = false;
 297:Service/Srv_DataHub.c **** 
 298:Service/Srv_DataHub.c ****         SrvDataHub_Monitor.data.pri_acc_range = DataPipe_DataObj(Hub_PriIMU_Range).Acc;
 299:Service/Srv_DataHub.c ****         SrvDataHub_Monitor.data.pri_gyr_range = DataPipe_DataObj(Hub_PriIMU_Range).Gyr;
 300:Service/Srv_DataHub.c **** 
 301:Service/Srv_DataHub.c ****         SrvDataHub_Monitor.update_reg.bit.range_imu = false;
 302:Service/Srv_DataHub.c ****     }
 303:Service/Srv_DataHub.c **** #if (IMU_SUM == 2)
 304:Service/Srv_DataHub.c ****     else if(obj == &IMU_SecRange_hub_DataPipe)
 305:Service/Srv_DataHub.c ****     {
 306:Service/Srv_DataHub.c ****         SrvDataHub_Monitor.update_reg.bit.range_imu = true;
 307:Service/Srv_DataHub.c ****         if(SrvDataHub_Monitor.inuse_reg.bit.range_imu)
 308:Service/Srv_DataHub.c ****             SrvDataHub_Monitor.inuse_reg.bit.range_imu = false;
 309:Service/Srv_DataHub.c **** 
 310:Service/Srv_DataHub.c ****         SrvDataHub_Monitor.data.sec_acc_range = DataPipe_DataObj(Hub_SecIMU_Range).Acc;
 311:Service/Srv_DataHub.c ****         SrvDataHub_Monitor.data.sec_gyr_range = DataPipe_DataObj(Hub_SecIMU_Range).Gyr;
 312:Service/Srv_DataHub.c ****     
 313:Service/Srv_DataHub.c ****         SrvDataHub_Monitor.update_reg.bit.range_imu = false;
 314:Service/Srv_DataHub.c ****     }
 315:Service/Srv_DataHub.c **** #endif
 316:Service/Srv_DataHub.c **** }
 379              		.loc 1 316 1 view .LVU118
 380 0006 7047     		bx	lr
 381              	.L28:
 294:Service/Srv_DataHub.c ****         if(SrvDataHub_Monitor.inuse_reg.bit.range_imu)
 382              		.loc 1 294 9 is_stmt 1 view .LVU119
 294:Service/Srv_DataHub.c ****         if(SrvDataHub_Monitor.inuse_reg.bit.range_imu)
 383              		.loc 1 294 53 is_stmt 0 view .LVU120
 384 0008 0E4B     		ldr	r3, .L29+4
 385 000a 1A7C     		ldrb	r2, [r3, #16]	@ zero_extendqisi2
 386 000c 42F00402 		orr	r2, r2, #4
 387 0010 1A74     		strb	r2, [r3, #16]
 295:Service/Srv_DataHub.c ****             SrvDataHub_Monitor.inuse_reg.bit.range_imu = false;
 388              		.loc 1 295 9 is_stmt 1 view .LVU121
 295:Service/Srv_DataHub.c ****             SrvDataHub_Monitor.inuse_reg.bit.range_imu = false;
 389              		.loc 1 295 12 is_stmt 0 view .LVU122
 390 0012 1B7A     		ldrb	r3, [r3, #8]	@ zero_extendqisi2
 295:Service/Srv_DataHub.c ****             SrvDataHub_Monitor.inuse_reg.bit.range_imu = false;
 391              		.loc 1 295 11 view .LVU123
ARM GAS  C:\Users\HUAV\AppData\Local\Temp\cc14JS73.s 			page 15


 392 0014 13F0040F 		tst	r3, #4
 393 0018 04D0     		beq	.L27
 296:Service/Srv_DataHub.c **** 
 394              		.loc 1 296 13 is_stmt 1 view .LVU124
 296:Service/Srv_DataHub.c **** 
 395              		.loc 1 296 56 is_stmt 0 view .LVU125
 396 001a 0A4B     		ldr	r3, .L29+4
 397 001c 1A7A     		ldrb	r2, [r3, #8]	@ zero_extendqisi2
 398 001e 6FF38202 		bfc	r2, #2, #1
 399 0022 1A72     		strb	r2, [r3, #8]
 400              	.L27:
 298:Service/Srv_DataHub.c ****         SrvDataHub_Monitor.data.pri_gyr_range = DataPipe_DataObj(Hub_PriIMU_Range).Gyr;
 401              		.loc 1 298 9 is_stmt 1 view .LVU126
 298:Service/Srv_DataHub.c ****         SrvDataHub_Monitor.data.pri_gyr_range = DataPipe_DataObj(Hub_PriIMU_Range).Gyr;
 402              		.loc 1 298 83 is_stmt 0 view .LVU127
 403 0024 084A     		ldr	r2, .L29+8
 404 0026 92F85410 		ldrb	r1, [r2, #84]	@ zero_extendqisi2
 298:Service/Srv_DataHub.c ****         SrvDataHub_Monitor.data.pri_gyr_range = DataPipe_DataObj(Hub_PriIMU_Range).Gyr;
 405              		.loc 1 298 47 view .LVU128
 406 002a 064B     		ldr	r3, .L29+4
 407 002c 83F82A10 		strb	r1, [r3, #42]
 299:Service/Srv_DataHub.c **** 
 408              		.loc 1 299 9 is_stmt 1 view .LVU129
 299:Service/Srv_DataHub.c **** 
 409              		.loc 1 299 83 is_stmt 0 view .LVU130
 410 0030 B2F85620 		ldrh	r2, [r2, #86]
 299:Service/Srv_DataHub.c **** 
 411              		.loc 1 299 47 view .LVU131
 412 0034 9A85     		strh	r2, [r3, #44]	@ movhi
 301:Service/Srv_DataHub.c ****     }
 413              		.loc 1 301 9 is_stmt 1 view .LVU132
 301:Service/Srv_DataHub.c ****     }
 414              		.loc 1 301 53 is_stmt 0 view .LVU133
 415 0036 1A7C     		ldrb	r2, [r3, #16]	@ zero_extendqisi2
 416 0038 6FF38202 		bfc	r2, #2, #1
 417 003c 1A74     		strb	r2, [r3, #16]
 418              		.loc 1 316 1 view .LVU134
 419 003e E2E7     		b	.L25
 420              	.L30:
 421              		.align	2
 422              	.L29:
 423 0040 00000000 		.word	IMU_PriRange_hub_DataPipe
 424 0044 00000000 		.word	.LANCHOR0
 425 0048 00000000 		.word	.LANCHOR1
 426              		.cfi_endproc
 427              	.LFE154:
 429              		.section	.text.SrvDataHub_IMU_DataPipe_Finish_Callback,"ax",%progbits
 430              		.align	1
 431              		.syntax unified
 432              		.thumb
 433              		.thumb_func
 435              	SrvDataHub_IMU_DataPipe_Finish_Callback:
 436              	.LVL5:
 437              	.LFB155:
 317:Service/Srv_DataHub.c **** 
 318:Service/Srv_DataHub.c **** static void SrvDataHub_IMU_DataPipe_Finish_Callback(DataPipeObj_TypeDef *obj)
 319:Service/Srv_DataHub.c **** {
ARM GAS  C:\Users\HUAV\AppData\Local\Temp\cc14JS73.s 			page 16


 438              		.loc 1 319 1 is_stmt 1 view -0
 439              		.cfi_startproc
 440              		@ args = 0, pretend = 0, frame = 0
 441              		@ frame_needed = 0, uses_anonymous_args = 0
 442              		@ link register save eliminated.
 320:Service/Srv_DataHub.c ****     if (obj == &IMU_hub_DataPipe)
 443              		.loc 1 320 5 view .LVU136
 444              		.loc 1 320 8 is_stmt 0 view .LVU137
 445 0000 264B     		ldr	r3, .L35
 446 0002 8342     		cmp	r3, r0
 447 0004 00D0     		beq	.L34
 448              	.L31:
 321:Service/Srv_DataHub.c ****     {
 322:Service/Srv_DataHub.c ****         SrvDataHub_Monitor.update_reg.bit.raw_imu = true;
 323:Service/Srv_DataHub.c ****         SrvDataHub_Monitor.update_reg.bit.scaled_imu = true;
 324:Service/Srv_DataHub.c **** 
 325:Service/Srv_DataHub.c ****         if (SrvDataHub_Monitor.inuse_reg.bit.raw_imu)
 326:Service/Srv_DataHub.c ****             SrvDataHub_Monitor.inuse_reg.bit.raw_imu = false;
 327:Service/Srv_DataHub.c **** 
 328:Service/Srv_DataHub.c ****         if (SrvDataHub_Monitor.update_reg.bit.scaled_imu)
 329:Service/Srv_DataHub.c ****             SrvDataHub_Monitor.update_reg.bit.scaled_imu = false;
 330:Service/Srv_DataHub.c **** 
 331:Service/Srv_DataHub.c ****         SrvDataHub_Monitor.data.imu_update_time = DataPipe_DataObj(PtlIMU_Data).data.time_stamp;
 332:Service/Srv_DataHub.c ****         SrvDataHub_Monitor.data.acc_scale = DataPipe_DataObj(PtlIMU_Data).data.acc_scale;
 333:Service/Srv_DataHub.c ****         SrvDataHub_Monitor.data.gyr_scale = DataPipe_DataObj(PtlIMU_Data).data.gyr_scale;
 334:Service/Srv_DataHub.c ****         SrvDataHub_Monitor.data.imu_temp = DataPipe_DataObj(PtlIMU_Data).data.tempera;
 335:Service/Srv_DataHub.c **** 
 336:Service/Srv_DataHub.c ****         SrvDataHub_Monitor.data.flt_acc_x = DataPipe_DataObj(PtlIMU_Data).data.flt_acc[Axis_X];
 337:Service/Srv_DataHub.c ****         SrvDataHub_Monitor.data.flt_acc_y = DataPipe_DataObj(PtlIMU_Data).data.flt_acc[Axis_Y];
 338:Service/Srv_DataHub.c ****         SrvDataHub_Monitor.data.flt_acc_z = DataPipe_DataObj(PtlIMU_Data).data.flt_acc[Axis_Z];
 339:Service/Srv_DataHub.c **** 
 340:Service/Srv_DataHub.c ****         SrvDataHub_Monitor.data.flt_gyr_x = DataPipe_DataObj(PtlIMU_Data).data.flt_gyr[Axis_X];
 341:Service/Srv_DataHub.c ****         SrvDataHub_Monitor.data.flt_gyr_y = DataPipe_DataObj(PtlIMU_Data).data.flt_gyr[Axis_Y];
 342:Service/Srv_DataHub.c ****         SrvDataHub_Monitor.data.flt_gyr_z = DataPipe_DataObj(PtlIMU_Data).data.flt_gyr[Axis_Z];
 343:Service/Srv_DataHub.c **** 
 344:Service/Srv_DataHub.c ****         SrvDataHub_Monitor.data.org_acc_x = DataPipe_DataObj(PtlIMU_Data).data.org_acc[Axis_X];
 345:Service/Srv_DataHub.c ****         SrvDataHub_Monitor.data.org_acc_y = DataPipe_DataObj(PtlIMU_Data).data.org_acc[Axis_Y];
 346:Service/Srv_DataHub.c ****         SrvDataHub_Monitor.data.org_acc_z = DataPipe_DataObj(PtlIMU_Data).data.org_acc[Axis_Z];
 347:Service/Srv_DataHub.c **** 
 348:Service/Srv_DataHub.c ****         SrvDataHub_Monitor.data.org_gyr_x = DataPipe_DataObj(PtlIMU_Data).data.org_gyr[Axis_X];
 349:Service/Srv_DataHub.c ****         SrvDataHub_Monitor.data.org_gyr_y = DataPipe_DataObj(PtlIMU_Data).data.org_gyr[Axis_Y];
 350:Service/Srv_DataHub.c ****         SrvDataHub_Monitor.data.org_gyr_z = DataPipe_DataObj(PtlIMU_Data).data.org_gyr[Axis_Z];
 351:Service/Srv_DataHub.c **** 
 352:Service/Srv_DataHub.c ****         SrvDataHub_Monitor.data.imu_error_code = DataPipe_DataObj(PtlIMU_Data).data.error_code;
 353:Service/Srv_DataHub.c **** 
 354:Service/Srv_DataHub.c ****         SrvDataHub_Monitor.update_reg.bit.raw_imu = false;
 355:Service/Srv_DataHub.c ****         SrvDataHub_Monitor.update_reg.bit.scaled_imu = false;
 356:Service/Srv_DataHub.c ****     }
 357:Service/Srv_DataHub.c **** }
 449              		.loc 1 357 1 view .LVU138
 450 0006 7047     		bx	lr
 451              	.L34:
 322:Service/Srv_DataHub.c ****         SrvDataHub_Monitor.update_reg.bit.scaled_imu = true;
 452              		.loc 1 322 9 is_stmt 1 view .LVU139
 322:Service/Srv_DataHub.c ****         SrvDataHub_Monitor.update_reg.bit.scaled_imu = true;
 453              		.loc 1 322 51 is_stmt 0 view .LVU140
 454 0008 254B     		ldr	r3, .L35+4
ARM GAS  C:\Users\HUAV\AppData\Local\Temp\cc14JS73.s 			page 17


 455 000a 1A7C     		ldrb	r2, [r3, #16]	@ zero_extendqisi2
 456 000c 42F00102 		orr	r2, r2, #1
 457 0010 1A74     		strb	r2, [r3, #16]
 323:Service/Srv_DataHub.c **** 
 458              		.loc 1 323 9 is_stmt 1 view .LVU141
 323:Service/Srv_DataHub.c **** 
 459              		.loc 1 323 54 is_stmt 0 view .LVU142
 460 0012 D2B2     		uxtb	r2, r2
 461 0014 42F00202 		orr	r2, r2, #2
 462 0018 1A74     		strb	r2, [r3, #16]
 325:Service/Srv_DataHub.c ****             SrvDataHub_Monitor.inuse_reg.bit.raw_imu = false;
 463              		.loc 1 325 9 is_stmt 1 view .LVU143
 325:Service/Srv_DataHub.c ****             SrvDataHub_Monitor.inuse_reg.bit.raw_imu = false;
 464              		.loc 1 325 13 is_stmt 0 view .LVU144
 465 001a 1B7A     		ldrb	r3, [r3, #8]	@ zero_extendqisi2
 325:Service/Srv_DataHub.c ****             SrvDataHub_Monitor.inuse_reg.bit.raw_imu = false;
 466              		.loc 1 325 12 view .LVU145
 467 001c 13F0010F 		tst	r3, #1
 468 0020 04D0     		beq	.L33
 326:Service/Srv_DataHub.c **** 
 469              		.loc 1 326 13 is_stmt 1 view .LVU146
 326:Service/Srv_DataHub.c **** 
 470              		.loc 1 326 54 is_stmt 0 view .LVU147
 471 0022 1F4B     		ldr	r3, .L35+4
 472 0024 1A7A     		ldrb	r2, [r3, #8]	@ zero_extendqisi2
 473 0026 6FF30002 		bfc	r2, #0, #1
 474 002a 1A72     		strb	r2, [r3, #8]
 475              	.L33:
 328:Service/Srv_DataHub.c ****             SrvDataHub_Monitor.update_reg.bit.scaled_imu = false;
 476              		.loc 1 328 9 is_stmt 1 view .LVU148
 329:Service/Srv_DataHub.c **** 
 477              		.loc 1 329 13 view .LVU149
 329:Service/Srv_DataHub.c **** 
 478              		.loc 1 329 58 is_stmt 0 view .LVU150
 479 002c 1C4B     		ldr	r3, .L35+4
 480 002e 1A7C     		ldrb	r2, [r3, #16]	@ zero_extendqisi2
 481 0030 6FF34102 		bfc	r2, #1, #1
 482 0034 1A74     		strb	r2, [r3, #16]
 331:Service/Srv_DataHub.c ****         SrvDataHub_Monitor.data.acc_scale = DataPipe_DataObj(PtlIMU_Data).data.acc_scale;
 483              		.loc 1 331 9 is_stmt 1 view .LVU151
 331:Service/Srv_DataHub.c ****         SrvDataHub_Monitor.data.acc_scale = DataPipe_DataObj(PtlIMU_Data).data.acc_scale;
 484              		.loc 1 331 85 is_stmt 0 view .LVU152
 485 0036 1B4A     		ldr	r2, .L35+8
 486 0038 916D     		ldr	r1, [r2, #88]
 331:Service/Srv_DataHub.c ****         SrvDataHub_Monitor.data.acc_scale = DataPipe_DataObj(PtlIMU_Data).data.acc_scale;
 487              		.loc 1 331 49 view .LVU153
 488 003a D961     		str	r1, [r3, #28]
 332:Service/Srv_DataHub.c ****         SrvDataHub_Monitor.data.gyr_scale = DataPipe_DataObj(PtlIMU_Data).data.gyr_scale;
 489              		.loc 1 332 9 is_stmt 1 view .LVU154
 332:Service/Srv_DataHub.c ****         SrvDataHub_Monitor.data.gyr_scale = DataPipe_DataObj(PtlIMU_Data).data.gyr_scale;
 490              		.loc 1 332 79 is_stmt 0 view .LVU155
 491 003c D2F8A010 		ldr	r1, [r2, #160]	@ float
 332:Service/Srv_DataHub.c ****         SrvDataHub_Monitor.data.gyr_scale = DataPipe_DataObj(PtlIMU_Data).data.gyr_scale;
 492              		.loc 1 332 43 view .LVU156
 493 0040 1962     		str	r1, [r3, #32]	@ float
 333:Service/Srv_DataHub.c ****         SrvDataHub_Monitor.data.imu_temp = DataPipe_DataObj(PtlIMU_Data).data.tempera;
 494              		.loc 1 333 9 is_stmt 1 view .LVU157
ARM GAS  C:\Users\HUAV\AppData\Local\Temp\cc14JS73.s 			page 18


 333:Service/Srv_DataHub.c ****         SrvDataHub_Monitor.data.imu_temp = DataPipe_DataObj(PtlIMU_Data).data.tempera;
 495              		.loc 1 333 79 is_stmt 0 view .LVU158
 496 0042 D2F8A410 		ldr	r1, [r2, #164]	@ float
 333:Service/Srv_DataHub.c ****         SrvDataHub_Monitor.data.imu_temp = DataPipe_DataObj(PtlIMU_Data).data.tempera;
 497              		.loc 1 333 43 view .LVU159
 498 0046 5962     		str	r1, [r3, #36]	@ float
 334:Service/Srv_DataHub.c **** 
 499              		.loc 1 334 9 is_stmt 1 view .LVU160
 334:Service/Srv_DataHub.c **** 
 500              		.loc 1 334 78 is_stmt 0 view .LVU161
 501 0048 516E     		ldr	r1, [r2, #100]	@ float
 334:Service/Srv_DataHub.c **** 
 502              		.loc 1 334 42 view .LVU162
 503 004a 5966     		str	r1, [r3, #100]	@ float
 336:Service/Srv_DataHub.c ****         SrvDataHub_Monitor.data.flt_acc_y = DataPipe_DataObj(PtlIMU_Data).data.flt_acc[Axis_Y];
 504              		.loc 1 336 9 is_stmt 1 view .LVU163
 336:Service/Srv_DataHub.c ****         SrvDataHub_Monitor.data.flt_acc_y = DataPipe_DataObj(PtlIMU_Data).data.flt_acc[Axis_Y];
 505              		.loc 1 336 87 is_stmt 0 view .LVU164
 506 004c 516F     		ldr	r1, [r2, #116]	@ float
 336:Service/Srv_DataHub.c ****         SrvDataHub_Monitor.data.flt_acc_y = DataPipe_DataObj(PtlIMU_Data).data.flt_acc[Axis_Y];
 507              		.loc 1 336 43 view .LVU165
 508 004e D964     		str	r1, [r3, #76]	@ float
 337:Service/Srv_DataHub.c ****         SrvDataHub_Monitor.data.flt_acc_z = DataPipe_DataObj(PtlIMU_Data).data.flt_acc[Axis_Z];
 509              		.loc 1 337 9 is_stmt 1 view .LVU166
 337:Service/Srv_DataHub.c ****         SrvDataHub_Monitor.data.flt_acc_z = DataPipe_DataObj(PtlIMU_Data).data.flt_acc[Axis_Z];
 510              		.loc 1 337 87 is_stmt 0 view .LVU167
 511 0050 916F     		ldr	r1, [r2, #120]	@ float
 337:Service/Srv_DataHub.c ****         SrvDataHub_Monitor.data.flt_acc_z = DataPipe_DataObj(PtlIMU_Data).data.flt_acc[Axis_Z];
 512              		.loc 1 337 43 view .LVU168
 513 0052 1965     		str	r1, [r3, #80]	@ float
 338:Service/Srv_DataHub.c **** 
 514              		.loc 1 338 9 is_stmt 1 view .LVU169
 338:Service/Srv_DataHub.c **** 
 515              		.loc 1 338 87 is_stmt 0 view .LVU170
 516 0054 D16F     		ldr	r1, [r2, #124]	@ float
 338:Service/Srv_DataHub.c **** 
 517              		.loc 1 338 43 view .LVU171
 518 0056 5965     		str	r1, [r3, #84]	@ float
 340:Service/Srv_DataHub.c ****         SrvDataHub_Monitor.data.flt_gyr_y = DataPipe_DataObj(PtlIMU_Data).data.flt_gyr[Axis_Y];
 519              		.loc 1 340 9 is_stmt 1 view .LVU172
 340:Service/Srv_DataHub.c ****         SrvDataHub_Monitor.data.flt_gyr_y = DataPipe_DataObj(PtlIMU_Data).data.flt_gyr[Axis_Y];
 520              		.loc 1 340 87 is_stmt 0 view .LVU173
 521 0058 916E     		ldr	r1, [r2, #104]	@ float
 340:Service/Srv_DataHub.c ****         SrvDataHub_Monitor.data.flt_gyr_y = DataPipe_DataObj(PtlIMU_Data).data.flt_gyr[Axis_Y];
 522              		.loc 1 340 43 view .LVU174
 523 005a 5963     		str	r1, [r3, #52]	@ float
 341:Service/Srv_DataHub.c ****         SrvDataHub_Monitor.data.flt_gyr_z = DataPipe_DataObj(PtlIMU_Data).data.flt_gyr[Axis_Z];
 524              		.loc 1 341 9 is_stmt 1 view .LVU175
 341:Service/Srv_DataHub.c ****         SrvDataHub_Monitor.data.flt_gyr_z = DataPipe_DataObj(PtlIMU_Data).data.flt_gyr[Axis_Z];
 525              		.loc 1 341 87 is_stmt 0 view .LVU176
 526 005c D16E     		ldr	r1, [r2, #108]	@ float
 341:Service/Srv_DataHub.c ****         SrvDataHub_Monitor.data.flt_gyr_z = DataPipe_DataObj(PtlIMU_Data).data.flt_gyr[Axis_Z];
 527              		.loc 1 341 43 view .LVU177
 528 005e 9963     		str	r1, [r3, #56]	@ float
 342:Service/Srv_DataHub.c **** 
 529              		.loc 1 342 9 is_stmt 1 view .LVU178
 342:Service/Srv_DataHub.c **** 
ARM GAS  C:\Users\HUAV\AppData\Local\Temp\cc14JS73.s 			page 19


 530              		.loc 1 342 87 is_stmt 0 view .LVU179
 531 0060 116F     		ldr	r1, [r2, #112]	@ float
 342:Service/Srv_DataHub.c **** 
 532              		.loc 1 342 43 view .LVU180
 533 0062 D963     		str	r1, [r3, #60]	@ float
 344:Service/Srv_DataHub.c ****         SrvDataHub_Monitor.data.org_acc_y = DataPipe_DataObj(PtlIMU_Data).data.org_acc[Axis_Y];
 534              		.loc 1 344 9 is_stmt 1 view .LVU181
 344:Service/Srv_DataHub.c ****         SrvDataHub_Monitor.data.org_acc_y = DataPipe_DataObj(PtlIMU_Data).data.org_acc[Axis_Y];
 535              		.loc 1 344 87 is_stmt 0 view .LVU182
 536 0064 D2F88C10 		ldr	r1, [r2, #140]	@ float
 344:Service/Srv_DataHub.c ****         SrvDataHub_Monitor.data.org_acc_y = DataPipe_DataObj(PtlIMU_Data).data.org_acc[Axis_Y];
 537              		.loc 1 344 43 view .LVU183
 538 0068 9965     		str	r1, [r3, #88]	@ float
 345:Service/Srv_DataHub.c ****         SrvDataHub_Monitor.data.org_acc_z = DataPipe_DataObj(PtlIMU_Data).data.org_acc[Axis_Z];
 539              		.loc 1 345 9 is_stmt 1 view .LVU184
 345:Service/Srv_DataHub.c ****         SrvDataHub_Monitor.data.org_acc_z = DataPipe_DataObj(PtlIMU_Data).data.org_acc[Axis_Z];
 540              		.loc 1 345 87 is_stmt 0 view .LVU185
 541 006a D2F89010 		ldr	r1, [r2, #144]	@ float
 345:Service/Srv_DataHub.c ****         SrvDataHub_Monitor.data.org_acc_z = DataPipe_DataObj(PtlIMU_Data).data.org_acc[Axis_Z];
 542              		.loc 1 345 43 view .LVU186
 543 006e D965     		str	r1, [r3, #92]	@ float
 346:Service/Srv_DataHub.c **** 
 544              		.loc 1 346 9 is_stmt 1 view .LVU187
 346:Service/Srv_DataHub.c **** 
 545              		.loc 1 346 87 is_stmt 0 view .LVU188
 546 0070 D2F89410 		ldr	r1, [r2, #148]	@ float
 346:Service/Srv_DataHub.c **** 
 547              		.loc 1 346 43 view .LVU189
 548 0074 1966     		str	r1, [r3, #96]	@ float
 348:Service/Srv_DataHub.c ****         SrvDataHub_Monitor.data.org_gyr_y = DataPipe_DataObj(PtlIMU_Data).data.org_gyr[Axis_Y];
 549              		.loc 1 348 9 is_stmt 1 view .LVU190
 348:Service/Srv_DataHub.c ****         SrvDataHub_Monitor.data.org_gyr_y = DataPipe_DataObj(PtlIMU_Data).data.org_gyr[Axis_Y];
 550              		.loc 1 348 87 is_stmt 0 view .LVU191
 551 0076 D2F88010 		ldr	r1, [r2, #128]	@ float
 348:Service/Srv_DataHub.c ****         SrvDataHub_Monitor.data.org_gyr_y = DataPipe_DataObj(PtlIMU_Data).data.org_gyr[Axis_Y];
 552              		.loc 1 348 43 view .LVU192
 553 007a 1964     		str	r1, [r3, #64]	@ float
 349:Service/Srv_DataHub.c ****         SrvDataHub_Monitor.data.org_gyr_z = DataPipe_DataObj(PtlIMU_Data).data.org_gyr[Axis_Z];
 554              		.loc 1 349 9 is_stmt 1 view .LVU193
 349:Service/Srv_DataHub.c ****         SrvDataHub_Monitor.data.org_gyr_z = DataPipe_DataObj(PtlIMU_Data).data.org_gyr[Axis_Z];
 555              		.loc 1 349 87 is_stmt 0 view .LVU194
 556 007c D2F88410 		ldr	r1, [r2, #132]	@ float
 349:Service/Srv_DataHub.c ****         SrvDataHub_Monitor.data.org_gyr_z = DataPipe_DataObj(PtlIMU_Data).data.org_gyr[Axis_Z];
 557              		.loc 1 349 43 view .LVU195
 558 0080 5964     		str	r1, [r3, #68]	@ float
 350:Service/Srv_DataHub.c **** 
 559              		.loc 1 350 9 is_stmt 1 view .LVU196
 350:Service/Srv_DataHub.c **** 
 560              		.loc 1 350 87 is_stmt 0 view .LVU197
 561 0082 D2F88810 		ldr	r1, [r2, #136]	@ float
 350:Service/Srv_DataHub.c **** 
 562              		.loc 1 350 43 view .LVU198
 563 0086 9964     		str	r1, [r3, #72]	@ float
 352:Service/Srv_DataHub.c **** 
 564              		.loc 1 352 9 is_stmt 1 view .LVU199
 352:Service/Srv_DataHub.c **** 
 565              		.loc 1 352 84 is_stmt 0 view .LVU200
ARM GAS  C:\Users\HUAV\AppData\Local\Temp\cc14JS73.s 			page 20


 566 0088 92F89C20 		ldrb	r2, [r2, #156]	@ zero_extendqisi2
 352:Service/Srv_DataHub.c **** 
 567              		.loc 1 352 48 view .LVU201
 568 008c 83F86820 		strb	r2, [r3, #104]
 354:Service/Srv_DataHub.c ****         SrvDataHub_Monitor.update_reg.bit.scaled_imu = false;
 569              		.loc 1 354 9 is_stmt 1 view .LVU202
 354:Service/Srv_DataHub.c ****         SrvDataHub_Monitor.update_reg.bit.scaled_imu = false;
 570              		.loc 1 354 51 is_stmt 0 view .LVU203
 571 0090 1A7C     		ldrb	r2, [r3, #16]	@ zero_extendqisi2
 572 0092 6FF30002 		bfc	r2, #0, #1
 573 0096 1A74     		strb	r2, [r3, #16]
 355:Service/Srv_DataHub.c ****     }
 574              		.loc 1 355 9 is_stmt 1 view .LVU204
 575              		.loc 1 357 1 is_stmt 0 view .LVU205
 576 0098 B5E7     		b	.L31
 577              	.L36:
 578 009a 00BF     		.align	2
 579              	.L35:
 580 009c 00000000 		.word	IMU_hub_DataPipe
 581 00a0 00000000 		.word	.LANCHOR0
 582 00a4 00000000 		.word	.LANCHOR1
 583              		.cfi_endproc
 584              	.LFE155:
 586              		.section	.text.SrvDataHub_SensorState_DataPipe_Finish_Callback,"ax",%progbits
 587              		.align	1
 588              		.syntax unified
 589              		.thumb
 590              		.thumb_func
 592              	SrvDataHub_SensorState_DataPipe_Finish_Callback:
 593              	.LVL6:
 594              	.LFB156:
 358:Service/Srv_DataHub.c **** 
 359:Service/Srv_DataHub.c **** static void SrvDataHub_SensorState_DataPipe_Finish_Callback(DataPipeObj_TypeDef *obj)
 360:Service/Srv_DataHub.c **** {
 595              		.loc 1 360 1 is_stmt 1 view -0
 596              		.cfi_startproc
 597              		@ args = 0, pretend = 0, frame = 0
 598              		@ frame_needed = 0, uses_anonymous_args = 0
 599              		@ link register save eliminated.
 361:Service/Srv_DataHub.c ****     if((obj == &SensorInitState_hub_DataPipe) || (obj == &SensorEnableState_hub_DataPipe))
 600              		.loc 1 361 5 view .LVU207
 601              		.loc 1 361 7 is_stmt 0 view .LVU208
 602 0000 3B4B     		ldr	r3, .L50
 603 0002 9842     		cmp	r0, r3
 604 0004 02D0     		beq	.L38
 605              		.loc 1 361 47 discriminator 1 view .LVU209
 606 0006 3B4B     		ldr	r3, .L50+4
 607 0008 9842     		cmp	r0, r3
 608 000a 52D1     		bne	.L37
 609              	.L38:
 362:Service/Srv_DataHub.c ****     {
 363:Service/Srv_DataHub.c ****         SrvDataHub_Monitor.update_reg.bit.imu_init = true;
 610              		.loc 1 363 9 is_stmt 1 view .LVU210
 611              		.loc 1 363 52 is_stmt 0 view .LVU211
 612 000c 3A4B     		ldr	r3, .L50+8
 613 000e 9A7C     		ldrb	r2, [r3, #18]	@ zero_extendqisi2
 614 0010 42F08002 		orr	r2, r2, #128
ARM GAS  C:\Users\HUAV\AppData\Local\Temp\cc14JS73.s 			page 21


 615 0014 9A74     		strb	r2, [r3, #18]
 364:Service/Srv_DataHub.c ****         SrvDataHub_Monitor.update_reg.bit.mag_init = true;
 616              		.loc 1 364 9 is_stmt 1 view .LVU212
 617              		.loc 1 364 52 is_stmt 0 view .LVU213
 618 0016 D2B2     		uxtb	r2, r2
 619 0018 42F04002 		orr	r2, r2, #64
 620 001c 9A74     		strb	r2, [r3, #18]
 365:Service/Srv_DataHub.c ****         SrvDataHub_Monitor.update_reg.bit.baro_init = true;
 621              		.loc 1 365 9 is_stmt 1 view .LVU214
 622              		.loc 1 365 53 is_stmt 0 view .LVU215
 623 001e DA7C     		ldrb	r2, [r3, #19]	@ zero_extendqisi2
 624 0020 42F00102 		orr	r2, r2, #1
 625 0024 DA74     		strb	r2, [r3, #19]
 366:Service/Srv_DataHub.c **** 
 367:Service/Srv_DataHub.c ****         if (SrvDataHub_Monitor.inuse_reg.bit.imu_init)
 626              		.loc 1 367 9 is_stmt 1 view .LVU216
 627              		.loc 1 367 12 is_stmt 0 view .LVU217
 628 0026 93F90A30 		ldrsb	r3, [r3, #10]
 629 002a 002B     		cmp	r3, #0
 630 002c 42DB     		blt	.L48
 631              	.L40:
 368:Service/Srv_DataHub.c ****             SrvDataHub_Monitor.inuse_reg.bit.imu_init = false;
 369:Service/Srv_DataHub.c **** 
 370:Service/Srv_DataHub.c ****         if (SrvDataHub_Monitor.inuse_reg.bit.mag_init)
 632              		.loc 1 370 9 is_stmt 1 view .LVU218
 633              		.loc 1 370 13 is_stmt 0 view .LVU219
 634 002e 324B     		ldr	r3, .L50+8
 635 0030 9B7A     		ldrb	r3, [r3, #10]	@ zero_extendqisi2
 636              		.loc 1 370 12 view .LVU220
 637 0032 13F0400F 		tst	r3, #64
 638 0036 04D0     		beq	.L41
 371:Service/Srv_DataHub.c ****             SrvDataHub_Monitor.inuse_reg.bit.mag_init = false;
 639              		.loc 1 371 13 is_stmt 1 view .LVU221
 640              		.loc 1 371 55 is_stmt 0 view .LVU222
 641 0038 2F4B     		ldr	r3, .L50+8
 642 003a 9A7A     		ldrb	r2, [r3, #10]	@ zero_extendqisi2
 643 003c 6FF38612 		bfc	r2, #6, #1
 644 0040 9A72     		strb	r2, [r3, #10]
 645              	.L41:
 372:Service/Srv_DataHub.c **** 
 373:Service/Srv_DataHub.c ****         if (SrvDataHub_Monitor.inuse_reg.bit.baro_init)
 646              		.loc 1 373 9 is_stmt 1 view .LVU223
 647              		.loc 1 373 13 is_stmt 0 view .LVU224
 648 0042 2D4B     		ldr	r3, .L50+8
 649 0044 DB7A     		ldrb	r3, [r3, #11]	@ zero_extendqisi2
 650              		.loc 1 373 12 view .LVU225
 651 0046 13F0010F 		tst	r3, #1
 652 004a 04D0     		beq	.L42
 374:Service/Srv_DataHub.c ****             SrvDataHub_Monitor.inuse_reg.bit.baro_init = false;
 653              		.loc 1 374 13 is_stmt 1 view .LVU226
 654              		.loc 1 374 56 is_stmt 0 view .LVU227
 655 004c 2A4B     		ldr	r3, .L50+8
 656 004e DA7A     		ldrb	r2, [r3, #11]	@ zero_extendqisi2
 657 0050 6FF30002 		bfc	r2, #0, #1
 658 0054 DA72     		strb	r2, [r3, #11]
 659              	.L42:
 375:Service/Srv_DataHub.c **** 
ARM GAS  C:\Users\HUAV\AppData\Local\Temp\cc14JS73.s 			page 22


 376:Service/Srv_DataHub.c ****         if(obj == &SensorEnableState_hub_DataPipe)
 660              		.loc 1 376 9 is_stmt 1 view .LVU228
 661              		.loc 1 376 11 is_stmt 0 view .LVU229
 662 0056 274B     		ldr	r3, .L50+4
 663 0058 9842     		cmp	r0, r3
 664 005a 31D0     		beq	.L49
 377:Service/Srv_DataHub.c ****         {
 378:Service/Srv_DataHub.c ****             SrvDataHub_Monitor.data.mag_enabled = DataPipe_DataObj(Sensor_Enable).bit.mag;
 379:Service/Srv_DataHub.c ****             SrvDataHub_Monitor.data.baro_enabled = DataPipe_DataObj(Sensor_Enable).bit.baro;
 380:Service/Srv_DataHub.c ****         }
 381:Service/Srv_DataHub.c ****         else
 382:Service/Srv_DataHub.c ****         {
 383:Service/Srv_DataHub.c ****             SrvDataHub_Monitor.data.imu_init_state = DataPipe_DataObj(Sensor_Init).bit.imu;
 665              		.loc 1 383 13 is_stmt 1 view .LVU230
 666              		.loc 1 383 87 is_stmt 0 view .LVU231
 667 005c 274B     		ldr	r3, .L50+12
 668 005e 93F8B030 		ldrb	r3, [r3, #176]	@ zero_extendqisi2
 669 0062 C3F30003 		ubfx	r3, r3, #0, #1
 670              		.loc 1 383 52 view .LVU232
 671 0066 244A     		ldr	r2, .L50+8
 672 0068 1376     		strb	r3, [r2, #24]
 384:Service/Srv_DataHub.c ****             
 385:Service/Srv_DataHub.c ****             if(SrvDataHub_Monitor.data.mag_enabled)
 673              		.loc 1 385 13 is_stmt 1 view .LVU233
 674              		.loc 1 385 39 is_stmt 0 view .LVU234
 675 006a 92F86930 		ldrb	r3, [r2, #105]	@ zero_extendqisi2
 676              		.loc 1 385 15 view .LVU235
 677 006e 002B     		cmp	r3, #0
 678 0070 33D0     		beq	.L45
 386:Service/Srv_DataHub.c ****             {
 387:Service/Srv_DataHub.c ****                 SrvDataHub_Monitor.data.mag_init_state = DataPipe_DataObj(Sensor_Init).bit.mag;
 679              		.loc 1 387 17 is_stmt 1 view .LVU236
 680              		.loc 1 387 91 is_stmt 0 view .LVU237
 681 0072 224B     		ldr	r3, .L50+12
 682 0074 93F8B030 		ldrb	r3, [r3, #176]	@ zero_extendqisi2
 683 0078 C3F34003 		ubfx	r3, r3, #1, #1
 684              		.loc 1 387 56 view .LVU238
 685 007c 82F86A30 		strb	r3, [r2, #106]
 686              	.L46:
 388:Service/Srv_DataHub.c ****             }
 389:Service/Srv_DataHub.c ****             else
 390:Service/Srv_DataHub.c ****                 SrvDataHub_Monitor.data.mag_init_state = false;
 391:Service/Srv_DataHub.c **** 
 392:Service/Srv_DataHub.c ****             if(SrvDataHub_Monitor.data.baro_enabled)
 687              		.loc 1 392 13 is_stmt 1 view .LVU239
 688              		.loc 1 392 39 is_stmt 0 view .LVU240
 689 0080 1D4B     		ldr	r3, .L50+8
 690 0082 93F89130 		ldrb	r3, [r3, #145]	@ zero_extendqisi2
 691              		.loc 1 392 15 view .LVU241
 692 0086 6BB3     		cbz	r3, .L47
 393:Service/Srv_DataHub.c ****             {
 394:Service/Srv_DataHub.c ****                 SrvDataHub_Monitor.data.baro_init_state = DataPipe_DataObj(Sensor_Init).bit.baro;
 693              		.loc 1 394 17 is_stmt 1 view .LVU242
 694              		.loc 1 394 92 is_stmt 0 view .LVU243
 695 0088 1C4B     		ldr	r3, .L50+12
 696 008a 93F8B030 		ldrb	r3, [r3, #176]	@ zero_extendqisi2
 697 008e C3F38003 		ubfx	r3, r3, #2, #1
ARM GAS  C:\Users\HUAV\AppData\Local\Temp\cc14JS73.s 			page 23


 698              		.loc 1 394 57 view .LVU244
 699 0092 194A     		ldr	r2, .L50+8
 700 0094 82F89230 		strb	r3, [r2, #146]
 701              	.L44:
 395:Service/Srv_DataHub.c ****             }
 396:Service/Srv_DataHub.c ****             else
 397:Service/Srv_DataHub.c ****                 SrvDataHub_Monitor.data.baro_init_state = false;
 398:Service/Srv_DataHub.c ****         }
 399:Service/Srv_DataHub.c **** 
 400:Service/Srv_DataHub.c ****         SrvDataHub_Monitor.update_reg.bit.imu_init = false;
 702              		.loc 1 400 9 is_stmt 1 view .LVU245
 703              		.loc 1 400 52 is_stmt 0 view .LVU246
 704 0098 174B     		ldr	r3, .L50+8
 705 009a 9A7C     		ldrb	r2, [r3, #18]	@ zero_extendqisi2
 706 009c 6FF3C712 		bfc	r2, #7, #1
 707 00a0 9A74     		strb	r2, [r3, #18]
 401:Service/Srv_DataHub.c ****         SrvDataHub_Monitor.update_reg.bit.mag_init = false;
 708              		.loc 1 401 9 is_stmt 1 view .LVU247
 709              		.loc 1 401 52 is_stmt 0 view .LVU248
 710 00a2 D2B2     		uxtb	r2, r2
 711 00a4 6FF38612 		bfc	r2, #6, #1
 712 00a8 9A74     		strb	r2, [r3, #18]
 402:Service/Srv_DataHub.c ****         SrvDataHub_Monitor.update_reg.bit.baro_init = false;
 713              		.loc 1 402 9 is_stmt 1 view .LVU249
 714              		.loc 1 402 53 is_stmt 0 view .LVU250
 715 00aa DA7C     		ldrb	r2, [r3, #19]	@ zero_extendqisi2
 716 00ac 6FF30002 		bfc	r2, #0, #1
 717 00b0 DA74     		strb	r2, [r3, #19]
 718              	.L37:
 403:Service/Srv_DataHub.c ****     }
 404:Service/Srv_DataHub.c **** }
 719              		.loc 1 404 1 view .LVU251
 720 00b2 7047     		bx	lr
 721              	.L48:
 368:Service/Srv_DataHub.c **** 
 722              		.loc 1 368 13 is_stmt 1 view .LVU252
 368:Service/Srv_DataHub.c **** 
 723              		.loc 1 368 55 is_stmt 0 view .LVU253
 724 00b4 104B     		ldr	r3, .L50+8
 725 00b6 9A7A     		ldrb	r2, [r3, #10]	@ zero_extendqisi2
 726 00b8 6FF3C712 		bfc	r2, #7, #1
 727 00bc 9A72     		strb	r2, [r3, #10]
 728 00be B6E7     		b	.L40
 729              	.L49:
 378:Service/Srv_DataHub.c ****             SrvDataHub_Monitor.data.baro_enabled = DataPipe_DataObj(Sensor_Enable).bit.baro;
 730              		.loc 1 378 13 is_stmt 1 view .LVU254
 378:Service/Srv_DataHub.c ****             SrvDataHub_Monitor.data.baro_enabled = DataPipe_DataObj(Sensor_Enable).bit.baro;
 731              		.loc 1 378 86 is_stmt 0 view .LVU255
 732 00c0 0E4B     		ldr	r3, .L50+12
 733 00c2 93F8AC30 		ldrb	r3, [r3, #172]	@ zero_extendqisi2
 734 00c6 C3F34001 		ubfx	r1, r3, #1, #1
 378:Service/Srv_DataHub.c ****             SrvDataHub_Monitor.data.baro_enabled = DataPipe_DataObj(Sensor_Enable).bit.baro;
 735              		.loc 1 378 49 view .LVU256
 736 00ca 0B4A     		ldr	r2, .L50+8
 737 00cc 82F86910 		strb	r1, [r2, #105]
 379:Service/Srv_DataHub.c ****         }
 738              		.loc 1 379 13 is_stmt 1 view .LVU257
ARM GAS  C:\Users\HUAV\AppData\Local\Temp\cc14JS73.s 			page 24


 379:Service/Srv_DataHub.c ****         }
 739              		.loc 1 379 87 is_stmt 0 view .LVU258
 740 00d0 C3F38003 		ubfx	r3, r3, #2, #1
 379:Service/Srv_DataHub.c ****         }
 741              		.loc 1 379 50 view .LVU259
 742 00d4 82F89130 		strb	r3, [r2, #145]
 743 00d8 DEE7     		b	.L44
 744              	.L45:
 390:Service/Srv_DataHub.c **** 
 745              		.loc 1 390 17 is_stmt 1 view .LVU260
 390:Service/Srv_DataHub.c **** 
 746              		.loc 1 390 56 is_stmt 0 view .LVU261
 747 00da 074B     		ldr	r3, .L50+8
 748 00dc 0022     		movs	r2, #0
 749 00de 83F86A20 		strb	r2, [r3, #106]
 750 00e2 CDE7     		b	.L46
 751              	.L47:
 397:Service/Srv_DataHub.c ****         }
 752              		.loc 1 397 17 is_stmt 1 view .LVU262
 397:Service/Srv_DataHub.c ****         }
 753              		.loc 1 397 57 is_stmt 0 view .LVU263
 754 00e4 044B     		ldr	r3, .L50+8
 755 00e6 0022     		movs	r2, #0
 756 00e8 83F89220 		strb	r2, [r3, #146]
 757 00ec D4E7     		b	.L44
 758              	.L51:
 759 00ee 00BF     		.align	2
 760              	.L50:
 761 00f0 00000000 		.word	SensorInitState_hub_DataPipe
 762 00f4 00000000 		.word	SensorEnableState_hub_DataPipe
 763 00f8 00000000 		.word	.LANCHOR0
 764 00fc 00000000 		.word	.LANCHOR1
 765              		.cfi_endproc
 766              	.LFE156:
 768              		.section	.text.SrvDataHub_PipeRcTelemtryDataFinish_Callback,"ax",%progbits
 769              		.align	1
 770              		.syntax unified
 771              		.thumb
 772              		.thumb_func
 774              	SrvDataHub_PipeRcTelemtryDataFinish_Callback:
 775              	.LVL7:
 776              	.LFB157:
 405:Service/Srv_DataHub.c **** 
 406:Service/Srv_DataHub.c **** static void SrvDataHub_PipeRcTelemtryDataFinish_Callback(DataPipeObj_TypeDef *obj)
 407:Service/Srv_DataHub.c **** {
 777              		.loc 1 407 1 is_stmt 1 view -0
 778              		.cfi_startproc
 779              		@ args = 0, pretend = 0, frame = 0
 780              		@ frame_needed = 0, uses_anonymous_args = 0
 408:Service/Srv_DataHub.c ****     if ((!SrvDataHub_Monitor.init_state) || (obj == NULL))
 781              		.loc 1 408 5 view .LVU265
 782              		.loc 1 408 29 is_stmt 0 view .LVU266
 783 0000 114B     		ldr	r3, .L60
 784 0002 1B78     		ldrb	r3, [r3]	@ zero_extendqisi2
 785              		.loc 1 408 8 view .LVU267
 786 0004 1BB1     		cbz	r3, .L56
 787              		.loc 1 408 42 discriminator 1 view .LVU268
ARM GAS  C:\Users\HUAV\AppData\Local\Temp\cc14JS73.s 			page 25


 788 0006 10B1     		cbz	r0, .L56
 409:Service/Srv_DataHub.c ****         return;
 410:Service/Srv_DataHub.c **** 
 411:Service/Srv_DataHub.c ****     if (obj == &Receiver_hub_DataPipe)
 789              		.loc 1 411 5 is_stmt 1 view .LVU269
 790              		.loc 1 411 8 is_stmt 0 view .LVU270
 791 0008 104B     		ldr	r3, .L60+4
 792 000a 9842     		cmp	r0, r3
 793 000c 00D0     		beq	.L59
 794              	.L56:
 795 000e 7047     		bx	lr
 796              	.L59:
 407:Service/Srv_DataHub.c ****     if ((!SrvDataHub_Monitor.init_state) || (obj == NULL))
 797              		.loc 1 407 1 view .LVU271
 798 0010 10B5     		push	{r4, lr}
 799              	.LCFI0:
 800              		.cfi_def_cfa_offset 8
 801              		.cfi_offset 4, -8
 802              		.cfi_offset 14, -4
 412:Service/Srv_DataHub.c ****     {
 413:Service/Srv_DataHub.c ****         SrvDataHub_Monitor.update_reg.bit.rc_control_data = true;
 803              		.loc 1 413 9 is_stmt 1 view .LVU272
 804              		.loc 1 413 59 is_stmt 0 view .LVU273
 805 0012 0D4B     		ldr	r3, .L60
 806 0014 9A7C     		ldrb	r2, [r3, #18]	@ zero_extendqisi2
 807 0016 42F00402 		orr	r2, r2, #4
 808 001a 9A74     		strb	r2, [r3, #18]
 414:Service/Srv_DataHub.c **** 
 415:Service/Srv_DataHub.c ****         if (SrvDataHub_Monitor.inuse_reg.bit.rc_control_data)
 809              		.loc 1 415 9 is_stmt 1 view .LVU274
 810              		.loc 1 415 13 is_stmt 0 view .LVU275
 811 001c 9B7A     		ldrb	r3, [r3, #10]	@ zero_extendqisi2
 812              		.loc 1 415 12 view .LVU276
 813 001e 13F0040F 		tst	r3, #4
 814 0022 04D0     		beq	.L54
 416:Service/Srv_DataHub.c ****             SrvDataHub_Monitor.inuse_reg.bit.rc_control_data = false;
 815              		.loc 1 416 13 is_stmt 1 view .LVU277
 816              		.loc 1 416 62 is_stmt 0 view .LVU278
 817 0024 084B     		ldr	r3, .L60
 818 0026 9A7A     		ldrb	r2, [r3, #10]	@ zero_extendqisi2
 819 0028 6FF38202 		bfc	r2, #2, #1
 820 002c 9A72     		strb	r2, [r3, #10]
 821              	.L54:
 417:Service/Srv_DataHub.c **** 
 418:Service/Srv_DataHub.c ****         SrvDataHub_Monitor.data.RC_Control_Data = DataPipe_DataObj(Hub_Telemetry_Rc);
 822              		.loc 1 418 9 is_stmt 1 view .LVU279
 823              		.loc 1 418 49 is_stmt 0 view .LVU280
 824 002e 064C     		ldr	r4, .L60
 825 0030 6422     		movs	r2, #100
 826 0032 0749     		ldr	r1, .L60+8
 827 0034 04F1E000 		add	r0, r4, #224
 828              	.LVL8:
 829              		.loc 1 418 49 view .LVU281
 830 0038 FFF7FEFF 		bl	memcpy
 831              	.LVL9:
 419:Service/Srv_DataHub.c **** 
 420:Service/Srv_DataHub.c ****         SrvDataHub_Monitor.update_reg.bit.rc_control_data = false;
ARM GAS  C:\Users\HUAV\AppData\Local\Temp\cc14JS73.s 			page 26


 832              		.loc 1 420 9 is_stmt 1 view .LVU282
 833              		.loc 1 420 59 is_stmt 0 view .LVU283
 834 003c A37C     		ldrb	r3, [r4, #18]	@ zero_extendqisi2
 835 003e 6FF38203 		bfc	r3, #2, #1
 836 0042 A374     		strb	r3, [r4, #18]
 421:Service/Srv_DataHub.c ****     }
 422:Service/Srv_DataHub.c **** }
 837              		.loc 1 422 1 view .LVU284
 838 0044 10BD     		pop	{r4, pc}
 839              	.L61:
 840 0046 00BF     		.align	2
 841              	.L60:
 842 0048 00000000 		.word	.LANCHOR0
 843 004c 00000000 		.word	Receiver_hub_DataPipe
 844 0050 B4000000 		.word	.LANCHOR1+180
 845              		.cfi_endproc
 846              	.LFE157:
 848              		.section	.text.SrvDataHub_PipeConvertControlDataFinish_Callback,"ax",%progbits
 849              		.align	1
 850              		.syntax unified
 851              		.thumb
 852              		.thumb_func
 854              	SrvDataHub_PipeConvertControlDataFinish_Callback:
 855              	.LVL10:
 856              	.LFB158:
 423:Service/Srv_DataHub.c **** 
 424:Service/Srv_DataHub.c **** static void SrvDataHub_PipeConvertControlDataFinish_Callback(DataPipeObj_TypeDef *obj)
 425:Service/Srv_DataHub.c **** {
 857              		.loc 1 425 1 is_stmt 1 view -0
 858              		.cfi_startproc
 859              		@ args = 0, pretend = 0, frame = 0
 860              		@ frame_needed = 0, uses_anonymous_args = 0
 861              		.loc 1 425 1 is_stmt 0 view .LVU286
 862 0000 08B5     		push	{r3, lr}
 863              	.LCFI1:
 864              		.cfi_def_cfa_offset 8
 865              		.cfi_offset 3, -8
 866              		.cfi_offset 14, -4
 426:Service/Srv_DataHub.c ****     if ((!SrvDataHub_Monitor.init_state) || (obj == NULL))
 867              		.loc 1 426 5 is_stmt 1 view .LVU287
 868              		.loc 1 426 29 is_stmt 0 view .LVU288
 869 0002 234B     		ldr	r3, .L67
 870 0004 1B78     		ldrb	r3, [r3]	@ zero_extendqisi2
 871              		.loc 1 426 8 view .LVU289
 872 0006 1BB1     		cbz	r3, .L62
 873              		.loc 1 426 42 discriminator 1 view .LVU290
 874 0008 10B1     		cbz	r0, .L62
 427:Service/Srv_DataHub.c ****         return;
 428:Service/Srv_DataHub.c **** 
 429:Service/Srv_DataHub.c ****     if (obj == &CtlData_hub_DataPipe)
 875              		.loc 1 429 5 is_stmt 1 view .LVU291
 876              		.loc 1 429 8 is_stmt 0 view .LVU292
 877 000a 224B     		ldr	r3, .L67+4
 878 000c 9842     		cmp	r0, r3
 879 000e 00D0     		beq	.L66
 880              	.LVL11:
 881              	.L62:
ARM GAS  C:\Users\HUAV\AppData\Local\Temp\cc14JS73.s 			page 27


 430:Service/Srv_DataHub.c ****     {
 431:Service/Srv_DataHub.c ****         SrvDataHub_Monitor.update_reg.bit.cnv_control_data = true;
 432:Service/Srv_DataHub.c **** 
 433:Service/Srv_DataHub.c ****         if (SrvDataHub_Monitor.inuse_reg.bit.cnv_control_data)
 434:Service/Srv_DataHub.c ****             SrvDataHub_Monitor.inuse_reg.bit.cnv_control_data = false;
 435:Service/Srv_DataHub.c **** 
 436:Service/Srv_DataHub.c ****         SrvDataHub_Monitor.data.cnvctl_data_time = SrvOsCommon.get_os_ms();
 437:Service/Srv_DataHub.c ****         SrvDataHub_Monitor.data.arm = DataPipe_DataObj(Hub_Cnv_CtlData).arm;
 438:Service/Srv_DataHub.c ****         SrvDataHub_Monitor.data.throttle_percent = DataPipe_DataObj(Hub_Cnv_CtlData).throttle_perce
 439:Service/Srv_DataHub.c ****         SrvDataHub_Monitor.data.failsafe = DataPipe_DataObj(Hub_Cnv_CtlData).failsafe;
 440:Service/Srv_DataHub.c ****         SrvDataHub_Monitor.data.ctl_mode = DataPipe_DataObj(Hub_Cnv_CtlData).control_mode;
 441:Service/Srv_DataHub.c ****         SrvDataHub_Monitor.data.exp_gyr_x = DataPipe_DataObj(Hub_Cnv_CtlData).gyr_x;
 442:Service/Srv_DataHub.c ****         SrvDataHub_Monitor.data.exp_gyr_y = DataPipe_DataObj(Hub_Cnv_CtlData).gyr_y;
 443:Service/Srv_DataHub.c ****         SrvDataHub_Monitor.data.exp_gyr_z = DataPipe_DataObj(Hub_Cnv_CtlData).gyr_z;
 444:Service/Srv_DataHub.c ****         SrvDataHub_Monitor.data.exp_pitch = DataPipe_DataObj(Hub_Cnv_CtlData).pitch;
 445:Service/Srv_DataHub.c ****         SrvDataHub_Monitor.data.exp_roll = DataPipe_DataObj(Hub_Cnv_CtlData).roll;
 446:Service/Srv_DataHub.c **** 
 447:Service/Srv_DataHub.c ****         SrvDataHub_Monitor.update_reg.bit.cnv_control_data = false;
 448:Service/Srv_DataHub.c ****     }
 449:Service/Srv_DataHub.c **** }
 882              		.loc 1 449 1 view .LVU293
 883 0010 08BD     		pop	{r3, pc}
 884              	.LVL12:
 885              	.L66:
 431:Service/Srv_DataHub.c **** 
 886              		.loc 1 431 9 is_stmt 1 view .LVU294
 431:Service/Srv_DataHub.c **** 
 887              		.loc 1 431 60 is_stmt 0 view .LVU295
 888 0012 1F4B     		ldr	r3, .L67
 889 0014 9A7C     		ldrb	r2, [r3, #18]	@ zero_extendqisi2
 890 0016 42F00202 		orr	r2, r2, #2
 891 001a 9A74     		strb	r2, [r3, #18]
 433:Service/Srv_DataHub.c ****             SrvDataHub_Monitor.inuse_reg.bit.cnv_control_data = false;
 892              		.loc 1 433 9 is_stmt 1 view .LVU296
 433:Service/Srv_DataHub.c ****             SrvDataHub_Monitor.inuse_reg.bit.cnv_control_data = false;
 893              		.loc 1 433 13 is_stmt 0 view .LVU297
 894 001c 9B7A     		ldrb	r3, [r3, #10]	@ zero_extendqisi2
 433:Service/Srv_DataHub.c ****             SrvDataHub_Monitor.inuse_reg.bit.cnv_control_data = false;
 895              		.loc 1 433 12 view .LVU298
 896 001e 13F0020F 		tst	r3, #2
 897 0022 04D0     		beq	.L64
 434:Service/Srv_DataHub.c **** 
 898              		.loc 1 434 13 is_stmt 1 view .LVU299
 434:Service/Srv_DataHub.c **** 
 899              		.loc 1 434 63 is_stmt 0 view .LVU300
 900 0024 1A4B     		ldr	r3, .L67
 901 0026 9A7A     		ldrb	r2, [r3, #10]	@ zero_extendqisi2
 902 0028 6FF34102 		bfc	r2, #1, #1
 903 002c 9A72     		strb	r2, [r3, #10]
 904              	.L64:
 436:Service/Srv_DataHub.c ****         SrvDataHub_Monitor.data.arm = DataPipe_DataObj(Hub_Cnv_CtlData).arm;
 905              		.loc 1 436 9 is_stmt 1 view .LVU301
 436:Service/Srv_DataHub.c ****         SrvDataHub_Monitor.data.arm = DataPipe_DataObj(Hub_Cnv_CtlData).arm;
 906              		.loc 1 436 63 is_stmt 0 view .LVU302
 907 002e 1A4B     		ldr	r3, .L67+8
 908 0030 5B68     		ldr	r3, [r3, #4]
 436:Service/Srv_DataHub.c ****         SrvDataHub_Monitor.data.arm = DataPipe_DataObj(Hub_Cnv_CtlData).arm;
ARM GAS  C:\Users\HUAV\AppData\Local\Temp\cc14JS73.s 			page 28


 909              		.loc 1 436 52 view .LVU303
 910 0032 9847     		blx	r3
 911              	.LVL13:
 436:Service/Srv_DataHub.c ****         SrvDataHub_Monitor.data.arm = DataPipe_DataObj(Hub_Cnv_CtlData).arm;
 912              		.loc 1 436 50 view .LVU304
 913 0034 164B     		ldr	r3, .L67
 914 0036 C3F84401 		str	r0, [r3, #324]
 437:Service/Srv_DataHub.c ****         SrvDataHub_Monitor.data.throttle_percent = DataPipe_DataObj(Hub_Cnv_CtlData).throttle_perce
 915              		.loc 1 437 9 is_stmt 1 view .LVU305
 437:Service/Srv_DataHub.c ****         SrvDataHub_Monitor.data.throttle_percent = DataPipe_DataObj(Hub_Cnv_CtlData).throttle_perce
 916              		.loc 1 437 72 is_stmt 0 view .LVU306
 917 003a 184A     		ldr	r2, .L67+12
 918 003c 92F81C11 		ldrb	r1, [r2, #284]	@ zero_extendqisi2
 437:Service/Srv_DataHub.c ****         SrvDataHub_Monitor.data.throttle_percent = DataPipe_DataObj(Hub_Cnv_CtlData).throttle_perce
 919              		.loc 1 437 37 view .LVU307
 920 0040 83F84811 		strb	r1, [r3, #328]
 438:Service/Srv_DataHub.c ****         SrvDataHub_Monitor.data.failsafe = DataPipe_DataObj(Hub_Cnv_CtlData).failsafe;
 921              		.loc 1 438 9 is_stmt 1 view .LVU308
 438:Service/Srv_DataHub.c ****         SrvDataHub_Monitor.data.failsafe = DataPipe_DataObj(Hub_Cnv_CtlData).failsafe;
 922              		.loc 1 438 85 is_stmt 0 view .LVU309
 923 0044 92F81F11 		ldrb	r1, [r2, #287]	@ zero_extendqisi2
 438:Service/Srv_DataHub.c ****         SrvDataHub_Monitor.data.failsafe = DataPipe_DataObj(Hub_Cnv_CtlData).failsafe;
 924              		.loc 1 438 50 view .LVU310
 925 0048 83F84B11 		strb	r1, [r3, #331]
 439:Service/Srv_DataHub.c ****         SrvDataHub_Monitor.data.ctl_mode = DataPipe_DataObj(Hub_Cnv_CtlData).control_mode;
 926              		.loc 1 439 9 is_stmt 1 view .LVU311
 439:Service/Srv_DataHub.c ****         SrvDataHub_Monitor.data.ctl_mode = DataPipe_DataObj(Hub_Cnv_CtlData).control_mode;
 927              		.loc 1 439 77 is_stmt 0 view .LVU312
 928 004c 92F81D11 		ldrb	r1, [r2, #285]	@ zero_extendqisi2
 439:Service/Srv_DataHub.c ****         SrvDataHub_Monitor.data.ctl_mode = DataPipe_DataObj(Hub_Cnv_CtlData).control_mode;
 929              		.loc 1 439 42 view .LVU313
 930 0050 83F84911 		strb	r1, [r3, #329]
 440:Service/Srv_DataHub.c ****         SrvDataHub_Monitor.data.exp_gyr_x = DataPipe_DataObj(Hub_Cnv_CtlData).gyr_x;
 931              		.loc 1 440 9 is_stmt 1 view .LVU314
 440:Service/Srv_DataHub.c ****         SrvDataHub_Monitor.data.exp_gyr_x = DataPipe_DataObj(Hub_Cnv_CtlData).gyr_x;
 932              		.loc 1 440 77 is_stmt 0 view .LVU315
 933 0054 92F81E11 		ldrb	r1, [r2, #286]	@ zero_extendqisi2
 440:Service/Srv_DataHub.c ****         SrvDataHub_Monitor.data.exp_gyr_x = DataPipe_DataObj(Hub_Cnv_CtlData).gyr_x;
 934              		.loc 1 440 42 view .LVU316
 935 0058 83F84A11 		strb	r1, [r3, #330]
 441:Service/Srv_DataHub.c ****         SrvDataHub_Monitor.data.exp_gyr_y = DataPipe_DataObj(Hub_Cnv_CtlData).gyr_y;
 936              		.loc 1 441 9 is_stmt 1 view .LVU317
 441:Service/Srv_DataHub.c ****         SrvDataHub_Monitor.data.exp_gyr_y = DataPipe_DataObj(Hub_Cnv_CtlData).gyr_y;
 937              		.loc 1 441 78 is_stmt 0 view .LVU318
 938 005c D2F82811 		ldr	r1, [r2, #296]	@ float
 441:Service/Srv_DataHub.c ****         SrvDataHub_Monitor.data.exp_gyr_y = DataPipe_DataObj(Hub_Cnv_CtlData).gyr_y;
 939              		.loc 1 441 43 view .LVU319
 940 0060 C3F85411 		str	r1, [r3, #340]	@ float
 442:Service/Srv_DataHub.c ****         SrvDataHub_Monitor.data.exp_gyr_z = DataPipe_DataObj(Hub_Cnv_CtlData).gyr_z;
 941              		.loc 1 442 9 is_stmt 1 view .LVU320
 442:Service/Srv_DataHub.c ****         SrvDataHub_Monitor.data.exp_gyr_z = DataPipe_DataObj(Hub_Cnv_CtlData).gyr_z;
 942              		.loc 1 442 78 is_stmt 0 view .LVU321
 943 0064 D2F82C11 		ldr	r1, [r2, #300]	@ float
 442:Service/Srv_DataHub.c ****         SrvDataHub_Monitor.data.exp_gyr_z = DataPipe_DataObj(Hub_Cnv_CtlData).gyr_z;
 944              		.loc 1 442 43 view .LVU322
 945 0068 C3F85811 		str	r1, [r3, #344]	@ float
 443:Service/Srv_DataHub.c ****         SrvDataHub_Monitor.data.exp_pitch = DataPipe_DataObj(Hub_Cnv_CtlData).pitch;
ARM GAS  C:\Users\HUAV\AppData\Local\Temp\cc14JS73.s 			page 29


 946              		.loc 1 443 9 is_stmt 1 view .LVU323
 443:Service/Srv_DataHub.c ****         SrvDataHub_Monitor.data.exp_pitch = DataPipe_DataObj(Hub_Cnv_CtlData).pitch;
 947              		.loc 1 443 78 is_stmt 0 view .LVU324
 948 006c D2F83011 		ldr	r1, [r2, #304]	@ float
 443:Service/Srv_DataHub.c ****         SrvDataHub_Monitor.data.exp_pitch = DataPipe_DataObj(Hub_Cnv_CtlData).pitch;
 949              		.loc 1 443 43 view .LVU325
 950 0070 C3F85C11 		str	r1, [r3, #348]	@ float
 444:Service/Srv_DataHub.c ****         SrvDataHub_Monitor.data.exp_roll = DataPipe_DataObj(Hub_Cnv_CtlData).roll;
 951              		.loc 1 444 9 is_stmt 1 view .LVU326
 444:Service/Srv_DataHub.c ****         SrvDataHub_Monitor.data.exp_roll = DataPipe_DataObj(Hub_Cnv_CtlData).roll;
 952              		.loc 1 444 78 is_stmt 0 view .LVU327
 953 0074 D2F82011 		ldr	r1, [r2, #288]	@ float
 444:Service/Srv_DataHub.c ****         SrvDataHub_Monitor.data.exp_roll = DataPipe_DataObj(Hub_Cnv_CtlData).roll;
 954              		.loc 1 444 43 view .LVU328
 955 0078 C3F84C11 		str	r1, [r3, #332]	@ float
 445:Service/Srv_DataHub.c **** 
 956              		.loc 1 445 9 is_stmt 1 view .LVU329
 445:Service/Srv_DataHub.c **** 
 957              		.loc 1 445 77 is_stmt 0 view .LVU330
 958 007c D2F82421 		ldr	r2, [r2, #292]	@ float
 445:Service/Srv_DataHub.c **** 
 959              		.loc 1 445 42 view .LVU331
 960 0080 C3F85021 		str	r2, [r3, #336]	@ float
 447:Service/Srv_DataHub.c ****     }
 961              		.loc 1 447 9 is_stmt 1 view .LVU332
 447:Service/Srv_DataHub.c ****     }
 962              		.loc 1 447 60 is_stmt 0 view .LVU333
 963 0084 9A7C     		ldrb	r2, [r3, #18]	@ zero_extendqisi2
 964 0086 6FF34102 		bfc	r2, #1, #1
 965 008a 9A74     		strb	r2, [r3, #18]
 966 008c C0E7     		b	.L62
 967              	.L68:
 968 008e 00BF     		.align	2
 969              	.L67:
 970 0090 00000000 		.word	.LANCHOR0
 971 0094 00000000 		.word	CtlData_hub_DataPipe
 972 0098 00000000 		.word	SrvOsCommon
 973 009c 00000000 		.word	.LANCHOR1
 974              		.cfi_endproc
 975              	.LFE158:
 977              		.section	.text.SrvDataHub_Get_PriIMU_Range,"ax",%progbits
 978              		.align	1
 979              		.syntax unified
 980              		.thumb
 981              		.thumb_func
 983              	SrvDataHub_Get_PriIMU_Range:
 984              	.LVL14:
 985              	.LFB159:
 450:Service/Srv_DataHub.c **** 
 451:Service/Srv_DataHub.c **** static bool SrvDataHub_Get_PriIMU_Range(uint8_t *acc_range, uint16_t *gyr_range)
 452:Service/Srv_DataHub.c **** {
 986              		.loc 1 452 1 is_stmt 1 view -0
 987              		.cfi_startproc
 988              		@ args = 0, pretend = 0, frame = 0
 989              		@ frame_needed = 0, uses_anonymous_args = 0
 990              		@ link register save eliminated.
 453:Service/Srv_DataHub.c ****     if(acc_range && gyr_range)
ARM GAS  C:\Users\HUAV\AppData\Local\Temp\cc14JS73.s 			page 30


 991              		.loc 1 453 5 view .LVU335
 992              		.loc 1 453 7 is_stmt 0 view .LVU336
 993 0000 8446     		mov	ip, r0
 994 0002 B0B1     		cbz	r0, .L72
 995              		.loc 1 453 18 discriminator 1 view .LVU337
 996 0004 B9B1     		cbz	r1, .L73
 997              	.L71:
 454:Service/Srv_DataHub.c ****     {
 455:Service/Srv_DataHub.c **** reupdate_pri_imu_range:
 456:Service/Srv_DataHub.c ****         SrvDataHub_Monitor.inuse_reg.bit.range_imu = true;
 998              		.loc 1 456 9 is_stmt 1 view .LVU338
 999              		.loc 1 456 52 is_stmt 0 view .LVU339
 1000 0006 0D4B     		ldr	r3, .L74
 1001 0008 1A7A     		ldrb	r2, [r3, #8]	@ zero_extendqisi2
 1002 000a 42F00402 		orr	r2, r2, #4
 1003 000e 1A72     		strb	r2, [r3, #8]
 457:Service/Srv_DataHub.c **** 
 458:Service/Srv_DataHub.c ****         (*acc_range) = SrvDataHub_Monitor.data.pri_acc_range;
 1004              		.loc 1 458 9 is_stmt 1 view .LVU340
 1005              		.loc 1 458 47 is_stmt 0 view .LVU341
 1006 0010 93F82A20 		ldrb	r2, [r3, #42]	@ zero_extendqisi2
 1007              		.loc 1 458 22 view .LVU342
 1008 0014 8CF80020 		strb	r2, [ip]
 459:Service/Srv_DataHub.c ****         (*gyr_range) = SrvDataHub_Monitor.data.pri_gyr_range;
 1009              		.loc 1 459 9 is_stmt 1 view .LVU343
 1010              		.loc 1 459 47 is_stmt 0 view .LVU344
 1011 0018 9A8D     		ldrh	r2, [r3, #44]
 1012              		.loc 1 459 22 view .LVU345
 1013 001a 0A80     		strh	r2, [r1]	@ movhi
 460:Service/Srv_DataHub.c **** 
 461:Service/Srv_DataHub.c ****         if(!SrvDataHub_Monitor.inuse_reg.bit.range_imu)
 1014              		.loc 1 461 9 is_stmt 1 view .LVU346
 1015              		.loc 1 461 12 is_stmt 0 view .LVU347
 1016 001c 1B7A     		ldrb	r3, [r3, #8]	@ zero_extendqisi2
 1017              		.loc 1 461 11 view .LVU348
 1018 001e 13F0040F 		tst	r3, #4
 1019 0022 F0D0     		beq	.L71
 462:Service/Srv_DataHub.c ****             goto reupdate_pri_imu_range;
 463:Service/Srv_DataHub.c **** 
 464:Service/Srv_DataHub.c ****         SrvDataHub_Monitor.inuse_reg.bit.range_imu = false;
 1020              		.loc 1 464 9 is_stmt 1 view .LVU349
 1021              		.loc 1 464 52 is_stmt 0 view .LVU350
 1022 0024 054B     		ldr	r3, .L74
 1023 0026 1A7A     		ldrb	r2, [r3, #8]	@ zero_extendqisi2
 1024 0028 6FF38202 		bfc	r2, #2, #1
 1025 002c 1A72     		strb	r2, [r3, #8]
 465:Service/Srv_DataHub.c **** 
 466:Service/Srv_DataHub.c ****         return true;
 1026              		.loc 1 466 9 is_stmt 1 view .LVU351
 1027              		.loc 1 466 16 is_stmt 0 view .LVU352
 1028 002e 0120     		movs	r0, #1
 1029              	.LVL15:
 1030              		.loc 1 466 16 view .LVU353
 1031 0030 7047     		bx	lr
 1032              	.LVL16:
 1033              	.L72:
 467:Service/Srv_DataHub.c ****     }
ARM GAS  C:\Users\HUAV\AppData\Local\Temp\cc14JS73.s 			page 31


 468:Service/Srv_DataHub.c **** 
 469:Service/Srv_DataHub.c ****     return false;
 1034              		.loc 1 469 12 view .LVU354
 1035 0032 0020     		movs	r0, #0
 1036              	.LVL17:
 1037              		.loc 1 469 12 view .LVU355
 1038 0034 7047     		bx	lr
 1039              	.LVL18:
 1040              	.L73:
 1041              		.loc 1 469 12 view .LVU356
 1042 0036 0020     		movs	r0, #0
 1043              	.LVL19:
 470:Service/Srv_DataHub.c **** }
 1044              		.loc 1 470 1 view .LVU357
 1045 0038 7047     		bx	lr
 1046              	.L75:
 1047 003a 00BF     		.align	2
 1048              	.L74:
 1049 003c 00000000 		.word	.LANCHOR0
 1050              		.cfi_endproc
 1051              	.LFE159:
 1053              		.section	.text.SrvDataHub_Get_SecIMU_Range,"ax",%progbits
 1054              		.align	1
 1055              		.syntax unified
 1056              		.thumb
 1057              		.thumb_func
 1059              	SrvDataHub_Get_SecIMU_Range:
 1060              	.LVL20:
 1061              	.LFB160:
 471:Service/Srv_DataHub.c **** 
 472:Service/Srv_DataHub.c **** static bool SrvDataHub_Get_SecIMU_Range(uint8_t *acc_range, uint16_t *gyr_range)
 473:Service/Srv_DataHub.c **** {
 1062              		.loc 1 473 1 is_stmt 1 view -0
 1063              		.cfi_startproc
 1064              		@ args = 0, pretend = 0, frame = 0
 1065              		@ frame_needed = 0, uses_anonymous_args = 0
 1066              		@ link register save eliminated.
 474:Service/Srv_DataHub.c ****     if(acc_range && gyr_range)
 1067              		.loc 1 474 5 view .LVU359
 1068              		.loc 1 474 7 is_stmt 0 view .LVU360
 1069 0000 0346     		mov	r3, r0
 1070 0002 30B1     		cbz	r0, .L77
 1071              		.loc 1 474 18 discriminator 1 view .LVU361
 1072 0004 29B1     		cbz	r1, .L77
 475:Service/Srv_DataHub.c ****     {
 476:Service/Srv_DataHub.c ****         (*acc_range) = SrvDataHub_Monitor.data.sec_acc_range;
 1073              		.loc 1 476 9 is_stmt 1 view .LVU362
 1074              		.loc 1 476 47 is_stmt 0 view .LVU363
 1075 0006 044A     		ldr	r2, .L78
 1076 0008 92F82E00 		ldrb	r0, [r2, #46]	@ zero_extendqisi2
 1077              	.LVL21:
 1078              		.loc 1 476 22 view .LVU364
 1079 000c 1870     		strb	r0, [r3]
 477:Service/Srv_DataHub.c ****         (*gyr_range) = SrvDataHub_Monitor.data.sec_gyr_range;
 1080              		.loc 1 477 9 is_stmt 1 view .LVU365
 1081              		.loc 1 477 47 is_stmt 0 view .LVU366
 1082 000e 138E     		ldrh	r3, [r2, #48]
ARM GAS  C:\Users\HUAV\AppData\Local\Temp\cc14JS73.s 			page 32


 1083              	.LVL22:
 1084              		.loc 1 477 22 view .LVU367
 1085 0010 0B80     		strh	r3, [r1]	@ movhi
 1086              	.L77:
 478:Service/Srv_DataHub.c ****     }
 479:Service/Srv_DataHub.c **** 
 480:Service/Srv_DataHub.c ****     return true; 
 1087              		.loc 1 480 5 is_stmt 1 view .LVU368
 481:Service/Srv_DataHub.c **** }
 1088              		.loc 1 481 1 is_stmt 0 view .LVU369
 1089 0012 0120     		movs	r0, #1
 1090 0014 7047     		bx	lr
 1091              	.L79:
 1092 0016 00BF     		.align	2
 1093              	.L78:
 1094 0018 00000000 		.word	.LANCHOR0
 1095              		.cfi_endproc
 1096              	.LFE160:
 1098              		.section	.text.SrvDataHub_Get_Raw_IMU,"ax",%progbits
 1099              		.align	1
 1100              		.syntax unified
 1101              		.thumb
 1102              		.thumb_func
 1104              	SrvDataHub_Get_Raw_IMU:
 1105              	.LVL23:
 1106              	.LFB161:
 482:Service/Srv_DataHub.c **** 
 483:Service/Srv_DataHub.c **** static bool SrvDataHub_Get_Raw_IMU(uint32_t *time_stamp, float *acc_scale, float *gyr_scale, float 
 484:Service/Srv_DataHub.c **** {
 1107              		.loc 1 484 1 is_stmt 1 view -0
 1108              		.cfi_startproc
 1109              		@ args = 28, pretend = 0, frame = 0
 1110              		@ frame_needed = 0, uses_anonymous_args = 0
 1111              		.loc 1 484 1 is_stmt 0 view .LVU371
 1112 0000 2DE9F04F 		push	{r4, r5, r6, r7, r8, r9, r10, fp, lr}
 1113              	.LCFI2:
 1114              		.cfi_def_cfa_offset 36
 1115              		.cfi_offset 4, -36
 1116              		.cfi_offset 5, -32
 1117              		.cfi_offset 6, -28
 1118              		.cfi_offset 7, -24
 1119              		.cfi_offset 8, -20
 1120              		.cfi_offset 9, -16
 1121              		.cfi_offset 10, -12
 1122              		.cfi_offset 11, -8
 1123              		.cfi_offset 14, -4
 1124 0004 DDF82490 		ldr	r9, [sp, #36]
 1125 0008 DDF82880 		ldr	r8, [sp, #40]
 1126 000c DDF82CE0 		ldr	lr, [sp, #44]
 1127 0010 0C9F     		ldr	r7, [sp, #48]
 1128 0012 0D9E     		ldr	r6, [sp, #52]
 1129 0014 0E9D     		ldr	r5, [sp, #56]
 1130 0016 DDF83CB0 		ldr	fp, [sp, #60]
 1131 001a 0CE0     		b	.L81
 1132              	.L95:
 485:Service/Srv_DataHub.c **** reupdate_raw_imu:
 486:Service/Srv_DataHub.c ****     SrvDataHub_Monitor.inuse_reg.bit.raw_imu = true;
ARM GAS  C:\Users\HUAV\AppData\Local\Temp\cc14JS73.s 			page 33


 487:Service/Srv_DataHub.c **** 
 488:Service/Srv_DataHub.c ****     if (time_stamp)
 489:Service/Srv_DataHub.c ****         *time_stamp = SrvDataHub_Monitor.data.imu_update_time;
 490:Service/Srv_DataHub.c ****     
 491:Service/Srv_DataHub.c ****     if (acc_scale)
 492:Service/Srv_DataHub.c ****         *acc_scale = SrvDataHub_Monitor.data.acc_scale;
 493:Service/Srv_DataHub.c ****     
 494:Service/Srv_DataHub.c ****     if (gyr_scale)
 495:Service/Srv_DataHub.c ****         *gyr_scale = SrvDataHub_Monitor.data.gyr_scale;
 496:Service/Srv_DataHub.c ****     
 497:Service/Srv_DataHub.c ****     if (acc_x)
 498:Service/Srv_DataHub.c ****         *acc_x = SrvDataHub_Monitor.data.org_acc_x;
 499:Service/Srv_DataHub.c ****     
 500:Service/Srv_DataHub.c ****     if (acc_y)
 501:Service/Srv_DataHub.c ****         *acc_y = SrvDataHub_Monitor.data.org_acc_y;
 502:Service/Srv_DataHub.c ****     
 503:Service/Srv_DataHub.c ****     if (acc_z)
 504:Service/Srv_DataHub.c ****         *acc_z = SrvDataHub_Monitor.data.org_acc_z;
 505:Service/Srv_DataHub.c ****     
 506:Service/Srv_DataHub.c ****     if (gyr_x)
 507:Service/Srv_DataHub.c ****         *gyr_x = SrvDataHub_Monitor.data.org_gyr_x;
 508:Service/Srv_DataHub.c ****     
 509:Service/Srv_DataHub.c ****     if (gyr_y)
 510:Service/Srv_DataHub.c ****         *gyr_y = SrvDataHub_Monitor.data.org_gyr_y;
 511:Service/Srv_DataHub.c ****     
 512:Service/Srv_DataHub.c ****     if (gyr_z)
 513:Service/Srv_DataHub.c ****         *gyr_z = SrvDataHub_Monitor.data.org_gyr_z;
 514:Service/Srv_DataHub.c ****     
 515:Service/Srv_DataHub.c ****     if (tmpr)
 516:Service/Srv_DataHub.c ****         *tmpr = SrvDataHub_Monitor.data.imu_temp;
 517:Service/Srv_DataHub.c ****     
 518:Service/Srv_DataHub.c ****     if (err)
 519:Service/Srv_DataHub.c ****         *err = SrvDataHub_Monitor.data.imu_error_code;
 1133              		.loc 1 519 9 is_stmt 1 view .LVU372
 1134              		.loc 1 519 39 is_stmt 0 view .LVU373
 1135 001c DFF8D0C0 		ldr	ip, .L96
 1136 0020 9CF868C0 		ldrb	ip, [ip, #104]	@ zero_extendqisi2
 1137              		.loc 1 519 14 view .LVU374
 1138 0024 8BF800C0 		strb	ip, [fp]
 1139              	.L92:
 520:Service/Srv_DataHub.c **** 
 521:Service/Srv_DataHub.c ****     if (!SrvDataHub_Monitor.inuse_reg.bit.raw_imu)
 1140              		.loc 1 521 5 is_stmt 1 view .LVU375
 1141              		.loc 1 521 9 is_stmt 0 view .LVU376
 1142 0028 DFF8C4C0 		ldr	ip, .L96
 1143 002c 9CF808C0 		ldrb	ip, [ip, #8]	@ zero_extendqisi2
 1144              		.loc 1 521 8 view .LVU377
 1145 0030 1CF0010F 		tst	ip, #1
 1146 0034 54D1     		bne	.L94
 1147              	.L81:
 486:Service/Srv_DataHub.c **** 
 1148              		.loc 1 486 5 is_stmt 1 view .LVU378
 486:Service/Srv_DataHub.c **** 
 1149              		.loc 1 486 46 is_stmt 0 view .LVU379
 1150 0036 DFF8B8A0 		ldr	r10, .L96
 1151 003a 9AF808C0 		ldrb	ip, [r10, #8]	@ zero_extendqisi2
 1152 003e 4CF0010C 		orr	ip, ip, #1
ARM GAS  C:\Users\HUAV\AppData\Local\Temp\cc14JS73.s 			page 34


 1153 0042 8AF808C0 		strb	ip, [r10, #8]
 488:Service/Srv_DataHub.c ****         *time_stamp = SrvDataHub_Monitor.data.imu_update_time;
 1154              		.loc 1 488 5 is_stmt 1 view .LVU380
 488:Service/Srv_DataHub.c ****         *time_stamp = SrvDataHub_Monitor.data.imu_update_time;
 1155              		.loc 1 488 8 is_stmt 0 view .LVU381
 1156 0046 10B1     		cbz	r0, .L82
 489:Service/Srv_DataHub.c ****     
 1157              		.loc 1 489 9 is_stmt 1 view .LVU382
 489:Service/Srv_DataHub.c ****     
 1158              		.loc 1 489 46 is_stmt 0 view .LVU383
 1159 0048 DAF81C40 		ldr	r4, [r10, #28]
 1160 004c 0460     		str	r4, [r0]
 1161              	.L82:
 491:Service/Srv_DataHub.c ****         *acc_scale = SrvDataHub_Monitor.data.acc_scale;
 1162              		.loc 1 491 5 is_stmt 1 view .LVU384
 491:Service/Srv_DataHub.c ****         *acc_scale = SrvDataHub_Monitor.data.acc_scale;
 1163              		.loc 1 491 8 is_stmt 0 view .LVU385
 1164 004e 29B1     		cbz	r1, .L83
 492:Service/Srv_DataHub.c ****     
 1165              		.loc 1 492 9 is_stmt 1 view .LVU386
 492:Service/Srv_DataHub.c ****     
 1166              		.loc 1 492 45 is_stmt 0 view .LVU387
 1167 0050 DFF89CC0 		ldr	ip, .L96
 1168 0054 DCF820C0 		ldr	ip, [ip, #32]	@ float
 492:Service/Srv_DataHub.c ****     
 1169              		.loc 1 492 20 view .LVU388
 1170 0058 C1F800C0 		str	ip, [r1]	@ float
 1171              	.L83:
 494:Service/Srv_DataHub.c ****         *gyr_scale = SrvDataHub_Monitor.data.gyr_scale;
 1172              		.loc 1 494 5 is_stmt 1 view .LVU389
 494:Service/Srv_DataHub.c ****         *gyr_scale = SrvDataHub_Monitor.data.gyr_scale;
 1173              		.loc 1 494 8 is_stmt 0 view .LVU390
 1174 005c 2AB1     		cbz	r2, .L84
 495:Service/Srv_DataHub.c ****     
 1175              		.loc 1 495 9 is_stmt 1 view .LVU391
 495:Service/Srv_DataHub.c ****     
 1176              		.loc 1 495 45 is_stmt 0 view .LVU392
 1177 005e DFF890C0 		ldr	ip, .L96
 1178 0062 DCF824C0 		ldr	ip, [ip, #36]	@ float
 495:Service/Srv_DataHub.c ****     
 1179              		.loc 1 495 20 view .LVU393
 1180 0066 C2F800C0 		str	ip, [r2]	@ float
 1181              	.L84:
 497:Service/Srv_DataHub.c ****         *acc_x = SrvDataHub_Monitor.data.org_acc_x;
 1182              		.loc 1 497 5 is_stmt 1 view .LVU394
 497:Service/Srv_DataHub.c ****         *acc_x = SrvDataHub_Monitor.data.org_acc_x;
 1183              		.loc 1 497 8 is_stmt 0 view .LVU395
 1184 006a 2BB1     		cbz	r3, .L85
 498:Service/Srv_DataHub.c ****     
 1185              		.loc 1 498 9 is_stmt 1 view .LVU396
 498:Service/Srv_DataHub.c ****     
 1186              		.loc 1 498 41 is_stmt 0 view .LVU397
 1187 006c DFF880C0 		ldr	ip, .L96
 1188 0070 DCF858C0 		ldr	ip, [ip, #88]	@ float
 498:Service/Srv_DataHub.c ****     
 1189              		.loc 1 498 16 view .LVU398
 1190 0074 C3F800C0 		str	ip, [r3]	@ float
ARM GAS  C:\Users\HUAV\AppData\Local\Temp\cc14JS73.s 			page 35


 1191              	.L85:
 500:Service/Srv_DataHub.c ****         *acc_y = SrvDataHub_Monitor.data.org_acc_y;
 1192              		.loc 1 500 5 is_stmt 1 view .LVU399
 500:Service/Srv_DataHub.c ****         *acc_y = SrvDataHub_Monitor.data.org_acc_y;
 1193              		.loc 1 500 8 is_stmt 0 view .LVU400
 1194 0078 B9F1000F 		cmp	r9, #0
 1195 007c 05D0     		beq	.L86
 501:Service/Srv_DataHub.c ****     
 1196              		.loc 1 501 9 is_stmt 1 view .LVU401
 501:Service/Srv_DataHub.c ****     
 1197              		.loc 1 501 41 is_stmt 0 view .LVU402
 1198 007e DFF870C0 		ldr	ip, .L96
 1199 0082 DCF85CC0 		ldr	ip, [ip, #92]	@ float
 501:Service/Srv_DataHub.c ****     
 1200              		.loc 1 501 16 view .LVU403
 1201 0086 C9F800C0 		str	ip, [r9]	@ float
 1202              	.L86:
 503:Service/Srv_DataHub.c ****         *acc_z = SrvDataHub_Monitor.data.org_acc_z;
 1203              		.loc 1 503 5 is_stmt 1 view .LVU404
 503:Service/Srv_DataHub.c ****         *acc_z = SrvDataHub_Monitor.data.org_acc_z;
 1204              		.loc 1 503 8 is_stmt 0 view .LVU405
 1205 008a B8F1000F 		cmp	r8, #0
 1206 008e 05D0     		beq	.L87
 504:Service/Srv_DataHub.c ****     
 1207              		.loc 1 504 9 is_stmt 1 view .LVU406
 504:Service/Srv_DataHub.c ****     
 1208              		.loc 1 504 41 is_stmt 0 view .LVU407
 1209 0090 DFF85CC0 		ldr	ip, .L96
 1210 0094 DCF860C0 		ldr	ip, [ip, #96]	@ float
 504:Service/Srv_DataHub.c ****     
 1211              		.loc 1 504 16 view .LVU408
 1212 0098 C8F800C0 		str	ip, [r8]	@ float
 1213              	.L87:
 506:Service/Srv_DataHub.c ****         *gyr_x = SrvDataHub_Monitor.data.org_gyr_x;
 1214              		.loc 1 506 5 is_stmt 1 view .LVU409
 506:Service/Srv_DataHub.c ****         *gyr_x = SrvDataHub_Monitor.data.org_gyr_x;
 1215              		.loc 1 506 8 is_stmt 0 view .LVU410
 1216 009c BEF1000F 		cmp	lr, #0
 1217 00a0 05D0     		beq	.L88
 507:Service/Srv_DataHub.c ****     
 1218              		.loc 1 507 9 is_stmt 1 view .LVU411
 507:Service/Srv_DataHub.c ****     
 1219              		.loc 1 507 41 is_stmt 0 view .LVU412
 1220 00a2 DFF84CC0 		ldr	ip, .L96
 1221 00a6 DCF840C0 		ldr	ip, [ip, #64]	@ float
 507:Service/Srv_DataHub.c ****     
 1222              		.loc 1 507 16 view .LVU413
 1223 00aa CEF800C0 		str	ip, [lr]	@ float
 1224              	.L88:
 509:Service/Srv_DataHub.c ****         *gyr_y = SrvDataHub_Monitor.data.org_gyr_y;
 1225              		.loc 1 509 5 is_stmt 1 view .LVU414
 509:Service/Srv_DataHub.c ****         *gyr_y = SrvDataHub_Monitor.data.org_gyr_y;
 1226              		.loc 1 509 8 is_stmt 0 view .LVU415
 1227 00ae 2FB1     		cbz	r7, .L89
 510:Service/Srv_DataHub.c ****     
 1228              		.loc 1 510 9 is_stmt 1 view .LVU416
 510:Service/Srv_DataHub.c ****     
ARM GAS  C:\Users\HUAV\AppData\Local\Temp\cc14JS73.s 			page 36


 1229              		.loc 1 510 41 is_stmt 0 view .LVU417
 1230 00b0 DFF83CC0 		ldr	ip, .L96
 1231 00b4 DCF844C0 		ldr	ip, [ip, #68]	@ float
 510:Service/Srv_DataHub.c ****     
 1232              		.loc 1 510 16 view .LVU418
 1233 00b8 C7F800C0 		str	ip, [r7]	@ float
 1234              	.L89:
 512:Service/Srv_DataHub.c ****         *gyr_z = SrvDataHub_Monitor.data.org_gyr_z;
 1235              		.loc 1 512 5 is_stmt 1 view .LVU419
 512:Service/Srv_DataHub.c ****         *gyr_z = SrvDataHub_Monitor.data.org_gyr_z;
 1236              		.loc 1 512 8 is_stmt 0 view .LVU420
 1237 00bc 2EB1     		cbz	r6, .L90
 513:Service/Srv_DataHub.c ****     
 1238              		.loc 1 513 9 is_stmt 1 view .LVU421
 513:Service/Srv_DataHub.c ****     
 1239              		.loc 1 513 41 is_stmt 0 view .LVU422
 1240 00be DFF830C0 		ldr	ip, .L96
 1241 00c2 DCF848C0 		ldr	ip, [ip, #72]	@ float
 513:Service/Srv_DataHub.c ****     
 1242              		.loc 1 513 16 view .LVU423
 1243 00c6 C6F800C0 		str	ip, [r6]	@ float
 1244              	.L90:
 515:Service/Srv_DataHub.c ****         *tmpr = SrvDataHub_Monitor.data.imu_temp;
 1245              		.loc 1 515 5 is_stmt 1 view .LVU424
 515:Service/Srv_DataHub.c ****         *tmpr = SrvDataHub_Monitor.data.imu_temp;
 1246              		.loc 1 515 8 is_stmt 0 view .LVU425
 1247 00ca 2DB1     		cbz	r5, .L91
 516:Service/Srv_DataHub.c ****     
 1248              		.loc 1 516 9 is_stmt 1 view .LVU426
 516:Service/Srv_DataHub.c ****     
 1249              		.loc 1 516 40 is_stmt 0 view .LVU427
 1250 00cc DFF820C0 		ldr	ip, .L96
 1251 00d0 DCF864C0 		ldr	ip, [ip, #100]	@ float
 516:Service/Srv_DataHub.c ****     
 1252              		.loc 1 516 15 view .LVU428
 1253 00d4 C5F800C0 		str	ip, [r5]	@ float
 1254              	.L91:
 518:Service/Srv_DataHub.c ****         *err = SrvDataHub_Monitor.data.imu_error_code;
 1255              		.loc 1 518 5 is_stmt 1 view .LVU429
 518:Service/Srv_DataHub.c ****         *err = SrvDataHub_Monitor.data.imu_error_code;
 1256              		.loc 1 518 8 is_stmt 0 view .LVU430
 1257 00d8 BBF1000F 		cmp	fp, #0
 1258 00dc 9ED1     		bne	.L95
 1259 00de A3E7     		b	.L92
 1260              	.L94:
 522:Service/Srv_DataHub.c ****         goto reupdate_raw_imu;
 523:Service/Srv_DataHub.c **** 
 524:Service/Srv_DataHub.c ****     SrvDataHub_Monitor.inuse_reg.bit.raw_imu = false;
 1261              		.loc 1 524 5 is_stmt 1 view .LVU431
 1262              		.loc 1 524 46 is_stmt 0 view .LVU432
 1263 00e0 034B     		ldr	r3, .L96
 1264              	.LVL24:
 1265              		.loc 1 524 46 view .LVU433
 1266 00e2 1A7A     		ldrb	r2, [r3, #8]	@ zero_extendqisi2
 1267              	.LVL25:
 1268              		.loc 1 524 46 view .LVU434
 1269 00e4 6FF30002 		bfc	r2, #0, #1
ARM GAS  C:\Users\HUAV\AppData\Local\Temp\cc14JS73.s 			page 37


 1270 00e8 1A72     		strb	r2, [r3, #8]
 525:Service/Srv_DataHub.c **** 
 526:Service/Srv_DataHub.c ****     return true;
 1271              		.loc 1 526 5 is_stmt 1 view .LVU435
 527:Service/Srv_DataHub.c **** }
 1272              		.loc 1 527 1 is_stmt 0 view .LVU436
 1273 00ea 0120     		movs	r0, #1
 1274              	.LVL26:
 1275              		.loc 1 527 1 view .LVU437
 1276 00ec BDE8F08F 		pop	{r4, r5, r6, r7, r8, r9, r10, fp, pc}
 1277              	.LVL27:
 1278              	.L97:
 1279              		.loc 1 527 1 view .LVU438
 1280              		.align	2
 1281              	.L96:
 1282 00f0 00000000 		.word	.LANCHOR0
 1283              		.cfi_endproc
 1284              	.LFE161:
 1286              		.section	.text.SrvDataHub_Get_Scaled_IMU,"ax",%progbits
 1287              		.align	1
 1288              		.syntax unified
 1289              		.thumb
 1290              		.thumb_func
 1292              	SrvDataHub_Get_Scaled_IMU:
 1293              	.LVL28:
 1294              	.LFB162:
 528:Service/Srv_DataHub.c **** 
 529:Service/Srv_DataHub.c **** static bool SrvDataHub_Get_Scaled_IMU(uint32_t *time_stamp, float *acc_scale, float *gyr_scale, flo
 530:Service/Srv_DataHub.c **** {
 1295              		.loc 1 530 1 is_stmt 1 view -0
 1296              		.cfi_startproc
 1297              		@ args = 28, pretend = 0, frame = 0
 1298              		@ frame_needed = 0, uses_anonymous_args = 0
 1299              		.loc 1 530 1 is_stmt 0 view .LVU440
 1300 0000 2DE9F04F 		push	{r4, r5, r6, r7, r8, r9, r10, fp, lr}
 1301              	.LCFI3:
 1302              		.cfi_def_cfa_offset 36
 1303              		.cfi_offset 4, -36
 1304              		.cfi_offset 5, -32
 1305              		.cfi_offset 6, -28
 1306              		.cfi_offset 7, -24
 1307              		.cfi_offset 8, -20
 1308              		.cfi_offset 9, -16
 1309              		.cfi_offset 10, -12
 1310              		.cfi_offset 11, -8
 1311              		.cfi_offset 14, -4
 1312 0004 DDF82490 		ldr	r9, [sp, #36]
 1313 0008 DDF82880 		ldr	r8, [sp, #40]
 1314 000c DDF82CE0 		ldr	lr, [sp, #44]
 1315 0010 0C9F     		ldr	r7, [sp, #48]
 1316 0012 0D9E     		ldr	r6, [sp, #52]
 1317 0014 0E9D     		ldr	r5, [sp, #56]
 1318 0016 DDF83CB0 		ldr	fp, [sp, #60]
 1319 001a 0CE0     		b	.L99
 1320              	.L113:
 531:Service/Srv_DataHub.c **** reupdate_scaled_imu:
 532:Service/Srv_DataHub.c ****     SrvDataHub_Monitor.inuse_reg.bit.scaled_imu = true;
ARM GAS  C:\Users\HUAV\AppData\Local\Temp\cc14JS73.s 			page 38


 533:Service/Srv_DataHub.c **** 
 534:Service/Srv_DataHub.c ****     if (time_stamp)
 535:Service/Srv_DataHub.c ****         *time_stamp = SrvDataHub_Monitor.data.imu_update_time; 
 536:Service/Srv_DataHub.c ****     
 537:Service/Srv_DataHub.c ****     if (acc_scale)
 538:Service/Srv_DataHub.c ****         *acc_scale = SrvDataHub_Monitor.data.acc_scale;
 539:Service/Srv_DataHub.c ****     
 540:Service/Srv_DataHub.c ****     if (gyr_scale)
 541:Service/Srv_DataHub.c ****         *gyr_scale = SrvDataHub_Monitor.data.gyr_scale;
 542:Service/Srv_DataHub.c ****     
 543:Service/Srv_DataHub.c ****     if (acc_x)
 544:Service/Srv_DataHub.c ****         *acc_x = SrvDataHub_Monitor.data.flt_acc_x;
 545:Service/Srv_DataHub.c ****     
 546:Service/Srv_DataHub.c ****     if (acc_y)
 547:Service/Srv_DataHub.c ****         *acc_y = SrvDataHub_Monitor.data.flt_acc_y;
 548:Service/Srv_DataHub.c ****     
 549:Service/Srv_DataHub.c ****     if (acc_z)
 550:Service/Srv_DataHub.c ****         *acc_z = SrvDataHub_Monitor.data.flt_acc_z;
 551:Service/Srv_DataHub.c ****     
 552:Service/Srv_DataHub.c ****     if (gyr_x)
 553:Service/Srv_DataHub.c ****         *gyr_x = SrvDataHub_Monitor.data.flt_gyr_x;
 554:Service/Srv_DataHub.c ****     
 555:Service/Srv_DataHub.c ****     if (gyr_y)
 556:Service/Srv_DataHub.c ****         *gyr_y = SrvDataHub_Monitor.data.flt_gyr_y;
 557:Service/Srv_DataHub.c ****     
 558:Service/Srv_DataHub.c ****     if (gyr_z)
 559:Service/Srv_DataHub.c ****         *gyr_z = SrvDataHub_Monitor.data.flt_gyr_z;
 560:Service/Srv_DataHub.c ****     
 561:Service/Srv_DataHub.c ****     if (tmpr)
 562:Service/Srv_DataHub.c ****         *tmpr = SrvDataHub_Monitor.data.imu_temp;
 563:Service/Srv_DataHub.c ****     
 564:Service/Srv_DataHub.c ****     if (err)
 565:Service/Srv_DataHub.c ****         *err = SrvDataHub_Monitor.data.imu_error_code;
 1321              		.loc 1 565 9 is_stmt 1 view .LVU441
 1322              		.loc 1 565 39 is_stmt 0 view .LVU442
 1323 001c DFF8D0C0 		ldr	ip, .L114
 1324 0020 9CF868C0 		ldrb	ip, [ip, #104]	@ zero_extendqisi2
 1325              		.loc 1 565 14 view .LVU443
 1326 0024 8BF800C0 		strb	ip, [fp]
 1327              	.L110:
 566:Service/Srv_DataHub.c **** 
 567:Service/Srv_DataHub.c ****     if (!SrvDataHub_Monitor.inuse_reg.bit.scaled_imu)
 1328              		.loc 1 567 5 is_stmt 1 view .LVU444
 1329              		.loc 1 567 9 is_stmt 0 view .LVU445
 1330 0028 DFF8C4C0 		ldr	ip, .L114
 1331 002c 9CF808C0 		ldrb	ip, [ip, #8]	@ zero_extendqisi2
 1332              		.loc 1 567 8 view .LVU446
 1333 0030 1CF0020F 		tst	ip, #2
 1334 0034 54D1     		bne	.L112
 1335              	.L99:
 532:Service/Srv_DataHub.c **** 
 1336              		.loc 1 532 5 is_stmt 1 view .LVU447
 532:Service/Srv_DataHub.c **** 
 1337              		.loc 1 532 49 is_stmt 0 view .LVU448
 1338 0036 DFF8B8A0 		ldr	r10, .L114
 1339 003a 9AF808C0 		ldrb	ip, [r10, #8]	@ zero_extendqisi2
 1340 003e 4CF0020C 		orr	ip, ip, #2
ARM GAS  C:\Users\HUAV\AppData\Local\Temp\cc14JS73.s 			page 39


 1341 0042 8AF808C0 		strb	ip, [r10, #8]
 534:Service/Srv_DataHub.c ****         *time_stamp = SrvDataHub_Monitor.data.imu_update_time; 
 1342              		.loc 1 534 5 is_stmt 1 view .LVU449
 534:Service/Srv_DataHub.c ****         *time_stamp = SrvDataHub_Monitor.data.imu_update_time; 
 1343              		.loc 1 534 8 is_stmt 0 view .LVU450
 1344 0046 10B1     		cbz	r0, .L100
 535:Service/Srv_DataHub.c ****     
 1345              		.loc 1 535 9 is_stmt 1 view .LVU451
 535:Service/Srv_DataHub.c ****     
 1346              		.loc 1 535 46 is_stmt 0 view .LVU452
 1347 0048 DAF81C40 		ldr	r4, [r10, #28]
 1348 004c 0460     		str	r4, [r0]
 1349              	.L100:
 537:Service/Srv_DataHub.c ****         *acc_scale = SrvDataHub_Monitor.data.acc_scale;
 1350              		.loc 1 537 5 is_stmt 1 view .LVU453
 537:Service/Srv_DataHub.c ****         *acc_scale = SrvDataHub_Monitor.data.acc_scale;
 1351              		.loc 1 537 8 is_stmt 0 view .LVU454
 1352 004e 29B1     		cbz	r1, .L101
 538:Service/Srv_DataHub.c ****     
 1353              		.loc 1 538 9 is_stmt 1 view .LVU455
 538:Service/Srv_DataHub.c ****     
 1354              		.loc 1 538 45 is_stmt 0 view .LVU456
 1355 0050 DFF89CC0 		ldr	ip, .L114
 1356 0054 DCF820C0 		ldr	ip, [ip, #32]	@ float
 538:Service/Srv_DataHub.c ****     
 1357              		.loc 1 538 20 view .LVU457
 1358 0058 C1F800C0 		str	ip, [r1]	@ float
 1359              	.L101:
 540:Service/Srv_DataHub.c ****         *gyr_scale = SrvDataHub_Monitor.data.gyr_scale;
 1360              		.loc 1 540 5 is_stmt 1 view .LVU458
 540:Service/Srv_DataHub.c ****         *gyr_scale = SrvDataHub_Monitor.data.gyr_scale;
 1361              		.loc 1 540 8 is_stmt 0 view .LVU459
 1362 005c 2AB1     		cbz	r2, .L102
 541:Service/Srv_DataHub.c ****     
 1363              		.loc 1 541 9 is_stmt 1 view .LVU460
 541:Service/Srv_DataHub.c ****     
 1364              		.loc 1 541 45 is_stmt 0 view .LVU461
 1365 005e DFF890C0 		ldr	ip, .L114
 1366 0062 DCF824C0 		ldr	ip, [ip, #36]	@ float
 541:Service/Srv_DataHub.c ****     
 1367              		.loc 1 541 20 view .LVU462
 1368 0066 C2F800C0 		str	ip, [r2]	@ float
 1369              	.L102:
 543:Service/Srv_DataHub.c ****         *acc_x = SrvDataHub_Monitor.data.flt_acc_x;
 1370              		.loc 1 543 5 is_stmt 1 view .LVU463
 543:Service/Srv_DataHub.c ****         *acc_x = SrvDataHub_Monitor.data.flt_acc_x;
 1371              		.loc 1 543 8 is_stmt 0 view .LVU464
 1372 006a 2BB1     		cbz	r3, .L103
 544:Service/Srv_DataHub.c ****     
 1373              		.loc 1 544 9 is_stmt 1 view .LVU465
 544:Service/Srv_DataHub.c ****     
 1374              		.loc 1 544 41 is_stmt 0 view .LVU466
 1375 006c DFF880C0 		ldr	ip, .L114
 1376 0070 DCF84CC0 		ldr	ip, [ip, #76]	@ float
 544:Service/Srv_DataHub.c ****     
 1377              		.loc 1 544 16 view .LVU467
 1378 0074 C3F800C0 		str	ip, [r3]	@ float
ARM GAS  C:\Users\HUAV\AppData\Local\Temp\cc14JS73.s 			page 40


 1379              	.L103:
 546:Service/Srv_DataHub.c ****         *acc_y = SrvDataHub_Monitor.data.flt_acc_y;
 1380              		.loc 1 546 5 is_stmt 1 view .LVU468
 546:Service/Srv_DataHub.c ****         *acc_y = SrvDataHub_Monitor.data.flt_acc_y;
 1381              		.loc 1 546 8 is_stmt 0 view .LVU469
 1382 0078 B9F1000F 		cmp	r9, #0
 1383 007c 05D0     		beq	.L104
 547:Service/Srv_DataHub.c ****     
 1384              		.loc 1 547 9 is_stmt 1 view .LVU470
 547:Service/Srv_DataHub.c ****     
 1385              		.loc 1 547 41 is_stmt 0 view .LVU471
 1386 007e DFF870C0 		ldr	ip, .L114
 1387 0082 DCF850C0 		ldr	ip, [ip, #80]	@ float
 547:Service/Srv_DataHub.c ****     
 1388              		.loc 1 547 16 view .LVU472
 1389 0086 C9F800C0 		str	ip, [r9]	@ float
 1390              	.L104:
 549:Service/Srv_DataHub.c ****         *acc_z = SrvDataHub_Monitor.data.flt_acc_z;
 1391              		.loc 1 549 5 is_stmt 1 view .LVU473
 549:Service/Srv_DataHub.c ****         *acc_z = SrvDataHub_Monitor.data.flt_acc_z;
 1392              		.loc 1 549 8 is_stmt 0 view .LVU474
 1393 008a B8F1000F 		cmp	r8, #0
 1394 008e 05D0     		beq	.L105
 550:Service/Srv_DataHub.c ****     
 1395              		.loc 1 550 9 is_stmt 1 view .LVU475
 550:Service/Srv_DataHub.c ****     
 1396              		.loc 1 550 41 is_stmt 0 view .LVU476
 1397 0090 DFF85CC0 		ldr	ip, .L114
 1398 0094 DCF854C0 		ldr	ip, [ip, #84]	@ float
 550:Service/Srv_DataHub.c ****     
 1399              		.loc 1 550 16 view .LVU477
 1400 0098 C8F800C0 		str	ip, [r8]	@ float
 1401              	.L105:
 552:Service/Srv_DataHub.c ****         *gyr_x = SrvDataHub_Monitor.data.flt_gyr_x;
 1402              		.loc 1 552 5 is_stmt 1 view .LVU478
 552:Service/Srv_DataHub.c ****         *gyr_x = SrvDataHub_Monitor.data.flt_gyr_x;
 1403              		.loc 1 552 8 is_stmt 0 view .LVU479
 1404 009c BEF1000F 		cmp	lr, #0
 1405 00a0 05D0     		beq	.L106
 553:Service/Srv_DataHub.c ****     
 1406              		.loc 1 553 9 is_stmt 1 view .LVU480
 553:Service/Srv_DataHub.c ****     
 1407              		.loc 1 553 41 is_stmt 0 view .LVU481
 1408 00a2 DFF84CC0 		ldr	ip, .L114
 1409 00a6 DCF834C0 		ldr	ip, [ip, #52]	@ float
 553:Service/Srv_DataHub.c ****     
 1410              		.loc 1 553 16 view .LVU482
 1411 00aa CEF800C0 		str	ip, [lr]	@ float
 1412              	.L106:
 555:Service/Srv_DataHub.c ****         *gyr_y = SrvDataHub_Monitor.data.flt_gyr_y;
 1413              		.loc 1 555 5 is_stmt 1 view .LVU483
 555:Service/Srv_DataHub.c ****         *gyr_y = SrvDataHub_Monitor.data.flt_gyr_y;
 1414              		.loc 1 555 8 is_stmt 0 view .LVU484
 1415 00ae 2FB1     		cbz	r7, .L107
 556:Service/Srv_DataHub.c ****     
 1416              		.loc 1 556 9 is_stmt 1 view .LVU485
 556:Service/Srv_DataHub.c ****     
ARM GAS  C:\Users\HUAV\AppData\Local\Temp\cc14JS73.s 			page 41


 1417              		.loc 1 556 41 is_stmt 0 view .LVU486
 1418 00b0 DFF83CC0 		ldr	ip, .L114
 1419 00b4 DCF838C0 		ldr	ip, [ip, #56]	@ float
 556:Service/Srv_DataHub.c ****     
 1420              		.loc 1 556 16 view .LVU487
 1421 00b8 C7F800C0 		str	ip, [r7]	@ float
 1422              	.L107:
 558:Service/Srv_DataHub.c ****         *gyr_z = SrvDataHub_Monitor.data.flt_gyr_z;
 1423              		.loc 1 558 5 is_stmt 1 view .LVU488
 558:Service/Srv_DataHub.c ****         *gyr_z = SrvDataHub_Monitor.data.flt_gyr_z;
 1424              		.loc 1 558 8 is_stmt 0 view .LVU489
 1425 00bc 2EB1     		cbz	r6, .L108
 559:Service/Srv_DataHub.c ****     
 1426              		.loc 1 559 9 is_stmt 1 view .LVU490
 559:Service/Srv_DataHub.c ****     
 1427              		.loc 1 559 41 is_stmt 0 view .LVU491
 1428 00be DFF830C0 		ldr	ip, .L114
 1429 00c2 DCF83CC0 		ldr	ip, [ip, #60]	@ float
 559:Service/Srv_DataHub.c ****     
 1430              		.loc 1 559 16 view .LVU492
 1431 00c6 C6F800C0 		str	ip, [r6]	@ float
 1432              	.L108:
 561:Service/Srv_DataHub.c ****         *tmpr = SrvDataHub_Monitor.data.imu_temp;
 1433              		.loc 1 561 5 is_stmt 1 view .LVU493
 561:Service/Srv_DataHub.c ****         *tmpr = SrvDataHub_Monitor.data.imu_temp;
 1434              		.loc 1 561 8 is_stmt 0 view .LVU494
 1435 00ca 2DB1     		cbz	r5, .L109
 562:Service/Srv_DataHub.c ****     
 1436              		.loc 1 562 9 is_stmt 1 view .LVU495
 562:Service/Srv_DataHub.c ****     
 1437              		.loc 1 562 40 is_stmt 0 view .LVU496
 1438 00cc DFF820C0 		ldr	ip, .L114
 1439 00d0 DCF864C0 		ldr	ip, [ip, #100]	@ float
 562:Service/Srv_DataHub.c ****     
 1440              		.loc 1 562 15 view .LVU497
 1441 00d4 C5F800C0 		str	ip, [r5]	@ float
 1442              	.L109:
 564:Service/Srv_DataHub.c ****         *err = SrvDataHub_Monitor.data.imu_error_code;
 1443              		.loc 1 564 5 is_stmt 1 view .LVU498
 564:Service/Srv_DataHub.c ****         *err = SrvDataHub_Monitor.data.imu_error_code;
 1444              		.loc 1 564 8 is_stmt 0 view .LVU499
 1445 00d8 BBF1000F 		cmp	fp, #0
 1446 00dc 9ED1     		bne	.L113
 1447 00de A3E7     		b	.L110
 1448              	.L112:
 568:Service/Srv_DataHub.c ****         goto reupdate_scaled_imu;
 569:Service/Srv_DataHub.c **** 
 570:Service/Srv_DataHub.c ****     SrvDataHub_Monitor.inuse_reg.bit.scaled_imu = false;
 1449              		.loc 1 570 5 is_stmt 1 view .LVU500
 1450              		.loc 1 570 49 is_stmt 0 view .LVU501
 1451 00e0 034B     		ldr	r3, .L114
 1452              	.LVL29:
 1453              		.loc 1 570 49 view .LVU502
 1454 00e2 1A7A     		ldrb	r2, [r3, #8]	@ zero_extendqisi2
 1455              	.LVL30:
 1456              		.loc 1 570 49 view .LVU503
 1457 00e4 6FF34102 		bfc	r2, #1, #1
ARM GAS  C:\Users\HUAV\AppData\Local\Temp\cc14JS73.s 			page 42


 1458 00e8 1A72     		strb	r2, [r3, #8]
 571:Service/Srv_DataHub.c **** 
 572:Service/Srv_DataHub.c ****     return true;
 1459              		.loc 1 572 5 is_stmt 1 view .LVU504
 573:Service/Srv_DataHub.c **** }
 1460              		.loc 1 573 1 is_stmt 0 view .LVU505
 1461 00ea 0120     		movs	r0, #1
 1462              	.LVL31:
 1463              		.loc 1 573 1 view .LVU506
 1464 00ec BDE8F08F 		pop	{r4, r5, r6, r7, r8, r9, r10, fp, pc}
 1465              	.LVL32:
 1466              	.L115:
 1467              		.loc 1 573 1 view .LVU507
 1468              		.align	2
 1469              	.L114:
 1470 00f0 00000000 		.word	.LANCHOR0
 1471              		.cfi_endproc
 1472              	.LFE162:
 1474              		.section	.text.SrvDataHub_Get_Raw_Mag,"ax",%progbits
 1475              		.align	1
 1476              		.syntax unified
 1477              		.thumb
 1478              		.thumb_func
 1480              	SrvDataHub_Get_Raw_Mag:
 1481              	.LVL33:
 1482              	.LFB163:
 574:Service/Srv_DataHub.c **** 
 575:Service/Srv_DataHub.c **** static bool SrvDataHub_Get_Raw_Mag(uint32_t *time_stamp, float *scale, float *mag_x, float *mag_y, 
 576:Service/Srv_DataHub.c **** {
 1483              		.loc 1 576 1 is_stmt 1 view -0
 1484              		.cfi_startproc
 1485              		@ args = 8, pretend = 0, frame = 0
 1486              		@ frame_needed = 0, uses_anonymous_args = 0
 1487              		@ link register save eliminated.
 1488              		.loc 1 576 1 is_stmt 0 view .LVU509
 1489 0000 70B4     		push	{r4, r5, r6}
 1490              	.LCFI4:
 1491              		.cfi_def_cfa_offset 12
 1492              		.cfi_offset 4, -12
 1493              		.cfi_offset 5, -8
 1494              		.cfi_offset 6, -4
 1495 0002 039E     		ldr	r6, [sp, #12]
 1496 0004 049D     		ldr	r5, [sp, #16]
 1497 0006 08E0     		b	.L117
 1498              	.L126:
 577:Service/Srv_DataHub.c **** reupdate_raw_mag:
 578:Service/Srv_DataHub.c ****     SrvDataHub_Monitor.inuse_reg.bit.raw_mag = true;
 579:Service/Srv_DataHub.c **** 
 580:Service/Srv_DataHub.c ****     if (time_stamp)
 581:Service/Srv_DataHub.c ****         *time_stamp = SrvDataHub_Monitor.data.mag_update_time;
 582:Service/Srv_DataHub.c ****         
 583:Service/Srv_DataHub.c ****     if (scale)
 584:Service/Srv_DataHub.c ****         *scale = SrvDataHub_Monitor.data.mag_scale;
 585:Service/Srv_DataHub.c ****         
 586:Service/Srv_DataHub.c ****     if (mag_x)
 587:Service/Srv_DataHub.c ****         *mag_x = SrvDataHub_Monitor.data.org_mag_x;
 588:Service/Srv_DataHub.c ****         
ARM GAS  C:\Users\HUAV\AppData\Local\Temp\cc14JS73.s 			page 43


 589:Service/Srv_DataHub.c ****     if (mag_y)
 590:Service/Srv_DataHub.c ****         *mag_y = SrvDataHub_Monitor.data.org_mag_y;
 591:Service/Srv_DataHub.c ****         
 592:Service/Srv_DataHub.c ****     if (mag_z)
 593:Service/Srv_DataHub.c ****         *mag_z = SrvDataHub_Monitor.data.org_mag_z;
 594:Service/Srv_DataHub.c ****         
 595:Service/Srv_DataHub.c ****     if (err)
 596:Service/Srv_DataHub.c ****         *err = SrvDataHub_Monitor.data.mag_error_code;
 1499              		.loc 1 596 9 is_stmt 1 view .LVU510
 1500              		.loc 1 596 39 is_stmt 0 view .LVU511
 1501 0008 184C     		ldr	r4, .L127
 1502 000a 94F89040 		ldrb	r4, [r4, #144]	@ zero_extendqisi2
 1503              		.loc 1 596 14 view .LVU512
 1504 000e 2C70     		strb	r4, [r5]
 1505              	.L123:
 597:Service/Srv_DataHub.c **** 
 598:Service/Srv_DataHub.c ****     if (!SrvDataHub_Monitor.inuse_reg.bit.raw_mag)
 1506              		.loc 1 598 5 is_stmt 1 view .LVU513
 1507              		.loc 1 598 9 is_stmt 0 view .LVU514
 1508 0010 164C     		ldr	r4, .L127
 1509 0012 247A     		ldrb	r4, [r4, #8]	@ zero_extendqisi2
 1510              		.loc 1 598 8 view .LVU515
 1511 0014 14F0080F 		tst	r4, #8
 1512 0018 1FD1     		bne	.L125
 1513              	.L117:
 578:Service/Srv_DataHub.c **** 
 1514              		.loc 1 578 5 is_stmt 1 view .LVU516
 578:Service/Srv_DataHub.c **** 
 1515              		.loc 1 578 46 is_stmt 0 view .LVU517
 1516 001a 144C     		ldr	r4, .L127
 1517 001c 94F808C0 		ldrb	ip, [r4, #8]	@ zero_extendqisi2
 1518 0020 4CF0080C 		orr	ip, ip, #8
 1519 0024 84F808C0 		strb	ip, [r4, #8]
 580:Service/Srv_DataHub.c ****         *time_stamp = SrvDataHub_Monitor.data.mag_update_time;
 1520              		.loc 1 580 5 is_stmt 1 view .LVU518
 580:Service/Srv_DataHub.c ****         *time_stamp = SrvDataHub_Monitor.data.mag_update_time;
 1521              		.loc 1 580 8 is_stmt 0 view .LVU519
 1522 0028 08B1     		cbz	r0, .L118
 581:Service/Srv_DataHub.c ****         
 1523              		.loc 1 581 9 is_stmt 1 view .LVU520
 581:Service/Srv_DataHub.c ****         
 1524              		.loc 1 581 46 is_stmt 0 view .LVU521
 1525 002a E46E     		ldr	r4, [r4, #108]
 581:Service/Srv_DataHub.c ****         
 1526              		.loc 1 581 21 view .LVU522
 1527 002c 0460     		str	r4, [r0]
 1528              	.L118:
 583:Service/Srv_DataHub.c ****         *scale = SrvDataHub_Monitor.data.mag_scale;
 1529              		.loc 1 583 5 is_stmt 1 view .LVU523
 583:Service/Srv_DataHub.c ****         *scale = SrvDataHub_Monitor.data.mag_scale;
 1530              		.loc 1 583 8 is_stmt 0 view .LVU524
 1531 002e 11B1     		cbz	r1, .L119
 584:Service/Srv_DataHub.c ****         
 1532              		.loc 1 584 9 is_stmt 1 view .LVU525
 584:Service/Srv_DataHub.c ****         
 1533              		.loc 1 584 41 is_stmt 0 view .LVU526
 1534 0030 0E4C     		ldr	r4, .L127
ARM GAS  C:\Users\HUAV\AppData\Local\Temp\cc14JS73.s 			page 44


 1535 0032 246F     		ldr	r4, [r4, #112]	@ float
 584:Service/Srv_DataHub.c ****         
 1536              		.loc 1 584 16 view .LVU527
 1537 0034 0C60     		str	r4, [r1]	@ float
 1538              	.L119:
 586:Service/Srv_DataHub.c ****         *mag_x = SrvDataHub_Monitor.data.org_mag_x;
 1539              		.loc 1 586 5 is_stmt 1 view .LVU528
 586:Service/Srv_DataHub.c ****         *mag_x = SrvDataHub_Monitor.data.org_mag_x;
 1540              		.loc 1 586 8 is_stmt 0 view .LVU529
 1541 0036 1AB1     		cbz	r2, .L120
 587:Service/Srv_DataHub.c ****         
 1542              		.loc 1 587 9 is_stmt 1 view .LVU530
 587:Service/Srv_DataHub.c ****         
 1543              		.loc 1 587 41 is_stmt 0 view .LVU531
 1544 0038 0C4C     		ldr	r4, .L127
 1545 003a D4F88040 		ldr	r4, [r4, #128]	@ float
 587:Service/Srv_DataHub.c ****         
 1546              		.loc 1 587 16 view .LVU532
 1547 003e 1460     		str	r4, [r2]	@ float
 1548              	.L120:
 589:Service/Srv_DataHub.c ****         *mag_y = SrvDataHub_Monitor.data.org_mag_y;
 1549              		.loc 1 589 5 is_stmt 1 view .LVU533
 589:Service/Srv_DataHub.c ****         *mag_y = SrvDataHub_Monitor.data.org_mag_y;
 1550              		.loc 1 589 8 is_stmt 0 view .LVU534
 1551 0040 1BB1     		cbz	r3, .L121
 590:Service/Srv_DataHub.c ****         
 1552              		.loc 1 590 9 is_stmt 1 view .LVU535
 590:Service/Srv_DataHub.c ****         
 1553              		.loc 1 590 41 is_stmt 0 view .LVU536
 1554 0042 0A4C     		ldr	r4, .L127
 1555 0044 D4F88440 		ldr	r4, [r4, #132]	@ float
 590:Service/Srv_DataHub.c ****         
 1556              		.loc 1 590 16 view .LVU537
 1557 0048 1C60     		str	r4, [r3]	@ float
 1558              	.L121:
 592:Service/Srv_DataHub.c ****         *mag_z = SrvDataHub_Monitor.data.org_mag_z;
 1559              		.loc 1 592 5 is_stmt 1 view .LVU538
 592:Service/Srv_DataHub.c ****         *mag_z = SrvDataHub_Monitor.data.org_mag_z;
 1560              		.loc 1 592 8 is_stmt 0 view .LVU539
 1561 004a 1EB1     		cbz	r6, .L122
 593:Service/Srv_DataHub.c ****         
 1562              		.loc 1 593 9 is_stmt 1 view .LVU540
 593:Service/Srv_DataHub.c ****         
 1563              		.loc 1 593 41 is_stmt 0 view .LVU541
 1564 004c 074C     		ldr	r4, .L127
 1565 004e D4F88840 		ldr	r4, [r4, #136]	@ float
 593:Service/Srv_DataHub.c ****         
 1566              		.loc 1 593 16 view .LVU542
 1567 0052 3460     		str	r4, [r6]	@ float
 1568              	.L122:
 595:Service/Srv_DataHub.c ****         *err = SrvDataHub_Monitor.data.mag_error_code;
 1569              		.loc 1 595 5 is_stmt 1 view .LVU543
 595:Service/Srv_DataHub.c ****         *err = SrvDataHub_Monitor.data.mag_error_code;
 1570              		.loc 1 595 8 is_stmt 0 view .LVU544
 1571 0054 002D     		cmp	r5, #0
 1572 0056 D7D1     		bne	.L126
 1573 0058 DAE7     		b	.L123
ARM GAS  C:\Users\HUAV\AppData\Local\Temp\cc14JS73.s 			page 45


 1574              	.L125:
 599:Service/Srv_DataHub.c ****         goto reupdate_raw_mag;
 600:Service/Srv_DataHub.c **** 
 601:Service/Srv_DataHub.c ****     SrvDataHub_Monitor.inuse_reg.bit.raw_mag = false;
 1575              		.loc 1 601 5 is_stmt 1 view .LVU545
 1576              		.loc 1 601 46 is_stmt 0 view .LVU546
 1577 005a 044B     		ldr	r3, .L127
 1578              	.LVL34:
 1579              		.loc 1 601 46 view .LVU547
 1580 005c 1A7A     		ldrb	r2, [r3, #8]	@ zero_extendqisi2
 1581              	.LVL35:
 1582              		.loc 1 601 46 view .LVU548
 1583 005e 6FF3C302 		bfc	r2, #3, #1
 1584 0062 1A72     		strb	r2, [r3, #8]
 602:Service/Srv_DataHub.c ****     
 603:Service/Srv_DataHub.c ****     return true;
 1585              		.loc 1 603 5 is_stmt 1 view .LVU549
 604:Service/Srv_DataHub.c **** }
 1586              		.loc 1 604 1 is_stmt 0 view .LVU550
 1587 0064 0120     		movs	r0, #1
 1588              	.LVL36:
 1589              		.loc 1 604 1 view .LVU551
 1590 0066 70BC     		pop	{r4, r5, r6}
 1591              	.LCFI5:
 1592              		.cfi_restore 6
 1593              		.cfi_restore 5
 1594              		.cfi_restore 4
 1595              		.cfi_def_cfa_offset 0
 1596              	.LVL37:
 1597              		.loc 1 604 1 view .LVU552
 1598 0068 7047     		bx	lr
 1599              	.L128:
 1600 006a 00BF     		.align	2
 1601              	.L127:
 1602 006c 00000000 		.word	.LANCHOR0
 1603              		.cfi_endproc
 1604              	.LFE163:
 1606              		.section	.text.SrvDataHub_Get_Scaled_Baro,"ax",%progbits
 1607              		.align	1
 1608              		.syntax unified
 1609              		.thumb
 1610              		.thumb_func
 1612              	SrvDataHub_Get_Scaled_Baro:
 1613              	.LVL38:
 1614              	.LFB164:
 605:Service/Srv_DataHub.c **** 
 606:Service/Srv_DataHub.c **** static bool SrvDataHub_Get_Scaled_Baro(uint32_t *time_stamp, float *baro_pressure, float *baro_alt,
 607:Service/Srv_DataHub.c **** {
 1615              		.loc 1 607 1 is_stmt 1 view -0
 1616              		.cfi_startproc
 1617              		@ args = 8, pretend = 0, frame = 0
 1618              		@ frame_needed = 0, uses_anonymous_args = 0
 1619              		@ link register save eliminated.
 1620              		.loc 1 607 1 is_stmt 0 view .LVU554
 1621 0000 70B4     		push	{r4, r5, r6}
 1622              	.LCFI6:
 1623              		.cfi_def_cfa_offset 12
ARM GAS  C:\Users\HUAV\AppData\Local\Temp\cc14JS73.s 			page 46


 1624              		.cfi_offset 4, -12
 1625              		.cfi_offset 5, -8
 1626              		.cfi_offset 6, -4
 1627 0002 039E     		ldr	r6, [sp, #12]
 1628 0004 049D     		ldr	r5, [sp, #16]
 1629 0006 08E0     		b	.L130
 1630              	.L139:
 608:Service/Srv_DataHub.c **** reupdate_scaled_baro:
 609:Service/Srv_DataHub.c ****     SrvDataHub_Monitor.inuse_reg.bit.scaled_baro = true;
 610:Service/Srv_DataHub.c **** 
 611:Service/Srv_DataHub.c ****     if (time_stamp)
 612:Service/Srv_DataHub.c ****         *time_stamp = SrvDataHub_Monitor.data.baro_update_time;
 613:Service/Srv_DataHub.c ****     
 614:Service/Srv_DataHub.c ****     if (baro_pressure)
 615:Service/Srv_DataHub.c ****         *baro_pressure = SrvDataHub_Monitor.data.baro_pressure;
 616:Service/Srv_DataHub.c ****     
 617:Service/Srv_DataHub.c ****     if (baro_alt)
 618:Service/Srv_DataHub.c ****         *baro_alt = SrvDataHub_Monitor.data.baro_alt;
 619:Service/Srv_DataHub.c ****     
 620:Service/Srv_DataHub.c ****     if (baro_alt_offset)
 621:Service/Srv_DataHub.c ****         *baro_alt_offset = SrvDataHub_Monitor.data.baro_alt_offset;
 622:Service/Srv_DataHub.c ****     
 623:Service/Srv_DataHub.c ****     if (tempra)
 624:Service/Srv_DataHub.c ****         *tempra = SrvDataHub_Monitor.data.baro_tempra;
 625:Service/Srv_DataHub.c ****     
 626:Service/Srv_DataHub.c ****     if (error)
 627:Service/Srv_DataHub.c ****         *error = SrvDataHub_Monitor.data.baro_error_code;
 1631              		.loc 1 627 9 is_stmt 1 view .LVU555
 1632              		.loc 1 627 41 is_stmt 0 view .LVU556
 1633 0008 194C     		ldr	r4, .L140
 1634 000a 94F8AC40 		ldrb	r4, [r4, #172]	@ zero_extendqisi2
 1635              		.loc 1 627 16 view .LVU557
 1636 000e 2C70     		strb	r4, [r5]
 1637              	.L136:
 628:Service/Srv_DataHub.c **** 
 629:Service/Srv_DataHub.c ****     if(!SrvDataHub_Monitor.inuse_reg.bit.scaled_baro)
 1638              		.loc 1 629 5 is_stmt 1 view .LVU558
 1639              		.loc 1 629 8 is_stmt 0 view .LVU559
 1640 0010 174C     		ldr	r4, .L140
 1641 0012 247A     		ldrb	r4, [r4, #8]	@ zero_extendqisi2
 1642              		.loc 1 629 7 view .LVU560
 1643 0014 14F0400F 		tst	r4, #64
 1644 0018 21D1     		bne	.L138
 1645              	.L130:
 609:Service/Srv_DataHub.c **** 
 1646              		.loc 1 609 5 is_stmt 1 view .LVU561
 609:Service/Srv_DataHub.c **** 
 1647              		.loc 1 609 50 is_stmt 0 view .LVU562
 1648 001a 154C     		ldr	r4, .L140
 1649 001c 94F808C0 		ldrb	ip, [r4, #8]	@ zero_extendqisi2
 1650 0020 4CF0400C 		orr	ip, ip, #64
 1651 0024 84F808C0 		strb	ip, [r4, #8]
 611:Service/Srv_DataHub.c ****         *time_stamp = SrvDataHub_Monitor.data.baro_update_time;
 1652              		.loc 1 611 5 is_stmt 1 view .LVU563
 611:Service/Srv_DataHub.c ****         *time_stamp = SrvDataHub_Monitor.data.baro_update_time;
 1653              		.loc 1 611 8 is_stmt 0 view .LVU564
 1654 0028 10B1     		cbz	r0, .L131
ARM GAS  C:\Users\HUAV\AppData\Local\Temp\cc14JS73.s 			page 47


 612:Service/Srv_DataHub.c ****     
 1655              		.loc 1 612 9 is_stmt 1 view .LVU565
 612:Service/Srv_DataHub.c ****     
 1656              		.loc 1 612 46 is_stmt 0 view .LVU566
 1657 002a D4F89440 		ldr	r4, [r4, #148]
 612:Service/Srv_DataHub.c ****     
 1658              		.loc 1 612 21 view .LVU567
 1659 002e 0460     		str	r4, [r0]
 1660              	.L131:
 614:Service/Srv_DataHub.c ****         *baro_pressure = SrvDataHub_Monitor.data.baro_pressure;
 1661              		.loc 1 614 5 is_stmt 1 view .LVU568
 614:Service/Srv_DataHub.c ****         *baro_pressure = SrvDataHub_Monitor.data.baro_pressure;
 1662              		.loc 1 614 8 is_stmt 0 view .LVU569
 1663 0030 19B1     		cbz	r1, .L132
 615:Service/Srv_DataHub.c ****     
 1664              		.loc 1 615 9 is_stmt 1 view .LVU570
 615:Service/Srv_DataHub.c ****     
 1665              		.loc 1 615 49 is_stmt 0 view .LVU571
 1666 0032 0F4C     		ldr	r4, .L140
 1667 0034 D4F8A040 		ldr	r4, [r4, #160]	@ float
 615:Service/Srv_DataHub.c ****     
 1668              		.loc 1 615 24 view .LVU572
 1669 0038 0C60     		str	r4, [r1]	@ float
 1670              	.L132:
 617:Service/Srv_DataHub.c ****         *baro_alt = SrvDataHub_Monitor.data.baro_alt;
 1671              		.loc 1 617 5 is_stmt 1 view .LVU573
 617:Service/Srv_DataHub.c ****         *baro_alt = SrvDataHub_Monitor.data.baro_alt;
 1672              		.loc 1 617 8 is_stmt 0 view .LVU574
 1673 003a 1AB1     		cbz	r2, .L133
 618:Service/Srv_DataHub.c ****     
 1674              		.loc 1 618 9 is_stmt 1 view .LVU575
 618:Service/Srv_DataHub.c ****     
 1675              		.loc 1 618 44 is_stmt 0 view .LVU576
 1676 003c 0C4C     		ldr	r4, .L140
 1677 003e D4F89C40 		ldr	r4, [r4, #156]	@ float
 618:Service/Srv_DataHub.c ****     
 1678              		.loc 1 618 19 view .LVU577
 1679 0042 1460     		str	r4, [r2]	@ float
 1680              	.L133:
 620:Service/Srv_DataHub.c ****         *baro_alt_offset = SrvDataHub_Monitor.data.baro_alt_offset;
 1681              		.loc 1 620 5 is_stmt 1 view .LVU578
 620:Service/Srv_DataHub.c ****         *baro_alt_offset = SrvDataHub_Monitor.data.baro_alt_offset;
 1682              		.loc 1 620 8 is_stmt 0 view .LVU579
 1683 0044 1BB1     		cbz	r3, .L134
 621:Service/Srv_DataHub.c ****     
 1684              		.loc 1 621 9 is_stmt 1 view .LVU580
 621:Service/Srv_DataHub.c ****     
 1685              		.loc 1 621 51 is_stmt 0 view .LVU581
 1686 0046 0A4C     		ldr	r4, .L140
 1687 0048 D4F8A840 		ldr	r4, [r4, #168]	@ float
 621:Service/Srv_DataHub.c ****     
 1688              		.loc 1 621 26 view .LVU582
 1689 004c 1C60     		str	r4, [r3]	@ float
 1690              	.L134:
 623:Service/Srv_DataHub.c ****         *tempra = SrvDataHub_Monitor.data.baro_tempra;
 1691              		.loc 1 623 5 is_stmt 1 view .LVU583
 623:Service/Srv_DataHub.c ****         *tempra = SrvDataHub_Monitor.data.baro_tempra;
ARM GAS  C:\Users\HUAV\AppData\Local\Temp\cc14JS73.s 			page 48


 1692              		.loc 1 623 8 is_stmt 0 view .LVU584
 1693 004e 1EB1     		cbz	r6, .L135
 624:Service/Srv_DataHub.c ****     
 1694              		.loc 1 624 9 is_stmt 1 view .LVU585
 624:Service/Srv_DataHub.c ****     
 1695              		.loc 1 624 42 is_stmt 0 view .LVU586
 1696 0050 074C     		ldr	r4, .L140
 1697 0052 D4F8A440 		ldr	r4, [r4, #164]	@ float
 624:Service/Srv_DataHub.c ****     
 1698              		.loc 1 624 17 view .LVU587
 1699 0056 3460     		str	r4, [r6]	@ float
 1700              	.L135:
 626:Service/Srv_DataHub.c ****         *error = SrvDataHub_Monitor.data.baro_error_code;
 1701              		.loc 1 626 5 is_stmt 1 view .LVU588
 626:Service/Srv_DataHub.c ****         *error = SrvDataHub_Monitor.data.baro_error_code;
 1702              		.loc 1 626 8 is_stmt 0 view .LVU589
 1703 0058 002D     		cmp	r5, #0
 1704 005a D5D1     		bne	.L139
 1705 005c D8E7     		b	.L136
 1706              	.L138:
 630:Service/Srv_DataHub.c ****         goto reupdate_scaled_baro;
 631:Service/Srv_DataHub.c **** 
 632:Service/Srv_DataHub.c ****     SrvDataHub_Monitor.inuse_reg.bit.scaled_baro = false;
 1707              		.loc 1 632 5 is_stmt 1 view .LVU590
 1708              		.loc 1 632 50 is_stmt 0 view .LVU591
 1709 005e 044B     		ldr	r3, .L140
 1710              	.LVL39:
 1711              		.loc 1 632 50 view .LVU592
 1712 0060 1A7A     		ldrb	r2, [r3, #8]	@ zero_extendqisi2
 1713              	.LVL40:
 1714              		.loc 1 632 50 view .LVU593
 1715 0062 6FF38612 		bfc	r2, #6, #1
 1716 0066 1A72     		strb	r2, [r3, #8]
 633:Service/Srv_DataHub.c ****     
 634:Service/Srv_DataHub.c ****     return true;
 1717              		.loc 1 634 5 is_stmt 1 view .LVU594
 635:Service/Srv_DataHub.c **** }
 1718              		.loc 1 635 1 is_stmt 0 view .LVU595
 1719 0068 0120     		movs	r0, #1
 1720              	.LVL41:
 1721              		.loc 1 635 1 view .LVU596
 1722 006a 70BC     		pop	{r4, r5, r6}
 1723              	.LCFI7:
 1724              		.cfi_restore 6
 1725              		.cfi_restore 5
 1726              		.cfi_restore 4
 1727              		.cfi_def_cfa_offset 0
 1728              	.LVL42:
 1729              		.loc 1 635 1 view .LVU597
 1730 006c 7047     		bx	lr
 1731              	.L141:
 1732 006e 00BF     		.align	2
 1733              	.L140:
 1734 0070 00000000 		.word	.LANCHOR0
 1735              		.cfi_endproc
 1736              	.LFE164:
 1738              		.section	.text.SrvDataHub_Get_RelativeAlt,"ax",%progbits
ARM GAS  C:\Users\HUAV\AppData\Local\Temp\cc14JS73.s 			page 49


 1739              		.align	1
 1740              		.syntax unified
 1741              		.thumb
 1742              		.thumb_func
 1744              	SrvDataHub_Get_RelativeAlt:
 1745              	.LVL43:
 1746              	.LFB165:
 636:Service/Srv_DataHub.c **** 
 637:Service/Srv_DataHub.c **** static bool SrvDataHub_Get_RelativeAlt(uint32_t *time_stamp, float *alt, float *alt_speed)
 638:Service/Srv_DataHub.c **** {
 1747              		.loc 1 638 1 is_stmt 1 view -0
 1748              		.cfi_startproc
 1749              		@ args = 0, pretend = 0, frame = 0
 1750              		@ frame_needed = 0, uses_anonymous_args = 0
 1751              		@ link register save eliminated.
 1752              		.loc 1 638 1 is_stmt 0 view .LVU599
 1753 0000 10B4     		push	{r4}
 1754              	.LCFI8:
 1755              		.cfi_def_cfa_offset 4
 1756              		.cfi_offset 4, -4
 639:Service/Srv_DataHub.c ****     SrvDataHub_Monitor.inuse_reg.bit.relative_alt = true;
 1757              		.loc 1 639 5 is_stmt 1 view .LVU600
 1758              		.loc 1 639 51 is_stmt 0 view .LVU601
 1759 0002 124C     		ldr	r4, .L150
 1760 0004 A37A     		ldrb	r3, [r4, #10]	@ zero_extendqisi2
 1761 0006 43F02003 		orr	r3, r3, #32
 1762 000a A372     		strb	r3, [r4, #10]
 1763 000c 08E0     		b	.L143
 1764              	.L149:
 640:Service/Srv_DataHub.c **** 
 641:Service/Srv_DataHub.c **** reupdate_relative_alt:
 642:Service/Srv_DataHub.c ****     if (time_stamp)
 643:Service/Srv_DataHub.c ****         *time_stamp = SrvDataHub_Monitor.data.relative_alt_time;
 644:Service/Srv_DataHub.c ****     
 645:Service/Srv_DataHub.c ****     if (alt)
 646:Service/Srv_DataHub.c ****         *alt = SrvDataHub_Monitor.data.relative_alt;
 647:Service/Srv_DataHub.c **** 
 648:Service/Srv_DataHub.c ****     if (alt_speed)
 649:Service/Srv_DataHub.c ****         *alt_speed = SrvDataHub_Monitor.data.relative_vertical_speed;
 1765              		.loc 1 649 9 is_stmt 1 view .LVU602
 1766              		.loc 1 649 45 is_stmt 0 view .LVU603
 1767 000e 0F4B     		ldr	r3, .L150
 1768 0010 D3F8DC30 		ldr	r3, [r3, #220]	@ float
 1769              		.loc 1 649 20 view .LVU604
 1770 0014 1360     		str	r3, [r2]	@ float
 1771              	.L146:
 650:Service/Srv_DataHub.c **** 
 651:Service/Srv_DataHub.c ****     if (!SrvDataHub_Monitor.inuse_reg.bit.relative_alt)
 1772              		.loc 1 651 5 is_stmt 1 view .LVU605
 1773              		.loc 1 651 9 is_stmt 0 view .LVU606
 1774 0016 0D4B     		ldr	r3, .L150
 1775 0018 9B7A     		ldrb	r3, [r3, #10]	@ zero_extendqisi2
 1776              		.loc 1 651 8 view .LVU607
 1777 001a 13F0200F 		tst	r3, #32
 1778 001e 0CD1     		bne	.L148
 1779              	.L143:
 642:Service/Srv_DataHub.c ****         *time_stamp = SrvDataHub_Monitor.data.relative_alt_time;
ARM GAS  C:\Users\HUAV\AppData\Local\Temp\cc14JS73.s 			page 50


 1780              		.loc 1 642 5 is_stmt 1 view .LVU608
 642:Service/Srv_DataHub.c ****         *time_stamp = SrvDataHub_Monitor.data.relative_alt_time;
 1781              		.loc 1 642 8 is_stmt 0 view .LVU609
 1782 0020 18B1     		cbz	r0, .L144
 643:Service/Srv_DataHub.c ****     
 1783              		.loc 1 643 9 is_stmt 1 view .LVU610
 643:Service/Srv_DataHub.c ****     
 1784              		.loc 1 643 46 is_stmt 0 view .LVU611
 1785 0022 0A4B     		ldr	r3, .L150
 1786 0024 D3F8D430 		ldr	r3, [r3, #212]
 643:Service/Srv_DataHub.c ****     
 1787              		.loc 1 643 21 view .LVU612
 1788 0028 0360     		str	r3, [r0]
 1789              	.L144:
 645:Service/Srv_DataHub.c ****         *alt = SrvDataHub_Monitor.data.relative_alt;
 1790              		.loc 1 645 5 is_stmt 1 view .LVU613
 645:Service/Srv_DataHub.c ****         *alt = SrvDataHub_Monitor.data.relative_alt;
 1791              		.loc 1 645 8 is_stmt 0 view .LVU614
 1792 002a 19B1     		cbz	r1, .L145
 646:Service/Srv_DataHub.c **** 
 1793              		.loc 1 646 9 is_stmt 1 view .LVU615
 646:Service/Srv_DataHub.c **** 
 1794              		.loc 1 646 39 is_stmt 0 view .LVU616
 1795 002c 074B     		ldr	r3, .L150
 1796 002e D3F8D830 		ldr	r3, [r3, #216]	@ float
 646:Service/Srv_DataHub.c **** 
 1797              		.loc 1 646 14 view .LVU617
 1798 0032 0B60     		str	r3, [r1]	@ float
 1799              	.L145:
 648:Service/Srv_DataHub.c ****         *alt_speed = SrvDataHub_Monitor.data.relative_vertical_speed;
 1800              		.loc 1 648 5 is_stmt 1 view .LVU618
 648:Service/Srv_DataHub.c ****         *alt_speed = SrvDataHub_Monitor.data.relative_vertical_speed;
 1801              		.loc 1 648 8 is_stmt 0 view .LVU619
 1802 0034 002A     		cmp	r2, #0
 1803 0036 EAD1     		bne	.L149
 1804 0038 EDE7     		b	.L146
 1805              	.L148:
 652:Service/Srv_DataHub.c ****         goto reupdate_relative_alt;
 653:Service/Srv_DataHub.c **** 
 654:Service/Srv_DataHub.c ****     SrvDataHub_Monitor.inuse_reg.bit.relative_alt = false;
 1806              		.loc 1 654 5 is_stmt 1 view .LVU620
 1807              		.loc 1 654 51 is_stmt 0 view .LVU621
 1808 003a 044B     		ldr	r3, .L150
 1809 003c 9A7A     		ldrb	r2, [r3, #10]	@ zero_extendqisi2
 1810              	.LVL44:
 1811              		.loc 1 654 51 view .LVU622
 1812 003e 6FF34512 		bfc	r2, #5, #1
 1813 0042 9A72     		strb	r2, [r3, #10]
 655:Service/Srv_DataHub.c **** 
 656:Service/Srv_DataHub.c ****     return true;
 1814              		.loc 1 656 5 is_stmt 1 view .LVU623
 657:Service/Srv_DataHub.c **** }
 1815              		.loc 1 657 1 is_stmt 0 view .LVU624
 1816 0044 0120     		movs	r0, #1
 1817              	.LVL45:
 1818              		.loc 1 657 1 view .LVU625
 1819 0046 5DF8044B 		ldr	r4, [sp], #4
ARM GAS  C:\Users\HUAV\AppData\Local\Temp\cc14JS73.s 			page 51


 1820              	.LCFI9:
 1821              		.cfi_restore 4
 1822              		.cfi_def_cfa_offset 0
 1823 004a 7047     		bx	lr
 1824              	.L151:
 1825              		.align	2
 1826              	.L150:
 1827 004c 00000000 		.word	.LANCHOR0
 1828              		.cfi_endproc
 1829              	.LFE165:
 1831              		.section	.text.SrvDataHub_Get_Scaled_Mag,"ax",%progbits
 1832              		.align	1
 1833              		.syntax unified
 1834              		.thumb
 1835              		.thumb_func
 1837              	SrvDataHub_Get_Scaled_Mag:
 1838              	.LVL46:
 1839              	.LFB166:
 658:Service/Srv_DataHub.c **** 
 659:Service/Srv_DataHub.c **** static bool SrvDataHub_Get_Scaled_Mag(uint32_t *time_stamp, float *scale, float *mag_x, float *mag_
 660:Service/Srv_DataHub.c **** {
 1840              		.loc 1 660 1 is_stmt 1 view -0
 1841              		.cfi_startproc
 1842              		@ args = 8, pretend = 0, frame = 0
 1843              		@ frame_needed = 0, uses_anonymous_args = 0
 1844              		@ link register save eliminated.
 1845              		.loc 1 660 1 is_stmt 0 view .LVU627
 1846 0000 70B4     		push	{r4, r5, r6}
 1847              	.LCFI10:
 1848              		.cfi_def_cfa_offset 12
 1849              		.cfi_offset 4, -12
 1850              		.cfi_offset 5, -8
 1851              		.cfi_offset 6, -4
 1852 0002 039E     		ldr	r6, [sp, #12]
 1853 0004 049D     		ldr	r5, [sp, #16]
 1854 0006 08E0     		b	.L153
 1855              	.L162:
 661:Service/Srv_DataHub.c **** reupdate_scaled_mag:
 662:Service/Srv_DataHub.c ****     SrvDataHub_Monitor.inuse_reg.bit.scaled_mag = true;
 663:Service/Srv_DataHub.c **** 
 664:Service/Srv_DataHub.c ****     if (time_stamp)
 665:Service/Srv_DataHub.c ****         *time_stamp = SrvDataHub_Monitor.data.mag_update_time;
 666:Service/Srv_DataHub.c ****         
 667:Service/Srv_DataHub.c ****     if (scale)
 668:Service/Srv_DataHub.c ****         *scale = SrvDataHub_Monitor.data.mag_scale;
 669:Service/Srv_DataHub.c ****         
 670:Service/Srv_DataHub.c ****     if (mag_x)
 671:Service/Srv_DataHub.c ****         *mag_x = SrvDataHub_Monitor.data.flt_mag_x;
 672:Service/Srv_DataHub.c ****         
 673:Service/Srv_DataHub.c ****     if (mag_y)
 674:Service/Srv_DataHub.c ****         *mag_y = SrvDataHub_Monitor.data.flt_mag_y;
 675:Service/Srv_DataHub.c ****         
 676:Service/Srv_DataHub.c ****     if (mag_z)
 677:Service/Srv_DataHub.c ****         *mag_z = SrvDataHub_Monitor.data.flt_mag_z;
 678:Service/Srv_DataHub.c ****         
 679:Service/Srv_DataHub.c ****     if (err)
 680:Service/Srv_DataHub.c ****         *err = SrvDataHub_Monitor.data.mag_error_code;
ARM GAS  C:\Users\HUAV\AppData\Local\Temp\cc14JS73.s 			page 52


 1856              		.loc 1 680 9 is_stmt 1 view .LVU628
 1857              		.loc 1 680 39 is_stmt 0 view .LVU629
 1858 0008 164C     		ldr	r4, .L163
 1859 000a 94F89040 		ldrb	r4, [r4, #144]	@ zero_extendqisi2
 1860              		.loc 1 680 14 view .LVU630
 1861 000e 2C70     		strb	r4, [r5]
 1862              	.L159:
 681:Service/Srv_DataHub.c **** 
 682:Service/Srv_DataHub.c ****     if (!SrvDataHub_Monitor.inuse_reg.bit.scaled_mag)
 1863              		.loc 1 682 5 is_stmt 1 view .LVU631
 1864              		.loc 1 682 9 is_stmt 0 view .LVU632
 1865 0010 144C     		ldr	r4, .L163
 1866 0012 247A     		ldrb	r4, [r4, #8]	@ zero_extendqisi2
 1867              		.loc 1 682 8 view .LVU633
 1868 0014 14F0100F 		tst	r4, #16
 1869 0018 1CD1     		bne	.L161
 1870              	.L153:
 662:Service/Srv_DataHub.c **** 
 1871              		.loc 1 662 5 is_stmt 1 view .LVU634
 662:Service/Srv_DataHub.c **** 
 1872              		.loc 1 662 49 is_stmt 0 view .LVU635
 1873 001a 124C     		ldr	r4, .L163
 1874 001c 94F808C0 		ldrb	ip, [r4, #8]	@ zero_extendqisi2
 1875 0020 4CF0100C 		orr	ip, ip, #16
 1876 0024 84F808C0 		strb	ip, [r4, #8]
 664:Service/Srv_DataHub.c ****         *time_stamp = SrvDataHub_Monitor.data.mag_update_time;
 1877              		.loc 1 664 5 is_stmt 1 view .LVU636
 664:Service/Srv_DataHub.c ****         *time_stamp = SrvDataHub_Monitor.data.mag_update_time;
 1878              		.loc 1 664 8 is_stmt 0 view .LVU637
 1879 0028 08B1     		cbz	r0, .L154
 665:Service/Srv_DataHub.c ****         
 1880              		.loc 1 665 9 is_stmt 1 view .LVU638
 665:Service/Srv_DataHub.c ****         
 1881              		.loc 1 665 46 is_stmt 0 view .LVU639
 1882 002a E46E     		ldr	r4, [r4, #108]
 665:Service/Srv_DataHub.c ****         
 1883              		.loc 1 665 21 view .LVU640
 1884 002c 0460     		str	r4, [r0]
 1885              	.L154:
 667:Service/Srv_DataHub.c ****         *scale = SrvDataHub_Monitor.data.mag_scale;
 1886              		.loc 1 667 5 is_stmt 1 view .LVU641
 667:Service/Srv_DataHub.c ****         *scale = SrvDataHub_Monitor.data.mag_scale;
 1887              		.loc 1 667 8 is_stmt 0 view .LVU642
 1888 002e 11B1     		cbz	r1, .L155
 668:Service/Srv_DataHub.c ****         
 1889              		.loc 1 668 9 is_stmt 1 view .LVU643
 668:Service/Srv_DataHub.c ****         
 1890              		.loc 1 668 41 is_stmt 0 view .LVU644
 1891 0030 0C4C     		ldr	r4, .L163
 1892 0032 246F     		ldr	r4, [r4, #112]	@ float
 668:Service/Srv_DataHub.c ****         
 1893              		.loc 1 668 16 view .LVU645
 1894 0034 0C60     		str	r4, [r1]	@ float
 1895              	.L155:
 670:Service/Srv_DataHub.c ****         *mag_x = SrvDataHub_Monitor.data.flt_mag_x;
 1896              		.loc 1 670 5 is_stmt 1 view .LVU646
 670:Service/Srv_DataHub.c ****         *mag_x = SrvDataHub_Monitor.data.flt_mag_x;
ARM GAS  C:\Users\HUAV\AppData\Local\Temp\cc14JS73.s 			page 53


 1897              		.loc 1 670 8 is_stmt 0 view .LVU647
 1898 0036 12B1     		cbz	r2, .L156
 671:Service/Srv_DataHub.c ****         
 1899              		.loc 1 671 9 is_stmt 1 view .LVU648
 671:Service/Srv_DataHub.c ****         
 1900              		.loc 1 671 41 is_stmt 0 view .LVU649
 1901 0038 0A4C     		ldr	r4, .L163
 1902 003a 646F     		ldr	r4, [r4, #116]	@ float
 671:Service/Srv_DataHub.c ****         
 1903              		.loc 1 671 16 view .LVU650
 1904 003c 1460     		str	r4, [r2]	@ float
 1905              	.L156:
 673:Service/Srv_DataHub.c ****         *mag_y = SrvDataHub_Monitor.data.flt_mag_y;
 1906              		.loc 1 673 5 is_stmt 1 view .LVU651
 673:Service/Srv_DataHub.c ****         *mag_y = SrvDataHub_Monitor.data.flt_mag_y;
 1907              		.loc 1 673 8 is_stmt 0 view .LVU652
 1908 003e 13B1     		cbz	r3, .L157
 674:Service/Srv_DataHub.c ****         
 1909              		.loc 1 674 9 is_stmt 1 view .LVU653
 674:Service/Srv_DataHub.c ****         
 1910              		.loc 1 674 41 is_stmt 0 view .LVU654
 1911 0040 084C     		ldr	r4, .L163
 1912 0042 A46F     		ldr	r4, [r4, #120]	@ float
 674:Service/Srv_DataHub.c ****         
 1913              		.loc 1 674 16 view .LVU655
 1914 0044 1C60     		str	r4, [r3]	@ float
 1915              	.L157:
 676:Service/Srv_DataHub.c ****         *mag_z = SrvDataHub_Monitor.data.flt_mag_z;
 1916              		.loc 1 676 5 is_stmt 1 view .LVU656
 676:Service/Srv_DataHub.c ****         *mag_z = SrvDataHub_Monitor.data.flt_mag_z;
 1917              		.loc 1 676 8 is_stmt 0 view .LVU657
 1918 0046 16B1     		cbz	r6, .L158
 677:Service/Srv_DataHub.c ****         
 1919              		.loc 1 677 9 is_stmt 1 view .LVU658
 677:Service/Srv_DataHub.c ****         
 1920              		.loc 1 677 41 is_stmt 0 view .LVU659
 1921 0048 064C     		ldr	r4, .L163
 1922 004a E46F     		ldr	r4, [r4, #124]	@ float
 677:Service/Srv_DataHub.c ****         
 1923              		.loc 1 677 16 view .LVU660
 1924 004c 3460     		str	r4, [r6]	@ float
 1925              	.L158:
 679:Service/Srv_DataHub.c ****         *err = SrvDataHub_Monitor.data.mag_error_code;
 1926              		.loc 1 679 5 is_stmt 1 view .LVU661
 679:Service/Srv_DataHub.c ****         *err = SrvDataHub_Monitor.data.mag_error_code;
 1927              		.loc 1 679 8 is_stmt 0 view .LVU662
 1928 004e 002D     		cmp	r5, #0
 1929 0050 DAD1     		bne	.L162
 1930 0052 DDE7     		b	.L159
 1931              	.L161:
 683:Service/Srv_DataHub.c ****         goto reupdate_scaled_mag;
 684:Service/Srv_DataHub.c **** 
 685:Service/Srv_DataHub.c ****     SrvDataHub_Monitor.inuse_reg.bit.scaled_mag = false;
 1932              		.loc 1 685 5 is_stmt 1 view .LVU663
 1933              		.loc 1 685 49 is_stmt 0 view .LVU664
 1934 0054 034B     		ldr	r3, .L163
 1935              	.LVL47:
ARM GAS  C:\Users\HUAV\AppData\Local\Temp\cc14JS73.s 			page 54


 1936              		.loc 1 685 49 view .LVU665
 1937 0056 1A7A     		ldrb	r2, [r3, #8]	@ zero_extendqisi2
 1938              	.LVL48:
 1939              		.loc 1 685 49 view .LVU666
 1940 0058 6FF30412 		bfc	r2, #4, #1
 1941 005c 1A72     		strb	r2, [r3, #8]
 686:Service/Srv_DataHub.c **** 
 687:Service/Srv_DataHub.c ****     return true;
 1942              		.loc 1 687 5 is_stmt 1 view .LVU667
 688:Service/Srv_DataHub.c **** }
 1943              		.loc 1 688 1 is_stmt 0 view .LVU668
 1944 005e 0120     		movs	r0, #1
 1945              	.LVL49:
 1946              		.loc 1 688 1 view .LVU669
 1947 0060 70BC     		pop	{r4, r5, r6}
 1948              	.LCFI11:
 1949              		.cfi_restore 6
 1950              		.cfi_restore 5
 1951              		.cfi_restore 4
 1952              		.cfi_def_cfa_offset 0
 1953              	.LVL50:
 1954              		.loc 1 688 1 view .LVU670
 1955 0062 7047     		bx	lr
 1956              	.L164:
 1957              		.align	2
 1958              	.L163:
 1959 0064 00000000 		.word	.LANCHOR0
 1960              		.cfi_endproc
 1961              	.LFE166:
 1963              		.section	.text.SrvDataHub_Get_Attitude,"ax",%progbits
 1964              		.align	1
 1965              		.syntax unified
 1966              		.thumb
 1967              		.thumb_func
 1969              	SrvDataHub_Get_Attitude:
 1970              	.LVL51:
 1971              	.LFB167:
 689:Service/Srv_DataHub.c **** 
 690:Service/Srv_DataHub.c **** static bool SrvDataHub_Get_Attitude(uint32_t *time_stamp, float *pitch, float *roll, float *yaw, fl
 691:Service/Srv_DataHub.c **** {
 1972              		.loc 1 691 1 is_stmt 1 view -0
 1973              		.cfi_startproc
 1974              		@ args = 20, pretend = 0, frame = 0
 1975              		@ frame_needed = 0, uses_anonymous_args = 0
 1976              		.loc 1 691 1 is_stmt 0 view .LVU672
 1977 0000 2DE9F041 		push	{r4, r5, r6, r7, r8, lr}
 1978              	.LCFI12:
 1979              		.cfi_def_cfa_offset 24
 1980              		.cfi_offset 4, -24
 1981              		.cfi_offset 5, -20
 1982              		.cfi_offset 6, -16
 1983              		.cfi_offset 7, -12
 1984              		.cfi_offset 8, -8
 1985              		.cfi_offset 14, -4
 1986 0004 DDF81880 		ldr	r8, [sp, #24]
 1987 0008 DDF81CE0 		ldr	lr, [sp, #28]
 1988 000c 089F     		ldr	r7, [sp, #32]
ARM GAS  C:\Users\HUAV\AppData\Local\Temp\cc14JS73.s 			page 55


 1989 000e 099E     		ldr	r6, [sp, #36]
 1990 0010 0A9D     		ldr	r5, [sp, #40]
 1991 0012 08E0     		b	.L166
 1992              	.L178:
 692:Service/Srv_DataHub.c **** reupdate_attitude:
 693:Service/Srv_DataHub.c ****     SrvDataHub_Monitor.inuse_reg.bit.attitude = true; 
 694:Service/Srv_DataHub.c ****     
 695:Service/Srv_DataHub.c ****     if (time_stamp)
 696:Service/Srv_DataHub.c ****         (*time_stamp) = SrvDataHub_Monitor.data.att_update_time;
 697:Service/Srv_DataHub.c ****     
 698:Service/Srv_DataHub.c ****     if (pitch)
 699:Service/Srv_DataHub.c ****         (*pitch) = SrvDataHub_Monitor.data.att_pitch;
 700:Service/Srv_DataHub.c ****     
 701:Service/Srv_DataHub.c ****     if (roll)
 702:Service/Srv_DataHub.c ****         (*roll) = SrvDataHub_Monitor.data.att_roll;
 703:Service/Srv_DataHub.c ****     
 704:Service/Srv_DataHub.c ****     if (yaw)
 705:Service/Srv_DataHub.c ****         (*yaw) = SrvDataHub_Monitor.data.att_yaw;
 706:Service/Srv_DataHub.c **** 
 707:Service/Srv_DataHub.c ****     if (q0)
 708:Service/Srv_DataHub.c ****         (*q0) = SrvDataHub_Monitor.data.att_q0;
 709:Service/Srv_DataHub.c **** 
 710:Service/Srv_DataHub.c ****     if (q1)
 711:Service/Srv_DataHub.c ****         (*q1) = SrvDataHub_Monitor.data.att_q1;
 712:Service/Srv_DataHub.c **** 
 713:Service/Srv_DataHub.c ****     if (q2)
 714:Service/Srv_DataHub.c ****         (*q2) = SrvDataHub_Monitor.data.att_q2;
 715:Service/Srv_DataHub.c ****     
 716:Service/Srv_DataHub.c ****     if (q3)
 717:Service/Srv_DataHub.c ****         (*q3) = SrvDataHub_Monitor.data.att_q3;
 718:Service/Srv_DataHub.c **** 
 719:Service/Srv_DataHub.c ****     if (flip_over)
 720:Service/Srv_DataHub.c ****         (*flip_over) = SrvDataHub_Monitor.data.att_flip_over;
 1993              		.loc 1 720 9 is_stmt 1 view .LVU673
 1994              		.loc 1 720 47 is_stmt 0 view .LVU674
 1995 0014 234C     		ldr	r4, .L179
 1996 0016 94F8D040 		ldrb	r4, [r4, #208]	@ zero_extendqisi2
 1997              		.loc 1 720 22 view .LVU675
 1998 001a 2C70     		strb	r4, [r5]
 1999              	.L175:
 721:Service/Srv_DataHub.c **** 
 722:Service/Srv_DataHub.c ****     if(!SrvDataHub_Monitor.inuse_reg.bit.attitude)
 2000              		.loc 1 722 5 is_stmt 1 view .LVU676
 2001              		.loc 1 722 8 is_stmt 0 view .LVU677
 2002 001c 214C     		ldr	r4, .L179
 2003 001e A47A     		ldrb	r4, [r4, #10]	@ zero_extendqisi2
 2004              		.loc 1 722 7 view .LVU678
 2005 0020 14F0100F 		tst	r4, #16
 2006 0024 36D1     		bne	.L177
 2007              	.L166:
 693:Service/Srv_DataHub.c ****     
 2008              		.loc 1 693 5 is_stmt 1 view .LVU679
 693:Service/Srv_DataHub.c ****     
 2009              		.loc 1 693 47 is_stmt 0 view .LVU680
 2010 0026 1F4C     		ldr	r4, .L179
 2011 0028 94F80AC0 		ldrb	ip, [r4, #10]	@ zero_extendqisi2
 2012 002c 4CF0100C 		orr	ip, ip, #16
ARM GAS  C:\Users\HUAV\AppData\Local\Temp\cc14JS73.s 			page 56


 2013 0030 84F80AC0 		strb	ip, [r4, #10]
 695:Service/Srv_DataHub.c ****         (*time_stamp) = SrvDataHub_Monitor.data.att_update_time;
 2014              		.loc 1 695 5 is_stmt 1 view .LVU681
 695:Service/Srv_DataHub.c ****         (*time_stamp) = SrvDataHub_Monitor.data.att_update_time;
 2015              		.loc 1 695 8 is_stmt 0 view .LVU682
 2016 0034 10B1     		cbz	r0, .L167
 696:Service/Srv_DataHub.c ****     
 2017              		.loc 1 696 9 is_stmt 1 view .LVU683
 696:Service/Srv_DataHub.c ****     
 2018              		.loc 1 696 48 is_stmt 0 view .LVU684
 2019 0036 D4F8B040 		ldr	r4, [r4, #176]
 696:Service/Srv_DataHub.c ****     
 2020              		.loc 1 696 23 view .LVU685
 2021 003a 0460     		str	r4, [r0]
 2022              	.L167:
 698:Service/Srv_DataHub.c ****         (*pitch) = SrvDataHub_Monitor.data.att_pitch;
 2023              		.loc 1 698 5 is_stmt 1 view .LVU686
 698:Service/Srv_DataHub.c ****         (*pitch) = SrvDataHub_Monitor.data.att_pitch;
 2024              		.loc 1 698 8 is_stmt 0 view .LVU687
 2025 003c 19B1     		cbz	r1, .L168
 699:Service/Srv_DataHub.c ****     
 2026              		.loc 1 699 9 is_stmt 1 view .LVU688
 699:Service/Srv_DataHub.c ****     
 2027              		.loc 1 699 43 is_stmt 0 view .LVU689
 2028 003e 194C     		ldr	r4, .L179
 2029 0040 D4F8B840 		ldr	r4, [r4, #184]	@ float
 699:Service/Srv_DataHub.c ****     
 2030              		.loc 1 699 18 view .LVU690
 2031 0044 0C60     		str	r4, [r1]	@ float
 2032              	.L168:
 701:Service/Srv_DataHub.c ****         (*roll) = SrvDataHub_Monitor.data.att_roll;
 2033              		.loc 1 701 5 is_stmt 1 view .LVU691
 701:Service/Srv_DataHub.c ****         (*roll) = SrvDataHub_Monitor.data.att_roll;
 2034              		.loc 1 701 8 is_stmt 0 view .LVU692
 2035 0046 1AB1     		cbz	r2, .L169
 702:Service/Srv_DataHub.c ****     
 2036              		.loc 1 702 9 is_stmt 1 view .LVU693
 702:Service/Srv_DataHub.c ****     
 2037              		.loc 1 702 42 is_stmt 0 view .LVU694
 2038 0048 164C     		ldr	r4, .L179
 2039 004a D4F8B440 		ldr	r4, [r4, #180]	@ float
 702:Service/Srv_DataHub.c ****     
 2040              		.loc 1 702 17 view .LVU695
 2041 004e 1460     		str	r4, [r2]	@ float
 2042              	.L169:
 704:Service/Srv_DataHub.c ****         (*yaw) = SrvDataHub_Monitor.data.att_yaw;
 2043              		.loc 1 704 5 is_stmt 1 view .LVU696
 704:Service/Srv_DataHub.c ****         (*yaw) = SrvDataHub_Monitor.data.att_yaw;
 2044              		.loc 1 704 8 is_stmt 0 view .LVU697
 2045 0050 1BB1     		cbz	r3, .L170
 705:Service/Srv_DataHub.c **** 
 2046              		.loc 1 705 9 is_stmt 1 view .LVU698
 705:Service/Srv_DataHub.c **** 
 2047              		.loc 1 705 41 is_stmt 0 view .LVU699
 2048 0052 144C     		ldr	r4, .L179
 2049 0054 D4F8BC40 		ldr	r4, [r4, #188]	@ float
 705:Service/Srv_DataHub.c **** 
ARM GAS  C:\Users\HUAV\AppData\Local\Temp\cc14JS73.s 			page 57


 2050              		.loc 1 705 16 view .LVU700
 2051 0058 1C60     		str	r4, [r3]	@ float
 2052              	.L170:
 707:Service/Srv_DataHub.c ****         (*q0) = SrvDataHub_Monitor.data.att_q0;
 2053              		.loc 1 707 5 is_stmt 1 view .LVU701
 707:Service/Srv_DataHub.c ****         (*q0) = SrvDataHub_Monitor.data.att_q0;
 2054              		.loc 1 707 8 is_stmt 0 view .LVU702
 2055 005a B8F1000F 		cmp	r8, #0
 2056 005e 04D0     		beq	.L171
 708:Service/Srv_DataHub.c **** 
 2057              		.loc 1 708 9 is_stmt 1 view .LVU703
 708:Service/Srv_DataHub.c **** 
 2058              		.loc 1 708 40 is_stmt 0 view .LVU704
 2059 0060 104C     		ldr	r4, .L179
 2060 0062 D4F8C040 		ldr	r4, [r4, #192]	@ float
 708:Service/Srv_DataHub.c **** 
 2061              		.loc 1 708 15 view .LVU705
 2062 0066 C8F80040 		str	r4, [r8]	@ float
 2063              	.L171:
 710:Service/Srv_DataHub.c ****         (*q1) = SrvDataHub_Monitor.data.att_q1;
 2064              		.loc 1 710 5 is_stmt 1 view .LVU706
 710:Service/Srv_DataHub.c ****         (*q1) = SrvDataHub_Monitor.data.att_q1;
 2065              		.loc 1 710 8 is_stmt 0 view .LVU707
 2066 006a BEF1000F 		cmp	lr, #0
 2067 006e 04D0     		beq	.L172
 711:Service/Srv_DataHub.c **** 
 2068              		.loc 1 711 9 is_stmt 1 view .LVU708
 711:Service/Srv_DataHub.c **** 
 2069              		.loc 1 711 40 is_stmt 0 view .LVU709
 2070 0070 0C4C     		ldr	r4, .L179
 2071 0072 D4F8C440 		ldr	r4, [r4, #196]	@ float
 711:Service/Srv_DataHub.c **** 
 2072              		.loc 1 711 15 view .LVU710
 2073 0076 CEF80040 		str	r4, [lr]	@ float
 2074              	.L172:
 713:Service/Srv_DataHub.c ****         (*q2) = SrvDataHub_Monitor.data.att_q2;
 2075              		.loc 1 713 5 is_stmt 1 view .LVU711
 713:Service/Srv_DataHub.c ****         (*q2) = SrvDataHub_Monitor.data.att_q2;
 2076              		.loc 1 713 8 is_stmt 0 view .LVU712
 2077 007a 1FB1     		cbz	r7, .L173
 714:Service/Srv_DataHub.c ****     
 2078              		.loc 1 714 9 is_stmt 1 view .LVU713
 714:Service/Srv_DataHub.c ****     
 2079              		.loc 1 714 40 is_stmt 0 view .LVU714
 2080 007c 094C     		ldr	r4, .L179
 2081 007e D4F8C840 		ldr	r4, [r4, #200]	@ float
 714:Service/Srv_DataHub.c ****     
 2082              		.loc 1 714 15 view .LVU715
 2083 0082 3C60     		str	r4, [r7]	@ float
 2084              	.L173:
 716:Service/Srv_DataHub.c ****         (*q3) = SrvDataHub_Monitor.data.att_q3;
 2085              		.loc 1 716 5 is_stmt 1 view .LVU716
 716:Service/Srv_DataHub.c ****         (*q3) = SrvDataHub_Monitor.data.att_q3;
 2086              		.loc 1 716 8 is_stmt 0 view .LVU717
 2087 0084 1EB1     		cbz	r6, .L174
 717:Service/Srv_DataHub.c **** 
 2088              		.loc 1 717 9 is_stmt 1 view .LVU718
ARM GAS  C:\Users\HUAV\AppData\Local\Temp\cc14JS73.s 			page 58


 717:Service/Srv_DataHub.c **** 
 2089              		.loc 1 717 40 is_stmt 0 view .LVU719
 2090 0086 074C     		ldr	r4, .L179
 2091 0088 D4F8CC40 		ldr	r4, [r4, #204]	@ float
 717:Service/Srv_DataHub.c **** 
 2092              		.loc 1 717 15 view .LVU720
 2093 008c 3460     		str	r4, [r6]	@ float
 2094              	.L174:
 719:Service/Srv_DataHub.c ****         (*flip_over) = SrvDataHub_Monitor.data.att_flip_over;
 2095              		.loc 1 719 5 is_stmt 1 view .LVU721
 719:Service/Srv_DataHub.c ****         (*flip_over) = SrvDataHub_Monitor.data.att_flip_over;
 2096              		.loc 1 719 8 is_stmt 0 view .LVU722
 2097 008e 002D     		cmp	r5, #0
 2098 0090 C0D1     		bne	.L178
 2099 0092 C3E7     		b	.L175
 2100              	.L177:
 723:Service/Srv_DataHub.c ****         goto reupdate_attitude;
 724:Service/Srv_DataHub.c **** 
 725:Service/Srv_DataHub.c ****     SrvDataHub_Monitor.inuse_reg.bit.attitude = false;
 2101              		.loc 1 725 5 is_stmt 1 view .LVU723
 2102              		.loc 1 725 47 is_stmt 0 view .LVU724
 2103 0094 034B     		ldr	r3, .L179
 2104              	.LVL52:
 2105              		.loc 1 725 47 view .LVU725
 2106 0096 9A7A     		ldrb	r2, [r3, #10]	@ zero_extendqisi2
 2107              	.LVL53:
 2108              		.loc 1 725 47 view .LVU726
 2109 0098 6FF30412 		bfc	r2, #4, #1
 2110 009c 9A72     		strb	r2, [r3, #10]
 726:Service/Srv_DataHub.c **** 
 727:Service/Srv_DataHub.c ****     return true;
 2111              		.loc 1 727 5 is_stmt 1 view .LVU727
 728:Service/Srv_DataHub.c **** }
 2112              		.loc 1 728 1 is_stmt 0 view .LVU728
 2113 009e 0120     		movs	r0, #1
 2114              	.LVL54:
 2115              		.loc 1 728 1 view .LVU729
 2116 00a0 BDE8F081 		pop	{r4, r5, r6, r7, r8, pc}
 2117              	.LVL55:
 2118              	.L180:
 2119              		.loc 1 728 1 view .LVU730
 2120              		.align	2
 2121              	.L179:
 2122 00a4 00000000 		.word	.LANCHOR0
 2123              		.cfi_endproc
 2124              	.LFE167:
 2126              		.section	.text.SrvDataHub_Get_Arm,"ax",%progbits
 2127              		.align	1
 2128              		.syntax unified
 2129              		.thumb
 2130              		.thumb_func
 2132              	SrvDataHub_Get_Arm:
 2133              	.LVL56:
 2134              	.LFB168:
 729:Service/Srv_DataHub.c **** 
 730:Service/Srv_DataHub.c **** static bool SrvDataHub_Get_Arm(bool *arm)
 731:Service/Srv_DataHub.c **** {
ARM GAS  C:\Users\HUAV\AppData\Local\Temp\cc14JS73.s 			page 59


 2135              		.loc 1 731 1 is_stmt 1 view -0
 2136              		.cfi_startproc
 2137              		@ args = 0, pretend = 0, frame = 0
 2138              		@ frame_needed = 0, uses_anonymous_args = 0
 2139              		@ link register save eliminated.
 732:Service/Srv_DataHub.c ****     if (arm == NULL)
 2140              		.loc 1 732 5 view .LVU732
 2141              		.loc 1 732 8 is_stmt 0 view .LVU733
 2142 0000 0146     		mov	r1, r0
 2143 0002 90B1     		cbz	r0, .L184
 2144              	.L183:
 733:Service/Srv_DataHub.c ****         return false;
 734:Service/Srv_DataHub.c **** 
 735:Service/Srv_DataHub.c **** reupdate_arm:
 736:Service/Srv_DataHub.c ****     SrvDataHub_Monitor.inuse_reg.bit.cnv_control_data = true;
 2145              		.loc 1 736 5 is_stmt 1 view .LVU734
 2146              		.loc 1 736 55 is_stmt 0 view .LVU735
 2147 0004 0A4B     		ldr	r3, .L185
 2148 0006 9A7A     		ldrb	r2, [r3, #10]	@ zero_extendqisi2
 2149 0008 42F00202 		orr	r2, r2, #2
 2150 000c 9A72     		strb	r2, [r3, #10]
 737:Service/Srv_DataHub.c ****     *arm = SrvDataHub_Monitor.data.arm;
 2151              		.loc 1 737 5 is_stmt 1 view .LVU736
 2152              		.loc 1 737 35 is_stmt 0 view .LVU737
 2153 000e 93F84821 		ldrb	r2, [r3, #328]	@ zero_extendqisi2
 2154              		.loc 1 737 10 view .LVU738
 2155 0012 0A70     		strb	r2, [r1]
 738:Service/Srv_DataHub.c **** 
 739:Service/Srv_DataHub.c ****     if (!SrvDataHub_Monitor.inuse_reg.bit.cnv_control_data)
 2156              		.loc 1 739 5 is_stmt 1 view .LVU739
 2157              		.loc 1 739 9 is_stmt 0 view .LVU740
 2158 0014 9B7A     		ldrb	r3, [r3, #10]	@ zero_extendqisi2
 2159              		.loc 1 739 8 view .LVU741
 2160 0016 13F0020F 		tst	r3, #2
 2161 001a F3D0     		beq	.L183
 740:Service/Srv_DataHub.c ****         goto reupdate_arm;
 741:Service/Srv_DataHub.c **** 
 742:Service/Srv_DataHub.c ****     SrvDataHub_Monitor.inuse_reg.bit.cnv_control_data = false;
 2162              		.loc 1 742 5 is_stmt 1 view .LVU742
 2163              		.loc 1 742 55 is_stmt 0 view .LVU743
 2164 001c 044B     		ldr	r3, .L185
 2165 001e 9A7A     		ldrb	r2, [r3, #10]	@ zero_extendqisi2
 2166 0020 6FF34102 		bfc	r2, #1, #1
 2167 0024 9A72     		strb	r2, [r3, #10]
 743:Service/Srv_DataHub.c **** 
 744:Service/Srv_DataHub.c ****     return true;
 2168              		.loc 1 744 5 is_stmt 1 view .LVU744
 2169              		.loc 1 744 12 is_stmt 0 view .LVU745
 2170 0026 0120     		movs	r0, #1
 2171              	.LVL57:
 2172              		.loc 1 744 12 view .LVU746
 2173 0028 7047     		bx	lr
 2174              	.LVL58:
 2175              	.L184:
 733:Service/Srv_DataHub.c **** 
 2176              		.loc 1 733 16 view .LVU747
 2177 002a 0020     		movs	r0, #0
ARM GAS  C:\Users\HUAV\AppData\Local\Temp\cc14JS73.s 			page 60


 2178              	.LVL59:
 745:Service/Srv_DataHub.c **** }
 2179              		.loc 1 745 1 view .LVU748
 2180 002c 7047     		bx	lr
 2181              	.L186:
 2182 002e 00BF     		.align	2
 2183              	.L185:
 2184 0030 00000000 		.word	.LANCHOR0
 2185              		.cfi_endproc
 2186              	.LFE168:
 2188              		.section	.text.SrvDataHub_Get_Failsafe,"ax",%progbits
 2189              		.align	1
 2190              		.syntax unified
 2191              		.thumb
 2192              		.thumb_func
 2194              	SrvDataHub_Get_Failsafe:
 2195              	.LFB169:
 746:Service/Srv_DataHub.c **** 
 747:Service/Srv_DataHub.c **** static bool SrvDataHub_Get_Failsafe(bool *failsafe)
 748:Service/Srv_DataHub.c **** {
 2196              		.loc 1 748 1 is_stmt 1 view -0
 2197              		.cfi_startproc
 2198              		@ args = 0, pretend = 0, frame = 0
 2199              		@ frame_needed = 0, uses_anonymous_args = 0
 2200              		@ link register save eliminated.
 2201              	.LVL60:
 2202              		.loc 1 748 1 is_stmt 0 view .LVU750
 2203 0000 04E0     		b	.L188
 2204              	.L189:
 749:Service/Srv_DataHub.c **** reupdate_failsafe:
 750:Service/Srv_DataHub.c ****     SrvDataHub_Monitor.inuse_reg.bit.cnv_control_data = true;
 751:Service/Srv_DataHub.c ****     
 752:Service/Srv_DataHub.c ****     if (failsafe)
 753:Service/Srv_DataHub.c ****         *failsafe = SrvDataHub_Monitor.data.failsafe;
 754:Service/Srv_DataHub.c **** 
 755:Service/Srv_DataHub.c ****     if (!SrvDataHub_Monitor.inuse_reg.bit.cnv_control_data)
 2205              		.loc 1 755 5 is_stmt 1 view .LVU751
 2206              		.loc 1 755 9 is_stmt 0 view .LVU752
 2207 0002 0B4B     		ldr	r3, .L191
 2208 0004 9B7A     		ldrb	r3, [r3, #10]	@ zero_extendqisi2
 2209              		.loc 1 755 8 view .LVU753
 2210 0006 13F0020F 		tst	r3, #2
 2211 000a 0AD1     		bne	.L190
 2212              	.L188:
 750:Service/Srv_DataHub.c ****     
 2213              		.loc 1 750 5 is_stmt 1 view .LVU754
 750:Service/Srv_DataHub.c ****     
 2214              		.loc 1 750 55 is_stmt 0 view .LVU755
 2215 000c 084A     		ldr	r2, .L191
 2216 000e 937A     		ldrb	r3, [r2, #10]	@ zero_extendqisi2
 2217 0010 43F00203 		orr	r3, r3, #2
 2218 0014 9372     		strb	r3, [r2, #10]
 752:Service/Srv_DataHub.c ****         *failsafe = SrvDataHub_Monitor.data.failsafe;
 2219              		.loc 1 752 5 is_stmt 1 view .LVU756
 752:Service/Srv_DataHub.c ****         *failsafe = SrvDataHub_Monitor.data.failsafe;
 2220              		.loc 1 752 8 is_stmt 0 view .LVU757
 2221 0016 0028     		cmp	r0, #0
ARM GAS  C:\Users\HUAV\AppData\Local\Temp\cc14JS73.s 			page 61


 2222 0018 F3D0     		beq	.L189
 753:Service/Srv_DataHub.c **** 
 2223              		.loc 1 753 9 is_stmt 1 view .LVU758
 753:Service/Srv_DataHub.c **** 
 2224              		.loc 1 753 44 is_stmt 0 view .LVU759
 2225 001a 92F84931 		ldrb	r3, [r2, #329]	@ zero_extendqisi2
 753:Service/Srv_DataHub.c **** 
 2226              		.loc 1 753 19 view .LVU760
 2227 001e 0370     		strb	r3, [r0]
 2228 0020 EFE7     		b	.L189
 2229              	.L190:
 756:Service/Srv_DataHub.c ****         goto reupdate_failsafe;
 757:Service/Srv_DataHub.c **** 
 758:Service/Srv_DataHub.c ****     SrvDataHub_Monitor.inuse_reg.bit.cnv_control_data = false;
 2230              		.loc 1 758 5 is_stmt 1 view .LVU761
 2231              		.loc 1 758 55 is_stmt 0 view .LVU762
 2232 0022 034B     		ldr	r3, .L191
 2233 0024 9A7A     		ldrb	r2, [r3, #10]	@ zero_extendqisi2
 2234 0026 6FF34102 		bfc	r2, #1, #1
 2235 002a 9A72     		strb	r2, [r3, #10]
 759:Service/Srv_DataHub.c **** 
 760:Service/Srv_DataHub.c ****     return true;
 2236              		.loc 1 760 5 is_stmt 1 view .LVU763
 761:Service/Srv_DataHub.c **** }
 2237              		.loc 1 761 1 is_stmt 0 view .LVU764
 2238 002c 0120     		movs	r0, #1
 2239              	.LVL61:
 2240              		.loc 1 761 1 view .LVU765
 2241 002e 7047     		bx	lr
 2242              	.L192:
 2243              		.align	2
 2244              	.L191:
 2245 0030 00000000 		.word	.LANCHOR0
 2246              		.cfi_endproc
 2247              	.LFE169:
 2249              		.section	.text.SrvDataHub_Get_Convert_ControlData,"ax",%progbits
 2250              		.align	1
 2251              		.syntax unified
 2252              		.thumb
 2253              		.thumb_func
 2255              	SrvDataHub_Get_Convert_ControlData:
 2256              	.LVL62:
 2257              	.LFB170:
 762:Service/Srv_DataHub.c **** 
 763:Service/Srv_DataHub.c **** static bool SrvDataHub_Get_Convert_ControlData(uint32_t *time_stamp, bool *arm, bool *failsafe, uin
 764:Service/Srv_DataHub.c **** {
 2258              		.loc 1 764 1 is_stmt 1 view -0
 2259              		.cfi_startproc
 2260              		@ args = 20, pretend = 0, frame = 0
 2261              		@ frame_needed = 0, uses_anonymous_args = 0
 2262              		.loc 1 764 1 is_stmt 0 view .LVU767
 2263 0000 2DE9F041 		push	{r4, r5, r6, r7, r8, lr}
 2264              	.LCFI13:
 2265              		.cfi_def_cfa_offset 24
 2266              		.cfi_offset 4, -24
 2267              		.cfi_offset 5, -20
 2268              		.cfi_offset 6, -16
ARM GAS  C:\Users\HUAV\AppData\Local\Temp\cc14JS73.s 			page 62


 2269              		.cfi_offset 7, -12
 2270              		.cfi_offset 8, -8
 2271              		.cfi_offset 14, -4
 2272 0004 DDF81880 		ldr	r8, [sp, #24]
 2273 0008 DDF81CE0 		ldr	lr, [sp, #28]
 2274 000c 089F     		ldr	r7, [sp, #32]
 2275 000e 099E     		ldr	r6, [sp, #36]
 2276 0010 0A9D     		ldr	r5, [sp, #40]
 2277 0012 08E0     		b	.L194
 2278              	.L206:
 765:Service/Srv_DataHub.c **** reupdate_convertdata:
 766:Service/Srv_DataHub.c ****     SrvDataHub_Monitor.inuse_reg.bit.cnv_control_data = true;
 767:Service/Srv_DataHub.c **** 
 768:Service/Srv_DataHub.c ****     if (time_stamp)
 769:Service/Srv_DataHub.c ****         *time_stamp = SrvDataHub_Monitor.data.cnvctl_data_time;
 770:Service/Srv_DataHub.c ****     
 771:Service/Srv_DataHub.c ****     if (arm)
 772:Service/Srv_DataHub.c ****         *arm = SrvDataHub_Monitor.data.arm;
 773:Service/Srv_DataHub.c ****         
 774:Service/Srv_DataHub.c ****     if (failsafe)
 775:Service/Srv_DataHub.c ****         *failsafe = SrvDataHub_Monitor.data.failsafe;
 776:Service/Srv_DataHub.c ****         
 777:Service/Srv_DataHub.c ****     if (mode)
 778:Service/Srv_DataHub.c ****         *mode = SrvDataHub_Monitor.data.ctl_mode;
 779:Service/Srv_DataHub.c ****         
 780:Service/Srv_DataHub.c ****     if (pitch)
 781:Service/Srv_DataHub.c ****         *pitch = SrvDataHub_Monitor.data.exp_pitch;
 782:Service/Srv_DataHub.c ****         
 783:Service/Srv_DataHub.c ****     if (roll)
 784:Service/Srv_DataHub.c ****         *roll = SrvDataHub_Monitor.data.exp_roll;
 785:Service/Srv_DataHub.c ****         
 786:Service/Srv_DataHub.c ****     if (gx)
 787:Service/Srv_DataHub.c ****         *gx = SrvDataHub_Monitor.data.exp_gyr_x;
 788:Service/Srv_DataHub.c ****         
 789:Service/Srv_DataHub.c ****     if (gy)
 790:Service/Srv_DataHub.c ****         *gy = SrvDataHub_Monitor.data.exp_gyr_y;
 791:Service/Srv_DataHub.c **** 
 792:Service/Srv_DataHub.c ****     if (gz)
 793:Service/Srv_DataHub.c ****         *gz = SrvDataHub_Monitor.data.exp_gyr_z;
 2279              		.loc 1 793 9 is_stmt 1 view .LVU768
 2280              		.loc 1 793 38 is_stmt 0 view .LVU769
 2281 0014 234C     		ldr	r4, .L207
 2282 0016 D4F85C41 		ldr	r4, [r4, #348]	@ float
 2283              		.loc 1 793 13 view .LVU770
 2284 001a 2C60     		str	r4, [r5]	@ float
 2285              	.L203:
 794:Service/Srv_DataHub.c **** 
 795:Service/Srv_DataHub.c ****     if (!SrvDataHub_Monitor.inuse_reg.bit.cnv_control_data)
 2286              		.loc 1 795 5 is_stmt 1 view .LVU771
 2287              		.loc 1 795 9 is_stmt 0 view .LVU772
 2288 001c 214C     		ldr	r4, .L207
 2289 001e A47A     		ldrb	r4, [r4, #10]	@ zero_extendqisi2
 2290              		.loc 1 795 8 view .LVU773
 2291 0020 14F0020F 		tst	r4, #2
 2292 0024 36D1     		bne	.L205
 2293              	.L194:
 766:Service/Srv_DataHub.c **** 
ARM GAS  C:\Users\HUAV\AppData\Local\Temp\cc14JS73.s 			page 63


 2294              		.loc 1 766 5 is_stmt 1 view .LVU774
 766:Service/Srv_DataHub.c **** 
 2295              		.loc 1 766 55 is_stmt 0 view .LVU775
 2296 0026 1F4C     		ldr	r4, .L207
 2297 0028 94F80AC0 		ldrb	ip, [r4, #10]	@ zero_extendqisi2
 2298 002c 4CF0020C 		orr	ip, ip, #2
 2299 0030 84F80AC0 		strb	ip, [r4, #10]
 768:Service/Srv_DataHub.c ****         *time_stamp = SrvDataHub_Monitor.data.cnvctl_data_time;
 2300              		.loc 1 768 5 is_stmt 1 view .LVU776
 768:Service/Srv_DataHub.c ****         *time_stamp = SrvDataHub_Monitor.data.cnvctl_data_time;
 2301              		.loc 1 768 8 is_stmt 0 view .LVU777
 2302 0034 10B1     		cbz	r0, .L195
 769:Service/Srv_DataHub.c ****     
 2303              		.loc 1 769 9 is_stmt 1 view .LVU778
 769:Service/Srv_DataHub.c ****     
 2304              		.loc 1 769 46 is_stmt 0 view .LVU779
 2305 0036 D4F84441 		ldr	r4, [r4, #324]
 769:Service/Srv_DataHub.c ****     
 2306              		.loc 1 769 21 view .LVU780
 2307 003a 0460     		str	r4, [r0]
 2308              	.L195:
 771:Service/Srv_DataHub.c ****         *arm = SrvDataHub_Monitor.data.arm;
 2309              		.loc 1 771 5 is_stmt 1 view .LVU781
 771:Service/Srv_DataHub.c ****         *arm = SrvDataHub_Monitor.data.arm;
 2310              		.loc 1 771 8 is_stmt 0 view .LVU782
 2311 003c 19B1     		cbz	r1, .L196
 772:Service/Srv_DataHub.c ****         
 2312              		.loc 1 772 9 is_stmt 1 view .LVU783
 772:Service/Srv_DataHub.c ****         
 2313              		.loc 1 772 39 is_stmt 0 view .LVU784
 2314 003e 194C     		ldr	r4, .L207
 2315 0040 94F84841 		ldrb	r4, [r4, #328]	@ zero_extendqisi2
 772:Service/Srv_DataHub.c ****         
 2316              		.loc 1 772 14 view .LVU785
 2317 0044 0C70     		strb	r4, [r1]
 2318              	.L196:
 774:Service/Srv_DataHub.c ****         *failsafe = SrvDataHub_Monitor.data.failsafe;
 2319              		.loc 1 774 5 is_stmt 1 view .LVU786
 774:Service/Srv_DataHub.c ****         *failsafe = SrvDataHub_Monitor.data.failsafe;
 2320              		.loc 1 774 8 is_stmt 0 view .LVU787
 2321 0046 1AB1     		cbz	r2, .L197
 775:Service/Srv_DataHub.c ****         
 2322              		.loc 1 775 9 is_stmt 1 view .LVU788
 775:Service/Srv_DataHub.c ****         
 2323              		.loc 1 775 44 is_stmt 0 view .LVU789
 2324 0048 164C     		ldr	r4, .L207
 2325 004a 94F84941 		ldrb	r4, [r4, #329]	@ zero_extendqisi2
 775:Service/Srv_DataHub.c ****         
 2326              		.loc 1 775 19 view .LVU790
 2327 004e 1470     		strb	r4, [r2]
 2328              	.L197:
 777:Service/Srv_DataHub.c ****         *mode = SrvDataHub_Monitor.data.ctl_mode;
 2329              		.loc 1 777 5 is_stmt 1 view .LVU791
 777:Service/Srv_DataHub.c ****         *mode = SrvDataHub_Monitor.data.ctl_mode;
 2330              		.loc 1 777 8 is_stmt 0 view .LVU792
 2331 0050 1BB1     		cbz	r3, .L198
 778:Service/Srv_DataHub.c ****         
ARM GAS  C:\Users\HUAV\AppData\Local\Temp\cc14JS73.s 			page 64


 2332              		.loc 1 778 9 is_stmt 1 view .LVU793
 778:Service/Srv_DataHub.c ****         
 2333              		.loc 1 778 40 is_stmt 0 view .LVU794
 2334 0052 144C     		ldr	r4, .L207
 2335 0054 94F84A41 		ldrb	r4, [r4, #330]	@ zero_extendqisi2
 778:Service/Srv_DataHub.c ****         
 2336              		.loc 1 778 15 view .LVU795
 2337 0058 1C70     		strb	r4, [r3]
 2338              	.L198:
 780:Service/Srv_DataHub.c ****         *pitch = SrvDataHub_Monitor.data.exp_pitch;
 2339              		.loc 1 780 5 is_stmt 1 view .LVU796
 780:Service/Srv_DataHub.c ****         *pitch = SrvDataHub_Monitor.data.exp_pitch;
 2340              		.loc 1 780 8 is_stmt 0 view .LVU797
 2341 005a B8F1000F 		cmp	r8, #0
 2342 005e 04D0     		beq	.L199
 781:Service/Srv_DataHub.c ****         
 2343              		.loc 1 781 9 is_stmt 1 view .LVU798
 781:Service/Srv_DataHub.c ****         
 2344              		.loc 1 781 41 is_stmt 0 view .LVU799
 2345 0060 104C     		ldr	r4, .L207
 2346 0062 D4F84C41 		ldr	r4, [r4, #332]	@ float
 781:Service/Srv_DataHub.c ****         
 2347              		.loc 1 781 16 view .LVU800
 2348 0066 C8F80040 		str	r4, [r8]	@ float
 2349              	.L199:
 783:Service/Srv_DataHub.c ****         *roll = SrvDataHub_Monitor.data.exp_roll;
 2350              		.loc 1 783 5 is_stmt 1 view .LVU801
 783:Service/Srv_DataHub.c ****         *roll = SrvDataHub_Monitor.data.exp_roll;
 2351              		.loc 1 783 8 is_stmt 0 view .LVU802
 2352 006a BEF1000F 		cmp	lr, #0
 2353 006e 04D0     		beq	.L200
 784:Service/Srv_DataHub.c ****         
 2354              		.loc 1 784 9 is_stmt 1 view .LVU803
 784:Service/Srv_DataHub.c ****         
 2355              		.loc 1 784 40 is_stmt 0 view .LVU804
 2356 0070 0C4C     		ldr	r4, .L207
 2357 0072 D4F85041 		ldr	r4, [r4, #336]	@ float
 784:Service/Srv_DataHub.c ****         
 2358              		.loc 1 784 15 view .LVU805
 2359 0076 CEF80040 		str	r4, [lr]	@ float
 2360              	.L200:
 786:Service/Srv_DataHub.c ****         *gx = SrvDataHub_Monitor.data.exp_gyr_x;
 2361              		.loc 1 786 5 is_stmt 1 view .LVU806
 786:Service/Srv_DataHub.c ****         *gx = SrvDataHub_Monitor.data.exp_gyr_x;
 2362              		.loc 1 786 8 is_stmt 0 view .LVU807
 2363 007a 1FB1     		cbz	r7, .L201
 787:Service/Srv_DataHub.c ****         
 2364              		.loc 1 787 9 is_stmt 1 view .LVU808
 787:Service/Srv_DataHub.c ****         
 2365              		.loc 1 787 38 is_stmt 0 view .LVU809
 2366 007c 094C     		ldr	r4, .L207
 2367 007e D4F85441 		ldr	r4, [r4, #340]	@ float
 787:Service/Srv_DataHub.c ****         
 2368              		.loc 1 787 13 view .LVU810
 2369 0082 3C60     		str	r4, [r7]	@ float
 2370              	.L201:
 789:Service/Srv_DataHub.c ****         *gy = SrvDataHub_Monitor.data.exp_gyr_y;
ARM GAS  C:\Users\HUAV\AppData\Local\Temp\cc14JS73.s 			page 65


 2371              		.loc 1 789 5 is_stmt 1 view .LVU811
 789:Service/Srv_DataHub.c ****         *gy = SrvDataHub_Monitor.data.exp_gyr_y;
 2372              		.loc 1 789 8 is_stmt 0 view .LVU812
 2373 0084 1EB1     		cbz	r6, .L202
 790:Service/Srv_DataHub.c **** 
 2374              		.loc 1 790 9 is_stmt 1 view .LVU813
 790:Service/Srv_DataHub.c **** 
 2375              		.loc 1 790 38 is_stmt 0 view .LVU814
 2376 0086 074C     		ldr	r4, .L207
 2377 0088 D4F85841 		ldr	r4, [r4, #344]	@ float
 790:Service/Srv_DataHub.c **** 
 2378              		.loc 1 790 13 view .LVU815
 2379 008c 3460     		str	r4, [r6]	@ float
 2380              	.L202:
 792:Service/Srv_DataHub.c ****         *gz = SrvDataHub_Monitor.data.exp_gyr_z;
 2381              		.loc 1 792 5 is_stmt 1 view .LVU816
 792:Service/Srv_DataHub.c ****         *gz = SrvDataHub_Monitor.data.exp_gyr_z;
 2382              		.loc 1 792 8 is_stmt 0 view .LVU817
 2383 008e 002D     		cmp	r5, #0
 2384 0090 C0D1     		bne	.L206
 2385 0092 C3E7     		b	.L203
 2386              	.L205:
 796:Service/Srv_DataHub.c ****         goto reupdate_convertdata;
 797:Service/Srv_DataHub.c **** 
 798:Service/Srv_DataHub.c ****     SrvDataHub_Monitor.inuse_reg.bit.cnv_control_data = false;
 2387              		.loc 1 798 5 is_stmt 1 view .LVU818
 2388              		.loc 1 798 55 is_stmt 0 view .LVU819
 2389 0094 034B     		ldr	r3, .L207
 2390              	.LVL63:
 2391              		.loc 1 798 55 view .LVU820
 2392 0096 9A7A     		ldrb	r2, [r3, #10]	@ zero_extendqisi2
 2393              	.LVL64:
 2394              		.loc 1 798 55 view .LVU821
 2395 0098 6FF34102 		bfc	r2, #1, #1
 2396 009c 9A72     		strb	r2, [r3, #10]
 799:Service/Srv_DataHub.c ****     
 800:Service/Srv_DataHub.c ****     return true;
 2397              		.loc 1 800 5 is_stmt 1 view .LVU822
 801:Service/Srv_DataHub.c **** }
 2398              		.loc 1 801 1 is_stmt 0 view .LVU823
 2399 009e 0120     		movs	r0, #1
 2400              	.LVL65:
 2401              		.loc 1 801 1 view .LVU824
 2402 00a0 BDE8F081 		pop	{r4, r5, r6, r7, r8, pc}
 2403              	.LVL66:
 2404              	.L208:
 2405              		.loc 1 801 1 view .LVU825
 2406              		.align	2
 2407              	.L207:
 2408 00a4 00000000 		.word	.LANCHOR0
 2409              		.cfi_endproc
 2410              	.LFE170:
 2412              		.section	.text.SrvDataHub_Get_Telemetry_ControlData,"ax",%progbits
 2413              		.align	1
 2414              		.syntax unified
 2415              		.thumb
 2416              		.thumb_func
ARM GAS  C:\Users\HUAV\AppData\Local\Temp\cc14JS73.s 			page 66


 2418              	SrvDataHub_Get_Telemetry_ControlData:
 2419              	.LVL67:
 2420              	.LFB171:
 802:Service/Srv_DataHub.c **** 
 803:Service/Srv_DataHub.c **** static bool SrvDataHub_Get_Telemetry_ControlData(ControlData_TypeDef *data)
 804:Service/Srv_DataHub.c **** {
 2421              		.loc 1 804 1 is_stmt 1 view -0
 2422              		.cfi_startproc
 2423              		@ args = 0, pretend = 0, frame = 0
 2424              		@ frame_needed = 0, uses_anonymous_args = 0
 2425              		.loc 1 804 1 is_stmt 0 view .LVU827
 2426 0000 38B5     		push	{r3, r4, r5, lr}
 2427              	.LCFI14:
 2428              		.cfi_def_cfa_offset 16
 2429              		.cfi_offset 3, -16
 2430              		.cfi_offset 4, -12
 2431              		.cfi_offset 5, -8
 2432              		.cfi_offset 14, -4
 805:Service/Srv_DataHub.c ****     if(data)
 2433              		.loc 1 805 5 is_stmt 1 view .LVU828
 2434              		.loc 1 805 7 is_stmt 0 view .LVU829
 2435 0002 0546     		mov	r5, r0
 2436 0004 A0B1     		cbz	r0, .L212
 2437              	.LVL68:
 2438              	.L211:
 806:Service/Srv_DataHub.c ****     {
 807:Service/Srv_DataHub.c **** reupdate_telemetry_control_data:
 808:Service/Srv_DataHub.c ****         SrvDataHub_Monitor.inuse_reg.bit.rc_control_data = true;
 2439              		.loc 1 808 9 is_stmt 1 view .LVU830
 2440              		.loc 1 808 58 is_stmt 0 view .LVU831
 2441 0006 0B4C     		ldr	r4, .L214
 2442 0008 A37A     		ldrb	r3, [r4, #10]	@ zero_extendqisi2
 2443 000a 43F00403 		orr	r3, r3, #4
 2444 000e A372     		strb	r3, [r4, #10]
 809:Service/Srv_DataHub.c **** 
 810:Service/Srv_DataHub.c ****         (*data) = SrvDataHub_Monitor.data.RC_Control_Data;
 2445              		.loc 1 810 9 is_stmt 1 view .LVU832
 2446              		.loc 1 810 17 is_stmt 0 view .LVU833
 2447 0010 6422     		movs	r2, #100
 2448 0012 04F1E001 		add	r1, r4, #224
 2449 0016 2846     		mov	r0, r5
 2450 0018 FFF7FEFF 		bl	memcpy
 2451              	.LVL69:
 811:Service/Srv_DataHub.c **** 
 812:Service/Srv_DataHub.c ****         if(!SrvDataHub_Monitor.inuse_reg.bit.rc_control_data)
 2452              		.loc 1 812 9 is_stmt 1 view .LVU834
 2453              		.loc 1 812 12 is_stmt 0 view .LVU835
 2454 001c A37A     		ldrb	r3, [r4, #10]	@ zero_extendqisi2
 2455              		.loc 1 812 11 view .LVU836
 2456 001e 13F0040F 		tst	r3, #4
 2457 0022 F0D0     		beq	.L211
 813:Service/Srv_DataHub.c ****             goto reupdate_telemetry_control_data;
 814:Service/Srv_DataHub.c **** 
 815:Service/Srv_DataHub.c ****         SrvDataHub_Monitor.inuse_reg.bit.rc_control_data = false;
 2458              		.loc 1 815 9 is_stmt 1 view .LVU837
 2459              		.loc 1 815 58 is_stmt 0 view .LVU838
 2460 0024 A27A     		ldrb	r2, [r4, #10]	@ zero_extendqisi2
ARM GAS  C:\Users\HUAV\AppData\Local\Temp\cc14JS73.s 			page 67


 2461 0026 6FF38202 		bfc	r2, #2, #1
 2462 002a A272     		strb	r2, [r4, #10]
 816:Service/Srv_DataHub.c **** 
 817:Service/Srv_DataHub.c ****         return true;
 2463              		.loc 1 817 9 is_stmt 1 view .LVU839
 2464              		.loc 1 817 16 is_stmt 0 view .LVU840
 2465 002c 0120     		movs	r0, #1
 2466              	.L210:
 818:Service/Srv_DataHub.c ****     }
 819:Service/Srv_DataHub.c **** 
 820:Service/Srv_DataHub.c ****     return false;
 821:Service/Srv_DataHub.c **** }
 2467              		.loc 1 821 1 view .LVU841
 2468 002e 38BD     		pop	{r3, r4, r5, pc}
 2469              	.LVL70:
 2470              	.L212:
 820:Service/Srv_DataHub.c **** }
 2471              		.loc 1 820 12 view .LVU842
 2472 0030 0020     		movs	r0, #0
 2473              	.LVL71:
 820:Service/Srv_DataHub.c **** }
 2474              		.loc 1 820 12 view .LVU843
 2475 0032 FCE7     		b	.L210
 2476              	.L215:
 2477              		.align	2
 2478              	.L214:
 2479 0034 00000000 		.word	.LANCHOR0
 2480              		.cfi_endproc
 2481              	.LFE171:
 2483              		.section	.text.SrvDataHub_Get_IMU_InitState,"ax",%progbits
 2484              		.align	1
 2485              		.syntax unified
 2486              		.thumb
 2487              		.thumb_func
 2489              	SrvDataHub_Get_IMU_InitState:
 2490              	.LFB173:
 822:Service/Srv_DataHub.c **** 
 823:Service/Srv_DataHub.c **** static bool SrvDataHub_Get_MotoChannel(uint32_t *time_stamp, uint8_t *cnt, int16_t *moto_ch)
 824:Service/Srv_DataHub.c **** {
 825:Service/Srv_DataHub.c ****     if ((cnt == NULL) || (moto_ch == NULL))
 826:Service/Srv_DataHub.c ****         return false;
 827:Service/Srv_DataHub.c **** 
 828:Service/Srv_DataHub.c **** reupdate_moto_channel:
 829:Service/Srv_DataHub.c ****     SrvDataHub_Monitor.inuse_reg.bit.actuator = true;
 830:Service/Srv_DataHub.c **** 
 831:Service/Srv_DataHub.c ****     *time_stamp = SrvDataHub_Monitor.data.actuator_update_time;
 832:Service/Srv_DataHub.c ****     *cnt = SrvDataHub_Monitor.data.moto_num;
 833:Service/Srv_DataHub.c **** 
 834:Service/Srv_DataHub.c ****     if (*cnt)
 835:Service/Srv_DataHub.c ****     {
 836:Service/Srv_DataHub.c ****         memcpy(moto_ch, SrvDataHub_Monitor.data.moto, *cnt * sizeof(SrvDataHub_Monitor.data.moto[0]
 837:Service/Srv_DataHub.c ****     }
 838:Service/Srv_DataHub.c **** 
 839:Service/Srv_DataHub.c ****     if (!SrvDataHub_Monitor.inuse_reg.bit.actuator)
 840:Service/Srv_DataHub.c ****         goto reupdate_moto_channel;
 841:Service/Srv_DataHub.c **** 
 842:Service/Srv_DataHub.c ****     SrvDataHub_Monitor.inuse_reg.bit.actuator = false;
ARM GAS  C:\Users\HUAV\AppData\Local\Temp\cc14JS73.s 			page 68


 843:Service/Srv_DataHub.c **** 
 844:Service/Srv_DataHub.c ****     return true;
 845:Service/Srv_DataHub.c **** }
 846:Service/Srv_DataHub.c **** 
 847:Service/Srv_DataHub.c **** static bool SrvDataHub_Get_IMU_InitState(bool *state)
 848:Service/Srv_DataHub.c **** {
 2491              		.loc 1 848 1 is_stmt 1 view -0
 2492              		.cfi_startproc
 2493              		@ args = 0, pretend = 0, frame = 0
 2494              		@ frame_needed = 0, uses_anonymous_args = 0
 2495              		@ link register save eliminated.
 2496              	.LVL72:
 2497              		.loc 1 848 1 is_stmt 0 view .LVU845
 2498 0000 04E0     		b	.L217
 2499              	.L218:
 849:Service/Srv_DataHub.c **** reupdate_imu_state:
 850:Service/Srv_DataHub.c ****     SrvDataHub_Monitor.inuse_reg.bit.imu_init = true;
 851:Service/Srv_DataHub.c **** 
 852:Service/Srv_DataHub.c ****     if(state)
 853:Service/Srv_DataHub.c ****         *state = SrvDataHub_Monitor.data.imu_init_state;
 854:Service/Srv_DataHub.c **** 
 855:Service/Srv_DataHub.c ****     if(!SrvDataHub_Monitor.inuse_reg.bit.imu_init)
 2500              		.loc 1 855 5 is_stmt 1 view .LVU846
 2501              		.loc 1 855 7 is_stmt 0 view .LVU847
 2502 0002 0B4B     		ldr	r3, .L220
 2503 0004 93F90A30 		ldrsb	r3, [r3, #10]
 2504 0008 002B     		cmp	r3, #0
 2505 000a 09DB     		blt	.L219
 2506              	.L217:
 850:Service/Srv_DataHub.c **** 
 2507              		.loc 1 850 5 is_stmt 1 view .LVU848
 850:Service/Srv_DataHub.c **** 
 2508              		.loc 1 850 47 is_stmt 0 view .LVU849
 2509 000c 084A     		ldr	r2, .L220
 2510 000e 937A     		ldrb	r3, [r2, #10]	@ zero_extendqisi2
 2511 0010 43F08003 		orr	r3, r3, #128
 2512 0014 9372     		strb	r3, [r2, #10]
 852:Service/Srv_DataHub.c ****         *state = SrvDataHub_Monitor.data.imu_init_state;
 2513              		.loc 1 852 5 is_stmt 1 view .LVU850
 852:Service/Srv_DataHub.c ****         *state = SrvDataHub_Monitor.data.imu_init_state;
 2514              		.loc 1 852 7 is_stmt 0 view .LVU851
 2515 0016 0028     		cmp	r0, #0
 2516 0018 F3D0     		beq	.L218
 853:Service/Srv_DataHub.c **** 
 2517              		.loc 1 853 9 is_stmt 1 view .LVU852
 853:Service/Srv_DataHub.c **** 
 2518              		.loc 1 853 41 is_stmt 0 view .LVU853
 2519 001a 137E     		ldrb	r3, [r2, #24]	@ zero_extendqisi2
 853:Service/Srv_DataHub.c **** 
 2520              		.loc 1 853 16 view .LVU854
 2521 001c 0370     		strb	r3, [r0]
 2522 001e F0E7     		b	.L218
 2523              	.L219:
 856:Service/Srv_DataHub.c ****         goto reupdate_imu_state;
 857:Service/Srv_DataHub.c **** 
 858:Service/Srv_DataHub.c ****     SrvDataHub_Monitor.inuse_reg.bit.imu_init = false;
 2524              		.loc 1 858 5 is_stmt 1 view .LVU855
ARM GAS  C:\Users\HUAV\AppData\Local\Temp\cc14JS73.s 			page 69


 2525              		.loc 1 858 47 is_stmt 0 view .LVU856
 2526 0020 034B     		ldr	r3, .L220
 2527 0022 9A7A     		ldrb	r2, [r3, #10]	@ zero_extendqisi2
 2528 0024 6FF3C712 		bfc	r2, #7, #1
 2529 0028 9A72     		strb	r2, [r3, #10]
 859:Service/Srv_DataHub.c **** 
 860:Service/Srv_DataHub.c ****     return true;
 2530              		.loc 1 860 5 is_stmt 1 view .LVU857
 861:Service/Srv_DataHub.c **** }
 2531              		.loc 1 861 1 is_stmt 0 view .LVU858
 2532 002a 0120     		movs	r0, #1
 2533              	.LVL73:
 2534              		.loc 1 861 1 view .LVU859
 2535 002c 7047     		bx	lr
 2536              	.L221:
 2537 002e 00BF     		.align	2
 2538              	.L220:
 2539 0030 00000000 		.word	.LANCHOR0
 2540              		.cfi_endproc
 2541              	.LFE173:
 2543              		.section	.text.SrvDataHub_Get_Mag_InitState,"ax",%progbits
 2544              		.align	1
 2545              		.syntax unified
 2546              		.thumb
 2547              		.thumb_func
 2549              	SrvDataHub_Get_Mag_InitState:
 2550              	.LFB174:
 862:Service/Srv_DataHub.c **** 
 863:Service/Srv_DataHub.c **** static bool SrvDataHub_Get_Mag_InitState(bool *state)
 864:Service/Srv_DataHub.c **** {
 2551              		.loc 1 864 1 is_stmt 1 view -0
 2552              		.cfi_startproc
 2553              		@ args = 0, pretend = 0, frame = 0
 2554              		@ frame_needed = 0, uses_anonymous_args = 0
 2555              		@ link register save eliminated.
 2556              	.LVL74:
 2557              		.loc 1 864 1 is_stmt 0 view .LVU861
 2558 0000 04E0     		b	.L223
 2559              	.L224:
 865:Service/Srv_DataHub.c **** reupdate_mag_state:
 866:Service/Srv_DataHub.c ****     SrvDataHub_Monitor.inuse_reg.bit.mag_init = true;
 867:Service/Srv_DataHub.c **** 
 868:Service/Srv_DataHub.c ****     if(state)
 869:Service/Srv_DataHub.c ****         *state = SrvDataHub_Monitor.data.mag_init_state;
 870:Service/Srv_DataHub.c **** 
 871:Service/Srv_DataHub.c ****     if(!SrvDataHub_Monitor.inuse_reg.bit.mag_init)
 2560              		.loc 1 871 5 is_stmt 1 view .LVU862
 2561              		.loc 1 871 8 is_stmt 0 view .LVU863
 2562 0002 0B4B     		ldr	r3, .L226
 2563 0004 9B7A     		ldrb	r3, [r3, #10]	@ zero_extendqisi2
 2564              		.loc 1 871 7 view .LVU864
 2565 0006 13F0400F 		tst	r3, #64
 2566 000a 0AD1     		bne	.L225
 2567              	.L223:
 866:Service/Srv_DataHub.c **** 
 2568              		.loc 1 866 5 is_stmt 1 view .LVU865
 866:Service/Srv_DataHub.c **** 
ARM GAS  C:\Users\HUAV\AppData\Local\Temp\cc14JS73.s 			page 70


 2569              		.loc 1 866 47 is_stmt 0 view .LVU866
 2570 000c 084A     		ldr	r2, .L226
 2571 000e 937A     		ldrb	r3, [r2, #10]	@ zero_extendqisi2
 2572 0010 43F04003 		orr	r3, r3, #64
 2573 0014 9372     		strb	r3, [r2, #10]
 868:Service/Srv_DataHub.c ****         *state = SrvDataHub_Monitor.data.mag_init_state;
 2574              		.loc 1 868 5 is_stmt 1 view .LVU867
 868:Service/Srv_DataHub.c ****         *state = SrvDataHub_Monitor.data.mag_init_state;
 2575              		.loc 1 868 7 is_stmt 0 view .LVU868
 2576 0016 0028     		cmp	r0, #0
 2577 0018 F3D0     		beq	.L224
 869:Service/Srv_DataHub.c **** 
 2578              		.loc 1 869 9 is_stmt 1 view .LVU869
 869:Service/Srv_DataHub.c **** 
 2579              		.loc 1 869 41 is_stmt 0 view .LVU870
 2580 001a 92F86A30 		ldrb	r3, [r2, #106]	@ zero_extendqisi2
 869:Service/Srv_DataHub.c **** 
 2581              		.loc 1 869 16 view .LVU871
 2582 001e 0370     		strb	r3, [r0]
 2583 0020 EFE7     		b	.L224
 2584              	.L225:
 872:Service/Srv_DataHub.c ****         goto reupdate_mag_state;
 873:Service/Srv_DataHub.c **** 
 874:Service/Srv_DataHub.c ****     SrvDataHub_Monitor.inuse_reg.bit.mag_init = false;
 2585              		.loc 1 874 5 is_stmt 1 view .LVU872
 2586              		.loc 1 874 47 is_stmt 0 view .LVU873
 2587 0022 034B     		ldr	r3, .L226
 2588 0024 9A7A     		ldrb	r2, [r3, #10]	@ zero_extendqisi2
 2589 0026 6FF38612 		bfc	r2, #6, #1
 2590 002a 9A72     		strb	r2, [r3, #10]
 875:Service/Srv_DataHub.c **** 
 876:Service/Srv_DataHub.c ****     return true;
 2591              		.loc 1 876 5 is_stmt 1 view .LVU874
 877:Service/Srv_DataHub.c **** }
 2592              		.loc 1 877 1 is_stmt 0 view .LVU875
 2593 002c 0120     		movs	r0, #1
 2594              	.LVL75:
 2595              		.loc 1 877 1 view .LVU876
 2596 002e 7047     		bx	lr
 2597              	.L227:
 2598              		.align	2
 2599              	.L226:
 2600 0030 00000000 		.word	.LANCHOR0
 2601              		.cfi_endproc
 2602              	.LFE174:
 2604              		.section	.text.SrvDataHub_Get_Bar_InitState,"ax",%progbits
 2605              		.align	1
 2606              		.syntax unified
 2607              		.thumb
 2608              		.thumb_func
 2610              	SrvDataHub_Get_Bar_InitState:
 2611              	.LFB175:
 878:Service/Srv_DataHub.c **** 
 879:Service/Srv_DataHub.c **** static bool SrvDataHub_Get_Bar_InitState(bool *state)
 880:Service/Srv_DataHub.c **** {
 2612              		.loc 1 880 1 is_stmt 1 view -0
 2613              		.cfi_startproc
ARM GAS  C:\Users\HUAV\AppData\Local\Temp\cc14JS73.s 			page 71


 2614              		@ args = 0, pretend = 0, frame = 0
 2615              		@ frame_needed = 0, uses_anonymous_args = 0
 2616              		@ link register save eliminated.
 2617              	.LVL76:
 2618              		.loc 1 880 1 is_stmt 0 view .LVU878
 2619 0000 04E0     		b	.L229
 2620              	.L230:
 881:Service/Srv_DataHub.c **** reupdate_baro_state:
 882:Service/Srv_DataHub.c ****     SrvDataHub_Monitor.inuse_reg.bit.baro_init = true;
 883:Service/Srv_DataHub.c **** 
 884:Service/Srv_DataHub.c ****     if (state)
 885:Service/Srv_DataHub.c ****         *state = SrvDataHub_Monitor.data.baro_init_state;
 886:Service/Srv_DataHub.c **** 
 887:Service/Srv_DataHub.c ****     if (!SrvDataHub_Monitor.inuse_reg.bit.baro_init)
 2621              		.loc 1 887 5 is_stmt 1 view .LVU879
 2622              		.loc 1 887 9 is_stmt 0 view .LVU880
 2623 0002 0B4B     		ldr	r3, .L232
 2624 0004 DB7A     		ldrb	r3, [r3, #11]	@ zero_extendqisi2
 2625              		.loc 1 887 8 view .LVU881
 2626 0006 13F0010F 		tst	r3, #1
 2627 000a 0AD1     		bne	.L231
 2628              	.L229:
 882:Service/Srv_DataHub.c **** 
 2629              		.loc 1 882 5 is_stmt 1 view .LVU882
 882:Service/Srv_DataHub.c **** 
 2630              		.loc 1 882 48 is_stmt 0 view .LVU883
 2631 000c 084A     		ldr	r2, .L232
 2632 000e D37A     		ldrb	r3, [r2, #11]	@ zero_extendqisi2
 2633 0010 43F00103 		orr	r3, r3, #1
 2634 0014 D372     		strb	r3, [r2, #11]
 884:Service/Srv_DataHub.c ****         *state = SrvDataHub_Monitor.data.baro_init_state;
 2635              		.loc 1 884 5 is_stmt 1 view .LVU884
 884:Service/Srv_DataHub.c ****         *state = SrvDataHub_Monitor.data.baro_init_state;
 2636              		.loc 1 884 8 is_stmt 0 view .LVU885
 2637 0016 0028     		cmp	r0, #0
 2638 0018 F3D0     		beq	.L230
 885:Service/Srv_DataHub.c **** 
 2639              		.loc 1 885 9 is_stmt 1 view .LVU886
 885:Service/Srv_DataHub.c **** 
 2640              		.loc 1 885 41 is_stmt 0 view .LVU887
 2641 001a 92F89230 		ldrb	r3, [r2, #146]	@ zero_extendqisi2
 885:Service/Srv_DataHub.c **** 
 2642              		.loc 1 885 16 view .LVU888
 2643 001e 0370     		strb	r3, [r0]
 2644 0020 EFE7     		b	.L230
 2645              	.L231:
 888:Service/Srv_DataHub.c ****         goto reupdate_baro_state;
 889:Service/Srv_DataHub.c **** 
 890:Service/Srv_DataHub.c ****     SrvDataHub_Monitor.inuse_reg.bit.baro_init = false;
 2646              		.loc 1 890 5 is_stmt 1 view .LVU889
 2647              		.loc 1 890 48 is_stmt 0 view .LVU890
 2648 0022 034B     		ldr	r3, .L232
 2649 0024 DA7A     		ldrb	r2, [r3, #11]	@ zero_extendqisi2
 2650 0026 6FF30002 		bfc	r2, #0, #1
 2651 002a DA72     		strb	r2, [r3, #11]
 891:Service/Srv_DataHub.c **** 
 892:Service/Srv_DataHub.c ****     return true;
ARM GAS  C:\Users\HUAV\AppData\Local\Temp\cc14JS73.s 			page 72


 2652              		.loc 1 892 5 is_stmt 1 view .LVU891
 893:Service/Srv_DataHub.c **** }
 2653              		.loc 1 893 1 is_stmt 0 view .LVU892
 2654 002c 0120     		movs	r0, #1
 2655              	.LVL77:
 2656              		.loc 1 893 1 view .LVU893
 2657 002e 7047     		bx	lr
 2658              	.L233:
 2659              		.align	2
 2660              	.L232:
 2661 0030 00000000 		.word	.LANCHOR0
 2662              		.cfi_endproc
 2663              	.LFE175:
 2665              		.section	.text.SrvDataHub_Set_CLI_State,"ax",%progbits
 2666              		.align	1
 2667              		.syntax unified
 2668              		.thumb
 2669              		.thumb_func
 2671              	SrvDataHub_Set_CLI_State:
 2672              	.LVL78:
 2673              	.LFB177:
 894:Service/Srv_DataHub.c **** 
 895:Service/Srv_DataHub.c **** static bool SrvDataHub_Get_ServoChannel(uint32_t *time_stamp, uint8_t *cnt, int16_t *servo_ch)
 896:Service/Srv_DataHub.c **** {
 897:Service/Srv_DataHub.c ****     if ((cnt == NULL) || (servo_ch == NULL))
 898:Service/Srv_DataHub.c ****         return false;
 899:Service/Srv_DataHub.c **** 
 900:Service/Srv_DataHub.c **** reupdate_servo_channel:
 901:Service/Srv_DataHub.c ****     SrvDataHub_Monitor.inuse_reg.bit.actuator = true;
 902:Service/Srv_DataHub.c **** 
 903:Service/Srv_DataHub.c ****     *time_stamp = SrvDataHub_Monitor.data.actuator_update_time;
 904:Service/Srv_DataHub.c ****     *cnt = SrvDataHub_Monitor.data.servo_num;
 905:Service/Srv_DataHub.c **** 
 906:Service/Srv_DataHub.c ****     if (*cnt)
 907:Service/Srv_DataHub.c ****     {
 908:Service/Srv_DataHub.c ****         memcpy(servo_ch, SrvDataHub_Monitor.data.servo, *cnt * sizeof(SrvDataHub_Monitor.data.servo
 909:Service/Srv_DataHub.c ****     }
 910:Service/Srv_DataHub.c **** 
 911:Service/Srv_DataHub.c ****     if (!SrvDataHub_Monitor.inuse_reg.bit.actuator)
 912:Service/Srv_DataHub.c ****         goto reupdate_servo_channel;
 913:Service/Srv_DataHub.c **** 
 914:Service/Srv_DataHub.c ****     SrvDataHub_Monitor.inuse_reg.bit.actuator = false;
 915:Service/Srv_DataHub.c **** 
 916:Service/Srv_DataHub.c ****     return true;
 917:Service/Srv_DataHub.c **** }
 918:Service/Srv_DataHub.c **** 
 919:Service/Srv_DataHub.c **** static bool SrvDataHub_Set_CLI_State(bool state)
 920:Service/Srv_DataHub.c **** {
 2674              		.loc 1 920 1 is_stmt 1 view -0
 2675              		.cfi_startproc
 2676              		@ args = 0, pretend = 0, frame = 0
 2677              		@ frame_needed = 0, uses_anonymous_args = 0
 2678              		@ link register save eliminated.
 921:Service/Srv_DataHub.c ****     if(SrvDataHub_Monitor.inuse_reg.bit.cli)
 2679              		.loc 1 921 5 view .LVU895
 2680              		.loc 1 921 8 is_stmt 0 view .LVU896
 2681 0000 0B4B     		ldr	r3, .L236
ARM GAS  C:\Users\HUAV\AppData\Local\Temp\cc14JS73.s 			page 73


 2682 0002 DB7A     		ldrb	r3, [r3, #11]	@ zero_extendqisi2
 2683              		.loc 1 921 7 view .LVU897
 2684 0004 13F0040F 		tst	r3, #4
 2685 0008 04D0     		beq	.L235
 922:Service/Srv_DataHub.c ****         SrvDataHub_Monitor.inuse_reg.bit.cli = false;
 2686              		.loc 1 922 9 is_stmt 1 view .LVU898
 2687              		.loc 1 922 46 is_stmt 0 view .LVU899
 2688 000a 094B     		ldr	r3, .L236
 2689 000c DA7A     		ldrb	r2, [r3, #11]	@ zero_extendqisi2
 2690 000e 6FF38202 		bfc	r2, #2, #1
 2691 0012 DA72     		strb	r2, [r3, #11]
 2692              	.L235:
 923:Service/Srv_DataHub.c **** 
 924:Service/Srv_DataHub.c ****     SrvDataHub_Monitor.update_reg.bit.cli = true;
 2693              		.loc 1 924 5 is_stmt 1 view .LVU900
 2694              		.loc 1 924 43 is_stmt 0 view .LVU901
 2695 0014 064B     		ldr	r3, .L236
 2696 0016 DA7C     		ldrb	r2, [r3, #19]	@ zero_extendqisi2
 2697 0018 42F00402 		orr	r2, r2, #4
 2698 001c DA74     		strb	r2, [r3, #19]
 925:Service/Srv_DataHub.c ****     SrvDataHub_Monitor.data.CLI_state = state;
 2699              		.loc 1 925 5 is_stmt 1 view .LVU902
 2700              		.loc 1 925 39 is_stmt 0 view .LVU903
 2701 001e 83F8E501 		strb	r0, [r3, #485]
 926:Service/Srv_DataHub.c ****     SrvDataHub_Monitor.update_reg.bit.cli = false;
 2702              		.loc 1 926 5 is_stmt 1 view .LVU904
 2703              		.loc 1 926 43 is_stmt 0 view .LVU905
 2704 0022 D2B2     		uxtb	r2, r2
 2705 0024 6FF38202 		bfc	r2, #2, #1
 2706 0028 DA74     		strb	r2, [r3, #19]
 927:Service/Srv_DataHub.c ****     
 928:Service/Srv_DataHub.c ****     return true;
 2707              		.loc 1 928 5 is_stmt 1 view .LVU906
 929:Service/Srv_DataHub.c **** }
 2708              		.loc 1 929 1 is_stmt 0 view .LVU907
 2709 002a 0120     		movs	r0, #1
 2710              	.LVL79:
 2711              		.loc 1 929 1 view .LVU908
 2712 002c 7047     		bx	lr
 2713              	.L237:
 2714 002e 00BF     		.align	2
 2715              	.L236:
 2716 0030 00000000 		.word	.LANCHOR0
 2717              		.cfi_endproc
 2718              	.LFE177:
 2720              		.section	.text.SrvDataHub_Get_CLI_State,"ax",%progbits
 2721              		.align	1
 2722              		.syntax unified
 2723              		.thumb
 2724              		.thumb_func
 2726              	SrvDataHub_Get_CLI_State:
 2727              	.LVL80:
 2728              	.LFB178:
 930:Service/Srv_DataHub.c **** 
 931:Service/Srv_DataHub.c **** static bool SrvDataHub_Get_CLI_State(bool *state)
 932:Service/Srv_DataHub.c **** {
 2729              		.loc 1 932 1 is_stmt 1 view -0
ARM GAS  C:\Users\HUAV\AppData\Local\Temp\cc14JS73.s 			page 74


 2730              		.cfi_startproc
 2731              		@ args = 0, pretend = 0, frame = 0
 2732              		@ frame_needed = 0, uses_anonymous_args = 0
 2733              		@ link register save eliminated.
 933:Service/Srv_DataHub.c ****     if(state)
 2734              		.loc 1 933 5 view .LVU910
 2735              		.loc 1 933 7 is_stmt 0 view .LVU911
 2736 0000 0146     		mov	r1, r0
 2737 0002 90B1     		cbz	r0, .L241
 2738              	.L240:
 934:Service/Srv_DataHub.c ****     {
 935:Service/Srv_DataHub.c **** reupdate_cli_state:
 936:Service/Srv_DataHub.c ****         SrvDataHub_Monitor.inuse_reg.bit.cli = true;
 2739              		.loc 1 936 9 is_stmt 1 view .LVU912
 2740              		.loc 1 936 46 is_stmt 0 view .LVU913
 2741 0004 0A4B     		ldr	r3, .L242
 2742 0006 DA7A     		ldrb	r2, [r3, #11]	@ zero_extendqisi2
 2743 0008 42F00402 		orr	r2, r2, #4
 2744 000c DA72     		strb	r2, [r3, #11]
 937:Service/Srv_DataHub.c **** 
 938:Service/Srv_DataHub.c ****         (*state) = SrvDataHub_Monitor.data.CLI_state;
 2745              		.loc 1 938 9 is_stmt 1 view .LVU914
 2746              		.loc 1 938 43 is_stmt 0 view .LVU915
 2747 000e 93F8E521 		ldrb	r2, [r3, #485]	@ zero_extendqisi2
 2748              		.loc 1 938 18 view .LVU916
 2749 0012 0A70     		strb	r2, [r1]
 939:Service/Srv_DataHub.c **** 
 940:Service/Srv_DataHub.c ****         if(!SrvDataHub_Monitor.inuse_reg.bit.cli)
 2750              		.loc 1 940 9 is_stmt 1 view .LVU917
 2751              		.loc 1 940 12 is_stmt 0 view .LVU918
 2752 0014 DB7A     		ldrb	r3, [r3, #11]	@ zero_extendqisi2
 2753              		.loc 1 940 11 view .LVU919
 2754 0016 13F0040F 		tst	r3, #4
 2755 001a F3D0     		beq	.L240
 941:Service/Srv_DataHub.c ****             goto reupdate_cli_state;
 942:Service/Srv_DataHub.c **** 
 943:Service/Srv_DataHub.c ****         SrvDataHub_Monitor.inuse_reg.bit.cli = false;
 2756              		.loc 1 943 9 is_stmt 1 view .LVU920
 2757              		.loc 1 943 46 is_stmt 0 view .LVU921
 2758 001c 044B     		ldr	r3, .L242
 2759 001e DA7A     		ldrb	r2, [r3, #11]	@ zero_extendqisi2
 2760 0020 6FF38202 		bfc	r2, #2, #1
 2761 0024 DA72     		strb	r2, [r3, #11]
 944:Service/Srv_DataHub.c **** 
 945:Service/Srv_DataHub.c ****         return true;
 2762              		.loc 1 945 9 is_stmt 1 view .LVU922
 2763              		.loc 1 945 16 is_stmt 0 view .LVU923
 2764 0026 0120     		movs	r0, #1
 2765              	.LVL81:
 2766              		.loc 1 945 16 view .LVU924
 2767 0028 7047     		bx	lr
 2768              	.LVL82:
 2769              	.L241:
 946:Service/Srv_DataHub.c ****     }
 947:Service/Srv_DataHub.c **** 
 948:Service/Srv_DataHub.c ****     return false;
 2770              		.loc 1 948 12 view .LVU925
ARM GAS  C:\Users\HUAV\AppData\Local\Temp\cc14JS73.s 			page 75


 2771 002a 0020     		movs	r0, #0
 2772              	.LVL83:
 949:Service/Srv_DataHub.c **** }
 2773              		.loc 1 949 1 view .LVU926
 2774 002c 7047     		bx	lr
 2775              	.L243:
 2776 002e 00BF     		.align	2
 2777              	.L242:
 2778 0030 00000000 		.word	.LANCHOR0
 2779              		.cfi_endproc
 2780              	.LFE178:
 2782              		.section	.text.SrvDataHub_Set_Upgrade_State,"ax",%progbits
 2783              		.align	1
 2784              		.syntax unified
 2785              		.thumb
 2786              		.thumb_func
 2788              	SrvDataHub_Set_Upgrade_State:
 2789              	.LVL84:
 2790              	.LFB179:
 950:Service/Srv_DataHub.c **** 
 951:Service/Srv_DataHub.c **** static bool SrvDataHub_Set_Upgrade_State(bool state)
 952:Service/Srv_DataHub.c **** {
 2791              		.loc 1 952 1 is_stmt 1 view -0
 2792              		.cfi_startproc
 2793              		@ args = 0, pretend = 0, frame = 0
 2794              		@ frame_needed = 0, uses_anonymous_args = 0
 2795              		@ link register save eliminated.
 953:Service/Srv_DataHub.c ****     if (SrvDataHub_Monitor.inuse_reg.bit.upgrade)
 2796              		.loc 1 953 5 view .LVU928
 2797              		.loc 1 953 9 is_stmt 0 view .LVU929
 2798 0000 0B4B     		ldr	r3, .L246
 2799 0002 DB7A     		ldrb	r3, [r3, #11]	@ zero_extendqisi2
 2800              		.loc 1 953 8 view .LVU930
 2801 0004 13F0080F 		tst	r3, #8
 2802 0008 04D0     		beq	.L245
 954:Service/Srv_DataHub.c ****         SrvDataHub_Monitor.inuse_reg.bit.upgrade = false;
 2803              		.loc 1 954 9 is_stmt 1 view .LVU931
 2804              		.loc 1 954 50 is_stmt 0 view .LVU932
 2805 000a 094B     		ldr	r3, .L246
 2806 000c DA7A     		ldrb	r2, [r3, #11]	@ zero_extendqisi2
 2807 000e 6FF3C302 		bfc	r2, #3, #1
 2808 0012 DA72     		strb	r2, [r3, #11]
 2809              	.L245:
 955:Service/Srv_DataHub.c **** 
 956:Service/Srv_DataHub.c ****     SrvDataHub_Monitor.update_reg.bit.upgrade = true;
 2810              		.loc 1 956 5 is_stmt 1 view .LVU933
 2811              		.loc 1 956 47 is_stmt 0 view .LVU934
 2812 0014 064B     		ldr	r3, .L246
 2813 0016 DA7C     		ldrb	r2, [r3, #19]	@ zero_extendqisi2
 2814 0018 42F00802 		orr	r2, r2, #8
 2815 001c DA74     		strb	r2, [r3, #19]
 957:Service/Srv_DataHub.c ****     SrvDataHub_Monitor.data.upgrading = state;
 2816              		.loc 1 957 5 is_stmt 1 view .LVU935
 2817              		.loc 1 957 39 is_stmt 0 view .LVU936
 2818 001e 83F8E401 		strb	r0, [r3, #484]
 958:Service/Srv_DataHub.c ****     SrvDataHub_Monitor.update_reg.bit.upgrade = false;
 2819              		.loc 1 958 5 is_stmt 1 view .LVU937
ARM GAS  C:\Users\HUAV\AppData\Local\Temp\cc14JS73.s 			page 76


 2820              		.loc 1 958 47 is_stmt 0 view .LVU938
 2821 0022 D2B2     		uxtb	r2, r2
 2822 0024 6FF3C302 		bfc	r2, #3, #1
 2823 0028 DA74     		strb	r2, [r3, #19]
 959:Service/Srv_DataHub.c ****     
 960:Service/Srv_DataHub.c ****     return true; 
 2824              		.loc 1 960 5 is_stmt 1 view .LVU939
 961:Service/Srv_DataHub.c **** }
 2825              		.loc 1 961 1 is_stmt 0 view .LVU940
 2826 002a 0120     		movs	r0, #1
 2827              	.LVL85:
 2828              		.loc 1 961 1 view .LVU941
 2829 002c 7047     		bx	lr
 2830              	.L247:
 2831 002e 00BF     		.align	2
 2832              	.L246:
 2833 0030 00000000 		.word	.LANCHOR0
 2834              		.cfi_endproc
 2835              	.LFE179:
 2837              		.section	.text.SrvDataHub_Get_Upgrade_State,"ax",%progbits
 2838              		.align	1
 2839              		.syntax unified
 2840              		.thumb
 2841              		.thumb_func
 2843              	SrvDataHub_Get_Upgrade_State:
 2844              	.LVL86:
 2845              	.LFB180:
 962:Service/Srv_DataHub.c **** 
 963:Service/Srv_DataHub.c **** static bool SrvDataHub_Get_Upgrade_State(bool *state)
 964:Service/Srv_DataHub.c **** {
 2846              		.loc 1 964 1 is_stmt 1 view -0
 2847              		.cfi_startproc
 2848              		@ args = 0, pretend = 0, frame = 0
 2849              		@ frame_needed = 0, uses_anonymous_args = 0
 2850              		@ link register save eliminated.
 965:Service/Srv_DataHub.c ****     if(state)
 2851              		.loc 1 965 5 view .LVU943
 2852              		.loc 1 965 7 is_stmt 0 view .LVU944
 2853 0000 0146     		mov	r1, r0
 2854 0002 90B1     		cbz	r0, .L251
 2855              	.L250:
 966:Service/Srv_DataHub.c ****     {
 967:Service/Srv_DataHub.c **** reupdate_upgrade_state:
 968:Service/Srv_DataHub.c ****         SrvDataHub_Monitor.inuse_reg.bit.upgrade = true;
 2856              		.loc 1 968 9 is_stmt 1 view .LVU945
 2857              		.loc 1 968 50 is_stmt 0 view .LVU946
 2858 0004 0A4B     		ldr	r3, .L252
 2859 0006 DA7A     		ldrb	r2, [r3, #11]	@ zero_extendqisi2
 2860 0008 42F00802 		orr	r2, r2, #8
 2861 000c DA72     		strb	r2, [r3, #11]
 969:Service/Srv_DataHub.c **** 
 970:Service/Srv_DataHub.c ****         (*state) = SrvDataHub_Monitor.data.upgrading;
 2862              		.loc 1 970 9 is_stmt 1 view .LVU947
 2863              		.loc 1 970 43 is_stmt 0 view .LVU948
 2864 000e 93F8E421 		ldrb	r2, [r3, #484]	@ zero_extendqisi2
 2865              		.loc 1 970 18 view .LVU949
 2866 0012 0A70     		strb	r2, [r1]
ARM GAS  C:\Users\HUAV\AppData\Local\Temp\cc14JS73.s 			page 77


 971:Service/Srv_DataHub.c **** 
 972:Service/Srv_DataHub.c ****         if(!SrvDataHub_Monitor.inuse_reg.bit.upgrade)
 2867              		.loc 1 972 9 is_stmt 1 view .LVU950
 2868              		.loc 1 972 12 is_stmt 0 view .LVU951
 2869 0014 DB7A     		ldrb	r3, [r3, #11]	@ zero_extendqisi2
 2870              		.loc 1 972 11 view .LVU952
 2871 0016 13F0080F 		tst	r3, #8
 2872 001a F3D0     		beq	.L250
 973:Service/Srv_DataHub.c ****             goto reupdate_upgrade_state;
 974:Service/Srv_DataHub.c **** 
 975:Service/Srv_DataHub.c ****         SrvDataHub_Monitor.inuse_reg.bit.upgrade = false;
 2873              		.loc 1 975 9 is_stmt 1 view .LVU953
 2874              		.loc 1 975 50 is_stmt 0 view .LVU954
 2875 001c 044B     		ldr	r3, .L252
 2876 001e DA7A     		ldrb	r2, [r3, #11]	@ zero_extendqisi2
 2877 0020 6FF3C302 		bfc	r2, #3, #1
 2878 0024 DA72     		strb	r2, [r3, #11]
 976:Service/Srv_DataHub.c ****         
 977:Service/Srv_DataHub.c ****         return true;
 2879              		.loc 1 977 9 is_stmt 1 view .LVU955
 2880              		.loc 1 977 16 is_stmt 0 view .LVU956
 2881 0026 0120     		movs	r0, #1
 2882              	.LVL87:
 2883              		.loc 1 977 16 view .LVU957
 2884 0028 7047     		bx	lr
 2885              	.LVL88:
 2886              	.L251:
 978:Service/Srv_DataHub.c ****     }
 979:Service/Srv_DataHub.c **** 
 980:Service/Srv_DataHub.c ****     return false;
 2887              		.loc 1 980 12 view .LVU958
 2888 002a 0020     		movs	r0, #0
 2889              	.LVL89:
 981:Service/Srv_DataHub.c **** }
 2890              		.loc 1 981 1 view .LVU959
 2891 002c 7047     		bx	lr
 2892              	.L253:
 2893 002e 00BF     		.align	2
 2894              	.L252:
 2895 0030 00000000 		.word	.LANCHOR0
 2896              		.cfi_endproc
 2897              	.LFE180:
 2899              		.section	.text.SrvDataHub_Get_VCPAttach_State,"ax",%progbits
 2900              		.align	1
 2901              		.syntax unified
 2902              		.thumb
 2903              		.thumb_func
 2905              	SrvDataHub_Get_VCPAttach_State:
 2906              	.LVL90:
 2907              	.LFB181:
 982:Service/Srv_DataHub.c **** 
 983:Service/Srv_DataHub.c **** static bool SrvDataHub_Get_VCPAttach_State(bool *state)
 984:Service/Srv_DataHub.c **** {
 2908              		.loc 1 984 1 is_stmt 1 view -0
 2909              		.cfi_startproc
 2910              		@ args = 0, pretend = 0, frame = 0
 2911              		@ frame_needed = 0, uses_anonymous_args = 0
ARM GAS  C:\Users\HUAV\AppData\Local\Temp\cc14JS73.s 			page 78


 2912              		@ link register save eliminated.
 985:Service/Srv_DataHub.c ****     if(state)
 2913              		.loc 1 985 5 view .LVU961
 2914              		.loc 1 985 7 is_stmt 0 view .LVU962
 2915 0000 0146     		mov	r1, r0
 2916 0002 90B1     		cbz	r0, .L257
 2917              	.L256:
 986:Service/Srv_DataHub.c ****     {
 987:Service/Srv_DataHub.c **** reupdate_vcp_attach_state:
 988:Service/Srv_DataHub.c ****         SrvDataHub_Monitor.inuse_reg.bit.USB_VCP_attach = true;
 2918              		.loc 1 988 9 is_stmt 1 view .LVU963
 2919              		.loc 1 988 57 is_stmt 0 view .LVU964
 2920 0004 0A4B     		ldr	r3, .L258
 2921 0006 DA7A     		ldrb	r2, [r3, #11]	@ zero_extendqisi2
 2922 0008 42F00202 		orr	r2, r2, #2
 2923 000c DA72     		strb	r2, [r3, #11]
 989:Service/Srv_DataHub.c **** 
 990:Service/Srv_DataHub.c ****         (*state) = SrvDataHub_Monitor.data.VCP_Attach;
 2924              		.loc 1 990 9 is_stmt 1 view .LVU965
 2925              		.loc 1 990 43 is_stmt 0 view .LVU966
 2926 000e 93F8E621 		ldrb	r2, [r3, #486]	@ zero_extendqisi2
 2927              		.loc 1 990 18 view .LVU967
 2928 0012 0A70     		strb	r2, [r1]
 991:Service/Srv_DataHub.c **** 
 992:Service/Srv_DataHub.c ****         if(!SrvDataHub_Monitor.inuse_reg.bit.USB_VCP_attach)
 2929              		.loc 1 992 9 is_stmt 1 view .LVU968
 2930              		.loc 1 992 12 is_stmt 0 view .LVU969
 2931 0014 DB7A     		ldrb	r3, [r3, #11]	@ zero_extendqisi2
 2932              		.loc 1 992 11 view .LVU970
 2933 0016 13F0020F 		tst	r3, #2
 2934 001a F3D0     		beq	.L256
 993:Service/Srv_DataHub.c ****             goto reupdate_vcp_attach_state;
 994:Service/Srv_DataHub.c **** 
 995:Service/Srv_DataHub.c ****         SrvDataHub_Monitor.inuse_reg.bit.USB_VCP_attach = false;
 2935              		.loc 1 995 9 is_stmt 1 view .LVU971
 2936              		.loc 1 995 57 is_stmt 0 view .LVU972
 2937 001c 044B     		ldr	r3, .L258
 2938 001e DA7A     		ldrb	r2, [r3, #11]	@ zero_extendqisi2
 2939 0020 6FF34102 		bfc	r2, #1, #1
 2940 0024 DA72     		strb	r2, [r3, #11]
 996:Service/Srv_DataHub.c ****         
 997:Service/Srv_DataHub.c ****         return true;
 2941              		.loc 1 997 9 is_stmt 1 view .LVU973
 2942              		.loc 1 997 16 is_stmt 0 view .LVU974
 2943 0026 0120     		movs	r0, #1
 2944              	.LVL91:
 2945              		.loc 1 997 16 view .LVU975
 2946 0028 7047     		bx	lr
 2947              	.LVL92:
 2948              	.L257:
 998:Service/Srv_DataHub.c ****     }
 999:Service/Srv_DataHub.c **** 
1000:Service/Srv_DataHub.c ****     return false;
 2949              		.loc 1 1000 12 view .LVU976
 2950 002a 0020     		movs	r0, #0
 2951              	.LVL93:
1001:Service/Srv_DataHub.c **** }
ARM GAS  C:\Users\HUAV\AppData\Local\Temp\cc14JS73.s 			page 79


 2952              		.loc 1 1001 1 view .LVU977
 2953 002c 7047     		bx	lr
 2954              	.L259:
 2955 002e 00BF     		.align	2
 2956              	.L258:
 2957 0030 00000000 		.word	.LANCHOR0
 2958              		.cfi_endproc
 2959              	.LFE181:
 2961              		.section	.text.SrvDataHub_Get_ServoChannel,"ax",%progbits
 2962              		.align	1
 2963              		.syntax unified
 2964              		.thumb
 2965              		.thumb_func
 2967              	SrvDataHub_Get_ServoChannel:
 2968              	.LVL94:
 2969              	.LFB176:
 896:Service/Srv_DataHub.c ****     if ((cnt == NULL) || (servo_ch == NULL))
 2970              		.loc 1 896 1 is_stmt 1 view -0
 2971              		.cfi_startproc
 2972              		@ args = 0, pretend = 0, frame = 0
 2973              		@ frame_needed = 0, uses_anonymous_args = 0
 897:Service/Srv_DataHub.c ****         return false;
 2974              		.loc 1 897 5 view .LVU979
 897:Service/Srv_DataHub.c ****         return false;
 2975              		.loc 1 897 8 is_stmt 0 view .LVU980
 2976 0000 31B3     		cbz	r1, .L264
 896:Service/Srv_DataHub.c ****     if ((cnt == NULL) || (servo_ch == NULL))
 2977              		.loc 1 896 1 discriminator 1 view .LVU981
 2978 0002 70B5     		push	{r4, r5, r6, lr}
 2979              	.LCFI15:
 2980              		.cfi_def_cfa_offset 16
 2981              		.cfi_offset 4, -16
 2982              		.cfi_offset 5, -12
 2983              		.cfi_offset 6, -8
 2984              		.cfi_offset 14, -4
 2985 0004 0446     		mov	r4, r0
 2986 0006 1646     		mov	r6, r2
 2987 0008 0D46     		mov	r5, r1
 897:Service/Srv_DataHub.c ****         return false;
 2988              		.loc 1 897 23 discriminator 1 view .LVU982
 2989 000a 32B9     		cbnz	r2, .L262
 898:Service/Srv_DataHub.c **** 
 2990              		.loc 1 898 16 view .LVU983
 2991 000c 0020     		movs	r0, #0
 2992              	.LVL95:
 898:Service/Srv_DataHub.c **** 
 2993              		.loc 1 898 16 view .LVU984
 2994 000e 1EE0     		b	.L261
 2995              	.LVL96:
 2996              	.L263:
 911:Service/Srv_DataHub.c ****         goto reupdate_servo_channel;
 2997              		.loc 1 911 5 is_stmt 1 view .LVU985
 911:Service/Srv_DataHub.c ****         goto reupdate_servo_channel;
 2998              		.loc 1 911 9 is_stmt 0 view .LVU986
 2999 0010 104B     		ldr	r3, .L271
 3000 0012 9B7A     		ldrb	r3, [r3, #10]	@ zero_extendqisi2
 911:Service/Srv_DataHub.c ****         goto reupdate_servo_channel;
ARM GAS  C:\Users\HUAV\AppData\Local\Temp\cc14JS73.s 			page 80


 3001              		.loc 1 911 8 view .LVU987
 3002 0014 13F0080F 		tst	r3, #8
 3003 0018 13D1     		bne	.L270
 3004              	.L262:
 901:Service/Srv_DataHub.c **** 
 3005              		.loc 1 901 5 is_stmt 1 view .LVU988
 901:Service/Srv_DataHub.c **** 
 3006              		.loc 1 901 47 is_stmt 0 view .LVU989
 3007 001a 0E4B     		ldr	r3, .L271
 3008 001c 997A     		ldrb	r1, [r3, #10]	@ zero_extendqisi2
 3009 001e 41F00801 		orr	r1, r1, #8
 3010 0022 9972     		strb	r1, [r3, #10]
 903:Service/Srv_DataHub.c ****     *cnt = SrvDataHub_Monitor.data.servo_num;
 3011              		.loc 1 903 5 is_stmt 1 view .LVU990
 903:Service/Srv_DataHub.c ****     *cnt = SrvDataHub_Monitor.data.servo_num;
 3012              		.loc 1 903 42 is_stmt 0 view .LVU991
 3013 0024 D3F8B021 		ldr	r2, [r3, #432]
 903:Service/Srv_DataHub.c ****     *cnt = SrvDataHub_Monitor.data.servo_num;
 3014              		.loc 1 903 17 view .LVU992
 3015 0028 2260     		str	r2, [r4]
 904:Service/Srv_DataHub.c **** 
 3016              		.loc 1 904 5 is_stmt 1 view .LVU993
 904:Service/Srv_DataHub.c **** 
 3017              		.loc 1 904 35 is_stmt 0 view .LVU994
 3018 002a 93F8B521 		ldrb	r2, [r3, #437]	@ zero_extendqisi2
 904:Service/Srv_DataHub.c **** 
 3019              		.loc 1 904 10 view .LVU995
 3020 002e 2A70     		strb	r2, [r5]
 906:Service/Srv_DataHub.c ****     {
 3021              		.loc 1 906 5 is_stmt 1 view .LVU996
 906:Service/Srv_DataHub.c ****     {
 3022              		.loc 1 906 8 is_stmt 0 view .LVU997
 3023 0030 002A     		cmp	r2, #0
 3024 0032 EDD0     		beq	.L263
 908:Service/Srv_DataHub.c ****     }
 3025              		.loc 1 908 9 is_stmt 1 view .LVU998
 3026 0034 5200     		lsls	r2, r2, #1
 3027 0036 03F5E371 		add	r1, r3, #454
 3028 003a 3046     		mov	r0, r6
 3029 003c FFF7FEFF 		bl	memcpy
 3030              	.LVL97:
 3031 0040 E6E7     		b	.L263
 3032              	.L270:
 914:Service/Srv_DataHub.c **** 
 3033              		.loc 1 914 5 view .LVU999
 914:Service/Srv_DataHub.c **** 
 3034              		.loc 1 914 47 is_stmt 0 view .LVU1000
 3035 0042 044B     		ldr	r3, .L271
 3036 0044 9A7A     		ldrb	r2, [r3, #10]	@ zero_extendqisi2
 3037 0046 6FF3C302 		bfc	r2, #3, #1
 3038 004a 9A72     		strb	r2, [r3, #10]
 916:Service/Srv_DataHub.c **** }
 3039              		.loc 1 916 5 is_stmt 1 view .LVU1001
 916:Service/Srv_DataHub.c **** }
 3040              		.loc 1 916 12 is_stmt 0 view .LVU1002
 3041 004c 0120     		movs	r0, #1
 3042              	.L261:
ARM GAS  C:\Users\HUAV\AppData\Local\Temp\cc14JS73.s 			page 81


 917:Service/Srv_DataHub.c **** 
 3043              		.loc 1 917 1 view .LVU1003
 3044 004e 70BD     		pop	{r4, r5, r6, pc}
 3045              	.LVL98:
 3046              	.L264:
 3047              	.LCFI16:
 3048              		.cfi_def_cfa_offset 0
 3049              		.cfi_restore 4
 3050              		.cfi_restore 5
 3051              		.cfi_restore 6
 3052              		.cfi_restore 14
 898:Service/Srv_DataHub.c **** 
 3053              		.loc 1 898 16 view .LVU1004
 3054 0050 0020     		movs	r0, #0
 3055              	.LVL99:
 917:Service/Srv_DataHub.c **** 
 3056              		.loc 1 917 1 view .LVU1005
 3057 0052 7047     		bx	lr
 3058              	.L272:
 3059              		.align	2
 3060              	.L271:
 3061 0054 00000000 		.word	.LANCHOR0
 3062              		.cfi_endproc
 3063              	.LFE176:
 3065              		.section	.text.SrvDataHub_Get_MotoChannel,"ax",%progbits
 3066              		.align	1
 3067              		.syntax unified
 3068              		.thumb
 3069              		.thumb_func
 3071              	SrvDataHub_Get_MotoChannel:
 3072              	.LVL100:
 3073              	.LFB172:
 824:Service/Srv_DataHub.c ****     if ((cnt == NULL) || (moto_ch == NULL))
 3074              		.loc 1 824 1 is_stmt 1 view -0
 3075              		.cfi_startproc
 3076              		@ args = 0, pretend = 0, frame = 0
 3077              		@ frame_needed = 0, uses_anonymous_args = 0
 825:Service/Srv_DataHub.c ****         return false;
 3078              		.loc 1 825 5 view .LVU1007
 825:Service/Srv_DataHub.c ****         return false;
 3079              		.loc 1 825 8 is_stmt 0 view .LVU1008
 3080 0000 31B3     		cbz	r1, .L277
 824:Service/Srv_DataHub.c ****     if ((cnt == NULL) || (moto_ch == NULL))
 3081              		.loc 1 824 1 discriminator 1 view .LVU1009
 3082 0002 70B5     		push	{r4, r5, r6, lr}
 3083              	.LCFI17:
 3084              		.cfi_def_cfa_offset 16
 3085              		.cfi_offset 4, -16
 3086              		.cfi_offset 5, -12
 3087              		.cfi_offset 6, -8
 3088              		.cfi_offset 14, -4
 3089 0004 0446     		mov	r4, r0
 3090 0006 1646     		mov	r6, r2
 3091 0008 0D46     		mov	r5, r1
 825:Service/Srv_DataHub.c ****         return false;
 3092              		.loc 1 825 23 discriminator 1 view .LVU1010
 3093 000a 32B9     		cbnz	r2, .L275
ARM GAS  C:\Users\HUAV\AppData\Local\Temp\cc14JS73.s 			page 82


 826:Service/Srv_DataHub.c **** 
 3094              		.loc 1 826 16 view .LVU1011
 3095 000c 0020     		movs	r0, #0
 3096              	.LVL101:
 826:Service/Srv_DataHub.c **** 
 3097              		.loc 1 826 16 view .LVU1012
 3098 000e 1EE0     		b	.L274
 3099              	.LVL102:
 3100              	.L276:
 839:Service/Srv_DataHub.c ****         goto reupdate_moto_channel;
 3101              		.loc 1 839 5 is_stmt 1 view .LVU1013
 839:Service/Srv_DataHub.c ****         goto reupdate_moto_channel;
 3102              		.loc 1 839 9 is_stmt 0 view .LVU1014
 3103 0010 104B     		ldr	r3, .L284
 3104 0012 9B7A     		ldrb	r3, [r3, #10]	@ zero_extendqisi2
 839:Service/Srv_DataHub.c ****         goto reupdate_moto_channel;
 3105              		.loc 1 839 8 view .LVU1015
 3106 0014 13F0080F 		tst	r3, #8
 3107 0018 13D1     		bne	.L283
 3108              	.L275:
 829:Service/Srv_DataHub.c **** 
 3109              		.loc 1 829 5 is_stmt 1 view .LVU1016
 829:Service/Srv_DataHub.c **** 
 3110              		.loc 1 829 47 is_stmt 0 view .LVU1017
 3111 001a 0E4B     		ldr	r3, .L284
 3112 001c 997A     		ldrb	r1, [r3, #10]	@ zero_extendqisi2
 3113 001e 41F00801 		orr	r1, r1, #8
 3114 0022 9972     		strb	r1, [r3, #10]
 831:Service/Srv_DataHub.c ****     *cnt = SrvDataHub_Monitor.data.moto_num;
 3115              		.loc 1 831 5 is_stmt 1 view .LVU1018
 831:Service/Srv_DataHub.c ****     *cnt = SrvDataHub_Monitor.data.moto_num;
 3116              		.loc 1 831 42 is_stmt 0 view .LVU1019
 3117 0024 D3F8B021 		ldr	r2, [r3, #432]
 831:Service/Srv_DataHub.c ****     *cnt = SrvDataHub_Monitor.data.moto_num;
 3118              		.loc 1 831 17 view .LVU1020
 3119 0028 2260     		str	r2, [r4]
 832:Service/Srv_DataHub.c **** 
 3120              		.loc 1 832 5 is_stmt 1 view .LVU1021
 832:Service/Srv_DataHub.c **** 
 3121              		.loc 1 832 35 is_stmt 0 view .LVU1022
 3122 002a 93F8B421 		ldrb	r2, [r3, #436]	@ zero_extendqisi2
 832:Service/Srv_DataHub.c **** 
 3123              		.loc 1 832 10 view .LVU1023
 3124 002e 2A70     		strb	r2, [r5]
 834:Service/Srv_DataHub.c ****     {
 3125              		.loc 1 834 5 is_stmt 1 view .LVU1024
 834:Service/Srv_DataHub.c ****     {
 3126              		.loc 1 834 8 is_stmt 0 view .LVU1025
 3127 0030 002A     		cmp	r2, #0
 3128 0032 EDD0     		beq	.L276
 836:Service/Srv_DataHub.c ****     }
 3129              		.loc 1 836 9 is_stmt 1 view .LVU1026
 3130 0034 5200     		lsls	r2, r2, #1
 3131 0036 03F5DB71 		add	r1, r3, #438
 3132 003a 3046     		mov	r0, r6
 3133 003c FFF7FEFF 		bl	memcpy
 3134              	.LVL103:
ARM GAS  C:\Users\HUAV\AppData\Local\Temp\cc14JS73.s 			page 83


 3135 0040 E6E7     		b	.L276
 3136              	.L283:
 842:Service/Srv_DataHub.c **** 
 3137              		.loc 1 842 5 view .LVU1027
 842:Service/Srv_DataHub.c **** 
 3138              		.loc 1 842 47 is_stmt 0 view .LVU1028
 3139 0042 044B     		ldr	r3, .L284
 3140 0044 9A7A     		ldrb	r2, [r3, #10]	@ zero_extendqisi2
 3141 0046 6FF3C302 		bfc	r2, #3, #1
 3142 004a 9A72     		strb	r2, [r3, #10]
 844:Service/Srv_DataHub.c **** }
 3143              		.loc 1 844 5 is_stmt 1 view .LVU1029
 844:Service/Srv_DataHub.c **** }
 3144              		.loc 1 844 12 is_stmt 0 view .LVU1030
 3145 004c 0120     		movs	r0, #1
 3146              	.L274:
 845:Service/Srv_DataHub.c **** 
 3147              		.loc 1 845 1 view .LVU1031
 3148 004e 70BD     		pop	{r4, r5, r6, pc}
 3149              	.LVL104:
 3150              	.L277:
 3151              	.LCFI18:
 3152              		.cfi_def_cfa_offset 0
 3153              		.cfi_restore 4
 3154              		.cfi_restore 5
 3155              		.cfi_restore 6
 3156              		.cfi_restore 14
 826:Service/Srv_DataHub.c **** 
 3157              		.loc 1 826 16 view .LVU1032
 3158 0050 0020     		movs	r0, #0
 3159              	.LVL105:
 845:Service/Srv_DataHub.c **** 
 3160              		.loc 1 845 1 view .LVU1033
 3161 0052 7047     		bx	lr
 3162              	.L285:
 3163              		.align	2
 3164              	.L284:
 3165 0054 00000000 		.word	.LANCHOR0
 3166              		.cfi_endproc
 3167              	.LFE172:
 3169              		.section	.text.SrvDataHub_Init,"ax",%progbits
 3170              		.align	1
 3171              		.syntax unified
 3172              		.thumb
 3173              		.thumb_func
 3175              	SrvDataHub_Init:
 3176              	.LFB148:
  96:Service/Srv_DataHub.c ****     if (SrvDataHub_Monitor.init_state)
 3177              		.loc 1 96 1 is_stmt 1 view -0
 3178              		.cfi_startproc
 3179              		@ args = 0, pretend = 0, frame = 0
 3180              		@ frame_needed = 0, uses_anonymous_args = 0
  97:Service/Srv_DataHub.c ****         return;
 3181              		.loc 1 97 5 view .LVU1035
  97:Service/Srv_DataHub.c ****         return;
 3182              		.loc 1 97 27 is_stmt 0 view .LVU1036
 3183 0000 674B     		ldr	r3, .L293
ARM GAS  C:\Users\HUAV\AppData\Local\Temp\cc14JS73.s 			page 84


 3184 0002 1B78     		ldrb	r3, [r3]	@ zero_extendqisi2
  97:Service/Srv_DataHub.c ****         return;
 3185              		.loc 1 97 8 view .LVU1037
 3186 0004 03B1     		cbz	r3, .L292
 3187 0006 7047     		bx	lr
 3188              	.L292:
  96:Service/Srv_DataHub.c ****     if (SrvDataHub_Monitor.init_state)
 3189              		.loc 1 96 1 view .LVU1038
 3190 0008 2DE9F047 		push	{r4, r5, r6, r7, r8, r9, r10, lr}
 3191              	.LCFI19:
 3192              		.cfi_def_cfa_offset 32
 3193              		.cfi_offset 4, -32
 3194              		.cfi_offset 5, -28
 3195              		.cfi_offset 6, -24
 3196              		.cfi_offset 7, -20
 3197              		.cfi_offset 8, -16
 3198              		.cfi_offset 9, -12
 3199              		.cfi_offset 10, -8
 3200              		.cfi_offset 14, -4
 100:Service/Srv_DataHub.c **** 
 3201              		.loc 1 100 5 is_stmt 1 view .LVU1039
 3202 000c 644F     		ldr	r7, .L293
 3203 000e 4FF4F478 		mov	r8, #488
 3204 0012 4246     		mov	r2, r8
 3205 0014 0021     		movs	r1, #0
 3206 0016 3846     		mov	r0, r7
 3207 0018 FFF7FEFF 		bl	memset
 3208              	.LVL106:
 103:Service/Srv_DataHub.c ****     IMU_hub_DataPipe.data_addr = (uint32_t)DataPipe_DataObjAddr(PtlIMU_Data);
 3209              		.loc 1 103 5 view .LVU1040
 3210 001c 614D     		ldr	r5, .L293+4
 3211 001e 05F15804 		add	r4, r5, #88
 3212 0022 5422     		movs	r2, #84
 3213 0024 0021     		movs	r1, #0
 3214 0026 2046     		mov	r0, r4
 3215 0028 FFF7FEFF 		bl	memset
 3216              	.LVL107:
 104:Service/Srv_DataHub.c ****     IMU_hub_DataPipe.data_size = DataPipe_DataSize(PtlIMU_Data);
 3217              		.loc 1 104 5 view .LVU1041
 104:Service/Srv_DataHub.c ****     IMU_hub_DataPipe.data_size = DataPipe_DataSize(PtlIMU_Data);
 3218              		.loc 1 104 32 is_stmt 0 view .LVU1042
 3219 002c 5E4B     		ldr	r3, .L293+8
 3220 002e C3F80D40 		str	r4, [r3, #13]	@ unaligned
 105:Service/Srv_DataHub.c ****     IMU_hub_DataPipe.trans_finish_cb = To_Pipe_TransFinish_Callback(SrvDataHub_IMU_DataPipe_Finish_
 3221              		.loc 1 105 5 is_stmt 1 view .LVU1043
 105:Service/Srv_DataHub.c ****     IMU_hub_DataPipe.trans_finish_cb = To_Pipe_TransFinish_Callback(SrvDataHub_IMU_DataPipe_Finish_
 3222              		.loc 1 105 32 is_stmt 0 view .LVU1044
 3223 0032 0024     		movs	r4, #0
 3224 0034 5422     		movs	r2, #84
 3225 0036 5A74     		strb	r2, [r3, #17]
 3226 0038 9C74     		strb	r4, [r3, #18]
 106:Service/Srv_DataHub.c ****     DataPipe_Enable(&IMU_hub_DataPipe);
 3227              		.loc 1 106 5 is_stmt 1 view .LVU1045
 106:Service/Srv_DataHub.c ****     DataPipe_Enable(&IMU_hub_DataPipe);
 3228              		.loc 1 106 38 is_stmt 0 view .LVU1046
 3229 003a 5C4A     		ldr	r2, .L293+12
 3230 003c C3F81320 		str	r2, [r3, #19]	@ unaligned
ARM GAS  C:\Users\HUAV\AppData\Local\Temp\cc14JS73.s 			page 85


 107:Service/Srv_DataHub.c **** 
 3231              		.loc 1 107 5 is_stmt 1 view .LVU1047
 3232              	.LVL108:
 3233              	.LBB24:
 3234              	.LBI24:
 3235              		.file 2 "System/DataPipe/DataPipe.h"
   1:System/DataPipe/DataPipe.h **** #ifndef __DATAPIPE_H
   2:System/DataPipe/DataPipe.h **** #define __DATAPIPE_H
   3:System/DataPipe/DataPipe.h **** 
   4:System/DataPipe/DataPipe.h **** #ifdef __cplusplus
   5:System/DataPipe/DataPipe.h **** extern "C" {
   6:System/DataPipe/DataPipe.h **** #endif
   7:System/DataPipe/DataPipe.h **** 
   8:System/DataPipe/DataPipe.h **** #include <stdint.h>
   9:System/DataPipe/DataPipe.h **** #include <string.h>
  10:System/DataPipe/DataPipe.h **** #include <stdbool.h>
  11:System/DataPipe/DataPipe.h **** #include "../../FCHW_Config.h"
  12:System/DataPipe/DataPipe.h **** 
  13:System/DataPipe/DataPipe.h **** typedef void (*Pipe_TransFinish_Callback)(void *pipe_obj);
  14:System/DataPipe/DataPipe.h **** typedef void (*Pipe_TransError_Callback)(void *pipe_obj);
  15:System/DataPipe/DataPipe.h **** typedef void (*Pipe_TimeOutProc_Callback)(void *pipe_obj);
  16:System/DataPipe/DataPipe.h **** 
  17:System/DataPipe/DataPipe.h **** #define DataPipeHandleToObj(x) ((DataPipeObj_TypeDef *)x)
  18:System/DataPipe/DataPipe.h **** #define DataPipe_CreateDataObj(type, name) static type name##_##PipeDataObj __attribute__((section(
  19:System/DataPipe/DataPipe.h **** #define DataPipe_DataObjAddr(name) (&name##_##PipeDataObj)
  20:System/DataPipe/DataPipe.h **** #define DataPipe_DataObj(name) name##_##PipeDataObj
  21:System/DataPipe/DataPipe.h **** #define DataPipe_DataSize(name) sizeof(name##_##PipeDataObj)
  22:System/DataPipe/DataPipe.h **** 
  23:System/DataPipe/DataPipe.h **** typedef enum
  24:System/DataPipe/DataPipe.h **** {
  25:System/DataPipe/DataPipe.h ****     Pipe_UnReady = 0,
  26:System/DataPipe/DataPipe.h ****     Pipe_Ready,
  27:System/DataPipe/DataPipe.h ****     Pipe_Busy,
  28:System/DataPipe/DataPipe.h ****     Pipe_Error,
  29:System/DataPipe/DataPipe.h **** } DataPipe_State_List;
  30:System/DataPipe/DataPipe.h **** 
  31:System/DataPipe/DataPipe.h **** #pragma pack(1)
  32:System/DataPipe/DataPipe.h **** typedef struct
  33:System/DataPipe/DataPipe.h **** {
  34:System/DataPipe/DataPipe.h ****     uint32_t min_rx_interval;
  35:System/DataPipe/DataPipe.h ****     uint32_t detect_interval;
  36:System/DataPipe/DataPipe.h ****     uint32_t rx_ms_rt;
  37:System/DataPipe/DataPipe.h **** 
  38:System/DataPipe/DataPipe.h ****     bool enable;
  39:System/DataPipe/DataPipe.h **** 
  40:System/DataPipe/DataPipe.h ****     uint32_t data_addr;
  41:System/DataPipe/DataPipe.h ****     uint16_t data_size;
  42:System/DataPipe/DataPipe.h **** 
  43:System/DataPipe/DataPipe.h ****     Pipe_TransFinish_Callback trans_finish_cb;
  44:System/DataPipe/DataPipe.h ****     Pipe_TransError_Callback trans_error_cb;
  45:System/DataPipe/DataPipe.h **** 
  46:System/DataPipe/DataPipe.h ****     uint32_t tx_cnt;
  47:System/DataPipe/DataPipe.h ****     uint32_t rx_cnt;
  48:System/DataPipe/DataPipe.h ****     uint32_t er_cnt;
  49:System/DataPipe/DataPipe.h **** } DataPipeObj_TypeDef;
  50:System/DataPipe/DataPipe.h **** #pragma pack()
  51:System/DataPipe/DataPipe.h **** 
ARM GAS  C:\Users\HUAV\AppData\Local\Temp\cc14JS73.s 			page 86


  52:System/DataPipe/DataPipe.h **** typedef struct
  53:System/DataPipe/DataPipe.h **** {
  54:System/DataPipe/DataPipe.h ****     DataPipeObj_TypeDef *org;
  55:System/DataPipe/DataPipe.h ****     DataPipeObj_TypeDef *dst;
  56:System/DataPipe/DataPipe.h **** } Data_PlugedPipeObj_TypeDef;
  57:System/DataPipe/DataPipe.h **** 
  58:System/DataPipe/DataPipe.h **** bool DataPipe_Init(void);
  59:System/DataPipe/DataPipe.h **** bool DataPipe_DeInit(void);
  60:System/DataPipe/DataPipe.h **** bool DataPipe_SendTo(DataPipeObj_TypeDef *p_org, DataPipeObj_TypeDef *p_dst);
  61:System/DataPipe/DataPipe.h **** bool DataPipe_DealError(void);
  62:System/DataPipe/DataPipe.h **** 
  63:System/DataPipe/DataPipe.h **** inline bool DataPipe_Enable(DataPipeObj_TypeDef *obj)
 3236              		.loc 2 63 13 view .LVU1048
 3237              	.LBB25:
  64:System/DataPipe/DataPipe.h **** {
  65:System/DataPipe/DataPipe.h ****     if (obj == NULL)
 3238              		.loc 2 65 5 view .LVU1049
  66:System/DataPipe/DataPipe.h ****         return false;
  67:System/DataPipe/DataPipe.h **** 
  68:System/DataPipe/DataPipe.h ****     obj->enable = true;
 3239              		.loc 2 68 5 view .LVU1050
 3240              		.loc 2 68 17 is_stmt 0 view .LVU1051
 3241 0040 0126     		movs	r6, #1
 3242 0042 1E73     		strb	r6, [r3, #12]
  69:System/DataPipe/DataPipe.h **** 
  70:System/DataPipe/DataPipe.h ****     return true;
 3243              		.loc 2 70 5 is_stmt 1 view .LVU1052
 3244              	.LVL109:
 3245              		.loc 2 70 5 is_stmt 0 view .LVU1053
 3246              	.LBE25:
 3247              	.LBE24:
 109:Service/Srv_DataHub.c ****     IMU_PriRange_hub_DataPipe.data_addr = (uint32_t)DataPipe_DataObjAddr(Hub_PriIMU_Range);
 3248              		.loc 1 109 5 is_stmt 1 view .LVU1054
 3249 0044 05F15402 		add	r2, r5, #84
 3250 0048 6C65     		str	r4, [r5, #84]
 110:Service/Srv_DataHub.c ****     IMU_PriRange_hub_DataPipe.data_size = DataPipe_DataSize(Hub_PriIMU_Range);
 3251              		.loc 1 110 5 view .LVU1055
 110:Service/Srv_DataHub.c ****     IMU_PriRange_hub_DataPipe.data_size = DataPipe_DataSize(Hub_PriIMU_Range);
 3252              		.loc 1 110 41 is_stmt 0 view .LVU1056
 3253 004a 594B     		ldr	r3, .L293+16
 3254 004c C3F80D20 		str	r2, [r3, #13]	@ unaligned
 111:Service/Srv_DataHub.c ****     IMU_PriRange_hub_DataPipe.trans_finish_cb = To_Pipe_TransFinish_Callback(SrvDataHub_IMU_Range_D
 3255              		.loc 1 111 5 is_stmt 1 view .LVU1057
 111:Service/Srv_DataHub.c ****     IMU_PriRange_hub_DataPipe.trans_finish_cb = To_Pipe_TransFinish_Callback(SrvDataHub_IMU_Range_D
 3256              		.loc 1 111 41 is_stmt 0 view .LVU1058
 3257 0050 4FF00409 		mov	r9, #4
 3258 0054 83F81190 		strb	r9, [r3, #17]
 3259 0058 9C74     		strb	r4, [r3, #18]
 112:Service/Srv_DataHub.c ****     DataPipe_Enable(&IMU_PriRange_hub_DataPipe);
 3260              		.loc 1 112 5 is_stmt 1 view .LVU1059
 112:Service/Srv_DataHub.c ****     DataPipe_Enable(&IMU_PriRange_hub_DataPipe);
 3261              		.loc 1 112 47 is_stmt 0 view .LVU1060
 3262 005a 564A     		ldr	r2, .L293+20
 3263 005c C3F81320 		str	r2, [r3, #19]	@ unaligned
 113:Service/Srv_DataHub.c **** 
 3264              		.loc 1 113 5 is_stmt 1 view .LVU1061
 3265              	.LVL110:
ARM GAS  C:\Users\HUAV\AppData\Local\Temp\cc14JS73.s 			page 87


 3266              	.LBB26:
 3267              	.LBI26:
  63:System/DataPipe/DataPipe.h **** {
 3268              		.loc 2 63 13 view .LVU1062
 3269              	.LBB27:
  65:System/DataPipe/DataPipe.h ****         return false;
 3270              		.loc 2 65 5 view .LVU1063
  68:System/DataPipe/DataPipe.h **** 
 3271              		.loc 2 68 5 view .LVU1064
  68:System/DataPipe/DataPipe.h **** 
 3272              		.loc 2 68 17 is_stmt 0 view .LVU1065
 3273 0060 1E73     		strb	r6, [r3, #12]
 3274              		.loc 2 70 5 is_stmt 1 view .LVU1066
 3275              	.LVL111:
 3276              		.loc 2 70 5 is_stmt 0 view .LVU1067
 3277              	.LBE27:
 3278              	.LBE26:
 124:Service/Srv_DataHub.c ****     Receiver_hub_DataPipe.data_addr = (uint32_t)DataPipe_DataObjAddr(Hub_Telemetry_Rc);
 3279              		.loc 1 124 5 is_stmt 1 view .LVU1068
 3280 0062 05F1B40A 		add	r10, r5, #180
 3281 0066 6422     		movs	r2, #100
 3282 0068 2146     		mov	r1, r4
 3283 006a 5046     		mov	r0, r10
 3284 006c FFF7FEFF 		bl	memset
 3285              	.LVL112:
 125:Service/Srv_DataHub.c ****     Receiver_hub_DataPipe.data_size = DataPipe_DataSize(Hub_Telemetry_Rc);
 3286              		.loc 1 125 5 view .LVU1069
 125:Service/Srv_DataHub.c ****     Receiver_hub_DataPipe.data_size = DataPipe_DataSize(Hub_Telemetry_Rc);
 3287              		.loc 1 125 37 is_stmt 0 view .LVU1070
 3288 0070 514B     		ldr	r3, .L293+24
 3289 0072 C3F80DA0 		str	r10, [r3, #13]	@ unaligned
 126:Service/Srv_DataHub.c ****     Receiver_hub_DataPipe.trans_finish_cb = To_Pipe_TransFinish_Callback(SrvDataHub_PipeRcTelemtryD
 3290              		.loc 1 126 5 is_stmt 1 view .LVU1071
 126:Service/Srv_DataHub.c ****     Receiver_hub_DataPipe.trans_finish_cb = To_Pipe_TransFinish_Callback(SrvDataHub_PipeRcTelemtryD
 3291              		.loc 1 126 37 is_stmt 0 view .LVU1072
 3292 0076 6422     		movs	r2, #100
 3293 0078 5A74     		strb	r2, [r3, #17]
 3294 007a 9C74     		strb	r4, [r3, #18]
 127:Service/Srv_DataHub.c ****     DataPipe_Enable(&Receiver_hub_DataPipe);
 3295              		.loc 1 127 5 is_stmt 1 view .LVU1073
 127:Service/Srv_DataHub.c ****     DataPipe_Enable(&Receiver_hub_DataPipe);
 3296              		.loc 1 127 43 is_stmt 0 view .LVU1074
 3297 007c 4F4A     		ldr	r2, .L293+28
 3298 007e C3F81320 		str	r2, [r3, #19]	@ unaligned
 128:Service/Srv_DataHub.c **** 
 3299              		.loc 1 128 5 is_stmt 1 view .LVU1075
 3300              	.LVL113:
 3301              	.LBB28:
 3302              	.LBI28:
  63:System/DataPipe/DataPipe.h **** {
 3303              		.loc 2 63 13 view .LVU1076
 3304              	.LBB29:
  65:System/DataPipe/DataPipe.h ****         return false;
 3305              		.loc 2 65 5 view .LVU1077
  68:System/DataPipe/DataPipe.h **** 
 3306              		.loc 2 68 5 view .LVU1078
  68:System/DataPipe/DataPipe.h **** 
ARM GAS  C:\Users\HUAV\AppData\Local\Temp\cc14JS73.s 			page 88


 3307              		.loc 2 68 17 is_stmt 0 view .LVU1079
 3308 0082 1E73     		strb	r6, [r3, #12]
 3309              		.loc 2 70 5 is_stmt 1 view .LVU1080
 3310              	.LVL114:
 3311              		.loc 2 70 5 is_stmt 0 view .LVU1081
 3312              	.LBE29:
 3313              	.LBE28:
 130:Service/Srv_DataHub.c ****     SensorEnableState_hub_DataPipe.data_addr = (uint32_t)DataPipe_DataObjAddr(Sensor_Enable);
 3314              		.loc 1 130 5 is_stmt 1 view .LVU1082
 3315 0084 05F1AC02 		add	r2, r5, #172
 3316 0088 C5F8AC40 		str	r4, [r5, #172]
 131:Service/Srv_DataHub.c ****     SensorEnableState_hub_DataPipe.data_size = DataPipe_DataSize(Sensor_Enable);
 3317              		.loc 1 131 5 view .LVU1083
 131:Service/Srv_DataHub.c ****     SensorEnableState_hub_DataPipe.data_size = DataPipe_DataSize(Sensor_Enable);
 3318              		.loc 1 131 46 is_stmt 0 view .LVU1084
 3319 008c 4C4B     		ldr	r3, .L293+32
 3320 008e C3F80D20 		str	r2, [r3, #13]	@ unaligned
 132:Service/Srv_DataHub.c ****     SensorEnableState_hub_DataPipe.trans_finish_cb = To_Pipe_TransFinish_Callback(SrvDataHub_Sensor
 3321              		.loc 1 132 5 is_stmt 1 view .LVU1085
 132:Service/Srv_DataHub.c ****     SensorEnableState_hub_DataPipe.trans_finish_cb = To_Pipe_TransFinish_Callback(SrvDataHub_Sensor
 3322              		.loc 1 132 46 is_stmt 0 view .LVU1086
 3323 0092 83F81190 		strb	r9, [r3, #17]
 3324 0096 9C74     		strb	r4, [r3, #18]
 133:Service/Srv_DataHub.c ****     DataPipe_Enable(&SensorEnableState_hub_DataPipe);
 3325              		.loc 1 133 5 is_stmt 1 view .LVU1087
 133:Service/Srv_DataHub.c ****     DataPipe_Enable(&SensorEnableState_hub_DataPipe);
 3326              		.loc 1 133 52 is_stmt 0 view .LVU1088
 3327 0098 4A4A     		ldr	r2, .L293+36
 3328 009a C3F81320 		str	r2, [r3, #19]	@ unaligned
 134:Service/Srv_DataHub.c **** 
 3329              		.loc 1 134 5 is_stmt 1 view .LVU1089
 3330              	.LVL115:
 3331              	.LBB30:
 3332              	.LBI30:
  63:System/DataPipe/DataPipe.h **** {
 3333              		.loc 2 63 13 view .LVU1090
 3334              	.LBB31:
  65:System/DataPipe/DataPipe.h ****         return false;
 3335              		.loc 2 65 5 view .LVU1091
  68:System/DataPipe/DataPipe.h **** 
 3336              		.loc 2 68 5 view .LVU1092
  68:System/DataPipe/DataPipe.h **** 
 3337              		.loc 2 68 17 is_stmt 0 view .LVU1093
 3338 009e 1E73     		strb	r6, [r3, #12]
 3339              		.loc 2 70 5 is_stmt 1 view .LVU1094
 3340              	.LVL116:
 3341              		.loc 2 70 5 is_stmt 0 view .LVU1095
 3342              	.LBE31:
 3343              	.LBE30:
 136:Service/Srv_DataHub.c ****     SensorInitState_hub_DataPipe.data_addr = (uint32_t)DataPipe_DataObjAddr(Sensor_Init);
 3344              		.loc 1 136 5 is_stmt 1 view .LVU1096
 3345 00a0 05F1B001 		add	r1, r5, #176
 3346 00a4 C5F8B040 		str	r4, [r5, #176]
 137:Service/Srv_DataHub.c ****     SensorInitState_hub_DataPipe.data_size = DataPipe_DataSize(Sensor_Init);
 3347              		.loc 1 137 5 view .LVU1097
 137:Service/Srv_DataHub.c ****     SensorInitState_hub_DataPipe.data_size = DataPipe_DataSize(Sensor_Init);
 3348              		.loc 1 137 44 is_stmt 0 view .LVU1098
ARM GAS  C:\Users\HUAV\AppData\Local\Temp\cc14JS73.s 			page 89


 3349 00a8 474B     		ldr	r3, .L293+40
 3350 00aa C3F80D10 		str	r1, [r3, #13]	@ unaligned
 138:Service/Srv_DataHub.c ****     SensorInitState_hub_DataPipe.trans_finish_cb = To_Pipe_TransFinish_Callback(SrvDataHub_SensorSt
 3351              		.loc 1 138 5 is_stmt 1 view .LVU1099
 138:Service/Srv_DataHub.c ****     SensorInitState_hub_DataPipe.trans_finish_cb = To_Pipe_TransFinish_Callback(SrvDataHub_SensorSt
 3352              		.loc 1 138 44 is_stmt 0 view .LVU1100
 3353 00ae 83F81190 		strb	r9, [r3, #17]
 3354 00b2 9C74     		strb	r4, [r3, #18]
 139:Service/Srv_DataHub.c ****     DataPipe_Enable(&SensorInitState_hub_DataPipe);
 3355              		.loc 1 139 5 is_stmt 1 view .LVU1101
 139:Service/Srv_DataHub.c ****     DataPipe_Enable(&SensorInitState_hub_DataPipe);
 3356              		.loc 1 139 50 is_stmt 0 view .LVU1102
 3357 00b4 C3F81320 		str	r2, [r3, #19]	@ unaligned
 140:Service/Srv_DataHub.c **** 
 3358              		.loc 1 140 5 is_stmt 1 view .LVU1103
 3359              	.LVL117:
 3360              	.LBB32:
 3361              	.LBI32:
  63:System/DataPipe/DataPipe.h **** {
 3362              		.loc 2 63 13 view .LVU1104
 3363              	.LBB33:
  65:System/DataPipe/DataPipe.h ****         return false;
 3364              		.loc 2 65 5 view .LVU1105
  68:System/DataPipe/DataPipe.h **** 
 3365              		.loc 2 68 5 view .LVU1106
  68:System/DataPipe/DataPipe.h **** 
 3366              		.loc 2 68 17 is_stmt 0 view .LVU1107
 3367 00b8 1E73     		strb	r6, [r3, #12]
 3368              		.loc 2 70 5 is_stmt 1 view .LVU1108
 3369              	.LVL118:
 3370              		.loc 2 70 5 is_stmt 0 view .LVU1109
 3371              	.LBE33:
 3372              	.LBE32:
 142:Service/Srv_DataHub.c ****     Actuator_hub_DataPipe.data_addr = (uint32_t)DataPipe_DataObjAddr(Hub_Actuator);
 3373              		.loc 1 142 5 is_stmt 1 view .LVU1110
 3374 00ba 05F59A79 		add	r9, r5, #308
 3375 00be 2822     		movs	r2, #40
 3376 00c0 2146     		mov	r1, r4
 3377 00c2 4846     		mov	r0, r9
 3378 00c4 FFF7FEFF 		bl	memset
 3379              	.LVL119:
 143:Service/Srv_DataHub.c ****     Actuator_hub_DataPipe.data_size = DataPipe_DataSize(Hub_Actuator);
 3380              		.loc 1 143 5 view .LVU1111
 143:Service/Srv_DataHub.c ****     Actuator_hub_DataPipe.data_size = DataPipe_DataSize(Hub_Actuator);
 3381              		.loc 1 143 37 is_stmt 0 view .LVU1112
 3382 00c8 404B     		ldr	r3, .L293+44
 3383 00ca C3F80D90 		str	r9, [r3, #13]	@ unaligned
 144:Service/Srv_DataHub.c ****     Actuator_hub_DataPipe.trans_finish_cb = To_Pipe_TransFinish_Callback(SrvDataHub_Actuator_DataPi
 3384              		.loc 1 144 5 is_stmt 1 view .LVU1113
 144:Service/Srv_DataHub.c ****     Actuator_hub_DataPipe.trans_finish_cb = To_Pipe_TransFinish_Callback(SrvDataHub_Actuator_DataPi
 3385              		.loc 1 144 37 is_stmt 0 view .LVU1114
 3386 00ce 2822     		movs	r2, #40
 3387 00d0 5A74     		strb	r2, [r3, #17]
 3388 00d2 9C74     		strb	r4, [r3, #18]
 145:Service/Srv_DataHub.c ****     DataPipe_Enable(&Actuator_hub_DataPipe);
 3389              		.loc 1 145 5 is_stmt 1 view .LVU1115
 145:Service/Srv_DataHub.c ****     DataPipe_Enable(&Actuator_hub_DataPipe);
ARM GAS  C:\Users\HUAV\AppData\Local\Temp\cc14JS73.s 			page 90


 3390              		.loc 1 145 43 is_stmt 0 view .LVU1116
 3391 00d4 3E4A     		ldr	r2, .L293+48
 3392 00d6 C3F81320 		str	r2, [r3, #19]	@ unaligned
 146:Service/Srv_DataHub.c ****     
 3393              		.loc 1 146 5 is_stmt 1 view .LVU1117
 3394              	.LVL120:
 3395              	.LBB34:
 3396              	.LBI34:
  63:System/DataPipe/DataPipe.h **** {
 3397              		.loc 2 63 13 view .LVU1118
 3398              	.LBB35:
  65:System/DataPipe/DataPipe.h ****         return false;
 3399              		.loc 2 65 5 view .LVU1119
  68:System/DataPipe/DataPipe.h **** 
 3400              		.loc 2 68 5 view .LVU1120
  68:System/DataPipe/DataPipe.h **** 
 3401              		.loc 2 68 17 is_stmt 0 view .LVU1121
 3402 00da 1E73     		strb	r6, [r3, #12]
 3403              		.loc 2 70 5 is_stmt 1 view .LVU1122
 3404              	.LVL121:
 3405              		.loc 2 70 5 is_stmt 0 view .LVU1123
 3406              	.LBE35:
 3407              	.LBE34:
 148:Service/Srv_DataHub.c ****     Attitude_hub_DataPipe.data_addr = (uint32_t)DataPipe_DataObjAddr(Hub_Attitude);
 3408              		.loc 1 148 5 is_stmt 1 view .LVU1124
 3409 00dc 05F13009 		add	r9, r5, #48
 3410 00e0 2222     		movs	r2, #34
 3411 00e2 2146     		mov	r1, r4
 3412 00e4 4846     		mov	r0, r9
 3413 00e6 FFF7FEFF 		bl	memset
 3414              	.LVL122:
 149:Service/Srv_DataHub.c ****     Attitude_hub_DataPipe.data_size = DataPipe_DataSize(Hub_Attitude);
 3415              		.loc 1 149 5 view .LVU1125
 149:Service/Srv_DataHub.c ****     Attitude_hub_DataPipe.data_size = DataPipe_DataSize(Hub_Attitude);
 3416              		.loc 1 149 37 is_stmt 0 view .LVU1126
 3417 00ea 3A4B     		ldr	r3, .L293+52
 3418 00ec C3F80D90 		str	r9, [r3, #13]	@ unaligned
 150:Service/Srv_DataHub.c ****     Attitude_hub_DataPipe.trans_finish_cb = To_Pipe_TransFinish_Callback(SrvDataHub_Attitude_DataPi
 3419              		.loc 1 150 5 is_stmt 1 view .LVU1127
 150:Service/Srv_DataHub.c ****     Attitude_hub_DataPipe.trans_finish_cb = To_Pipe_TransFinish_Callback(SrvDataHub_Attitude_DataPi
 3420              		.loc 1 150 37 is_stmt 0 view .LVU1128
 3421 00f0 2222     		movs	r2, #34
 3422 00f2 5A74     		strb	r2, [r3, #17]
 3423 00f4 9C74     		strb	r4, [r3, #18]
 151:Service/Srv_DataHub.c ****     DataPipe_Enable(&Attitude_hub_DataPipe);
 3424              		.loc 1 151 5 is_stmt 1 view .LVU1129
 151:Service/Srv_DataHub.c ****     DataPipe_Enable(&Attitude_hub_DataPipe);
 3425              		.loc 1 151 43 is_stmt 0 view .LVU1130
 3426 00f6 384A     		ldr	r2, .L293+56
 3427 00f8 C3F81320 		str	r2, [r3, #19]	@ unaligned
 152:Service/Srv_DataHub.c **** 
 3428              		.loc 1 152 5 is_stmt 1 view .LVU1131
 3429              	.LVL123:
 3430              	.LBB36:
 3431              	.LBI36:
  63:System/DataPipe/DataPipe.h **** {
 3432              		.loc 2 63 13 view .LVU1132
ARM GAS  C:\Users\HUAV\AppData\Local\Temp\cc14JS73.s 			page 91


 3433              	.LBB37:
  65:System/DataPipe/DataPipe.h ****         return false;
 3434              		.loc 2 65 5 view .LVU1133
  68:System/DataPipe/DataPipe.h **** 
 3435              		.loc 2 68 5 view .LVU1134
  68:System/DataPipe/DataPipe.h **** 
 3436              		.loc 2 68 17 is_stmt 0 view .LVU1135
 3437 00fc 1E73     		strb	r6, [r3, #12]
 3438              		.loc 2 70 5 is_stmt 1 view .LVU1136
 3439              	.LVL124:
 3440              		.loc 2 70 5 is_stmt 0 view .LVU1137
 3441              	.LBE37:
 3442              	.LBE36:
 154:Service/Srv_DataHub.c ****     Baro_hub_DataPipe.data_addr = (uint32_t)DataPipe_DataObjAddr(Hub_Baro_Data);
 3443              		.loc 1 154 5 is_stmt 1 view .LVU1138
 3444 00fe 05F11403 		add	r3, r5, #20
 3445 0102 6C61     		str	r4, [r5, #20]
 3446 0104 AC61     		str	r4, [r5, #24]
 3447 0106 EC61     		str	r4, [r5, #28]
 3448 0108 2C62     		str	r4, [r5, #32]
 3449 010a 6C62     		str	r4, [r5, #36]
 3450 010c AC62     		str	r4, [r5, #40]
 3451 010e EC62     		str	r4, [r5, #44]
 155:Service/Srv_DataHub.c ****     Baro_hub_DataPipe.data_size = DataPipe_DataSize(Hub_Baro_Data);
 3452              		.loc 1 155 5 view .LVU1139
 155:Service/Srv_DataHub.c ****     Baro_hub_DataPipe.data_size = DataPipe_DataSize(Hub_Baro_Data);
 3453              		.loc 1 155 33 is_stmt 0 view .LVU1140
 3454 0110 324A     		ldr	r2, .L293+60
 3455 0112 C2F80D30 		str	r3, [r2, #13]	@ unaligned
 156:Service/Srv_DataHub.c ****     Baro_hub_DataPipe.trans_finish_cb = To_Pipe_TransFinish_Callback(SrvDataHub_Baro_DataPipe_Finis
 3456              		.loc 1 156 5 is_stmt 1 view .LVU1141
 156:Service/Srv_DataHub.c ****     Baro_hub_DataPipe.trans_finish_cb = To_Pipe_TransFinish_Callback(SrvDataHub_Baro_DataPipe_Finis
 3457              		.loc 1 156 33 is_stmt 0 view .LVU1142
 3458 0116 1C21     		movs	r1, #28
 3459 0118 5174     		strb	r1, [r2, #17]
 3460 011a 9474     		strb	r4, [r2, #18]
 157:Service/Srv_DataHub.c ****     DataPipe_Enable(&Baro_hub_DataPipe);
 3461              		.loc 1 157 5 is_stmt 1 view .LVU1143
 157:Service/Srv_DataHub.c ****     DataPipe_Enable(&Baro_hub_DataPipe);
 3462              		.loc 1 157 39 is_stmt 0 view .LVU1144
 3463 011c 304B     		ldr	r3, .L293+64
 3464 011e C2F81330 		str	r3, [r2, #19]	@ unaligned
 158:Service/Srv_DataHub.c **** 
 3465              		.loc 1 158 5 is_stmt 1 view .LVU1145
 3466              	.LVL125:
 3467              	.LBB38:
 3468              	.LBI38:
  63:System/DataPipe/DataPipe.h **** {
 3469              		.loc 2 63 13 view .LVU1146
 3470              	.LBB39:
  65:System/DataPipe/DataPipe.h ****         return false;
 3471              		.loc 2 65 5 view .LVU1147
  68:System/DataPipe/DataPipe.h **** 
 3472              		.loc 2 68 5 view .LVU1148
  68:System/DataPipe/DataPipe.h **** 
 3473              		.loc 2 68 17 is_stmt 0 view .LVU1149
 3474 0122 1673     		strb	r6, [r2, #12]
ARM GAS  C:\Users\HUAV\AppData\Local\Temp\cc14JS73.s 			page 92


 3475              		.loc 2 70 5 is_stmt 1 view .LVU1150
 3476              	.LVL126:
 3477              		.loc 2 70 5 is_stmt 0 view .LVU1151
 3478              	.LBE39:
 3479              	.LBE38:
 160:Service/Srv_DataHub.c ****     Altitude_hub_DataPipe.data_addr = (uint32_t)DataPipe_DataObjAddr(Hub_Alt);
 3480              		.loc 1 160 5 is_stmt 1 view .LVU1152
 3481 0124 2A1D     		adds	r2, r5, #4
 3482 0126 6C60     		str	r4, [r5, #4]
 3483 0128 AC60     		str	r4, [r5, #8]
 3484 012a EC60     		str	r4, [r5, #12]
 3485 012c 2C61     		str	r4, [r5, #16]
 161:Service/Srv_DataHub.c ****     Altitude_hub_DataPipe.data_size = DataPipe_DataSize(Hub_Alt);
 3486              		.loc 1 161 5 view .LVU1153
 161:Service/Srv_DataHub.c ****     Altitude_hub_DataPipe.data_size = DataPipe_DataSize(Hub_Alt);
 3487              		.loc 1 161 37 is_stmt 0 view .LVU1154
 3488 012e 2D4B     		ldr	r3, .L293+68
 3489 0130 C3F80D20 		str	r2, [r3, #13]	@ unaligned
 162:Service/Srv_DataHub.c ****     Altitude_hub_DataPipe.trans_finish_cb = To_Pipe_TransFinish_Callback(SrvDatHub_Alt_DataPipe_Fin
 3490              		.loc 1 162 5 is_stmt 1 view .LVU1155
 162:Service/Srv_DataHub.c ****     Altitude_hub_DataPipe.trans_finish_cb = To_Pipe_TransFinish_Callback(SrvDatHub_Alt_DataPipe_Fin
 3491              		.loc 1 162 37 is_stmt 0 view .LVU1156
 3492 0134 1022     		movs	r2, #16
 3493 0136 5A74     		strb	r2, [r3, #17]
 3494 0138 9C74     		strb	r4, [r3, #18]
 163:Service/Srv_DataHub.c ****     DataPipe_Enable(&Altitude_hub_DataPipe);
 3495              		.loc 1 163 5 is_stmt 1 view .LVU1157
 163:Service/Srv_DataHub.c ****     DataPipe_Enable(&Altitude_hub_DataPipe);
 3496              		.loc 1 163 43 is_stmt 0 view .LVU1158
 3497 013a 2B4A     		ldr	r2, .L293+72
 3498 013c C3F81320 		str	r2, [r3, #19]	@ unaligned
 164:Service/Srv_DataHub.c **** 
 3499              		.loc 1 164 5 is_stmt 1 view .LVU1159
 3500              	.LVL127:
 3501              	.LBB40:
 3502              	.LBI40:
  63:System/DataPipe/DataPipe.h **** {
 3503              		.loc 2 63 13 view .LVU1160
 3504              	.LBB41:
  65:System/DataPipe/DataPipe.h ****         return false;
 3505              		.loc 2 65 5 view .LVU1161
  68:System/DataPipe/DataPipe.h **** 
 3506              		.loc 2 68 5 view .LVU1162
  68:System/DataPipe/DataPipe.h **** 
 3507              		.loc 2 68 17 is_stmt 0 view .LVU1163
 3508 0140 1E73     		strb	r6, [r3, #12]
 3509              		.loc 2 70 5 is_stmt 1 view .LVU1164
 3510              	.LVL128:
 3511              		.loc 2 70 5 is_stmt 0 view .LVU1165
 3512              	.LBE41:
 3513              	.LBE40:
 166:Service/Srv_DataHub.c ****     VCP_Connect_hub_DataPipe.data_addr = (uint32_t)DataPipe_DataObjAddr(Hub_VCP_Attach_State);
 3514              		.loc 1 166 5 is_stmt 1 view .LVU1166
 3515 0142 2C70     		strb	r4, [r5]
 167:Service/Srv_DataHub.c ****     VCP_Connect_hub_DataPipe.data_size = DataPipe_DataSize(Hub_VCP_Attach_State);
 3516              		.loc 1 167 5 view .LVU1167
 167:Service/Srv_DataHub.c ****     VCP_Connect_hub_DataPipe.data_size = DataPipe_DataSize(Hub_VCP_Attach_State);
ARM GAS  C:\Users\HUAV\AppData\Local\Temp\cc14JS73.s 			page 93


 3517              		.loc 1 167 40 is_stmt 0 view .LVU1168
 3518 0144 294B     		ldr	r3, .L293+76
 3519 0146 C3F80D50 		str	r5, [r3, #13]	@ unaligned
 168:Service/Srv_DataHub.c ****     VCP_Connect_hub_DataPipe.trans_finish_cb = To_Pipe_TransFinish_Callback(SrvDataHub_VCPAttach_da
 3520              		.loc 1 168 5 is_stmt 1 view .LVU1169
 168:Service/Srv_DataHub.c ****     VCP_Connect_hub_DataPipe.trans_finish_cb = To_Pipe_TransFinish_Callback(SrvDataHub_VCPAttach_da
 3521              		.loc 1 168 40 is_stmt 0 view .LVU1170
 3522 014a 5E74     		strb	r6, [r3, #17]
 3523 014c 9C74     		strb	r4, [r3, #18]
 169:Service/Srv_DataHub.c ****     DataPipe_Enable(&VCP_Connect_hub_DataPipe);
 3524              		.loc 1 169 5 is_stmt 1 view .LVU1171
 169:Service/Srv_DataHub.c ****     DataPipe_Enable(&VCP_Connect_hub_DataPipe);
 3525              		.loc 1 169 46 is_stmt 0 view .LVU1172
 3526 014e 284A     		ldr	r2, .L293+80
 3527 0150 C3F81320 		str	r2, [r3, #19]	@ unaligned
 170:Service/Srv_DataHub.c ****     
 3528              		.loc 1 170 5 is_stmt 1 view .LVU1173
 3529              	.LVL129:
 3530              	.LBB42:
 3531              	.LBI42:
  63:System/DataPipe/DataPipe.h **** {
 3532              		.loc 2 63 13 view .LVU1174
 3533              	.LBB43:
  65:System/DataPipe/DataPipe.h ****         return false;
 3534              		.loc 2 65 5 view .LVU1175
  68:System/DataPipe/DataPipe.h **** 
 3535              		.loc 2 68 5 view .LVU1176
  68:System/DataPipe/DataPipe.h **** 
 3536              		.loc 2 68 17 is_stmt 0 view .LVU1177
 3537 0154 1E73     		strb	r6, [r3, #12]
 3538              		.loc 2 70 5 is_stmt 1 view .LVU1178
 3539              	.LVL130:
 3540              		.loc 2 70 5 is_stmt 0 view .LVU1179
 3541              	.LBE43:
 3542              	.LBE42:
 172:Service/Srv_DataHub.c ****     CtlData_hub_DataPipe.data_addr = (uint32_t)DataPipe_DataObjAddr(Hub_Cnv_CtlData);
 3543              		.loc 1 172 5 is_stmt 1 view .LVU1180
 3544 0156 05F58C73 		add	r3, r5, #280
 3545 015a C5F81841 		str	r4, [r5, #280]
 3546 015e C5F81C41 		str	r4, [r5, #284]
 3547 0162 C5F82041 		str	r4, [r5, #288]
 3548 0166 C5F82441 		str	r4, [r5, #292]
 3549 016a C5F82841 		str	r4, [r5, #296]
 3550 016e C5F82C41 		str	r4, [r5, #300]
 3551 0172 C5F83041 		str	r4, [r5, #304]
 173:Service/Srv_DataHub.c ****     CtlData_hub_DataPipe.data_size = DataPipe_DataSize(Hub_Cnv_CtlData);
 3552              		.loc 1 173 5 view .LVU1181
 173:Service/Srv_DataHub.c ****     CtlData_hub_DataPipe.data_size = DataPipe_DataSize(Hub_Cnv_CtlData);
 3553              		.loc 1 173 36 is_stmt 0 view .LVU1182
 3554 0176 1F4A     		ldr	r2, .L293+84
 3555 0178 C2F80D30 		str	r3, [r2, #13]	@ unaligned
 174:Service/Srv_DataHub.c ****     CtlData_hub_DataPipe.trans_finish_cb = To_Pipe_TransFinish_Callback(SrvDataHub_PipeConvertContr
 3556              		.loc 1 174 5 is_stmt 1 view .LVU1183
 174:Service/Srv_DataHub.c ****     CtlData_hub_DataPipe.trans_finish_cb = To_Pipe_TransFinish_Callback(SrvDataHub_PipeConvertContr
 3557              		.loc 1 174 36 is_stmt 0 view .LVU1184
 3558 017c 5174     		strb	r1, [r2, #17]
 3559 017e 9474     		strb	r4, [r2, #18]
ARM GAS  C:\Users\HUAV\AppData\Local\Temp\cc14JS73.s 			page 94


 175:Service/Srv_DataHub.c ****     DataPipe_Enable(&CtlData_hub_DataPipe);
 3560              		.loc 1 175 5 is_stmt 1 view .LVU1185
 175:Service/Srv_DataHub.c ****     DataPipe_Enable(&CtlData_hub_DataPipe);
 3561              		.loc 1 175 42 is_stmt 0 view .LVU1186
 3562 0180 1D4B     		ldr	r3, .L293+88
 3563 0182 C2F81330 		str	r3, [r2, #19]	@ unaligned
 176:Service/Srv_DataHub.c **** 
 3564              		.loc 1 176 5 is_stmt 1 view .LVU1187
 3565              	.LVL131:
 3566              	.LBB44:
 3567              	.LBI44:
  63:System/DataPipe/DataPipe.h **** {
 3568              		.loc 2 63 13 view .LVU1188
 3569              	.LBB45:
  65:System/DataPipe/DataPipe.h ****         return false;
 3570              		.loc 2 65 5 view .LVU1189
  68:System/DataPipe/DataPipe.h **** 
 3571              		.loc 2 68 5 view .LVU1190
  68:System/DataPipe/DataPipe.h **** 
 3572              		.loc 2 68 17 is_stmt 0 view .LVU1191
 3573 0186 1673     		strb	r6, [r2, #12]
 3574              		.loc 2 70 5 is_stmt 1 view .LVU1192
 3575              	.LVL132:
 3576              		.loc 2 70 5 is_stmt 0 view .LVU1193
 3577              	.LBE45:
 3578              	.LBE44:
 178:Service/Srv_DataHub.c ****     SrvDataHub_Monitor.init_state = true;
 3579              		.loc 1 178 5 is_stmt 1 view .LVU1194
 3580 0188 4246     		mov	r2, r8
 3581 018a 2146     		mov	r1, r4
 3582 018c 3846     		mov	r0, r7
 3583 018e FFF7FEFF 		bl	memset
 3584              	.LVL133:
 179:Service/Srv_DataHub.c ****     SrvDataHub_Monitor.data.failsafe = true;
 3585              		.loc 1 179 5 view .LVU1195
 179:Service/Srv_DataHub.c ****     SrvDataHub_Monitor.data.failsafe = true;
 3586              		.loc 1 179 35 is_stmt 0 view .LVU1196
 3587 0192 3E70     		strb	r6, [r7]
 180:Service/Srv_DataHub.c ****     SrvDataHub_Monitor.data.arm = DRONE_ARM;
 3588              		.loc 1 180 5 is_stmt 1 view .LVU1197
 180:Service/Srv_DataHub.c ****     SrvDataHub_Monitor.data.arm = DRONE_ARM;
 3589              		.loc 1 180 38 is_stmt 0 view .LVU1198
 3590 0194 87F84961 		strb	r6, [r7, #329]
 181:Service/Srv_DataHub.c **** }
 3591              		.loc 1 181 5 is_stmt 1 view .LVU1199
 181:Service/Srv_DataHub.c **** }
 3592              		.loc 1 181 33 is_stmt 0 view .LVU1200
 3593 0198 87F84861 		strb	r6, [r7, #328]
 182:Service/Srv_DataHub.c **** 
 3594              		.loc 1 182 1 view .LVU1201
 3595 019c BDE8F087 		pop	{r4, r5, r6, r7, r8, r9, r10, pc}
 3596              	.L294:
 3597              		.align	2
 3598              	.L293:
 3599 01a0 00000000 		.word	.LANCHOR0
 3600 01a4 00000000 		.word	.LANCHOR1
 3601 01a8 00000000 		.word	IMU_hub_DataPipe
ARM GAS  C:\Users\HUAV\AppData\Local\Temp\cc14JS73.s 			page 95


 3602 01ac 00000000 		.word	SrvDataHub_IMU_DataPipe_Finish_Callback
 3603 01b0 00000000 		.word	IMU_PriRange_hub_DataPipe
 3604 01b4 00000000 		.word	SrvDataHub_IMU_Range_DataPipe_Finish_Callback
 3605 01b8 00000000 		.word	Receiver_hub_DataPipe
 3606 01bc 00000000 		.word	SrvDataHub_PipeRcTelemtryDataFinish_Callback
 3607 01c0 00000000 		.word	SensorEnableState_hub_DataPipe
 3608 01c4 00000000 		.word	SrvDataHub_SensorState_DataPipe_Finish_Callback
 3609 01c8 00000000 		.word	SensorInitState_hub_DataPipe
 3610 01cc 00000000 		.word	Actuator_hub_DataPipe
 3611 01d0 00000000 		.word	SrvDataHub_Actuator_DataPipe_Finish_Callback
 3612 01d4 00000000 		.word	Attitude_hub_DataPipe
 3613 01d8 00000000 		.word	SrvDataHub_Attitude_DataPipe_Finish_Callback
 3614 01dc 00000000 		.word	Baro_hub_DataPipe
 3615 01e0 00000000 		.word	SrvDataHub_Baro_DataPipe_Finish_Callback
 3616 01e4 00000000 		.word	Altitude_hub_DataPipe
 3617 01e8 00000000 		.word	SrvDatHub_Alt_DataPipe_Finish_Callback
 3618 01ec 00000000 		.word	VCP_Connect_hub_DataPipe
 3619 01f0 00000000 		.word	SrvDataHub_VCPAttach_dataPipe_Finish_Callback
 3620 01f4 00000000 		.word	CtlData_hub_DataPipe
 3621 01f8 00000000 		.word	SrvDataHub_PipeConvertControlDataFinish_Callback
 3622              		.cfi_endproc
 3623              	.LFE148:
 3625              		.section	.text.SrvDataHub_Actuator_DataPipe_Finish_Callback,"ax",%progbits
 3626              		.align	1
 3627              		.syntax unified
 3628              		.thumb
 3629              		.thumb_func
 3631              	SrvDataHub_Actuator_DataPipe_Finish_Callback:
 3632              	.LVL134:
 3633              	.LFB153:
 261:Service/Srv_DataHub.c ****     if (obj == &Actuator_hub_DataPipe)
 3634              		.loc 1 261 1 is_stmt 1 view -0
 3635              		.cfi_startproc
 3636              		@ args = 0, pretend = 0, frame = 0
 3637              		@ frame_needed = 0, uses_anonymous_args = 0
 262:Service/Srv_DataHub.c ****     {
 3638              		.loc 1 262 5 view .LVU1203
 262:Service/Srv_DataHub.c ****     {
 3639              		.loc 1 262 8 is_stmt 0 view .LVU1204
 3640 0000 2D4B     		ldr	r3, .L307
 3641 0002 8342     		cmp	r3, r0
 3642 0004 00D0     		beq	.L306
 3643 0006 7047     		bx	lr
 3644              	.L306:
 261:Service/Srv_DataHub.c ****     if (obj == &Actuator_hub_DataPipe)
 3645              		.loc 1 261 1 view .LVU1205
 3646 0008 00B5     		push	{lr}
 3647              	.LCFI20:
 3648              		.cfi_def_cfa_offset 4
 3649              		.cfi_offset 14, -4
 264:Service/Srv_DataHub.c **** 
 3650              		.loc 1 264 9 is_stmt 1 view .LVU1206
 264:Service/Srv_DataHub.c **** 
 3651              		.loc 1 264 52 is_stmt 0 view .LVU1207
 3652 000a 2C4B     		ldr	r3, .L307+4
 3653 000c 9A7C     		ldrb	r2, [r3, #18]	@ zero_extendqisi2
 3654 000e 42F00802 		orr	r2, r2, #8
ARM GAS  C:\Users\HUAV\AppData\Local\Temp\cc14JS73.s 			page 96


 3655 0012 9A74     		strb	r2, [r3, #18]
 266:Service/Srv_DataHub.c ****             SrvDataHub_Monitor.inuse_reg.bit.actuator = false;
 3656              		.loc 1 266 9 is_stmt 1 view .LVU1208
 266:Service/Srv_DataHub.c ****             SrvDataHub_Monitor.inuse_reg.bit.actuator = false;
 3657              		.loc 1 266 13 is_stmt 0 view .LVU1209
 3658 0014 9B7A     		ldrb	r3, [r3, #10]	@ zero_extendqisi2
 266:Service/Srv_DataHub.c ****             SrvDataHub_Monitor.inuse_reg.bit.actuator = false;
 3659              		.loc 1 266 12 view .LVU1210
 3660 0016 13F0080F 		tst	r3, #8
 3661 001a 04D0     		beq	.L297
 267:Service/Srv_DataHub.c **** 
 3662              		.loc 1 267 13 is_stmt 1 view .LVU1211
 267:Service/Srv_DataHub.c **** 
 3663              		.loc 1 267 55 is_stmt 0 view .LVU1212
 3664 001c 274B     		ldr	r3, .L307+4
 3665 001e 9A7A     		ldrb	r2, [r3, #10]	@ zero_extendqisi2
 3666 0020 6FF3C302 		bfc	r2, #3, #1
 3667 0024 9A72     		strb	r2, [r3, #10]
 3668              	.L297:
 269:Service/Srv_DataHub.c ****         SrvDataHub_Monitor.data.moto_num = DataPipe_DataObj(Hub_Actuator).moto_cnt;
 3669              		.loc 1 269 9 is_stmt 1 view .LVU1213
 269:Service/Srv_DataHub.c ****         SrvDataHub_Monitor.data.moto_num = DataPipe_DataObj(Hub_Actuator).moto_cnt;
 3670              		.loc 1 269 86 is_stmt 0 view .LVU1214
 3671 0026 264B     		ldr	r3, .L307+8
 3672 0028 D3F83411 		ldr	r1, [r3, #308]
 269:Service/Srv_DataHub.c ****         SrvDataHub_Monitor.data.moto_num = DataPipe_DataObj(Hub_Actuator).moto_cnt;
 3673              		.loc 1 269 54 view .LVU1215
 3674 002c 234A     		ldr	r2, .L307+4
 3675 002e C2F8B011 		str	r1, [r2, #432]
 270:Service/Srv_DataHub.c ****         SrvDataHub_Monitor.data.servo_num = DataPipe_DataObj(Hub_Actuator).servo_cnt;
 3676              		.loc 1 270 9 is_stmt 1 view .LVU1216
 270:Service/Srv_DataHub.c ****         SrvDataHub_Monitor.data.servo_num = DataPipe_DataObj(Hub_Actuator).servo_cnt;
 3677              		.loc 1 270 74 is_stmt 0 view .LVU1217
 3678 0032 93F838E1 		ldrb	lr, [r3, #312]	@ zero_extendqisi2
 270:Service/Srv_DataHub.c ****         SrvDataHub_Monitor.data.servo_num = DataPipe_DataObj(Hub_Actuator).servo_cnt;
 3679              		.loc 1 270 42 view .LVU1218
 3680 0036 82F8B4E1 		strb	lr, [r2, #436]
 271:Service/Srv_DataHub.c **** 
 3681              		.loc 1 271 9 is_stmt 1 view .LVU1219
 271:Service/Srv_DataHub.c **** 
 3682              		.loc 1 271 75 is_stmt 0 view .LVU1220
 3683 003a 93F83911 		ldrb	r1, [r3, #313]	@ zero_extendqisi2
 271:Service/Srv_DataHub.c **** 
 3684              		.loc 1 271 43 view .LVU1221
 3685 003e 82F8B511 		strb	r1, [r2, #437]
 273:Service/Srv_DataHub.c ****         memset(SrvDataHub_Monitor.data.servo, 0, sizeof(SrvDataHub_Monitor.data.servo));
 3686              		.loc 1 273 9 is_stmt 1 view .LVU1222
 3687 0042 0023     		movs	r3, #0
 3688 0044 C2F8B631 		str	r3, [r2, #438]	@ unaligned
 3689 0048 C2F8BA31 		str	r3, [r2, #442]	@ unaligned
 3690 004c C2F8BE31 		str	r3, [r2, #446]	@ unaligned
 3691 0050 C2F8C231 		str	r3, [r2, #450]	@ unaligned
 274:Service/Srv_DataHub.c **** 
 3692              		.loc 1 274 9 view .LVU1223
 3693 0054 C2F8C631 		str	r3, [r2, #454]	@ unaligned
 3694 0058 C2F8CA31 		str	r3, [r2, #458]	@ unaligned
 3695 005c C2F8CE31 		str	r3, [r2, #462]	@ unaligned
ARM GAS  C:\Users\HUAV\AppData\Local\Temp\cc14JS73.s 			page 97


 3696 0060 C2F8D231 		str	r3, [r2, #466]	@ unaligned
 276:Service/Srv_DataHub.c ****         {
 3697              		.loc 1 276 9 view .LVU1224
 3698              	.LBB46:
 276:Service/Srv_DataHub.c ****         {
 3699              		.loc 1 276 14 view .LVU1225
 3700              	.LVL135:
 276:Service/Srv_DataHub.c ****         {
 3701              		.loc 1 276 9 is_stmt 0 view .LVU1226
 3702 0064 0CE0     		b	.L298
 3703              	.LVL136:
 3704              	.L299:
 278:Service/Srv_DataHub.c ****         }
 3705              		.loc 1 278 13 is_stmt 1 discriminator 3 view .LVU1227
 278:Service/Srv_DataHub.c ****         }
 3706              		.loc 1 278 87 is_stmt 0 discriminator 3 view .LVU1228
 3707 0066 164A     		ldr	r2, .L307+8
 3708 0068 02EB4302 		add	r2, r2, r3, lsl #1
 3709 006c B2F93A01 		ldrsh	r0, [r2, #314]
 278:Service/Srv_DataHub.c ****         }
 3710              		.loc 1 278 50 discriminator 3 view .LVU1229
 3711 0070 03F1D80C 		add	ip, r3, #216
 3712 0074 114A     		ldr	r2, .L307+4
 3713 0076 02EB4C02 		add	r2, r2, ip, lsl #1
 3714 007a D080     		strh	r0, [r2, #6]	@ movhi
 276:Service/Srv_DataHub.c ****         {
 3715              		.loc 1 276 77 is_stmt 1 discriminator 3 view .LVU1230
 276:Service/Srv_DataHub.c ****         {
 3716              		.loc 1 276 83 is_stmt 0 discriminator 3 view .LVU1231
 3717 007c 0133     		adds	r3, r3, #1
 3718              	.LVL137:
 276:Service/Srv_DataHub.c ****         {
 3719              		.loc 1 276 83 discriminator 3 view .LVU1232
 3720 007e DBB2     		uxtb	r3, r3
 3721              	.LVL138:
 3722              	.L298:
 276:Service/Srv_DataHub.c ****         {
 3723              		.loc 1 276 34 is_stmt 1 discriminator 1 view .LVU1233
 276:Service/Srv_DataHub.c ****         {
 3724              		.loc 1 276 9 is_stmt 0 discriminator 1 view .LVU1234
 3725 0080 9E45     		cmp	lr, r3
 3726 0082 F0D8     		bhi	.L299
 3727              	.LBE46:
 3728              	.LBB47:
 281:Service/Srv_DataHub.c ****         {
 3729              		.loc 1 281 22 view .LVU1235
 3730 0084 0023     		movs	r3, #0
 3731              	.LVL139:
 281:Service/Srv_DataHub.c ****         {
 3732              		.loc 1 281 22 view .LVU1236
 3733 0086 0EE0     		b	.L300
 3734              	.LVL140:
 3735              	.L301:
 283:Service/Srv_DataHub.c ****         }
 3736              		.loc 1 283 13 is_stmt 1 discriminator 3 view .LVU1237
 283:Service/Srv_DataHub.c ****         }
 3737              		.loc 1 283 90 is_stmt 0 discriminator 3 view .LVU1238
ARM GAS  C:\Users\HUAV\AppData\Local\Temp\cc14JS73.s 			page 98


 3738 0088 03F10800 		add	r0, r3, #8
 3739 008c 0C4A     		ldr	r2, .L307+8
 3740 008e 02EB4002 		add	r2, r2, r0, lsl #1
 3741 0092 B2F93A01 		ldrsh	r0, [r2, #314]
 283:Service/Srv_DataHub.c ****         }
 3742              		.loc 1 283 52 discriminator 3 view .LVU1239
 3743 0096 03F1E00C 		add	ip, r3, #224
 3744 009a 084A     		ldr	r2, .L307+4
 3745 009c 02EB4C02 		add	r2, r2, ip, lsl #1
 3746 00a0 D080     		strh	r0, [r2, #6]	@ movhi
 281:Service/Srv_DataHub.c ****         {
 3747              		.loc 1 281 80 is_stmt 1 discriminator 3 view .LVU1240
 281:Service/Srv_DataHub.c ****         {
 3748              		.loc 1 281 87 is_stmt 0 discriminator 3 view .LVU1241
 3749 00a2 0133     		adds	r3, r3, #1
 3750              	.LVL141:
 281:Service/Srv_DataHub.c ****         {
 3751              		.loc 1 281 87 discriminator 3 view .LVU1242
 3752 00a4 DBB2     		uxtb	r3, r3
 3753              	.LVL142:
 3754              	.L300:
 281:Service/Srv_DataHub.c ****         {
 3755              		.loc 1 281 35 is_stmt 1 discriminator 1 view .LVU1243
 281:Service/Srv_DataHub.c ****         {
 3756              		.loc 1 281 9 is_stmt 0 discriminator 1 view .LVU1244
 3757 00a6 9942     		cmp	r1, r3
 3758 00a8 EED8     		bhi	.L301
 3759              	.LBE47:
 286:Service/Srv_DataHub.c ****     }
 3760              		.loc 1 286 9 is_stmt 1 view .LVU1245
 286:Service/Srv_DataHub.c ****     }
 3761              		.loc 1 286 52 is_stmt 0 view .LVU1246
 3762 00aa 044B     		ldr	r3, .L307+4
 3763              	.LVL143:
 286:Service/Srv_DataHub.c ****     }
 3764              		.loc 1 286 52 view .LVU1247
 3765 00ac 9A7C     		ldrb	r2, [r3, #18]	@ zero_extendqisi2
 3766 00ae 6FF3C302 		bfc	r2, #3, #1
 3767 00b2 9A74     		strb	r2, [r3, #18]
 288:Service/Srv_DataHub.c **** 
 3768              		.loc 1 288 1 view .LVU1248
 3769 00b4 5DF804FB 		ldr	pc, [sp], #4
 3770              	.L308:
 3771              		.align	2
 3772              	.L307:
 3773 00b8 00000000 		.word	Actuator_hub_DataPipe
 3774 00bc 00000000 		.word	.LANCHOR0
 3775 00c0 00000000 		.word	.LANCHOR1
 3776              		.cfi_endproc
 3777              	.LFE153:
 3779              		.global	SrvDataHub
 3780              		.global	SrvDataHub_Monitor
 3781              		.section	.Perph_Section,"aw"
 3782              		.align	2
 3783              		.set	.LANCHOR1,. + 0
 3786              	Hub_VCP_Attach_State_PipeDataObj:
 3787 0000 00       		.space	1
ARM GAS  C:\Users\HUAV\AppData\Local\Temp\cc14JS73.s 			page 99


 3788 0001 000000   		.space	3
 3791              	Hub_Alt_PipeDataObj:
 3792 0004 00000000 		.space	16
 3792      00000000 
 3792      00000000 
 3792      00000000 
 3795              	Hub_Baro_Data_PipeDataObj:
 3796 0014 00000000 		.space	28
 3796      00000000 
 3796      00000000 
 3796      00000000 
 3796      00000000 
 3799              	Hub_Attitude_PipeDataObj:
 3800 0030 00000000 		.space	34
 3800      00000000 
 3800      00000000 
 3800      00000000 
 3800      00000000 
 3801 0052 0000     		.space	2
 3804              	Hub_PriIMU_Range_PipeDataObj:
 3805 0054 00000000 		.space	4
 3808              	PtlIMU_Data_PipeDataObj:
 3809 0058 00000000 		.space	84
 3809      00000000 
 3809      00000000 
 3809      00000000 
 3809      00000000 
 3812              	Sensor_Enable_PipeDataObj:
 3813 00ac 00000000 		.space	4
 3816              	Sensor_Init_PipeDataObj:
 3817 00b0 00000000 		.space	4
 3820              	Hub_Telemetry_Rc_PipeDataObj:
 3821 00b4 00000000 		.space	100
 3821      00000000 
 3821      00000000 
 3821      00000000 
 3821      00000000 
 3824              	Hub_Cnv_CtlData_PipeDataObj:
 3825 0118 00000000 		.space	28
 3825      00000000 
 3825      00000000 
 3825      00000000 
 3825      00000000 
 3828              	Hub_Actuator_PipeDataObj:
 3829 0134 00000000 		.space	40
 3829      00000000 
 3829      00000000 
 3829      00000000 
 3829      00000000 
 3830              		.section	.bss.SrvDataHub_Monitor,"aw",%nobits
 3831              		.align	3
 3832              		.set	.LANCHOR0,. + 0
 3835              	SrvDataHub_Monitor:
 3836 0000 00000000 		.space	488
 3836      00000000 
 3836      00000000 
 3836      00000000 
ARM GAS  C:\Users\HUAV\AppData\Local\Temp\cc14JS73.s 			page 100


 3836      00000000 
 3837              		.section	.data.SrvDataHub,"aw"
 3838              		.align	2
 3841              	SrvDataHub:
 3842 0000 00000000 		.word	SrvDataHub_Init
 3843 0004 00000000 		.space	4
 3844 0008 00000000 		.word	SrvDataHub_Set_CLI_State
 3845 000c 00000000 		.word	SrvDataHub_Set_Upgrade_State
 3846 0010 00000000 		.word	SrvDataHub_Get_Upgrade_State
 3847 0014 00000000 		.word	SrvDataHub_Get_CLI_State
 3848 0018 00000000 		.word	SrvDataHub_Get_VCPAttach_State
 3849 001c 00000000 		.word	SrvDataHub_Get_IMU_InitState
 3850 0020 00000000 		.word	SrvDataHub_Get_PriIMU_Range
 3851 0024 00000000 		.word	SrvDataHub_Get_SecIMU_Range
 3852 0028 00000000 		.word	SrvDataHub_Get_Bar_InitState
 3853 002c 00000000 		.word	SrvDataHub_Get_Mag_InitState
 3854 0030 00000000 		.word	SrvDataHub_Get_RelativeAlt
 3855 0034 00000000 		.word	SrvDataHub_Get_Raw_IMU
 3856 0038 00000000 		.word	SrvDataHub_Get_Scaled_IMU
 3857 003c 00000000 		.word	SrvDataHub_Get_Raw_Mag
 3858 0040 00000000 		.word	SrvDataHub_Get_Scaled_Mag
 3859 0044 00000000 		.word	SrvDataHub_Get_Attitude
 3860 0048 00000000 		.word	SrvDataHub_Get_Telemetry_ControlData
 3861 004c 00000000 		.word	SrvDataHub_Get_Convert_ControlData
 3862 0050 00000000 		.word	SrvDataHub_Get_Scaled_Baro
 3863 0054 00000000 		.word	SrvDataHub_Get_Arm
 3864 0058 00000000 		.word	SrvDataHub_Get_Failsafe
 3865 005c 00000000 		.word	SrvDataHub_Get_MotoChannel
 3866 0060 00000000 		.word	SrvDataHub_Get_ServoChannel
 3867              		.text
 3868              	.Letext0:
 3869              		.file 3 "d:\\hpm-compile-tool\\gcc-arm-none-eabi-10.3-win\\arm-none-eabi\\include\\machine\\_defau
 3870              		.file 4 "d:\\hpm-compile-tool\\gcc-arm-none-eabi-10.3-win\\arm-none-eabi\\include\\sys\\_stdint.h"
 3871              		.file 5 "d:\\hpm-compile-tool\\gcc-arm-none-eabi-10.3-win\\lib\\gcc\\arm-none-eabi\\10.3.1\\includ
 3872              		.file 6 "common/gen_physic_def/pos_data.h"
 3873              		.file 7 "HW_Lib/AT32F435/drivers/inc/at32f435_437_tmr.h"
 3874              		.file 8 "Device/Dev_Dshot.h"
 3875              		.file 9 "common/Error_Log/../../common/gen_physic_def/imu_data.h"
 3876              		.file 10 "Service/Srv_Actuator.h"
 3877              		.file 11 "System/FreeRTOS/include/portable.h"
 3878              		.file 12 "Service/Srv_OsCommon.h"
 3879              		.file 13 "Service/Srv_IMUSample.h"
 3880              		.file 14 "Service/control_data.h"
 3881              		.file 15 "Service/Srv_Baro.h"
 3882              		.file 16 "Service/Srv_SensorMonitor.h"
 3883              		.file 17 "Service/Srv_DataHub.h"
 3884              		.file 18 "<built-in>"
ARM GAS  C:\Users\HUAV\AppData\Local\Temp\cc14JS73.s 			page 101


DEFINED SYMBOLS
                            *ABS*:00000000 Srv_DataHub.c
C:\Users\HUAV\AppData\Local\Temp\cc14JS73.s:20     .text.SrvDataHub_VCPAttach_dataPipe_Finish_Callback:00000000 $t
C:\Users\HUAV\AppData\Local\Temp\cc14JS73.s:25     .text.SrvDataHub_VCPAttach_dataPipe_Finish_Callback:00000000 SrvDataHub_VCPAttach_dataPipe_Finish_Callback
C:\Users\HUAV\AppData\Local\Temp\cc14JS73.s:78     .text.SrvDataHub_VCPAttach_dataPipe_Finish_Callback:00000038 $d
C:\Users\HUAV\AppData\Local\Temp\cc14JS73.s:85     .text.SrvDatHub_Alt_DataPipe_Finish_Callback:00000000 $t
C:\Users\HUAV\AppData\Local\Temp\cc14JS73.s:90     .text.SrvDatHub_Alt_DataPipe_Finish_Callback:00000000 SrvDatHub_Alt_DataPipe_Finish_Callback
C:\Users\HUAV\AppData\Local\Temp\cc14JS73.s:153    .text.SrvDatHub_Alt_DataPipe_Finish_Callback:00000044 $d
C:\Users\HUAV\AppData\Local\Temp\cc14JS73.s:160    .text.SrvDataHub_Baro_DataPipe_Finish_Callback:00000000 $t
C:\Users\HUAV\AppData\Local\Temp\cc14JS73.s:165    .text.SrvDataHub_Baro_DataPipe_Finish_Callback:00000000 SrvDataHub_Baro_DataPipe_Finish_Callback
C:\Users\HUAV\AppData\Local\Temp\cc14JS73.s:243    .text.SrvDataHub_Baro_DataPipe_Finish_Callback:00000058 $d
C:\Users\HUAV\AppData\Local\Temp\cc14JS73.s:250    .text.SrvDataHub_Attitude_DataPipe_Finish_Callback:00000000 $t
C:\Users\HUAV\AppData\Local\Temp\cc14JS73.s:255    .text.SrvDataHub_Attitude_DataPipe_Finish_Callback:00000000 SrvDataHub_Attitude_DataPipe_Finish_Callback
C:\Users\HUAV\AppData\Local\Temp\cc14JS73.s:353    .text.SrvDataHub_Attitude_DataPipe_Finish_Callback:00000074 $d
C:\Users\HUAV\AppData\Local\Temp\cc14JS73.s:360    .text.SrvDataHub_IMU_Range_DataPipe_Finish_Callback:00000000 $t
C:\Users\HUAV\AppData\Local\Temp\cc14JS73.s:365    .text.SrvDataHub_IMU_Range_DataPipe_Finish_Callback:00000000 SrvDataHub_IMU_Range_DataPipe_Finish_Callback
C:\Users\HUAV\AppData\Local\Temp\cc14JS73.s:423    .text.SrvDataHub_IMU_Range_DataPipe_Finish_Callback:00000040 $d
C:\Users\HUAV\AppData\Local\Temp\cc14JS73.s:430    .text.SrvDataHub_IMU_DataPipe_Finish_Callback:00000000 $t
C:\Users\HUAV\AppData\Local\Temp\cc14JS73.s:435    .text.SrvDataHub_IMU_DataPipe_Finish_Callback:00000000 SrvDataHub_IMU_DataPipe_Finish_Callback
C:\Users\HUAV\AppData\Local\Temp\cc14JS73.s:580    .text.SrvDataHub_IMU_DataPipe_Finish_Callback:0000009c $d
C:\Users\HUAV\AppData\Local\Temp\cc14JS73.s:587    .text.SrvDataHub_SensorState_DataPipe_Finish_Callback:00000000 $t
C:\Users\HUAV\AppData\Local\Temp\cc14JS73.s:592    .text.SrvDataHub_SensorState_DataPipe_Finish_Callback:00000000 SrvDataHub_SensorState_DataPipe_Finish_Callback
C:\Users\HUAV\AppData\Local\Temp\cc14JS73.s:761    .text.SrvDataHub_SensorState_DataPipe_Finish_Callback:000000f0 $d
C:\Users\HUAV\AppData\Local\Temp\cc14JS73.s:769    .text.SrvDataHub_PipeRcTelemtryDataFinish_Callback:00000000 $t
C:\Users\HUAV\AppData\Local\Temp\cc14JS73.s:774    .text.SrvDataHub_PipeRcTelemtryDataFinish_Callback:00000000 SrvDataHub_PipeRcTelemtryDataFinish_Callback
C:\Users\HUAV\AppData\Local\Temp\cc14JS73.s:842    .text.SrvDataHub_PipeRcTelemtryDataFinish_Callback:00000048 $d
C:\Users\HUAV\AppData\Local\Temp\cc14JS73.s:849    .text.SrvDataHub_PipeConvertControlDataFinish_Callback:00000000 $t
C:\Users\HUAV\AppData\Local\Temp\cc14JS73.s:854    .text.SrvDataHub_PipeConvertControlDataFinish_Callback:00000000 SrvDataHub_PipeConvertControlDataFinish_Callback
C:\Users\HUAV\AppData\Local\Temp\cc14JS73.s:970    .text.SrvDataHub_PipeConvertControlDataFinish_Callback:00000090 $d
C:\Users\HUAV\AppData\Local\Temp\cc14JS73.s:978    .text.SrvDataHub_Get_PriIMU_Range:00000000 $t
C:\Users\HUAV\AppData\Local\Temp\cc14JS73.s:983    .text.SrvDataHub_Get_PriIMU_Range:00000000 SrvDataHub_Get_PriIMU_Range
C:\Users\HUAV\AppData\Local\Temp\cc14JS73.s:1049   .text.SrvDataHub_Get_PriIMU_Range:0000003c $d
C:\Users\HUAV\AppData\Local\Temp\cc14JS73.s:1054   .text.SrvDataHub_Get_SecIMU_Range:00000000 $t
C:\Users\HUAV\AppData\Local\Temp\cc14JS73.s:1059   .text.SrvDataHub_Get_SecIMU_Range:00000000 SrvDataHub_Get_SecIMU_Range
C:\Users\HUAV\AppData\Local\Temp\cc14JS73.s:1094   .text.SrvDataHub_Get_SecIMU_Range:00000018 $d
C:\Users\HUAV\AppData\Local\Temp\cc14JS73.s:1099   .text.SrvDataHub_Get_Raw_IMU:00000000 $t
C:\Users\HUAV\AppData\Local\Temp\cc14JS73.s:1104   .text.SrvDataHub_Get_Raw_IMU:00000000 SrvDataHub_Get_Raw_IMU
C:\Users\HUAV\AppData\Local\Temp\cc14JS73.s:1282   .text.SrvDataHub_Get_Raw_IMU:000000f0 $d
C:\Users\HUAV\AppData\Local\Temp\cc14JS73.s:1287   .text.SrvDataHub_Get_Scaled_IMU:00000000 $t
C:\Users\HUAV\AppData\Local\Temp\cc14JS73.s:1292   .text.SrvDataHub_Get_Scaled_IMU:00000000 SrvDataHub_Get_Scaled_IMU
C:\Users\HUAV\AppData\Local\Temp\cc14JS73.s:1470   .text.SrvDataHub_Get_Scaled_IMU:000000f0 $d
C:\Users\HUAV\AppData\Local\Temp\cc14JS73.s:1475   .text.SrvDataHub_Get_Raw_Mag:00000000 $t
C:\Users\HUAV\AppData\Local\Temp\cc14JS73.s:1480   .text.SrvDataHub_Get_Raw_Mag:00000000 SrvDataHub_Get_Raw_Mag
C:\Users\HUAV\AppData\Local\Temp\cc14JS73.s:1602   .text.SrvDataHub_Get_Raw_Mag:0000006c $d
C:\Users\HUAV\AppData\Local\Temp\cc14JS73.s:1607   .text.SrvDataHub_Get_Scaled_Baro:00000000 $t
C:\Users\HUAV\AppData\Local\Temp\cc14JS73.s:1612   .text.SrvDataHub_Get_Scaled_Baro:00000000 SrvDataHub_Get_Scaled_Baro
C:\Users\HUAV\AppData\Local\Temp\cc14JS73.s:1734   .text.SrvDataHub_Get_Scaled_Baro:00000070 $d
C:\Users\HUAV\AppData\Local\Temp\cc14JS73.s:1739   .text.SrvDataHub_Get_RelativeAlt:00000000 $t
C:\Users\HUAV\AppData\Local\Temp\cc14JS73.s:1744   .text.SrvDataHub_Get_RelativeAlt:00000000 SrvDataHub_Get_RelativeAlt
C:\Users\HUAV\AppData\Local\Temp\cc14JS73.s:1827   .text.SrvDataHub_Get_RelativeAlt:0000004c $d
C:\Users\HUAV\AppData\Local\Temp\cc14JS73.s:1832   .text.SrvDataHub_Get_Scaled_Mag:00000000 $t
C:\Users\HUAV\AppData\Local\Temp\cc14JS73.s:1837   .text.SrvDataHub_Get_Scaled_Mag:00000000 SrvDataHub_Get_Scaled_Mag
C:\Users\HUAV\AppData\Local\Temp\cc14JS73.s:1959   .text.SrvDataHub_Get_Scaled_Mag:00000064 $d
C:\Users\HUAV\AppData\Local\Temp\cc14JS73.s:1964   .text.SrvDataHub_Get_Attitude:00000000 $t
C:\Users\HUAV\AppData\Local\Temp\cc14JS73.s:1969   .text.SrvDataHub_Get_Attitude:00000000 SrvDataHub_Get_Attitude
C:\Users\HUAV\AppData\Local\Temp\cc14JS73.s:2122   .text.SrvDataHub_Get_Attitude:000000a4 $d
C:\Users\HUAV\AppData\Local\Temp\cc14JS73.s:2127   .text.SrvDataHub_Get_Arm:00000000 $t
ARM GAS  C:\Users\HUAV\AppData\Local\Temp\cc14JS73.s 			page 102


C:\Users\HUAV\AppData\Local\Temp\cc14JS73.s:2132   .text.SrvDataHub_Get_Arm:00000000 SrvDataHub_Get_Arm
C:\Users\HUAV\AppData\Local\Temp\cc14JS73.s:2184   .text.SrvDataHub_Get_Arm:00000030 $d
C:\Users\HUAV\AppData\Local\Temp\cc14JS73.s:2189   .text.SrvDataHub_Get_Failsafe:00000000 $t
C:\Users\HUAV\AppData\Local\Temp\cc14JS73.s:2194   .text.SrvDataHub_Get_Failsafe:00000000 SrvDataHub_Get_Failsafe
C:\Users\HUAV\AppData\Local\Temp\cc14JS73.s:2245   .text.SrvDataHub_Get_Failsafe:00000030 $d
C:\Users\HUAV\AppData\Local\Temp\cc14JS73.s:2250   .text.SrvDataHub_Get_Convert_ControlData:00000000 $t
C:\Users\HUAV\AppData\Local\Temp\cc14JS73.s:2255   .text.SrvDataHub_Get_Convert_ControlData:00000000 SrvDataHub_Get_Convert_ControlData
C:\Users\HUAV\AppData\Local\Temp\cc14JS73.s:2408   .text.SrvDataHub_Get_Convert_ControlData:000000a4 $d
C:\Users\HUAV\AppData\Local\Temp\cc14JS73.s:2413   .text.SrvDataHub_Get_Telemetry_ControlData:00000000 $t
C:\Users\HUAV\AppData\Local\Temp\cc14JS73.s:2418   .text.SrvDataHub_Get_Telemetry_ControlData:00000000 SrvDataHub_Get_Telemetry_ControlData
C:\Users\HUAV\AppData\Local\Temp\cc14JS73.s:2479   .text.SrvDataHub_Get_Telemetry_ControlData:00000034 $d
C:\Users\HUAV\AppData\Local\Temp\cc14JS73.s:2484   .text.SrvDataHub_Get_IMU_InitState:00000000 $t
C:\Users\HUAV\AppData\Local\Temp\cc14JS73.s:2489   .text.SrvDataHub_Get_IMU_InitState:00000000 SrvDataHub_Get_IMU_InitState
C:\Users\HUAV\AppData\Local\Temp\cc14JS73.s:2539   .text.SrvDataHub_Get_IMU_InitState:00000030 $d
C:\Users\HUAV\AppData\Local\Temp\cc14JS73.s:2544   .text.SrvDataHub_Get_Mag_InitState:00000000 $t
C:\Users\HUAV\AppData\Local\Temp\cc14JS73.s:2549   .text.SrvDataHub_Get_Mag_InitState:00000000 SrvDataHub_Get_Mag_InitState
C:\Users\HUAV\AppData\Local\Temp\cc14JS73.s:2600   .text.SrvDataHub_Get_Mag_InitState:00000030 $d
C:\Users\HUAV\AppData\Local\Temp\cc14JS73.s:2605   .text.SrvDataHub_Get_Bar_InitState:00000000 $t
C:\Users\HUAV\AppData\Local\Temp\cc14JS73.s:2610   .text.SrvDataHub_Get_Bar_InitState:00000000 SrvDataHub_Get_Bar_InitState
C:\Users\HUAV\AppData\Local\Temp\cc14JS73.s:2661   .text.SrvDataHub_Get_Bar_InitState:00000030 $d
C:\Users\HUAV\AppData\Local\Temp\cc14JS73.s:2666   .text.SrvDataHub_Set_CLI_State:00000000 $t
C:\Users\HUAV\AppData\Local\Temp\cc14JS73.s:2671   .text.SrvDataHub_Set_CLI_State:00000000 SrvDataHub_Set_CLI_State
C:\Users\HUAV\AppData\Local\Temp\cc14JS73.s:2716   .text.SrvDataHub_Set_CLI_State:00000030 $d
C:\Users\HUAV\AppData\Local\Temp\cc14JS73.s:2721   .text.SrvDataHub_Get_CLI_State:00000000 $t
C:\Users\HUAV\AppData\Local\Temp\cc14JS73.s:2726   .text.SrvDataHub_Get_CLI_State:00000000 SrvDataHub_Get_CLI_State
C:\Users\HUAV\AppData\Local\Temp\cc14JS73.s:2778   .text.SrvDataHub_Get_CLI_State:00000030 $d
C:\Users\HUAV\AppData\Local\Temp\cc14JS73.s:2783   .text.SrvDataHub_Set_Upgrade_State:00000000 $t
C:\Users\HUAV\AppData\Local\Temp\cc14JS73.s:2788   .text.SrvDataHub_Set_Upgrade_State:00000000 SrvDataHub_Set_Upgrade_State
C:\Users\HUAV\AppData\Local\Temp\cc14JS73.s:2833   .text.SrvDataHub_Set_Upgrade_State:00000030 $d
C:\Users\HUAV\AppData\Local\Temp\cc14JS73.s:2838   .text.SrvDataHub_Get_Upgrade_State:00000000 $t
C:\Users\HUAV\AppData\Local\Temp\cc14JS73.s:2843   .text.SrvDataHub_Get_Upgrade_State:00000000 SrvDataHub_Get_Upgrade_State
C:\Users\HUAV\AppData\Local\Temp\cc14JS73.s:2895   .text.SrvDataHub_Get_Upgrade_State:00000030 $d
C:\Users\HUAV\AppData\Local\Temp\cc14JS73.s:2900   .text.SrvDataHub_Get_VCPAttach_State:00000000 $t
C:\Users\HUAV\AppData\Local\Temp\cc14JS73.s:2905   .text.SrvDataHub_Get_VCPAttach_State:00000000 SrvDataHub_Get_VCPAttach_State
C:\Users\HUAV\AppData\Local\Temp\cc14JS73.s:2957   .text.SrvDataHub_Get_VCPAttach_State:00000030 $d
C:\Users\HUAV\AppData\Local\Temp\cc14JS73.s:2962   .text.SrvDataHub_Get_ServoChannel:00000000 $t
C:\Users\HUAV\AppData\Local\Temp\cc14JS73.s:2967   .text.SrvDataHub_Get_ServoChannel:00000000 SrvDataHub_Get_ServoChannel
C:\Users\HUAV\AppData\Local\Temp\cc14JS73.s:3061   .text.SrvDataHub_Get_ServoChannel:00000054 $d
C:\Users\HUAV\AppData\Local\Temp\cc14JS73.s:3066   .text.SrvDataHub_Get_MotoChannel:00000000 $t
C:\Users\HUAV\AppData\Local\Temp\cc14JS73.s:3071   .text.SrvDataHub_Get_MotoChannel:00000000 SrvDataHub_Get_MotoChannel
C:\Users\HUAV\AppData\Local\Temp\cc14JS73.s:3165   .text.SrvDataHub_Get_MotoChannel:00000054 $d
C:\Users\HUAV\AppData\Local\Temp\cc14JS73.s:3170   .text.SrvDataHub_Init:00000000 $t
C:\Users\HUAV\AppData\Local\Temp\cc14JS73.s:3175   .text.SrvDataHub_Init:00000000 SrvDataHub_Init
C:\Users\HUAV\AppData\Local\Temp\cc14JS73.s:3599   .text.SrvDataHub_Init:000001a0 $d
C:\Users\HUAV\AppData\Local\Temp\cc14JS73.s:3631   .text.SrvDataHub_Actuator_DataPipe_Finish_Callback:00000000 SrvDataHub_Actuator_DataPipe_Finish_Callback
C:\Users\HUAV\AppData\Local\Temp\cc14JS73.s:3626   .text.SrvDataHub_Actuator_DataPipe_Finish_Callback:00000000 $t
C:\Users\HUAV\AppData\Local\Temp\cc14JS73.s:3773   .text.SrvDataHub_Actuator_DataPipe_Finish_Callback:000000b8 $d
C:\Users\HUAV\AppData\Local\Temp\cc14JS73.s:3841   .data.SrvDataHub:00000000 SrvDataHub
C:\Users\HUAV\AppData\Local\Temp\cc14JS73.s:3835   .bss.SrvDataHub_Monitor:00000000 SrvDataHub_Monitor
C:\Users\HUAV\AppData\Local\Temp\cc14JS73.s:3782   .Perph_Section:00000000 $d
C:\Users\HUAV\AppData\Local\Temp\cc14JS73.s:3786   .Perph_Section:00000000 Hub_VCP_Attach_State_PipeDataObj
C:\Users\HUAV\AppData\Local\Temp\cc14JS73.s:3791   .Perph_Section:00000004 Hub_Alt_PipeDataObj
C:\Users\HUAV\AppData\Local\Temp\cc14JS73.s:3795   .Perph_Section:00000014 Hub_Baro_Data_PipeDataObj
C:\Users\HUAV\AppData\Local\Temp\cc14JS73.s:3799   .Perph_Section:00000030 Hub_Attitude_PipeDataObj
C:\Users\HUAV\AppData\Local\Temp\cc14JS73.s:3804   .Perph_Section:00000054 Hub_PriIMU_Range_PipeDataObj
C:\Users\HUAV\AppData\Local\Temp\cc14JS73.s:3808   .Perph_Section:00000058 PtlIMU_Data_PipeDataObj
C:\Users\HUAV\AppData\Local\Temp\cc14JS73.s:3812   .Perph_Section:000000ac Sensor_Enable_PipeDataObj
ARM GAS  C:\Users\HUAV\AppData\Local\Temp\cc14JS73.s 			page 103


C:\Users\HUAV\AppData\Local\Temp\cc14JS73.s:3816   .Perph_Section:000000b0 Sensor_Init_PipeDataObj
C:\Users\HUAV\AppData\Local\Temp\cc14JS73.s:3820   .Perph_Section:000000b4 Hub_Telemetry_Rc_PipeDataObj
C:\Users\HUAV\AppData\Local\Temp\cc14JS73.s:3824   .Perph_Section:00000118 Hub_Cnv_CtlData_PipeDataObj
C:\Users\HUAV\AppData\Local\Temp\cc14JS73.s:3828   .Perph_Section:00000134 Hub_Actuator_PipeDataObj
C:\Users\HUAV\AppData\Local\Temp\cc14JS73.s:3831   .bss.SrvDataHub_Monitor:00000000 $d
C:\Users\HUAV\AppData\Local\Temp\cc14JS73.s:3838   .data.SrvDataHub:00000000 $d

UNDEFINED SYMBOLS
VCP_Connect_hub_DataPipe
Altitude_hub_DataPipe
Baro_hub_DataPipe
Attitude_hub_DataPipe
IMU_PriRange_hub_DataPipe
IMU_hub_DataPipe
SensorInitState_hub_DataPipe
SensorEnableState_hub_DataPipe
memcpy
Receiver_hub_DataPipe
CtlData_hub_DataPipe
SrvOsCommon
memset
Actuator_hub_DataPipe
