ARM GAS  C:\Users\HUAV\AppData\Local\Temp\cc9W7lB3.s 			page 1


   1              		.cpu cortex-m4
   2              		.arch armv7e-m
   3              		.fpu fpv4-sp-d16
   4              		.eabi_attribute 27, 1
   5              		.eabi_attribute 28, 1
   6              		.eabi_attribute 20, 1
   7              		.eabi_attribute 21, 1
   8              		.eabi_attribute 23, 3
   9              		.eabi_attribute 24, 1
  10              		.eabi_attribute 25, 1
  11              		.eabi_attribute 26, 1
  12              		.eabi_attribute 30, 1
  13              		.eabi_attribute 34, 1
  14              		.eabi_attribute 18, 4
  15              		.file	"Srv_IMUSample.c"
  16              		.text
  17              	.Ltext0:
  18              		.cfi_sections	.debug_frame
  19              		.section	.text.SrvIMU_PriIMU_CS_Ctl,"ax",%progbits
  20              		.align	1
  21              		.syntax unified
  22              		.thumb
  23              		.thumb_func
  25              	SrvIMU_PriIMU_CS_Ctl:
  26              	.LVL0:
  27              	.LFB145:
  28              		.file 1 "Service/Srv_IMUSample.c"
   1:Service/Srv_IMUSample.c **** /*
   2:Service/Srv_IMUSample.c ****  * CODE: 8_B!T0
   3:Service/Srv_IMUSample.c ****  * might need a axis remap function at the sensor init process
   4:Service/Srv_IMUSample.c ****  */
   5:Service/Srv_IMUSample.c **** #include "Srv_IMUSample.h"
   6:Service/Srv_IMUSample.c **** #include "Dev_MPU6000.h"
   7:Service/Srv_IMUSample.c **** #include "Dev_ICM20602.h"
   8:Service/Srv_IMUSample.c **** #include "Dev_ICM426xx.h"
   9:Service/Srv_IMUSample.c **** #include "HW_Def.h"
  10:Service/Srv_IMUSample.c **** #include "Srv_OsCommon.h"
  11:Service/Srv_IMUSample.c **** #include "debug_util.h"
  12:Service/Srv_IMUSample.c **** #include "Bsp_SPI.h"
  13:Service/Srv_IMUSample.c **** #include "error_log.h"
  14:Service/Srv_IMUSample.c **** #include "Dev_Led.h"
  15:Service/Srv_IMUSample.c **** #include "../Algorithm/Filter_Dep/filter.h"
  16:Service/Srv_IMUSample.c **** #include <math.h>
  17:Service/Srv_IMUSample.c **** 
  18:Service/Srv_IMUSample.c **** /* use ENU coordinate */
  19:Service/Srv_IMUSample.c **** /* IMU coordinate is x->forward y->right z->down */
  20:Service/Srv_IMUSample.c **** 
  21:Service/Srv_IMUSample.c **** /*
  22:Service/Srv_IMUSample.c ****  * Angular Speed Over Speed Threshold
  23:Service/Srv_IMUSample.c ****  * Angular Speed Per Millscond
  24:Service/Srv_IMUSample.c ****  */
  25:Service/Srv_IMUSample.c **** #define ANGULAR_ACCECLERATION_THRESHOLD 200 / 1.0f      /* angular speed accelerate from 0 to 100 d
  26:Service/Srv_IMUSample.c **** #define MOVING_DETECT_CONDITION_1 1.0                   /* unit deg/s */
  27:Service/Srv_IMUSample.c **** #define MOVING_DETECT_CONDITION_2 (1000.0f / 3600.0f)   /* unit deg/s */
  28:Service/Srv_IMUSample.c **** #define ANGULAR_SPEED_ACCURACY 1000
  29:Service/Srv_IMUSample.c **** 
  30:Service/Srv_IMUSample.c **** typedef void (*SrvIMU_SetDataReady_Callback)(void *obj);
ARM GAS  C:\Users\HUAV\AppData\Local\Temp\cc9W7lB3.s 			page 2


  31:Service/Srv_IMUSample.c **** typedef bool (*SrvIMU_GetDataReady_Callback)(void *obj);
  32:Service/Srv_IMUSample.c **** typedef bool (*SrvIMU_Sample_Callback)(void *obj);
  33:Service/Srv_IMUSample.c **** typedef IMUModuleScale_TypeDef (*SrvIMU_GetScale_Callback)(void *obj);
  34:Service/Srv_IMUSample.c **** typedef IMU_Error_TypeDef (*SrvIMU_GetError_Callback)(void *obj);
  35:Service/Srv_IMUSample.c **** 
  36:Service/Srv_IMUSample.c **** typedef struct
  37:Service/Srv_IMUSample.c **** {
  38:Service/Srv_IMUSample.c ****     SrvIMU_SensorID_List type;
  39:Service/Srv_IMUSample.c ****     void *obj_ptr;
  40:Service/Srv_IMUSample.c ****     IMUData_TypeDef *OriData_ptr;
  41:Service/Srv_IMUSample.c **** 
  42:Service/Srv_IMUSample.c ****     uint8_t acc_trip;
  43:Service/Srv_IMUSample.c ****     uint16_t gyr_trip;
  44:Service/Srv_IMUSample.c **** 
  45:Service/Srv_IMUSample.c ****     SrvIMU_GetDataReady_Callback get_drdy;
  46:Service/Srv_IMUSample.c ****     SrvIMU_Sample_Callback sample;
  47:Service/Srv_IMUSample.c ****     SrvIMU_GetScale_Callback get_scale;
  48:Service/Srv_IMUSample.c ****     SrvIMU_SetDataReady_Callback set_drdy;
  49:Service/Srv_IMUSample.c ****     SrvIMU_GetError_Callback get_error;
  50:Service/Srv_IMUSample.c **** }SrvIMU_InuseSensorObj_TypeDef;
  51:Service/Srv_IMUSample.c **** 
  52:Service/Srv_IMUSample.c **** static uint32_t SrvIMU_Reupdate_Statistics_CNT = 0;
  53:Service/Srv_IMUSample.c **** 
  54:Service/Srv_IMUSample.c **** 
  55:Service/Srv_IMUSample.c **** /* internal variable */
  56:Service/Srv_IMUSample.c **** #if defined STM32H743xx
  57:Service/Srv_IMUSample.c **** /* MPU6000 Instance */
  58:Service/Srv_IMUSample.c **** static SPI_HandleTypeDef PriIMU_Bus_Instance;
  59:Service/Srv_IMUSample.c **** /* ICM42688P Instance */
  60:Service/Srv_IMUSample.c **** static SPI_HandleTypeDef SecIMU_Bus_Instance;
  61:Service/Srv_IMUSample.c **** #elif defined AT32F435_437
  62:Service/Srv_IMUSample.c **** static void *PriIMU_Bus_Instance = NULL;
  63:Service/Srv_IMUSample.c **** #endif
  64:Service/Srv_IMUSample.c **** 
  65:Service/Srv_IMUSample.c **** static DevMPU6000Obj_TypeDef MPU6000Obj;
  66:Service/Srv_IMUSample.c **** static DevICM20602Obj_TypeDef ICM20602Obj;
  67:Service/Srv_IMUSample.c **** static DevICM426xxObj_TypeDef ICM42688PObj;
  68:Service/Srv_IMUSample.c **** static DevICM426xxObj_TypeDef ICM42605Obj;
  69:Service/Srv_IMUSample.c **** 
  70:Service/Srv_IMUSample.c **** static Error_Handler SrvMPU_Error_Handle = 0;
  71:Service/Srv_IMUSample.c **** 
  72:Service/Srv_IMUSample.c **** /*
  73:Service/Srv_IMUSample.c ****  *   PriIMU -> MPU6000
  74:Service/Srv_IMUSample.c ****  *   SecIMU -> ICM42688P
  75:Service/Srv_IMUSample.c ****  */
  76:Service/Srv_IMUSample.c **** static SrvMpu_Reg_TypeDef SrvMpu_Init_Reg;
  77:Service/Srv_IMUSample.c **** static SrvMpu_Reg_TypeDef SrvMpu_Update_Reg;
  78:Service/Srv_IMUSample.c **** static SrvIMU_Data_TypeDef IMU_Data;
  79:Service/Srv_IMUSample.c **** static SrvIMU_Data_TypeDef IMU_Data_Lst;
  80:Service/Srv_IMUSample.c **** 
  81:Service/Srv_IMUSample.c **** static SrvIMU_Data_TypeDef PriIMU_Data;
  82:Service/Srv_IMUSample.c **** static SrvIMU_Data_TypeDef PriIMU_Data_Lst;
  83:Service/Srv_IMUSample.c **** static SrvIMU_InuseSensorObj_TypeDef InUse_PriIMU_Obj;
  84:Service/Srv_IMUSample.c **** 
  85:Service/Srv_IMUSample.c **** /* PriIMU Butterworth filter object handle */
  86:Service/Srv_IMUSample.c **** static BWF_Object_Handle PriIMU_Gyr_LPF_Handle[Axis_Sum] = {0};
  87:Service/Srv_IMUSample.c **** static BWF_Object_Handle PriIMU_Acc_LPF_Handle[Axis_Sum] = {0};
ARM GAS  C:\Users\HUAV\AppData\Local\Temp\cc9W7lB3.s 			page 3


  88:Service/Srv_IMUSample.c **** 
  89:Service/Srv_IMUSample.c **** /* Pri Gyro Calibration Monitor */
  90:Service/Srv_IMUSample.c **** static SrvIMU_CalibMonitor_TypeDef PriGyro_Calib_Monitor;
  91:Service/Srv_IMUSample.c **** 
  92:Service/Srv_IMUSample.c **** #if (IMU_SUM > 1)
  93:Service/Srv_IMUSample.c **** static SrvIMU_Data_TypeDef SecIMU_Data;
  94:Service/Srv_IMUSample.c **** static SrvIMU_Data_TypeDef SecIMU_Data_Lst;
  95:Service/Srv_IMUSample.c **** static SrvIMU_InuseSensorObj_TypeDef InUse_SecIMU_Obj;
  96:Service/Srv_IMUSample.c **** 
  97:Service/Srv_IMUSample.c **** /* SecIMU Butterworth filter object handle */
  98:Service/Srv_IMUSample.c **** static BWF_Object_Handle SecIMU_Gyr_LPF_Handle[Axis_Sum] = {0};
  99:Service/Srv_IMUSample.c **** static BWF_Object_Handle SecIMU_Acc_LPF_Handle[Axis_Sum] = {0};
 100:Service/Srv_IMUSample.c **** 
 101:Service/Srv_IMUSample.c **** /* Sec Gyro Calibration Monitor */
 102:Service/Srv_IMUSample.c **** static SrvIMU_CalibMonitor_TypeDef SecGyro_Calib_Monitor;
 103:Service/Srv_IMUSample.c **** #endif
 104:Service/Srv_IMUSample.c **** 
 105:Service/Srv_IMUSample.c **** /************************************************************************ Error Tree Item *********
 106:Service/Srv_IMUSample.c **** static void SrvIMU_PriDev_Filter_InitError(int16_t code, uint8_t *p_arg, uint16_t size);
 107:Service/Srv_IMUSample.c **** static void SrvIMU_SecDev_Filter_InitError(int16_t code, uint8_t *p_arg, uint16_t size);
 108:Service/Srv_IMUSample.c **** static void SrvIMU_Dev_InitError(int16_t code, uint8_t *p_arg, uint16_t size);
 109:Service/Srv_IMUSample.c **** static void SrvIMU_AllModule_InitError(int16_t code, uint8_t *p_arg, uint16_t size);
 110:Service/Srv_IMUSample.c **** static void SrvIMU_PriSample_Undrdy(uint8_t *p_arg, uint16_t size);
 111:Service/Srv_IMUSample.c **** #if (IMU_SUM > 1)
 112:Service/Srv_IMUSample.c **** static void SrvIMU_SecSample_Undrdy(uint8_t *p_arg, uint16_t size);
 113:Service/Srv_IMUSample.c **** #endif
 114:Service/Srv_IMUSample.c **** 
 115:Service/Srv_IMUSample.c **** static Error_Obj_Typedef SrvIMU_ErrorList[] = {
 116:Service/Srv_IMUSample.c ****     {
 117:Service/Srv_IMUSample.c ****         .out = true,
 118:Service/Srv_IMUSample.c ****         .log = false,
 119:Service/Srv_IMUSample.c ****         .prc_callback = NULL,
 120:Service/Srv_IMUSample.c ****         .code = SrvIMU_SecDev_Detect_Error,
 121:Service/Srv_IMUSample.c ****         .desc = "Sec IMU None Detected\r\n",
 122:Service/Srv_IMUSample.c ****         .proc_type = Error_Proc_Ignore,
 123:Service/Srv_IMUSample.c ****         .prc_data_stream = {
 124:Service/Srv_IMUSample.c ****             .p_data = NULL,
 125:Service/Srv_IMUSample.c ****             .size = 0,
 126:Service/Srv_IMUSample.c ****         },
 127:Service/Srv_IMUSample.c ****     },
 128:Service/Srv_IMUSample.c ****     {
 129:Service/Srv_IMUSample.c ****         .out = true,
 130:Service/Srv_IMUSample.c ****         .log = false,
 131:Service/Srv_IMUSample.c ****         .prc_callback = NULL,
 132:Service/Srv_IMUSample.c ****         .code = SrvIMU_PriDev_Detect_Error,
 133:Service/Srv_IMUSample.c ****         .desc = "Pri IMU None Detected\r\n",
 134:Service/Srv_IMUSample.c ****         .proc_type = Error_Proc_Ignore,
 135:Service/Srv_IMUSample.c ****         .prc_data_stream = {
 136:Service/Srv_IMUSample.c ****             .p_data = NULL,
 137:Service/Srv_IMUSample.c ****             .size = 0,
 138:Service/Srv_IMUSample.c ****         },
 139:Service/Srv_IMUSample.c ****     },
 140:Service/Srv_IMUSample.c ****     {
 141:Service/Srv_IMUSample.c ****         .out = true,
 142:Service/Srv_IMUSample.c ****         .log = false,
 143:Service/Srv_IMUSample.c ****         .prc_callback = SrvIMU_SecDev_Filter_InitError,
 144:Service/Srv_IMUSample.c ****         .code = SrvIMU_SecIMU_Filter_Init_Error,
ARM GAS  C:\Users\HUAV\AppData\Local\Temp\cc9W7lB3.s 			page 4


 145:Service/Srv_IMUSample.c ****         .desc = "Sec IMU Filter Init Failed\r\n",
 146:Service/Srv_IMUSample.c ****         .proc_type = Error_Proc_Ignore,
 147:Service/Srv_IMUSample.c ****         .prc_data_stream = {
 148:Service/Srv_IMUSample.c ****             .p_data = NULL,
 149:Service/Srv_IMUSample.c ****             .size = 0,
 150:Service/Srv_IMUSample.c ****         },
 151:Service/Srv_IMUSample.c ****     },
 152:Service/Srv_IMUSample.c ****     {
 153:Service/Srv_IMUSample.c ****         .out = true,
 154:Service/Srv_IMUSample.c ****         .log = false,
 155:Service/Srv_IMUSample.c ****         .prc_callback = SrvIMU_PriDev_Filter_InitError,
 156:Service/Srv_IMUSample.c ****         .code = SrvIMU_PriIMU_Filter_Init_Error,
 157:Service/Srv_IMUSample.c ****         .desc = "Pri IMU Filter Init Failed\r\n",
 158:Service/Srv_IMUSample.c ****         .proc_type = Error_Proc_Ignore,
 159:Service/Srv_IMUSample.c ****         .prc_data_stream = {
 160:Service/Srv_IMUSample.c ****             .p_data = NULL,
 161:Service/Srv_IMUSample.c ****             .size = 0,
 162:Service/Srv_IMUSample.c ****         },
 163:Service/Srv_IMUSample.c ****     },
 164:Service/Srv_IMUSample.c ****     {
 165:Service/Srv_IMUSample.c ****         .out = true,
 166:Service/Srv_IMUSample.c ****         .log = false,
 167:Service/Srv_IMUSample.c ****         .prc_callback = NULL,
 168:Service/Srv_IMUSample.c ****         .code = SrvIMU_PriCSPin_Init_Error,
 169:Service/Srv_IMUSample.c ****         .desc = "Pri CS Pin Init Failed\r\n",
 170:Service/Srv_IMUSample.c ****         .proc_type = Error_Proc_Ignore,
 171:Service/Srv_IMUSample.c ****         .prc_data_stream = {
 172:Service/Srv_IMUSample.c ****             .p_data = NULL,
 173:Service/Srv_IMUSample.c ****             .size = 0,
 174:Service/Srv_IMUSample.c ****         },
 175:Service/Srv_IMUSample.c ****     },
 176:Service/Srv_IMUSample.c ****     {
 177:Service/Srv_IMUSample.c ****         .out = true,
 178:Service/Srv_IMUSample.c ****         .log = false,
 179:Service/Srv_IMUSample.c ****         .prc_callback = NULL,
 180:Service/Srv_IMUSample.c ****         .code = SrvIMU_PriExtiPin_Init_Error,
 181:Service/Srv_IMUSample.c ****         .desc = "Pri Ext Pin Init Failed\r\n",
 182:Service/Srv_IMUSample.c ****         .proc_type = Error_Proc_Ignore,
 183:Service/Srv_IMUSample.c ****         .prc_data_stream = {
 184:Service/Srv_IMUSample.c ****             .p_data = NULL,
 185:Service/Srv_IMUSample.c ****             .size = 0,
 186:Service/Srv_IMUSample.c ****         },
 187:Service/Srv_IMUSample.c ****     },
 188:Service/Srv_IMUSample.c ****     {
 189:Service/Srv_IMUSample.c ****         .out = true,
 190:Service/Srv_IMUSample.c ****         .log = false,
 191:Service/Srv_IMUSample.c ****         .prc_callback = NULL,
 192:Service/Srv_IMUSample.c ****         .code = SrvIMU_PriBus_Init_Error,
 193:Service/Srv_IMUSample.c ****         .desc = "Pri Bus Init Failed\r\n",
 194:Service/Srv_IMUSample.c ****         .proc_type = Error_Proc_Ignore,
 195:Service/Srv_IMUSample.c ****         .prc_data_stream = {
 196:Service/Srv_IMUSample.c ****             .p_data = NULL,
 197:Service/Srv_IMUSample.c ****             .size = 0,
 198:Service/Srv_IMUSample.c ****         },
 199:Service/Srv_IMUSample.c ****     },
 200:Service/Srv_IMUSample.c ****     {
 201:Service/Srv_IMUSample.c ****         .out = true,
ARM GAS  C:\Users\HUAV\AppData\Local\Temp\cc9W7lB3.s 			page 5


 202:Service/Srv_IMUSample.c ****         .log = false,
 203:Service/Srv_IMUSample.c ****         .prc_callback = SrvIMU_Dev_InitError,
 204:Service/Srv_IMUSample.c ****         .code = SrvIMU_PriDev_Init_Error,
 205:Service/Srv_IMUSample.c ****         .desc = "Pri Dev Init Failed\r\n",
 206:Service/Srv_IMUSample.c ****         .proc_type = Error_Proc_Immd,
 207:Service/Srv_IMUSample.c ****         .prc_data_stream = {
 208:Service/Srv_IMUSample.c ****             .p_data = NULL,
 209:Service/Srv_IMUSample.c ****             .size = 0,
 210:Service/Srv_IMUSample.c ****         },
 211:Service/Srv_IMUSample.c ****     },
 212:Service/Srv_IMUSample.c ****     {
 213:Service/Srv_IMUSample.c ****         .out = true,
 214:Service/Srv_IMUSample.c ****         .log = false,
 215:Service/Srv_IMUSample.c ****         .prc_callback = NULL,
 216:Service/Srv_IMUSample.c ****         .code = SrvIMU_SecCSPin_Init_Error,
 217:Service/Srv_IMUSample.c ****         .desc = "Sec CS Pin Init Failed\r\n",
 218:Service/Srv_IMUSample.c ****         .proc_type = Error_Proc_Ignore,
 219:Service/Srv_IMUSample.c ****         .prc_data_stream = {
 220:Service/Srv_IMUSample.c ****             .p_data = NULL,
 221:Service/Srv_IMUSample.c ****             .size = 0,
 222:Service/Srv_IMUSample.c ****         },
 223:Service/Srv_IMUSample.c ****     },
 224:Service/Srv_IMUSample.c ****     {
 225:Service/Srv_IMUSample.c ****         .out = true,
 226:Service/Srv_IMUSample.c ****         .log = false,
 227:Service/Srv_IMUSample.c ****         .prc_callback = NULL,
 228:Service/Srv_IMUSample.c ****         .code = SrvIMU_SecExtiPin_Init_Error,
 229:Service/Srv_IMUSample.c ****         .desc = "Sec Ext Pin Init Failed\r\n",
 230:Service/Srv_IMUSample.c ****         .proc_type = Error_Proc_Ignore,
 231:Service/Srv_IMUSample.c ****         .prc_data_stream = {
 232:Service/Srv_IMUSample.c ****             .p_data = NULL,
 233:Service/Srv_IMUSample.c ****             .size = 0,
 234:Service/Srv_IMUSample.c ****         },
 235:Service/Srv_IMUSample.c ****     },
 236:Service/Srv_IMUSample.c ****     {
 237:Service/Srv_IMUSample.c ****         .out = true,
 238:Service/Srv_IMUSample.c ****         .log = false,
 239:Service/Srv_IMUSample.c ****         .prc_callback = NULL,
 240:Service/Srv_IMUSample.c ****         .code = SrvIMU_SecBus_Init_Error,
 241:Service/Srv_IMUSample.c ****         .desc = "Sec Bus Init Failed\r\n",
 242:Service/Srv_IMUSample.c ****         .proc_type = Error_Proc_Ignore,
 243:Service/Srv_IMUSample.c ****         .prc_data_stream = {
 244:Service/Srv_IMUSample.c ****             .p_data = NULL,
 245:Service/Srv_IMUSample.c ****             .size = 0,
 246:Service/Srv_IMUSample.c ****         },
 247:Service/Srv_IMUSample.c ****     },
 248:Service/Srv_IMUSample.c ****     {
 249:Service/Srv_IMUSample.c ****         .out = true,
 250:Service/Srv_IMUSample.c ****         .log = false,
 251:Service/Srv_IMUSample.c ****         .prc_callback = SrvIMU_Dev_InitError,
 252:Service/Srv_IMUSample.c ****         .code = SrvIMU_SecDev_Init_Error,
 253:Service/Srv_IMUSample.c ****         .desc = "Sec Dev Init Failed\r\n",
 254:Service/Srv_IMUSample.c ****         .proc_type = Error_Proc_Immd,
 255:Service/Srv_IMUSample.c ****         .prc_data_stream = {
 256:Service/Srv_IMUSample.c ****             .p_data = NULL,
 257:Service/Srv_IMUSample.c ****             .size = 0,
 258:Service/Srv_IMUSample.c ****         },
ARM GAS  C:\Users\HUAV\AppData\Local\Temp\cc9W7lB3.s 			page 6


 259:Service/Srv_IMUSample.c ****     },
 260:Service/Srv_IMUSample.c ****     {
 261:Service/Srv_IMUSample.c ****         .out = true,
 262:Service/Srv_IMUSample.c ****         .log = false,
 263:Service/Srv_IMUSample.c ****         .prc_callback = SrvIMU_AllModule_InitError,
 264:Service/Srv_IMUSample.c ****         .code = SrvIMU_AllModule_Init_Error,
 265:Service/Srv_IMUSample.c ****         .desc = "All IMU Module Init Failed\r\n",
 266:Service/Srv_IMUSample.c ****         .proc_type = Error_Proc_Immd,
 267:Service/Srv_IMUSample.c ****         .prc_data_stream = {
 268:Service/Srv_IMUSample.c ****             .p_data = NULL,
 269:Service/Srv_IMUSample.c ****             .size = 0,
 270:Service/Srv_IMUSample.c ****         },
 271:Service/Srv_IMUSample.c ****     },
 272:Service/Srv_IMUSample.c **** };
 273:Service/Srv_IMUSample.c **** /************************************************************************ Error Tree Item *********
 274:Service/Srv_IMUSample.c **** 
 275:Service/Srv_IMUSample.c **** /* external function */
 276:Service/Srv_IMUSample.c **** static SrvIMU_ErrorCode_List SrvIMU_Init(void);
 277:Service/Srv_IMUSample.c **** static bool SrvIMU_Sample(SrvIMU_SampleMode_List mode);
 278:Service/Srv_IMUSample.c **** static bool SrvIMU_Get_Data(SrvIMU_Module_Type type, SrvIMU_Data_TypeDef *data);
 279:Service/Srv_IMUSample.c **** static void SrvIMU_ErrorProc(void);
 280:Service/Srv_IMUSample.c **** static float SrvIMU_Get_MaxAngularSpeed_Diff(void);
 281:Service/Srv_IMUSample.c **** static void SrvIMU_Calib_GyroZeroOffset(SrvIMU_CalibMonitor_TypeDef *cali_monitor, float *gyr);
 282:Service/Srv_IMUSample.c **** static bool SrvIMU_Get_Range(SrvIMU_Module_Type module, SrvIMU_Range_TypeDef *range);
 283:Service/Srv_IMUSample.c **** static bool SrvIMU_Get_ModuleType(SrvIMU_Module_Type module, SrvIMU_SensorID_List *type);
 284:Service/Srv_IMUSample.c **** 
 285:Service/Srv_IMUSample.c **** /* internal function */
 286:Service/Srv_IMUSample.c **** static int8_t SrvIMU_PriIMU_Init(void);
 287:Service/Srv_IMUSample.c **** static void SrvIMU_PriIMU_ExtiCallback(void);
 288:Service/Srv_IMUSample.c **** static void SrvIMU_PriIMU_CS_Ctl(bool state);
 289:Service/Srv_IMUSample.c **** static bool SrvIMU_PriIMU_BusTrans_Rec(uint8_t *Tx, uint8_t *Rx, uint16_t size);
 290:Service/Srv_IMUSample.c **** 
 291:Service/Srv_IMUSample.c **** #if (IMU_SUM > 1)
 292:Service/Srv_IMUSample.c **** static int8_t SrvIMU_SecIMU_Init(void);
 293:Service/Srv_IMUSample.c **** static void SrvIMU_SecIMU_ExtiCallback(void);
 294:Service/Srv_IMUSample.c **** static void SrvIMU_SecIMU_CS_Ctl(bool state);
 295:Service/Srv_IMUSample.c **** static bool SrvIMU_SecIMU_BusTrans_Rec(uint8_t *Tx, uint8_t *Rx, uint16_t size);
 296:Service/Srv_IMUSample.c **** #endif
 297:Service/Srv_IMUSample.c **** 
 298:Service/Srv_IMUSample.c **** static bool SrvIMU_Detect_AngularOverSpeed(float angular_speed, float lst_angular_speed, float ms_d
 299:Service/Srv_IMUSample.c **** static SrvIMU_SensorID_List SrvIMU_AutoDetect(bus_trans_callback trans, cs_ctl_callback cs_ctl);
 300:Service/Srv_IMUSample.c **** 
 301:Service/Srv_IMUSample.c **** SrvIMU_TypeDef SrvIMU = {
 302:Service/Srv_IMUSample.c ****     .init = SrvIMU_Init,
 303:Service/Srv_IMUSample.c ****     .sample = SrvIMU_Sample,
 304:Service/Srv_IMUSample.c ****     .get_data = SrvIMU_Get_Data,
 305:Service/Srv_IMUSample.c ****     .get_range = SrvIMU_Get_Range,
 306:Service/Srv_IMUSample.c ****     .error_proc = SrvIMU_ErrorProc,
 307:Service/Srv_IMUSample.c ****     .get_type = SrvIMU_Get_ModuleType,
 308:Service/Srv_IMUSample.c ****     .get_max_angular_speed_diff = SrvIMU_Get_MaxAngularSpeed_Diff,
 309:Service/Srv_IMUSample.c **** };
 310:Service/Srv_IMUSample.c **** 
 311:Service/Srv_IMUSample.c **** static SrvIMU_ErrorCode_List SrvIMU_Init(void)
 312:Service/Srv_IMUSample.c **** {
 313:Service/Srv_IMUSample.c ****     FilterParam_Obj_TypeDef *Gyr_Filter_Ptr = NULL;
 314:Service/Srv_IMUSample.c ****     FilterParam_Obj_TypeDef *Acc_Filter_Ptr = NULL;
 315:Service/Srv_IMUSample.c **** 
ARM GAS  C:\Users\HUAV\AppData\Local\Temp\cc9W7lB3.s 			page 7


 316:Service/Srv_IMUSample.c ****     CREATE_FILTER_PARAM_OBJ(Gyr, 3, 50Hz, 1K, Gyr_Filter_Ptr);
 317:Service/Srv_IMUSample.c ****     CREATE_FILTER_PARAM_OBJ(Acc, 2, 50Hz, 1K, Acc_Filter_Ptr);
 318:Service/Srv_IMUSample.c **** 
 319:Service/Srv_IMUSample.c ****     memset(&InUse_PriIMU_Obj, 0, sizeof(InUse_PriIMU_Obj));
 320:Service/Srv_IMUSample.c **** 
 321:Service/Srv_IMUSample.c ****     InUse_PriIMU_Obj.type = SrvIMU_Dev_None;
 322:Service/Srv_IMUSample.c **** 
 323:Service/Srv_IMUSample.c ****     memset(&PriIMU_Data, 0, sizeof(PriIMU_Data));
 324:Service/Srv_IMUSample.c ****     memset(&PriIMU_Data_Lst, 0, sizeof(PriIMU_Data_Lst));
 325:Service/Srv_IMUSample.c **** 
 326:Service/Srv_IMUSample.c ****     /* init gyro calibration monitor */
 327:Service/Srv_IMUSample.c ****     memset(&PriGyro_Calib_Monitor, 0, sizeof(PriGyro_Calib_Monitor));
 328:Service/Srv_IMUSample.c ****     PriGyro_Calib_Monitor.state = Calib_Ready;
 329:Service/Srv_IMUSample.c ****     PriGyro_Calib_Monitor.calib_cycle = GYR_STATIC_CALIB_CYCLE;
 330:Service/Srv_IMUSample.c ****     PriGyro_Calib_Monitor.cur_cycle = 0;
 331:Service/Srv_IMUSample.c ****      
 332:Service/Srv_IMUSample.c ****     /* create error log handle */
 333:Service/Srv_IMUSample.c ****     SrvMPU_Error_Handle = ErrorLog.create("SrvIMU_Error");
 334:Service/Srv_IMUSample.c **** 
 335:Service/Srv_IMUSample.c ****     /* regist all error to the error tree */
 336:Service/Srv_IMUSample.c ****     ErrorLog.registe(SrvMPU_Error_Handle, SrvIMU_ErrorList, sizeof(SrvIMU_ErrorList) / sizeof(SrvIM
 337:Service/Srv_IMUSample.c **** 
 338:Service/Srv_IMUSample.c ****     SrvIMU_ErrorCode_List PriIMU_Init_State = SrvIMU_PriIMU_Init();
 339:Service/Srv_IMUSample.c **** 
 340:Service/Srv_IMUSample.c ****     SrvMpu_Init_Reg.val = 0;
 341:Service/Srv_IMUSample.c ****     SrvMpu_Update_Reg.val = 0;
 342:Service/Srv_IMUSample.c **** 
 343:Service/Srv_IMUSample.c ****     if (PriIMU_Init_State == SrvIMU_No_Error)
 344:Service/Srv_IMUSample.c ****     {
 345:Service/Srv_IMUSample.c ****         SrvMpu_Init_Reg.sec.Pri_State = true;
 346:Service/Srv_IMUSample.c **** 
 347:Service/Srv_IMUSample.c ****         /* init filter */
 348:Service/Srv_IMUSample.c ****         PriIMU_Gyr_LPF_Handle[Axis_X] = Butterworth.init(Gyr_Filter_Ptr);
 349:Service/Srv_IMUSample.c ****         PriIMU_Gyr_LPF_Handle[Axis_Y] = Butterworth.init(Gyr_Filter_Ptr);
 350:Service/Srv_IMUSample.c ****         PriIMU_Gyr_LPF_Handle[Axis_Z] = Butterworth.init(Gyr_Filter_Ptr);
 351:Service/Srv_IMUSample.c **** 
 352:Service/Srv_IMUSample.c ****         PriIMU_Acc_LPF_Handle[Axis_X] = Butterworth.init(Acc_Filter_Ptr);
 353:Service/Srv_IMUSample.c ****         PriIMU_Acc_LPF_Handle[Axis_Y] = Butterworth.init(Acc_Filter_Ptr);
 354:Service/Srv_IMUSample.c ****         PriIMU_Acc_LPF_Handle[Axis_Z] = Butterworth.init(Acc_Filter_Ptr);
 355:Service/Srv_IMUSample.c **** 
 356:Service/Srv_IMUSample.c ****         for(uint8_t i = Axis_X; i < Axis_Sum; i++)
 357:Service/Srv_IMUSample.c ****         {
 358:Service/Srv_IMUSample.c ****             if( (PriIMU_Gyr_LPF_Handle[i] == 0) || 
 359:Service/Srv_IMUSample.c ****                 (PriIMU_Acc_LPF_Handle[i] == 0))
 360:Service/Srv_IMUSample.c ****             {
 361:Service/Srv_IMUSample.c ****                 ErrorLog.trigger(SrvMPU_Error_Handle, SrvIMU_PriIMU_Filter_Init_Error, NULL, 0);
 362:Service/Srv_IMUSample.c ****                 return SrvIMU_PriIMU_Filter_Init_Error;
 363:Service/Srv_IMUSample.c ****             }
 364:Service/Srv_IMUSample.c ****         }
 365:Service/Srv_IMUSample.c ****     }
 366:Service/Srv_IMUSample.c ****     else
 367:Service/Srv_IMUSample.c ****         ErrorLog.trigger(SrvMPU_Error_Handle, PriIMU_Init_State, (uint8_t *)&InUse_PriIMU_Obj, size
 368:Service/Srv_IMUSample.c **** 
 369:Service/Srv_IMUSample.c **** #if (IMU_SUM > 1)
 370:Service/Srv_IMUSample.c ****     memset(&InUse_SecIMU_Obj, 0, sizeof(InUse_SecIMU_Obj));
 371:Service/Srv_IMUSample.c ****     
 372:Service/Srv_IMUSample.c ****     InUse_SecIMU_Obj.type = SrvIMU_Dev_None;
ARM GAS  C:\Users\HUAV\AppData\Local\Temp\cc9W7lB3.s 			page 8


 373:Service/Srv_IMUSample.c **** 
 374:Service/Srv_IMUSample.c ****     memset(&SecIMU_Data, 0, sizeof(SecIMU_Data));
 375:Service/Srv_IMUSample.c ****     memset(&SecIMU_Data_Lst, 0, sizeof(SecIMU_Data_Lst));
 376:Service/Srv_IMUSample.c ****     
 377:Service/Srv_IMUSample.c ****     /* init gyro calibration monitor */
 378:Service/Srv_IMUSample.c ****     memset(&SecGyro_Calib_Monitor, 0, sizeof(SecGyro_Calib_Monitor));
 379:Service/Srv_IMUSample.c ****     SecGyro_Calib_Monitor.state = Calib_Ready;
 380:Service/Srv_IMUSample.c ****     SecGyro_Calib_Monitor.calib_cycle = GYR_STATIC_CALIB_CYCLE;
 381:Service/Srv_IMUSample.c ****     SecGyro_Calib_Monitor.cur_cycle = 0;
 382:Service/Srv_IMUSample.c **** 
 383:Service/Srv_IMUSample.c ****     SrvIMU_ErrorCode_List SecIMU_Init_State = SrvIMU_SecIMU_Init();
 384:Service/Srv_IMUSample.c ****     
 385:Service/Srv_IMUSample.c ****     if (SecIMU_Init_State == SrvIMU_No_Error)
 386:Service/Srv_IMUSample.c ****     {
 387:Service/Srv_IMUSample.c ****         SrvMpu_Init_Reg.sec.Sec_State = true;
 388:Service/Srv_IMUSample.c **** 
 389:Service/Srv_IMUSample.c ****         /* init filter */
 390:Service/Srv_IMUSample.c ****         for(uint8_t i = Axis_X; i < Axis_Sum; i++)
 391:Service/Srv_IMUSample.c ****         {
 392:Service/Srv_IMUSample.c ****             SecIMU_Gyr_LPF_Handle[i] = Butterworth.init(Gyr_Filter_Ptr);
 393:Service/Srv_IMUSample.c ****             SecIMU_Acc_LPF_Handle[i] = Butterworth.init(Acc_Filter_Ptr);
 394:Service/Srv_IMUSample.c **** 
 395:Service/Srv_IMUSample.c ****             if( (SecIMU_Gyr_LPF_Handle[i] == 0) || 
 396:Service/Srv_IMUSample.c ****                 (SecIMU_Acc_LPF_Handle[i] == 0))
 397:Service/Srv_IMUSample.c ****             {
 398:Service/Srv_IMUSample.c ****                 ErrorLog.trigger(SrvMPU_Error_Handle, SrvIMU_SecIMU_Filter_Init_Error, NULL, 0);
 399:Service/Srv_IMUSample.c ****                 return SrvIMU_SecIMU_Filter_Init_Error;
 400:Service/Srv_IMUSample.c ****             }
 401:Service/Srv_IMUSample.c ****         }
 402:Service/Srv_IMUSample.c ****     }
 403:Service/Srv_IMUSample.c ****     else
 404:Service/Srv_IMUSample.c ****         ErrorLog.trigger(SrvMPU_Error_Handle, SecIMU_Init_State, &InUse_SecIMU_Obj, sizeof(InUse_Se
 405:Service/Srv_IMUSample.c **** 
 406:Service/Srv_IMUSample.c ****     if (!SrvMpu_Init_Reg.sec.Pri_State && !SrvMpu_Init_Reg.sec.Sec_State)
 407:Service/Srv_IMUSample.c ****     {
 408:Service/Srv_IMUSample.c ****         ErrorLog.trigger(SrvMPU_Error_Handle, SrvIMU_AllModule_Init_Error, NULL, 0);
 409:Service/Srv_IMUSample.c ****         return SrvIMU_AllModule_Init_Error;
 410:Service/Srv_IMUSample.c ****     }
 411:Service/Srv_IMUSample.c ****     else if (!SrvMpu_Init_Reg.sec.Pri_State && SrvMpu_Init_Reg.sec.Sec_State)
 412:Service/Srv_IMUSample.c ****     {
 413:Service/Srv_IMUSample.c ****         return SrvIMU_PriDev_Init_Error;
 414:Service/Srv_IMUSample.c ****     }
 415:Service/Srv_IMUSample.c ****     else if (SrvMpu_Init_Reg.sec.Pri_State && !SrvMpu_Init_Reg.sec.Sec_State)
 416:Service/Srv_IMUSample.c ****     {
 417:Service/Srv_IMUSample.c ****         return SrvIMU_SecDev_Init_Error;
 418:Service/Srv_IMUSample.c ****     }
 419:Service/Srv_IMUSample.c ****     else
 420:Service/Srv_IMUSample.c ****         return SrvIMU_No_Error;
 421:Service/Srv_IMUSample.c **** #else
 422:Service/Srv_IMUSample.c ****     if(!SrvMpu_Init_Reg.sec.Pri_State)
 423:Service/Srv_IMUSample.c ****         return SrvIMU_AllModule_Init_Error;
 424:Service/Srv_IMUSample.c **** 
 425:Service/Srv_IMUSample.c ****     return SrvIMU_SecDev_Init_Error;
 426:Service/Srv_IMUSample.c **** #endif
 427:Service/Srv_IMUSample.c **** }
 428:Service/Srv_IMUSample.c **** 
 429:Service/Srv_IMUSample.c **** /* init primary IMU Device */
ARM GAS  C:\Users\HUAV\AppData\Local\Temp\cc9W7lB3.s 			page 9


 430:Service/Srv_IMUSample.c **** /* consider use spi dma sample raw data */
 431:Service/Srv_IMUSample.c **** static SrvIMU_ErrorCode_List SrvIMU_PriIMU_Init(void)
 432:Service/Srv_IMUSample.c **** {
 433:Service/Srv_IMUSample.c ****     /* primary IMU Pin & Bus Init */
 434:Service/Srv_IMUSample.c ****     if (!BspGPIO.out_init(PriIMU_CSPin))
 435:Service/Srv_IMUSample.c ****         return SrvIMU_PriCSPin_Init_Error;
 436:Service/Srv_IMUSample.c **** 
 437:Service/Srv_IMUSample.c ****     if (!BspGPIO.exti_init(PriIMU_INTPin, SrvIMU_PriIMU_ExtiCallback))
 438:Service/Srv_IMUSample.c ****         return SrvIMU_PriExtiPin_Init_Error;
 439:Service/Srv_IMUSample.c **** 
 440:Service/Srv_IMUSample.c ****     PriIMU_BusCfg.Pin = PriIMU_BusPin;
 441:Service/Srv_IMUSample.c ****     if (!BspSPI.init(PriIMU_BusCfg, &PriIMU_Bus_Instance))
 442:Service/Srv_IMUSample.c ****         return SrvIMU_PriBus_Init_Error;
 443:Service/Srv_IMUSample.c **** 
 444:Service/Srv_IMUSample.c ****     switch(SrvIMU_AutoDetect(SrvIMU_PriIMU_BusTrans_Rec, SrvIMU_PriIMU_CS_Ctl))
 445:Service/Srv_IMUSample.c ****     {
 446:Service/Srv_IMUSample.c ****         case SrvIMU_Dev_MPU6000:
 447:Service/Srv_IMUSample.c ****             InUse_PriIMU_Obj.type = SrvIMU_Dev_MPU6000;
 448:Service/Srv_IMUSample.c ****             DevMPU6000.pre_init(&MPU6000Obj,
 449:Service/Srv_IMUSample.c ****                                 SrvIMU_PriIMU_CS_Ctl,
 450:Service/Srv_IMUSample.c ****                                 SrvIMU_PriIMU_BusTrans_Rec,
 451:Service/Srv_IMUSample.c ****                                 SrvOsCommon.delay_ms,
 452:Service/Srv_IMUSample.c ****                                 SrvOsCommon.get_os_ms);
 453:Service/Srv_IMUSample.c **** 
 454:Service/Srv_IMUSample.c ****             DevMPU6000.config(&MPU6000Obj,
 455:Service/Srv_IMUSample.c ****                                MPU6000_SampleRate_1K,
 456:Service/Srv_IMUSample.c ****                                MPU6000_Acc_16G,
 457:Service/Srv_IMUSample.c ****                                MPU6000_Gyr_2000DPS);
 458:Service/Srv_IMUSample.c **** 
 459:Service/Srv_IMUSample.c ****             InUse_PriIMU_Obj.obj_ptr = &MPU6000Obj;
 460:Service/Srv_IMUSample.c ****             InUse_PriIMU_Obj.OriData_ptr = &(MPU6000Obj.OriData);
 461:Service/Srv_IMUSample.c ****             InUse_PriIMU_Obj.acc_trip = MPU6000Obj.PHY_AccTrip_Val;
 462:Service/Srv_IMUSample.c ****             InUse_PriIMU_Obj.gyr_trip = MPU6000Obj.PHY_GyrTrip_Val;
 463:Service/Srv_IMUSample.c ****             
 464:Service/Srv_IMUSample.c ****             InUse_PriIMU_Obj.set_drdy = (SrvIMU_SetDataReady_Callback)(DevMPU6000.set_ready);
 465:Service/Srv_IMUSample.c ****             InUse_PriIMU_Obj.get_drdy = (SrvIMU_GetDataReady_Callback)DevMPU6000.get_ready;
 466:Service/Srv_IMUSample.c ****             InUse_PriIMU_Obj.get_scale = (SrvIMU_GetScale_Callback)(DevMPU6000.get_scale);
 467:Service/Srv_IMUSample.c ****             InUse_PriIMU_Obj.sample = (SrvIMU_Sample_Callback)(DevMPU6000.sample);
 468:Service/Srv_IMUSample.c ****             InUse_PriIMU_Obj.get_error = (SrvIMU_GetError_Callback)(DevMPU6000.get_error);
 469:Service/Srv_IMUSample.c **** 
 470:Service/Srv_IMUSample.c ****             if (!DevMPU6000.init(&MPU6000Obj))
 471:Service/Srv_IMUSample.c ****                 return SrvIMU_PriDev_Init_Error;
 472:Service/Srv_IMUSample.c ****         break;
 473:Service/Srv_IMUSample.c **** 
 474:Service/Srv_IMUSample.c ****         case SrvIMU_Dev_ICM20602:
 475:Service/Srv_IMUSample.c ****             InUse_PriIMU_Obj.type = SrvIMU_Dev_ICM20602;
 476:Service/Srv_IMUSample.c ****             DevICM20602.pre_init(&ICM20602Obj,
 477:Service/Srv_IMUSample.c ****                                  SrvIMU_PriIMU_CS_Ctl,
 478:Service/Srv_IMUSample.c ****                                  SrvIMU_PriIMU_BusTrans_Rec,
 479:Service/Srv_IMUSample.c ****                                  SrvOsCommon.delay_ms,
 480:Service/Srv_IMUSample.c ****                                  SrvOsCommon.get_os_ms);
 481:Service/Srv_IMUSample.c **** 
 482:Service/Srv_IMUSample.c ****             DevICM20602.config(&ICM20602Obj,
 483:Service/Srv_IMUSample.c ****                                 ICM20602_SampleRate_1K,
 484:Service/Srv_IMUSample.c ****                                 ICM20602_Acc_16G,
 485:Service/Srv_IMUSample.c ****                                 ICM20602_Gyr_2000DPS);
 486:Service/Srv_IMUSample.c **** 
ARM GAS  C:\Users\HUAV\AppData\Local\Temp\cc9W7lB3.s 			page 10


 487:Service/Srv_IMUSample.c ****             InUse_PriIMU_Obj.obj_ptr = &ICM20602Obj;
 488:Service/Srv_IMUSample.c ****             InUse_PriIMU_Obj.OriData_ptr = &(ICM20602Obj.OriData);
 489:Service/Srv_IMUSample.c ****             InUse_PriIMU_Obj.acc_trip = ICM20602Obj.PHY_AccTrip_Val;
 490:Service/Srv_IMUSample.c ****             InUse_PriIMU_Obj.gyr_trip = ICM20602Obj.PHY_GyrTrip_Val;
 491:Service/Srv_IMUSample.c **** 
 492:Service/Srv_IMUSample.c ****             InUse_PriIMU_Obj.set_drdy = (SrvIMU_SetDataReady_Callback)(DevICM20602.set_ready);
 493:Service/Srv_IMUSample.c ****             InUse_PriIMU_Obj.get_drdy = (SrvIMU_GetDataReady_Callback)DevICM20602.get_ready;
 494:Service/Srv_IMUSample.c ****             InUse_PriIMU_Obj.get_scale = (SrvIMU_GetScale_Callback)(DevICM20602.get_scale);
 495:Service/Srv_IMUSample.c ****             InUse_PriIMU_Obj.sample = (SrvIMU_Sample_Callback)(DevICM20602.sample);
 496:Service/Srv_IMUSample.c ****             InUse_PriIMU_Obj.get_error = (SrvIMU_GetError_Callback)(DevICM20602.get_error);
 497:Service/Srv_IMUSample.c **** 
 498:Service/Srv_IMUSample.c ****             if (!DevICM20602.init(&ICM20602Obj))
 499:Service/Srv_IMUSample.c ****                 return SrvIMU_PriDev_Init_Error;
 500:Service/Srv_IMUSample.c ****         break;
 501:Service/Srv_IMUSample.c **** 
 502:Service/Srv_IMUSample.c ****         case SrvIMU_Dev_ICM42688P:
 503:Service/Srv_IMUSample.c ****             InUse_PriIMU_Obj.type = SrvIMU_Dev_ICM42688P;
 504:Service/Srv_IMUSample.c ****             DevICM426xx.pre_init(&ICM42688PObj,
 505:Service/Srv_IMUSample.c ****                                  SrvIMU_PriIMU_CS_Ctl,
 506:Service/Srv_IMUSample.c ****                                  SrvIMU_PriIMU_BusTrans_Rec,
 507:Service/Srv_IMUSample.c ****                                  SrvOsCommon.delay_ms,
 508:Service/Srv_IMUSample.c ****                                  SrvOsCommon.get_os_ms);
 509:Service/Srv_IMUSample.c **** 
 510:Service/Srv_IMUSample.c ****             DevICM426xx.config(&ICM42688PObj,
 511:Service/Srv_IMUSample.c ****                                 ICM426xx_SampleRate_1K,
 512:Service/Srv_IMUSample.c ****                                 ICM426xx_Acc_16G,
 513:Service/Srv_IMUSample.c ****                                 ICM426xx_Gyr_2000DPS);
 514:Service/Srv_IMUSample.c **** 
 515:Service/Srv_IMUSample.c ****             InUse_PriIMU_Obj.obj_ptr = &ICM42688PObj;
 516:Service/Srv_IMUSample.c ****             InUse_PriIMU_Obj.OriData_ptr = &(ICM42688PObj.OriData);
 517:Service/Srv_IMUSample.c ****             InUse_PriIMU_Obj.acc_trip = ICM42688PObj.PHY_AccTrip_Val;
 518:Service/Srv_IMUSample.c ****             InUse_PriIMU_Obj.gyr_trip = ICM42688PObj.PHY_GyrTrip_Val;
 519:Service/Srv_IMUSample.c **** 
 520:Service/Srv_IMUSample.c ****             InUse_PriIMU_Obj.set_drdy = (SrvIMU_SetDataReady_Callback)(DevICM426xx.set_ready);
 521:Service/Srv_IMUSample.c ****             InUse_PriIMU_Obj.get_drdy = (SrvIMU_GetDataReady_Callback)(DevICM426xx.get_ready);
 522:Service/Srv_IMUSample.c ****             InUse_PriIMU_Obj.get_scale = (SrvIMU_GetScale_Callback)(DevICM426xx.get_scale);
 523:Service/Srv_IMUSample.c ****             InUse_PriIMU_Obj.sample = (SrvIMU_Sample_Callback)(DevICM426xx.sample);
 524:Service/Srv_IMUSample.c ****             InUse_PriIMU_Obj.get_error = (SrvIMU_GetError_Callback)(DevICM426xx.get_error);
 525:Service/Srv_IMUSample.c **** 
 526:Service/Srv_IMUSample.c ****             if (!DevICM426xx.init(&ICM42688PObj))
 527:Service/Srv_IMUSample.c ****                 return SrvIMU_PriDev_Init_Error;
 528:Service/Srv_IMUSample.c ****         break;
 529:Service/Srv_IMUSample.c **** 
 530:Service/Srv_IMUSample.c ****         case SrvIMU_Dev_ICM42605:
 531:Service/Srv_IMUSample.c ****             InUse_PriIMU_Obj.type = SrvIMU_Dev_ICM42605;
 532:Service/Srv_IMUSample.c ****             DevICM426xx.pre_init(&ICM42605Obj,
 533:Service/Srv_IMUSample.c ****                                  SrvIMU_PriIMU_CS_Ctl,
 534:Service/Srv_IMUSample.c ****                                  SrvIMU_PriIMU_BusTrans_Rec,
 535:Service/Srv_IMUSample.c ****                                  SrvOsCommon.delay_ms,
 536:Service/Srv_IMUSample.c ****                                  SrvOsCommon.get_os_ms);
 537:Service/Srv_IMUSample.c **** 
 538:Service/Srv_IMUSample.c ****             DevICM426xx.config(&ICM42605Obj,
 539:Service/Srv_IMUSample.c ****                                 ICM426xx_SampleRate_1K,
 540:Service/Srv_IMUSample.c ****                                 ICM426xx_Acc_16G,
 541:Service/Srv_IMUSample.c ****                                 ICM426xx_Gyr_2000DPS);
 542:Service/Srv_IMUSample.c **** 
 543:Service/Srv_IMUSample.c ****             InUse_PriIMU_Obj.obj_ptr = &ICM42605Obj;
ARM GAS  C:\Users\HUAV\AppData\Local\Temp\cc9W7lB3.s 			page 11


 544:Service/Srv_IMUSample.c ****             InUse_PriIMU_Obj.OriData_ptr = &(ICM42605Obj.OriData);
 545:Service/Srv_IMUSample.c ****             InUse_PriIMU_Obj.acc_trip = ICM42605Obj.PHY_AccTrip_Val;
 546:Service/Srv_IMUSample.c ****             InUse_PriIMU_Obj.gyr_trip = ICM42605Obj.PHY_GyrTrip_Val;
 547:Service/Srv_IMUSample.c **** 
 548:Service/Srv_IMUSample.c ****             InUse_PriIMU_Obj.set_drdy = (SrvIMU_SetDataReady_Callback)(DevICM426xx.set_ready);
 549:Service/Srv_IMUSample.c ****             InUse_PriIMU_Obj.get_drdy = (SrvIMU_GetDataReady_Callback)(DevICM426xx.get_ready);
 550:Service/Srv_IMUSample.c ****             InUse_PriIMU_Obj.get_scale = (SrvIMU_GetScale_Callback)(DevICM426xx.get_scale);
 551:Service/Srv_IMUSample.c ****             InUse_PriIMU_Obj.sample = (SrvIMU_Sample_Callback)(DevICM426xx.sample);
 552:Service/Srv_IMUSample.c ****             InUse_PriIMU_Obj.get_error = (SrvIMU_GetError_Callback)(DevICM426xx.get_error);
 553:Service/Srv_IMUSample.c **** 
 554:Service/Srv_IMUSample.c ****             if (!DevICM426xx.init(&ICM42605Obj))
 555:Service/Srv_IMUSample.c ****                 return SrvIMU_PriDev_Init_Error;
 556:Service/Srv_IMUSample.c ****         break;
 557:Service/Srv_IMUSample.c **** 
 558:Service/Srv_IMUSample.c ****         default: return SrvIMU_PriDev_Detect_Error;
 559:Service/Srv_IMUSample.c ****     }
 560:Service/Srv_IMUSample.c **** 
 561:Service/Srv_IMUSample.c ****     return SrvIMU_No_Error;
 562:Service/Srv_IMUSample.c **** }
 563:Service/Srv_IMUSample.c **** 
 564:Service/Srv_IMUSample.c **** /* input true selected / false deselected */
 565:Service/Srv_IMUSample.c **** static void SrvIMU_PriIMU_CS_Ctl(bool state)
 566:Service/Srv_IMUSample.c **** {
  29              		.loc 1 566 1 view -0
  30              		.cfi_startproc
  31              		@ args = 0, pretend = 0, frame = 0
  32              		@ frame_needed = 0, uses_anonymous_args = 0
  33              		.loc 1 566 1 is_stmt 0 view .LVU1
  34 0000 10B5     		push	{r4, lr}
  35              	.LCFI0:
  36              		.cfi_def_cfa_offset 8
  37              		.cfi_offset 4, -8
  38              		.cfi_offset 14, -4
  39 0002 0346     		mov	r3, r0
 567:Service/Srv_IMUSample.c ****     BspGPIO.write(PriIMU_CSPin, state);
  40              		.loc 1 567 5 is_stmt 1 view .LVU2
  41              		.loc 1 567 12 is_stmt 0 view .LVU3
  42 0004 024A     		ldr	r2, .L3
  43 0006 D469     		ldr	r4, [r2, #28]
  44              		.loc 1 567 5 view .LVU4
  45 0008 024A     		ldr	r2, .L3+4
  46 000a 07CA     		ldm	r2, {r0, r1, r2}
  47              	.LVL1:
  48              		.loc 1 567 5 view .LVU5
  49 000c A047     		blx	r4
  50              	.LVL2:
 568:Service/Srv_IMUSample.c **** }
  51              		.loc 1 568 1 view .LVU6
  52 000e 10BD     		pop	{r4, pc}
  53              	.L4:
  54              		.align	2
  55              	.L3:
  56 0010 00000000 		.word	BspGPIO
  57 0014 00000000 		.word	PriIMU_CSPin
  58              		.cfi_endproc
  59              	.LFE145:
  61              		.section	.text.SrvIMU_PriIMU_BusTrans_Rec,"ax",%progbits
ARM GAS  C:\Users\HUAV\AppData\Local\Temp\cc9W7lB3.s 			page 12


  62              		.align	1
  63              		.syntax unified
  64              		.thumb
  65              		.thumb_func
  67              	SrvIMU_PriIMU_BusTrans_Rec:
  68              	.LVL3:
  69              	.LFB146:
 569:Service/Srv_IMUSample.c **** 
 570:Service/Srv_IMUSample.c **** static bool SrvIMU_PriIMU_BusTrans_Rec(uint8_t *Tx, uint8_t *Rx, uint16_t size)
 571:Service/Srv_IMUSample.c **** {
  70              		.loc 1 571 1 is_stmt 1 view -0
  71              		.cfi_startproc
  72              		@ args = 0, pretend = 0, frame = 0
  73              		@ frame_needed = 0, uses_anonymous_args = 0
  74              		.loc 1 571 1 is_stmt 0 view .LVU8
  75 0000 10B5     		push	{r4, lr}
  76              	.LCFI1:
  77              		.cfi_def_cfa_offset 8
  78              		.cfi_offset 4, -8
  79              		.cfi_offset 14, -4
  80 0002 82B0     		sub	sp, sp, #8
  81              	.LCFI2:
  82              		.cfi_def_cfa_offset 16
  83 0004 1346     		mov	r3, r2
 572:Service/Srv_IMUSample.c ****     return BspSPI.trans_receive(&PriIMU_Bus_Instance, Tx, Rx, size, IMU_Commu_TimeOut);
  84              		.loc 1 572 5 is_stmt 1 view .LVU9
  85              		.loc 1 572 18 is_stmt 0 view .LVU10
  86 0006 074A     		ldr	r2, .L7
  87              	.LVL4:
  88              		.loc 1 572 18 view .LVU11
  89 0008 1469     		ldr	r4, [r2, #16]
  90              		.loc 1 572 12 view .LVU12
  91 000a 4FF47A72 		mov	r2, #1000
  92 000e 0092     		str	r2, [sp]
  93 0010 0A46     		mov	r2, r1
  94 0012 0146     		mov	r1, r0
  95              	.LVL5:
  96              		.loc 1 572 12 view .LVU13
  97 0014 0448     		ldr	r0, .L7+4
  98              	.LVL6:
  99              		.loc 1 572 12 view .LVU14
 100 0016 A047     		blx	r4
 101              	.LVL7:
 573:Service/Srv_IMUSample.c **** }
 102              		.loc 1 573 1 view .LVU15
 103 0018 0038     		subs	r0, r0, #0
 104 001a 18BF     		it	ne
 105 001c 0120     		movne	r0, #1
 106 001e 02B0     		add	sp, sp, #8
 107              	.LCFI3:
 108              		.cfi_def_cfa_offset 8
 109              		@ sp needed
 110 0020 10BD     		pop	{r4, pc}
 111              	.L8:
 112 0022 00BF     		.align	2
 113              	.L7:
 114 0024 00000000 		.word	BspSPI
ARM GAS  C:\Users\HUAV\AppData\Local\Temp\cc9W7lB3.s 			page 13


 115 0028 00000000 		.word	.LANCHOR0
 116              		.cfi_endproc
 117              	.LFE146:
 119              		.section	.text.SrvIMU_DataCheck,"ax",%progbits
 120              		.align	1
 121              		.syntax unified
 122              		.thumb
 123              		.thumb_func
 125              	SrvIMU_DataCheck:
 126              	.LVL8:
 127              	.LFB147:
 574:Service/Srv_IMUSample.c **** 
 575:Service/Srv_IMUSample.c **** #if (IMU_SUM > 1)
 576:Service/Srv_IMUSample.c **** /* init primary IMU Device */
 577:Service/Srv_IMUSample.c **** /* consider use spi dma sample raw data */
 578:Service/Srv_IMUSample.c **** static SrvIMU_ErrorCode_List SrvIMU_SecIMU_Init(void)
 579:Service/Srv_IMUSample.c **** {
 580:Service/Srv_IMUSample.c ****     /* primary IMU Pin & Bus Init */
 581:Service/Srv_IMUSample.c ****     if (!BspGPIO.out_init(SecIMU_CSPin))
 582:Service/Srv_IMUSample.c ****         return SrvIMU_SecCSPin_Init_Error;
 583:Service/Srv_IMUSample.c **** 
 584:Service/Srv_IMUSample.c ****     if (!BspGPIO.exti_init(SecIMU_INTPin, SrvIMU_SecIMU_ExtiCallback))
 585:Service/Srv_IMUSample.c ****         return SrvIMU_SecExtiPin_Init_Error;
 586:Service/Srv_IMUSample.c **** 
 587:Service/Srv_IMUSample.c ****     SecIMU_BusCfg.Pin = SecIMU_BusPin;
 588:Service/Srv_IMUSample.c ****     if (!BspSPI.init(SecIMU_BusCfg, &SecIMU_Bus_Instance))
 589:Service/Srv_IMUSample.c ****         return SrvIMU_SecBus_Init_Error;
 590:Service/Srv_IMUSample.c **** 
 591:Service/Srv_IMUSample.c ****     switch(SrvIMU_AutoDetect(SrvIMU_SecIMU_BusTrans_Rec, SrvIMU_SecIMU_CS_Ctl))
 592:Service/Srv_IMUSample.c ****     {
 593:Service/Srv_IMUSample.c ****         case SrvIMU_Dev_MPU6000:
 594:Service/Srv_IMUSample.c ****             InUse_SecIMU_Obj.type = SrvIMU_Dev_MPU6000;
 595:Service/Srv_IMUSample.c ****             DevMPU6000.pre_init(&MPU6000Obj,
 596:Service/Srv_IMUSample.c ****                                 SrvIMU_SecIMU_CS_Ctl,
 597:Service/Srv_IMUSample.c ****                                 SrvIMU_SecIMU_BusTrans_Rec,
 598:Service/Srv_IMUSample.c ****                                 SrvOsCommon.delay_ms,
 599:Service/Srv_IMUSample.c ****                                 SrvOsCommon.get_os_ms);
 600:Service/Srv_IMUSample.c **** 
 601:Service/Srv_IMUSample.c ****             DevMPU6000.config(&MPU6000Obj,
 602:Service/Srv_IMUSample.c ****                                MPU6000_SampleRate_1K,
 603:Service/Srv_IMUSample.c ****                                MPU6000_Acc_16G,
 604:Service/Srv_IMUSample.c ****                                MPU6000_Gyr_2000DPS);
 605:Service/Srv_IMUSample.c **** 
 606:Service/Srv_IMUSample.c ****             InUse_SecIMU_Obj.obj_ptr = &MPU6000Obj;
 607:Service/Srv_IMUSample.c ****             InUse_SecIMU_Obj.OriData_ptr = &(MPU6000Obj.OriData);
 608:Service/Srv_IMUSample.c ****             InUse_SecIMU_Obj.acc_trip = MPU6000Obj.PHY_AccTrip_Val;
 609:Service/Srv_IMUSample.c ****             InUse_SecIMU_Obj.gyr_trip = MPU6000Obj.PHY_GyrTrip_Val;
 610:Service/Srv_IMUSample.c **** 
 611:Service/Srv_IMUSample.c ****             InUse_SecIMU_Obj.set_drdy = (SrvIMU_SetDataReady_Callback)(DevMPU6000.set_ready);
 612:Service/Srv_IMUSample.c ****             InUse_SecIMU_Obj.get_drdy = (SrvIMU_GetDataReady_Callback)(DevMPU6000.get_ready);
 613:Service/Srv_IMUSample.c ****             InUse_SecIMU_Obj.get_scale = (SrvIMU_GetScale_Callback)(DevMPU6000.get_scale);
 614:Service/Srv_IMUSample.c ****             InUse_SecIMU_Obj.sample = (SrvIMU_Sample_Callback)(DevMPU6000.sample);
 615:Service/Srv_IMUSample.c ****             InUse_SecIMU_Obj.get_error = (SrvIMU_GetError_Callback)(DevMPU6000.get_error);
 616:Service/Srv_IMUSample.c **** 
 617:Service/Srv_IMUSample.c ****             if (!DevMPU6000.init(&MPU6000Obj))
 618:Service/Srv_IMUSample.c ****                 return SrvIMU_SecDev_Init_Error;
 619:Service/Srv_IMUSample.c ****         break;
ARM GAS  C:\Users\HUAV\AppData\Local\Temp\cc9W7lB3.s 			page 14


 620:Service/Srv_IMUSample.c **** 
 621:Service/Srv_IMUSample.c ****         case SrvIMU_Dev_ICM20602:
 622:Service/Srv_IMUSample.c ****             InUse_SecIMU_Obj.type = SrvIMU_Dev_ICM20602;
 623:Service/Srv_IMUSample.c ****             DevICM20602.pre_init(&ICM20602Obj,
 624:Service/Srv_IMUSample.c ****                                  SrvIMU_SecIMU_CS_Ctl,
 625:Service/Srv_IMUSample.c ****                                  SrvIMU_SecIMU_BusTrans_Rec,
 626:Service/Srv_IMUSample.c ****                                  SrvOsCommon.delay_ms,
 627:Service/Srv_IMUSample.c ****                                  SrvOsCommon.get_os_ms);
 628:Service/Srv_IMUSample.c **** 
 629:Service/Srv_IMUSample.c ****             DevICM20602.config(&ICM20602Obj,
 630:Service/Srv_IMUSample.c ****                                 ICM20602_SampleRate_1K,
 631:Service/Srv_IMUSample.c ****                                 ICM20602_Acc_16G,
 632:Service/Srv_IMUSample.c ****                                 ICM20602_Gyr_2000DPS);
 633:Service/Srv_IMUSample.c **** 
 634:Service/Srv_IMUSample.c ****             InUse_SecIMU_Obj.obj_ptr = &ICM20602Obj;
 635:Service/Srv_IMUSample.c ****             InUse_SecIMU_Obj.OriData_ptr = &(ICM20602Obj.OriData);
 636:Service/Srv_IMUSample.c ****             InUse_SecIMU_Obj.acc_trip = ICM20602Obj.PHY_AccTrip_Val;
 637:Service/Srv_IMUSample.c ****             InUse_SecIMU_Obj.gyr_trip = ICM20602Obj.PHY_GyrTrip_Val;
 638:Service/Srv_IMUSample.c **** 
 639:Service/Srv_IMUSample.c ****             InUse_SecIMU_Obj.set_drdy = (SrvIMU_SetDataReady_Callback)(DevICM20602.set_ready);
 640:Service/Srv_IMUSample.c ****             InUse_SecIMU_Obj.get_drdy = (SrvIMU_GetDataReady_Callback)(DevICM20602.get_ready);
 641:Service/Srv_IMUSample.c ****             InUse_SecIMU_Obj.get_scale = (SrvIMU_GetScale_Callback)(DevICM20602.get_scale);
 642:Service/Srv_IMUSample.c ****             InUse_SecIMU_Obj.sample = (SrvIMU_Sample_Callback)(DevICM20602.sample);
 643:Service/Srv_IMUSample.c ****             InUse_SecIMU_Obj.get_error = (SrvIMU_GetError_Callback)(DevICM20602.get_error);
 644:Service/Srv_IMUSample.c **** 
 645:Service/Srv_IMUSample.c ****             if (!DevICM20602.init(&ICM20602Obj))
 646:Service/Srv_IMUSample.c ****                 return SrvIMU_SecDev_Init_Error;
 647:Service/Srv_IMUSample.c ****         break;
 648:Service/Srv_IMUSample.c **** 
 649:Service/Srv_IMUSample.c ****         case SrvIMU_Dev_ICM42688P:
 650:Service/Srv_IMUSample.c ****             InUse_SecIMU_Obj.type = SrvIMU_Dev_ICM42688P;
 651:Service/Srv_IMUSample.c ****             DevICM426xx.pre_init(&ICM42688PObj,
 652:Service/Srv_IMUSample.c ****                                  SrvIMU_SecIMU_CS_Ctl,
 653:Service/Srv_IMUSample.c ****                                  SrvIMU_SecIMU_BusTrans_Rec,
 654:Service/Srv_IMUSample.c ****                                  SrvOsCommon.delay_ms,
 655:Service/Srv_IMUSample.c ****                                  SrvOsCommon.get_os_ms);
 656:Service/Srv_IMUSample.c **** 
 657:Service/Srv_IMUSample.c ****             DevICM426xx.config(&ICM42688PObj,
 658:Service/Srv_IMUSample.c ****                                 ICM426xx_SampleRate_1K,
 659:Service/Srv_IMUSample.c ****                                 ICM426xx_Acc_16G,
 660:Service/Srv_IMUSample.c ****                                 ICM426xx_Gyr_2000DPS);
 661:Service/Srv_IMUSample.c **** 
 662:Service/Srv_IMUSample.c ****             InUse_SecIMU_Obj.obj_ptr = &ICM42688PObj;
 663:Service/Srv_IMUSample.c ****             InUse_SecIMU_Obj.OriData_ptr = &(ICM42688PObj.OriData);
 664:Service/Srv_IMUSample.c ****             InUse_SecIMU_Obj.acc_trip = ICM42688PObj.PHY_AccTrip_Val;
 665:Service/Srv_IMUSample.c ****             InUse_SecIMU_Obj.gyr_trip = ICM42688PObj.PHY_GyrTrip_Val;
 666:Service/Srv_IMUSample.c **** 
 667:Service/Srv_IMUSample.c ****             InUse_SecIMU_Obj.set_drdy = (SrvIMU_SetDataReady_Callback)(DevICM426xx.set_ready);
 668:Service/Srv_IMUSample.c ****             InUse_SecIMU_Obj.get_drdy = (SrvIMU_GetDataReady_Callback)(DevICM426xx.get_ready);
 669:Service/Srv_IMUSample.c ****             InUse_SecIMU_Obj.get_scale = (SrvIMU_GetScale_Callback)(DevICM426xx.get_scale);
 670:Service/Srv_IMUSample.c ****             InUse_SecIMU_Obj.sample = (SrvIMU_Sample_Callback)(DevICM426xx.sample);
 671:Service/Srv_IMUSample.c ****             InUse_SecIMU_Obj.get_error = (SrvIMU_GetError_Callback)(DevICM426xx.get_error);
 672:Service/Srv_IMUSample.c **** 
 673:Service/Srv_IMUSample.c ****             if (!DevICM426xx.init(&ICM42688PObj))
 674:Service/Srv_IMUSample.c ****                 return SrvIMU_SecDev_Init_Error;
 675:Service/Srv_IMUSample.c ****         break;
 676:Service/Srv_IMUSample.c **** 
ARM GAS  C:\Users\HUAV\AppData\Local\Temp\cc9W7lB3.s 			page 15


 677:Service/Srv_IMUSample.c ****         case SrvIMU_Dev_ICM42605:
 678:Service/Srv_IMUSample.c ****             InUse_SecIMU_Obj.type = SrvIMU_Dev_ICM42605;
 679:Service/Srv_IMUSample.c ****             DevICM426xx.pre_init(&ICM42605Obj,
 680:Service/Srv_IMUSample.c ****                                  SrvIMU_SecIMU_CS_Ctl,
 681:Service/Srv_IMUSample.c ****                                  SrvIMU_SecIMU_BusTrans_Rec,
 682:Service/Srv_IMUSample.c ****                                  SrvOsCommon.delay_ms,
 683:Service/Srv_IMUSample.c ****                                  SrvOsCommon.get_os_ms);
 684:Service/Srv_IMUSample.c **** 
 685:Service/Srv_IMUSample.c ****             DevICM426xx.config(&ICM42605Obj,
 686:Service/Srv_IMUSample.c ****                                 ICM426xx_SampleRate_1K,
 687:Service/Srv_IMUSample.c ****                                 ICM426xx_Acc_16G,
 688:Service/Srv_IMUSample.c ****                                 ICM426xx_Gyr_2000DPS);
 689:Service/Srv_IMUSample.c **** 
 690:Service/Srv_IMUSample.c ****             InUse_SecIMU_Obj.obj_ptr = &ICM42605Obj;
 691:Service/Srv_IMUSample.c ****             InUse_SecIMU_Obj.OriData_ptr = &(ICM42605Obj.OriData);
 692:Service/Srv_IMUSample.c ****             InUse_SecIMU_Obj.acc_trip = ICM42605Obj.PHY_AccTrip_Val;
 693:Service/Srv_IMUSample.c ****             InUse_SecIMU_Obj.gyr_trip = ICM42605Obj.PHY_GyrTrip_Val;
 694:Service/Srv_IMUSample.c **** 
 695:Service/Srv_IMUSample.c ****             InUse_SecIMU_Obj.set_drdy = (SrvIMU_SetDataReady_Callback)(DevICM426xx.set_ready);
 696:Service/Srv_IMUSample.c ****             InUse_SecIMU_Obj.get_drdy = (SrvIMU_GetDataReady_Callback)(DevICM426xx.get_ready);
 697:Service/Srv_IMUSample.c ****             InUse_SecIMU_Obj.get_scale = (SrvIMU_GetScale_Callback)(DevICM426xx.get_scale);
 698:Service/Srv_IMUSample.c ****             InUse_SecIMU_Obj.sample = (SrvIMU_Sample_Callback)(DevICM426xx.sample);
 699:Service/Srv_IMUSample.c ****             InUse_SecIMU_Obj.get_error = (SrvIMU_GetError_Callback)(DevICM426xx.get_error);
 700:Service/Srv_IMUSample.c **** 
 701:Service/Srv_IMUSample.c ****             if (!DevICM426xx.init(&ICM42605Obj))
 702:Service/Srv_IMUSample.c ****                 return SrvIMU_SecDev_Init_Error;
 703:Service/Srv_IMUSample.c ****         break;
 704:Service/Srv_IMUSample.c **** 
 705:Service/Srv_IMUSample.c ****         default: return SrvIMU_SecDev_Detect_Error;
 706:Service/Srv_IMUSample.c ****     }
 707:Service/Srv_IMUSample.c **** 
 708:Service/Srv_IMUSample.c ****     return SrvIMU_No_Error;
 709:Service/Srv_IMUSample.c **** }
 710:Service/Srv_IMUSample.c **** 
 711:Service/Srv_IMUSample.c **** static void SrvIMU_SecIMU_CS_Ctl(bool state)
 712:Service/Srv_IMUSample.c **** {
 713:Service/Srv_IMUSample.c ****     BspGPIO.write(SecIMU_CSPin, state);
 714:Service/Srv_IMUSample.c **** }
 715:Service/Srv_IMUSample.c **** 
 716:Service/Srv_IMUSample.c **** static bool SrvIMU_SecIMU_BusTrans_Rec(uint8_t *Tx, uint8_t *Rx, uint16_t size)
 717:Service/Srv_IMUSample.c **** {
 718:Service/Srv_IMUSample.c ****     return BspSPI.trans_receive(&SecIMU_Bus_Instance, Tx, Rx, size, IMU_Commu_TimeOut);
 719:Service/Srv_IMUSample.c **** }
 720:Service/Srv_IMUSample.c **** #endif
 721:Service/Srv_IMUSample.c **** 
 722:Service/Srv_IMUSample.c **** /************************************************************ Module Sample API Function **********
 723:Service/Srv_IMUSample.c **** static SrvIMU_SampleErrorCode_List SrvIMU_DataCheck(IMUData_TypeDef *data, uint8_t acc_range, uint1
 724:Service/Srv_IMUSample.c **** {
 128              		.loc 1 724 1 is_stmt 1 view -0
 129              		.cfi_startproc
 130              		@ args = 0, pretend = 0, frame = 0
 131              		@ frame_needed = 0, uses_anonymous_args = 0
 132              		.loc 1 724 1 is_stmt 0 view .LVU17
 133 0000 07EE101A 		vmov	s14, r1	@ int
 134 0004 07EE902A 		vmov	s15, r2	@ int
 725:Service/Srv_IMUSample.c ****     float Acc_Range_Max = acc_range * MPU_RANGE_MAX_THRESHOLD;
 135              		.loc 1 725 5 is_stmt 1 view .LVU18
ARM GAS  C:\Users\HUAV\AppData\Local\Temp\cc9W7lB3.s 			page 16


 136              		.loc 1 725 37 is_stmt 0 view .LVU19
 137 0008 B8EEC77A 		vcvt.f32.s32	s14, s14
 138              		.loc 1 725 11 view .LVU20
 139 000c DFED4A5A 		vldr.32	s11, .L32
 140 0010 27EE255A 		vmul.f32	s10, s14, s11
 141              	.LVL9:
 726:Service/Srv_IMUSample.c ****     float Gyr_Range_Max = gyr_range * MPU_RANGE_MAX_THRESHOLD;
 142              		.loc 1 726 5 is_stmt 1 view .LVU21
 143              		.loc 1 726 37 is_stmt 0 view .LVU22
 144 0014 F8EEE77A 		vcvt.f32.s32	s15, s15
 145              		.loc 1 726 11 view .LVU23
 146 0018 67EEA55A 		vmul.f32	s11, s15, s11
 147              	.LVL10:
 727:Service/Srv_IMUSample.c ****     float Acc_Range_Min = acc_range * MPU_RANGE_MIN_THRESHOLD;
 148              		.loc 1 727 5 is_stmt 1 view .LVU24
 149              		.loc 1 727 11 is_stmt 0 view .LVU25
 150 001c DFED476A 		vldr.32	s13, .L32+4
 151 0020 27EE266A 		vmul.f32	s12, s14, s13
 152              	.LVL11:
 728:Service/Srv_IMUSample.c ****     float Gyr_Range_Min = gyr_range * MPU_RANGE_MIN_THRESHOLD;
 153              		.loc 1 728 5 is_stmt 1 view .LVU26
 154              		.loc 1 728 11 is_stmt 0 view .LVU27
 155 0024 67EEA66A 		vmul.f32	s13, s15, s13
 156              	.LVL12:
 729:Service/Srv_IMUSample.c **** 
 730:Service/Srv_IMUSample.c ****     for (uint8_t axis = Axis_X; axis < Axis_Sum; axis++)
 157              		.loc 1 730 5 is_stmt 1 view .LVU28
 158              	.LBB2:
 159              		.loc 1 730 10 view .LVU29
 160              		.loc 1 730 18 is_stmt 0 view .LVU30
 161 0028 0023     		movs	r3, #0
 162              	.LVL13:
 163              		.loc 1 730 33 is_stmt 1 view .LVU31
 164              		.loc 1 730 5 is_stmt 0 view .LVU32
 165 002a 022B     		cmp	r3, #2
 166 002c 00F28280 		bhi	.L29
 167              	.LBE2:
 724:Service/Srv_IMUSample.c ****     float Acc_Range_Max = acc_range * MPU_RANGE_MAX_THRESHOLD;
 168              		.loc 1 724 1 view .LVU33
 169 0030 00B5     		push	{lr}
 170              	.LCFI4:
 171              		.cfi_def_cfa_offset 4
 172              		.cfi_offset 14, -4
 173 0032 1AE0     		b	.L18
 174              	.LVL14:
 175              	.L31:
 176              	.LBB3:
 731:Service/Srv_IMUSample.c ****     {
 732:Service/Srv_IMUSample.c ****         /* over range chack */
 733:Service/Srv_IMUSample.c ****         {
 734:Service/Srv_IMUSample.c ****             /* check acc data range */
 735:Service/Srv_IMUSample.c ****             if (fabs(data->acc_flt[axis]) > Acc_Range_Max)
 736:Service/Srv_IMUSample.c ****                 return SrvIMU_Sample_Data_Acc_OverRange;
 737:Service/Srv_IMUSample.c **** 
 738:Service/Srv_IMUSample.c ****             /* check gyr data range */
 739:Service/Srv_IMUSample.c ****             if (fabs(data->gyr_flt[axis]) > Gyr_Range_Max)
 740:Service/Srv_IMUSample.c ****                 return SrvIMU_Sample_Data_Gyr_OverRange;
ARM GAS  C:\Users\HUAV\AppData\Local\Temp\cc9W7lB3.s 			page 17


 741:Service/Srv_IMUSample.c ****         }
 742:Service/Srv_IMUSample.c **** 
 743:Service/Srv_IMUSample.c ****         /* blunt data check */
 744:Service/Srv_IMUSample.c ****         {
 745:Service/Srv_IMUSample.c ****             if (data->acc_int_lst[axis] != 0)
 746:Service/Srv_IMUSample.c ****             {
 747:Service/Srv_IMUSample.c ****                 if ((fabs(data->acc_flt[axis]) <= Acc_Range_Min) && (data->acc_int[axis] == data->a
 748:Service/Srv_IMUSample.c ****                 {
 749:Service/Srv_IMUSample.c ****                     data->acc_blunt_cnt[axis]++;
 177              		.loc 1 749 21 is_stmt 1 view .LVU34
 178              		.loc 1 749 40 is_stmt 0 view .LVU35
 179 0034 03F12001 		add	r1, r3, #32
 180 0038 00EB4101 		add	r1, r0, r1, lsl #1
 181 003c B1F801C0 		ldrh	ip, [r1, #1]	@ unaligned
 182              		.loc 1 749 46 view .LVU36
 183 0040 0CF1010C 		add	ip, ip, #1
 184 0044 1FFA8CFE 		uxth	lr, ip
 185 0048 A1F801C0 		strh	ip, [r1, #1]	@ unaligned
 750:Service/Srv_IMUSample.c **** 
 751:Service/Srv_IMUSample.c ****                     if (data->acc_blunt_cnt[axis] >= IMU_BLUNT_SAMPLE_CNT)
 186              		.loc 1 751 21 is_stmt 1 view .LVU37
 187              		.loc 1 751 24 is_stmt 0 view .LVU38
 188 004c BEF1630F 		cmp	lr, #99
 189 0050 47D9     		bls	.L12
 752:Service/Srv_IMUSample.c ****                     {
 753:Service/Srv_IMUSample.c ****                         return SrvIMU_Sample_Data_Acc_Blunt;
 190              		.loc 1 753 32 view .LVU39
 191 0052 0220     		movs	r0, #2
 192              	.LVL15:
 193              		.loc 1 753 32 view .LVU40
 194 0054 68E0     		b	.L11
 195              	.LVL16:
 196              	.L16:
 754:Service/Srv_IMUSample.c ****                     }
 755:Service/Srv_IMUSample.c ****                 }
 756:Service/Srv_IMUSample.c ****                 else
 757:Service/Srv_IMUSample.c ****                     data->acc_blunt_cnt[axis] = 0;
 758:Service/Srv_IMUSample.c ****             }
 759:Service/Srv_IMUSample.c **** 
 760:Service/Srv_IMUSample.c ****             if (data->gyr_int_lst[axis] != 0)
 761:Service/Srv_IMUSample.c ****             {
 762:Service/Srv_IMUSample.c ****                 if ((fabs(data->gyr_flt[axis]) <= Gyr_Range_Min) && (data->gyr_int[axis] == data->g
 763:Service/Srv_IMUSample.c ****                 {
 764:Service/Srv_IMUSample.c ****                     data->gyr_blunt_cnt[axis]++;
 765:Service/Srv_IMUSample.c **** 
 766:Service/Srv_IMUSample.c ****                     if (data->gyr_blunt_cnt[axis] >= IMU_BLUNT_SAMPLE_CNT)
 767:Service/Srv_IMUSample.c ****                     {
 768:Service/Srv_IMUSample.c ****                         return SrvIMU_Sample_Data_Gyr_Blunt;
 769:Service/Srv_IMUSample.c ****                     }
 770:Service/Srv_IMUSample.c ****                 }
 771:Service/Srv_IMUSample.c ****                 else
 772:Service/Srv_IMUSample.c ****                     data->gyr_blunt_cnt[axis] = 0;
 197              		.loc 1 772 21 is_stmt 1 view .LVU41
 198              		.loc 1 772 47 is_stmt 0 view .LVU42
 199 0056 1C32     		adds	r2, r2, #28
 200 0058 00EB4202 		add	r2, r0, r2, lsl #1
 201 005c 0021     		movs	r1, #0
ARM GAS  C:\Users\HUAV\AppData\Local\Temp\cc9W7lB3.s 			page 18


 202 005e D170     		strb	r1, [r2, #3]
 203 0060 1171     		strb	r1, [r2, #4]
 204              	.L15:
 730:Service/Srv_IMUSample.c ****     {
 205              		.loc 1 730 50 is_stmt 1 discriminator 2 view .LVU43
 730:Service/Srv_IMUSample.c ****     {
 206              		.loc 1 730 54 is_stmt 0 discriminator 2 view .LVU44
 207 0062 0133     		adds	r3, r3, #1
 208              	.LVL17:
 730:Service/Srv_IMUSample.c ****     {
 209              		.loc 1 730 54 discriminator 2 view .LVU45
 210 0064 DBB2     		uxtb	r3, r3
 211              	.LVL18:
 730:Service/Srv_IMUSample.c ****     {
 212              		.loc 1 730 33 is_stmt 1 discriminator 2 view .LVU46
 730:Service/Srv_IMUSample.c ****     {
 213              		.loc 1 730 5 is_stmt 0 discriminator 2 view .LVU47
 214 0066 022B     		cmp	r3, #2
 215 0068 5DD8     		bhi	.L30
 216              	.L18:
 735:Service/Srv_IMUSample.c ****                 return SrvIMU_Sample_Data_Acc_OverRange;
 217              		.loc 1 735 13 is_stmt 1 view .LVU48
 735:Service/Srv_IMUSample.c ****                 return SrvIMU_Sample_Data_Acc_OverRange;
 218              		.loc 1 735 35 is_stmt 0 view .LVU49
 219 006a 1A46     		mov	r2, r3
 220 006c 03F10801 		add	r1, r3, #8
 221 0070 00EB8101 		add	r1, r0, r1, lsl #2
 222 0074 D1F80310 		ldr	r1, [r1, #3]	@ unaligned
 223 0078 07EE901A 		vmov	s15, r1	@ int
 735:Service/Srv_IMUSample.c ****                 return SrvIMU_Sample_Data_Acc_OverRange;
 224              		.loc 1 735 17 view .LVU50
 225 007c F0EEE77A 		vabs.f32	s15, s15
 735:Service/Srv_IMUSample.c ****                 return SrvIMU_Sample_Data_Acc_OverRange;
 226              		.loc 1 735 16 view .LVU51
 227 0080 F4EEC57A 		vcmpe.f32	s15, s10
 228 0084 F1EE10FA 		vmrs	APSR_nzcv, FPSCR
 229 0088 50DC     		bgt	.L19
 739:Service/Srv_IMUSample.c ****                 return SrvIMU_Sample_Data_Gyr_OverRange;
 230              		.loc 1 739 13 is_stmt 1 view .LVU52
 739:Service/Srv_IMUSample.c ****                 return SrvIMU_Sample_Data_Gyr_OverRange;
 231              		.loc 1 739 35 is_stmt 0 view .LVU53
 232 008a 191D     		adds	r1, r3, #4
 233 008c 00EB8101 		add	r1, r0, r1, lsl #2
 234 0090 D1F80710 		ldr	r1, [r1, #7]	@ unaligned
 235 0094 07EE101A 		vmov	s14, r1	@ int
 739:Service/Srv_IMUSample.c ****                 return SrvIMU_Sample_Data_Gyr_OverRange;
 236              		.loc 1 739 17 view .LVU54
 237 0098 B0EEC77A 		vabs.f32	s14, s14
 739:Service/Srv_IMUSample.c ****                 return SrvIMU_Sample_Data_Gyr_OverRange;
 238              		.loc 1 739 16 view .LVU55
 239 009c B4EEE57A 		vcmpe.f32	s14, s11
 240 00a0 F1EE10FA 		vmrs	APSR_nzcv, FPSCR
 241 00a4 44DC     		bgt	.L20
 745:Service/Srv_IMUSample.c ****             {
 242              		.loc 1 745 13 is_stmt 1 view .LVU56
 745:Service/Srv_IMUSample.c ****             {
 243              		.loc 1 745 34 is_stmt 0 view .LVU57
ARM GAS  C:\Users\HUAV\AppData\Local\Temp\cc9W7lB3.s 			page 19


 244 00a6 03F11801 		add	r1, r3, #24
 245 00aa 00EB4101 		add	r1, r0, r1, lsl #1
 246 00ae B1F90510 		ldrsh	r1, [r1, #5]	@ unaligned
 745:Service/Srv_IMUSample.c ****             {
 247              		.loc 1 745 16 view .LVU58
 248 00b2 B1B1     		cbz	r1, .L12
 747:Service/Srv_IMUSample.c ****                 {
 249              		.loc 1 747 17 is_stmt 1 view .LVU59
 747:Service/Srv_IMUSample.c ****                 {
 250              		.loc 1 747 20 is_stmt 0 view .LVU60
 251 00b4 F4EEC67A 		vcmpe.f32	s15, s12
 252 00b8 F1EE10FA 		vmrs	APSR_nzcv, FPSCR
 253 00bc 07D8     		bhi	.L13
 747:Service/Srv_IMUSample.c ****                 {
 254              		.loc 1 747 83 discriminator 1 view .LVU61
 255 00be 03F1040C 		add	ip, r3, #4
 256 00c2 00EB4C0C 		add	ip, r0, ip, lsl #1
 257 00c6 BCF905C0 		ldrsh	ip, [ip, #5]	@ unaligned
 747:Service/Srv_IMUSample.c ****                 {
 258              		.loc 1 747 66 discriminator 1 view .LVU62
 259 00ca 6145     		cmp	r1, ip
 260 00cc B2D0     		beq	.L31
 261              	.L13:
 757:Service/Srv_IMUSample.c ****             }
 262              		.loc 1 757 21 is_stmt 1 view .LVU63
 757:Service/Srv_IMUSample.c ****             }
 263              		.loc 1 757 47 is_stmt 0 view .LVU64
 264 00ce 02F12001 		add	r1, r2, #32
 265 00d2 00EB4101 		add	r1, r0, r1, lsl #1
 266 00d6 4FF0000C 		mov	ip, #0
 267 00da 81F801C0 		strb	ip, [r1, #1]
 268 00de 81F802C0 		strb	ip, [r1, #2]
 269              	.L12:
 760:Service/Srv_IMUSample.c ****             {
 270              		.loc 1 760 13 is_stmt 1 view .LVU65
 760:Service/Srv_IMUSample.c ****             {
 271              		.loc 1 760 34 is_stmt 0 view .LVU66
 272 00e2 02F11401 		add	r1, r2, #20
 273 00e6 00EB4101 		add	r1, r0, r1, lsl #1
 274 00ea B1F90710 		ldrsh	r1, [r1, #7]	@ unaligned
 760:Service/Srv_IMUSample.c ****             {
 275              		.loc 1 760 16 view .LVU67
 276 00ee 0029     		cmp	r1, #0
 277 00f0 B7D0     		beq	.L15
 762:Service/Srv_IMUSample.c ****                 {
 278              		.loc 1 762 17 is_stmt 1 view .LVU68
 762:Service/Srv_IMUSample.c ****                 {
 279              		.loc 1 762 20 is_stmt 0 view .LVU69
 280 00f2 B4EEE67A 		vcmpe.f32	s14, s13
 281 00f6 F1EE10FA 		vmrs	APSR_nzcv, FPSCR
 282 00fa ACD8     		bhi	.L16
 762:Service/Srv_IMUSample.c ****                 {
 283              		.loc 1 762 83 discriminator 1 view .LVU70
 284 00fc 00EB420C 		add	ip, r0, r2, lsl #1
 285 0100 BCF907C0 		ldrsh	ip, [ip, #7]	@ unaligned
 762:Service/Srv_IMUSample.c ****                 {
 286              		.loc 1 762 66 discriminator 1 view .LVU71
ARM GAS  C:\Users\HUAV\AppData\Local\Temp\cc9W7lB3.s 			page 20


 287 0104 6145     		cmp	r1, ip
 288 0106 A6D1     		bne	.L16
 764:Service/Srv_IMUSample.c **** 
 289              		.loc 1 764 21 is_stmt 1 view .LVU72
 764:Service/Srv_IMUSample.c **** 
 290              		.loc 1 764 40 is_stmt 0 view .LVU73
 291 0108 1C32     		adds	r2, r2, #28
 292 010a 00EB4202 		add	r2, r0, r2, lsl #1
 293 010e B2F80310 		ldrh	r1, [r2, #3]	@ unaligned
 764:Service/Srv_IMUSample.c **** 
 294              		.loc 1 764 46 view .LVU74
 295 0112 0131     		adds	r1, r1, #1
 296 0114 1FFA81FC 		uxth	ip, r1
 297 0118 A2F80310 		strh	r1, [r2, #3]	@ unaligned
 766:Service/Srv_IMUSample.c ****                     {
 298              		.loc 1 766 21 is_stmt 1 view .LVU75
 766:Service/Srv_IMUSample.c ****                     {
 299              		.loc 1 766 24 is_stmt 0 view .LVU76
 300 011c BCF1630F 		cmp	ip, #99
 301 0120 9FD9     		bls	.L15
 768:Service/Srv_IMUSample.c ****                     }
 302              		.loc 1 768 32 view .LVU77
 303 0122 0320     		movs	r0, #3
 304              	.LVL19:
 768:Service/Srv_IMUSample.c ****                     }
 305              		.loc 1 768 32 view .LVU78
 306 0124 00E0     		b	.L11
 307              	.LVL20:
 308              	.L30:
 768:Service/Srv_IMUSample.c ****                     }
 309              		.loc 1 768 32 view .LVU79
 310              	.LBE3:
 773:Service/Srv_IMUSample.c ****             }
 774:Service/Srv_IMUSample.c ****         }
 775:Service/Srv_IMUSample.c ****     }
 776:Service/Srv_IMUSample.c **** 
 777:Service/Srv_IMUSample.c ****     return SrvIMU_Sample_NoError;
 311              		.loc 1 777 12 view .LVU80
 312 0126 0020     		movs	r0, #0
 313              	.LVL21:
 314              	.L11:
 778:Service/Srv_IMUSample.c **** }
 315              		.loc 1 778 1 view .LVU81
 316 0128 5DF804FB 		ldr	pc, [sp], #4
 317              	.LVL22:
 318              	.L19:
 319              	.LBB4:
 736:Service/Srv_IMUSample.c **** 
 320              		.loc 1 736 24 view .LVU82
 321 012c 0420     		movs	r0, #4
 322              	.LVL23:
 736:Service/Srv_IMUSample.c **** 
 323              		.loc 1 736 24 view .LVU83
 324 012e FBE7     		b	.L11
 325              	.LVL24:
 326              	.L20:
 740:Service/Srv_IMUSample.c ****         }
ARM GAS  C:\Users\HUAV\AppData\Local\Temp\cc9W7lB3.s 			page 21


 327              		.loc 1 740 24 view .LVU84
 328 0130 0520     		movs	r0, #5
 329              	.LVL25:
 740:Service/Srv_IMUSample.c ****         }
 330              		.loc 1 740 24 view .LVU85
 331 0132 F9E7     		b	.L11
 332              	.LVL26:
 333              	.L29:
 334              	.LCFI5:
 335              		.cfi_def_cfa_offset 0
 336              		.cfi_restore 14
 740:Service/Srv_IMUSample.c ****         }
 337              		.loc 1 740 24 view .LVU86
 338              	.LBE4:
 777:Service/Srv_IMUSample.c **** }
 339              		.loc 1 777 12 view .LVU87
 340 0134 0020     		movs	r0, #0
 341              	.LVL27:
 342              		.loc 1 778 1 view .LVU88
 343 0136 7047     		bx	lr
 344              	.L33:
 345              		.align	2
 346              	.L32:
 347 0138 9A99993F 		.word	1067030938
 348 013c 6666663F 		.word	1063675494
 349              		.cfi_endproc
 350              	.LFE147:
 352              		.section	.text.SrvIMU_Calib_GyroZeroOffset,"ax",%progbits
 353              		.align	1
 354              		.syntax unified
 355              		.thumb
 356              		.thumb_func
 358              	SrvIMU_Calib_GyroZeroOffset:
 359              	.LVL28:
 360              	.LFB148:
 779:Service/Srv_IMUSample.c **** 
 780:Service/Srv_IMUSample.c **** /* dynamic comput zero offset */
 781:Service/Srv_IMUSample.c **** static void SrvIMU_Calib_GyroZeroOffset(SrvIMU_CalibMonitor_TypeDef *cali_monitor, float *gyr)
 782:Service/Srv_IMUSample.c **** {
 361              		.loc 1 782 1 is_stmt 1 view -0
 362              		.cfi_startproc
 363              		@ args = 0, pretend = 0, frame = 0
 364              		@ frame_needed = 0, uses_anonymous_args = 0
 783:Service/Srv_IMUSample.c ****     uint8_t i = 0;
 365              		.loc 1 783 5 view .LVU90
 784:Service/Srv_IMUSample.c **** 
 785:Service/Srv_IMUSample.c ****     if ((cali_monitor->state == NULL) || (gyr == NULL))
 366              		.loc 1 785 5 view .LVU91
 367              		.loc 1 785 22 is_stmt 0 view .LVU92
 368 0000 0378     		ldrb	r3, [r0]	@ zero_extendqisi2
 369              		.loc 1 785 8 view .LVU93
 370 0002 002B     		cmp	r3, #0
 371 0004 00F0EC80 		beq	.L64
 372              		.loc 1 785 39 discriminator 1 view .LVU94
 373 0008 0029     		cmp	r1, #0
 374 000a 00F0E980 		beq	.L64
 782:Service/Srv_IMUSample.c ****     uint8_t i = 0;
ARM GAS  C:\Users\HUAV\AppData\Local\Temp\cc9W7lB3.s 			page 22


 375              		.loc 1 782 1 view .LVU95
 376 000e 00B5     		push	{lr}
 377              	.LCFI6:
 378              		.cfi_def_cfa_offset 4
 379              		.cfi_offset 14, -4
 786:Service/Srv_IMUSample.c ****         return;
 787:Service/Srv_IMUSample.c **** 
 788:Service/Srv_IMUSample.c ****     switch (cali_monitor->state)
 380              		.loc 1 788 5 is_stmt 1 view .LVU96
 381 0010 022B     		cmp	r3, #2
 382 0012 2AD0     		beq	.L36
 383 0014 042B     		cmp	r3, #4
 384 0016 00F0CA80 		beq	.L55
 385 001a 0BB1     		cbz	r3, .L67
 386              	.LVL29:
 387              	.L34:
 789:Service/Srv_IMUSample.c ****     {
 790:Service/Srv_IMUSample.c ****         case Calib_Ready:
 791:Service/Srv_IMUSample.c ****             cali_monitor->state = Calib_InProcess;
 792:Service/Srv_IMUSample.c ****             cali_monitor->cur_cycle = 1;
 793:Service/Srv_IMUSample.c ****         
 794:Service/Srv_IMUSample.c ****             for (i = Axis_X; i < Axis_Sum; i++)
 795:Service/Srv_IMUSample.c ****             {
 796:Service/Srv_IMUSample.c ****                 cali_monitor->avg[i] += gyr[i];
 797:Service/Srv_IMUSample.c ****                 cali_monitor->max[i] = gyr[i];
 798:Service/Srv_IMUSample.c ****                 cali_monitor->min[i] = gyr[i];
 799:Service/Srv_IMUSample.c ****             }
 800:Service/Srv_IMUSample.c ****             break;
 801:Service/Srv_IMUSample.c **** 
 802:Service/Srv_IMUSample.c ****         case Calib_InProcess:
 803:Service/Srv_IMUSample.c ****             cali_monitor->cur_cycle ++;
 804:Service/Srv_IMUSample.c **** 
 805:Service/Srv_IMUSample.c ****             if (cali_monitor->calib_cycle == cali_monitor->cur_cycle)
 806:Service/Srv_IMUSample.c ****             {
 807:Service/Srv_IMUSample.c ****                 cali_monitor->state = Calib_Ready;
 808:Service/Srv_IMUSample.c ****                 
 809:Service/Srv_IMUSample.c ****                 for (i = Axis_X; i < Axis_Sum; i++)
 810:Service/Srv_IMUSample.c ****                 {
 811:Service/Srv_IMUSample.c ****                     cali_monitor->avg[i] /= cali_monitor->calib_cycle;
 812:Service/Srv_IMUSample.c **** 
 813:Service/Srv_IMUSample.c ****                     if (fabs(cali_monitor->avg[i]) >= MOVING_DETECT_CONDITION_2)
 814:Service/Srv_IMUSample.c ****                     {
 815:Service/Srv_IMUSample.c ****                         cali_monitor->state = Calib_Failed;
 816:Service/Srv_IMUSample.c ****                         return;
 817:Service/Srv_IMUSample.c ****                     }
 818:Service/Srv_IMUSample.c ****                 }
 819:Service/Srv_IMUSample.c **** 
 820:Service/Srv_IMUSample.c ****                 /* after all axis checked set zero offset */
 821:Service/Srv_IMUSample.c ****                 for (i = Axis_X; i < Axis_Sum; i ++)
 822:Service/Srv_IMUSample.c ****                 {
 823:Service/Srv_IMUSample.c ****                     cali_monitor->z_offset[i] += cali_monitor->avg[i];
 824:Service/Srv_IMUSample.c ****                     cali_monitor->avg[i] = 0.0f;
 825:Service/Srv_IMUSample.c ****                     cali_monitor->max[i] = 0.0f;
 826:Service/Srv_IMUSample.c ****                     cali_monitor->min[i] = 0.0f;
 827:Service/Srv_IMUSample.c ****                 }
 828:Service/Srv_IMUSample.c **** 
 829:Service/Srv_IMUSample.c ****                 /* comput zero offset */
ARM GAS  C:\Users\HUAV\AppData\Local\Temp\cc9W7lB3.s 			page 23


 830:Service/Srv_IMUSample.c ****                 cali_monitor->state = Calib_Ready;
 831:Service/Srv_IMUSample.c ****                 cali_monitor->calib_cycle = GYR_STATIC_CALIB_CYCLE;
 832:Service/Srv_IMUSample.c ****                 break;
 833:Service/Srv_IMUSample.c ****             }
 834:Service/Srv_IMUSample.c **** 
 835:Service/Srv_IMUSample.c ****             for (i = Axis_X; i < Axis_Sum; i++)
 836:Service/Srv_IMUSample.c ****             {
 837:Service/Srv_IMUSample.c ****                 if (gyr[i] > cali_monitor->max[i])
 838:Service/Srv_IMUSample.c ****                     cali_monitor->max[i] = gyr[i];
 839:Service/Srv_IMUSample.c **** 
 840:Service/Srv_IMUSample.c ****                 if (gyr[i] < cali_monitor->min[i])
 841:Service/Srv_IMUSample.c ****                     cali_monitor->min[i] = gyr[i];
 842:Service/Srv_IMUSample.c **** 
 843:Service/Srv_IMUSample.c ****                 if (fabs(cali_monitor->max[i] - cali_monitor->min[i]) >= MOVING_DETECT_CONDITION_1)
 844:Service/Srv_IMUSample.c ****                 {
 845:Service/Srv_IMUSample.c ****                     cali_monitor->state = Calib_Failed;
 846:Service/Srv_IMUSample.c ****                     return;
 847:Service/Srv_IMUSample.c ****                 }
 848:Service/Srv_IMUSample.c **** 
 849:Service/Srv_IMUSample.c ****                 cali_monitor->avg[i] += gyr[i];
 850:Service/Srv_IMUSample.c ****             }
 851:Service/Srv_IMUSample.c ****             break;
 852:Service/Srv_IMUSample.c **** 
 853:Service/Srv_IMUSample.c ****         case Calib_Failed:
 854:Service/Srv_IMUSample.c ****             for (i = Axis_X; i < Axis_Sum; i ++)
 855:Service/Srv_IMUSample.c ****             {
 856:Service/Srv_IMUSample.c ****                 cali_monitor->avg[i] = 0.0f;
 857:Service/Srv_IMUSample.c ****                 cali_monitor->max[i] = 0.0f;
 858:Service/Srv_IMUSample.c ****                 cali_monitor->min[i] = 0.0f;
 859:Service/Srv_IMUSample.c ****             }
 860:Service/Srv_IMUSample.c **** 
 861:Service/Srv_IMUSample.c ****             cali_monitor->state = Calib_Ready;
 862:Service/Srv_IMUSample.c ****             cali_monitor->calib_cycle = GYR_STATIC_CALIB_CYCLE;
 863:Service/Srv_IMUSample.c ****             break;
 864:Service/Srv_IMUSample.c **** 
 865:Service/Srv_IMUSample.c ****         default: break;
 866:Service/Srv_IMUSample.c ****     }
 867:Service/Srv_IMUSample.c **** }
 388              		.loc 1 867 1 is_stmt 0 view .LVU97
 389 001c 5DF804FB 		ldr	pc, [sp], #4
 390              	.LVL30:
 391              	.L67:
 791:Service/Srv_IMUSample.c ****             cali_monitor->cur_cycle = 1;
 392              		.loc 1 791 13 is_stmt 1 view .LVU98
 791:Service/Srv_IMUSample.c ****             cali_monitor->cur_cycle = 1;
 393              		.loc 1 791 33 is_stmt 0 view .LVU99
 394 0020 0222     		movs	r2, #2
 395 0022 0270     		strb	r2, [r0]
 792:Service/Srv_IMUSample.c ****         
 396              		.loc 1 792 13 is_stmt 1 view .LVU100
 792:Service/Srv_IMUSample.c ****         
 397              		.loc 1 792 37 is_stmt 0 view .LVU101
 398 0024 0122     		movs	r2, #1
 399 0026 8280     		strh	r2, [r0, #4]	@ movhi
 794:Service/Srv_IMUSample.c ****             {
 400              		.loc 1 794 13 is_stmt 1 view .LVU102
 401              	.LVL31:
ARM GAS  C:\Users\HUAV\AppData\Local\Temp\cc9W7lB3.s 			page 24


 402              	.L38:
 794:Service/Srv_IMUSample.c ****             {
 403              		.loc 1 794 30 discriminator 1 view .LVU103
 794:Service/Srv_IMUSample.c ****             {
 404              		.loc 1 794 13 is_stmt 0 discriminator 1 view .LVU104
 405 0028 022B     		cmp	r3, #2
 406 002a F7D8     		bhi	.L34
 796:Service/Srv_IMUSample.c ****                 cali_monitor->max[i] = gyr[i];
 407              		.loc 1 796 17 is_stmt 1 discriminator 3 view .LVU105
 796:Service/Srv_IMUSample.c ****                 cali_monitor->max[i] = gyr[i];
 408              		.loc 1 796 44 is_stmt 0 discriminator 3 view .LVU106
 409 002c 01EB830C 		add	ip, r1, r3, lsl #2
 410 0030 9CED007A 		vldr.32	s14, [ip]
 796:Service/Srv_IMUSample.c ****                 cali_monitor->max[i] = gyr[i];
 411              		.loc 1 796 38 discriminator 3 view .LVU107
 412 0034 03F10802 		add	r2, r3, #8
 413 0038 00EB8202 		add	r2, r0, r2, lsl #2
 414 003c D2ED007A 		vldr.32	s15, [r2]
 415 0040 77EE877A 		vadd.f32	s15, s15, s14
 416 0044 C2ED007A 		vstr.32	s15, [r2]
 797:Service/Srv_IMUSample.c ****                 cali_monitor->min[i] = gyr[i];
 417              		.loc 1 797 17 is_stmt 1 discriminator 3 view .LVU108
 797:Service/Srv_IMUSample.c ****                 cali_monitor->min[i] = gyr[i];
 418              		.loc 1 797 43 is_stmt 0 discriminator 3 view .LVU109
 419 0048 DCF800E0 		ldr	lr, [ip]	@ float
 797:Service/Srv_IMUSample.c ****                 cali_monitor->min[i] = gyr[i];
 420              		.loc 1 797 38 discriminator 3 view .LVU110
 421 004c 9A1C     		adds	r2, r3, #2
 422 004e 00EB8202 		add	r2, r0, r2, lsl #2
 423 0052 C2F800E0 		str	lr, [r2]	@ float
 798:Service/Srv_IMUSample.c ****             }
 424              		.loc 1 798 17 is_stmt 1 discriminator 3 view .LVU111
 798:Service/Srv_IMUSample.c ****             }
 425              		.loc 1 798 43 is_stmt 0 discriminator 3 view .LVU112
 426 0056 DCF800C0 		ldr	ip, [ip]	@ float
 798:Service/Srv_IMUSample.c ****             }
 427              		.loc 1 798 38 discriminator 3 view .LVU113
 428 005a 1A1D     		adds	r2, r3, #4
 429 005c 00EB8202 		add	r2, r0, r2, lsl #2
 430 0060 C2F804C0 		str	ip, [r2, #4]	@ float
 794:Service/Srv_IMUSample.c ****             {
 431              		.loc 1 794 44 is_stmt 1 discriminator 3 view .LVU114
 794:Service/Srv_IMUSample.c ****             {
 432              		.loc 1 794 45 is_stmt 0 discriminator 3 view .LVU115
 433 0064 0133     		adds	r3, r3, #1
 434              	.LVL32:
 794:Service/Srv_IMUSample.c ****             {
 435              		.loc 1 794 45 discriminator 3 view .LVU116
 436 0066 DBB2     		uxtb	r3, r3
 437              	.LVL33:
 794:Service/Srv_IMUSample.c ****             {
 438              		.loc 1 794 45 discriminator 3 view .LVU117
 439 0068 DEE7     		b	.L38
 440              	.LVL34:
 441              	.L36:
 803:Service/Srv_IMUSample.c **** 
 442              		.loc 1 803 13 is_stmt 1 view .LVU118
ARM GAS  C:\Users\HUAV\AppData\Local\Temp\cc9W7lB3.s 			page 25


 803:Service/Srv_IMUSample.c **** 
 443              		.loc 1 803 25 is_stmt 0 view .LVU119
 444 006a 8388     		ldrh	r3, [r0, #4]
 803:Service/Srv_IMUSample.c **** 
 445              		.loc 1 803 37 view .LVU120
 446 006c 0133     		adds	r3, r3, #1
 447 006e 9BB2     		uxth	r3, r3
 448 0070 8380     		strh	r3, [r0, #4]	@ movhi
 805:Service/Srv_IMUSample.c ****             {
 449              		.loc 1 805 13 is_stmt 1 view .LVU121
 805:Service/Srv_IMUSample.c ****             {
 450              		.loc 1 805 29 is_stmt 0 view .LVU122
 451 0072 B0F802C0 		ldrh	ip, [r0, #2]
 805:Service/Srv_IMUSample.c ****             {
 452              		.loc 1 805 16 view .LVU123
 453 0076 6345     		cmp	r3, ip
 454 0078 01D0     		beq	.L68
 835:Service/Srv_IMUSample.c ****             {
 455              		.loc 1 835 20 view .LVU124
 456 007a 0022     		movs	r2, #0
 457 007c 67E0     		b	.L40
 458              	.L68:
 807:Service/Srv_IMUSample.c ****                 
 459              		.loc 1 807 17 is_stmt 1 view .LVU125
 807:Service/Srv_IMUSample.c ****                 
 460              		.loc 1 807 37 is_stmt 0 view .LVU126
 461 007e 0023     		movs	r3, #0
 462 0080 0370     		strb	r3, [r0]
 809:Service/Srv_IMUSample.c ****                 {
 463              		.loc 1 809 17 is_stmt 1 view .LVU127
 464              	.LVL35:
 465              	.L41:
 809:Service/Srv_IMUSample.c ****                 {
 466              		.loc 1 809 34 discriminator 1 view .LVU128
 809:Service/Srv_IMUSample.c ****                 {
 467              		.loc 1 809 17 is_stmt 0 discriminator 1 view .LVU129
 468 0082 022B     		cmp	r3, #2
 469 0084 1CD8     		bhi	.L69
 811:Service/Srv_IMUSample.c **** 
 470              		.loc 1 811 21 is_stmt 1 view .LVU130
 811:Service/Srv_IMUSample.c **** 
 471              		.loc 1 811 42 is_stmt 0 view .LVU131
 472 0086 03F10802 		add	r2, r3, #8
 473 008a 00EB8202 		add	r2, r0, r2, lsl #2
 474 008e 07EE90CA 		vmov	s15, ip	@ int
 475 0092 B8EEE77A 		vcvt.f32.s32	s14, s15
 476 0096 D2ED006A 		vldr.32	s13, [r2]
 477 009a C6EE877A 		vdiv.f32	s15, s13, s14
 478 009e C2ED007A 		vstr.32	s15, [r2]
 813:Service/Srv_IMUSample.c ****                     {
 479              		.loc 1 813 21 is_stmt 1 view .LVU132
 813:Service/Srv_IMUSample.c ****                     {
 480              		.loc 1 813 25 is_stmt 0 view .LVU133
 481 00a2 F0EEE77A 		vabs.f32	s15, s15
 813:Service/Srv_IMUSample.c ****                     {
 482              		.loc 1 813 24 view .LVU134
 483 00a6 9FED4F7A 		vldr.32	s14, .L73
ARM GAS  C:\Users\HUAV\AppData\Local\Temp\cc9W7lB3.s 			page 26


 484 00aa F4EEC77A 		vcmpe.f32	s15, s14
 485 00ae F1EE10FA 		vmrs	APSR_nzcv, FPSCR
 486 00b2 02DA     		bge	.L70
 809:Service/Srv_IMUSample.c ****                 {
 487              		.loc 1 809 48 is_stmt 1 discriminator 2 view .LVU135
 809:Service/Srv_IMUSample.c ****                 {
 488              		.loc 1 809 49 is_stmt 0 discriminator 2 view .LVU136
 489 00b4 0133     		adds	r3, r3, #1
 490              	.LVL36:
 809:Service/Srv_IMUSample.c ****                 {
 491              		.loc 1 809 49 discriminator 2 view .LVU137
 492 00b6 DBB2     		uxtb	r3, r3
 493              	.LVL37:
 809:Service/Srv_IMUSample.c ****                 {
 494              		.loc 1 809 49 discriminator 2 view .LVU138
 495 00b8 E3E7     		b	.L41
 496              	.L70:
 815:Service/Srv_IMUSample.c ****                         return;
 497              		.loc 1 815 25 is_stmt 1 view .LVU139
 815:Service/Srv_IMUSample.c ****                         return;
 498              		.loc 1 815 45 is_stmt 0 view .LVU140
 499 00ba 0423     		movs	r3, #4
 500              	.LVL38:
 815:Service/Srv_IMUSample.c ****                         return;
 501              		.loc 1 815 45 view .LVU141
 502 00bc 0370     		strb	r3, [r0]
 816:Service/Srv_IMUSample.c ****                     }
 503              		.loc 1 816 25 is_stmt 1 view .LVU142
 504 00be ADE7     		b	.L34
 505              	.LVL39:
 506              	.L69:
 821:Service/Srv_IMUSample.c ****                 {
 507              		.loc 1 821 24 is_stmt 0 view .LVU143
 508 00c0 0023     		movs	r3, #0
 509              	.LVL40:
 821:Service/Srv_IMUSample.c ****                 {
 510              		.loc 1 821 24 view .LVU144
 511 00c2 1BE0     		b	.L45
 512              	.LVL41:
 513              	.L46:
 823:Service/Srv_IMUSample.c ****                     cali_monitor->avg[i] = 0.0f;
 514              		.loc 1 823 21 is_stmt 1 discriminator 3 view .LVU145
 823:Service/Srv_IMUSample.c ****                     cali_monitor->avg[i] = 0.0f;
 515              		.loc 1 823 67 is_stmt 0 discriminator 3 view .LVU146
 516 00c4 03F10802 		add	r2, r3, #8
 517 00c8 00EB8202 		add	r2, r0, r2, lsl #2
 518 00cc 92ED007A 		vldr.32	s14, [r2]
 823:Service/Srv_IMUSample.c ****                     cali_monitor->avg[i] = 0.0f;
 519              		.loc 1 823 47 discriminator 3 view .LVU147
 520 00d0 03F10A01 		add	r1, r3, #10
 521 00d4 00EB8101 		add	r1, r0, r1, lsl #2
 522 00d8 D1ED017A 		vldr.32	s15, [r1, #4]
 523 00dc 77EE877A 		vadd.f32	s15, s15, s14
 524 00e0 C1ED017A 		vstr.32	s15, [r1, #4]
 824:Service/Srv_IMUSample.c ****                     cali_monitor->max[i] = 0.0f;
 525              		.loc 1 824 21 is_stmt 1 discriminator 3 view .LVU148
 824:Service/Srv_IMUSample.c ****                     cali_monitor->max[i] = 0.0f;
ARM GAS  C:\Users\HUAV\AppData\Local\Temp\cc9W7lB3.s 			page 27


 526              		.loc 1 824 42 is_stmt 0 discriminator 3 view .LVU149
 527 00e4 0021     		movs	r1, #0
 528 00e6 1160     		str	r1, [r2]	@ float
 825:Service/Srv_IMUSample.c ****                     cali_monitor->min[i] = 0.0f;
 529              		.loc 1 825 21 is_stmt 1 discriminator 3 view .LVU150
 825:Service/Srv_IMUSample.c ****                     cali_monitor->min[i] = 0.0f;
 530              		.loc 1 825 42 is_stmt 0 discriminator 3 view .LVU151
 531 00e8 9A1C     		adds	r2, r3, #2
 532 00ea 00EB8202 		add	r2, r0, r2, lsl #2
 533 00ee 1160     		str	r1, [r2]	@ float
 826:Service/Srv_IMUSample.c ****                 }
 534              		.loc 1 826 21 is_stmt 1 discriminator 3 view .LVU152
 826:Service/Srv_IMUSample.c ****                 }
 535              		.loc 1 826 42 is_stmt 0 discriminator 3 view .LVU153
 536 00f0 1A1D     		adds	r2, r3, #4
 537 00f2 00EB8202 		add	r2, r0, r2, lsl #2
 538 00f6 5160     		str	r1, [r2, #4]	@ float
 821:Service/Srv_IMUSample.c ****                 {
 539              		.loc 1 821 48 is_stmt 1 discriminator 3 view .LVU154
 821:Service/Srv_IMUSample.c ****                 {
 540              		.loc 1 821 50 is_stmt 0 discriminator 3 view .LVU155
 541 00f8 0133     		adds	r3, r3, #1
 542              	.LVL42:
 821:Service/Srv_IMUSample.c ****                 {
 543              		.loc 1 821 50 discriminator 3 view .LVU156
 544 00fa DBB2     		uxtb	r3, r3
 545              	.LVL43:
 546              	.L45:
 821:Service/Srv_IMUSample.c ****                 {
 547              		.loc 1 821 34 is_stmt 1 discriminator 1 view .LVU157
 821:Service/Srv_IMUSample.c ****                 {
 548              		.loc 1 821 17 is_stmt 0 discriminator 1 view .LVU158
 549 00fc 022B     		cmp	r3, #2
 550 00fe E1D9     		bls	.L46
 830:Service/Srv_IMUSample.c ****                 cali_monitor->calib_cycle = GYR_STATIC_CALIB_CYCLE;
 551              		.loc 1 830 17 is_stmt 1 view .LVU159
 831:Service/Srv_IMUSample.c ****                 break;
 552              		.loc 1 831 17 view .LVU160
 831:Service/Srv_IMUSample.c ****                 break;
 553              		.loc 1 831 43 is_stmt 0 view .LVU161
 554 0100 6423     		movs	r3, #100
 555              	.LVL44:
 831:Service/Srv_IMUSample.c ****                 break;
 556              		.loc 1 831 43 view .LVU162
 557 0102 4380     		strh	r3, [r0, #2]	@ movhi
 832:Service/Srv_IMUSample.c ****             }
 558              		.loc 1 832 17 is_stmt 1 view .LVU163
 559 0104 8AE7     		b	.L34
 560              	.LVL45:
 561              	.L49:
 843:Service/Srv_IMUSample.c ****                 {
 562              		.loc 1 843 17 view .LVU164
 843:Service/Srv_IMUSample.c ****                 {
 563              		.loc 1 843 43 is_stmt 0 view .LVU165
 564 0106 03F1020C 		add	ip, r3, #2
 565 010a 00EB8C0C 		add	ip, r0, ip, lsl #2
 566 010e DCED007A 		vldr.32	s15, [ip]
ARM GAS  C:\Users\HUAV\AppData\Local\Temp\cc9W7lB3.s 			page 28


 843:Service/Srv_IMUSample.c ****                 {
 567              		.loc 1 843 66 view .LVU166
 568 0112 03F1040C 		add	ip, r3, #4
 569 0116 00EB8C0C 		add	ip, r0, ip, lsl #2
 570 011a 9CED017A 		vldr.32	s14, [ip, #4]
 843:Service/Srv_IMUSample.c ****                 {
 571              		.loc 1 843 47 view .LVU167
 572 011e 77EEC77A 		vsub.f32	s15, s15, s14
 843:Service/Srv_IMUSample.c ****                 {
 573              		.loc 1 843 21 view .LVU168
 574 0122 F0EEE77A 		vabs.f32	s15, s15
 843:Service/Srv_IMUSample.c ****                 {
 575              		.loc 1 843 20 view .LVU169
 576 0126 B7EE007A 		vmov.f32	s14, #1.0e+0
 577 012a F4EEC77A 		vcmpe.f32	s15, s14
 578 012e F1EE10FA 		vmrs	APSR_nzcv, FPSCR
 579 0132 39DA     		bge	.L71
 849:Service/Srv_IMUSample.c ****             }
 580              		.loc 1 849 17 is_stmt 1 discriminator 2 view .LVU170
 849:Service/Srv_IMUSample.c ****             }
 581              		.loc 1 849 44 is_stmt 0 discriminator 2 view .LVU171
 582 0134 9EED007A 		vldr.32	s14, [lr]
 849:Service/Srv_IMUSample.c ****             }
 583              		.loc 1 849 38 discriminator 2 view .LVU172
 584 0138 0833     		adds	r3, r3, #8
 585 013a 00EB8303 		add	r3, r0, r3, lsl #2
 586 013e D3ED007A 		vldr.32	s15, [r3]
 587 0142 77EE877A 		vadd.f32	s15, s15, s14
 588 0146 C3ED007A 		vstr.32	s15, [r3]
 835:Service/Srv_IMUSample.c ****             {
 589              		.loc 1 835 44 is_stmt 1 discriminator 2 view .LVU173
 835:Service/Srv_IMUSample.c ****             {
 590              		.loc 1 835 45 is_stmt 0 discriminator 2 view .LVU174
 591 014a 0132     		adds	r2, r2, #1
 592              	.LVL46:
 835:Service/Srv_IMUSample.c ****             {
 593              		.loc 1 835 45 discriminator 2 view .LVU175
 594 014c D2B2     		uxtb	r2, r2
 595              	.LVL47:
 596              	.L40:
 835:Service/Srv_IMUSample.c ****             {
 597              		.loc 1 835 30 is_stmt 1 discriminator 1 view .LVU176
 835:Service/Srv_IMUSample.c ****             {
 598              		.loc 1 835 13 is_stmt 0 discriminator 1 view .LVU177
 599 014e 022A     		cmp	r2, #2
 600 0150 3FF664AF 		bhi	.L34
 837:Service/Srv_IMUSample.c ****                     cali_monitor->max[i] = gyr[i];
 601              		.loc 1 837 17 is_stmt 1 view .LVU178
 837:Service/Srv_IMUSample.c ****                     cali_monitor->max[i] = gyr[i];
 602              		.loc 1 837 24 is_stmt 0 view .LVU179
 603 0154 01EB820E 		add	lr, r1, r2, lsl #2
 604 0158 DEED007A 		vldr.32	s15, [lr]
 837:Service/Srv_IMUSample.c ****                     cali_monitor->max[i] = gyr[i];
 605              		.loc 1 837 47 view .LVU180
 606 015c 1346     		mov	r3, r2
 607 015e 02F1020C 		add	ip, r2, #2
 608 0162 00EB8C0C 		add	ip, r0, ip, lsl #2
ARM GAS  C:\Users\HUAV\AppData\Local\Temp\cc9W7lB3.s 			page 29


 609 0166 9CED007A 		vldr.32	s14, [ip]
 837:Service/Srv_IMUSample.c ****                     cali_monitor->max[i] = gyr[i];
 610              		.loc 1 837 20 view .LVU181
 611 016a F4EEC77A 		vcmpe.f32	s15, s14
 612 016e F1EE10FA 		vmrs	APSR_nzcv, FPSCR
 613 0172 05DD     		ble	.L47
 838:Service/Srv_IMUSample.c **** 
 614              		.loc 1 838 21 is_stmt 1 view .LVU182
 838:Service/Srv_IMUSample.c **** 
 615              		.loc 1 838 42 is_stmt 0 view .LVU183
 616 0174 02F1020C 		add	ip, r2, #2
 617 0178 00EB8C0C 		add	ip, r0, ip, lsl #2
 618 017c CCED007A 		vstr.32	s15, [ip]
 619              	.L47:
 840:Service/Srv_IMUSample.c ****                     cali_monitor->min[i] = gyr[i];
 620              		.loc 1 840 17 is_stmt 1 view .LVU184
 840:Service/Srv_IMUSample.c ****                     cali_monitor->min[i] = gyr[i];
 621              		.loc 1 840 24 is_stmt 0 view .LVU185
 622 0180 DEED007A 		vldr.32	s15, [lr]
 840:Service/Srv_IMUSample.c ****                     cali_monitor->min[i] = gyr[i];
 623              		.loc 1 840 47 view .LVU186
 624 0184 03F1040C 		add	ip, r3, #4
 625 0188 00EB8C0C 		add	ip, r0, ip, lsl #2
 626 018c 9CED017A 		vldr.32	s14, [ip, #4]
 840:Service/Srv_IMUSample.c ****                     cali_monitor->min[i] = gyr[i];
 627              		.loc 1 840 20 view .LVU187
 628 0190 F4EEC77A 		vcmpe.f32	s15, s14
 629 0194 F1EE10FA 		vmrs	APSR_nzcv, FPSCR
 630 0198 B5D5     		bpl	.L49
 841:Service/Srv_IMUSample.c **** 
 631              		.loc 1 841 21 is_stmt 1 view .LVU188
 841:Service/Srv_IMUSample.c **** 
 632              		.loc 1 841 42 is_stmt 0 view .LVU189
 633 019a 03F1040C 		add	ip, r3, #4
 634 019e 00EB8C0C 		add	ip, r0, ip, lsl #2
 635 01a2 CCED017A 		vstr.32	s15, [ip, #4]
 636 01a6 AEE7     		b	.L49
 637              	.L71:
 845:Service/Srv_IMUSample.c ****                     return;
 638              		.loc 1 845 21 is_stmt 1 view .LVU190
 845:Service/Srv_IMUSample.c ****                     return;
 639              		.loc 1 845 41 is_stmt 0 view .LVU191
 640 01a8 0423     		movs	r3, #4
 641 01aa 0370     		strb	r3, [r0]
 846:Service/Srv_IMUSample.c ****                 }
 642              		.loc 1 846 21 is_stmt 1 view .LVU192
 643 01ac 36E7     		b	.L34
 644              	.LVL48:
 645              	.L55:
 788:Service/Srv_IMUSample.c ****     {
 646              		.loc 1 788 5 is_stmt 0 view .LVU193
 647 01ae 0023     		movs	r3, #0
 648              	.LVL49:
 649              	.L37:
 854:Service/Srv_IMUSample.c ****             {
 650              		.loc 1 854 30 is_stmt 1 discriminator 1 view .LVU194
 854:Service/Srv_IMUSample.c ****             {
ARM GAS  C:\Users\HUAV\AppData\Local\Temp\cc9W7lB3.s 			page 30


 651              		.loc 1 854 13 is_stmt 0 discriminator 1 view .LVU195
 652 01b0 022B     		cmp	r3, #2
 653 01b2 10D8     		bhi	.L72
 856:Service/Srv_IMUSample.c ****                 cali_monitor->max[i] = 0.0f;
 654              		.loc 1 856 17 is_stmt 1 discriminator 3 view .LVU196
 856:Service/Srv_IMUSample.c ****                 cali_monitor->max[i] = 0.0f;
 655              		.loc 1 856 38 is_stmt 0 discriminator 3 view .LVU197
 656 01b4 03F10802 		add	r2, r3, #8
 657 01b8 00EB8202 		add	r2, r0, r2, lsl #2
 658 01bc 0021     		movs	r1, #0
 659 01be 1160     		str	r1, [r2]	@ float
 857:Service/Srv_IMUSample.c ****                 cali_monitor->min[i] = 0.0f;
 660              		.loc 1 857 17 is_stmt 1 discriminator 3 view .LVU198
 857:Service/Srv_IMUSample.c ****                 cali_monitor->min[i] = 0.0f;
 661              		.loc 1 857 38 is_stmt 0 discriminator 3 view .LVU199
 662 01c0 9A1C     		adds	r2, r3, #2
 663 01c2 00EB8202 		add	r2, r0, r2, lsl #2
 664 01c6 1160     		str	r1, [r2]	@ float
 858:Service/Srv_IMUSample.c ****             }
 665              		.loc 1 858 17 is_stmt 1 discriminator 3 view .LVU200
 858:Service/Srv_IMUSample.c ****             }
 666              		.loc 1 858 38 is_stmt 0 discriminator 3 view .LVU201
 667 01c8 1A1D     		adds	r2, r3, #4
 668 01ca 00EB8202 		add	r2, r0, r2, lsl #2
 669 01ce 5160     		str	r1, [r2, #4]	@ float
 854:Service/Srv_IMUSample.c ****             {
 670              		.loc 1 854 44 is_stmt 1 discriminator 3 view .LVU202
 854:Service/Srv_IMUSample.c ****             {
 671              		.loc 1 854 46 is_stmt 0 discriminator 3 view .LVU203
 672 01d0 0133     		adds	r3, r3, #1
 673              	.LVL50:
 854:Service/Srv_IMUSample.c ****             {
 674              		.loc 1 854 46 discriminator 3 view .LVU204
 675 01d2 DBB2     		uxtb	r3, r3
 676              	.LVL51:
 854:Service/Srv_IMUSample.c ****             {
 677              		.loc 1 854 46 discriminator 3 view .LVU205
 678 01d4 ECE7     		b	.L37
 679              	.L72:
 861:Service/Srv_IMUSample.c ****             cali_monitor->calib_cycle = GYR_STATIC_CALIB_CYCLE;
 680              		.loc 1 861 13 is_stmt 1 view .LVU206
 861:Service/Srv_IMUSample.c ****             cali_monitor->calib_cycle = GYR_STATIC_CALIB_CYCLE;
 681              		.loc 1 861 33 is_stmt 0 view .LVU207
 682 01d6 0023     		movs	r3, #0
 683              	.LVL52:
 861:Service/Srv_IMUSample.c ****             cali_monitor->calib_cycle = GYR_STATIC_CALIB_CYCLE;
 684              		.loc 1 861 33 view .LVU208
 685 01d8 0370     		strb	r3, [r0]
 862:Service/Srv_IMUSample.c ****             break;
 686              		.loc 1 862 13 is_stmt 1 view .LVU209
 862:Service/Srv_IMUSample.c ****             break;
 687              		.loc 1 862 39 is_stmt 0 view .LVU210
 688 01da 6423     		movs	r3, #100
 689 01dc 4380     		strh	r3, [r0, #2]	@ movhi
 863:Service/Srv_IMUSample.c **** 
 690              		.loc 1 863 13 is_stmt 1 view .LVU211
 691 01de 1DE7     		b	.L34
ARM GAS  C:\Users\HUAV\AppData\Local\Temp\cc9W7lB3.s 			page 31


 692              	.LVL53:
 693              	.L64:
 694              	.LCFI7:
 695              		.cfi_def_cfa_offset 0
 696              		.cfi_restore 14
 863:Service/Srv_IMUSample.c **** 
 697              		.loc 1 863 13 is_stmt 0 view .LVU212
 698 01e0 7047     		bx	lr
 699              	.L74:
 700 01e2 00BF     		.align	2
 701              	.L73:
 702 01e4 E4388E3E 		.word	1049508068
 703              		.cfi_endproc
 704              	.LFE148:
 706              		.section	.text.SrvIMU_Get_Range,"ax",%progbits
 707              		.align	1
 708              		.syntax unified
 709              		.thumb
 710              		.thumb_func
 712              	SrvIMU_Get_Range:
 713              	.LVL54:
 714              	.LFB150:
 868:Service/Srv_IMUSample.c **** 
 869:Service/Srv_IMUSample.c **** static bool SrvIMU_Sample(SrvIMU_SampleMode_List mode)
 870:Service/Srv_IMUSample.c **** {
 871:Service/Srv_IMUSample.c ****     static uint32_t PriSample_Rt_Lst = 0;
 872:Service/Srv_IMUSample.c ****     uint8_t i = Axis_X;
 873:Service/Srv_IMUSample.c ****     bool pri_sample_state = true;
 874:Service/Srv_IMUSample.c ****     bool sec_sample_state = true;
 875:Service/Srv_IMUSample.c ****     IMUModuleScale_TypeDef pri_imu_scale;
 876:Service/Srv_IMUSample.c ****     float Sample_MsDiff = 0.0f;
 877:Service/Srv_IMUSample.c ****     bool PriSample_Enable = mode & SrvIMU_Priori_Pri;
 878:Service/Srv_IMUSample.c **** 
 879:Service/Srv_IMUSample.c ****     /* don`t use error tree down below it may decrease code efficient */
 880:Service/Srv_IMUSample.c ****     /* trigger error directly when sampling */
 881:Service/Srv_IMUSample.c **** 
 882:Service/Srv_IMUSample.c ****     if(mode > SrvIMU_Both_Sample)
 883:Service/Srv_IMUSample.c ****         return false;
 884:Service/Srv_IMUSample.c **** 
 885:Service/Srv_IMUSample.c **** #if (IMU_SUM < 2)
 886:Service/Srv_IMUSample.c ****     mode = SrvIMU_Priori_Pri;
 887:Service/Srv_IMUSample.c ****     sec_sample_state = false;
 888:Service/Srv_IMUSample.c **** #elif (IMU_SUM == 2)
 889:Service/Srv_IMUSample.c ****     IMUModuleScale_TypeDef sec_imu_scale;
 890:Service/Srv_IMUSample.c ****     static uint32_t SecSample_Rt_Lst = 0;
 891:Service/Srv_IMUSample.c ****     bool SecSample_Enable = mode & SrvIMU_Priori_Sec;
 892:Service/Srv_IMUSample.c **** #endif
 893:Service/Srv_IMUSample.c **** 
 894:Service/Srv_IMUSample.c ****     /* lock fus data */
 895:Service/Srv_IMUSample.c ****     SrvMpu_Update_Reg.sec.Fus_State = true;
 896:Service/Srv_IMUSample.c **** 
 897:Service/Srv_IMUSample.c ****     /* pri imu init successed */
 898:Service/Srv_IMUSample.c ****     if (SrvMpu_Init_Reg.sec.Pri_State & PriSample_Enable)
 899:Service/Srv_IMUSample.c ****     {
 900:Service/Srv_IMUSample.c ****         pri_imu_scale = InUse_PriIMU_Obj.get_scale(InUse_PriIMU_Obj.obj_ptr);
 901:Service/Srv_IMUSample.c ****         PriIMU_Data.module = SrvIMU_PriModule;
 902:Service/Srv_IMUSample.c ****         PriIMU_Data.acc_scale = pri_imu_scale.acc_scale;
ARM GAS  C:\Users\HUAV\AppData\Local\Temp\cc9W7lB3.s 			page 32


 903:Service/Srv_IMUSample.c ****         PriIMU_Data.gyr_scale = pri_imu_scale.gyr_scale;
 904:Service/Srv_IMUSample.c **** 
 905:Service/Srv_IMUSample.c ****         /* pri imu module data ready triggered */
 906:Service/Srv_IMUSample.c ****         if (InUse_PriIMU_Obj.get_drdy(InUse_PriIMU_Obj.obj_ptr) && InUse_PriIMU_Obj.sample(InUse_Pr
 907:Service/Srv_IMUSample.c ****         {
 908:Service/Srv_IMUSample.c ****             /* lock */
 909:Service/Srv_IMUSample.c ****             SrvMpu_Update_Reg.sec.Pri_State = true;
 910:Service/Srv_IMUSample.c **** 
 911:Service/Srv_IMUSample.c ****             PriIMU_Data.cycle_cnt++;
 912:Service/Srv_IMUSample.c ****             PriIMU_Data.time_stamp = InUse_PriIMU_Obj.OriData_ptr->time_stamp;
 913:Service/Srv_IMUSample.c **** 
 914:Service/Srv_IMUSample.c ****             /* check Primary IMU module Sample is correct or not */
 915:Service/Srv_IMUSample.c ****             if (PriSample_Rt_Lst)
 916:Service/Srv_IMUSample.c ****             {
 917:Service/Srv_IMUSample.c ****                 if (PriIMU_Data.time_stamp <= PriSample_Rt_Lst)
 918:Service/Srv_IMUSample.c ****                     pri_sample_state = false;
 919:Service/Srv_IMUSample.c ****             }
 920:Service/Srv_IMUSample.c **** 
 921:Service/Srv_IMUSample.c ****             if (pri_sample_state)
 922:Service/Srv_IMUSample.c ****             {
 923:Service/Srv_IMUSample.c ****                 /* update pri imu data */
 924:Service/Srv_IMUSample.c ****                 PriIMU_Data.tempera = InUse_PriIMU_Obj.OriData_ptr->temp_flt;
 925:Service/Srv_IMUSample.c **** 
 926:Service/Srv_IMUSample.c ****                 /* Pri imu data validation check */
 927:Service/Srv_IMUSample.c ****                 PriIMU_Data.error_code = SrvIMU_DataCheck(InUse_PriIMU_Obj.OriData_ptr, InUse_PriIM
 928:Service/Srv_IMUSample.c ****                 Sample_MsDiff = PriIMU_Data.time_stamp - PriSample_Rt_Lst;
 929:Service/Srv_IMUSample.c **** 
 930:Service/Srv_IMUSample.c ****                 for (i = Axis_X; i < Axis_Sum; i++)
 931:Service/Srv_IMUSample.c ****                 {
 932:Service/Srv_IMUSample.c ****                     PriIMU_Data.org_acc[i] = InUse_PriIMU_Obj.OriData_ptr->acc_flt[i];
 933:Service/Srv_IMUSample.c ****                     PriIMU_Data.org_gyr[i] = InUse_PriIMU_Obj.OriData_ptr->gyr_flt[i] - PriGyro_Cal
 934:Service/Srv_IMUSample.c **** 
 935:Service/Srv_IMUSample.c ****                     /* filted imu data */
 936:Service/Srv_IMUSample.c ****                     PriIMU_Data.flt_gyr[i] = Butterworth.update(PriIMU_Gyr_LPF_Handle[i], PriIMU_Da
 937:Service/Srv_IMUSample.c ****                     PriIMU_Data.flt_acc[i] = Butterworth.update(PriIMU_Acc_LPF_Handle[i], PriIMU_Da
 938:Service/Srv_IMUSample.c **** 
 939:Service/Srv_IMUSample.c ****                     /* update last time value */
 940:Service/Srv_IMUSample.c ****                     if ((PriIMU_Data.error_code != SrvIMU_Sample_Data_Acc_OverRange) &&
 941:Service/Srv_IMUSample.c ****                         (PriIMU_Data.error_code != SrvIMU_Sample_Data_Gyr_OverRange))
 942:Service/Srv_IMUSample.c ****                     {
 943:Service/Srv_IMUSample.c ****                         InUse_PriIMU_Obj.OriData_ptr->acc_int_lst[i] = InUse_PriIMU_Obj.OriData_ptr
 944:Service/Srv_IMUSample.c ****                         InUse_PriIMU_Obj.OriData_ptr->gyr_int_lst[i] = InUse_PriIMU_Obj.OriData_ptr
 945:Service/Srv_IMUSample.c ****                     
 946:Service/Srv_IMUSample.c ****                         /* over angular accelerate error detect */
 947:Service/Srv_IMUSample.c ****                         if (SrvIMU_Detect_AngularOverSpeed(PriIMU_Data.org_gyr[i], PriIMU_Data_Lst.
 948:Service/Srv_IMUSample.c ****                             (PriIMU_Data.error_code != SrvIMU_Sample_Data_Gyr_Blunt))
 949:Service/Srv_IMUSample.c ****                             PriIMU_Data.error_code = SrvIMU_Sample_Over_Angular_Accelerate;
 950:Service/Srv_IMUSample.c ****                     }
 951:Service/Srv_IMUSample.c ****                 }
 952:Service/Srv_IMUSample.c **** 
 953:Service/Srv_IMUSample.c ****                 PriIMU_Dir_Tune(PriIMU_Data.flt_gyr, PriIMU_Data.flt_acc);
 954:Service/Srv_IMUSample.c ****                 PriIMU_Dir_Tune(PriIMU_Data.org_gyr, PriIMU_Data.org_acc);
 955:Service/Srv_IMUSample.c ****                  
 956:Service/Srv_IMUSample.c ****                 /* unlock */
 957:Service/Srv_IMUSample.c ****                 SrvMpu_Update_Reg.sec.Pri_State = false;
 958:Service/Srv_IMUSample.c ****                 PriIMU_Data_Lst = PriIMU_Data;
 959:Service/Srv_IMUSample.c ****             }
ARM GAS  C:\Users\HUAV\AppData\Local\Temp\cc9W7lB3.s 			page 33


 960:Service/Srv_IMUSample.c ****         }
 961:Service/Srv_IMUSample.c ****         else
 962:Service/Srv_IMUSample.c ****         {
 963:Service/Srv_IMUSample.c ****             SrvIMU_PriSample_Undrdy(NULL, 0);
 964:Service/Srv_IMUSample.c ****             pri_sample_state = false;
 965:Service/Srv_IMUSample.c ****             PriIMU_Data_Lst.error_code = SrvIMU_Sample_Module_UnReady;
 966:Service/Srv_IMUSample.c ****         }
 967:Service/Srv_IMUSample.c **** 
 968:Service/Srv_IMUSample.c ****         PriSample_Rt_Lst = PriIMU_Data.time_stamp;
 969:Service/Srv_IMUSample.c ****     }
 970:Service/Srv_IMUSample.c ****     else
 971:Service/Srv_IMUSample.c ****         pri_sample_state = false;
 972:Service/Srv_IMUSample.c **** 
 973:Service/Srv_IMUSample.c **** #if (IMU_SUM > 1)
 974:Service/Srv_IMUSample.c ****     /* sec imu init successed */
 975:Service/Srv_IMUSample.c ****     if (SrvMpu_Init_Reg.sec.Sec_State & SecSample_Enable)
 976:Service/Srv_IMUSample.c ****     {
 977:Service/Srv_IMUSample.c ****         sec_imu_scale = InUse_SecIMU_Obj.get_scale(InUse_SecIMU_Obj.obj_ptr);
 978:Service/Srv_IMUSample.c ****         SecIMU_Data.module = SrvIMU_SecModule;
 979:Service/Srv_IMUSample.c ****         SecIMU_Data.acc_scale = sec_imu_scale.acc_scale;
 980:Service/Srv_IMUSample.c ****         SecIMU_Data.gyr_scale = sec_imu_scale.gyr_scale;
 981:Service/Srv_IMUSample.c **** 
 982:Service/Srv_IMUSample.c ****         /* sec imu module data ready triggered */
 983:Service/Srv_IMUSample.c ****         if (InUse_SecIMU_Obj.get_drdy(InUse_SecIMU_Obj.obj_ptr) && InUse_SecIMU_Obj.sample(InUse_Se
 984:Service/Srv_IMUSample.c ****         {
 985:Service/Srv_IMUSample.c ****             /* lock */
 986:Service/Srv_IMUSample.c ****             SrvMpu_Update_Reg.sec.Sec_State = true;
 987:Service/Srv_IMUSample.c **** 
 988:Service/Srv_IMUSample.c ****             SecIMU_Data.cycle_cnt++;
 989:Service/Srv_IMUSample.c ****             SecIMU_Data.time_stamp = InUse_SecIMU_Obj.OriData_ptr->time_stamp;
 990:Service/Srv_IMUSample.c **** 
 991:Service/Srv_IMUSample.c ****             /* check Secondry IMU module Sample is correct or not */
 992:Service/Srv_IMUSample.c ****             if (SecSample_Rt_Lst)
 993:Service/Srv_IMUSample.c ****             {
 994:Service/Srv_IMUSample.c ****                 if (SecIMU_Data.time_stamp <= SecSample_Rt_Lst)
 995:Service/Srv_IMUSample.c ****                     sec_sample_state = false;
 996:Service/Srv_IMUSample.c ****             }
 997:Service/Srv_IMUSample.c **** 
 998:Service/Srv_IMUSample.c ****             if (sec_sample_state)
 999:Service/Srv_IMUSample.c ****             {
1000:Service/Srv_IMUSample.c ****                 /* update sec imu data */
1001:Service/Srv_IMUSample.c ****                 SecIMU_Data.tempera = InUse_SecIMU_Obj.OriData_ptr->temp_flt;
1002:Service/Srv_IMUSample.c **** 
1003:Service/Srv_IMUSample.c ****                 /* Sec imu data validation check */
1004:Service/Srv_IMUSample.c ****                 SecIMU_Data.error_code = SrvIMU_DataCheck(InUse_SecIMU_Obj.OriData_ptr, InUse_SecIM
1005:Service/Srv_IMUSample.c ****                 Sample_MsDiff = (SecIMU_Data.time_stamp - SecSample_Rt_Lst) / 1000.0f;
1006:Service/Srv_IMUSample.c **** 
1007:Service/Srv_IMUSample.c ****                 for (i = Axis_X; i < Axis_Sum; i++)
1008:Service/Srv_IMUSample.c ****                 {
1009:Service/Srv_IMUSample.c ****                     SecIMU_Data.org_acc[i] = InUse_SecIMU_Obj.OriData_ptr->acc_flt[i];
1010:Service/Srv_IMUSample.c ****                     SecIMU_Data.org_gyr[i] = InUse_SecIMU_Obj.OriData_ptr->gyr_flt[i] - SecIMU_Gyr_
1011:Service/Srv_IMUSample.c **** 
1012:Service/Srv_IMUSample.c ****                     SecIMU_Data.flt_gyr[i] = Butterworth.update(SecIMU_Gyr_LPF_Handle[i], SecIMU_Da
1013:Service/Srv_IMUSample.c ****                     SecIMU_Data.flt_acc[i] = Butterworth.update(SecIMU_Acc_LPF_Handle[i], SecIMU_Da
1014:Service/Srv_IMUSample.c **** 
1015:Service/Srv_IMUSample.c ****                     /* update Sec last value */
1016:Service/Srv_IMUSample.c ****                     if ((SecIMU_Data.error_code != SrvIMU_Sample_Data_Acc_OverRange) &&
ARM GAS  C:\Users\HUAV\AppData\Local\Temp\cc9W7lB3.s 			page 34


1017:Service/Srv_IMUSample.c ****                         (SecIMU_Data.error_code != SrvIMU_Sample_Data_Gyr_OverRange))
1018:Service/Srv_IMUSample.c ****                     {
1019:Service/Srv_IMUSample.c ****                         InUse_SecIMU_Obj.OriData_ptr->acc_int_lst[i] = InUse_SecIMU_Obj.OriData_ptr
1020:Service/Srv_IMUSample.c ****                         InUse_SecIMU_Obj.OriData_ptr->gyr_int_lst[i] = InUse_SecIMU_Obj.OriData_ptr
1021:Service/Srv_IMUSample.c ****                     
1022:Service/Srv_IMUSample.c ****                         if (SrvIMU_Detect_AngularOverSpeed(SecIMU_Data.org_gyr[i], SecIMU_Data_Lst.
1023:Service/Srv_IMUSample.c ****                             (SecIMU_Data.error_code != SrvIMU_Sample_Data_Gyr_Blunt))
1024:Service/Srv_IMUSample.c ****                             SecIMU_Data.error_code = SrvIMU_Sample_Over_Angular_Accelerate;
1025:Service/Srv_IMUSample.c ****                     }
1026:Service/Srv_IMUSample.c ****                 }
1027:Service/Srv_IMUSample.c **** 
1028:Service/Srv_IMUSample.c ****                 SecIMU_Dir_Tune(SecIMU_Data.flt_gyr, SecIMU_Data.flt_acc);
1029:Service/Srv_IMUSample.c ****                 SecIMU_Dir_Tune(SecIMU_Data.org_gyr, SecIMU_Data.org_acc);
1030:Service/Srv_IMUSample.c ****                 
1031:Service/Srv_IMUSample.c ****                 /* unlock */
1032:Service/Srv_IMUSample.c ****                 SrvMpu_Update_Reg.sec.Sec_State = false;
1033:Service/Srv_IMUSample.c ****                 SecIMU_Data_Lst = SecIMU_Data;
1034:Service/Srv_IMUSample.c ****             }
1035:Service/Srv_IMUSample.c ****         }
1036:Service/Srv_IMUSample.c ****         else
1037:Service/Srv_IMUSample.c ****         {
1038:Service/Srv_IMUSample.c ****             SrvIMU_SecSample_Undrdy(NULL, 0);
1039:Service/Srv_IMUSample.c ****             sec_sample_state = false;
1040:Service/Srv_IMUSample.c ****             SecIMU_Data.error_code = SrvIMU_Sample_Module_UnReady;
1041:Service/Srv_IMUSample.c ****         }
1042:Service/Srv_IMUSample.c **** 
1043:Service/Srv_IMUSample.c ****         SecSample_Rt_Lst = SecIMU_Data.time_stamp;
1044:Service/Srv_IMUSample.c ****     }
1045:Service/Srv_IMUSample.c ****     else
1046:Service/Srv_IMUSample.c ****         sec_sample_state = false;
1047:Service/Srv_IMUSample.c **** 
1048:Service/Srv_IMUSample.c ****     /* update calibration state */
1049:Service/Srv_IMUSample.c ****     SrvIMU_Calib_GyroZeroOffset(&SecGyro_Calib_Monitor, SecIMU_Data.org_gyr);
1050:Service/Srv_IMUSample.c **** 
1051:Service/Srv_IMUSample.c ****     switch(mode)
1052:Service/Srv_IMUSample.c ****     {
1053:Service/Srv_IMUSample.c ****         case SrvIMU_Priori_Pri:
1054:Service/Srv_IMUSample.c ****             if(pri_sample_state)
1055:Service/Srv_IMUSample.c ****             {
1056:Service/Srv_IMUSample.c ****                 IMU_Data = PriIMU_Data;
1057:Service/Srv_IMUSample.c ****             }
1058:Service/Srv_IMUSample.c ****             else
1059:Service/Srv_IMUSample.c ****                 IMU_Data = PriIMU_Data_Lst;
1060:Service/Srv_IMUSample.c ****         break;
1061:Service/Srv_IMUSample.c **** 
1062:Service/Srv_IMUSample.c ****         case SrvIMU_Priori_Sec:
1063:Service/Srv_IMUSample.c ****             if(!sec_sample_state)
1064:Service/Srv_IMUSample.c ****             {
1065:Service/Srv_IMUSample.c ****                 IMU_Data = SecIMU_Data;
1066:Service/Srv_IMUSample.c ****             }
1067:Service/Srv_IMUSample.c ****             else
1068:Service/Srv_IMUSample.c ****                 IMU_Data = SecIMU_Data_Lst;
1069:Service/Srv_IMUSample.c ****         break;
1070:Service/Srv_IMUSample.c **** 
1071:Service/Srv_IMUSample.c ****         case SrvIMU_Both_Sample:
1072:Service/Srv_IMUSample.c ****             if((PriIMU_Data.error_code == SrvIMU_Sample_NoError) || 
1073:Service/Srv_IMUSample.c ****                (PriIMU_Data.error_code == SrvIMU_Sample_Data_Acc_Blunt))
ARM GAS  C:\Users\HUAV\AppData\Local\Temp\cc9W7lB3.s 			page 35


1074:Service/Srv_IMUSample.c ****             {
1075:Service/Srv_IMUSample.c ****                 IMU_Data = PriIMU_Data;
1076:Service/Srv_IMUSample.c ****             }
1077:Service/Srv_IMUSample.c ****             else if((SecIMU_Data.error_code == SrvIMU_Sample_NoError) || 
1078:Service/Srv_IMUSample.c ****                     (SecIMU_Data.error_code == SrvIMU_Sample_Data_Acc_Blunt))
1079:Service/Srv_IMUSample.c ****             {
1080:Service/Srv_IMUSample.c ****                 IMU_Data = SecIMU_Data;
1081:Service/Srv_IMUSample.c ****             }
1082:Service/Srv_IMUSample.c ****             else
1083:Service/Srv_IMUSample.c ****             {
1084:Service/Srv_IMUSample.c ****                 IMU_Data = IMU_Data_Lst;
1085:Service/Srv_IMUSample.c ****                 IMU_Data.time_stamp = SrvOsCommon.get_os_ms();
1086:Service/Srv_IMUSample.c ****             }
1087:Service/Srv_IMUSample.c ****         break;
1088:Service/Srv_IMUSample.c **** 
1089:Service/Srv_IMUSample.c ****         default:
1090:Service/Srv_IMUSample.c ****             return false;
1091:Service/Srv_IMUSample.c ****     }
1092:Service/Srv_IMUSample.c **** #else
1093:Service/Srv_IMUSample.c ****     /* update calibration state */
1094:Service/Srv_IMUSample.c ****     SrvIMU_Calib_GyroZeroOffset(&PriGyro_Calib_Monitor, PriIMU_Data.org_gyr);
1095:Service/Srv_IMUSample.c ****     
1096:Service/Srv_IMUSample.c ****     if(pri_sample_state)
1097:Service/Srv_IMUSample.c ****     {
1098:Service/Srv_IMUSample.c ****         IMU_Data = PriIMU_Data;
1099:Service/Srv_IMUSample.c ****     }
1100:Service/Srv_IMUSample.c ****     else
1101:Service/Srv_IMUSample.c ****         IMU_Data = PriIMU_Data_Lst;
1102:Service/Srv_IMUSample.c **** 
1103:Service/Srv_IMUSample.c ****     IMU_Data.time_stamp = SrvOsCommon.get_os_ms();
1104:Service/Srv_IMUSample.c **** #endif
1105:Service/Srv_IMUSample.c ****     /* unlock fus data */
1106:Service/Srv_IMUSample.c ****     SrvMpu_Update_Reg.sec.Fus_State = false;
1107:Service/Srv_IMUSample.c ****     IMU_Data_Lst = IMU_Data;
1108:Service/Srv_IMUSample.c **** 
1109:Service/Srv_IMUSample.c ****     return (pri_sample_state | sec_sample_state);
1110:Service/Srv_IMUSample.c **** }
1111:Service/Srv_IMUSample.c **** 
1112:Service/Srv_IMUSample.c **** static bool SrvIMU_Get_Range(SrvIMU_Module_Type module, SrvIMU_Range_TypeDef *range)
1113:Service/Srv_IMUSample.c **** {
 715              		.loc 1 1113 1 is_stmt 1 view -0
 716              		.cfi_startproc
 717              		@ args = 0, pretend = 0, frame = 0
 718              		@ frame_needed = 0, uses_anonymous_args = 0
 719              		@ link register save eliminated.
1114:Service/Srv_IMUSample.c **** #if (IMU_SUM > 1)
1115:Service/Srv_IMUSample.c ****     if(((SrvIMU_PriModule == module) || (SrvIMU_SecModule == module)) && range)
1116:Service/Srv_IMUSample.c ****     {
1117:Service/Srv_IMUSample.c ****         if((SrvIMU_PriModule == module) && SrvMpu_Init_Reg.sec.Pri_State)
1118:Service/Srv_IMUSample.c ****         {
1119:Service/Srv_IMUSample.c ****             range->Acc = InUse_PriIMU_Obj.acc_trip;
1120:Service/Srv_IMUSample.c ****             range->Gyr = InUse_PriIMU_Obj.gyr_trip;
1121:Service/Srv_IMUSample.c ****             
1122:Service/Srv_IMUSample.c ****             return true; 
1123:Service/Srv_IMUSample.c ****         }
1124:Service/Srv_IMUSample.c ****         else if((SrvIMU_SecModule == module) && SrvMpu_Init_Reg.sec.Sec_State)
1125:Service/Srv_IMUSample.c ****         {
ARM GAS  C:\Users\HUAV\AppData\Local\Temp\cc9W7lB3.s 			page 36


1126:Service/Srv_IMUSample.c ****             range->Acc = InUse_SecIMU_Obj.acc_trip;
1127:Service/Srv_IMUSample.c ****             range->Gyr = InUse_SecIMU_Obj.gyr_trip;
1128:Service/Srv_IMUSample.c **** 
1129:Service/Srv_IMUSample.c ****             return true;
1130:Service/Srv_IMUSample.c ****         }
1131:Service/Srv_IMUSample.c ****     }
1132:Service/Srv_IMUSample.c **** #else
1133:Service/Srv_IMUSample.c ****     if(SrvMpu_Init_Reg.sec.Pri_State && range)
 720              		.loc 1 1133 5 view .LVU214
 721              		.loc 1 1133 8 is_stmt 0 view .LVU215
 722 0000 084B     		ldr	r3, .L79
 723 0002 1B78     		ldrb	r3, [r3]	@ zero_extendqisi2
 724              		.loc 1 1133 7 view .LVU216
 725 0004 13F0030F 		tst	r3, #3
 726 0008 07D0     		beq	.L77
 727              		.loc 1 1133 38 discriminator 1 view .LVU217
 728 000a 41B1     		cbz	r1, .L78
1134:Service/Srv_IMUSample.c ****     {
1135:Service/Srv_IMUSample.c ****         range->Acc = InUse_PriIMU_Obj.acc_trip;
 729              		.loc 1 1135 9 is_stmt 1 view .LVU218
 730              		.loc 1 1135 38 is_stmt 0 view .LVU219
 731 000c 064B     		ldr	r3, .L79+4
 732 000e 1A7B     		ldrb	r2, [r3, #12]	@ zero_extendqisi2
 733              		.loc 1 1135 20 view .LVU220
 734 0010 0A70     		strb	r2, [r1]
1136:Service/Srv_IMUSample.c ****         range->Gyr = InUse_PriIMU_Obj.gyr_trip;
 735              		.loc 1 1136 9 is_stmt 1 view .LVU221
 736              		.loc 1 1136 38 is_stmt 0 view .LVU222
 737 0012 DB89     		ldrh	r3, [r3, #14]
 738              		.loc 1 1136 20 view .LVU223
 739 0014 4B80     		strh	r3, [r1, #2]	@ movhi
1137:Service/Srv_IMUSample.c ****         
1138:Service/Srv_IMUSample.c ****         return true; 
 740              		.loc 1 1138 9 is_stmt 1 view .LVU224
 741              		.loc 1 1138 16 is_stmt 0 view .LVU225
 742 0016 0120     		movs	r0, #1
 743              	.LVL55:
 744              		.loc 1 1138 16 view .LVU226
 745 0018 7047     		bx	lr
 746              	.LVL56:
 747              	.L77:
1139:Service/Srv_IMUSample.c ****     }
1140:Service/Srv_IMUSample.c **** #endif
1141:Service/Srv_IMUSample.c ****     return false;
 748              		.loc 1 1141 12 view .LVU227
 749 001a 0020     		movs	r0, #0
 750              	.LVL57:
 751              		.loc 1 1141 12 view .LVU228
 752 001c 7047     		bx	lr
 753              	.LVL58:
 754              	.L78:
 755              		.loc 1 1141 12 view .LVU229
 756 001e 0020     		movs	r0, #0
 757              	.LVL59:
1142:Service/Srv_IMUSample.c **** }
 758              		.loc 1 1142 1 view .LVU230
 759 0020 7047     		bx	lr
ARM GAS  C:\Users\HUAV\AppData\Local\Temp\cc9W7lB3.s 			page 37


 760              	.L80:
 761 0022 00BF     		.align	2
 762              	.L79:
 763 0024 00000000 		.word	.LANCHOR1
 764 0028 00000000 		.word	.LANCHOR2
 765              		.cfi_endproc
 766              	.LFE150:
 768              		.section	.text.SrvIMU_Get_ModuleType,"ax",%progbits
 769              		.align	1
 770              		.syntax unified
 771              		.thumb
 772              		.thumb_func
 774              	SrvIMU_Get_ModuleType:
 775              	.LVL60:
 776              	.LFB152:
1143:Service/Srv_IMUSample.c **** 
1144:Service/Srv_IMUSample.c **** static bool SrvIMU_Get_Data(SrvIMU_Module_Type type, SrvIMU_Data_TypeDef *data)
1145:Service/Srv_IMUSample.c **** {
1146:Service/Srv_IMUSample.c ****     SrvIMU_Data_TypeDef imu_data_tmp;
1147:Service/Srv_IMUSample.c **** 
1148:Service/Srv_IMUSample.c ****     memset(&imu_data_tmp, 0, IMU_DATA_SIZE);
1149:Service/Srv_IMUSample.c **** 
1150:Service/Srv_IMUSample.c ****     if(data == NULL)
1151:Service/Srv_IMUSample.c ****         return false;
1152:Service/Srv_IMUSample.c **** 
1153:Service/Srv_IMUSample.c **** reupdate_imu:
1154:Service/Srv_IMUSample.c ****     if (type == SrvIMU_PriModule)
1155:Service/Srv_IMUSample.c ****     {
1156:Service/Srv_IMUSample.c ****         if (!SrvMpu_Update_Reg.sec.Pri_State)
1157:Service/Srv_IMUSample.c ****         {
1158:Service/Srv_IMUSample.c ****             memcpy(&imu_data_tmp, &PriIMU_Data, IMU_DATA_SIZE);
1159:Service/Srv_IMUSample.c ****         }
1160:Service/Srv_IMUSample.c ****         else
1161:Service/Srv_IMUSample.c ****             goto reupdate_imu_statistics;
1162:Service/Srv_IMUSample.c ****     }
1163:Service/Srv_IMUSample.c ****     else if (type == SrvIMU_SecModule)
1164:Service/Srv_IMUSample.c ****     {
1165:Service/Srv_IMUSample.c **** #if (IMU_NUM > 1)
1166:Service/Srv_IMUSample.c ****         if (!SrvMpu_Update_Reg.sec.Sec_State)
1167:Service/Srv_IMUSample.c ****         {
1168:Service/Srv_IMUSample.c ****             memcpy(&imu_data_tmp, &SecIMU_Data, IMU_DATA_SIZE);
1169:Service/Srv_IMUSample.c ****         }
1170:Service/Srv_IMUSample.c ****         else
1171:Service/Srv_IMUSample.c ****             goto reupdate_imu_statistics;
1172:Service/Srv_IMUSample.c **** #endif
1173:Service/Srv_IMUSample.c ****     }
1174:Service/Srv_IMUSample.c ****     else if(type == SrvIMU_FusModule)
1175:Service/Srv_IMUSample.c ****     {
1176:Service/Srv_IMUSample.c ****         if(!SrvMpu_Update_Reg.sec.Fus_State)
1177:Service/Srv_IMUSample.c ****         {
1178:Service/Srv_IMUSample.c ****             memcpy(&imu_data_tmp, &IMU_Data, IMU_DATA_SIZE);
1179:Service/Srv_IMUSample.c ****         }
1180:Service/Srv_IMUSample.c ****         else
1181:Service/Srv_IMUSample.c ****             goto reupdate_imu_statistics;
1182:Service/Srv_IMUSample.c ****     }
1183:Service/Srv_IMUSample.c **** 
1184:Service/Srv_IMUSample.c ****     memcpy(data, &imu_data_tmp, sizeof(SrvIMU_Data_TypeDef));
ARM GAS  C:\Users\HUAV\AppData\Local\Temp\cc9W7lB3.s 			page 38


1185:Service/Srv_IMUSample.c ****     return true;
1186:Service/Srv_IMUSample.c **** 
1187:Service/Srv_IMUSample.c **** reupdate_imu_statistics:
1188:Service/Srv_IMUSample.c ****     SrvIMU_Reupdate_Statistics_CNT ++;
1189:Service/Srv_IMUSample.c ****     goto reupdate_imu;
1190:Service/Srv_IMUSample.c **** }
1191:Service/Srv_IMUSample.c **** 
1192:Service/Srv_IMUSample.c **** static bool SrvIMU_Get_ModuleType(SrvIMU_Module_Type module, SrvIMU_SensorID_List *type)
1193:Service/Srv_IMUSample.c **** {
 777              		.loc 1 1193 1 is_stmt 1 view -0
 778              		.cfi_startproc
 779              		@ args = 0, pretend = 0, frame = 0
 780              		@ frame_needed = 0, uses_anonymous_args = 0
 781              		@ link register save eliminated.
1194:Service/Srv_IMUSample.c ****     if ((module >= SrvIMU_FusModule) || (type == NULL))
 782              		.loc 1 1194 5 view .LVU232
 783              		.loc 1 1194 8 is_stmt 0 view .LVU233
 784 0000 0228     		cmp	r0, #2
 785 0002 0AD8     		bhi	.L83
 786              		.loc 1 1194 38 discriminator 1 view .LVU234
 787 0004 59B1     		cbz	r1, .L84
1195:Service/Srv_IMUSample.c ****         return false;
1196:Service/Srv_IMUSample.c **** 
1197:Service/Srv_IMUSample.c ****     *type = SrvIMU_Dev_None;
 788              		.loc 1 1197 5 is_stmt 1 view .LVU235
 789              		.loc 1 1197 11 is_stmt 0 view .LVU236
 790 0006 0423     		movs	r3, #4
 791 0008 0B70     		strb	r3, [r1]
1198:Service/Srv_IMUSample.c ****     if (module == SrvIMU_PriModule)
 792              		.loc 1 1198 5 is_stmt 1 view .LVU237
 793              		.loc 1 1198 8 is_stmt 0 view .LVU238
 794 000a 0128     		cmp	r0, #1
 795 000c 01D0     		beq	.L86
1199:Service/Srv_IMUSample.c ****     {
1200:Service/Srv_IMUSample.c ****         *type = InUse_PriIMU_Obj.type;
1201:Service/Srv_IMUSample.c ****     }
1202:Service/Srv_IMUSample.c ****     else if (module == SrvIMU_SecModule)
1203:Service/Srv_IMUSample.c ****     {
1204:Service/Srv_IMUSample.c **** #if (IMU_NUM > 1)
1205:Service/Srv_IMUSample.c ****         *type = InUse_SecIMU_Obj.type;
1206:Service/Srv_IMUSample.c **** #endif
1207:Service/Srv_IMUSample.c ****     }
1208:Service/Srv_IMUSample.c **** 
1209:Service/Srv_IMUSample.c ****     return true;
 796              		.loc 1 1209 12 view .LVU239
 797 000e 0120     		movs	r0, #1
 798              	.LVL61:
1210:Service/Srv_IMUSample.c **** }
 799              		.loc 1 1210 1 view .LVU240
 800 0010 7047     		bx	lr
 801              	.LVL62:
 802              	.L86:
1200:Service/Srv_IMUSample.c ****     }
 803              		.loc 1 1200 9 is_stmt 1 view .LVU241
1200:Service/Srv_IMUSample.c ****     }
 804              		.loc 1 1200 33 is_stmt 0 view .LVU242
 805 0012 044B     		ldr	r3, .L87
ARM GAS  C:\Users\HUAV\AppData\Local\Temp\cc9W7lB3.s 			page 39


 806 0014 1B78     		ldrb	r3, [r3]	@ zero_extendqisi2
1200:Service/Srv_IMUSample.c ****     }
 807              		.loc 1 1200 15 view .LVU243
 808 0016 0B70     		strb	r3, [r1]
 809 0018 7047     		bx	lr
 810              	.L83:
1195:Service/Srv_IMUSample.c **** 
 811              		.loc 1 1195 16 view .LVU244
 812 001a 0020     		movs	r0, #0
 813              	.LVL63:
1195:Service/Srv_IMUSample.c **** 
 814              		.loc 1 1195 16 view .LVU245
 815 001c 7047     		bx	lr
 816              	.LVL64:
 817              	.L84:
1195:Service/Srv_IMUSample.c **** 
 818              		.loc 1 1195 16 view .LVU246
 819 001e 0020     		movs	r0, #0
 820              	.LVL65:
1195:Service/Srv_IMUSample.c **** 
 821              		.loc 1 1195 16 view .LVU247
 822 0020 7047     		bx	lr
 823              	.L88:
 824 0022 00BF     		.align	2
 825              	.L87:
 826 0024 00000000 		.word	.LANCHOR2
 827              		.cfi_endproc
 828              	.LFE152:
 830              		.section	.text.SrvIMU_Get_MaxAngularSpeed_Diff,"ax",%progbits
 831              		.align	1
 832              		.syntax unified
 833              		.thumb
 834              		.thumb_func
 836              	SrvIMU_Get_MaxAngularSpeed_Diff:
 837              	.LFB153:
1211:Service/Srv_IMUSample.c **** 
1212:Service/Srv_IMUSample.c **** static float SrvIMU_Get_MaxAngularSpeed_Diff(void)
1213:Service/Srv_IMUSample.c **** {
 838              		.loc 1 1213 1 is_stmt 1 view -0
 839              		.cfi_startproc
 840              		@ args = 0, pretend = 0, frame = 0
 841              		@ frame_needed = 0, uses_anonymous_args = 0
 842 0000 10B5     		push	{r4, lr}
 843              	.LCFI8:
 844              		.cfi_def_cfa_offset 8
 845              		.cfi_offset 4, -8
 846              		.cfi_offset 14, -4
1214:Service/Srv_IMUSample.c ****     uint16_t pri_angular_diff = 0;
 847              		.loc 1 1214 5 view .LVU249
 848              	.LVL66:
1215:Service/Srv_IMUSample.c ****     uint16_t sec_angular_diff = 0;
 849              		.loc 1 1215 5 view .LVU250
1216:Service/Srv_IMUSample.c **** 
1217:Service/Srv_IMUSample.c ****     if (SrvMpu_Init_Reg.sec.Pri_State)
 850              		.loc 1 1217 5 view .LVU251
 851              		.loc 1 1217 9 is_stmt 0 view .LVU252
 852 0002 1E4B     		ldr	r3, .L98
ARM GAS  C:\Users\HUAV\AppData\Local\Temp\cc9W7lB3.s 			page 40


 853 0004 1B78     		ldrb	r3, [r3]	@ zero_extendqisi2
 854              		.loc 1 1217 8 view .LVU253
 855 0006 13F0030F 		tst	r3, #3
 856 000a 29D0     		beq	.L94
1218:Service/Srv_IMUSample.c ****     {
1219:Service/Srv_IMUSample.c ****         pri_angular_diff = (uint16_t)(DevMPU6000.get_gyr_angular_speed_diff(&MPU6000Obj) * ANGULAR_
 857              		.loc 1 1219 9 is_stmt 1 view .LVU254
 858              		.loc 1 1219 49 is_stmt 0 view .LVU255
 859 000c 1C4B     		ldr	r3, .L98+4
 860 000e DB6A     		ldr	r3, [r3, #44]
 861              		.loc 1 1219 39 view .LVU256
 862 0010 1C48     		ldr	r0, .L98+8
 863 0012 9847     		blx	r3
 864              	.LVL67:
 865              		.loc 1 1219 90 view .LVU257
 866 0014 DFED1C7A 		vldr.32	s15, .L98+12
 867 0018 20EE270A 		vmul.f32	s0, s0, s15
 868              		.loc 1 1219 26 view .LVU258
 869 001c BCEEC00A 		vcvt.u32.f32	s0, s0
 870 0020 10EE103A 		vmov	r3, s0	@ int
 871 0024 9CB2     		uxth	r4, r3
 872              	.LVL68:
 873              	.L90:
1220:Service/Srv_IMUSample.c ****     }
1221:Service/Srv_IMUSample.c **** 
1222:Service/Srv_IMUSample.c ****     if (SrvMpu_Init_Reg.sec.Sec_State)
 874              		.loc 1 1222 5 is_stmt 1 view .LVU259
 875              		.loc 1 1222 9 is_stmt 0 view .LVU260
 876 0026 154B     		ldr	r3, .L98
 877 0028 1B78     		ldrb	r3, [r3]	@ zero_extendqisi2
 878              		.loc 1 1222 8 view .LVU261
 879 002a 13F00C0F 		tst	r3, #12
 880 002e 19D0     		beq	.L95
1223:Service/Srv_IMUSample.c ****     {
1224:Service/Srv_IMUSample.c ****         sec_angular_diff = (uint16_t)(DevICM20602.get_gyr_angular_speed_diff(&ICM20602Obj) * ANGULA
 881              		.loc 1 1224 9 is_stmt 1 view .LVU262
 882              		.loc 1 1224 50 is_stmt 0 view .LVU263
 883 0030 164B     		ldr	r3, .L98+16
 884 0032 DB6A     		ldr	r3, [r3, #44]
 885              		.loc 1 1224 39 view .LVU264
 886 0034 1648     		ldr	r0, .L98+20
 887 0036 9847     		blx	r3
 888              	.LVL69:
 889              		.loc 1 1224 92 view .LVU265
 890 0038 DFED137A 		vldr.32	s15, .L98+12
 891 003c 20EE270A 		vmul.f32	s0, s0, s15
 892              		.loc 1 1224 26 view .LVU266
 893 0040 BCEEC00A 		vcvt.u32.f32	s0, s0
 894 0044 10EE103A 		vmov	r3, s0	@ int
 895 0048 9BB2     		uxth	r3, r3
 896              	.LVL70:
 897              	.L91:
1225:Service/Srv_IMUSample.c ****     }
1226:Service/Srv_IMUSample.c **** 
1227:Service/Srv_IMUSample.c ****     if (pri_angular_diff >= sec_angular_diff)
 898              		.loc 1 1227 5 is_stmt 1 view .LVU267
 899              		.loc 1 1227 8 is_stmt 0 view .LVU268
ARM GAS  C:\Users\HUAV\AppData\Local\Temp\cc9W7lB3.s 			page 41


 900 004a 9C42     		cmp	r4, r3
 901 004c 0CD2     		bcs	.L97
1228:Service/Srv_IMUSample.c ****         return pri_angular_diff / (float)ANGULAR_SPEED_ACCURACY;
1229:Service/Srv_IMUSample.c **** 
1230:Service/Srv_IMUSample.c ****     return sec_angular_diff / (float)ANGULAR_SPEED_ACCURACY;
 902              		.loc 1 1230 5 is_stmt 1 view .LVU269
 903              		.loc 1 1230 29 is_stmt 0 view .LVU270
 904 004e 07EE903A 		vmov	s15, r3	@ int
 905 0052 F8EEE77A 		vcvt.f32.s32	s15, s15
 906 0056 9FED0C7A 		vldr.32	s14, .L98+12
 907 005a 87EE870A 		vdiv.f32	s0, s15, s14
 908              	.L89:
1231:Service/Srv_IMUSample.c **** }
 909              		.loc 1 1231 1 view .LVU271
 910 005e 10BD     		pop	{r4, pc}
 911              	.LVL71:
 912              	.L94:
1214:Service/Srv_IMUSample.c ****     uint16_t sec_angular_diff = 0;
 913              		.loc 1 1214 14 view .LVU272
 914 0060 0024     		movs	r4, #0
 915 0062 E0E7     		b	.L90
 916              	.LVL72:
 917              	.L95:
1215:Service/Srv_IMUSample.c **** 
 918              		.loc 1 1215 14 view .LVU273
 919 0064 0023     		movs	r3, #0
 920 0066 F0E7     		b	.L91
 921              	.LVL73:
 922              	.L97:
1228:Service/Srv_IMUSample.c **** 
 923              		.loc 1 1228 9 is_stmt 1 view .LVU274
1228:Service/Srv_IMUSample.c **** 
 924              		.loc 1 1228 33 is_stmt 0 view .LVU275
 925 0068 07EE904A 		vmov	s15, r4	@ int
 926 006c F8EEE77A 		vcvt.f32.s32	s15, s15
 927 0070 9FED057A 		vldr.32	s14, .L98+12
 928 0074 87EE870A 		vdiv.f32	s0, s15, s14
 929 0078 F1E7     		b	.L89
 930              	.L99:
 931 007a 00BF     		.align	2
 932              	.L98:
 933 007c 00000000 		.word	.LANCHOR1
 934 0080 00000000 		.word	DevMPU6000
 935 0084 00000000 		.word	.LANCHOR3
 936 0088 00007A44 		.word	1148846080
 937 008c 00000000 		.word	DevICM20602
 938 0090 00000000 		.word	.LANCHOR4
 939              		.cfi_endproc
 940              	.LFE153:
 942              		.global	__aeabi_f2d
 943              		.global	__aeabi_ddiv
 944              		.global	__aeabi_dmul
 945              		.global	__aeabi_d2uiz
 946              		.section	.text.SrvIMU_Detect_AngularOverSpeed,"ax",%progbits
 947              		.align	1
 948              		.syntax unified
 949              		.thumb
ARM GAS  C:\Users\HUAV\AppData\Local\Temp\cc9W7lB3.s 			page 42


 950              		.thumb_func
 952              	SrvIMU_Detect_AngularOverSpeed:
 953              	.LVL74:
 954              	.LFB154:
1232:Service/Srv_IMUSample.c **** 
1233:Service/Srv_IMUSample.c **** static bool SrvIMU_Detect_AngularOverSpeed(float angular_speed, float lst_angular_speed, float ms_d
1234:Service/Srv_IMUSample.c **** {
 955              		.loc 1 1234 1 is_stmt 1 view -0
 956              		.cfi_startproc
 957              		@ args = 0, pretend = 0, frame = 0
 958              		@ frame_needed = 0, uses_anonymous_args = 0
 959              		.loc 1 1234 1 is_stmt 0 view .LVU277
 960 0000 70B5     		push	{r4, r5, r6, lr}
 961              	.LCFI9:
 962              		.cfi_def_cfa_offset 16
 963              		.cfi_offset 4, -16
 964              		.cfi_offset 5, -12
 965              		.cfi_offset 6, -8
 966              		.cfi_offset 14, -4
 967 0002 11EE106A 		vmov	r6, s2
1235:Service/Srv_IMUSample.c ****     uint16_t AngularSpeed_Diff = (uint16_t)(fabs(angular_speed - lst_angular_speed) / ms_diff * ANG
 968              		.loc 1 1235 5 is_stmt 1 view .LVU278
 969              		.loc 1 1235 64 is_stmt 0 view .LVU279
 970 0006 30EE600A 		vsub.f32	s0, s0, s1
 971              	.LVL75:
 972              		.loc 1 1235 45 view .LVU280
 973 000a F0EEC07A 		vabs.f32	s15, s0
 974 000e 17EE900A 		vmov	r0, s15
 975 0012 FFF7FEFF 		bl	__aeabi_f2d
 976              	.LVL76:
 977              		.loc 1 1235 45 view .LVU281
 978 0016 0446     		mov	r4, r0
 979 0018 0D46     		mov	r5, r1
 980              		.loc 1 1235 85 view .LVU282
 981 001a 3046     		mov	r0, r6	@ float
 982 001c FFF7FEFF 		bl	__aeabi_f2d
 983              	.LVL77:
 984 0020 0246     		mov	r2, r0
 985 0022 0B46     		mov	r3, r1
 986 0024 2046     		mov	r0, r4
 987 0026 2946     		mov	r1, r5
 988 0028 FFF7FEFF 		bl	__aeabi_ddiv
 989              	.LVL78:
 990              		.loc 1 1235 95 view .LVU283
 991 002c 0022     		movs	r2, #0
 992 002e 074B     		ldr	r3, .L104
 993 0030 FFF7FEFF 		bl	__aeabi_dmul
 994              	.LVL79:
 995              		.loc 1 1235 14 view .LVU284
 996 0034 FFF7FEFF 		bl	__aeabi_d2uiz
 997              	.LVL80:
 998 0038 80B2     		uxth	r0, r0
 999              	.LVL81:
1236:Service/Srv_IMUSample.c **** 
1237:Service/Srv_IMUSample.c ****     if (AngularSpeed_Diff >= (uint16_t)(ANGULAR_ACCECLERATION_THRESHOLD * ANGULAR_SPEED_ACCURACY))
 1000              		.loc 1 1237 5 is_stmt 1 view .LVU285
 1001              		.loc 1 1237 8 is_stmt 0 view .LVU286
ARM GAS  C:\Users\HUAV\AppData\Local\Temp\cc9W7lB3.s 			page 43


 1002 003a 4FF6FF73 		movw	r3, #65535
 1003 003e 9842     		cmp	r0, r3
 1004 0040 01D0     		beq	.L102
1238:Service/Srv_IMUSample.c ****         return true;
1239:Service/Srv_IMUSample.c **** 
1240:Service/Srv_IMUSample.c ****     return false;
 1005              		.loc 1 1240 12 view .LVU287
 1006 0042 0020     		movs	r0, #0
 1007              	.LVL82:
 1008              	.L101:
1241:Service/Srv_IMUSample.c **** }
 1009              		.loc 1 1241 1 view .LVU288
 1010 0044 70BD     		pop	{r4, r5, r6, pc}
 1011              	.LVL83:
 1012              	.L102:
1238:Service/Srv_IMUSample.c ****         return true;
 1013              		.loc 1 1238 16 view .LVU289
 1014 0046 0120     		movs	r0, #1
 1015              	.LVL84:
1238:Service/Srv_IMUSample.c ****         return true;
 1016              		.loc 1 1238 16 view .LVU290
 1017 0048 FCE7     		b	.L101
 1018              	.L105:
 1019 004a 00BF     		.align	2
 1020              	.L104:
 1021 004c 00408F40 		.word	1083129856
 1022              		.cfi_endproc
 1023              	.LFE154:
 1025              		.section	.text.SrvIMU_ErrorProc,"ax",%progbits
 1026              		.align	1
 1027              		.syntax unified
 1028              		.thumb
 1029              		.thumb_func
 1031              	SrvIMU_ErrorProc:
 1032              	.LFB155:
1242:Service/Srv_IMUSample.c **** 
1243:Service/Srv_IMUSample.c **** static void SrvIMU_ErrorProc(void)
1244:Service/Srv_IMUSample.c **** {
 1033              		.loc 1 1244 1 is_stmt 1 view -0
 1034              		.cfi_startproc
 1035              		@ args = 0, pretend = 0, frame = 0
 1036              		@ frame_needed = 0, uses_anonymous_args = 0
 1037 0000 08B5     		push	{r3, lr}
 1038              	.LCFI10:
 1039              		.cfi_def_cfa_offset 8
 1040              		.cfi_offset 3, -8
 1041              		.cfi_offset 14, -4
1245:Service/Srv_IMUSample.c ****     ErrorLog.proc(SrvMPU_Error_Handle);
 1042              		.loc 1 1245 5 view .LVU292
 1043              		.loc 1 1245 13 is_stmt 0 view .LVU293
 1044 0002 034B     		ldr	r3, .L108
 1045 0004 DB68     		ldr	r3, [r3, #12]
 1046              		.loc 1 1245 5 view .LVU294
 1047 0006 034A     		ldr	r2, .L108+4
 1048 0008 1068     		ldr	r0, [r2]
 1049 000a 9847     		blx	r3
 1050              	.LVL85:
ARM GAS  C:\Users\HUAV\AppData\Local\Temp\cc9W7lB3.s 			page 44


1246:Service/Srv_IMUSample.c **** }
 1051              		.loc 1 1246 1 view .LVU295
 1052 000c 08BD     		pop	{r3, pc}
 1053              	.L109:
 1054 000e 00BF     		.align	2
 1055              	.L108:
 1056 0010 00000000 		.word	ErrorLog
 1057 0014 00000000 		.word	.LANCHOR5
 1058              		.cfi_endproc
 1059              	.LFE155:
 1061              		.section	.text.SrvIMU_AutoDetect,"ax",%progbits
 1062              		.align	1
 1063              		.syntax unified
 1064              		.thumb
 1065              		.thumb_func
 1067              	SrvIMU_AutoDetect:
 1068              	.LVL86:
 1069              	.LFB156:
1247:Service/Srv_IMUSample.c **** 
1248:Service/Srv_IMUSample.c **** static SrvIMU_SensorID_List SrvIMU_AutoDetect(bus_trans_callback trans, cs_ctl_callback cs_ctl)
1249:Service/Srv_IMUSample.c **** {
 1070              		.loc 1 1249 1 is_stmt 1 view -0
 1071              		.cfi_startproc
 1072              		@ args = 0, pretend = 0, frame = 0
 1073              		@ frame_needed = 0, uses_anonymous_args = 0
 1074              		.loc 1 1249 1 is_stmt 0 view .LVU297
 1075 0000 38B5     		push	{r3, r4, r5, lr}
 1076              	.LCFI11:
 1077              		.cfi_def_cfa_offset 16
 1078              		.cfi_offset 3, -16
 1079              		.cfi_offset 4, -12
 1080              		.cfi_offset 5, -8
 1081              		.cfi_offset 14, -4
 1082 0002 0446     		mov	r4, r0
 1083 0004 0D46     		mov	r5, r1
1250:Service/Srv_IMUSample.c ****     SrvOsCommon.delay_ms(20);
 1084              		.loc 1 1250 5 is_stmt 1 view .LVU298
 1085              		.loc 1 1250 16 is_stmt 0 view .LVU299
 1086 0006 114B     		ldr	r3, .L117
 1087 0008 9B68     		ldr	r3, [r3, #8]
 1088              		.loc 1 1250 5 view .LVU300
 1089 000a 1420     		movs	r0, #20
 1090              	.LVL87:
 1091              		.loc 1 1250 5 view .LVU301
 1092 000c 9847     		blx	r3
 1093              	.LVL88:
1251:Service/Srv_IMUSample.c **** 
1252:Service/Srv_IMUSample.c ****     if(DevMPU6000.detect(trans, cs_ctl))
 1094              		.loc 1 1252 5 is_stmt 1 view .LVU302
 1095              		.loc 1 1252 18 is_stmt 0 view .LVU303
 1096 000e 104B     		ldr	r3, .L117+4
 1097 0010 1B68     		ldr	r3, [r3]
 1098              		.loc 1 1252 8 view .LVU304
 1099 0012 2946     		mov	r1, r5
 1100 0014 2046     		mov	r0, r4
 1101 0016 9847     		blx	r3
 1102              	.LVL89:
ARM GAS  C:\Users\HUAV\AppData\Local\Temp\cc9W7lB3.s 			page 45


 1103              		.loc 1 1252 7 view .LVU305
 1104 0018 78B9     		cbnz	r0, .L112
1253:Service/Srv_IMUSample.c ****         return SrvIMU_Dev_MPU6000;
1254:Service/Srv_IMUSample.c **** 
1255:Service/Srv_IMUSample.c ****     if(DevICM20602.detect(trans, cs_ctl))
 1105              		.loc 1 1255 5 is_stmt 1 view .LVU306
 1106              		.loc 1 1255 19 is_stmt 0 view .LVU307
 1107 001a 0E4B     		ldr	r3, .L117+8
 1108 001c 1B68     		ldr	r3, [r3]
 1109              		.loc 1 1255 8 view .LVU308
 1110 001e 2946     		mov	r1, r5
 1111 0020 2046     		mov	r0, r4
 1112 0022 9847     		blx	r3
 1113              	.LVL90:
 1114              		.loc 1 1255 7 view .LVU309
 1115 0024 58B9     		cbnz	r0, .L113
1256:Service/Srv_IMUSample.c ****         return SrvIMU_Dev_ICM20602;
1257:Service/Srv_IMUSample.c **** 
1258:Service/Srv_IMUSample.c ****     switch(DevICM426xx.detect(trans, cs_ctl))
 1116              		.loc 1 1258 5 is_stmt 1 view .LVU310
 1117              		.loc 1 1258 23 is_stmt 0 view .LVU311
 1118 0026 0C4B     		ldr	r3, .L117+12
 1119 0028 1B68     		ldr	r3, [r3]
 1120              		.loc 1 1258 12 view .LVU312
 1121 002a 2946     		mov	r1, r5
 1122 002c 2046     		mov	r0, r4
 1123 002e 9847     		blx	r3
 1124              	.LVL91:
 1125              		.loc 1 1258 5 view .LVU313
 1126 0030 38B1     		cbz	r0, .L114
 1127 0032 0128     		cmp	r0, #1
 1128 0034 07D1     		bne	.L115
 1129 0036 0320     		movs	r0, #3
 1130 0038 00E0     		b	.L111
 1131              	.L112:
1253:Service/Srv_IMUSample.c ****         return SrvIMU_Dev_MPU6000;
 1132              		.loc 1 1253 16 view .LVU314
 1133 003a 0020     		movs	r0, #0
 1134              	.L111:
1259:Service/Srv_IMUSample.c ****     {
1260:Service/Srv_IMUSample.c ****         case ICM42605: return SrvIMU_Dev_ICM42605;
1261:Service/Srv_IMUSample.c ****         case ICM42688P: return SrvIMU_Dev_ICM42688P;
1262:Service/Srv_IMUSample.c ****         default: break;
1263:Service/Srv_IMUSample.c ****     }
1264:Service/Srv_IMUSample.c **** 
1265:Service/Srv_IMUSample.c ****     return SrvIMU_Dev_None;
1266:Service/Srv_IMUSample.c **** }
 1135              		.loc 1 1266 1 view .LVU315
 1136 003c 38BD     		pop	{r3, r4, r5, pc}
 1137              	.LVL92:
 1138              	.L113:
1256:Service/Srv_IMUSample.c ****         return SrvIMU_Dev_ICM20602;
 1139              		.loc 1 1256 16 view .LVU316
 1140 003e 0120     		movs	r0, #1
 1141 0040 FCE7     		b	.L111
 1142              	.L114:
1261:Service/Srv_IMUSample.c ****         default: break;
ARM GAS  C:\Users\HUAV\AppData\Local\Temp\cc9W7lB3.s 			page 46


 1143              		.loc 1 1261 32 view .LVU317
 1144 0042 0220     		movs	r0, #2
 1145 0044 FAE7     		b	.L111
 1146              	.L115:
1265:Service/Srv_IMUSample.c **** }
 1147              		.loc 1 1265 12 view .LVU318
 1148 0046 0420     		movs	r0, #4
 1149 0048 F8E7     		b	.L111
 1150              	.L118:
 1151 004a 00BF     		.align	2
 1152              	.L117:
 1153 004c 00000000 		.word	SrvOsCommon
 1154 0050 00000000 		.word	DevMPU6000
 1155 0054 00000000 		.word	DevICM20602
 1156 0058 00000000 		.word	DevICM426xx
 1157              		.cfi_endproc
 1158              	.LFE156:
 1160              		.section	.text.SrvIMU_PriIMU_Init,"ax",%progbits
 1161              		.align	1
 1162              		.syntax unified
 1163              		.thumb
 1164              		.thumb_func
 1166              	SrvIMU_PriIMU_Init:
 1167              	.LFB144:
 432:Service/Srv_IMUSample.c ****     /* primary IMU Pin & Bus Init */
 1168              		.loc 1 432 1 is_stmt 1 view -0
 1169              		.cfi_startproc
 1170              		@ args = 0, pretend = 0, frame = 0
 1171              		@ frame_needed = 0, uses_anonymous_args = 0
 1172 0000 2DE9F041 		push	{r4, r5, r6, r7, r8, lr}
 1173              	.LCFI12:
 1174              		.cfi_def_cfa_offset 24
 1175              		.cfi_offset 4, -24
 1176              		.cfi_offset 5, -20
 1177              		.cfi_offset 6, -16
 1178              		.cfi_offset 7, -12
 1179              		.cfi_offset 8, -8
 1180              		.cfi_offset 14, -4
 1181 0004 8AB0     		sub	sp, sp, #40
 1182              	.LCFI13:
 1183              		.cfi_def_cfa_offset 64
 434:Service/Srv_IMUSample.c ****         return SrvIMU_PriCSPin_Init_Error;
 1184              		.loc 1 434 5 view .LVU320
 434:Service/Srv_IMUSample.c ****         return SrvIMU_PriCSPin_Init_Error;
 1185              		.loc 1 434 17 is_stmt 0 view .LVU321
 1186 0006 854B     		ldr	r3, .L135
 1187 0008 5C68     		ldr	r4, [r3, #4]
 434:Service/Srv_IMUSample.c ****         return SrvIMU_PriCSPin_Init_Error;
 1188              		.loc 1 434 10 view .LVU322
 1189 000a 854B     		ldr	r3, .L135+4
 1190 000c 93E80700 		ldm	r3, {r0, r1, r2}
 1191 0010 A047     		blx	r4
 1192              	.LVL93:
 434:Service/Srv_IMUSample.c ****         return SrvIMU_PriCSPin_Init_Error;
 1193              		.loc 1 434 8 view .LVU323
 1194 0012 0028     		cmp	r0, #0
 1195 0014 00F0E980 		beq	.L126
ARM GAS  C:\Users\HUAV\AppData\Local\Temp\cc9W7lB3.s 			page 47


 437:Service/Srv_IMUSample.c ****         return SrvIMU_PriExtiPin_Init_Error;
 1196              		.loc 1 437 5 is_stmt 1 view .LVU324
 437:Service/Srv_IMUSample.c ****         return SrvIMU_PriExtiPin_Init_Error;
 1197              		.loc 1 437 17 is_stmt 0 view .LVU325
 1198 0018 804B     		ldr	r3, .L135
 1199 001a 1C68     		ldr	r4, [r3]
 437:Service/Srv_IMUSample.c ****         return SrvIMU_PriExtiPin_Init_Error;
 1200              		.loc 1 437 10 view .LVU326
 1201 001c 814A     		ldr	r2, .L135+8
 1202 001e 824B     		ldr	r3, .L135+12
 1203 0020 07CA     		ldm	r2, {r0, r1, r2}
 1204 0022 A047     		blx	r4
 1205              	.LVL94:
 437:Service/Srv_IMUSample.c ****         return SrvIMU_PriExtiPin_Init_Error;
 1206              		.loc 1 437 8 view .LVU327
 1207 0024 0028     		cmp	r0, #0
 1208 0026 00F0E380 		beq	.L127
 440:Service/Srv_IMUSample.c ****     if (!BspSPI.init(PriIMU_BusCfg, &PriIMU_Bus_Instance))
 1209              		.loc 1 440 5 is_stmt 1 view .LVU328
 440:Service/Srv_IMUSample.c ****     if (!BspSPI.init(PriIMU_BusCfg, &PriIMU_Bus_Instance))
 1210              		.loc 1 440 23 is_stmt 0 view .LVU329
 1211 002a 804D     		ldr	r5, .L135+16
 1212 002c AC46     		mov	ip, r5
 1213 002e 804C     		ldr	r4, .L135+20
 1214 0030 0FCC     		ldmia	r4!, {r0, r1, r2, r3}
 1215 0032 ACE80F00 		stmia	ip!, {r0, r1, r2, r3}
 1216 0036 94E80700 		ldm	r4, {r0, r1, r2}
 1217 003a 8CE80700 		stm	ip, {r0, r1, r2}
 441:Service/Srv_IMUSample.c ****         return SrvIMU_PriBus_Init_Error;
 1218              		.loc 1 441 5 is_stmt 1 view .LVU330
 441:Service/Srv_IMUSample.c ****         return SrvIMU_PriBus_Init_Error;
 1219              		.loc 1 441 16 is_stmt 0 view .LVU331
 1220 003e 7D4B     		ldr	r3, .L135+24
 1221 0040 1C68     		ldr	r4, [r3]
 441:Service/Srv_IMUSample.c ****         return SrvIMU_PriBus_Init_Error;
 1222              		.loc 1 441 10 view .LVU332
 1223 0042 7D4B     		ldr	r3, .L135+28
 1224 0044 0893     		str	r3, [sp, #32]
 1225 0046 EE46     		mov	lr, sp
 1226 0048 BCE80F00 		ldmia	ip!, {r0, r1, r2, r3}
 1227 004c AEE80F00 		stmia	lr!, {r0, r1, r2, r3}
 1228 0050 9CE80F00 		ldm	ip, {r0, r1, r2, r3}
 1229 0054 8EE80F00 		stm	lr, {r0, r1, r2, r3}
 1230 0058 95E80F00 		ldm	r5, {r0, r1, r2, r3}
 1231 005c A047     		blx	r4
 1232              	.LVL95:
 441:Service/Srv_IMUSample.c ****         return SrvIMU_PriBus_Init_Error;
 1233              		.loc 1 441 8 view .LVU333
 1234 005e 0028     		cmp	r0, #0
 1235 0060 00F0C980 		beq	.L128
 444:Service/Srv_IMUSample.c ****     {
 1236              		.loc 1 444 5 is_stmt 1 view .LVU334
 444:Service/Srv_IMUSample.c ****     {
 1237              		.loc 1 444 12 is_stmt 0 view .LVU335
 1238 0064 7549     		ldr	r1, .L135+32
 1239 0066 7648     		ldr	r0, .L135+36
 1240 0068 FFF7FEFF 		bl	SrvIMU_AutoDetect
ARM GAS  C:\Users\HUAV\AppData\Local\Temp\cc9W7lB3.s 			page 48


 1241              	.LVL96:
 444:Service/Srv_IMUSample.c ****     {
 1242              		.loc 1 444 5 view .LVU336
 1243 006c 0328     		cmp	r0, #3
 1244 006e 00F2C580 		bhi	.L129
 1245 0072 DFE800F0 		tbb	[pc, r0]
 1246              	.L122:
 1247 0076 02       		.byte	(.L125-.L122)/2
 1248 0077 32       		.byte	(.L124-.L122)/2
 1249 0078 5F       		.byte	(.L123-.L122)/2
 1250 0079 8C       		.byte	(.L121-.L122)/2
 1251              		.p2align 1
 1252              	.L125:
 447:Service/Srv_IMUSample.c ****             DevMPU6000.pre_init(&MPU6000Obj,
 1253              		.loc 1 447 13 is_stmt 1 view .LVU337
 447:Service/Srv_IMUSample.c ****             DevMPU6000.pre_init(&MPU6000Obj,
 1254              		.loc 1 447 35 is_stmt 0 view .LVU338
 1255 007a 724C     		ldr	r4, .L135+40
 1256 007c 0023     		movs	r3, #0
 1257 007e 2370     		strb	r3, [r4]
 448:Service/Srv_IMUSample.c ****                                 SrvIMU_PriIMU_CS_Ctl,
 1258              		.loc 1 448 13 is_stmt 1 view .LVU339
 448:Service/Srv_IMUSample.c ****                                 SrvIMU_PriIMU_CS_Ctl,
 1259              		.loc 1 448 23 is_stmt 0 view .LVU340
 1260 0080 714D     		ldr	r5, .L135+44
 1261 0082 6F68     		ldr	r7, [r5, #4]
 448:Service/Srv_IMUSample.c ****                                 SrvIMU_PriIMU_CS_Ctl,
 1262              		.loc 1 448 13 view .LVU341
 1263 0084 714B     		ldr	r3, .L135+48
 1264 0086 724E     		ldr	r6, .L135+52
 1265 0088 5A68     		ldr	r2, [r3, #4]
 1266 008a 0092     		str	r2, [sp]
 1267 008c 9B68     		ldr	r3, [r3, #8]
 1268 008e 6C4A     		ldr	r2, .L135+36
 1269 0090 6A49     		ldr	r1, .L135+32
 1270 0092 3046     		mov	r0, r6
 1271 0094 B847     		blx	r7
 1272              	.LVL97:
 454:Service/Srv_IMUSample.c ****                                MPU6000_SampleRate_1K,
 1273              		.loc 1 454 13 is_stmt 1 view .LVU342
 454:Service/Srv_IMUSample.c ****                                MPU6000_SampleRate_1K,
 1274              		.loc 1 454 23 is_stmt 0 view .LVU343
 1275 0096 AF68     		ldr	r7, [r5, #8]
 454:Service/Srv_IMUSample.c ****                                MPU6000_SampleRate_1K,
 1276              		.loc 1 454 13 view .LVU344
 1277 0098 0323     		movs	r3, #3
 1278 009a 1A46     		mov	r2, r3
 1279 009c 0721     		movs	r1, #7
 1280 009e 3046     		mov	r0, r6
 1281 00a0 B847     		blx	r7
 1282              	.LVL98:
 459:Service/Srv_IMUSample.c ****             InUse_PriIMU_Obj.OriData_ptr = &(MPU6000Obj.OriData);
 1283              		.loc 1 459 13 is_stmt 1 view .LVU345
 459:Service/Srv_IMUSample.c ****             InUse_PriIMU_Obj.OriData_ptr = &(MPU6000Obj.OriData);
 1284              		.loc 1 459 38 is_stmt 0 view .LVU346
 1285 00a2 6660     		str	r6, [r4, #4]
 460:Service/Srv_IMUSample.c ****             InUse_PriIMU_Obj.acc_trip = MPU6000Obj.PHY_AccTrip_Val;
ARM GAS  C:\Users\HUAV\AppData\Local\Temp\cc9W7lB3.s 			page 49


 1286              		.loc 1 460 13 is_stmt 1 view .LVU347
 460:Service/Srv_IMUSample.c ****             InUse_PriIMU_Obj.acc_trip = MPU6000Obj.PHY_AccTrip_Val;
 1287              		.loc 1 460 42 is_stmt 0 view .LVU348
 1288 00a4 06F12203 		add	r3, r6, #34
 1289 00a8 A360     		str	r3, [r4, #8]
 461:Service/Srv_IMUSample.c ****             InUse_PriIMU_Obj.gyr_trip = MPU6000Obj.PHY_GyrTrip_Val;
 1290              		.loc 1 461 13 is_stmt 1 view .LVU349
 461:Service/Srv_IMUSample.c ****             InUse_PriIMU_Obj.gyr_trip = MPU6000Obj.PHY_GyrTrip_Val;
 1291              		.loc 1 461 51 is_stmt 0 view .LVU350
 1292 00aa B37C     		ldrb	r3, [r6, #18]	@ zero_extendqisi2
 461:Service/Srv_IMUSample.c ****             InUse_PriIMU_Obj.gyr_trip = MPU6000Obj.PHY_GyrTrip_Val;
 1293              		.loc 1 461 39 view .LVU351
 1294 00ac 2373     		strb	r3, [r4, #12]
 462:Service/Srv_IMUSample.c ****             
 1295              		.loc 1 462 13 is_stmt 1 view .LVU352
 462:Service/Srv_IMUSample.c ****             
 1296              		.loc 1 462 51 is_stmt 0 view .LVU353
 1297 00ae B38A     		ldrh	r3, [r6, #20]
 462:Service/Srv_IMUSample.c ****             
 1298              		.loc 1 462 39 view .LVU354
 1299 00b0 E381     		strh	r3, [r4, #14]	@ movhi
 464:Service/Srv_IMUSample.c ****             InUse_PriIMU_Obj.get_drdy = (SrvIMU_GetDataReady_Callback)DevMPU6000.get_ready;
 1300              		.loc 1 464 13 is_stmt 1 view .LVU355
 464:Service/Srv_IMUSample.c ****             InUse_PriIMU_Obj.get_drdy = (SrvIMU_GetDataReady_Callback)DevMPU6000.get_ready;
 1301              		.loc 1 464 82 is_stmt 0 view .LVU356
 1302 00b2 AB69     		ldr	r3, [r5, #24]
 464:Service/Srv_IMUSample.c ****             InUse_PriIMU_Obj.get_drdy = (SrvIMU_GetDataReady_Callback)DevMPU6000.get_ready;
 1303              		.loc 1 464 39 view .LVU357
 1304 00b4 E361     		str	r3, [r4, #28]
 465:Service/Srv_IMUSample.c ****             InUse_PriIMU_Obj.get_scale = (SrvIMU_GetScale_Callback)(DevMPU6000.get_scale);
 1305              		.loc 1 465 13 is_stmt 1 view .LVU358
 465:Service/Srv_IMUSample.c ****             InUse_PriIMU_Obj.get_scale = (SrvIMU_GetScale_Callback)(DevMPU6000.get_scale);
 1306              		.loc 1 465 81 is_stmt 0 view .LVU359
 1307 00b6 6B69     		ldr	r3, [r5, #20]
 465:Service/Srv_IMUSample.c ****             InUse_PriIMU_Obj.get_scale = (SrvIMU_GetScale_Callback)(DevMPU6000.get_scale);
 1308              		.loc 1 465 39 view .LVU360
 1309 00b8 2361     		str	r3, [r4, #16]
 466:Service/Srv_IMUSample.c ****             InUse_PriIMU_Obj.sample = (SrvIMU_Sample_Callback)(DevMPU6000.sample);
 1310              		.loc 1 466 13 is_stmt 1 view .LVU361
 466:Service/Srv_IMUSample.c ****             InUse_PriIMU_Obj.sample = (SrvIMU_Sample_Callback)(DevMPU6000.sample);
 1311              		.loc 1 466 79 is_stmt 0 view .LVU362
 1312 00ba AB6A     		ldr	r3, [r5, #40]
 466:Service/Srv_IMUSample.c ****             InUse_PriIMU_Obj.sample = (SrvIMU_Sample_Callback)(DevMPU6000.sample);
 1313              		.loc 1 466 40 view .LVU363
 1314 00bc A361     		str	r3, [r4, #24]
 467:Service/Srv_IMUSample.c ****             InUse_PriIMU_Obj.get_error = (SrvIMU_GetError_Callback)(DevMPU6000.get_error);
 1315              		.loc 1 467 13 is_stmt 1 view .LVU364
 467:Service/Srv_IMUSample.c ****             InUse_PriIMU_Obj.get_error = (SrvIMU_GetError_Callback)(DevMPU6000.get_error);
 1316              		.loc 1 467 74 is_stmt 0 view .LVU365
 1317 00be EB69     		ldr	r3, [r5, #28]
 467:Service/Srv_IMUSample.c ****             InUse_PriIMU_Obj.get_error = (SrvIMU_GetError_Callback)(DevMPU6000.get_error);
 1318              		.loc 1 467 37 view .LVU366
 1319 00c0 6361     		str	r3, [r4, #20]
 468:Service/Srv_IMUSample.c **** 
 1320              		.loc 1 468 13 is_stmt 1 view .LVU367
 468:Service/Srv_IMUSample.c **** 
 1321              		.loc 1 468 79 is_stmt 0 view .LVU368
ARM GAS  C:\Users\HUAV\AppData\Local\Temp\cc9W7lB3.s 			page 50


 1322 00c2 6B6A     		ldr	r3, [r5, #36]
 468:Service/Srv_IMUSample.c **** 
 1323              		.loc 1 468 40 view .LVU369
 1324 00c4 2362     		str	r3, [r4, #32]
 470:Service/Srv_IMUSample.c ****                 return SrvIMU_PriDev_Init_Error;
 1325              		.loc 1 470 13 is_stmt 1 view .LVU370
 470:Service/Srv_IMUSample.c ****                 return SrvIMU_PriDev_Init_Error;
 1326              		.loc 1 470 28 is_stmt 0 view .LVU371
 1327 00c6 EB68     		ldr	r3, [r5, #12]
 470:Service/Srv_IMUSample.c ****                 return SrvIMU_PriDev_Init_Error;
 1328              		.loc 1 470 18 view .LVU372
 1329 00c8 3046     		mov	r0, r6
 1330 00ca 9847     		blx	r3
 1331              	.LVL99:
 470:Service/Srv_IMUSample.c ****                 return SrvIMU_PriDev_Init_Error;
 1332              		.loc 1 470 16 view .LVU373
 1333 00cc 0028     		cmp	r0, #0
 1334 00ce 00F09880 		beq	.L130
 561:Service/Srv_IMUSample.c **** }
 1335              		.loc 1 561 12 view .LVU374
 1336 00d2 0020     		movs	r0, #0
 1337              	.L120:
 562:Service/Srv_IMUSample.c **** 
 1338              		.loc 1 562 1 view .LVU375
 1339 00d4 0AB0     		add	sp, sp, #40
 1340              	.LCFI14:
 1341              		.cfi_remember_state
 1342              		.cfi_def_cfa_offset 24
 1343              		@ sp needed
 1344 00d6 BDE8F081 		pop	{r4, r5, r6, r7, r8, pc}
 1345              	.L124:
 1346              	.LCFI15:
 1347              		.cfi_restore_state
 475:Service/Srv_IMUSample.c ****             DevICM20602.pre_init(&ICM20602Obj,
 1348              		.loc 1 475 13 is_stmt 1 view .LVU376
 475:Service/Srv_IMUSample.c ****             DevICM20602.pre_init(&ICM20602Obj,
 1349              		.loc 1 475 35 is_stmt 0 view .LVU377
 1350 00da 5A4C     		ldr	r4, .L135+40
 1351 00dc 0123     		movs	r3, #1
 1352 00de 2370     		strb	r3, [r4]
 476:Service/Srv_IMUSample.c ****                                  SrvIMU_PriIMU_CS_Ctl,
 1353              		.loc 1 476 13 is_stmt 1 view .LVU378
 476:Service/Srv_IMUSample.c ****                                  SrvIMU_PriIMU_CS_Ctl,
 1354              		.loc 1 476 24 is_stmt 0 view .LVU379
 1355 00e0 5C4D     		ldr	r5, .L135+56
 1356 00e2 AF68     		ldr	r7, [r5, #8]
 476:Service/Srv_IMUSample.c ****                                  SrvIMU_PriIMU_CS_Ctl,
 1357              		.loc 1 476 13 view .LVU380
 1358 00e4 594B     		ldr	r3, .L135+48
 1359 00e6 5C4E     		ldr	r6, .L135+60
 1360 00e8 5A68     		ldr	r2, [r3, #4]
 1361 00ea 0092     		str	r2, [sp]
 1362 00ec 9B68     		ldr	r3, [r3, #8]
 1363 00ee 544A     		ldr	r2, .L135+36
 1364 00f0 5249     		ldr	r1, .L135+32
 1365 00f2 3046     		mov	r0, r6
 1366 00f4 B847     		blx	r7
ARM GAS  C:\Users\HUAV\AppData\Local\Temp\cc9W7lB3.s 			page 51


 1367              	.LVL100:
 482:Service/Srv_IMUSample.c ****                                 ICM20602_SampleRate_1K,
 1368              		.loc 1 482 13 is_stmt 1 view .LVU381
 482:Service/Srv_IMUSample.c ****                                 ICM20602_SampleRate_1K,
 1369              		.loc 1 482 24 is_stmt 0 view .LVU382
 1370 00f6 6F68     		ldr	r7, [r5, #4]
 482:Service/Srv_IMUSample.c ****                                 ICM20602_SampleRate_1K,
 1371              		.loc 1 482 13 view .LVU383
 1372 00f8 0323     		movs	r3, #3
 1373 00fa 1A46     		mov	r2, r3
 1374 00fc 0721     		movs	r1, #7
 1375 00fe 3046     		mov	r0, r6
 1376 0100 B847     		blx	r7
 1377              	.LVL101:
 487:Service/Srv_IMUSample.c ****             InUse_PriIMU_Obj.OriData_ptr = &(ICM20602Obj.OriData);
 1378              		.loc 1 487 13 is_stmt 1 view .LVU384
 487:Service/Srv_IMUSample.c ****             InUse_PriIMU_Obj.OriData_ptr = &(ICM20602Obj.OriData);
 1379              		.loc 1 487 38 is_stmt 0 view .LVU385
 1380 0102 6660     		str	r6, [r4, #4]
 488:Service/Srv_IMUSample.c ****             InUse_PriIMU_Obj.acc_trip = ICM20602Obj.PHY_AccTrip_Val;
 1381              		.loc 1 488 13 is_stmt 1 view .LVU386
 488:Service/Srv_IMUSample.c ****             InUse_PriIMU_Obj.acc_trip = ICM20602Obj.PHY_AccTrip_Val;
 1382              		.loc 1 488 42 is_stmt 0 view .LVU387
 1383 0104 06F13103 		add	r3, r6, #49
 1384 0108 A360     		str	r3, [r4, #8]
 489:Service/Srv_IMUSample.c ****             InUse_PriIMU_Obj.gyr_trip = ICM20602Obj.PHY_GyrTrip_Val;
 1385              		.loc 1 489 13 is_stmt 1 view .LVU388
 489:Service/Srv_IMUSample.c ****             InUse_PriIMU_Obj.gyr_trip = ICM20602Obj.PHY_GyrTrip_Val;
 1386              		.loc 1 489 52 is_stmt 0 view .LVU389
 1387 010a 337D     		ldrb	r3, [r6, #20]	@ zero_extendqisi2
 489:Service/Srv_IMUSample.c ****             InUse_PriIMU_Obj.gyr_trip = ICM20602Obj.PHY_GyrTrip_Val;
 1388              		.loc 1 489 39 view .LVU390
 1389 010c 2373     		strb	r3, [r4, #12]
 490:Service/Srv_IMUSample.c **** 
 1390              		.loc 1 490 13 is_stmt 1 view .LVU391
 490:Service/Srv_IMUSample.c **** 
 1391              		.loc 1 490 52 is_stmt 0 view .LVU392
 1392 010e F38A     		ldrh	r3, [r6, #22]
 490:Service/Srv_IMUSample.c **** 
 1393              		.loc 1 490 39 view .LVU393
 1394 0110 E381     		strh	r3, [r4, #14]	@ movhi
 492:Service/Srv_IMUSample.c ****             InUse_PriIMU_Obj.get_drdy = (SrvIMU_GetDataReady_Callback)DevICM20602.get_ready;
 1395              		.loc 1 492 13 is_stmt 1 view .LVU394
 492:Service/Srv_IMUSample.c ****             InUse_PriIMU_Obj.get_drdy = (SrvIMU_GetDataReady_Callback)DevICM20602.get_ready;
 1396              		.loc 1 492 83 is_stmt 0 view .LVU395
 1397 0112 2B69     		ldr	r3, [r5, #16]
 492:Service/Srv_IMUSample.c ****             InUse_PriIMU_Obj.get_drdy = (SrvIMU_GetDataReady_Callback)DevICM20602.get_ready;
 1398              		.loc 1 492 39 view .LVU396
 1399 0114 E361     		str	r3, [r4, #28]
 493:Service/Srv_IMUSample.c ****             InUse_PriIMU_Obj.get_scale = (SrvIMU_GetScale_Callback)(DevICM20602.get_scale);
 1400              		.loc 1 493 13 is_stmt 1 view .LVU397
 493:Service/Srv_IMUSample.c ****             InUse_PriIMU_Obj.get_scale = (SrvIMU_GetScale_Callback)(DevICM20602.get_scale);
 1401              		.loc 1 493 82 is_stmt 0 view .LVU398
 1402 0116 6B69     		ldr	r3, [r5, #20]
 493:Service/Srv_IMUSample.c ****             InUse_PriIMU_Obj.get_scale = (SrvIMU_GetScale_Callback)(DevICM20602.get_scale);
 1403              		.loc 1 493 39 view .LVU399
 1404 0118 2361     		str	r3, [r4, #16]
ARM GAS  C:\Users\HUAV\AppData\Local\Temp\cc9W7lB3.s 			page 52


 494:Service/Srv_IMUSample.c ****             InUse_PriIMU_Obj.sample = (SrvIMU_Sample_Callback)(DevICM20602.sample);
 1405              		.loc 1 494 13 is_stmt 1 view .LVU400
 494:Service/Srv_IMUSample.c ****             InUse_PriIMU_Obj.sample = (SrvIMU_Sample_Callback)(DevICM20602.sample);
 1406              		.loc 1 494 80 is_stmt 0 view .LVU401
 1407 011a AB6A     		ldr	r3, [r5, #40]
 494:Service/Srv_IMUSample.c ****             InUse_PriIMU_Obj.sample = (SrvIMU_Sample_Callback)(DevICM20602.sample);
 1408              		.loc 1 494 40 view .LVU402
 1409 011c A361     		str	r3, [r4, #24]
 495:Service/Srv_IMUSample.c ****             InUse_PriIMU_Obj.get_error = (SrvIMU_GetError_Callback)(DevICM20602.get_error);
 1410              		.loc 1 495 13 is_stmt 1 view .LVU403
 495:Service/Srv_IMUSample.c ****             InUse_PriIMU_Obj.get_error = (SrvIMU_GetError_Callback)(DevICM20602.get_error);
 1411              		.loc 1 495 75 is_stmt 0 view .LVU404
 1412 011e EB69     		ldr	r3, [r5, #28]
 495:Service/Srv_IMUSample.c ****             InUse_PriIMU_Obj.get_error = (SrvIMU_GetError_Callback)(DevICM20602.get_error);
 1413              		.loc 1 495 37 view .LVU405
 1414 0120 6361     		str	r3, [r4, #20]
 496:Service/Srv_IMUSample.c **** 
 1415              		.loc 1 496 13 is_stmt 1 view .LVU406
 496:Service/Srv_IMUSample.c **** 
 1416              		.loc 1 496 80 is_stmt 0 view .LVU407
 1417 0122 6B6A     		ldr	r3, [r5, #36]
 496:Service/Srv_IMUSample.c **** 
 1418              		.loc 1 496 40 view .LVU408
 1419 0124 2362     		str	r3, [r4, #32]
 498:Service/Srv_IMUSample.c ****                 return SrvIMU_PriDev_Init_Error;
 1420              		.loc 1 498 13 is_stmt 1 view .LVU409
 498:Service/Srv_IMUSample.c ****                 return SrvIMU_PriDev_Init_Error;
 1421              		.loc 1 498 29 is_stmt 0 view .LVU410
 1422 0126 EB68     		ldr	r3, [r5, #12]
 498:Service/Srv_IMUSample.c ****                 return SrvIMU_PriDev_Init_Error;
 1423              		.loc 1 498 18 view .LVU411
 1424 0128 3046     		mov	r0, r6
 1425 012a 9847     		blx	r3
 1426              	.LVL102:
 498:Service/Srv_IMUSample.c ****                 return SrvIMU_PriDev_Init_Error;
 1427              		.loc 1 498 16 view .LVU412
 1428 012c 0028     		cmp	r0, #0
 1429 012e 6BD0     		beq	.L131
 561:Service/Srv_IMUSample.c **** }
 1430              		.loc 1 561 12 view .LVU413
 1431 0130 0020     		movs	r0, #0
 1432 0132 CFE7     		b	.L120
 1433              	.L123:
 503:Service/Srv_IMUSample.c ****             DevICM426xx.pre_init(&ICM42688PObj,
 1434              		.loc 1 503 13 is_stmt 1 view .LVU414
 503:Service/Srv_IMUSample.c ****             DevICM426xx.pre_init(&ICM42688PObj,
 1435              		.loc 1 503 35 is_stmt 0 view .LVU415
 1436 0134 434C     		ldr	r4, .L135+40
 1437 0136 0223     		movs	r3, #2
 1438 0138 2370     		strb	r3, [r4]
 504:Service/Srv_IMUSample.c ****                                  SrvIMU_PriIMU_CS_Ctl,
 1439              		.loc 1 504 13 is_stmt 1 view .LVU416
 504:Service/Srv_IMUSample.c ****                                  SrvIMU_PriIMU_CS_Ctl,
 1440              		.loc 1 504 24 is_stmt 0 view .LVU417
 1441 013a 484D     		ldr	r5, .L135+64
 1442 013c AF68     		ldr	r7, [r5, #8]
 504:Service/Srv_IMUSample.c ****                                  SrvIMU_PriIMU_CS_Ctl,
ARM GAS  C:\Users\HUAV\AppData\Local\Temp\cc9W7lB3.s 			page 53


 1443              		.loc 1 504 13 view .LVU418
 1444 013e 434B     		ldr	r3, .L135+48
 1445 0140 474E     		ldr	r6, .L135+68
 1446 0142 5A68     		ldr	r2, [r3, #4]
 1447 0144 0092     		str	r2, [sp]
 1448 0146 9B68     		ldr	r3, [r3, #8]
 1449 0148 3D4A     		ldr	r2, .L135+36
 1450 014a 3C49     		ldr	r1, .L135+32
 1451 014c 3046     		mov	r0, r6
 1452 014e B847     		blx	r7
 1453              	.LVL103:
 510:Service/Srv_IMUSample.c ****                                 ICM426xx_SampleRate_1K,
 1454              		.loc 1 510 13 is_stmt 1 view .LVU419
 510:Service/Srv_IMUSample.c ****                                 ICM426xx_SampleRate_1K,
 1455              		.loc 1 510 24 is_stmt 0 view .LVU420
 1456 0150 6F68     		ldr	r7, [r5, #4]
 510:Service/Srv_IMUSample.c ****                                 ICM426xx_SampleRate_1K,
 1457              		.loc 1 510 13 view .LVU421
 1458 0152 0323     		movs	r3, #3
 1459 0154 1A46     		mov	r2, r3
 1460 0156 1946     		mov	r1, r3
 1461 0158 3046     		mov	r0, r6
 1462 015a B847     		blx	r7
 1463              	.LVL104:
 515:Service/Srv_IMUSample.c ****             InUse_PriIMU_Obj.OriData_ptr = &(ICM42688PObj.OriData);
 1464              		.loc 1 515 13 is_stmt 1 view .LVU422
 515:Service/Srv_IMUSample.c ****             InUse_PriIMU_Obj.OriData_ptr = &(ICM42688PObj.OriData);
 1465              		.loc 1 515 38 is_stmt 0 view .LVU423
 1466 015c 6660     		str	r6, [r4, #4]
 516:Service/Srv_IMUSample.c ****             InUse_PriIMU_Obj.acc_trip = ICM42688PObj.PHY_AccTrip_Val;
 1467              		.loc 1 516 13 is_stmt 1 view .LVU424
 516:Service/Srv_IMUSample.c ****             InUse_PriIMU_Obj.acc_trip = ICM42688PObj.PHY_AccTrip_Val;
 1468              		.loc 1 516 42 is_stmt 0 view .LVU425
 1469 015e 06F13503 		add	r3, r6, #53
 1470 0162 A360     		str	r3, [r4, #8]
 517:Service/Srv_IMUSample.c ****             InUse_PriIMU_Obj.gyr_trip = ICM42688PObj.PHY_GyrTrip_Val;
 1471              		.loc 1 517 13 is_stmt 1 view .LVU426
 517:Service/Srv_IMUSample.c ****             InUse_PriIMU_Obj.gyr_trip = ICM42688PObj.PHY_GyrTrip_Val;
 1472              		.loc 1 517 53 is_stmt 0 view .LVU427
 1473 0164 337E     		ldrb	r3, [r6, #24]	@ zero_extendqisi2
 517:Service/Srv_IMUSample.c ****             InUse_PriIMU_Obj.gyr_trip = ICM42688PObj.PHY_GyrTrip_Val;
 1474              		.loc 1 517 39 view .LVU428
 1475 0166 2373     		strb	r3, [r4, #12]
 518:Service/Srv_IMUSample.c **** 
 1476              		.loc 1 518 13 is_stmt 1 view .LVU429
 518:Service/Srv_IMUSample.c **** 
 1477              		.loc 1 518 53 is_stmt 0 view .LVU430
 1478 0168 738B     		ldrh	r3, [r6, #26]
 518:Service/Srv_IMUSample.c **** 
 1479              		.loc 1 518 39 view .LVU431
 1480 016a E381     		strh	r3, [r4, #14]	@ movhi
 520:Service/Srv_IMUSample.c ****             InUse_PriIMU_Obj.get_drdy = (SrvIMU_GetDataReady_Callback)(DevICM426xx.get_ready);
 1481              		.loc 1 520 13 is_stmt 1 view .LVU432
 520:Service/Srv_IMUSample.c ****             InUse_PriIMU_Obj.get_drdy = (SrvIMU_GetDataReady_Callback)(DevICM426xx.get_ready);
 1482              		.loc 1 520 83 is_stmt 0 view .LVU433
 1483 016c 2B69     		ldr	r3, [r5, #16]
 520:Service/Srv_IMUSample.c ****             InUse_PriIMU_Obj.get_drdy = (SrvIMU_GetDataReady_Callback)(DevICM426xx.get_ready);
ARM GAS  C:\Users\HUAV\AppData\Local\Temp\cc9W7lB3.s 			page 54


 1484              		.loc 1 520 39 view .LVU434
 1485 016e E361     		str	r3, [r4, #28]
 521:Service/Srv_IMUSample.c ****             InUse_PriIMU_Obj.get_scale = (SrvIMU_GetScale_Callback)(DevICM426xx.get_scale);
 1486              		.loc 1 521 13 is_stmt 1 view .LVU435
 521:Service/Srv_IMUSample.c ****             InUse_PriIMU_Obj.get_scale = (SrvIMU_GetScale_Callback)(DevICM426xx.get_scale);
 1487              		.loc 1 521 83 is_stmt 0 view .LVU436
 1488 0170 6B69     		ldr	r3, [r5, #20]
 521:Service/Srv_IMUSample.c ****             InUse_PriIMU_Obj.get_scale = (SrvIMU_GetScale_Callback)(DevICM426xx.get_scale);
 1489              		.loc 1 521 39 view .LVU437
 1490 0172 2361     		str	r3, [r4, #16]
 522:Service/Srv_IMUSample.c ****             InUse_PriIMU_Obj.sample = (SrvIMU_Sample_Callback)(DevICM426xx.sample);
 1491              		.loc 1 522 13 is_stmt 1 view .LVU438
 522:Service/Srv_IMUSample.c ****             InUse_PriIMU_Obj.sample = (SrvIMU_Sample_Callback)(DevICM426xx.sample);
 1492              		.loc 1 522 80 is_stmt 0 view .LVU439
 1493 0174 6B6A     		ldr	r3, [r5, #36]
 522:Service/Srv_IMUSample.c ****             InUse_PriIMU_Obj.sample = (SrvIMU_Sample_Callback)(DevICM426xx.sample);
 1494              		.loc 1 522 40 view .LVU440
 1495 0176 A361     		str	r3, [r4, #24]
 523:Service/Srv_IMUSample.c ****             InUse_PriIMU_Obj.get_error = (SrvIMU_GetError_Callback)(DevICM426xx.get_error);
 1496              		.loc 1 523 13 is_stmt 1 view .LVU441
 523:Service/Srv_IMUSample.c ****             InUse_PriIMU_Obj.get_error = (SrvIMU_GetError_Callback)(DevICM426xx.get_error);
 1497              		.loc 1 523 75 is_stmt 0 view .LVU442
 1498 0178 AB69     		ldr	r3, [r5, #24]
 523:Service/Srv_IMUSample.c ****             InUse_PriIMU_Obj.get_error = (SrvIMU_GetError_Callback)(DevICM426xx.get_error);
 1499              		.loc 1 523 37 view .LVU443
 1500 017a 6361     		str	r3, [r4, #20]
 524:Service/Srv_IMUSample.c **** 
 1501              		.loc 1 524 13 is_stmt 1 view .LVU444
 524:Service/Srv_IMUSample.c **** 
 1502              		.loc 1 524 80 is_stmt 0 view .LVU445
 1503 017c EB69     		ldr	r3, [r5, #28]
 524:Service/Srv_IMUSample.c **** 
 1504              		.loc 1 524 40 view .LVU446
 1505 017e 2362     		str	r3, [r4, #32]
 526:Service/Srv_IMUSample.c ****                 return SrvIMU_PriDev_Init_Error;
 1506              		.loc 1 526 13 is_stmt 1 view .LVU447
 526:Service/Srv_IMUSample.c ****                 return SrvIMU_PriDev_Init_Error;
 1507              		.loc 1 526 29 is_stmt 0 view .LVU448
 1508 0180 EB68     		ldr	r3, [r5, #12]
 526:Service/Srv_IMUSample.c ****                 return SrvIMU_PriDev_Init_Error;
 1509              		.loc 1 526 18 view .LVU449
 1510 0182 3046     		mov	r0, r6
 1511 0184 9847     		blx	r3
 1512              	.LVL105:
 526:Service/Srv_IMUSample.c ****                 return SrvIMU_PriDev_Init_Error;
 1513              		.loc 1 526 16 view .LVU450
 1514 0186 0028     		cmp	r0, #0
 1515 0188 41D0     		beq	.L132
 561:Service/Srv_IMUSample.c **** }
 1516              		.loc 1 561 12 view .LVU451
 1517 018a 0020     		movs	r0, #0
 1518 018c A2E7     		b	.L120
 1519              	.L121:
 531:Service/Srv_IMUSample.c ****             DevICM426xx.pre_init(&ICM42605Obj,
 1520              		.loc 1 531 13 is_stmt 1 view .LVU452
 531:Service/Srv_IMUSample.c ****             DevICM426xx.pre_init(&ICM42605Obj,
 1521              		.loc 1 531 35 is_stmt 0 view .LVU453
ARM GAS  C:\Users\HUAV\AppData\Local\Temp\cc9W7lB3.s 			page 55


 1522 018e 2D4C     		ldr	r4, .L135+40
 1523 0190 4FF00308 		mov	r8, #3
 1524 0194 84F80080 		strb	r8, [r4]
 532:Service/Srv_IMUSample.c ****                                  SrvIMU_PriIMU_CS_Ctl,
 1525              		.loc 1 532 13 is_stmt 1 view .LVU454
 532:Service/Srv_IMUSample.c ****                                  SrvIMU_PriIMU_CS_Ctl,
 1526              		.loc 1 532 24 is_stmt 0 view .LVU455
 1527 0198 304D     		ldr	r5, .L135+64
 532:Service/Srv_IMUSample.c ****                                  SrvIMU_PriIMU_CS_Ctl,
 1528              		.loc 1 532 13 view .LVU456
 1529 019a 2C4B     		ldr	r3, .L135+48
 1530 019c 314E     		ldr	r6, .L135+72
 1531 019e 5A68     		ldr	r2, [r3, #4]
 1532 01a0 0092     		str	r2, [sp]
 1533 01a2 9B68     		ldr	r3, [r3, #8]
 1534 01a4 264A     		ldr	r2, .L135+36
 1535 01a6 2549     		ldr	r1, .L135+32
 1536 01a8 3046     		mov	r0, r6
 1537 01aa AF68     		ldr	r7, [r5, #8]
 1538 01ac B847     		blx	r7
 1539              	.LVL106:
 538:Service/Srv_IMUSample.c ****                                 ICM426xx_SampleRate_1K,
 1540              		.loc 1 538 13 is_stmt 1 view .LVU457
 1541 01ae 4346     		mov	r3, r8
 1542 01b0 4246     		mov	r2, r8
 1543 01b2 4146     		mov	r1, r8
 1544 01b4 3046     		mov	r0, r6
 1545 01b6 6F68     		ldr	r7, [r5, #4]
 1546 01b8 B847     		blx	r7
 1547              	.LVL107:
 543:Service/Srv_IMUSample.c ****             InUse_PriIMU_Obj.OriData_ptr = &(ICM42605Obj.OriData);
 1548              		.loc 1 543 13 view .LVU458
 543:Service/Srv_IMUSample.c ****             InUse_PriIMU_Obj.OriData_ptr = &(ICM42605Obj.OriData);
 1549              		.loc 1 543 38 is_stmt 0 view .LVU459
 1550 01ba 6660     		str	r6, [r4, #4]
 544:Service/Srv_IMUSample.c ****             InUse_PriIMU_Obj.acc_trip = ICM42605Obj.PHY_AccTrip_Val;
 1551              		.loc 1 544 13 is_stmt 1 view .LVU460
 544:Service/Srv_IMUSample.c ****             InUse_PriIMU_Obj.acc_trip = ICM42605Obj.PHY_AccTrip_Val;
 1552              		.loc 1 544 42 is_stmt 0 view .LVU461
 1553 01bc 06F13503 		add	r3, r6, #53
 1554 01c0 A360     		str	r3, [r4, #8]
 545:Service/Srv_IMUSample.c ****             InUse_PriIMU_Obj.gyr_trip = ICM42605Obj.PHY_GyrTrip_Val;
 1555              		.loc 1 545 13 is_stmt 1 view .LVU462
 545:Service/Srv_IMUSample.c ****             InUse_PriIMU_Obj.gyr_trip = ICM42605Obj.PHY_GyrTrip_Val;
 1556              		.loc 1 545 52 is_stmt 0 view .LVU463
 1557 01c2 337E     		ldrb	r3, [r6, #24]	@ zero_extendqisi2
 545:Service/Srv_IMUSample.c ****             InUse_PriIMU_Obj.gyr_trip = ICM42605Obj.PHY_GyrTrip_Val;
 1558              		.loc 1 545 39 view .LVU464
 1559 01c4 2373     		strb	r3, [r4, #12]
 546:Service/Srv_IMUSample.c **** 
 1560              		.loc 1 546 13 is_stmt 1 view .LVU465
 546:Service/Srv_IMUSample.c **** 
 1561              		.loc 1 546 52 is_stmt 0 view .LVU466
 1562 01c6 738B     		ldrh	r3, [r6, #26]
 546:Service/Srv_IMUSample.c **** 
 1563              		.loc 1 546 39 view .LVU467
 1564 01c8 E381     		strh	r3, [r4, #14]	@ movhi
ARM GAS  C:\Users\HUAV\AppData\Local\Temp\cc9W7lB3.s 			page 56


 548:Service/Srv_IMUSample.c ****             InUse_PriIMU_Obj.get_drdy = (SrvIMU_GetDataReady_Callback)(DevICM426xx.get_ready);
 1565              		.loc 1 548 13 is_stmt 1 view .LVU468
 548:Service/Srv_IMUSample.c ****             InUse_PriIMU_Obj.get_drdy = (SrvIMU_GetDataReady_Callback)(DevICM426xx.get_ready);
 1566              		.loc 1 548 83 is_stmt 0 view .LVU469
 1567 01ca 2B69     		ldr	r3, [r5, #16]
 548:Service/Srv_IMUSample.c ****             InUse_PriIMU_Obj.get_drdy = (SrvIMU_GetDataReady_Callback)(DevICM426xx.get_ready);
 1568              		.loc 1 548 39 view .LVU470
 1569 01cc E361     		str	r3, [r4, #28]
 549:Service/Srv_IMUSample.c ****             InUse_PriIMU_Obj.get_scale = (SrvIMU_GetScale_Callback)(DevICM426xx.get_scale);
 1570              		.loc 1 549 13 is_stmt 1 view .LVU471
 549:Service/Srv_IMUSample.c ****             InUse_PriIMU_Obj.get_scale = (SrvIMU_GetScale_Callback)(DevICM426xx.get_scale);
 1571              		.loc 1 549 83 is_stmt 0 view .LVU472
 1572 01ce 6B69     		ldr	r3, [r5, #20]
 549:Service/Srv_IMUSample.c ****             InUse_PriIMU_Obj.get_scale = (SrvIMU_GetScale_Callback)(DevICM426xx.get_scale);
 1573              		.loc 1 549 39 view .LVU473
 1574 01d0 2361     		str	r3, [r4, #16]
 550:Service/Srv_IMUSample.c ****             InUse_PriIMU_Obj.sample = (SrvIMU_Sample_Callback)(DevICM426xx.sample);
 1575              		.loc 1 550 13 is_stmt 1 view .LVU474
 550:Service/Srv_IMUSample.c ****             InUse_PriIMU_Obj.sample = (SrvIMU_Sample_Callback)(DevICM426xx.sample);
 1576              		.loc 1 550 80 is_stmt 0 view .LVU475
 1577 01d2 6B6A     		ldr	r3, [r5, #36]
 550:Service/Srv_IMUSample.c ****             InUse_PriIMU_Obj.sample = (SrvIMU_Sample_Callback)(DevICM426xx.sample);
 1578              		.loc 1 550 40 view .LVU476
 1579 01d4 A361     		str	r3, [r4, #24]
 551:Service/Srv_IMUSample.c ****             InUse_PriIMU_Obj.get_error = (SrvIMU_GetError_Callback)(DevICM426xx.get_error);
 1580              		.loc 1 551 13 is_stmt 1 view .LVU477
 551:Service/Srv_IMUSample.c ****             InUse_PriIMU_Obj.get_error = (SrvIMU_GetError_Callback)(DevICM426xx.get_error);
 1581              		.loc 1 551 75 is_stmt 0 view .LVU478
 1582 01d6 AB69     		ldr	r3, [r5, #24]
 551:Service/Srv_IMUSample.c ****             InUse_PriIMU_Obj.get_error = (SrvIMU_GetError_Callback)(DevICM426xx.get_error);
 1583              		.loc 1 551 37 view .LVU479
 1584 01d8 6361     		str	r3, [r4, #20]
 552:Service/Srv_IMUSample.c **** 
 1585              		.loc 1 552 13 is_stmt 1 view .LVU480
 552:Service/Srv_IMUSample.c **** 
 1586              		.loc 1 552 80 is_stmt 0 view .LVU481
 1587 01da EB69     		ldr	r3, [r5, #28]
 552:Service/Srv_IMUSample.c **** 
 1588              		.loc 1 552 40 view .LVU482
 1589 01dc 2362     		str	r3, [r4, #32]
 554:Service/Srv_IMUSample.c ****                 return SrvIMU_PriDev_Init_Error;
 1590              		.loc 1 554 13 is_stmt 1 view .LVU483
 554:Service/Srv_IMUSample.c ****                 return SrvIMU_PriDev_Init_Error;
 1591              		.loc 1 554 29 is_stmt 0 view .LVU484
 1592 01de EB68     		ldr	r3, [r5, #12]
 554:Service/Srv_IMUSample.c ****                 return SrvIMU_PriDev_Init_Error;
 1593              		.loc 1 554 18 view .LVU485
 1594 01e0 3046     		mov	r0, r6
 1595 01e2 9847     		blx	r3
 1596              	.LVL108:
 554:Service/Srv_IMUSample.c ****                 return SrvIMU_PriDev_Init_Error;
 1597              		.loc 1 554 16 view .LVU486
 1598 01e4 B0B1     		cbz	r0, .L133
 561:Service/Srv_IMUSample.c **** }
 1599              		.loc 1 561 12 view .LVU487
 1600 01e6 0020     		movs	r0, #0
 1601 01e8 74E7     		b	.L120
ARM GAS  C:\Users\HUAV\AppData\Local\Temp\cc9W7lB3.s 			page 57


 1602              	.L126:
 435:Service/Srv_IMUSample.c **** 
 1603              		.loc 1 435 16 view .LVU488
 1604 01ea 6FF00700 		mvn	r0, #7
 1605 01ee 71E7     		b	.L120
 1606              	.L127:
 438:Service/Srv_IMUSample.c **** 
 1607              		.loc 1 438 16 view .LVU489
 1608 01f0 6FF00600 		mvn	r0, #6
 1609 01f4 6EE7     		b	.L120
 1610              	.L128:
 442:Service/Srv_IMUSample.c **** 
 1611              		.loc 1 442 16 view .LVU490
 1612 01f6 6FF00500 		mvn	r0, #5
 1613 01fa 6BE7     		b	.L120
 1614              	.L129:
 444:Service/Srv_IMUSample.c ****     {
 1615              		.loc 1 444 5 view .LVU491
 1616 01fc 6FF00B00 		mvn	r0, #11
 1617 0200 68E7     		b	.L120
 1618              	.L130:
 471:Service/Srv_IMUSample.c ****         break;
 1619              		.loc 1 471 24 view .LVU492
 1620 0202 6FF00400 		mvn	r0, #4
 1621 0206 65E7     		b	.L120
 1622              	.L131:
 499:Service/Srv_IMUSample.c ****         break;
 1623              		.loc 1 499 24 view .LVU493
 1624 0208 6FF00400 		mvn	r0, #4
 1625 020c 62E7     		b	.L120
 1626              	.L132:
 527:Service/Srv_IMUSample.c ****         break;
 1627              		.loc 1 527 24 view .LVU494
 1628 020e 6FF00400 		mvn	r0, #4
 1629 0212 5FE7     		b	.L120
 1630              	.L133:
 555:Service/Srv_IMUSample.c ****         break;
 1631              		.loc 1 555 24 view .LVU495
 1632 0214 6FF00400 		mvn	r0, #4
 1633 0218 5CE7     		b	.L120
 1634              	.L136:
 1635 021a 00BF     		.align	2
 1636              	.L135:
 1637 021c 00000000 		.word	BspGPIO
 1638 0220 00000000 		.word	PriIMU_CSPin
 1639 0224 00000000 		.word	PriIMU_INTPin
 1640 0228 00000000 		.word	SrvIMU_PriIMU_ExtiCallback
 1641 022c 00000000 		.word	PriIMU_BusCfg
 1642 0230 00000000 		.word	PriIMU_BusPin
 1643 0234 00000000 		.word	BspSPI
 1644 0238 00000000 		.word	.LANCHOR0
 1645 023c 00000000 		.word	SrvIMU_PriIMU_CS_Ctl
 1646 0240 00000000 		.word	SrvIMU_PriIMU_BusTrans_Rec
 1647 0244 00000000 		.word	.LANCHOR2
 1648 0248 00000000 		.word	DevMPU6000
 1649 024c 00000000 		.word	SrvOsCommon
 1650 0250 00000000 		.word	.LANCHOR3
ARM GAS  C:\Users\HUAV\AppData\Local\Temp\cc9W7lB3.s 			page 58


 1651 0254 00000000 		.word	DevICM20602
 1652 0258 00000000 		.word	.LANCHOR4
 1653 025c 00000000 		.word	DevICM426xx
 1654 0260 00000000 		.word	.LANCHOR6
 1655 0264 00000000 		.word	.LANCHOR7
 1656              		.cfi_endproc
 1657              	.LFE144:
 1659              		.section	.rodata.SrvIMU_GetSensorType_Str.str1.4,"aMS",%progbits,1
 1660              		.align	2
 1661              	.LC2:
 1662 0000 4E6F6E65 		.ascii	"None\015\012\000"
 1662      0D0A00
 1663 0007 00       		.align	2
 1664              	.LC3:
 1665 0008 49434D32 		.ascii	"ICM20602\015\012\000"
 1665      30363032 
 1665      0D0A00
 1666 0013 00       		.align	2
 1667              	.LC4:
 1668 0014 49434D34 		.ascii	"ICM42688P\015\012\000"
 1668      32363838 
 1668      500D0A00 
 1669              		.align	2
 1670              	.LC5:
 1671 0020 49434D34 		.ascii	"ICM42605\015\012\000"
 1671      32363035 
 1671      0D0A00
 1672 002b 00       		.align	2
 1673              	.LC6:
 1674 002c 4D505536 		.ascii	"MPU6000\015\012\000"
 1674      3030300D 
 1674      0A00
 1675              		.section	.text.SrvIMU_GetSensorType_Str,"ax",%progbits
 1676              		.align	1
 1677              		.syntax unified
 1678              		.thumb
 1679              		.thumb_func
 1681              	SrvIMU_GetSensorType_Str:
 1682              	.LVL109:
 1683              	.LFB157:
1267:Service/Srv_IMUSample.c **** 
1268:Service/Srv_IMUSample.c **** /************************************************************ general function ********************
1269:Service/Srv_IMUSample.c **** static char* SrvIMU_GetSensorType_Str(SrvIMU_SensorID_List type)
1270:Service/Srv_IMUSample.c **** {
 1684              		.loc 1 1270 1 is_stmt 1 view -0
 1685              		.cfi_startproc
 1686              		@ args = 0, pretend = 0, frame = 0
 1687              		@ frame_needed = 0, uses_anonymous_args = 0
 1688              		@ link register save eliminated.
1271:Service/Srv_IMUSample.c ****     switch(type)
 1689              		.loc 1 1271 5 view .LVU497
 1690 0000 0428     		cmp	r0, #4
 1691 0002 0CD8     		bhi	.L138
 1692 0004 DFE800F0 		tbb	[pc, r0]
 1693              	.L140:
 1694 0008 03       		.byte	(.L144-.L140)/2
 1695 0009 0D       		.byte	(.L145-.L140)/2
ARM GAS  C:\Users\HUAV\AppData\Local\Temp\cc9W7lB3.s 			page 59


 1696 000a 05       		.byte	(.L142-.L140)/2
 1697 000b 07       		.byte	(.L141-.L140)/2
 1698 000c 09       		.byte	(.L139-.L140)/2
 1699 000d 00       		.p2align 1
 1700              	.L144:
 1701 000e 0648     		ldr	r0, .L146
 1702              	.LVL110:
 1703              		.loc 1 1271 5 is_stmt 0 view .LVU498
 1704 0010 7047     		bx	lr
 1705              	.LVL111:
 1706              	.L142:
1272:Service/Srv_IMUSample.c ****     {
1273:Service/Srv_IMUSample.c ****         case SrvIMU_Dev_MPU6000:    return "MPU6000\r\n";
1274:Service/Srv_IMUSample.c ****         case SrvIMU_Dev_ICM20602:   return "ICM20602\r\n";
1275:Service/Srv_IMUSample.c ****         case SrvIMU_Dev_ICM42688P:  return "ICM42688P\r\n";
 1707              		.loc 1 1275 37 is_stmt 1 view .LVU499
 1708              		.loc 1 1275 44 is_stmt 0 view .LVU500
 1709 0012 0648     		ldr	r0, .L146+4
 1710              	.LVL112:
 1711              		.loc 1 1275 44 view .LVU501
 1712 0014 7047     		bx	lr
 1713              	.LVL113:
 1714              	.L141:
1276:Service/Srv_IMUSample.c ****         case SrvIMU_Dev_ICM42605:   return "ICM42605\r\n";
 1715              		.loc 1 1276 37 is_stmt 1 view .LVU502
 1716              		.loc 1 1276 44 is_stmt 0 view .LVU503
 1717 0016 0648     		ldr	r0, .L146+8
 1718              	.LVL114:
 1719              		.loc 1 1276 44 view .LVU504
 1720 0018 7047     		bx	lr
 1721              	.LVL115:
 1722              	.L139:
1277:Service/Srv_IMUSample.c ****         case SrvIMU_Dev_None:       return "None\r\n";
 1723              		.loc 1 1277 37 is_stmt 1 view .LVU505
 1724              		.loc 1 1277 44 is_stmt 0 view .LVU506
 1725 001a 0648     		ldr	r0, .L146+12
 1726              	.LVL116:
 1727              		.loc 1 1277 44 view .LVU507
 1728 001c 7047     		bx	lr
 1729              	.LVL117:
 1730              	.L138:
1278:Service/Srv_IMUSample.c ****         default:                    return "None\r\n";
 1731              		.loc 1 1278 37 is_stmt 1 view .LVU508
 1732              		.loc 1 1278 44 is_stmt 0 view .LVU509
 1733 001e 0548     		ldr	r0, .L146+12
 1734              	.LVL118:
 1735              		.loc 1 1278 44 view .LVU510
 1736 0020 7047     		bx	lr
 1737              	.LVL119:
 1738              	.L145:
1274:Service/Srv_IMUSample.c ****         case SrvIMU_Dev_ICM42688P:  return "ICM42688P\r\n";
 1739              		.loc 1 1274 44 view .LVU511
 1740 0022 0548     		ldr	r0, .L146+16
 1741              	.LVL120:
1279:Service/Srv_IMUSample.c ****     }
1280:Service/Srv_IMUSample.c **** }
 1742              		.loc 1 1280 1 view .LVU512
ARM GAS  C:\Users\HUAV\AppData\Local\Temp\cc9W7lB3.s 			page 60


 1743 0024 7047     		bx	lr
 1744              	.L147:
 1745 0026 00BF     		.align	2
 1746              	.L146:
 1747 0028 2C000000 		.word	.LC6
 1748 002c 14000000 		.word	.LC4
 1749 0030 20000000 		.word	.LC5
 1750 0034 00000000 		.word	.LC2
 1751 0038 08000000 		.word	.LC3
 1752              		.cfi_endproc
 1753              	.LFE157:
 1755              		.section	.text.SrvIMU_PriIMU_ExtiCallback,"ax",%progbits
 1756              		.align	1
 1757              		.syntax unified
 1758              		.thumb
 1759              		.thumb_func
 1761              	SrvIMU_PriIMU_ExtiCallback:
 1762              	.LFB158:
1281:Service/Srv_IMUSample.c **** 
1282:Service/Srv_IMUSample.c **** /************************************************************ DataReady Pin Exti Callback *********
1283:Service/Srv_IMUSample.c **** static void SrvIMU_PriIMU_ExtiCallback(void)
1284:Service/Srv_IMUSample.c **** {
 1763              		.loc 1 1284 1 is_stmt 1 view -0
 1764              		.cfi_startproc
 1765              		@ args = 0, pretend = 0, frame = 0
 1766              		@ frame_needed = 0, uses_anonymous_args = 0
 1767 0000 08B5     		push	{r3, lr}
 1768              	.LCFI16:
 1769              		.cfi_def_cfa_offset 8
 1770              		.cfi_offset 3, -8
 1771              		.cfi_offset 14, -4
1285:Service/Srv_IMUSample.c ****     if (SrvMpu_Init_Reg.sec.Pri_State)
 1772              		.loc 1 1285 5 view .LVU514
 1773              		.loc 1 1285 9 is_stmt 0 view .LVU515
 1774 0002 054B     		ldr	r3, .L151
 1775 0004 1B78     		ldrb	r3, [r3]	@ zero_extendqisi2
 1776              		.loc 1 1285 8 view .LVU516
 1777 0006 13F0030F 		tst	r3, #3
 1778 000a 03D0     		beq	.L148
1286:Service/Srv_IMUSample.c ****         InUse_PriIMU_Obj.set_drdy(InUse_PriIMU_Obj.obj_ptr);
 1779              		.loc 1 1286 9 is_stmt 1 view .LVU517
 1780              		.loc 1 1286 25 is_stmt 0 view .LVU518
 1781 000c 034B     		ldr	r3, .L151+4
 1782 000e DA69     		ldr	r2, [r3, #28]
 1783              		.loc 1 1286 9 view .LVU519
 1784 0010 5868     		ldr	r0, [r3, #4]
 1785 0012 9047     		blx	r2
 1786              	.LVL121:
 1787              	.L148:
1287:Service/Srv_IMUSample.c **** }
 1788              		.loc 1 1287 1 view .LVU520
 1789 0014 08BD     		pop	{r3, pc}
 1790              	.L152:
 1791 0016 00BF     		.align	2
 1792              	.L151:
 1793 0018 00000000 		.word	.LANCHOR1
 1794 001c 00000000 		.word	.LANCHOR2
ARM GAS  C:\Users\HUAV\AppData\Local\Temp\cc9W7lB3.s 			page 61


 1795              		.cfi_endproc
 1796              	.LFE158:
 1798              		.section	.rodata.SrvIMU_PriDev_Filter_InitError.str1.4,"aMS",%progbits,1
 1799              		.align	2
 1800              	.LC7:
 1801 0000 494D5520 		.ascii	"IMU Pri Filter Init Error\015\012\000"
 1801      50726920 
 1801      46696C74 
 1801      65722049 
 1801      6E697420 
 1802              		.section	.text.SrvIMU_PriDev_Filter_InitError,"ax",%progbits
 1803              		.align	1
 1804              		.syntax unified
 1805              		.thumb
 1806              		.thumb_func
 1808              	SrvIMU_PriDev_Filter_InitError:
 1809              	.LVL122:
 1810              	.LFB159:
1288:Service/Srv_IMUSample.c **** 
1289:Service/Srv_IMUSample.c **** #if (IMU_SUM > 1)
1290:Service/Srv_IMUSample.c **** static void SrvIMU_SecIMU_ExtiCallback(void)
1291:Service/Srv_IMUSample.c **** {
1292:Service/Srv_IMUSample.c ****     if (SrvMpu_Init_Reg.sec.Sec_State)
1293:Service/Srv_IMUSample.c ****         InUse_SecIMU_Obj.set_drdy(InUse_SecIMU_Obj.obj_ptr);
1294:Service/Srv_IMUSample.c **** }
1295:Service/Srv_IMUSample.c **** #endif
1296:Service/Srv_IMUSample.c **** 
1297:Service/Srv_IMUSample.c **** /*************************************************************** Error Process Callback ***********
1298:Service/Srv_IMUSample.c **** static void SrvIMU_PriDev_Filter_InitError(int16_t code, uint8_t *p_arg, uint16_t size)
1299:Service/Srv_IMUSample.c **** {
 1811              		.loc 1 1299 1 is_stmt 1 view -0
 1812              		.cfi_startproc
 1813              		@ args = 0, pretend = 0, frame = 0
 1814              		@ frame_needed = 0, uses_anonymous_args = 0
 1815              		.loc 1 1299 1 is_stmt 0 view .LVU522
 1816 0000 08B5     		push	{r3, lr}
 1817              	.LCFI17:
 1818              		.cfi_def_cfa_offset 8
 1819              		.cfi_offset 3, -8
 1820              		.cfi_offset 14, -4
1300:Service/Srv_IMUSample.c ****     ErrorLog.add_desc("IMU Pri Filter Init Error\r\n");
 1821              		.loc 1 1300 5 is_stmt 1 view .LVU523
 1822              		.loc 1 1300 13 is_stmt 0 view .LVU524
 1823 0002 024B     		ldr	r3, .L155
 1824 0004 5B69     		ldr	r3, [r3, #20]
 1825              		.loc 1 1300 5 view .LVU525
 1826 0006 0248     		ldr	r0, .L155+4
 1827              	.LVL123:
 1828              		.loc 1 1300 5 view .LVU526
 1829 0008 9847     		blx	r3
 1830              	.LVL124:
1301:Service/Srv_IMUSample.c **** }
 1831              		.loc 1 1301 1 view .LVU527
 1832 000a 08BD     		pop	{r3, pc}
 1833              	.L156:
 1834              		.align	2
 1835              	.L155:
ARM GAS  C:\Users\HUAV\AppData\Local\Temp\cc9W7lB3.s 			page 62


 1836 000c 00000000 		.word	ErrorLog
 1837 0010 00000000 		.word	.LC7
 1838              		.cfi_endproc
 1839              	.LFE159:
 1841              		.section	.rodata.SrvIMU_SecDev_Filter_InitError.str1.4,"aMS",%progbits,1
 1842              		.align	2
 1843              	.LC8:
 1844 0000 494D5520 		.ascii	"IMU Sec Filter Init Error\015\012\000"
 1844      53656320 
 1844      46696C74 
 1844      65722049 
 1844      6E697420 
 1845              		.section	.text.SrvIMU_SecDev_Filter_InitError,"ax",%progbits
 1846              		.align	1
 1847              		.syntax unified
 1848              		.thumb
 1849              		.thumb_func
 1851              	SrvIMU_SecDev_Filter_InitError:
 1852              	.LVL125:
 1853              	.LFB160:
1302:Service/Srv_IMUSample.c **** 
1303:Service/Srv_IMUSample.c **** static void SrvIMU_SecDev_Filter_InitError(int16_t code, uint8_t *p_arg, uint16_t size)
1304:Service/Srv_IMUSample.c **** {
 1854              		.loc 1 1304 1 is_stmt 1 view -0
 1855              		.cfi_startproc
 1856              		@ args = 0, pretend = 0, frame = 0
 1857              		@ frame_needed = 0, uses_anonymous_args = 0
 1858              		.loc 1 1304 1 is_stmt 0 view .LVU529
 1859 0000 08B5     		push	{r3, lr}
 1860              	.LCFI18:
 1861              		.cfi_def_cfa_offset 8
 1862              		.cfi_offset 3, -8
 1863              		.cfi_offset 14, -4
1305:Service/Srv_IMUSample.c ****     ErrorLog.add_desc("IMU Sec Filter Init Error\r\n");
 1864              		.loc 1 1305 5 is_stmt 1 view .LVU530
 1865              		.loc 1 1305 13 is_stmt 0 view .LVU531
 1866 0002 024B     		ldr	r3, .L159
 1867 0004 5B69     		ldr	r3, [r3, #20]
 1868              		.loc 1 1305 5 view .LVU532
 1869 0006 0248     		ldr	r0, .L159+4
 1870              	.LVL126:
 1871              		.loc 1 1305 5 view .LVU533
 1872 0008 9847     		blx	r3
 1873              	.LVL127:
1306:Service/Srv_IMUSample.c **** }
 1874              		.loc 1 1306 1 view .LVU534
 1875 000a 08BD     		pop	{r3, pc}
 1876              	.L160:
 1877              		.align	2
 1878              	.L159:
 1879 000c 00000000 		.word	ErrorLog
 1880 0010 00000000 		.word	.LC8
 1881              		.cfi_endproc
 1882              	.LFE160:
 1884              		.section	.rodata.SrvIMU_Dev_InitError.str1.4,"aMS",%progbits,1
 1885              		.align	2
 1886              	.LC9:
ARM GAS  C:\Users\HUAV\AppData\Local\Temp\cc9W7lB3.s 			page 63


 1887 0000 494D5520 		.ascii	"IMU   Type:   %s\000"
 1887      20205479 
 1887      70653A20 
 1887      20202573 
 1887      00
 1888 0011 000000   		.align	2
 1889              	.LC10:
 1890 0014 6572726F 		.ascii	"error code:   %d\015\012\000"
 1890      7220636F 
 1890      64653A20 
 1890      20202564 
 1890      0D0A00
 1891 0027 00       		.align	2
 1892              	.LC11:
 1893 0028 6572726F 		.ascii	"error func:   %s\015\012\000"
 1893      72206675 
 1893      6E633A20 
 1893      20202573 
 1893      0D0A00
 1894 003b 00       		.align	2
 1895              	.LC12:
 1896 003c 6572726F 		.ascii	"error line:   %d\015\012\000"
 1896      72206C69 
 1896      6E653A20 
 1896      20202564 
 1896      0D0A00
 1897 004f 00       		.align	2
 1898              	.LC13:
 1899 0050 6572726F 		.ascii	"error reg:    %02x\015\012\000"
 1899      72207265 
 1899      673A2020 
 1899      20202530 
 1899      32780D0A 
 1900 0065 000000   		.align	2
 1901              	.LC14:
 1902 0068 6572726F 		.ascii	"error reg rx: %02x\015\012\000"
 1902      72207265 
 1902      67207278 
 1902      3A202530 
 1902      32780D0A 
 1903 007d 000000   		.align	2
 1904              	.LC15:
 1905 0080 6572726F 		.ascii	"error reg tx: %02x\015\012\000"
 1905      72207265 
 1905      67207478 
 1905      3A202530 
 1905      32780D0A 
 1906 0095 000000   		.align	2
 1907              	.LC16:
 1908 0098 0D0A00   		.ascii	"\015\012\000"
 1909              		.section	.text.SrvIMU_Dev_InitError,"ax",%progbits
 1910              		.align	1
 1911              		.syntax unified
 1912              		.thumb
 1913              		.thumb_func
 1915              	SrvIMU_Dev_InitError:
 1916              	.LVL128:
ARM GAS  C:\Users\HUAV\AppData\Local\Temp\cc9W7lB3.s 			page 64


 1917              	.LFB161:
1307:Service/Srv_IMUSample.c **** 
1308:Service/Srv_IMUSample.c **** static void SrvIMU_Dev_InitError(int16_t code, uint8_t *p_arg, uint16_t size)
1309:Service/Srv_IMUSample.c **** {
 1918              		.loc 1 1309 1 is_stmt 1 view -0
 1919              		.cfi_startproc
 1920              		@ args = 0, pretend = 0, frame = 96
 1921              		@ frame_needed = 0, uses_anonymous_args = 0
1310:Service/Srv_IMUSample.c ****     SrvIMU_InuseSensorObj_TypeDef *InUseObj_Ptr = NULL;
 1922              		.loc 1 1310 5 view .LVU536
1311:Service/Srv_IMUSample.c **** 
1312:Service/Srv_IMUSample.c ****     if(p_arg && size)
 1923              		.loc 1 1312 5 view .LVU537
 1924              		.loc 1 1312 7 is_stmt 0 view .LVU538
 1925 0000 0029     		cmp	r1, #0
 1926 0002 46D0     		beq	.L164
1309:Service/Srv_IMUSample.c ****     SrvIMU_InuseSensorObj_TypeDef *InUseObj_Ptr = NULL;
 1927              		.loc 1 1309 1 discriminator 1 view .LVU539
 1928 0004 70B5     		push	{r4, r5, r6, lr}
 1929              	.LCFI19:
 1930              		.cfi_def_cfa_offset 16
 1931              		.cfi_offset 4, -16
 1932              		.cfi_offset 5, -12
 1933              		.cfi_offset 6, -8
 1934              		.cfi_offset 14, -4
 1935 0006 98B0     		sub	sp, sp, #96
 1936              	.LCFI20:
 1937              		.cfi_def_cfa_offset 112
 1938 0008 0C46     		mov	r4, r1
 1939              		.loc 1 1312 14 discriminator 1 view .LVU540
 1940 000a 002A     		cmp	r2, #0
 1941 000c 3FD0     		beq	.L161
1313:Service/Srv_IMUSample.c ****     {
1314:Service/Srv_IMUSample.c ****         InUseObj_Ptr = (SrvIMU_InuseSensorObj_TypeDef *)p_arg;
 1942              		.loc 1 1314 9 is_stmt 1 view .LVU541
 1943              	.LVL129:
1315:Service/Srv_IMUSample.c ****         
1316:Service/Srv_IMUSample.c ****         ErrorLog.add_desc("IMU   Type:   %s", SrvIMU_GetSensorType_Str(InUseObj_Ptr->type));
 1944              		.loc 1 1316 9 view .LVU542
 1945              		.loc 1 1316 17 is_stmt 0 view .LVU543
 1946 000e 214D     		ldr	r5, .L167
 1947 0010 6E69     		ldr	r6, [r5, #20]
 1948              		.loc 1 1316 9 view .LVU544
 1949 0012 0878     		ldrb	r0, [r1]	@ zero_extendqisi2
 1950              	.LVL130:
 1951              		.loc 1 1316 9 view .LVU545
 1952 0014 FFF7FEFF 		bl	SrvIMU_GetSensorType_Str
 1953              	.LVL131:
 1954              		.loc 1 1316 9 view .LVU546
 1955 0018 0146     		mov	r1, r0
 1956 001a 1F48     		ldr	r0, .L167+4
 1957 001c B047     		blx	r6
 1958              	.LVL132:
1317:Service/Srv_IMUSample.c ****         ErrorLog.add_desc("error code:   %d\r\n", InUseObj_Ptr->get_error(InUseObj_Ptr->obj_ptr).co
 1959              		.loc 1 1317 9 is_stmt 1 view .LVU547
 1960              		.loc 1 1317 17 is_stmt 0 view .LVU548
 1961 001e 6E69     		ldr	r6, [r5, #20]
ARM GAS  C:\Users\HUAV\AppData\Local\Temp\cc9W7lB3.s 			page 65


 1962              		.loc 1 1317 63 view .LVU549
 1963 0020 236A     		ldr	r3, [r4, #32]
 1964              		.loc 1 1317 51 view .LVU550
 1965 0022 6168     		ldr	r1, [r4, #4]
 1966 0024 6846     		mov	r0, sp
 1967 0026 9847     		blx	r3
 1968              	.LVL133:
 1969              		.loc 1 1317 9 view .LVU551
 1970 0028 9DF80010 		ldrb	r1, [sp]	@ zero_extendqisi2
 1971 002c 1B48     		ldr	r0, .L167+8
 1972 002e B047     		blx	r6
 1973              	.LVL134:
1318:Service/Srv_IMUSample.c ****         ErrorLog.add_desc("error func:   %s\r\n", InUseObj_Ptr->get_error(InUseObj_Ptr->obj_ptr).fu
 1974              		.loc 1 1318 9 is_stmt 1 view .LVU552
 1975              		.loc 1 1318 17 is_stmt 0 view .LVU553
 1976 0030 6E69     		ldr	r6, [r5, #20]
 1977              		.loc 1 1318 63 view .LVU554
 1978 0032 236A     		ldr	r3, [r4, #32]
 1979              		.loc 1 1318 51 view .LVU555
 1980 0034 6168     		ldr	r1, [r4, #4]
 1981 0036 04A8     		add	r0, sp, #16
 1982 0038 9847     		blx	r3
 1983              	.LVL135:
 1984              		.loc 1 1318 9 view .LVU556
 1985 003a 0599     		ldr	r1, [sp, #20]
 1986 003c 1848     		ldr	r0, .L167+12
 1987 003e B047     		blx	r6
 1988              	.LVL136:
1319:Service/Srv_IMUSample.c ****         ErrorLog.add_desc("error line:   %d\r\n", InUseObj_Ptr->get_error(InUseObj_Ptr->obj_ptr).li
 1989              		.loc 1 1319 9 is_stmt 1 view .LVU557
 1990              		.loc 1 1319 17 is_stmt 0 view .LVU558
 1991 0040 6E69     		ldr	r6, [r5, #20]
 1992              		.loc 1 1319 63 view .LVU559
 1993 0042 236A     		ldr	r3, [r4, #32]
 1994              		.loc 1 1319 51 view .LVU560
 1995 0044 6168     		ldr	r1, [r4, #4]
 1996 0046 08A8     		add	r0, sp, #32
 1997 0048 9847     		blx	r3
 1998              	.LVL137:
 1999              		.loc 1 1319 9 view .LVU561
 2000 004a BDF82810 		ldrh	r1, [sp, #40]
 2001 004e 1548     		ldr	r0, .L167+16
 2002 0050 B047     		blx	r6
 2003              	.LVL138:
1320:Service/Srv_IMUSample.c ****         ErrorLog.add_desc("error reg:    %02x\r\n", InUseObj_Ptr->get_error(InUseObj_Ptr->obj_ptr).
 2004              		.loc 1 1320 9 is_stmt 1 view .LVU562
 2005              		.loc 1 1320 17 is_stmt 0 view .LVU563
 2006 0052 6E69     		ldr	r6, [r5, #20]
 2007              		.loc 1 1320 65 view .LVU564
 2008 0054 236A     		ldr	r3, [r4, #32]
 2009              		.loc 1 1320 53 view .LVU565
 2010 0056 6168     		ldr	r1, [r4, #4]
 2011 0058 0CA8     		add	r0, sp, #48
 2012 005a 9847     		blx	r3
 2013              	.LVL139:
 2014              		.loc 1 1320 9 view .LVU566
 2015 005c 9DF83A10 		ldrb	r1, [sp, #58]	@ zero_extendqisi2
ARM GAS  C:\Users\HUAV\AppData\Local\Temp\cc9W7lB3.s 			page 66


 2016 0060 1148     		ldr	r0, .L167+20
 2017 0062 B047     		blx	r6
 2018              	.LVL140:
1321:Service/Srv_IMUSample.c ****         ErrorLog.add_desc("error reg rx: %02x\r\n", InUseObj_Ptr->get_error(InUseObj_Ptr->obj_ptr).
 2019              		.loc 1 1321 9 is_stmt 1 view .LVU567
 2020              		.loc 1 1321 17 is_stmt 0 view .LVU568
 2021 0064 6E69     		ldr	r6, [r5, #20]
 2022              		.loc 1 1321 65 view .LVU569
 2023 0066 236A     		ldr	r3, [r4, #32]
 2024              		.loc 1 1321 53 view .LVU570
 2025 0068 6168     		ldr	r1, [r4, #4]
 2026 006a 10A8     		add	r0, sp, #64
 2027 006c 9847     		blx	r3
 2028              	.LVL141:
 2029              		.loc 1 1321 9 view .LVU571
 2030 006e 9DF84B10 		ldrb	r1, [sp, #75]	@ zero_extendqisi2
 2031 0072 0E48     		ldr	r0, .L167+24
 2032 0074 B047     		blx	r6
 2033              	.LVL142:
1322:Service/Srv_IMUSample.c ****         ErrorLog.add_desc("error reg tx: %02x\r\n", InUseObj_Ptr->get_error(InUseObj_Ptr->obj_ptr).
 2034              		.loc 1 1322 9 is_stmt 1 view .LVU572
 2035              		.loc 1 1322 17 is_stmt 0 view .LVU573
 2036 0076 6E69     		ldr	r6, [r5, #20]
 2037              		.loc 1 1322 65 view .LVU574
 2038 0078 236A     		ldr	r3, [r4, #32]
 2039              		.loc 1 1322 53 view .LVU575
 2040 007a 6168     		ldr	r1, [r4, #4]
 2041 007c 14A8     		add	r0, sp, #80
 2042 007e 9847     		blx	r3
 2043              	.LVL143:
 2044              		.loc 1 1322 9 view .LVU576
 2045 0080 9DF85C10 		ldrb	r1, [sp, #92]	@ zero_extendqisi2
 2046 0084 0A48     		ldr	r0, .L167+28
 2047 0086 B047     		blx	r6
 2048              	.LVL144:
1323:Service/Srv_IMUSample.c **** 
1324:Service/Srv_IMUSample.c ****         ErrorLog.add_desc("\r\n");
 2049              		.loc 1 1324 9 is_stmt 1 view .LVU577
 2050              		.loc 1 1324 17 is_stmt 0 view .LVU578
 2051 0088 6B69     		ldr	r3, [r5, #20]
 2052              		.loc 1 1324 9 view .LVU579
 2053 008a 0A48     		ldr	r0, .L167+32
 2054 008c 9847     		blx	r3
 2055              	.LVL145:
 2056              	.L161:
1325:Service/Srv_IMUSample.c ****     }
1326:Service/Srv_IMUSample.c **** }
 2057              		.loc 1 1326 1 view .LVU580
 2058 008e 18B0     		add	sp, sp, #96
 2059              	.LCFI21:
 2060              		.cfi_def_cfa_offset 16
 2061              		@ sp needed
 2062 0090 70BD     		pop	{r4, r5, r6, pc}
 2063              	.LVL146:
 2064              	.L164:
 2065              	.LCFI22:
 2066              		.cfi_def_cfa_offset 0
ARM GAS  C:\Users\HUAV\AppData\Local\Temp\cc9W7lB3.s 			page 67


 2067              		.cfi_restore 4
 2068              		.cfi_restore 5
 2069              		.cfi_restore 6
 2070              		.cfi_restore 14
 2071              		.loc 1 1326 1 view .LVU581
 2072 0092 7047     		bx	lr
 2073              	.L168:
 2074              		.align	2
 2075              	.L167:
 2076 0094 00000000 		.word	ErrorLog
 2077 0098 00000000 		.word	.LC9
 2078 009c 14000000 		.word	.LC10
 2079 00a0 28000000 		.word	.LC11
 2080 00a4 3C000000 		.word	.LC12
 2081 00a8 50000000 		.word	.LC13
 2082 00ac 68000000 		.word	.LC14
 2083 00b0 80000000 		.word	.LC15
 2084 00b4 98000000 		.word	.LC16
 2085              		.cfi_endproc
 2086              	.LFE161:
 2088              		.section	.text.SrvIMU_AllModule_InitError,"ax",%progbits
 2089              		.align	1
 2090              		.syntax unified
 2091              		.thumb
 2092              		.thumb_func
 2094              	SrvIMU_AllModule_InitError:
 2095              	.LVL147:
 2096              	.LFB162:
1327:Service/Srv_IMUSample.c **** 
1328:Service/Srv_IMUSample.c **** static void SrvIMU_AllModule_InitError(int16_t code, uint8_t *p_arg, uint16_t size)
1329:Service/Srv_IMUSample.c **** {
 2097              		.loc 1 1329 1 is_stmt 1 view -0
 2098              		.cfi_startproc
 2099              		@ args = 0, pretend = 0, frame = 0
 2100              		@ frame_needed = 0, uses_anonymous_args = 0
 2101              		@ link register save eliminated.
1330:Service/Srv_IMUSample.c ****     if(p_arg && size)
 2102              		.loc 1 1330 5 view .LVU583
 2103              		.loc 1 1330 7 is_stmt 0 view .LVU584
 2104 0000 19B1     		cbz	r1, .L169
 2105              		.loc 1 1330 14 discriminator 1 view .LVU585
 2106 0002 12B1     		cbz	r2, .L169
1331:Service/Srv_IMUSample.c ****         (*(uint32_t *)p_arg)++;
 2107              		.loc 1 1331 9 is_stmt 1 view .LVU586
 2108              		.loc 1 1331 10 is_stmt 0 view .LVU587
 2109 0004 0A68     		ldr	r2, [r1]
 2110              	.LVL148:
 2111              		.loc 1 1331 29 view .LVU588
 2112 0006 0132     		adds	r2, r2, #1
 2113 0008 0A60     		str	r2, [r1]
 2114              	.L169:
1332:Service/Srv_IMUSample.c **** }
 2115              		.loc 1 1332 1 view .LVU589
 2116 000a 7047     		bx	lr
 2117              		.cfi_endproc
 2118              	.LFE162:
 2120              		.section	.rodata.SrvIMU_Init.str1.4,"aMS",%progbits,1
ARM GAS  C:\Users\HUAV\AppData\Local\Temp\cc9W7lB3.s 			page 68


 2121              		.align	2
 2122              	.LC19:
 2123 0000 53727649 		.ascii	"SrvIMU_Error\000"
 2123      4D555F45 
 2123      72726F72 
 2123      00
 2124              		.section	.text.SrvIMU_Init,"ax",%progbits
 2125              		.align	1
 2126              		.syntax unified
 2127              		.thumb
 2128              		.thumb_func
 2130              	SrvIMU_Init:
 2131              	.LFB143:
 312:Service/Srv_IMUSample.c ****     FilterParam_Obj_TypeDef *Gyr_Filter_Ptr = NULL;
 2132              		.loc 1 312 1 is_stmt 1 view -0
 2133              		.cfi_startproc
 2134              		@ args = 0, pretend = 0, frame = 24
 2135              		@ frame_needed = 0, uses_anonymous_args = 0
 2136 0000 30B5     		push	{r4, r5, lr}
 2137              	.LCFI23:
 2138              		.cfi_def_cfa_offset 12
 2139              		.cfi_offset 4, -12
 2140              		.cfi_offset 5, -8
 2141              		.cfi_offset 14, -4
 2142 0002 87B0     		sub	sp, sp, #28
 2143              	.LCFI24:
 2144              		.cfi_def_cfa_offset 40
 313:Service/Srv_IMUSample.c ****     FilterParam_Obj_TypeDef *Acc_Filter_Ptr = NULL;
 2145              		.loc 1 313 5 view .LVU591
 2146              	.LVL149:
 314:Service/Srv_IMUSample.c **** 
 2147              		.loc 1 314 5 view .LVU592
 316:Service/Srv_IMUSample.c ****     CREATE_FILTER_PARAM_OBJ(Acc, 2, 50Hz, 1K, Acc_Filter_Ptr);
 2148              		.loc 1 316 5 view .LVU593
 2149 0004 434B     		ldr	r3, .L182
 2150 0006 93E80700 		ldm	r3, {r0, r1, r2}
 2151 000a 06AC     		add	r4, sp, #24
 2152 000c 04E90700 		stmdb	r4, {r0, r1, r2}
 316:Service/Srv_IMUSample.c ****     CREATE_FILTER_PARAM_OBJ(Acc, 2, 50Hz, 1K, Acc_Filter_Ptr);
 2153              		.loc 1 316 5 view .LVU594
 2154              	.LVL150:
 317:Service/Srv_IMUSample.c **** 
 2155              		.loc 1 317 5 view .LVU595
 2156 0010 EC46     		mov	ip, sp
 2157 0012 0C33     		adds	r3, r3, #12
 2158 0014 93E80700 		ldm	r3, {r0, r1, r2}
 2159 0018 8CE80700 		stm	ip, {r0, r1, r2}
 317:Service/Srv_IMUSample.c **** 
 2160              		.loc 1 317 5 view .LVU596
 2161              	.LVL151:
 319:Service/Srv_IMUSample.c **** 
 2162              		.loc 1 319 5 view .LVU597
 2163 001c 3E4C     		ldr	r4, .L182+4
 2164 001e 2422     		movs	r2, #36
 2165 0020 0021     		movs	r1, #0
 2166 0022 2046     		mov	r0, r4
 2167 0024 FFF7FEFF 		bl	memset
ARM GAS  C:\Users\HUAV\AppData\Local\Temp\cc9W7lB3.s 			page 69


 2168              	.LVL152:
 321:Service/Srv_IMUSample.c **** 
 2169              		.loc 1 321 5 view .LVU598
 321:Service/Srv_IMUSample.c **** 
 2170              		.loc 1 321 27 is_stmt 0 view .LVU599
 2171 0028 0423     		movs	r3, #4
 2172 002a 2370     		strb	r3, [r4]
 323:Service/Srv_IMUSample.c ****     memset(&PriIMU_Data_Lst, 0, sizeof(PriIMU_Data_Lst));
 2173              		.loc 1 323 5 is_stmt 1 view .LVU600
 2174 002c 5424     		movs	r4, #84
 2175 002e 2246     		mov	r2, r4
 2176 0030 0021     		movs	r1, #0
 2177 0032 3A48     		ldr	r0, .L182+8
 2178 0034 FFF7FEFF 		bl	memset
 2179              	.LVL153:
 324:Service/Srv_IMUSample.c **** 
 2180              		.loc 1 324 5 view .LVU601
 2181 0038 2246     		mov	r2, r4
 2182 003a 0021     		movs	r1, #0
 2183 003c 3848     		ldr	r0, .L182+12
 2184 003e FFF7FEFF 		bl	memset
 2185              	.LVL154:
 327:Service/Srv_IMUSample.c ****     PriGyro_Calib_Monitor.state = Calib_Ready;
 2186              		.loc 1 327 5 view .LVU602
 2187 0042 384C     		ldr	r4, .L182+16
 2188 0044 3822     		movs	r2, #56
 2189 0046 0021     		movs	r1, #0
 2190 0048 2046     		mov	r0, r4
 2191 004a FFF7FEFF 		bl	memset
 2192              	.LVL155:
 328:Service/Srv_IMUSample.c ****     PriGyro_Calib_Monitor.calib_cycle = GYR_STATIC_CALIB_CYCLE;
 2193              		.loc 1 328 5 view .LVU603
 329:Service/Srv_IMUSample.c ****     PriGyro_Calib_Monitor.cur_cycle = 0;
 2194              		.loc 1 329 5 view .LVU604
 329:Service/Srv_IMUSample.c ****     PriGyro_Calib_Monitor.cur_cycle = 0;
 2195              		.loc 1 329 39 is_stmt 0 view .LVU605
 2196 004e 6423     		movs	r3, #100
 2197 0050 6380     		strh	r3, [r4, #2]	@ movhi
 330:Service/Srv_IMUSample.c ****      
 2198              		.loc 1 330 5 is_stmt 1 view .LVU606
 333:Service/Srv_IMUSample.c **** 
 2199              		.loc 1 333 5 view .LVU607
 333:Service/Srv_IMUSample.c **** 
 2200              		.loc 1 333 35 is_stmt 0 view .LVU608
 2201 0052 354C     		ldr	r4, .L182+20
 2202 0054 2368     		ldr	r3, [r4]
 333:Service/Srv_IMUSample.c **** 
 2203              		.loc 1 333 27 view .LVU609
 2204 0056 3548     		ldr	r0, .L182+24
 2205 0058 9847     		blx	r3
 2206              	.LVL156:
 333:Service/Srv_IMUSample.c **** 
 2207              		.loc 1 333 25 view .LVU610
 2208 005a 354B     		ldr	r3, .L182+28
 2209 005c 1860     		str	r0, [r3]
 336:Service/Srv_IMUSample.c **** 
 2210              		.loc 1 336 5 is_stmt 1 view .LVU611
ARM GAS  C:\Users\HUAV\AppData\Local\Temp\cc9W7lB3.s 			page 70


 336:Service/Srv_IMUSample.c **** 
 2211              		.loc 1 336 13 is_stmt 0 view .LVU612
 2212 005e 6368     		ldr	r3, [r4, #4]
 336:Service/Srv_IMUSample.c **** 
 2213              		.loc 1 336 5 view .LVU613
 2214 0060 0D22     		movs	r2, #13
 2215 0062 3449     		ldr	r1, .L182+32
 2216 0064 9847     		blx	r3
 2217              	.LVL157:
 338:Service/Srv_IMUSample.c **** 
 2218              		.loc 1 338 5 is_stmt 1 view .LVU614
 338:Service/Srv_IMUSample.c **** 
 2219              		.loc 1 338 47 is_stmt 0 view .LVU615
 2220 0066 FFF7FEFF 		bl	SrvIMU_PriIMU_Init
 2221              	.LVL158:
 340:Service/Srv_IMUSample.c ****     SrvMpu_Update_Reg.val = 0;
 2222              		.loc 1 340 5 is_stmt 1 view .LVU616
 340:Service/Srv_IMUSample.c ****     SrvMpu_Update_Reg.val = 0;
 2223              		.loc 1 340 25 is_stmt 0 view .LVU617
 2224 006a 0023     		movs	r3, #0
 2225 006c 324A     		ldr	r2, .L182+36
 2226 006e 1370     		strb	r3, [r2]
 341:Service/Srv_IMUSample.c **** 
 2227              		.loc 1 341 5 is_stmt 1 view .LVU618
 341:Service/Srv_IMUSample.c **** 
 2228              		.loc 1 341 27 is_stmt 0 view .LVU619
 2229 0070 324A     		ldr	r2, .L182+40
 2230 0072 1370     		strb	r3, [r2]
 343:Service/Srv_IMUSample.c ****     {
 2231              		.loc 1 343 5 is_stmt 1 view .LVU620
 343:Service/Srv_IMUSample.c ****     {
 2232              		.loc 1 343 8 is_stmt 0 view .LVU621
 2233 0074 0028     		cmp	r0, #0
 2234 0076 3AD1     		bne	.L172
 345:Service/Srv_IMUSample.c **** 
 2235              		.loc 1 345 9 is_stmt 1 view .LVU622
 345:Service/Srv_IMUSample.c **** 
 2236              		.loc 1 345 39 is_stmt 0 view .LVU623
 2237 0078 2F4B     		ldr	r3, .L182+36
 2238 007a 1A78     		ldrb	r2, [r3]	@ zero_extendqisi2
 2239 007c 0121     		movs	r1, #1
 2240 007e 61F30102 		bfi	r2, r1, #0, #2
 2241 0082 1A70     		strb	r2, [r3]
 348:Service/Srv_IMUSample.c ****         PriIMU_Gyr_LPF_Handle[Axis_Y] = Butterworth.init(Gyr_Filter_Ptr);
 2242              		.loc 1 348 9 is_stmt 1 view .LVU624
 348:Service/Srv_IMUSample.c ****         PriIMU_Gyr_LPF_Handle[Axis_Y] = Butterworth.init(Gyr_Filter_Ptr);
 2243              		.loc 1 348 52 is_stmt 0 view .LVU625
 2244 0084 2E4C     		ldr	r4, .L182+44
 2245 0086 2368     		ldr	r3, [r4]
 348:Service/Srv_IMUSample.c ****         PriIMU_Gyr_LPF_Handle[Axis_Y] = Butterworth.init(Gyr_Filter_Ptr);
 2246              		.loc 1 348 41 view .LVU626
 2247 0088 03A8     		add	r0, sp, #12
 2248              	.LVL159:
 348:Service/Srv_IMUSample.c ****         PriIMU_Gyr_LPF_Handle[Axis_Y] = Butterworth.init(Gyr_Filter_Ptr);
 2249              		.loc 1 348 41 view .LVU627
 2250 008a 9847     		blx	r3
 2251              	.LVL160:
ARM GAS  C:\Users\HUAV\AppData\Local\Temp\cc9W7lB3.s 			page 71


 348:Service/Srv_IMUSample.c ****         PriIMU_Gyr_LPF_Handle[Axis_Y] = Butterworth.init(Gyr_Filter_Ptr);
 2252              		.loc 1 348 39 view .LVU628
 2253 008c 2D4D     		ldr	r5, .L182+48
 2254 008e 2860     		str	r0, [r5]
 349:Service/Srv_IMUSample.c ****         PriIMU_Gyr_LPF_Handle[Axis_Z] = Butterworth.init(Gyr_Filter_Ptr);
 2255              		.loc 1 349 9 is_stmt 1 view .LVU629
 349:Service/Srv_IMUSample.c ****         PriIMU_Gyr_LPF_Handle[Axis_Z] = Butterworth.init(Gyr_Filter_Ptr);
 2256              		.loc 1 349 52 is_stmt 0 view .LVU630
 2257 0090 2368     		ldr	r3, [r4]
 349:Service/Srv_IMUSample.c ****         PriIMU_Gyr_LPF_Handle[Axis_Z] = Butterworth.init(Gyr_Filter_Ptr);
 2258              		.loc 1 349 41 view .LVU631
 2259 0092 03A8     		add	r0, sp, #12
 2260              	.LVL161:
 349:Service/Srv_IMUSample.c ****         PriIMU_Gyr_LPF_Handle[Axis_Z] = Butterworth.init(Gyr_Filter_Ptr);
 2261              		.loc 1 349 41 view .LVU632
 2262 0094 9847     		blx	r3
 2263              	.LVL162:
 349:Service/Srv_IMUSample.c ****         PriIMU_Gyr_LPF_Handle[Axis_Z] = Butterworth.init(Gyr_Filter_Ptr);
 2264              		.loc 1 349 39 view .LVU633
 2265 0096 6860     		str	r0, [r5, #4]
 350:Service/Srv_IMUSample.c **** 
 2266              		.loc 1 350 9 is_stmt 1 view .LVU634
 350:Service/Srv_IMUSample.c **** 
 2267              		.loc 1 350 52 is_stmt 0 view .LVU635
 2268 0098 2368     		ldr	r3, [r4]
 350:Service/Srv_IMUSample.c **** 
 2269              		.loc 1 350 41 view .LVU636
 2270 009a 03A8     		add	r0, sp, #12
 2271              	.LVL163:
 350:Service/Srv_IMUSample.c **** 
 2272              		.loc 1 350 41 view .LVU637
 2273 009c 9847     		blx	r3
 2274              	.LVL164:
 350:Service/Srv_IMUSample.c **** 
 2275              		.loc 1 350 39 view .LVU638
 2276 009e A860     		str	r0, [r5, #8]
 352:Service/Srv_IMUSample.c ****         PriIMU_Acc_LPF_Handle[Axis_Y] = Butterworth.init(Acc_Filter_Ptr);
 2277              		.loc 1 352 9 is_stmt 1 view .LVU639
 352:Service/Srv_IMUSample.c ****         PriIMU_Acc_LPF_Handle[Axis_Y] = Butterworth.init(Acc_Filter_Ptr);
 2278              		.loc 1 352 52 is_stmt 0 view .LVU640
 2279 00a0 2368     		ldr	r3, [r4]
 352:Service/Srv_IMUSample.c ****         PriIMU_Acc_LPF_Handle[Axis_Y] = Butterworth.init(Acc_Filter_Ptr);
 2280              		.loc 1 352 41 view .LVU641
 2281 00a2 6846     		mov	r0, sp
 2282 00a4 9847     		blx	r3
 2283              	.LVL165:
 352:Service/Srv_IMUSample.c ****         PriIMU_Acc_LPF_Handle[Axis_Y] = Butterworth.init(Acc_Filter_Ptr);
 2284              		.loc 1 352 39 view .LVU642
 2285 00a6 284D     		ldr	r5, .L182+52
 2286 00a8 2860     		str	r0, [r5]
 353:Service/Srv_IMUSample.c ****         PriIMU_Acc_LPF_Handle[Axis_Z] = Butterworth.init(Acc_Filter_Ptr);
 2287              		.loc 1 353 9 is_stmt 1 view .LVU643
 353:Service/Srv_IMUSample.c ****         PriIMU_Acc_LPF_Handle[Axis_Z] = Butterworth.init(Acc_Filter_Ptr);
 2288              		.loc 1 353 52 is_stmt 0 view .LVU644
 2289 00aa 2368     		ldr	r3, [r4]
 353:Service/Srv_IMUSample.c ****         PriIMU_Acc_LPF_Handle[Axis_Z] = Butterworth.init(Acc_Filter_Ptr);
 2290              		.loc 1 353 41 view .LVU645
ARM GAS  C:\Users\HUAV\AppData\Local\Temp\cc9W7lB3.s 			page 72


 2291 00ac 6846     		mov	r0, sp
 2292 00ae 9847     		blx	r3
 2293              	.LVL166:
 353:Service/Srv_IMUSample.c ****         PriIMU_Acc_LPF_Handle[Axis_Z] = Butterworth.init(Acc_Filter_Ptr);
 2294              		.loc 1 353 39 view .LVU646
 2295 00b0 6860     		str	r0, [r5, #4]
 354:Service/Srv_IMUSample.c **** 
 2296              		.loc 1 354 9 is_stmt 1 view .LVU647
 354:Service/Srv_IMUSample.c **** 
 2297              		.loc 1 354 52 is_stmt 0 view .LVU648
 2298 00b2 2368     		ldr	r3, [r4]
 354:Service/Srv_IMUSample.c **** 
 2299              		.loc 1 354 41 view .LVU649
 2300 00b4 6846     		mov	r0, sp
 2301 00b6 9847     		blx	r3
 2302              	.LVL167:
 354:Service/Srv_IMUSample.c **** 
 2303              		.loc 1 354 39 view .LVU650
 2304 00b8 A860     		str	r0, [r5, #8]
 356:Service/Srv_IMUSample.c ****         {
 2305              		.loc 1 356 9 is_stmt 1 view .LVU651
 2306              	.LBB5:
 356:Service/Srv_IMUSample.c ****         {
 2307              		.loc 1 356 13 view .LVU652
 2308              	.LVL168:
 356:Service/Srv_IMUSample.c ****         {
 2309              		.loc 1 356 21 is_stmt 0 view .LVU653
 2310 00ba 0023     		movs	r3, #0
 2311              	.LVL169:
 2312              	.L173:
 356:Service/Srv_IMUSample.c ****         {
 2313              		.loc 1 356 33 is_stmt 1 discriminator 1 view .LVU654
 356:Service/Srv_IMUSample.c ****         {
 2314              		.loc 1 356 9 is_stmt 0 discriminator 1 view .LVU655
 2315 00bc 022B     		cmp	r3, #2
 2316 00be 1ED8     		bhi	.L178
 358:Service/Srv_IMUSample.c ****                 (PriIMU_Acc_LPF_Handle[i] == 0))
 2317              		.loc 1 358 13 is_stmt 1 view .LVU656
 358:Service/Srv_IMUSample.c ****                 (PriIMU_Acc_LPF_Handle[i] == 0))
 2318              		.loc 1 358 39 is_stmt 0 view .LVU657
 2319 00c0 204A     		ldr	r2, .L182+48
 2320 00c2 52F82320 		ldr	r2, [r2, r3, lsl #2]
 358:Service/Srv_IMUSample.c ****                 (PriIMU_Acc_LPF_Handle[i] == 0))
 2321              		.loc 1 358 15 view .LVU658
 2322 00c6 32B1     		cbz	r2, .L174
 359:Service/Srv_IMUSample.c ****             {
 2323              		.loc 1 359 39 discriminator 1 view .LVU659
 2324 00c8 1F4A     		ldr	r2, .L182+52
 2325 00ca 52F82320 		ldr	r2, [r2, r3, lsl #2]
 358:Service/Srv_IMUSample.c ****                 (PriIMU_Acc_LPF_Handle[i] == 0))
 2326              		.loc 1 358 49 discriminator 1 view .LVU660
 2327 00ce 12B1     		cbz	r2, .L174
 356:Service/Srv_IMUSample.c ****         {
 2328              		.loc 1 356 47 is_stmt 1 discriminator 2 view .LVU661
 356:Service/Srv_IMUSample.c ****         {
 2329              		.loc 1 356 48 is_stmt 0 discriminator 2 view .LVU662
 2330 00d0 0133     		adds	r3, r3, #1
ARM GAS  C:\Users\HUAV\AppData\Local\Temp\cc9W7lB3.s 			page 73


 2331              	.LVL170:
 356:Service/Srv_IMUSample.c ****         {
 2332              		.loc 1 356 48 discriminator 2 view .LVU663
 2333 00d2 DBB2     		uxtb	r3, r3
 2334              	.LVL171:
 356:Service/Srv_IMUSample.c ****         {
 2335              		.loc 1 356 48 discriminator 2 view .LVU664
 2336 00d4 F2E7     		b	.L173
 2337              	.L174:
 361:Service/Srv_IMUSample.c ****                 return SrvIMU_PriIMU_Filter_Init_Error;
 2338              		.loc 1 361 17 is_stmt 1 view .LVU665
 361:Service/Srv_IMUSample.c ****                 return SrvIMU_PriIMU_Filter_Init_Error;
 2339              		.loc 1 361 25 is_stmt 0 view .LVU666
 2340 00d6 144B     		ldr	r3, .L182+20
 2341              	.LVL172:
 361:Service/Srv_IMUSample.c ****                 return SrvIMU_PriIMU_Filter_Init_Error;
 2342              		.loc 1 361 25 view .LVU667
 2343 00d8 9C68     		ldr	r4, [r3, #8]
 361:Service/Srv_IMUSample.c ****                 return SrvIMU_PriIMU_Filter_Init_Error;
 2344              		.loc 1 361 17 view .LVU668
 2345 00da 0023     		movs	r3, #0
 2346 00dc 1A46     		mov	r2, r3
 2347 00de 6FF00801 		mvn	r1, #8
 2348 00e2 1348     		ldr	r0, .L182+28
 2349 00e4 0068     		ldr	r0, [r0]
 2350 00e6 A047     		blx	r4
 2351              	.LVL173:
 362:Service/Srv_IMUSample.c ****             }
 2352              		.loc 1 362 17 is_stmt 1 view .LVU669
 362:Service/Srv_IMUSample.c ****             }
 2353              		.loc 1 362 24 is_stmt 0 view .LVU670
 2354 00e8 6FF00800 		mvn	r0, #8
 2355 00ec 0DE0     		b	.L176
 2356              	.LVL174:
 2357              	.L172:
 362:Service/Srv_IMUSample.c ****             }
 2358              		.loc 1 362 24 view .LVU671
 2359              	.LBE5:
 367:Service/Srv_IMUSample.c **** 
 2360              		.loc 1 367 9 is_stmt 1 view .LVU672
 367:Service/Srv_IMUSample.c **** 
 2361              		.loc 1 367 17 is_stmt 0 view .LVU673
 2362 00ee 0E4B     		ldr	r3, .L182+20
 2363 00f0 9C68     		ldr	r4, [r3, #8]
 367:Service/Srv_IMUSample.c **** 
 2364              		.loc 1 367 9 view .LVU674
 2365 00f2 2423     		movs	r3, #36
 2366 00f4 084A     		ldr	r2, .L182+4
 2367 00f6 01B2     		sxth	r1, r0
 2368 00f8 0D48     		ldr	r0, .L182+28
 2369              	.LVL175:
 367:Service/Srv_IMUSample.c **** 
 2370              		.loc 1 367 9 view .LVU675
 2371 00fa 0068     		ldr	r0, [r0]
 2372 00fc A047     		blx	r4
 2373              	.LVL176:
 2374              	.L178:
ARM GAS  C:\Users\HUAV\AppData\Local\Temp\cc9W7lB3.s 			page 74


 422:Service/Srv_IMUSample.c ****         return SrvIMU_AllModule_Init_Error;
 2375              		.loc 1 422 5 is_stmt 1 view .LVU676
 422:Service/Srv_IMUSample.c ****         return SrvIMU_AllModule_Init_Error;
 2376              		.loc 1 422 8 is_stmt 0 view .LVU677
 2377 00fe 0E4B     		ldr	r3, .L182+36
 2378 0100 1B78     		ldrb	r3, [r3]	@ zero_extendqisi2
 422:Service/Srv_IMUSample.c ****         return SrvIMU_AllModule_Init_Error;
 2379              		.loc 1 422 7 view .LVU678
 2380 0102 13F0030F 		tst	r3, #3
 2381 0106 02D1     		bne	.L181
 423:Service/Srv_IMUSample.c **** 
 2382              		.loc 1 423 16 view .LVU679
 2383 0108 0120     		movs	r0, #1
 2384              	.L176:
 427:Service/Srv_IMUSample.c **** 
 2385              		.loc 1 427 1 view .LVU680
 2386 010a 07B0     		add	sp, sp, #28
 2387              	.LCFI25:
 2388              		.cfi_remember_state
 2389              		.cfi_def_cfa_offset 12
 2390              	.LVL177:
 427:Service/Srv_IMUSample.c **** 
 2391              		.loc 1 427 1 view .LVU681
 2392              		@ sp needed
 2393 010c 30BD     		pop	{r4, r5, pc}
 2394              	.LVL178:
 2395              	.L181:
 2396              	.LCFI26:
 2397              		.cfi_restore_state
 425:Service/Srv_IMUSample.c **** #endif
 2398              		.loc 1 425 12 view .LVU682
 2399 010e 4FF0FF30 		mov	r0, #-1
 2400 0112 FAE7     		b	.L176
 2401              	.L183:
 2402              		.align	2
 2403              	.L182:
 2404 0114 00000000 		.word	.LANCHOR8
 2405 0118 00000000 		.word	.LANCHOR2
 2406 011c 00000000 		.word	.LANCHOR9
 2407 0120 00000000 		.word	.LANCHOR10
 2408 0124 00000000 		.word	.LANCHOR11
 2409 0128 00000000 		.word	ErrorLog
 2410 012c 00000000 		.word	.LC19
 2411 0130 00000000 		.word	.LANCHOR5
 2412 0134 00000000 		.word	.LANCHOR12
 2413 0138 00000000 		.word	.LANCHOR1
 2414 013c 00000000 		.word	.LANCHOR13
 2415 0140 00000000 		.word	Butterworth
 2416 0144 00000000 		.word	.LANCHOR14
 2417 0148 00000000 		.word	.LANCHOR15
 2418              		.cfi_endproc
 2419              	.LFE143:
 2421              		.section	.text.SrvIMU_Get_Data,"ax",%progbits
 2422              		.align	1
 2423              		.syntax unified
 2424              		.thumb
 2425              		.thumb_func
ARM GAS  C:\Users\HUAV\AppData\Local\Temp\cc9W7lB3.s 			page 75


 2427              	SrvIMU_Get_Data:
 2428              	.LVL179:
 2429              	.LFB151:
1145:Service/Srv_IMUSample.c ****     SrvIMU_Data_TypeDef imu_data_tmp;
 2430              		.loc 1 1145 1 is_stmt 1 view -0
 2431              		.cfi_startproc
 2432              		@ args = 0, pretend = 0, frame = 88
 2433              		@ frame_needed = 0, uses_anonymous_args = 0
1145:Service/Srv_IMUSample.c ****     SrvIMU_Data_TypeDef imu_data_tmp;
 2434              		.loc 1 1145 1 is_stmt 0 view .LVU684
 2435 0000 30B5     		push	{r4, r5, lr}
 2436              	.LCFI27:
 2437              		.cfi_def_cfa_offset 12
 2438              		.cfi_offset 4, -12
 2439              		.cfi_offset 5, -8
 2440              		.cfi_offset 14, -4
 2441 0002 97B0     		sub	sp, sp, #92
 2442              	.LCFI28:
 2443              		.cfi_def_cfa_offset 104
 2444 0004 0446     		mov	r4, r0
 2445 0006 0D46     		mov	r5, r1
1146:Service/Srv_IMUSample.c **** 
 2446              		.loc 1 1146 5 is_stmt 1 view .LVU685
1148:Service/Srv_IMUSample.c **** 
 2447              		.loc 1 1148 5 view .LVU686
 2448 0008 5422     		movs	r2, #84
 2449 000a 0021     		movs	r1, #0
 2450              	.LVL180:
1148:Service/Srv_IMUSample.c **** 
 2451              		.loc 1 1148 5 is_stmt 0 view .LVU687
 2452 000c 01A8     		add	r0, sp, #4
 2453              	.LVL181:
1148:Service/Srv_IMUSample.c **** 
 2454              		.loc 1 1148 5 view .LVU688
 2455 000e FFF7FEFF 		bl	memset
 2456              	.LVL182:
1150:Service/Srv_IMUSample.c ****         return false;
 2457              		.loc 1 1150 5 is_stmt 1 view .LVU689
1150:Service/Srv_IMUSample.c ****         return false;
 2458              		.loc 1 1150 7 is_stmt 0 view .LVU690
 2459 0012 55B9     		cbnz	r5, .L186
1151:Service/Srv_IMUSample.c **** 
 2460              		.loc 1 1151 16 view .LVU691
 2461 0014 0020     		movs	r0, #0
 2462 0016 1EE0     		b	.L185
 2463              	.L193:
1156:Service/Srv_IMUSample.c ****         {
 2464              		.loc 1 1156 9 is_stmt 1 view .LVU692
1156:Service/Srv_IMUSample.c ****         {
 2465              		.loc 1 1156 13 is_stmt 0 view .LVU693
 2466 0018 134B     		ldr	r3, .L194
 2467 001a 1B78     		ldrb	r3, [r3]	@ zero_extendqisi2
1156:Service/Srv_IMUSample.c ****         {
 2468              		.loc 1 1156 12 view .LVU694
 2469 001c 13F0030F 		tst	r3, #3
 2470 0020 1BD0     		beq	.L192
 2471              	.L188:
ARM GAS  C:\Users\HUAV\AppData\Local\Temp\cc9W7lB3.s 			page 76


1188:Service/Srv_IMUSample.c ****     goto reupdate_imu;
 2472              		.loc 1 1188 5 is_stmt 1 view .LVU695
1188:Service/Srv_IMUSample.c ****     goto reupdate_imu;
 2473              		.loc 1 1188 36 is_stmt 0 view .LVU696
 2474 0022 124A     		ldr	r2, .L194+4
 2475 0024 1368     		ldr	r3, [r2]
 2476 0026 0133     		adds	r3, r3, #1
 2477 0028 1360     		str	r3, [r2]
1189:Service/Srv_IMUSample.c **** }
 2478              		.loc 1 1189 5 is_stmt 1 view .LVU697
 2479              	.L186:
1154:Service/Srv_IMUSample.c ****     {
 2480              		.loc 1 1154 5 view .LVU698
1154:Service/Srv_IMUSample.c ****     {
 2481              		.loc 1 1154 8 is_stmt 0 view .LVU699
 2482 002a 012C     		cmp	r4, #1
 2483 002c F4D0     		beq	.L193
1163:Service/Srv_IMUSample.c ****     {
 2484              		.loc 1 1163 10 is_stmt 1 view .LVU700
1163:Service/Srv_IMUSample.c ****     {
 2485              		.loc 1 1163 13 is_stmt 0 view .LVU701
 2486 002e 022C     		cmp	r4, #2
 2487 0030 0BD0     		beq	.L189
1174:Service/Srv_IMUSample.c ****     {
 2488              		.loc 1 1174 10 is_stmt 1 view .LVU702
1174:Service/Srv_IMUSample.c ****     {
 2489              		.loc 1 1174 12 is_stmt 0 view .LVU703
 2490 0032 032C     		cmp	r4, #3
 2491 0034 09D1     		bne	.L189
1176:Service/Srv_IMUSample.c ****         {
 2492              		.loc 1 1176 9 is_stmt 1 view .LVU704
1176:Service/Srv_IMUSample.c ****         {
 2493              		.loc 1 1176 12 is_stmt 0 view .LVU705
 2494 0036 0C4B     		ldr	r3, .L194
 2495 0038 1B78     		ldrb	r3, [r3]	@ zero_extendqisi2
1176:Service/Srv_IMUSample.c ****         {
 2496              		.loc 1 1176 11 view .LVU706
 2497 003a 13F0300F 		tst	r3, #48
 2498 003e F0D1     		bne	.L188
1178:Service/Srv_IMUSample.c ****         }
 2499              		.loc 1 1178 13 is_stmt 1 view .LVU707
 2500 0040 5422     		movs	r2, #84
 2501 0042 0B49     		ldr	r1, .L194+8
 2502 0044 01A8     		add	r0, sp, #4
 2503 0046 FFF7FEFF 		bl	memcpy
 2504              	.LVL183:
 2505              	.L189:
1184:Service/Srv_IMUSample.c ****     return true;
 2506              		.loc 1 1184 5 view .LVU708
 2507 004a 5422     		movs	r2, #84
 2508 004c 01A9     		add	r1, sp, #4
 2509 004e 2846     		mov	r0, r5
 2510 0050 FFF7FEFF 		bl	memcpy
 2511              	.LVL184:
1185:Service/Srv_IMUSample.c **** 
 2512              		.loc 1 1185 5 view .LVU709
1185:Service/Srv_IMUSample.c **** 
ARM GAS  C:\Users\HUAV\AppData\Local\Temp\cc9W7lB3.s 			page 77


 2513              		.loc 1 1185 12 is_stmt 0 view .LVU710
 2514 0054 0120     		movs	r0, #1
 2515              	.L185:
1190:Service/Srv_IMUSample.c **** 
 2516              		.loc 1 1190 1 view .LVU711
 2517 0056 17B0     		add	sp, sp, #92
 2518              	.LCFI29:
 2519              		.cfi_remember_state
 2520              		.cfi_def_cfa_offset 12
 2521              		@ sp needed
 2522 0058 30BD     		pop	{r4, r5, pc}
 2523              	.LVL185:
 2524              	.L192:
 2525              	.LCFI30:
 2526              		.cfi_restore_state
1158:Service/Srv_IMUSample.c ****         }
 2527              		.loc 1 1158 13 is_stmt 1 view .LVU712
 2528 005a 5422     		movs	r2, #84
 2529 005c 0549     		ldr	r1, .L194+12
 2530 005e 01A8     		add	r0, sp, #4
 2531 0060 FFF7FEFF 		bl	memcpy
 2532              	.LVL186:
 2533 0064 F1E7     		b	.L189
 2534              	.L195:
 2535 0066 00BF     		.align	2
 2536              	.L194:
 2537 0068 00000000 		.word	.LANCHOR13
 2538 006c 00000000 		.word	.LANCHOR17
 2539 0070 00000000 		.word	.LANCHOR16
 2540 0074 00000000 		.word	.LANCHOR9
 2541              		.cfi_endproc
 2542              	.LFE151:
 2544              		.section	.text.SrvIMU_Sample,"ax",%progbits
 2545              		.align	1
 2546              		.syntax unified
 2547              		.thumb
 2548              		.thumb_func
 2550              	SrvIMU_Sample:
 2551              	.LVL187:
 2552              	.LFB149:
 870:Service/Srv_IMUSample.c ****     static uint32_t PriSample_Rt_Lst = 0;
 2553              		.loc 1 870 1 view -0
 2554              		.cfi_startproc
 2555              		@ args = 0, pretend = 0, frame = 8
 2556              		@ frame_needed = 0, uses_anonymous_args = 0
 870:Service/Srv_IMUSample.c ****     static uint32_t PriSample_Rt_Lst = 0;
 2557              		.loc 1 870 1 is_stmt 0 view .LVU714
 2558 0000 2DE9F043 		push	{r4, r5, r6, r7, r8, r9, lr}
 2559              	.LCFI31:
 2560              		.cfi_def_cfa_offset 28
 2561              		.cfi_offset 4, -28
 2562              		.cfi_offset 5, -24
 2563              		.cfi_offset 6, -20
 2564              		.cfi_offset 7, -16
 2565              		.cfi_offset 8, -12
 2566              		.cfi_offset 9, -8
 2567              		.cfi_offset 14, -4
ARM GAS  C:\Users\HUAV\AppData\Local\Temp\cc9W7lB3.s 			page 78


 2568 0004 2DED028B 		vpush.64	{d8}
 2569              	.LCFI32:
 2570              		.cfi_def_cfa_offset 36
 2571              		.cfi_offset 80, -36
 2572              		.cfi_offset 81, -32
 2573 0008 83B0     		sub	sp, sp, #12
 2574              	.LCFI33:
 2575              		.cfi_def_cfa_offset 48
 871:Service/Srv_IMUSample.c ****     uint8_t i = Axis_X;
 2576              		.loc 1 871 5 is_stmt 1 view .LVU715
 872:Service/Srv_IMUSample.c ****     bool pri_sample_state = true;
 2577              		.loc 1 872 5 view .LVU716
 2578              	.LVL188:
 873:Service/Srv_IMUSample.c ****     bool sec_sample_state = true;
 2579              		.loc 1 873 5 view .LVU717
 874:Service/Srv_IMUSample.c ****     IMUModuleScale_TypeDef pri_imu_scale;
 2580              		.loc 1 874 5 view .LVU718
 875:Service/Srv_IMUSample.c ****     float Sample_MsDiff = 0.0f;
 2581              		.loc 1 875 5 view .LVU719
 876:Service/Srv_IMUSample.c ****     bool PriSample_Enable = mode & SrvIMU_Priori_Pri;
 2582              		.loc 1 876 5 view .LVU720
 877:Service/Srv_IMUSample.c **** 
 2583              		.loc 1 877 5 view .LVU721
 882:Service/Srv_IMUSample.c ****         return false;
 2584              		.loc 1 882 5 view .LVU722
 882:Service/Srv_IMUSample.c ****         return false;
 2585              		.loc 1 882 7 is_stmt 0 view .LVU723
 2586 000a 0328     		cmp	r0, #3
 2587 000c 00F21181 		bhi	.L207
 2588 0010 00F00101 		and	r1, r0, #1
 886:Service/Srv_IMUSample.c ****     sec_sample_state = false;
 2589              		.loc 1 886 5 is_stmt 1 view .LVU724
 2590              	.LVL189:
 887:Service/Srv_IMUSample.c **** #elif (IMU_SUM == 2)
 2591              		.loc 1 887 5 view .LVU725
 895:Service/Srv_IMUSample.c **** 
 2592              		.loc 1 895 5 view .LVU726
 895:Service/Srv_IMUSample.c **** 
 2593              		.loc 1 895 37 is_stmt 0 view .LVU727
 2594 0014 884B     		ldr	r3, .L213
 2595 0016 1A78     		ldrb	r2, [r3]	@ zero_extendqisi2
 2596 0018 0120     		movs	r0, #1
 2597              	.LVL190:
 895:Service/Srv_IMUSample.c **** 
 2598              		.loc 1 895 37 view .LVU728
 2599 001a 60F30512 		bfi	r2, r0, #4, #2
 2600 001e 1A70     		strb	r2, [r3]
 898:Service/Srv_IMUSample.c ****     {
 2601              		.loc 1 898 5 is_stmt 1 view .LVU729
 898:Service/Srv_IMUSample.c ****     {
 2602              		.loc 1 898 28 is_stmt 0 view .LVU730
 2603 0020 864B     		ldr	r3, .L213+4
 2604 0022 1B78     		ldrb	r3, [r3]	@ zero_extendqisi2
 898:Service/Srv_IMUSample.c ****     {
 2605              		.loc 1 898 8 view .LVU731
 2606 0024 0B42     		tst	r3, r1
 2607 0026 00F0DF80 		beq	.L208
ARM GAS  C:\Users\HUAV\AppData\Local\Temp\cc9W7lB3.s 			page 79


 900:Service/Srv_IMUSample.c ****         PriIMU_Data.module = SrvIMU_PriModule;
 2608              		.loc 1 900 9 is_stmt 1 view .LVU732
 900:Service/Srv_IMUSample.c ****         PriIMU_Data.module = SrvIMU_PriModule;
 2609              		.loc 1 900 41 is_stmt 0 view .LVU733
 2610 002a 854C     		ldr	r4, .L213+8
 2611 002c A369     		ldr	r3, [r4, #24]
 900:Service/Srv_IMUSample.c ****         PriIMU_Data.module = SrvIMU_PriModule;
 2612              		.loc 1 900 25 view .LVU734
 2613 002e 6068     		ldr	r0, [r4, #4]
 2614 0030 9847     		blx	r3
 2615              	.LVL191:
 2616 0032 8DED000A 		vstr.32	s0, [sp]
 2617 0036 CDED010A 		vstr.32	s1, [sp, #4]
 901:Service/Srv_IMUSample.c ****         PriIMU_Data.acc_scale = pri_imu_scale.acc_scale;
 2618              		.loc 1 901 9 is_stmt 1 view .LVU735
 901:Service/Srv_IMUSample.c ****         PriIMU_Data.acc_scale = pri_imu_scale.acc_scale;
 2619              		.loc 1 901 28 is_stmt 0 view .LVU736
 2620 003a 824B     		ldr	r3, .L213+12
 2621 003c 0122     		movs	r2, #1
 2622 003e 1A72     		strb	r2, [r3, #8]
 902:Service/Srv_IMUSample.c ****         PriIMU_Data.gyr_scale = pri_imu_scale.gyr_scale;
 2623              		.loc 1 902 9 is_stmt 1 view .LVU737
 902:Service/Srv_IMUSample.c ****         PriIMU_Data.gyr_scale = pri_imu_scale.gyr_scale;
 2624              		.loc 1 902 31 is_stmt 0 view .LVU738
 2625 0040 83ED120A 		vstr.32	s0, [r3, #72]
 903:Service/Srv_IMUSample.c **** 
 2626              		.loc 1 903 9 is_stmt 1 view .LVU739
 903:Service/Srv_IMUSample.c **** 
 2627              		.loc 1 903 31 is_stmt 0 view .LVU740
 2628 0044 C3ED130A 		vstr.32	s1, [r3, #76]
 906:Service/Srv_IMUSample.c ****         {
 2629              		.loc 1 906 9 is_stmt 1 view .LVU741
 906:Service/Srv_IMUSample.c ****         {
 2630              		.loc 1 906 29 is_stmt 0 view .LVU742
 2631 0048 2369     		ldr	r3, [r4, #16]
 906:Service/Srv_IMUSample.c ****         {
 2632              		.loc 1 906 13 view .LVU743
 2633 004a 6068     		ldr	r0, [r4, #4]
 2634 004c 9847     		blx	r3
 2635              	.LVL192:
 906:Service/Srv_IMUSample.c ****         {
 2636              		.loc 1 906 12 view .LVU744
 2637 004e 0028     		cmp	r0, #0
 2638 0050 00F0BE80 		beq	.L199
 906:Service/Srv_IMUSample.c ****         {
 2639              		.loc 1 906 84 discriminator 1 view .LVU745
 2640 0054 6269     		ldr	r2, [r4, #20]
 906:Service/Srv_IMUSample.c ****         {
 2641              		.loc 1 906 68 discriminator 1 view .LVU746
 2642 0056 6068     		ldr	r0, [r4, #4]
 2643 0058 9047     		blx	r2
 2644              	.LVL193:
 906:Service/Srv_IMUSample.c ****         {
 2645              		.loc 1 906 65 discriminator 1 view .LVU747
 2646 005a 0446     		mov	r4, r0
 2647 005c 0028     		cmp	r0, #0
 2648 005e 00F0B780 		beq	.L199
ARM GAS  C:\Users\HUAV\AppData\Local\Temp\cc9W7lB3.s 			page 80


 909:Service/Srv_IMUSample.c **** 
 2649              		.loc 1 909 13 is_stmt 1 view .LVU748
 909:Service/Srv_IMUSample.c **** 
 2650              		.loc 1 909 45 is_stmt 0 view .LVU749
 2651 0062 754B     		ldr	r3, .L213
 2652 0064 1A78     		ldrb	r2, [r3]	@ zero_extendqisi2
 2653 0066 0121     		movs	r1, #1
 2654 0068 61F30102 		bfi	r2, r1, #0, #2
 2655 006c 1A70     		strb	r2, [r3]
 911:Service/Srv_IMUSample.c ****             PriIMU_Data.time_stamp = InUse_PriIMU_Obj.OriData_ptr->time_stamp;
 2656              		.loc 1 911 13 is_stmt 1 view .LVU750
 911:Service/Srv_IMUSample.c ****             PriIMU_Data.time_stamp = InUse_PriIMU_Obj.OriData_ptr->time_stamp;
 2657              		.loc 1 911 24 is_stmt 0 view .LVU751
 2658 006e 754B     		ldr	r3, .L213+12
 2659 0070 5A68     		ldr	r2, [r3, #4]
 911:Service/Srv_IMUSample.c ****             PriIMU_Data.time_stamp = InUse_PriIMU_Obj.OriData_ptr->time_stamp;
 2660              		.loc 1 911 34 view .LVU752
 2661 0072 0A44     		add	r2, r2, r1
 2662 0074 5A60     		str	r2, [r3, #4]
 912:Service/Srv_IMUSample.c **** 
 2663              		.loc 1 912 13 is_stmt 1 view .LVU753
 912:Service/Srv_IMUSample.c **** 
 2664              		.loc 1 912 54 is_stmt 0 view .LVU754
 2665 0076 724A     		ldr	r2, .L213+8
 2666 0078 9068     		ldr	r0, [r2, #8]
 912:Service/Srv_IMUSample.c **** 
 2667              		.loc 1 912 66 view .LVU755
 2668 007a 0268     		ldr	r2, [r0]	@ unaligned
 912:Service/Srv_IMUSample.c **** 
 2669              		.loc 1 912 36 view .LVU756
 2670 007c 1A60     		str	r2, [r3]
 915:Service/Srv_IMUSample.c ****             {
 2671              		.loc 1 915 13 is_stmt 1 view .LVU757
 915:Service/Srv_IMUSample.c ****             {
 2672              		.loc 1 915 17 is_stmt 0 view .LVU758
 2673 007e 724B     		ldr	r3, .L213+16
 2674 0080 1B68     		ldr	r3, [r3]
 915:Service/Srv_IMUSample.c ****             {
 2675              		.loc 1 915 16 view .LVU759
 2676 0082 13B1     		cbz	r3, .L200
 917:Service/Srv_IMUSample.c ****                     pri_sample_state = false;
 2677              		.loc 1 917 17 is_stmt 1 view .LVU760
 917:Service/Srv_IMUSample.c ****                     pri_sample_state = false;
 2678              		.loc 1 917 20 is_stmt 0 view .LVU761
 2679 0084 9A42     		cmp	r2, r3
 2680 0086 40F2AD80 		bls	.L209
 2681              	.L200:
 2682              	.LVL194:
 924:Service/Srv_IMUSample.c **** 
 2683              		.loc 1 924 17 is_stmt 1 view .LVU762
 924:Service/Srv_IMUSample.c **** 
 2684              		.loc 1 924 67 is_stmt 0 view .LVU763
 2685 008a D0F81330 		ldr	r3, [r0, #19]	@ unaligned
 924:Service/Srv_IMUSample.c **** 
 2686              		.loc 1 924 37 view .LVU764
 2687 008e 6D4D     		ldr	r5, .L213+12
 2688 0090 EB60     		str	r3, [r5, #12]	@ float
ARM GAS  C:\Users\HUAV\AppData\Local\Temp\cc9W7lB3.s 			page 81


 927:Service/Srv_IMUSample.c ****                 Sample_MsDiff = PriIMU_Data.time_stamp - PriSample_Rt_Lst;
 2689              		.loc 1 927 17 is_stmt 1 view .LVU765
 927:Service/Srv_IMUSample.c ****                 Sample_MsDiff = PriIMU_Data.time_stamp - PriSample_Rt_Lst;
 2690              		.loc 1 927 42 is_stmt 0 view .LVU766
 2691 0092 6B4B     		ldr	r3, .L213+8
 2692 0094 DA89     		ldrh	r2, [r3, #14]
 2693 0096 197B     		ldrb	r1, [r3, #12]	@ zero_extendqisi2
 2694 0098 FFF7FEFF 		bl	SrvIMU_DataCheck
 2695              	.LVL195:
 927:Service/Srv_IMUSample.c ****                 Sample_MsDiff = PriIMU_Data.time_stamp - PriSample_Rt_Lst;
 2696              		.loc 1 927 40 view .LVU767
 2697 009c 85F84400 		strb	r0, [r5, #68]
 928:Service/Srv_IMUSample.c **** 
 2698              		.loc 1 928 17 is_stmt 1 view .LVU768
 928:Service/Srv_IMUSample.c **** 
 2699              		.loc 1 928 44 is_stmt 0 view .LVU769
 2700 00a0 2B68     		ldr	r3, [r5]
 928:Service/Srv_IMUSample.c **** 
 2701              		.loc 1 928 56 view .LVU770
 2702 00a2 694A     		ldr	r2, .L213+16
 2703 00a4 1268     		ldr	r2, [r2]
 2704 00a6 9B1A     		subs	r3, r3, r2
 928:Service/Srv_IMUSample.c **** 
 2705              		.loc 1 928 31 view .LVU771
 2706 00a8 07EE903A 		vmov	s15, r3	@ int
 2707 00ac B8EE678A 		vcvt.f32.u32	s16, s15
 2708              	.LVL196:
 930:Service/Srv_IMUSample.c ****                 {
 2709              		.loc 1 930 17 is_stmt 1 view .LVU772
 930:Service/Srv_IMUSample.c ****                 {
 2710              		.loc 1 930 24 is_stmt 0 view .LVU773
 2711 00b0 0025     		movs	r5, #0
 930:Service/Srv_IMUSample.c ****                 {
 2712              		.loc 1 930 17 view .LVU774
 2713 00b2 04E0     		b	.L202
 2714              	.LVL197:
 2715              	.L212:
 949:Service/Srv_IMUSample.c ****                     }
 2716              		.loc 1 949 29 is_stmt 1 view .LVU775
 949:Service/Srv_IMUSample.c ****                     }
 2717              		.loc 1 949 52 is_stmt 0 view .LVU776
 2718 00b4 0622     		movs	r2, #6
 2719 00b6 86F84420 		strb	r2, [r6, #68]
 2720              	.L203:
 930:Service/Srv_IMUSample.c ****                 {
 2721              		.loc 1 930 48 is_stmt 1 discriminator 2 view .LVU777
 930:Service/Srv_IMUSample.c ****                 {
 2722              		.loc 1 930 49 is_stmt 0 discriminator 2 view .LVU778
 2723 00ba 0135     		adds	r5, r5, #1
 2724              	.LVL198:
 930:Service/Srv_IMUSample.c ****                 {
 2725              		.loc 1 930 49 discriminator 2 view .LVU779
 2726 00bc EDB2     		uxtb	r5, r5
 2727              	.LVL199:
 2728              	.L202:
 930:Service/Srv_IMUSample.c ****                 {
 2729              		.loc 1 930 34 is_stmt 1 discriminator 1 view .LVU780
ARM GAS  C:\Users\HUAV\AppData\Local\Temp\cc9W7lB3.s 			page 82


 930:Service/Srv_IMUSample.c ****                 {
 2730              		.loc 1 930 17 is_stmt 0 discriminator 1 view .LVU781
 2731 00be 022D     		cmp	r5, #2
 2732 00c0 6ED8     		bhi	.L211
 932:Service/Srv_IMUSample.c ****                     PriIMU_Data.org_gyr[i] = InUse_PriIMU_Obj.OriData_ptr->gyr_flt[i] - PriGyro_Cal
 2733              		.loc 1 932 21 is_stmt 1 view .LVU782
 932:Service/Srv_IMUSample.c ****                     PriIMU_Data.org_gyr[i] = InUse_PriIMU_Obj.OriData_ptr->gyr_flt[i] - PriGyro_Cal
 2734              		.loc 1 932 62 is_stmt 0 view .LVU783
 2735 00c2 5F4B     		ldr	r3, .L213+8
 2736 00c4 9B68     		ldr	r3, [r3, #8]
 932:Service/Srv_IMUSample.c ****                     PriIMU_Data.org_gyr[i] = InUse_PriIMU_Obj.OriData_ptr->gyr_flt[i] - PriGyro_Cal
 2737              		.loc 1 932 83 view .LVU784
 2738 00c6 05F10802 		add	r2, r5, #8
 2739 00ca 03EB8202 		add	r2, r3, r2, lsl #2
 2740 00ce D2F80320 		ldr	r2, [r2, #3]	@ unaligned
 932:Service/Srv_IMUSample.c ****                     PriIMU_Data.org_gyr[i] = InUse_PriIMU_Obj.OriData_ptr->gyr_flt[i] - PriGyro_Cal
 2741              		.loc 1 932 44 view .LVU785
 2742 00d2 5C4E     		ldr	r6, .L213+12
 2743 00d4 05F10C07 		add	r7, r5, #12
 2744 00d8 06EB8707 		add	r7, r6, r7, lsl #2
 2745 00dc 7A60     		str	r2, [r7, #4]	@ float
 933:Service/Srv_IMUSample.c **** 
 2746              		.loc 1 933 21 is_stmt 1 view .LVU786
 933:Service/Srv_IMUSample.c **** 
 2747              		.loc 1 933 83 is_stmt 0 view .LVU787
 2748 00de 2A1D     		adds	r2, r5, #4
 2749 00e0 4FEA8208 		lsl	r8, r2, #2
 2750 00e4 03EB8203 		add	r3, r3, r2, lsl #2
 2751 00e8 D3F80730 		ldr	r3, [r3, #7]	@ unaligned
 2752 00ec 00EE103A 		vmov	s0, r3	@ int
 933:Service/Srv_IMUSample.c **** 
 2753              		.loc 1 933 119 view .LVU788
 2754 00f0 05F10A03 		add	r3, r5, #10
 2755 00f4 554A     		ldr	r2, .L213+20
 2756 00f6 02EB8302 		add	r2, r2, r3, lsl #2
 2757 00fa D2ED017A 		vldr.32	s15, [r2, #4]
 933:Service/Srv_IMUSample.c **** 
 2758              		.loc 1 933 87 view .LVU789
 2759 00fe 30EE670A 		vsub.f32	s0, s0, s15
 933:Service/Srv_IMUSample.c **** 
 2760              		.loc 1 933 44 view .LVU790
 2761 0102 06EB8303 		add	r3, r6, r3, lsl #2
 2762 0106 83ED000A 		vstr.32	s0, [r3]
 936:Service/Srv_IMUSample.c ****                     PriIMU_Data.flt_acc[i] = Butterworth.update(PriIMU_Acc_LPF_Handle[i], PriIMU_Da
 2763              		.loc 1 936 21 is_stmt 1 view .LVU791
 936:Service/Srv_IMUSample.c ****                     PriIMU_Data.flt_acc[i] = Butterworth.update(PriIMU_Acc_LPF_Handle[i], PriIMU_Da
 2764              		.loc 1 936 57 is_stmt 0 view .LVU792
 2765 010a DFF86091 		ldr	r9, .L213+52
 2766 010e D9F80430 		ldr	r3, [r9, #4]
 936:Service/Srv_IMUSample.c ****                     PriIMU_Data.flt_acc[i] = Butterworth.update(PriIMU_Acc_LPF_Handle[i], PriIMU_Da
 2767              		.loc 1 936 46 view .LVU793
 2768 0112 4F4A     		ldr	r2, .L213+24
 2769 0114 52F82500 		ldr	r0, [r2, r5, lsl #2]
 2770 0118 9847     		blx	r3
 2771              	.LVL200:
 936:Service/Srv_IMUSample.c ****                     PriIMU_Data.flt_acc[i] = Butterworth.update(PriIMU_Acc_LPF_Handle[i], PriIMU_Da
 2772              		.loc 1 936 44 view .LVU794
ARM GAS  C:\Users\HUAV\AppData\Local\Temp\cc9W7lB3.s 			page 83


 2773 011a B044     		add	r8, r8, r6
 2774 011c 88ED000A 		vstr.32	s0, [r8]
 937:Service/Srv_IMUSample.c **** 
 2775              		.loc 1 937 21 is_stmt 1 view .LVU795
 937:Service/Srv_IMUSample.c **** 
 2776              		.loc 1 937 57 is_stmt 0 view .LVU796
 2777 0120 D9F80430 		ldr	r3, [r9, #4]
 937:Service/Srv_IMUSample.c **** 
 2778              		.loc 1 937 46 view .LVU797
 2779 0124 97ED010A 		vldr.32	s0, [r7, #4]
 2780 0128 4A4A     		ldr	r2, .L213+28
 2781 012a 52F82500 		ldr	r0, [r2, r5, lsl #2]
 2782 012e 9847     		blx	r3
 2783              	.LVL201:
 937:Service/Srv_IMUSample.c **** 
 2784              		.loc 1 937 44 view .LVU798
 2785 0130 AB1D     		adds	r3, r5, #6
 2786 0132 06EB8303 		add	r3, r6, r3, lsl #2
 2787 0136 83ED010A 		vstr.32	s0, [r3, #4]
 940:Service/Srv_IMUSample.c ****                         (PriIMU_Data.error_code != SrvIMU_Sample_Data_Gyr_OverRange))
 2788              		.loc 1 940 21 is_stmt 1 view .LVU799
 940:Service/Srv_IMUSample.c ****                         (PriIMU_Data.error_code != SrvIMU_Sample_Data_Gyr_OverRange))
 2789              		.loc 1 940 37 is_stmt 0 view .LVU800
 2790 013a 96F84430 		ldrb	r3, [r6, #68]	@ zero_extendqisi2
 940:Service/Srv_IMUSample.c ****                         (PriIMU_Data.error_code != SrvIMU_Sample_Data_Gyr_OverRange))
 2791              		.loc 1 940 86 view .LVU801
 2792 013e 043B     		subs	r3, r3, #4
 2793 0140 DBB2     		uxtb	r3, r3
 940:Service/Srv_IMUSample.c ****                         (PriIMU_Data.error_code != SrvIMU_Sample_Data_Gyr_OverRange))
 2794              		.loc 1 940 24 view .LVU802
 2795 0142 012B     		cmp	r3, #1
 2796 0144 B9D9     		bls	.L203
 943:Service/Srv_IMUSample.c ****                         InUse_PriIMU_Obj.OriData_ptr->gyr_int_lst[i] = InUse_PriIMU_Obj.OriData_ptr
 2797              		.loc 1 943 25 is_stmt 1 view .LVU803
 943:Service/Srv_IMUSample.c ****                         InUse_PriIMU_Obj.OriData_ptr->gyr_int_lst[i] = InUse_PriIMU_Obj.OriData_ptr
 2798              		.loc 1 943 88 is_stmt 0 view .LVU804
 2799 0146 3E4B     		ldr	r3, .L213+8
 2800 0148 9B68     		ldr	r3, [r3, #8]
 943:Service/Srv_IMUSample.c ****                         InUse_PriIMU_Obj.OriData_ptr->gyr_int_lst[i] = InUse_PriIMU_Obj.OriData_ptr
 2801              		.loc 1 943 109 view .LVU805
 2802 014a 2A1D     		adds	r2, r5, #4
 2803 014c 03EB4202 		add	r2, r3, r2, lsl #1
 2804 0150 B2F90510 		ldrsh	r1, [r2, #5]	@ unaligned
 943:Service/Srv_IMUSample.c ****                         InUse_PriIMU_Obj.OriData_ptr->gyr_int_lst[i] = InUse_PriIMU_Obj.OriData_ptr
 2805              		.loc 1 943 70 view .LVU806
 2806 0154 05F11802 		add	r2, r5, #24
 2807 0158 03EB4202 		add	r2, r3, r2, lsl #1
 2808 015c A2F80510 		strh	r1, [r2, #5]	@ unaligned
 944:Service/Srv_IMUSample.c ****                     
 2809              		.loc 1 944 25 is_stmt 1 view .LVU807
 944:Service/Srv_IMUSample.c ****                     
 2810              		.loc 1 944 109 is_stmt 0 view .LVU808
 2811 0160 03EB4502 		add	r2, r3, r5, lsl #1
 2812 0164 B2F90720 		ldrsh	r2, [r2, #7]	@ unaligned
 944:Service/Srv_IMUSample.c ****                     
 2813              		.loc 1 944 70 view .LVU809
 2814 0168 05F11401 		add	r1, r5, #20
ARM GAS  C:\Users\HUAV\AppData\Local\Temp\cc9W7lB3.s 			page 84


 2815 016c 03EB4103 		add	r3, r3, r1, lsl #1
 2816 0170 A3F80720 		strh	r2, [r3, #7]	@ unaligned
 947:Service/Srv_IMUSample.c ****                             (PriIMU_Data.error_code != SrvIMU_Sample_Data_Gyr_Blunt))
 2817              		.loc 1 947 25 is_stmt 1 view .LVU810
 947:Service/Srv_IMUSample.c ****                             (PriIMU_Data.error_code != SrvIMU_Sample_Data_Gyr_Blunt))
 2818              		.loc 1 947 29 is_stmt 0 view .LVU811
 2819 0174 05F10A03 		add	r3, r5, #10
 2820 0178 3749     		ldr	r1, .L213+32
 2821 017a 01EB8301 		add	r1, r1, r3, lsl #2
 2822 017e 06EB8303 		add	r3, r6, r3, lsl #2
 2823 0182 B0EE481A 		vmov.f32	s2, s16
 2824 0186 D1ED000A 		vldr.32	s1, [r1]
 2825 018a 93ED000A 		vldr.32	s0, [r3]
 2826 018e FFF7FEFF 		bl	SrvIMU_Detect_AngularOverSpeed
 2827              	.LVL202:
 947:Service/Srv_IMUSample.c ****                             (PriIMU_Data.error_code != SrvIMU_Sample_Data_Gyr_Blunt))
 2828              		.loc 1 947 28 view .LVU812
 2829 0192 0028     		cmp	r0, #0
 2830 0194 91D0     		beq	.L203
 948:Service/Srv_IMUSample.c ****                             PriIMU_Data.error_code = SrvIMU_Sample_Over_Angular_Accelerate;
 2831              		.loc 1 948 41 discriminator 1 view .LVU813
 2832 0196 96F84430 		ldrb	r3, [r6, #68]	@ zero_extendqisi2
 947:Service/Srv_IMUSample.c ****                             (PriIMU_Data.error_code != SrvIMU_Sample_Data_Gyr_Blunt))
 2833              		.loc 1 947 127 discriminator 1 view .LVU814
 2834 019a 032B     		cmp	r3, #3
 2835 019c 8AD1     		bne	.L212
 2836 019e 8CE7     		b	.L203
 2837              	.L211:
 953:Service/Srv_IMUSample.c ****                 PriIMU_Dir_Tune(PriIMU_Data.org_gyr, PriIMU_Data.org_acc);
 2838              		.loc 1 953 17 is_stmt 1 view .LVU815
 2839 01a0 284D     		ldr	r5, .L213+12
 2840              	.LVL203:
 953:Service/Srv_IMUSample.c ****                 PriIMU_Dir_Tune(PriIMU_Data.org_gyr, PriIMU_Data.org_acc);
 2841              		.loc 1 953 17 is_stmt 0 view .LVU816
 2842 01a2 05F11C01 		add	r1, r5, #28
 2843 01a6 05F11000 		add	r0, r5, #16
 2844 01aa FFF7FEFF 		bl	PriIMU_Dir_Tune
 2845              	.LVL204:
 954:Service/Srv_IMUSample.c ****                  
 2846              		.loc 1 954 17 is_stmt 1 view .LVU817
 2847 01ae 05F13401 		add	r1, r5, #52
 2848 01b2 05F12800 		add	r0, r5, #40
 2849 01b6 FFF7FEFF 		bl	PriIMU_Dir_Tune
 2850              	.LVL205:
 957:Service/Srv_IMUSample.c ****                 PriIMU_Data_Lst = PriIMU_Data;
 2851              		.loc 1 957 17 view .LVU818
 957:Service/Srv_IMUSample.c ****                 PriIMU_Data_Lst = PriIMU_Data;
 2852              		.loc 1 957 49 is_stmt 0 view .LVU819
 2853 01ba 1F4B     		ldr	r3, .L213
 2854 01bc 1A78     		ldrb	r2, [r3]	@ zero_extendqisi2
 2855 01be 6FF30102 		bfc	r2, #0, #2
 2856 01c2 1A70     		strb	r2, [r3]
 958:Service/Srv_IMUSample.c ****             }
 2857              		.loc 1 958 17 is_stmt 1 view .LVU820
 958:Service/Srv_IMUSample.c ****             }
 2858              		.loc 1 958 33 is_stmt 0 view .LVU821
 2859 01c4 5422     		movs	r2, #84
ARM GAS  C:\Users\HUAV\AppData\Local\Temp\cc9W7lB3.s 			page 85


 2860 01c6 2946     		mov	r1, r5
 2861 01c8 2348     		ldr	r0, .L213+32
 2862 01ca FFF7FEFF 		bl	memcpy
 2863              	.LVL206:
 2864 01ce 04E0     		b	.L201
 2865              	.LVL207:
 2866              	.L199:
 963:Service/Srv_IMUSample.c ****             pri_sample_state = false;
 2867              		.loc 1 963 13 is_stmt 1 view .LVU822
 964:Service/Srv_IMUSample.c ****             PriIMU_Data_Lst.error_code = SrvIMU_Sample_Module_UnReady;
 2868              		.loc 1 964 13 view .LVU823
 965:Service/Srv_IMUSample.c ****         }
 2869              		.loc 1 965 13 view .LVU824
 965:Service/Srv_IMUSample.c ****         }
 2870              		.loc 1 965 40 is_stmt 0 view .LVU825
 2871 01d0 214B     		ldr	r3, .L213+32
 2872 01d2 0122     		movs	r2, #1
 2873 01d4 83F84420 		strb	r2, [r3, #68]
 964:Service/Srv_IMUSample.c ****             PriIMU_Data_Lst.error_code = SrvIMU_Sample_Module_UnReady;
 2874              		.loc 1 964 30 view .LVU826
 2875 01d8 0024     		movs	r4, #0
 2876              	.LVL208:
 2877              	.L201:
 968:Service/Srv_IMUSample.c ****     }
 2878              		.loc 1 968 9 is_stmt 1 view .LVU827
 968:Service/Srv_IMUSample.c ****     }
 2879              		.loc 1 968 39 is_stmt 0 view .LVU828
 2880 01da 1A4B     		ldr	r3, .L213+12
 2881 01dc 1A68     		ldr	r2, [r3]
 968:Service/Srv_IMUSample.c ****     }
 2882              		.loc 1 968 26 view .LVU829
 2883 01de 1A4B     		ldr	r3, .L213+16
 2884 01e0 1A60     		str	r2, [r3]
 2885 01e2 02E0     		b	.L198
 2886              	.LVL209:
 2887              	.L209:
 918:Service/Srv_IMUSample.c ****             }
 2888              		.loc 1 918 38 view .LVU830
 2889 01e4 0024     		movs	r4, #0
 2890 01e6 F8E7     		b	.L201
 2891              	.L208:
 971:Service/Srv_IMUSample.c **** 
 2892              		.loc 1 971 26 view .LVU831
 2893 01e8 0024     		movs	r4, #0
 2894              	.LVL210:
 2895              	.L198:
1094:Service/Srv_IMUSample.c ****     
 2896              		.loc 1 1094 5 is_stmt 1 view .LVU832
 2897 01ea 1C49     		ldr	r1, .L213+36
 2898 01ec 1748     		ldr	r0, .L213+20
 2899 01ee FFF7FEFF 		bl	SrvIMU_Calib_GyroZeroOffset
 2900              	.LVL211:
1096:Service/Srv_IMUSample.c ****     {
 2901              		.loc 1 1096 5 view .LVU833
1096:Service/Srv_IMUSample.c ****     {
 2902              		.loc 1 1096 7 is_stmt 0 view .LVU834
 2903 01f2 C4B1     		cbz	r4, .L205
ARM GAS  C:\Users\HUAV\AppData\Local\Temp\cc9W7lB3.s 			page 86


1098:Service/Srv_IMUSample.c ****     }
 2904              		.loc 1 1098 9 is_stmt 1 view .LVU835
1098:Service/Srv_IMUSample.c ****     }
 2905              		.loc 1 1098 18 is_stmt 0 view .LVU836
 2906 01f4 5422     		movs	r2, #84
 2907 01f6 1349     		ldr	r1, .L213+12
 2908 01f8 1948     		ldr	r0, .L213+40
 2909 01fa FFF7FEFF 		bl	memcpy
 2910              	.LVL212:
 2911              	.L206:
1103:Service/Srv_IMUSample.c **** #endif
 2912              		.loc 1 1103 5 is_stmt 1 view .LVU837
1103:Service/Srv_IMUSample.c **** #endif
 2913              		.loc 1 1103 38 is_stmt 0 view .LVU838
 2914 01fe 194B     		ldr	r3, .L213+44
 2915 0200 5B68     		ldr	r3, [r3, #4]
1103:Service/Srv_IMUSample.c **** #endif
 2916              		.loc 1 1103 27 view .LVU839
 2917 0202 9847     		blx	r3
 2918              	.LVL213:
1103:Service/Srv_IMUSample.c **** #endif
 2919              		.loc 1 1103 25 view .LVU840
 2920 0204 1649     		ldr	r1, .L213+40
 2921 0206 0860     		str	r0, [r1]
1106:Service/Srv_IMUSample.c ****     IMU_Data_Lst = IMU_Data;
 2922              		.loc 1 1106 5 is_stmt 1 view .LVU841
1106:Service/Srv_IMUSample.c ****     IMU_Data_Lst = IMU_Data;
 2923              		.loc 1 1106 37 is_stmt 0 view .LVU842
 2924 0208 0B4B     		ldr	r3, .L213
 2925 020a 1A78     		ldrb	r2, [r3]	@ zero_extendqisi2
 2926 020c 6FF30512 		bfc	r2, #4, #2
 2927 0210 1A70     		strb	r2, [r3]
1107:Service/Srv_IMUSample.c **** 
 2928              		.loc 1 1107 5 is_stmt 1 view .LVU843
1107:Service/Srv_IMUSample.c **** 
 2929              		.loc 1 1107 18 is_stmt 0 view .LVU844
 2930 0212 5422     		movs	r2, #84
 2931 0214 1448     		ldr	r0, .L213+48
 2932 0216 FFF7FEFF 		bl	memcpy
 2933              	.LVL214:
1109:Service/Srv_IMUSample.c **** }
 2934              		.loc 1 1109 5 is_stmt 1 view .LVU845
 2935              	.L197:
1110:Service/Srv_IMUSample.c **** 
 2936              		.loc 1 1110 1 is_stmt 0 view .LVU846
 2937 021a 2046     		mov	r0, r4
 2938 021c 03B0     		add	sp, sp, #12
 2939              	.LCFI34:
 2940              		.cfi_remember_state
 2941              		.cfi_def_cfa_offset 36
 2942              		@ sp needed
 2943 021e BDEC028B 		vldm	sp!, {d8}
 2944              	.LCFI35:
 2945              		.cfi_restore 80
 2946              		.cfi_restore 81
 2947              		.cfi_def_cfa_offset 28
 2948 0222 BDE8F083 		pop	{r4, r5, r6, r7, r8, r9, pc}
ARM GAS  C:\Users\HUAV\AppData\Local\Temp\cc9W7lB3.s 			page 87


 2949              	.LVL215:
 2950              	.L205:
 2951              	.LCFI36:
 2952              		.cfi_restore_state
1101:Service/Srv_IMUSample.c **** 
 2953              		.loc 1 1101 9 is_stmt 1 view .LVU847
1101:Service/Srv_IMUSample.c **** 
 2954              		.loc 1 1101 18 is_stmt 0 view .LVU848
 2955 0226 5422     		movs	r2, #84
 2956 0228 0B49     		ldr	r1, .L213+32
 2957 022a 0D48     		ldr	r0, .L213+40
 2958 022c FFF7FEFF 		bl	memcpy
 2959              	.LVL216:
 2960 0230 E5E7     		b	.L206
 2961              	.LVL217:
 2962              	.L207:
 883:Service/Srv_IMUSample.c **** 
 2963              		.loc 1 883 16 view .LVU849
 2964 0232 0024     		movs	r4, #0
 2965 0234 F1E7     		b	.L197
 2966              	.L214:
 2967 0236 00BF     		.align	2
 2968              	.L213:
 2969 0238 00000000 		.word	.LANCHOR13
 2970 023c 00000000 		.word	.LANCHOR1
 2971 0240 00000000 		.word	.LANCHOR2
 2972 0244 00000000 		.word	.LANCHOR9
 2973 0248 00000000 		.word	.LANCHOR18
 2974 024c 00000000 		.word	.LANCHOR11
 2975 0250 00000000 		.word	.LANCHOR14
 2976 0254 00000000 		.word	.LANCHOR15
 2977 0258 00000000 		.word	.LANCHOR10
 2978 025c 28000000 		.word	.LANCHOR9+40
 2979 0260 00000000 		.word	.LANCHOR16
 2980 0264 00000000 		.word	SrvOsCommon
 2981 0268 00000000 		.word	.LANCHOR19
 2982 026c 00000000 		.word	Butterworth
 2983              		.cfi_endproc
 2984              	.LFE149:
 2986              		.global	SrvIMU
 2987              		.section	.rodata.str1.4,"aMS",%progbits,1
 2988              		.align	2
 2989              	.LC20:
 2990 0000 53656320 		.ascii	"Sec IMU None Detected\015\012\000"
 2990      494D5520 
 2990      4E6F6E65 
 2990      20446574 
 2990      65637465 
 2991              		.align	2
 2992              	.LC21:
 2993 0018 50726920 		.ascii	"Pri IMU None Detected\015\012\000"
 2993      494D5520 
 2993      4E6F6E65 
 2993      20446574 
 2993      65637465 
 2994              		.align	2
 2995              	.LC22:
ARM GAS  C:\Users\HUAV\AppData\Local\Temp\cc9W7lB3.s 			page 88


 2996 0030 53656320 		.ascii	"Sec IMU Filter Init Failed\015\012\000"
 2996      494D5520 
 2996      46696C74 
 2996      65722049 
 2996      6E697420 
 2997 004d 000000   		.align	2
 2998              	.LC23:
 2999 0050 50726920 		.ascii	"Pri IMU Filter Init Failed\015\012\000"
 2999      494D5520 
 2999      46696C74 
 2999      65722049 
 2999      6E697420 
 3000 006d 000000   		.align	2
 3001              	.LC24:
 3002 0070 50726920 		.ascii	"Pri CS Pin Init Failed\015\012\000"
 3002      43532050 
 3002      696E2049 
 3002      6E697420 
 3002      4661696C 
 3003 0089 000000   		.align	2
 3004              	.LC25:
 3005 008c 50726920 		.ascii	"Pri Ext Pin Init Failed\015\012\000"
 3005      45787420 
 3005      50696E20 
 3005      496E6974 
 3005      20466169 
 3006 00a6 0000     		.align	2
 3007              	.LC26:
 3008 00a8 50726920 		.ascii	"Pri Bus Init Failed\015\012\000"
 3008      42757320 
 3008      496E6974 
 3008      20466169 
 3008      6C65640D 
 3009 00be 0000     		.align	2
 3010              	.LC27:
 3011 00c0 50726920 		.ascii	"Pri Dev Init Failed\015\012\000"
 3011      44657620 
 3011      496E6974 
 3011      20466169 
 3011      6C65640D 
 3012 00d6 0000     		.align	2
 3013              	.LC28:
 3014 00d8 53656320 		.ascii	"Sec CS Pin Init Failed\015\012\000"
 3014      43532050 
 3014      696E2049 
 3014      6E697420 
 3014      4661696C 
 3015 00f1 000000   		.align	2
 3016              	.LC29:
 3017 00f4 53656320 		.ascii	"Sec Ext Pin Init Failed\015\012\000"
 3017      45787420 
 3017      50696E20 
 3017      496E6974 
 3017      20466169 
 3018 010e 0000     		.align	2
 3019              	.LC30:
 3020 0110 53656320 		.ascii	"Sec Bus Init Failed\015\012\000"
ARM GAS  C:\Users\HUAV\AppData\Local\Temp\cc9W7lB3.s 			page 89


 3020      42757320 
 3020      496E6974 
 3020      20466169 
 3020      6C65640D 
 3021 0126 0000     		.align	2
 3022              	.LC31:
 3023 0128 53656320 		.ascii	"Sec Dev Init Failed\015\012\000"
 3023      44657620 
 3023      496E6974 
 3023      20466169 
 3023      6C65640D 
 3024 013e 0000     		.align	2
 3025              	.LC32:
 3026 0140 416C6C20 		.ascii	"All IMU Module Init Failed\015\012\000"
 3026      494D5520 
 3026      4D6F6475 
 3026      6C652049 
 3026      6E697420 
 3027              		.section	.rodata
 3028              		.align	2
 3029              		.set	.LANCHOR8,. + 0
 3030              	.LC17:
 3031 0000 03       		.byte	3
 3032 0001 000000   		.space	3
 3033 0004 00000000 		.word	BTF_E_3O_50Hz_1K
 3034 0008 00000000 		.word	BTF_U_3O_50Hz_1K
 3035              	.LC18:
 3036 000c 02       		.byte	2
 3037 000d 000000   		.space	3
 3038 0010 00000000 		.word	BTF_E_2O_50Hz_1K
 3039 0014 00000000 		.word	BTF_U_2O_50Hz_1K
 3040              		.section	.bss.ICM20602Obj,"aw",%nobits
 3041              		.align	2
 3042              		.set	.LANCHOR4,. + 0
 3045              	ICM20602Obj:
 3046 0000 00000000 		.space	120
 3046      00000000 
 3046      00000000 
 3046      00000000 
 3046      00000000 
 3047              		.section	.bss.ICM42605Obj,"aw",%nobits
 3048              		.align	2
 3049              		.set	.LANCHOR7,. + 0
 3052              	ICM42605Obj:
 3053 0000 00000000 		.space	124
 3053      00000000 
 3053      00000000 
 3053      00000000 
 3053      00000000 
 3054              		.section	.bss.ICM42688PObj,"aw",%nobits
 3055              		.align	2
 3056              		.set	.LANCHOR6,. + 0
 3059              	ICM42688PObj:
 3060 0000 00000000 		.space	124
 3060      00000000 
 3060      00000000 
 3060      00000000 
ARM GAS  C:\Users\HUAV\AppData\Local\Temp\cc9W7lB3.s 			page 90


 3060      00000000 
 3061              		.section	.bss.IMU_Data,"aw",%nobits
 3062              		.align	2
 3063              		.set	.LANCHOR16,. + 0
 3066              	IMU_Data:
 3067 0000 00000000 		.space	84
 3067      00000000 
 3067      00000000 
 3067      00000000 
 3067      00000000 
 3068              		.section	.bss.IMU_Data_Lst,"aw",%nobits
 3069              		.align	2
 3070              		.set	.LANCHOR19,. + 0
 3073              	IMU_Data_Lst:
 3074 0000 00000000 		.space	84
 3074      00000000 
 3074      00000000 
 3074      00000000 
 3074      00000000 
 3075              		.section	.bss.InUse_PriIMU_Obj,"aw",%nobits
 3076              		.align	2
 3077              		.set	.LANCHOR2,. + 0
 3080              	InUse_PriIMU_Obj:
 3081 0000 00000000 		.space	36
 3081      00000000 
 3081      00000000 
 3081      00000000 
 3081      00000000 
 3082              		.section	.bss.MPU6000Obj,"aw",%nobits
 3083              		.align	2
 3084              		.set	.LANCHOR3,. + 0
 3087              	MPU6000Obj:
 3088 0000 00000000 		.space	124
 3088      00000000 
 3088      00000000 
 3088      00000000 
 3088      00000000 
 3089              		.section	.bss.PriGyro_Calib_Monitor,"aw",%nobits
 3090              		.align	2
 3091              		.set	.LANCHOR11,. + 0
 3094              	PriGyro_Calib_Monitor:
 3095 0000 00000000 		.space	56
 3095      00000000 
 3095      00000000 
 3095      00000000 
 3095      00000000 
 3096              		.section	.bss.PriIMU_Acc_LPF_Handle,"aw",%nobits
 3097              		.align	2
 3098              		.set	.LANCHOR15,. + 0
 3101              	PriIMU_Acc_LPF_Handle:
 3102 0000 00000000 		.space	12
 3102      00000000 
 3102      00000000 
 3103              		.section	.bss.PriIMU_Bus_Instance,"aw",%nobits
 3104              		.align	2
 3105              		.set	.LANCHOR0,. + 0
 3108              	PriIMU_Bus_Instance:
ARM GAS  C:\Users\HUAV\AppData\Local\Temp\cc9W7lB3.s 			page 91


 3109 0000 00000000 		.space	4
 3110              		.section	.bss.PriIMU_Data,"aw",%nobits
 3111              		.align	2
 3112              		.set	.LANCHOR9,. + 0
 3115              	PriIMU_Data:
 3116 0000 00000000 		.space	84
 3116      00000000 
 3116      00000000 
 3116      00000000 
 3116      00000000 
 3117              		.section	.bss.PriIMU_Data_Lst,"aw",%nobits
 3118              		.align	2
 3119              		.set	.LANCHOR10,. + 0
 3122              	PriIMU_Data_Lst:
 3123 0000 00000000 		.space	84
 3123      00000000 
 3123      00000000 
 3123      00000000 
 3123      00000000 
 3124              		.section	.bss.PriIMU_Gyr_LPF_Handle,"aw",%nobits
 3125              		.align	2
 3126              		.set	.LANCHOR14,. + 0
 3129              	PriIMU_Gyr_LPF_Handle:
 3130 0000 00000000 		.space	12
 3130      00000000 
 3130      00000000 
 3131              		.section	.bss.PriSample_Rt_Lst.0,"aw",%nobits
 3132              		.align	2
 3133              		.set	.LANCHOR18,. + 0
 3136              	PriSample_Rt_Lst.0:
 3137 0000 00000000 		.space	4
 3138              		.section	.bss.SrvIMU_Reupdate_Statistics_CNT,"aw",%nobits
 3139              		.align	2
 3140              		.set	.LANCHOR17,. + 0
 3143              	SrvIMU_Reupdate_Statistics_CNT:
 3144 0000 00000000 		.space	4
 3145              		.section	.bss.SrvMPU_Error_Handle,"aw",%nobits
 3146              		.align	2
 3147              		.set	.LANCHOR5,. + 0
 3150              	SrvMPU_Error_Handle:
 3151 0000 00000000 		.space	4
 3152              		.section	.bss.SrvMpu_Init_Reg,"aw",%nobits
 3153              		.align	2
 3154              		.set	.LANCHOR1,. + 0
 3157              	SrvMpu_Init_Reg:
 3158 0000 00       		.space	1
 3159              		.section	.bss.SrvMpu_Update_Reg,"aw",%nobits
 3160              		.align	2
 3161              		.set	.LANCHOR13,. + 0
 3164              	SrvMpu_Update_Reg:
 3165 0000 00       		.space	1
 3166              		.section	.data.SrvIMU,"aw"
 3167              		.align	2
 3170              	SrvIMU:
 3171 0000 00000000 		.word	SrvIMU_Init
 3172 0004 00000000 		.word	SrvIMU_Sample
 3173 0008 00000000 		.word	SrvIMU_Get_Data
ARM GAS  C:\Users\HUAV\AppData\Local\Temp\cc9W7lB3.s 			page 92


 3174 000c 00000000 		.word	SrvIMU_Get_Range
 3175 0010 00000000 		.word	SrvIMU_Get_MaxAngularSpeed_Diff
 3176 0014 00000000 		.word	SrvIMU_Get_ModuleType
 3177 0018 00000000 		.word	SrvIMU_ErrorProc
 3178              		.section	.data.SrvIMU_ErrorList,"aw"
 3179              		.align	2
 3180              		.set	.LANCHOR12,. + 0
 3183              	SrvIMU_ErrorList:
 3184 0000 F5FF     		.short	-11
 3185 0002 02       		.byte	2
 3186 0003 00       		.space	1
 3187 0004 00000000 		.word	.LC20
 3188 0008 01       		.byte	1
 3189 0009 00       		.byte	0
 3190 000a 00000000 		.4byte	0
 3191 000e 00000000 		.4byte	0
 3192 0012 0000     		.short	0
 3193 0014 00000000 		.space	4
 3194 0018 F4FF     		.short	-12
 3195 001a 02       		.byte	2
 3196 001b 00       		.space	1
 3197 001c 18000000 		.word	.LC21
 3198 0020 01       		.byte	1
 3199 0021 00       		.byte	0
 3200 0022 00000000 		.4byte	0
 3201 0026 00000000 		.4byte	0
 3202 002a 0000     		.short	0
 3203 002c 00000000 		.space	4
 3204 0030 F6FF     		.short	-10
 3205 0032 02       		.byte	2
 3206 0033 00       		.space	1
 3207 0034 30000000 		.word	.LC22
 3208 0038 01       		.byte	1
 3209 0039 00       		.byte	0
 3210 003a 00000000 		.4byte	SrvIMU_SecDev_Filter_InitError
 3211 003e 00000000 		.4byte	0
 3212 0042 0000     		.short	0
 3213 0044 00000000 		.space	4
 3214 0048 F7FF     		.short	-9
 3215 004a 02       		.byte	2
 3216 004b 00       		.space	1
 3217 004c 50000000 		.word	.LC23
 3218 0050 01       		.byte	1
 3219 0051 00       		.byte	0
 3220 0052 00000000 		.4byte	SrvIMU_PriDev_Filter_InitError
 3221 0056 00000000 		.4byte	0
 3222 005a 0000     		.short	0
 3223 005c 00000000 		.space	4
 3224 0060 F8FF     		.short	-8
 3225 0062 02       		.byte	2
 3226 0063 00       		.space	1
 3227 0064 70000000 		.word	.LC24
 3228 0068 01       		.byte	1
 3229 0069 00       		.byte	0
 3230 006a 00000000 		.4byte	0
 3231 006e 00000000 		.4byte	0
 3232 0072 0000     		.short	0
ARM GAS  C:\Users\HUAV\AppData\Local\Temp\cc9W7lB3.s 			page 93


 3233 0074 00000000 		.space	4
 3234 0078 F9FF     		.short	-7
 3235 007a 02       		.byte	2
 3236 007b 00       		.space	1
 3237 007c 8C000000 		.word	.LC25
 3238 0080 01       		.byte	1
 3239 0081 00       		.byte	0
 3240 0082 00000000 		.4byte	0
 3241 0086 00000000 		.4byte	0
 3242 008a 0000     		.short	0
 3243 008c 00000000 		.space	4
 3244 0090 FAFF     		.short	-6
 3245 0092 02       		.byte	2
 3246 0093 00       		.space	1
 3247 0094 A8000000 		.word	.LC26
 3248 0098 01       		.byte	1
 3249 0099 00       		.byte	0
 3250 009a 00000000 		.4byte	0
 3251 009e 00000000 		.4byte	0
 3252 00a2 0000     		.short	0
 3253 00a4 00000000 		.space	4
 3254 00a8 FBFF     		.short	-5
 3255 00aa 00       		.byte	0
 3256 00ab 00       		.space	1
 3257 00ac C0000000 		.word	.LC27
 3258 00b0 01       		.byte	1
 3259 00b1 00       		.byte	0
 3260 00b2 00000000 		.4byte	SrvIMU_Dev_InitError
 3261 00b6 00000000 		.4byte	0
 3262 00ba 0000     		.short	0
 3263 00bc 00000000 		.space	4
 3264 00c0 FCFF     		.short	-4
 3265 00c2 02       		.byte	2
 3266 00c3 00       		.space	1
 3267 00c4 D8000000 		.word	.LC28
 3268 00c8 01       		.byte	1
 3269 00c9 00       		.byte	0
 3270 00ca 00000000 		.4byte	0
 3271 00ce 00000000 		.4byte	0
 3272 00d2 0000     		.short	0
 3273 00d4 00000000 		.space	4
 3274 00d8 FDFF     		.short	-3
 3275 00da 02       		.byte	2
 3276 00db 00       		.space	1
 3277 00dc F4000000 		.word	.LC29
 3278 00e0 01       		.byte	1
 3279 00e1 00       		.byte	0
 3280 00e2 00000000 		.4byte	0
 3281 00e6 00000000 		.4byte	0
 3282 00ea 0000     		.short	0
 3283 00ec 00000000 		.space	4
 3284 00f0 FEFF     		.short	-2
 3285 00f2 02       		.byte	2
 3286 00f3 00       		.space	1
 3287 00f4 10010000 		.word	.LC30
 3288 00f8 01       		.byte	1
 3289 00f9 00       		.byte	0
ARM GAS  C:\Users\HUAV\AppData\Local\Temp\cc9W7lB3.s 			page 94


 3290 00fa 00000000 		.4byte	0
 3291 00fe 00000000 		.4byte	0
 3292 0102 0000     		.short	0
 3293 0104 00000000 		.space	4
 3294 0108 FFFF     		.short	-1
 3295 010a 00       		.byte	0
 3296 010b 00       		.space	1
 3297 010c 28010000 		.word	.LC31
 3298 0110 01       		.byte	1
 3299 0111 00       		.byte	0
 3300 0112 00000000 		.4byte	SrvIMU_Dev_InitError
 3301 0116 00000000 		.4byte	0
 3302 011a 0000     		.short	0
 3303 011c 00000000 		.space	4
 3304 0120 0100     		.short	1
 3305 0122 00       		.byte	0
 3306 0123 00       		.space	1
 3307 0124 40010000 		.word	.LC32
 3308 0128 01       		.byte	1
 3309 0129 00       		.byte	0
 3310 012a 00000000 		.4byte	SrvIMU_AllModule_InitError
 3311 012e 00000000 		.4byte	0
 3312 0132 0000     		.short	0
 3313 0134 00000000 		.space	4
 3314              		.text
 3315              	.Letext0:
 3316              		.file 2 "d:\\hpm-compile-tool\\gcc-arm-none-eabi-10.3-win\\arm-none-eabi\\include\\machine\\_defau
 3317              		.file 3 "d:\\hpm-compile-tool\\gcc-arm-none-eabi-10.3-win\\arm-none-eabi\\include\\sys\\_stdint.h"
 3318              		.file 4 "d:\\hpm-compile-tool\\gcc-arm-none-eabi-10.3-win\\lib\\gcc\\arm-none-eabi\\10.3.1\\includ
 3319              		.file 5 "System/FreeRTOS/include/portable.h"
 3320              		.file 6 "Service/Srv_OsCommon.h"
 3321              		.file 7 "common/gen_physic_def/imu_data.h"
 3322              		.file 8 "common/gen_physic_def/gen_calib.h"
 3323              		.file 9 "Service/Srv_IMUSample.h"
 3324              		.file 10 "Device/Dev_MPU6000.h"
 3325              		.file 11 "Device/Dev_ICM20602.h"
 3326              		.file 12 "Device/Dev_ICM426xx.h"
 3327              		.file 13 "HW_Lib/AT32F435/drivers/inc/at32f435_437_tmr.h"
 3328              		.file 14 "HW_Lib/PortApi_Def/Bsp_GPIO_Port_Def.h"
 3329              		.file 15 "HW_Lib/AT32F435/bsp/Bsp_GPIO.h"
 3330              		.file 16 "HW_Lib/PortApi_Def/Bsp_SPI_Port_Def.h"
 3331              		.file 17 "HW_Lib/AT32F435/bsp/Bsp_SPI.h"
 3332              		.file 18 "HW_Lib/AT32F435/PinPort_Def/CCRC_AT32_20/HW_Def.h"
 3333              		.file 19 "DataStructure/linked_list.h"
 3334              		.file 20 "common/Error_Log/error_log.h"
 3335              		.file 21 "Service/../Algorithm/Filter_Dep/filter_param.h"
 3336              		.file 22 "Service/../Algorithm/Filter_Dep/filter.h"
 3337              		.file 23 "<built-in>"
ARM GAS  C:\Users\HUAV\AppData\Local\Temp\cc9W7lB3.s 			page 95


DEFINED SYMBOLS
                            *ABS*:00000000 Srv_IMUSample.c
C:\Users\HUAV\AppData\Local\Temp\cc9W7lB3.s:20     .text.SrvIMU_PriIMU_CS_Ctl:00000000 $t
C:\Users\HUAV\AppData\Local\Temp\cc9W7lB3.s:25     .text.SrvIMU_PriIMU_CS_Ctl:00000000 SrvIMU_PriIMU_CS_Ctl
C:\Users\HUAV\AppData\Local\Temp\cc9W7lB3.s:56     .text.SrvIMU_PriIMU_CS_Ctl:00000010 $d
C:\Users\HUAV\AppData\Local\Temp\cc9W7lB3.s:62     .text.SrvIMU_PriIMU_BusTrans_Rec:00000000 $t
C:\Users\HUAV\AppData\Local\Temp\cc9W7lB3.s:67     .text.SrvIMU_PriIMU_BusTrans_Rec:00000000 SrvIMU_PriIMU_BusTrans_Rec
C:\Users\HUAV\AppData\Local\Temp\cc9W7lB3.s:114    .text.SrvIMU_PriIMU_BusTrans_Rec:00000024 $d
C:\Users\HUAV\AppData\Local\Temp\cc9W7lB3.s:120    .text.SrvIMU_DataCheck:00000000 $t
C:\Users\HUAV\AppData\Local\Temp\cc9W7lB3.s:125    .text.SrvIMU_DataCheck:00000000 SrvIMU_DataCheck
C:\Users\HUAV\AppData\Local\Temp\cc9W7lB3.s:347    .text.SrvIMU_DataCheck:00000138 $d
C:\Users\HUAV\AppData\Local\Temp\cc9W7lB3.s:353    .text.SrvIMU_Calib_GyroZeroOffset:00000000 $t
C:\Users\HUAV\AppData\Local\Temp\cc9W7lB3.s:358    .text.SrvIMU_Calib_GyroZeroOffset:00000000 SrvIMU_Calib_GyroZeroOffset
C:\Users\HUAV\AppData\Local\Temp\cc9W7lB3.s:702    .text.SrvIMU_Calib_GyroZeroOffset:000001e4 $d
C:\Users\HUAV\AppData\Local\Temp\cc9W7lB3.s:707    .text.SrvIMU_Get_Range:00000000 $t
C:\Users\HUAV\AppData\Local\Temp\cc9W7lB3.s:712    .text.SrvIMU_Get_Range:00000000 SrvIMU_Get_Range
C:\Users\HUAV\AppData\Local\Temp\cc9W7lB3.s:763    .text.SrvIMU_Get_Range:00000024 $d
C:\Users\HUAV\AppData\Local\Temp\cc9W7lB3.s:769    .text.SrvIMU_Get_ModuleType:00000000 $t
C:\Users\HUAV\AppData\Local\Temp\cc9W7lB3.s:774    .text.SrvIMU_Get_ModuleType:00000000 SrvIMU_Get_ModuleType
C:\Users\HUAV\AppData\Local\Temp\cc9W7lB3.s:826    .text.SrvIMU_Get_ModuleType:00000024 $d
C:\Users\HUAV\AppData\Local\Temp\cc9W7lB3.s:831    .text.SrvIMU_Get_MaxAngularSpeed_Diff:00000000 $t
C:\Users\HUAV\AppData\Local\Temp\cc9W7lB3.s:836    .text.SrvIMU_Get_MaxAngularSpeed_Diff:00000000 SrvIMU_Get_MaxAngularSpeed_Diff
C:\Users\HUAV\AppData\Local\Temp\cc9W7lB3.s:933    .text.SrvIMU_Get_MaxAngularSpeed_Diff:0000007c $d
C:\Users\HUAV\AppData\Local\Temp\cc9W7lB3.s:947    .text.SrvIMU_Detect_AngularOverSpeed:00000000 $t
C:\Users\HUAV\AppData\Local\Temp\cc9W7lB3.s:952    .text.SrvIMU_Detect_AngularOverSpeed:00000000 SrvIMU_Detect_AngularOverSpeed
C:\Users\HUAV\AppData\Local\Temp\cc9W7lB3.s:1021   .text.SrvIMU_Detect_AngularOverSpeed:0000004c $d
C:\Users\HUAV\AppData\Local\Temp\cc9W7lB3.s:1026   .text.SrvIMU_ErrorProc:00000000 $t
C:\Users\HUAV\AppData\Local\Temp\cc9W7lB3.s:1031   .text.SrvIMU_ErrorProc:00000000 SrvIMU_ErrorProc
C:\Users\HUAV\AppData\Local\Temp\cc9W7lB3.s:1056   .text.SrvIMU_ErrorProc:00000010 $d
C:\Users\HUAV\AppData\Local\Temp\cc9W7lB3.s:1062   .text.SrvIMU_AutoDetect:00000000 $t
C:\Users\HUAV\AppData\Local\Temp\cc9W7lB3.s:1067   .text.SrvIMU_AutoDetect:00000000 SrvIMU_AutoDetect
C:\Users\HUAV\AppData\Local\Temp\cc9W7lB3.s:1153   .text.SrvIMU_AutoDetect:0000004c $d
C:\Users\HUAV\AppData\Local\Temp\cc9W7lB3.s:1161   .text.SrvIMU_PriIMU_Init:00000000 $t
C:\Users\HUAV\AppData\Local\Temp\cc9W7lB3.s:1166   .text.SrvIMU_PriIMU_Init:00000000 SrvIMU_PriIMU_Init
C:\Users\HUAV\AppData\Local\Temp\cc9W7lB3.s:1247   .text.SrvIMU_PriIMU_Init:00000076 $d
C:\Users\HUAV\AppData\Local\Temp\cc9W7lB3.s:1251   .text.SrvIMU_PriIMU_Init:0000007a $t
C:\Users\HUAV\AppData\Local\Temp\cc9W7lB3.s:1637   .text.SrvIMU_PriIMU_Init:0000021c $d
C:\Users\HUAV\AppData\Local\Temp\cc9W7lB3.s:1761   .text.SrvIMU_PriIMU_ExtiCallback:00000000 SrvIMU_PriIMU_ExtiCallback
C:\Users\HUAV\AppData\Local\Temp\cc9W7lB3.s:1660   .rodata.SrvIMU_GetSensorType_Str.str1.4:00000000 $d
C:\Users\HUAV\AppData\Local\Temp\cc9W7lB3.s:1676   .text.SrvIMU_GetSensorType_Str:00000000 $t
C:\Users\HUAV\AppData\Local\Temp\cc9W7lB3.s:1681   .text.SrvIMU_GetSensorType_Str:00000000 SrvIMU_GetSensorType_Str
C:\Users\HUAV\AppData\Local\Temp\cc9W7lB3.s:1694   .text.SrvIMU_GetSensorType_Str:00000008 $d
C:\Users\HUAV\AppData\Local\Temp\cc9W7lB3.s:1747   .text.SrvIMU_GetSensorType_Str:00000028 $d
C:\Users\HUAV\AppData\Local\Temp\cc9W7lB3.s:1756   .text.SrvIMU_PriIMU_ExtiCallback:00000000 $t
C:\Users\HUAV\AppData\Local\Temp\cc9W7lB3.s:1793   .text.SrvIMU_PriIMU_ExtiCallback:00000018 $d
C:\Users\HUAV\AppData\Local\Temp\cc9W7lB3.s:1799   .rodata.SrvIMU_PriDev_Filter_InitError.str1.4:00000000 $d
C:\Users\HUAV\AppData\Local\Temp\cc9W7lB3.s:1803   .text.SrvIMU_PriDev_Filter_InitError:00000000 $t
C:\Users\HUAV\AppData\Local\Temp\cc9W7lB3.s:1808   .text.SrvIMU_PriDev_Filter_InitError:00000000 SrvIMU_PriDev_Filter_InitError
C:\Users\HUAV\AppData\Local\Temp\cc9W7lB3.s:1836   .text.SrvIMU_PriDev_Filter_InitError:0000000c $d
C:\Users\HUAV\AppData\Local\Temp\cc9W7lB3.s:1842   .rodata.SrvIMU_SecDev_Filter_InitError.str1.4:00000000 $d
C:\Users\HUAV\AppData\Local\Temp\cc9W7lB3.s:1846   .text.SrvIMU_SecDev_Filter_InitError:00000000 $t
C:\Users\HUAV\AppData\Local\Temp\cc9W7lB3.s:1851   .text.SrvIMU_SecDev_Filter_InitError:00000000 SrvIMU_SecDev_Filter_InitError
C:\Users\HUAV\AppData\Local\Temp\cc9W7lB3.s:1879   .text.SrvIMU_SecDev_Filter_InitError:0000000c $d
C:\Users\HUAV\AppData\Local\Temp\cc9W7lB3.s:1885   .rodata.SrvIMU_Dev_InitError.str1.4:00000000 $d
C:\Users\HUAV\AppData\Local\Temp\cc9W7lB3.s:1910   .text.SrvIMU_Dev_InitError:00000000 $t
C:\Users\HUAV\AppData\Local\Temp\cc9W7lB3.s:1915   .text.SrvIMU_Dev_InitError:00000000 SrvIMU_Dev_InitError
C:\Users\HUAV\AppData\Local\Temp\cc9W7lB3.s:2076   .text.SrvIMU_Dev_InitError:00000094 $d
ARM GAS  C:\Users\HUAV\AppData\Local\Temp\cc9W7lB3.s 			page 96


C:\Users\HUAV\AppData\Local\Temp\cc9W7lB3.s:2089   .text.SrvIMU_AllModule_InitError:00000000 $t
C:\Users\HUAV\AppData\Local\Temp\cc9W7lB3.s:2094   .text.SrvIMU_AllModule_InitError:00000000 SrvIMU_AllModule_InitError
C:\Users\HUAV\AppData\Local\Temp\cc9W7lB3.s:2121   .rodata.SrvIMU_Init.str1.4:00000000 $d
C:\Users\HUAV\AppData\Local\Temp\cc9W7lB3.s:2125   .text.SrvIMU_Init:00000000 $t
C:\Users\HUAV\AppData\Local\Temp\cc9W7lB3.s:2130   .text.SrvIMU_Init:00000000 SrvIMU_Init
C:\Users\HUAV\AppData\Local\Temp\cc9W7lB3.s:2404   .text.SrvIMU_Init:00000114 $d
C:\Users\HUAV\AppData\Local\Temp\cc9W7lB3.s:2422   .text.SrvIMU_Get_Data:00000000 $t
C:\Users\HUAV\AppData\Local\Temp\cc9W7lB3.s:2427   .text.SrvIMU_Get_Data:00000000 SrvIMU_Get_Data
C:\Users\HUAV\AppData\Local\Temp\cc9W7lB3.s:2537   .text.SrvIMU_Get_Data:00000068 $d
C:\Users\HUAV\AppData\Local\Temp\cc9W7lB3.s:2545   .text.SrvIMU_Sample:00000000 $t
C:\Users\HUAV\AppData\Local\Temp\cc9W7lB3.s:2550   .text.SrvIMU_Sample:00000000 SrvIMU_Sample
C:\Users\HUAV\AppData\Local\Temp\cc9W7lB3.s:2969   .text.SrvIMU_Sample:00000238 $d
C:\Users\HUAV\AppData\Local\Temp\cc9W7lB3.s:3170   .data.SrvIMU:00000000 SrvIMU
C:\Users\HUAV\AppData\Local\Temp\cc9W7lB3.s:2988   .rodata.str1.4:00000000 $d
C:\Users\HUAV\AppData\Local\Temp\cc9W7lB3.s:3028   .rodata:00000000 $d
C:\Users\HUAV\AppData\Local\Temp\cc9W7lB3.s:3041   .bss.ICM20602Obj:00000000 $d
C:\Users\HUAV\AppData\Local\Temp\cc9W7lB3.s:3045   .bss.ICM20602Obj:00000000 ICM20602Obj
C:\Users\HUAV\AppData\Local\Temp\cc9W7lB3.s:3048   .bss.ICM42605Obj:00000000 $d
C:\Users\HUAV\AppData\Local\Temp\cc9W7lB3.s:3052   .bss.ICM42605Obj:00000000 ICM42605Obj
C:\Users\HUAV\AppData\Local\Temp\cc9W7lB3.s:3055   .bss.ICM42688PObj:00000000 $d
C:\Users\HUAV\AppData\Local\Temp\cc9W7lB3.s:3059   .bss.ICM42688PObj:00000000 ICM42688PObj
C:\Users\HUAV\AppData\Local\Temp\cc9W7lB3.s:3062   .bss.IMU_Data:00000000 $d
C:\Users\HUAV\AppData\Local\Temp\cc9W7lB3.s:3066   .bss.IMU_Data:00000000 IMU_Data
C:\Users\HUAV\AppData\Local\Temp\cc9W7lB3.s:3069   .bss.IMU_Data_Lst:00000000 $d
C:\Users\HUAV\AppData\Local\Temp\cc9W7lB3.s:3073   .bss.IMU_Data_Lst:00000000 IMU_Data_Lst
C:\Users\HUAV\AppData\Local\Temp\cc9W7lB3.s:3076   .bss.InUse_PriIMU_Obj:00000000 $d
C:\Users\HUAV\AppData\Local\Temp\cc9W7lB3.s:3080   .bss.InUse_PriIMU_Obj:00000000 InUse_PriIMU_Obj
C:\Users\HUAV\AppData\Local\Temp\cc9W7lB3.s:3083   .bss.MPU6000Obj:00000000 $d
C:\Users\HUAV\AppData\Local\Temp\cc9W7lB3.s:3087   .bss.MPU6000Obj:00000000 MPU6000Obj
C:\Users\HUAV\AppData\Local\Temp\cc9W7lB3.s:3090   .bss.PriGyro_Calib_Monitor:00000000 $d
C:\Users\HUAV\AppData\Local\Temp\cc9W7lB3.s:3094   .bss.PriGyro_Calib_Monitor:00000000 PriGyro_Calib_Monitor
C:\Users\HUAV\AppData\Local\Temp\cc9W7lB3.s:3097   .bss.PriIMU_Acc_LPF_Handle:00000000 $d
C:\Users\HUAV\AppData\Local\Temp\cc9W7lB3.s:3101   .bss.PriIMU_Acc_LPF_Handle:00000000 PriIMU_Acc_LPF_Handle
C:\Users\HUAV\AppData\Local\Temp\cc9W7lB3.s:3104   .bss.PriIMU_Bus_Instance:00000000 $d
C:\Users\HUAV\AppData\Local\Temp\cc9W7lB3.s:3108   .bss.PriIMU_Bus_Instance:00000000 PriIMU_Bus_Instance
C:\Users\HUAV\AppData\Local\Temp\cc9W7lB3.s:3111   .bss.PriIMU_Data:00000000 $d
C:\Users\HUAV\AppData\Local\Temp\cc9W7lB3.s:3115   .bss.PriIMU_Data:00000000 PriIMU_Data
C:\Users\HUAV\AppData\Local\Temp\cc9W7lB3.s:3118   .bss.PriIMU_Data_Lst:00000000 $d
C:\Users\HUAV\AppData\Local\Temp\cc9W7lB3.s:3122   .bss.PriIMU_Data_Lst:00000000 PriIMU_Data_Lst
C:\Users\HUAV\AppData\Local\Temp\cc9W7lB3.s:3125   .bss.PriIMU_Gyr_LPF_Handle:00000000 $d
C:\Users\HUAV\AppData\Local\Temp\cc9W7lB3.s:3129   .bss.PriIMU_Gyr_LPF_Handle:00000000 PriIMU_Gyr_LPF_Handle
C:\Users\HUAV\AppData\Local\Temp\cc9W7lB3.s:3132   .bss.PriSample_Rt_Lst.0:00000000 $d
C:\Users\HUAV\AppData\Local\Temp\cc9W7lB3.s:3136   .bss.PriSample_Rt_Lst.0:00000000 PriSample_Rt_Lst.0
C:\Users\HUAV\AppData\Local\Temp\cc9W7lB3.s:3139   .bss.SrvIMU_Reupdate_Statistics_CNT:00000000 $d
C:\Users\HUAV\AppData\Local\Temp\cc9W7lB3.s:3143   .bss.SrvIMU_Reupdate_Statistics_CNT:00000000 SrvIMU_Reupdate_Statistics_CNT
C:\Users\HUAV\AppData\Local\Temp\cc9W7lB3.s:3146   .bss.SrvMPU_Error_Handle:00000000 $d
C:\Users\HUAV\AppData\Local\Temp\cc9W7lB3.s:3150   .bss.SrvMPU_Error_Handle:00000000 SrvMPU_Error_Handle
C:\Users\HUAV\AppData\Local\Temp\cc9W7lB3.s:3153   .bss.SrvMpu_Init_Reg:00000000 $d
C:\Users\HUAV\AppData\Local\Temp\cc9W7lB3.s:3157   .bss.SrvMpu_Init_Reg:00000000 SrvMpu_Init_Reg
C:\Users\HUAV\AppData\Local\Temp\cc9W7lB3.s:3160   .bss.SrvMpu_Update_Reg:00000000 $d
C:\Users\HUAV\AppData\Local\Temp\cc9W7lB3.s:3164   .bss.SrvMpu_Update_Reg:00000000 SrvMpu_Update_Reg
C:\Users\HUAV\AppData\Local\Temp\cc9W7lB3.s:3167   .data.SrvIMU:00000000 $d
C:\Users\HUAV\AppData\Local\Temp\cc9W7lB3.s:3179   .data.SrvIMU_ErrorList:00000000 $d
C:\Users\HUAV\AppData\Local\Temp\cc9W7lB3.s:3183   .data.SrvIMU_ErrorList:00000000 SrvIMU_ErrorList
C:\Users\HUAV\AppData\Local\Temp\cc9W7lB3.s:1699   .text.SrvIMU_GetSensorType_Str:0000000d $d
C:\Users\HUAV\AppData\Local\Temp\cc9W7lB3.s:1699   .text.SrvIMU_GetSensorType_Str:0000000e $t

ARM GAS  C:\Users\HUAV\AppData\Local\Temp\cc9W7lB3.s 			page 97


UNDEFINED SYMBOLS
BspGPIO
PriIMU_CSPin
BspSPI
DevMPU6000
DevICM20602
__aeabi_f2d
__aeabi_ddiv
__aeabi_dmul
__aeabi_d2uiz
ErrorLog
SrvOsCommon
DevICM426xx
PriIMU_INTPin
PriIMU_BusCfg
PriIMU_BusPin
memset
Butterworth
memcpy
PriIMU_Dir_Tune
BTF_E_3O_50Hz_1K
BTF_U_3O_50Hz_1K
BTF_E_2O_50Hz_1K
BTF_U_2O_50Hz_1K
