ARM GAS  C:\Users\HUAV\AppData\Local\Temp\ccU1Knae.s 			page 1


   1              		.cpu cortex-m7
   2              		.arch armv7e-m
   3              		.fpu fpv5-d16
   4              		.eabi_attribute 28, 1
   5              		.eabi_attribute 20, 1
   6              		.eabi_attribute 21, 1
   7              		.eabi_attribute 23, 3
   8              		.eabi_attribute 24, 1
   9              		.eabi_attribute 25, 1
  10              		.eabi_attribute 26, 1
  11              		.eabi_attribute 30, 1
  12              		.eabi_attribute 34, 1
  13              		.eabi_attribute 18, 4
  14              		.file	"Task_Control.c"
  15              		.text
  16              	.Ltext0:
  17              		.cfi_sections	.debug_frame
  18              		.section	.text.TaskControl_disarm_check,"ax",%progbits
  19              		.align	1
  20              		.syntax unified
  21              		.thumb
  22              		.thumb_func
  24              	TaskControl_disarm_check:
  25              	.LVL0:
  26              	.LFB2277:
  27              		.file 1 "Task/Task_Control.c"
   1:Task/Task_Control.c **** /*
   2:Task/Task_Control.c ****  *  Auther : 8_B!T0
   3:Task/Task_Control.c ****  *  this file use for moto & servo control
   4:Task/Task_Control.c ****  *  (but currently none servo)
   5:Task/Task_Control.c ****  */
   6:Task/Task_Control.c **** #include "Task_Control.h"
   7:Task/Task_Control.c **** #include "Srv_OsCommon.h"
   8:Task/Task_Control.c **** #include "Task_Telemetry.h"
   9:Task/Task_Control.c **** #include "Srv_DataHub.h"
  10:Task/Task_Control.c **** #include "Srv_Actuator.h"
  11:Task/Task_Control.c **** #include "shell_port.h"
  12:Task/Task_Control.c **** 
  13:Task/Task_Control.c **** #define CONTROL_STORAGE_SECTION_NAME "Control_Para"
  14:Task/Task_Control.c **** 
  15:Task/Task_Control.c **** #define DEFAULT_ATTITUDE_CONTROLLER_MODE CtlM_PID
  16:Task/Task_Control.c **** #define DEFAULT_ALTITUDE_CONTROLLER_MODE CtlM_PID
  17:Task/Task_Control.c **** 
  18:Task/Task_Control.c **** #define DEFAULT_CONTROL_RATE        1.0f
  19:Task/Task_Control.c **** 
  20:Task/Task_Control.c **** #define ATTITUDE_DISARM_RANGE_MAX   10.0f
  21:Task/Task_Control.c **** #define ATTITUDE_DISARM_RANGE_MIN   -10.0f
  22:Task/Task_Control.c **** 
  23:Task/Task_Control.c **** #define THROTTLE_CHANGE_RATE        50   /* unit value per ms */
  24:Task/Task_Control.c **** 
  25:Task/Task_Control.c **** #define DEFAULT_CONTROL_ATT_RANGE   25.0f
  26:Task/Task_Control.c **** #define DEFAULT_CONTROL_GYR_RANGE   500.0f
  27:Task/Task_Control.c **** 
  28:Task/Task_Control.c **** #define MAX_CONTROL_RATE            1.5f
  29:Task/Task_Control.c **** #define MIN_CONTROL_RATE            0.5f
  30:Task/Task_Control.c **** #define MAX_CONTROL_ATT_RANGE       45.0f
  31:Task/Task_Control.c **** #define MIN_CONTROL_ATT_RANGE       15.0f
ARM GAS  C:\Users\HUAV\AppData\Local\Temp\ccU1Knae.s 			page 2


  32:Task/Task_Control.c **** #define MAX_CONTROL_GYR_RANGE       800.0f
  33:Task/Task_Control.c **** #define MIN_CONTROL_GYR_RANGE       200.0f
  34:Task/Task_Control.c **** 
  35:Task/Task_Control.c **** #define Check_Control_Rate(x)       ((x > MAX_CONTROL_RATE) ? MAX_CONTROL_RATE : ((x < MIN_CONTROL_
  36:Task/Task_Control.c **** #define Check_AttControl_Range(x)   ((x > MAX_CONTROL_ATT_RANGE) ? MAX_CONTROL_ATT_RANGE : ((x < MI
  37:Task/Task_Control.c **** #define Check_GyrControl_Range(x)   ((x > MAX_CONTROL_GYR_RANGE) ? MAX_CONTROL_GYR_RANGE : ((x < MI
  38:Task/Task_Control.c **** 
  39:Task/Task_Control.c **** static uint32_t imu_update_time = 0;
  40:Task/Task_Control.c **** static uint32_t att_update_time = 0;
  41:Task/Task_Control.c **** static uint8_t imu_err_code;
  42:Task/Task_Control.c **** static bool failsafe = false;
  43:Task/Task_Control.c **** static bool imu_init_state = false;
  44:Task/Task_Control.c **** static bool att_update = false;
  45:Task/Task_Control.c **** 
  46:Task/Task_Control.c **** DataPipe_CreateDataObj(ExpControlData_TypeDef, ExpCtl);
  47:Task/Task_Control.c **** 
  48:Task/Task_Control.c **** TaskControl_Monitor_TypeDef TaskControl_Monitor = {
  49:Task/Task_Control.c ****     .init_state = false,
  50:Task/Task_Control.c ****     .control_abort = false,
  51:Task/Task_Control.c **** 
  52:Task/Task_Control.c ****     /* on test mode use angular_speed over rate threshold protect */
  53:Task/Task_Control.c ****     .angular_protect_enable = true,
  54:Task/Task_Control.c ****     .angular_protect = false,
  55:Task/Task_Control.c **** 
  56:Task/Task_Control.c ****     /* on test mode for throttle control value mutation protect */
  57:Task/Task_Control.c ****     .throttle_protect_enable = true,
  58:Task/Task_Control.c ****     .throttle_protect = false,
  59:Task/Task_Control.c ****     .throttle_percent = 0,
  60:Task/Task_Control.c **** 
  61:Task/Task_Control.c ****     .dynamic_disarm_enable = false,
  62:Task/Task_Control.c ****     .IMU_Rt = 0,
  63:Task/Task_Control.c **** };
  64:Task/Task_Control.c **** 
  65:Task/Task_Control.c **** /* internal function */
  66:Task/Task_Control.c **** static void TaskControl_FlightControl_Polling(ControlData_TypeDef *exp_ctl_val, uint32_t sys_ms);
  67:Task/Task_Control.c **** static void TaskControl_Actuator_ControlValue_Update(uint16_t throttle, float GX_Ctl_Out, float GY_
  68:Task/Task_Control.c **** static void TaskControl_CLI_Polling(void);
  69:Task/Task_Control.c **** static void TaskControl_Get_StoreParam(void);
  70:Task/Task_Control.c **** 
  71:Task/Task_Control.c **** /* internal var */
  72:Task/Task_Control.c **** static uint32_t TaskControl_Period = 0;
  73:Task/Task_Control.c **** 
  74:Task/Task_Control.c **** void TaskControl_Init(uint32_t period)
  75:Task/Task_Control.c **** {
  76:Task/Task_Control.c ****     if (period == 0)
  77:Task/Task_Control.c ****         return;
  78:Task/Task_Control.c **** 
  79:Task/Task_Control.c ****     /* init monitor */
  80:Task/Task_Control.c ****     memset(&TaskControl_Monitor, 0, sizeof(TaskControl_Monitor));
  81:Task/Task_Control.c ****     SrvDataHub.get_imu_init_state(&imu_init_state);
  82:Task/Task_Control.c **** 
  83:Task/Task_Control.c ****     /* pipe init */
  84:Task/Task_Control.c ****     CtlData_smp_DataPipe.data_addr = (uint32_t)DataPipe_DataObjAddr(ExpCtl);
  85:Task/Task_Control.c ****     CtlData_smp_DataPipe.data_size = DataPipe_DataSize(ExpCtl);
  86:Task/Task_Control.c ****     DataPipe_Enable(&CtlData_smp_DataPipe);
  87:Task/Task_Control.c ****     
  88:Task/Task_Control.c ****     /* Parametet Init */
ARM GAS  C:\Users\HUAV\AppData\Local\Temp\ccU1Knae.s 			page 3


  89:Task/Task_Control.c ****     TaskControl_Get_StoreParam();
  90:Task/Task_Control.c ****     TaskControl_Monitor.init_state = SrvActuator.init(TaskControl_Monitor.actuator_param, period);
  91:Task/Task_Control.c **** 
  92:Task/Task_Control.c ****     osMessageQDef(MotoCLI_Data, 64, TaskControl_CLIData_TypeDef);
  93:Task/Task_Control.c ****     TaskControl_Monitor.CLIMessage_ID = osMessageCreate(osMessageQ(MotoCLI_Data), NULL);
  94:Task/Task_Control.c ****     
  95:Task/Task_Control.c ****     TaskControl_Period = period;
  96:Task/Task_Control.c **** }
  97:Task/Task_Control.c **** 
  98:Task/Task_Control.c **** /* read param from storage */
  99:Task/Task_Control.c **** static void TaskControl_Get_StoreParam(void)
 100:Task/Task_Control.c **** {
 101:Task/Task_Control.c ****     SrvActuator_Setting_TypeDef Actuator_Param;
 102:Task/Task_Control.c ****     TaskControl_CtlPara_TypeDef Ctl_Param;
 103:Task/Task_Control.c **** 
 104:Task/Task_Control.c ****     /* search storage section first */
 105:Task/Task_Control.c ****     memset(&Ctl_Param, 0, sizeof(TaskControl_CtlPara_TypeDef));
 106:Task/Task_Control.c ****     memset(&Actuator_Param, 0, sizeof(SrvActuator_Setting_TypeDef));
 107:Task/Task_Control.c ****     memset(&TaskControl_Monitor.controller_info, 0, sizeof(Storage_ItemSearchOut_TypeDef));
 108:Task/Task_Control.c ****     memset(&TaskControl_Monitor.actuator_store_info, 0, sizeof(Storage_ItemSearchOut_TypeDef));
 109:Task/Task_Control.c **** 
 110:Task/Task_Control.c ****     TaskControl_Monitor.controller_info = Storage.search(Para_User, CONTROL_STORAGE_SECTION_NAME);
 111:Task/Task_Control.c ****     TaskControl_Monitor.actuator_store_info = Storage.search(Para_User, ACTUATOR_STORAGE_SECTION_NA
 112:Task/Task_Control.c **** 
 113:Task/Task_Control.c ****     /* set Ctl Parameter as default */
 114:Task/Task_Control.c ****     Ctl_Param.att_mode = DEFAULT_ATTITUDE_CONTROLLER_MODE;
 115:Task/Task_Control.c ****     Ctl_Param.alt_mode = DEFAULT_ATTITUDE_CONTROLLER_MODE;
 116:Task/Task_Control.c ****     Ctl_Param.att_rate = DEFAULT_CONTROL_RATE;
 117:Task/Task_Control.c ****     Ctl_Param.gx_rate = DEFAULT_CONTROL_RATE;
 118:Task/Task_Control.c ****     Ctl_Param.gy_rate = DEFAULT_CONTROL_RATE;
 119:Task/Task_Control.c ****     Ctl_Param.gz_rate = DEFAULT_CONTROL_RATE;
 120:Task/Task_Control.c ****     Ctl_Param.pitch_range = DEFAULT_CONTROL_ATT_RANGE;
 121:Task/Task_Control.c ****     Ctl_Param.roll_range = DEFAULT_CONTROL_ATT_RANGE;
 122:Task/Task_Control.c ****     Ctl_Param.gx_range = DEFAULT_CONTROL_GYR_RANGE;
 123:Task/Task_Control.c ****     Ctl_Param.gy_range = DEFAULT_CONTROL_GYR_RANGE;
 124:Task/Task_Control.c ****     Ctl_Param.gz_range = DEFAULT_CONTROL_GYR_RANGE;
 125:Task/Task_Control.c ****     memcpy(&TaskControl_Monitor.ctl_para, &Ctl_Param, sizeof(TaskControl_CtlPara_TypeDef));
 126:Task/Task_Control.c **** 
 127:Task/Task_Control.c ****     if (TaskControl_Monitor.controller_info.item_addr == 0)
 128:Task/Task_Control.c ****     {
 129:Task/Task_Control.c ****         /* section create */
 130:Task/Task_Control.c ****         Storage.create(Para_User, CONTROL_STORAGE_SECTION_NAME, (uint8_t *)&Ctl_Param, sizeof(TaskC
 131:Task/Task_Control.c ****     }
 132:Task/Task_Control.c ****     else if (Storage.get(Para_User, TaskControl_Monitor.controller_info.item, (uint8_t *)&Ctl_Param
 133:Task/Task_Control.c ****     {
 134:Task/Task_Control.c ****         /* check rate parameter validation */
 135:Task/Task_Control.c ****         Ctl_Param.att_rate = Check_Control_Rate(Ctl_Param.att_rate);
 136:Task/Task_Control.c ****         Ctl_Param.gx_rate = Check_Control_Rate(Ctl_Param.gx_rate);
 137:Task/Task_Control.c ****         Ctl_Param.gy_rate = Check_Control_Rate(Ctl_Param.gy_rate);
 138:Task/Task_Control.c ****         Ctl_Param.gz_rate = Check_Control_Rate(Ctl_Param.gz_rate);
 139:Task/Task_Control.c **** 
 140:Task/Task_Control.c ****         /* check range parameter validation */
 141:Task/Task_Control.c ****         Ctl_Param.pitch_range = Check_AttControl_Range(Ctl_Param.pitch_range);
 142:Task/Task_Control.c ****         Ctl_Param.roll_range = Check_AttControl_Range(Ctl_Param.roll_range);
 143:Task/Task_Control.c ****         Ctl_Param.gx_range = Check_GyrControl_Range(Ctl_Param.gx_range);
 144:Task/Task_Control.c ****         Ctl_Param.gy_range = Check_GyrControl_Range(Ctl_Param.gy_range);
 145:Task/Task_Control.c ****         Ctl_Param.gz_range = Check_GyrControl_Range(Ctl_Param.gz_range);
ARM GAS  C:\Users\HUAV\AppData\Local\Temp\ccU1Knae.s 			page 4


 146:Task/Task_Control.c **** 
 147:Task/Task_Control.c ****         memcpy(&TaskControl_Monitor.ctl_para, &Ctl_Param, sizeof(TaskControl_CtlPara_TypeDef));
 148:Task/Task_Control.c ****     }
 149:Task/Task_Control.c ****     
 150:Task/Task_Control.c ****     /* controller load parameter from storage */
 151:Task/Task_Control.c ****     Controller.alt_ctl_init(TaskControl_Monitor.ctl_para.alt_mode);
 152:Task/Task_Control.c ****     Controller.att_ctl_init(TaskControl_Monitor.ctl_para.att_mode);
 153:Task/Task_Control.c **** 
 154:Task/Task_Control.c ****     /* get actuator parameter */
 155:Task/Task_Control.c ****     /* set as default */
 156:Task/Task_Control.c ****     TaskControl_Monitor.actuator_param = SrvActuator.default_param();
 157:Task/Task_Control.c ****     if (TaskControl_Monitor.actuator_store_info.item_addr == 0)
 158:Task/Task_Control.c ****     {
 159:Task/Task_Control.c ****         Storage.create(Para_User, ACTUATOR_STORAGE_SECTION_NAME, (uint8_t *)&TaskControl_Monitor.ac
 160:Task/Task_Control.c ****     }
 161:Task/Task_Control.c ****     else if (TaskControl_Monitor.actuator_store_info.item_addr && \
 162:Task/Task_Control.c ****              (Storage.get(Para_User, TaskControl_Monitor.actuator_store_info.item, (uint8_t *)&Actu
 163:Task/Task_Control.c ****         TaskControl_Monitor.actuator_param = Actuator_Param;
 164:Task/Task_Control.c **** }
 165:Task/Task_Control.c **** 
 166:Task/Task_Control.c **** static bool TaskControl_disarm_check(bool telemetry_arm, float pitch, float roll)
 167:Task/Task_Control.c **** {
  28              		.loc 1 167 1 view -0
  29              		.cfi_startproc
  30              		@ args = 0, pretend = 0, frame = 0
  31              		@ frame_needed = 0, uses_anonymous_args = 0
  32              		@ link register save eliminated.
 168:Task/Task_Control.c ****     if (telemetry_arm == DRONE_ARM)
  33              		.loc 1 168 5 view .LVU1
  34              		.loc 1 168 8 is_stmt 0 view .LVU2
  35 0000 58BB     		cbnz	r0, .L10
 169:Task/Task_Control.c ****     {
 170:Task/Task_Control.c ****         TaskControl_Monitor.moto_unlock = Moto_Lock;
 171:Task/Task_Control.c ****         return false;
 172:Task/Task_Control.c ****     }
 173:Task/Task_Control.c **** 
 174:Task/Task_Control.c ****     if (TaskControl_Monitor.dynamic_disarm_enable)
  36              		.loc 1 174 5 is_stmt 1 view .LVU3
  37              		.loc 1 174 28 is_stmt 0 view .LVU4
  38 0002 1E4B     		ldr	r3, .L12
  39 0004 93F81101 		ldrb	r0, [r3, #273]	@ zero_extendqisi2
  40              	.LVL1:
  41              		.loc 1 174 8 view .LVU5
  42 0008 60BB     		cbnz	r0, .L11
 175:Task/Task_Control.c ****     {
 176:Task/Task_Control.c ****         TaskControl_Monitor.moto_unlock = Moto_Unlock;
 177:Task/Task_Control.c ****         return true;
 178:Task/Task_Control.c ****     }
 179:Task/Task_Control.c **** 
 180:Task/Task_Control.c ****     if (TaskControl_Monitor.moto_unlock != Moto_Unlock)
  43              		.loc 1 180 5 is_stmt 1 view .LVU6
  44              		.loc 1 180 28 is_stmt 0 view .LVU7
  45 000a 1C4B     		ldr	r3, .L12
  46 000c 93F81231 		ldrb	r3, [r3, #274]	@ zero_extendqisi2
  47              		.loc 1 180 8 view .LVU8
  48 0010 012B     		cmp	r3, #1
  49 0012 30D0     		beq	.L8
ARM GAS  C:\Users\HUAV\AppData\Local\Temp\ccU1Knae.s 			page 5


 181:Task/Task_Control.c ****     {
 182:Task/Task_Control.c ****         if (TaskControl_Monitor.moto_unlock == Moto_Unlock_Err)
  50              		.loc 1 182 9 is_stmt 1 view .LVU9
  51              		.loc 1 182 12 is_stmt 0 view .LVU10
  52 0014 022B     		cmp	r3, #2
  53 0016 2FD0     		beq	.L3
 183:Task/Task_Control.c ****             return false;
 184:Task/Task_Control.c **** 
 185:Task/Task_Control.c ****         /* attitude pitch check */
 186:Task/Task_Control.c ****         if ((pitch > ATTITUDE_DISARM_RANGE_MAX) || \
  54              		.loc 1 186 9 is_stmt 1 view .LVU11
  55              		.loc 1 186 12 is_stmt 0 view .LVU12
  56 0018 F2EE047A 		vmov.f32	s15, #1.0e+1
  57 001c B4EEE70A 		vcmpe.f32	s0, s15
  58 0020 F1EE10FA 		vmrs	APSR_nzcv, FPSCR
  59 0024 14DC     		bgt	.L5
  60              		.loc 1 186 49 discriminator 1 view .LVU13
  61 0026 FAEE047A 		vmov.f32	s15, #-1.0e+1
  62 002a B4EEE70A 		vcmpe.f32	s0, s15
  63 002e F1EE10FA 		vmrs	APSR_nzcv, FPSCR
  64 0032 0DD4     		bmi	.L5
 187:Task/Task_Control.c ****             (pitch < ATTITUDE_DISARM_RANGE_MIN) || \
  65              		.loc 1 187 49 view .LVU14
  66 0034 F2EE047A 		vmov.f32	s15, #1.0e+1
  67 0038 F4EEE70A 		vcmpe.f32	s1, s15
  68 003c F1EE10FA 		vmrs	APSR_nzcv, FPSCR
  69 0040 06DC     		bgt	.L5
 188:Task/Task_Control.c ****             (roll > ATTITUDE_DISARM_RANGE_MAX) || \
  70              		.loc 1 188 48 view .LVU15
  71 0042 FAEE047A 		vmov.f32	s15, #-1.0e+1
  72 0046 F4EEE70A 		vcmpe.f32	s1, s15
  73 004a F1EE10FA 		vmrs	APSR_nzcv, FPSCR
  74 004e 0DD5     		bpl	.L9
  75              	.L5:
 189:Task/Task_Control.c ****             (roll < ATTITUDE_DISARM_RANGE_MIN))
 190:Task/Task_Control.c ****         {
 191:Task/Task_Control.c ****             TaskControl_Monitor.moto_unlock = Moto_Unlock_Err;
  76              		.loc 1 191 13 is_stmt 1 view .LVU16
  77              		.loc 1 191 45 is_stmt 0 view .LVU17
  78 0050 0A4B     		ldr	r3, .L12
  79 0052 0222     		movs	r2, #2
  80 0054 83F81221 		strb	r2, [r3, #274]
 192:Task/Task_Control.c ****             return false;
  81              		.loc 1 192 13 is_stmt 1 view .LVU18
  82              		.loc 1 192 20 is_stmt 0 view .LVU19
  83 0058 7047     		bx	lr
  84              	.LVL2:
  85              	.L10:
 170:Task/Task_Control.c ****         return false;
  86              		.loc 1 170 9 is_stmt 1 view .LVU20
 170:Task/Task_Control.c ****         return false;
  87              		.loc 1 170 41 is_stmt 0 view .LVU21
  88 005a 0020     		movs	r0, #0
  89              	.LVL3:
 170:Task/Task_Control.c ****         return false;
  90              		.loc 1 170 41 view .LVU22
  91 005c 074B     		ldr	r3, .L12
ARM GAS  C:\Users\HUAV\AppData\Local\Temp\ccU1Knae.s 			page 6


  92 005e 83F81201 		strb	r0, [r3, #274]
 171:Task/Task_Control.c ****     }
  93              		.loc 1 171 9 is_stmt 1 view .LVU23
 171:Task/Task_Control.c ****     }
  94              		.loc 1 171 16 is_stmt 0 view .LVU24
  95 0062 7047     		bx	lr
  96              	.L11:
 176:Task/Task_Control.c ****         return true;
  97              		.loc 1 176 9 is_stmt 1 view .LVU25
 176:Task/Task_Control.c ****         return true;
  98              		.loc 1 176 41 is_stmt 0 view .LVU26
  99 0064 0122     		movs	r2, #1
 100 0066 83F81221 		strb	r2, [r3, #274]
 177:Task/Task_Control.c ****     }
 101              		.loc 1 177 9 is_stmt 1 view .LVU27
 177:Task/Task_Control.c ****     }
 102              		.loc 1 177 16 is_stmt 0 view .LVU28
 103 006a 7047     		bx	lr
 104              	.L9:
 193:Task/Task_Control.c ****         }
 194:Task/Task_Control.c **** 
 195:Task/Task_Control.c ****         TaskControl_Monitor.moto_unlock = Moto_Unlock;
 105              		.loc 1 195 9 is_stmt 1 view .LVU29
 106              		.loc 1 195 41 is_stmt 0 view .LVU30
 107 006c 0120     		movs	r0, #1
 108 006e 034B     		ldr	r3, .L12
 109 0070 83F81201 		strb	r0, [r3, #274]
 196:Task/Task_Control.c ****         return true;
 110              		.loc 1 196 9 is_stmt 1 view .LVU31
 111              		.loc 1 196 16 is_stmt 0 view .LVU32
 112 0074 7047     		bx	lr
 113              	.L8:
 197:Task/Task_Control.c ****     }
 198:Task/Task_Control.c **** 
 199:Task/Task_Control.c ****     return true;
 114              		.loc 1 199 12 view .LVU33
 115 0076 0120     		movs	r0, #1
 116              	.L3:
 200:Task/Task_Control.c **** }
 117              		.loc 1 200 1 view .LVU34
 118 0078 7047     		bx	lr
 119              	.L13:
 120 007a 00BF     		.align	2
 121              	.L12:
 122 007c 00000000 		.word	.LANCHOR0
 123              		.cfi_endproc
 124              	.LFE2277:
 126              		.section	.text.TaskControl_Actuator_ControlValue_Update,"ax",%progbits
 127              		.align	1
 128              		.syntax unified
 129              		.thumb
 130              		.thumb_func
 132              	TaskControl_Actuator_ControlValue_Update:
 133              	.LVL4:
 134              	.LFB2279:
 201:Task/Task_Control.c **** 
 202:Task/Task_Control.c **** void TaskControl_Core(void const *arg)
ARM GAS  C:\Users\HUAV\AppData\Local\Temp\ccU1Knae.s 			page 7


 203:Task/Task_Control.c **** {
 204:Task/Task_Control.c ****     uint32_t sys_time = SrvOsCommon.get_os_ms();
 205:Task/Task_Control.c ****     uint32_t task_tick = 0;
 206:Task/Task_Control.c ****     bool upgrade_state = false;
 207:Task/Task_Control.c ****     ControlData_TypeDef CtlData;
 208:Task/Task_Control.c ****     memset(&CtlData, 0, sizeof(ControlData_TypeDef));
 209:Task/Task_Control.c **** 
 210:Task/Task_Control.c ****     while(1)
 211:Task/Task_Control.c ****     {
 212:Task/Task_Control.c ****         task_tick = SrvOsCommon.get_os_ms();
 213:Task/Task_Control.c **** 
 214:Task/Task_Control.c ****         /* get control data from data hub */
 215:Task/Task_Control.c ****         SrvDataHub.get_rc_control_data(&CtlData);
 216:Task/Task_Control.c **** 
 217:Task/Task_Control.c ****         if (SrvDataHub.get_upgrade_state(&upgrade_state) && upgrade_state)
 218:Task/Task_Control.c ****         {
 219:Task/Task_Control.c ****             /* lock all actuator when upgrading */
 220:Task/Task_Control.c ****             SrvActuator.lock();
 221:Task/Task_Control.c ****         }
 222:Task/Task_Control.c ****         else
 223:Task/Task_Control.c ****         {
 224:Task/Task_Control.c ****             if (!TaskControl_Monitor.CLI_enable)
 225:Task/Task_Control.c ****             {
 226:Task/Task_Control.c ****                 /* debug set control to angular speed control */
 227:Task/Task_Control.c ****                 TaskControl_FlightControl_Polling(&CtlData, task_tick);
 228:Task/Task_Control.c ****             }
 229:Task/Task_Control.c ****             else
 230:Task/Task_Control.c ****             {
 231:Task/Task_Control.c ****                 if(TaskControl_Monitor.CLI_enable)
 232:Task/Task_Control.c ****                 {
 233:Task/Task_Control.c ****                     TaskControl_CLI_Polling();
 234:Task/Task_Control.c ****                 }
 235:Task/Task_Control.c ****                 else
 236:Task/Task_Control.c ****                     /* lock all moto */
 237:Task/Task_Control.c ****                     SrvActuator.lock();
 238:Task/Task_Control.c ****             }
 239:Task/Task_Control.c ****         }
 240:Task/Task_Control.c **** 
 241:Task/Task_Control.c ****         SrvOsCommon.precise_delay(&sys_time, TaskControl_Period);
 242:Task/Task_Control.c ****     }
 243:Task/Task_Control.c **** }
 244:Task/Task_Control.c **** 
 245:Task/Task_Control.c **** static void TaskControl_Actuator_ControlValue_Update(uint16_t throttle, float GX_Ctl_Out, float GY_
 246:Task/Task_Control.c **** {
 135              		.loc 1 246 1 is_stmt 1 view -0
 136              		.cfi_startproc
 137              		@ args = 0, pretend = 0, frame = 8
 138              		@ frame_needed = 0, uses_anonymous_args = 0
 139              		.loc 1 246 1 is_stmt 0 view .LVU36
 140 0000 00B5     		push	{lr}
 141              	.LCFI0:
 142              		.cfi_def_cfa_offset 4
 143              		.cfi_offset 14, -4
 144 0002 83B0     		sub	sp, sp, #12
 145              	.LCFI1:
 146              		.cfi_def_cfa_offset 16
 247:Task/Task_Control.c ****     int16_t ctl_buf[Actuator_Ctl_Sum] = {0};
ARM GAS  C:\Users\HUAV\AppData\Local\Temp\ccU1Knae.s 			page 8


 147              		.loc 1 247 5 is_stmt 1 view .LVU37
 148              		.loc 1 247 13 is_stmt 0 view .LVU38
 149 0004 0023     		movs	r3, #0
 150 0006 0093     		str	r3, [sp]
 151 0008 0193     		str	r3, [sp, #4]
 248:Task/Task_Control.c **** 
 249:Task/Task_Control.c ****     ctl_buf[Actuator_Ctl_Throttle] = throttle;
 152              		.loc 1 249 5 is_stmt 1 view .LVU39
 153              		.loc 1 249 36 is_stmt 0 view .LVU40
 154 000a ADF80000 		strh	r0, [sp]	@ movhi
 250:Task/Task_Control.c **** 
 251:Task/Task_Control.c ****     ctl_buf[Actuator_Ctl_GyrX] = (int16_t)GX_Ctl_Out;
 155              		.loc 1 251 5 is_stmt 1 view .LVU41
 156              		.loc 1 251 34 is_stmt 0 view .LVU42
 157 000e BDEEC00A 		vcvt.s32.f32	s0, s0
 158              	.LVL5:
 159              		.loc 1 251 32 view .LVU43
 160 0012 10EE103A 		vmov	r3, s0	@ int
 161 0016 ADF80230 		strh	r3, [sp, #2]	@ movhi
 252:Task/Task_Control.c ****     ctl_buf[Actuator_Ctl_GyrY] = (int16_t)GY_Ctl_Out;
 162              		.loc 1 252 5 is_stmt 1 view .LVU44
 163              		.loc 1 252 34 is_stmt 0 view .LVU45
 164 001a FDEEE00A 		vcvt.s32.f32	s1, s1
 165              	.LVL6:
 166              		.loc 1 252 32 view .LVU46
 167 001e 10EE903A 		vmov	r3, s1	@ int
 168 0022 ADF80430 		strh	r3, [sp, #4]	@ movhi
 253:Task/Task_Control.c ****     ctl_buf[Actuator_Ctl_GyrZ] = (int16_t)GZ_Ctl_Out;
 169              		.loc 1 253 5 is_stmt 1 view .LVU47
 170              		.loc 1 253 34 is_stmt 0 view .LVU48
 171 0026 BDEEC11A 		vcvt.s32.f32	s2, s2
 172              	.LVL7:
 173              		.loc 1 253 32 view .LVU49
 174 002a 11EE103A 		vmov	r3, s2	@ int
 175 002e ADF80630 		strh	r3, [sp, #6]	@ movhi
 254:Task/Task_Control.c **** 
 255:Task/Task_Control.c ****     SrvActuator.moto_control(ctl_buf);
 176              		.loc 1 255 5 is_stmt 1 view .LVU50
 177              		.loc 1 255 16 is_stmt 0 view .LVU51
 178 0032 034B     		ldr	r3, .L16
 179 0034 1B69     		ldr	r3, [r3, #16]
 180              		.loc 1 255 5 view .LVU52
 181 0036 6846     		mov	r0, sp
 182              	.LVL8:
 183              		.loc 1 255 5 view .LVU53
 184 0038 9847     		blx	r3
 185              	.LVL9:
 256:Task/Task_Control.c **** }
 186              		.loc 1 256 1 view .LVU54
 187 003a 03B0     		add	sp, sp, #12
 188              	.LCFI2:
 189              		.cfi_def_cfa_offset 4
 190              		@ sp needed
 191 003c 5DF804FB 		ldr	pc, [sp], #4
 192              	.L17:
 193              		.align	2
 194              	.L16:
ARM GAS  C:\Users\HUAV\AppData\Local\Temp\ccU1Knae.s 			page 9


 195 0040 00000000 		.word	SrvActuator
 196              		.cfi_endproc
 197              	.LFE2279:
 199              		.section	.text.TaskControl_Convert_CtlData,"ax",%progbits
 200              		.align	1
 201              		.syntax unified
 202              		.thumb
 203              		.thumb_func
 205              	TaskControl_Convert_CtlData:
 206              	.LVL10:
 207              	.LFB2280:
 257:Task/Task_Control.c **** 
 258:Task/Task_Control.c **** /****************************************************** Flight Control Section ********************
 259:Task/Task_Control.c **** static float TaskControl_Convert_CtlData(uint8_t gimbal_percent, float range, float rate)
 260:Task/Task_Control.c **** {
 208              		.loc 1 260 1 is_stmt 1 view -0
 209              		.cfi_startproc
 210              		@ args = 0, pretend = 0, frame = 0
 211              		@ frame_needed = 0, uses_anonymous_args = 0
 212              		@ link register save eliminated.
 261:Task/Task_Control.c ****     float exp = 0.0f;
 213              		.loc 1 261 5 view .LVU56
 262:Task/Task_Control.c **** 
 263:Task/Task_Control.c ****     exp = (gimbal_percent - 50) / 50.0f;
 214              		.loc 1 263 5 view .LVU57
 215              		.loc 1 263 27 is_stmt 0 view .LVU58
 216 0000 3238     		subs	r0, r0, #50
 217              	.LVL11:
 218              		.loc 1 263 33 view .LVU59
 219 0002 07EE900A 		vmov	s15, r0	@ int
 220 0006 F8EEE77A 		vcvt.f32.s32	s15, s15
 221              		.loc 1 263 9 view .LVU60
 222 000a DFED046A 		vldr.32	s13, .L19
 223 000e 87EEA67A 		vdiv.f32	s14, s15, s13
 224              	.LVL12:
 264:Task/Task_Control.c ****     exp *= range;
 225              		.loc 1 264 5 is_stmt 1 view .LVU61
 226              		.loc 1 264 9 is_stmt 0 view .LVU62
 227 0012 27EE000A 		vmul.f32	s0, s14, s0
 228              	.LVL13:
 265:Task/Task_Control.c **** 
 266:Task/Task_Control.c ****     return exp * rate;
 229              		.loc 1 266 5 is_stmt 1 view .LVU63
 267:Task/Task_Control.c **** }
 230              		.loc 1 267 1 is_stmt 0 view .LVU64
 231 0016 20EE200A 		vmul.f32	s0, s0, s1
 232              	.LVL14:
 233              		.loc 1 267 1 view .LVU65
 234 001a 7047     		bx	lr
 235              	.L20:
 236              		.align	2
 237              	.L19:
 238 001c 00004842 		.word	1112014848
 239              		.cfi_endproc
 240              	.LFE2280:
 242              		.section	.rodata.TaskControl_Get_StoreParam.str1.4,"aMS",%progbits,1
 243              		.align	2
ARM GAS  C:\Users\HUAV\AppData\Local\Temp\ccU1Knae.s 			page 10


 244              	.LC1:
 245 0000 436F6E74 		.ascii	"Control_Para\000"
 245      726F6C5F 
 245      50617261 
 245      00
 246 000d 000000   		.align	2
 247              	.LC2:
 248 0010 41637475 		.ascii	"Actuator_Para\000"
 248      61746F72 
 248      5F506172 
 248      6100
 249              		.section	.text.TaskControl_Get_StoreParam,"ax",%progbits
 250              		.align	1
 251              		.syntax unified
 252              		.thumb
 253              		.thumb_func
 255              	TaskControl_Get_StoreParam:
 256              	.LFB2276:
 100:Task/Task_Control.c ****     SrvActuator_Setting_TypeDef Actuator_Param;
 257              		.loc 1 100 1 is_stmt 1 view -0
 258              		.cfi_startproc
 259              		@ args = 0, pretend = 0, frame = 128
 260              		@ frame_needed = 0, uses_anonymous_args = 0
 261 0000 2DE9F043 		push	{r4, r5, r6, r7, r8, r9, lr}
 262              	.LCFI3:
 263              		.cfi_def_cfa_offset 28
 264              		.cfi_offset 4, -28
 265              		.cfi_offset 5, -24
 266              		.cfi_offset 6, -20
 267              		.cfi_offset 7, -16
 268              		.cfi_offset 8, -12
 269              		.cfi_offset 9, -8
 270              		.cfi_offset 14, -4
 271 0004 B1B0     		sub	sp, sp, #196
 272              	.LCFI4:
 273              		.cfi_def_cfa_offset 224
 101:Task/Task_Control.c ****     TaskControl_CtlPara_TypeDef Ctl_Param;
 274              		.loc 1 101 5 view .LVU67
 102:Task/Task_Control.c **** 
 275              		.loc 1 102 5 view .LVU68
 105:Task/Task_Control.c ****     memset(&Actuator_Param, 0, sizeof(SrvActuator_Setting_TypeDef));
 276              		.loc 1 105 5 view .LVU69
 277 0006 2622     		movs	r2, #38
 278 0008 0021     		movs	r1, #0
 279 000a 23A8     		add	r0, sp, #140
 280 000c FFF7FEFF 		bl	memset
 281              	.LVL15:
 106:Task/Task_Control.c ****     memset(&TaskControl_Monitor.controller_info, 0, sizeof(Storage_ItemSearchOut_TypeDef));
 282              		.loc 1 106 5 view .LVU70
 283 0010 0024     		movs	r4, #0
 284 0012 2D94     		str	r4, [sp, #180]
 285 0014 2E94     		str	r4, [sp, #184]
 286 0016 2F94     		str	r4, [sp, #188]
 107:Task/Task_Control.c ****     memset(&TaskControl_Monitor.actuator_store_info, 0, sizeof(Storage_ItemSearchOut_TypeDef));
 287              		.loc 1 107 5 view .LVU71
 288 0018 C94D     		ldr	r5, .L64
 289 001a 05F10709 		add	r9, r5, #7
ARM GAS  C:\Users\HUAV\AppData\Local\Temp\ccU1Knae.s 			page 11


 290 001e 4526     		movs	r6, #69
 291 0020 3246     		mov	r2, r6
 292 0022 2146     		mov	r1, r4
 293 0024 4846     		mov	r0, r9
 294 0026 FFF7FEFF 		bl	memset
 295              	.LVL16:
 108:Task/Task_Control.c **** 
 296              		.loc 1 108 5 view .LVU72
 297 002a 05F17207 		add	r7, r5, #114
 298 002e 3246     		mov	r2, r6
 299 0030 2146     		mov	r1, r4
 300 0032 3846     		mov	r0, r7
 301 0034 FFF7FEFF 		bl	memset
 302              	.LVL17:
 110:Task/Task_Control.c ****     TaskControl_Monitor.actuator_store_info = Storage.search(Para_User, ACTUATOR_STORAGE_SECTION_NA
 303              		.loc 1 110 5 view .LVU73
 110:Task/Task_Control.c ****     TaskControl_Monitor.actuator_store_info = Storage.search(Para_User, ACTUATOR_STORAGE_SECTION_NA
 304              		.loc 1 110 50 is_stmt 0 view .LVU74
 305 0038 DFF82083 		ldr	r8, .L64+28
 306 003c D8F80430 		ldr	r3, [r8, #4]
 110:Task/Task_Control.c ****     TaskControl_Monitor.actuator_store_info = Storage.search(Para_User, ACTUATOR_STORAGE_SECTION_NA
 307              		.loc 1 110 43 view .LVU75
 308 0040 C04A     		ldr	r2, .L64+4
 309 0042 0221     		movs	r1, #2
 310 0044 10A8     		add	r0, sp, #64
 311 0046 9847     		blx	r3
 312              	.LVL18:
 313 0048 3246     		mov	r2, r6
 314 004a 10A9     		add	r1, sp, #64
 315 004c 4846     		mov	r0, r9
 316 004e FFF7FEFF 		bl	memcpy
 317              	.LVL19:
 111:Task/Task_Control.c **** 
 318              		.loc 1 111 5 is_stmt 1 view .LVU76
 111:Task/Task_Control.c **** 
 319              		.loc 1 111 54 is_stmt 0 view .LVU77
 320 0052 D8F80430 		ldr	r3, [r8, #4]
 111:Task/Task_Control.c **** 
 321              		.loc 1 111 47 view .LVU78
 322 0056 BC4A     		ldr	r2, .L64+8
 323 0058 0221     		movs	r1, #2
 324 005a 10A8     		add	r0, sp, #64
 325 005c 9847     		blx	r3
 326              	.LVL20:
 327 005e 3246     		mov	r2, r6
 328 0060 10A9     		add	r1, sp, #64
 329 0062 3846     		mov	r0, r7
 330 0064 FFF7FEFF 		bl	memcpy
 331              	.LVL21:
 114:Task/Task_Control.c ****     Ctl_Param.alt_mode = DEFAULT_ATTITUDE_CONTROLLER_MODE;
 332              		.loc 1 114 5 is_stmt 1 view .LVU79
 114:Task/Task_Control.c ****     Ctl_Param.alt_mode = DEFAULT_ATTITUDE_CONTROLLER_MODE;
 333              		.loc 1 114 24 is_stmt 0 view .LVU80
 334 0068 8DF88C40 		strb	r4, [sp, #140]
 115:Task/Task_Control.c ****     Ctl_Param.att_rate = DEFAULT_CONTROL_RATE;
 335              		.loc 1 115 5 is_stmt 1 view .LVU81
 115:Task/Task_Control.c ****     Ctl_Param.att_rate = DEFAULT_CONTROL_RATE;
ARM GAS  C:\Users\HUAV\AppData\Local\Temp\ccU1Knae.s 			page 12


 336              		.loc 1 115 24 is_stmt 0 view .LVU82
 337 006c 8DF88D40 		strb	r4, [sp, #141]
 116:Task/Task_Control.c ****     Ctl_Param.gx_rate = DEFAULT_CONTROL_RATE;
 338              		.loc 1 116 5 is_stmt 1 view .LVU83
 116:Task/Task_Control.c ****     Ctl_Param.gx_rate = DEFAULT_CONTROL_RATE;
 339              		.loc 1 116 24 is_stmt 0 view .LVU84
 340 0070 4FF07E53 		mov	r3, #1065353216
 341 0074 CDF88E30 		str	r3, [sp, #142]	@ unaligned
 117:Task/Task_Control.c ****     Ctl_Param.gy_rate = DEFAULT_CONTROL_RATE;
 342              		.loc 1 117 5 is_stmt 1 view .LVU85
 117:Task/Task_Control.c ****     Ctl_Param.gy_rate = DEFAULT_CONTROL_RATE;
 343              		.loc 1 117 23 is_stmt 0 view .LVU86
 344 0078 CDF89A30 		str	r3, [sp, #154]	@ unaligned
 118:Task/Task_Control.c ****     Ctl_Param.gz_rate = DEFAULT_CONTROL_RATE;
 345              		.loc 1 118 5 is_stmt 1 view .LVU87
 118:Task/Task_Control.c ****     Ctl_Param.gz_rate = DEFAULT_CONTROL_RATE;
 346              		.loc 1 118 23 is_stmt 0 view .LVU88
 347 007c CDF8A230 		str	r3, [sp, #162]	@ unaligned
 119:Task/Task_Control.c ****     Ctl_Param.pitch_range = DEFAULT_CONTROL_ATT_RANGE;
 348              		.loc 1 119 5 is_stmt 1 view .LVU89
 119:Task/Task_Control.c ****     Ctl_Param.pitch_range = DEFAULT_CONTROL_ATT_RANGE;
 349              		.loc 1 119 23 is_stmt 0 view .LVU90
 350 0080 CDF8AA30 		str	r3, [sp, #170]	@ unaligned
 120:Task/Task_Control.c ****     Ctl_Param.roll_range = DEFAULT_CONTROL_ATT_RANGE;
 351              		.loc 1 120 5 is_stmt 1 view .LVU91
 120:Task/Task_Control.c ****     Ctl_Param.roll_range = DEFAULT_CONTROL_ATT_RANGE;
 352              		.loc 1 120 27 is_stmt 0 view .LVU92
 353 0084 B14B     		ldr	r3, .L64+12
 354 0086 CDF89230 		str	r3, [sp, #146]	@ unaligned
 121:Task/Task_Control.c ****     Ctl_Param.gx_range = DEFAULT_CONTROL_GYR_RANGE;
 355              		.loc 1 121 5 is_stmt 1 view .LVU93
 121:Task/Task_Control.c ****     Ctl_Param.gx_range = DEFAULT_CONTROL_GYR_RANGE;
 356              		.loc 1 121 26 is_stmt 0 view .LVU94
 357 008a CDF89630 		str	r3, [sp, #150]	@ unaligned
 122:Task/Task_Control.c ****     Ctl_Param.gy_range = DEFAULT_CONTROL_GYR_RANGE;
 358              		.loc 1 122 5 is_stmt 1 view .LVU95
 122:Task/Task_Control.c ****     Ctl_Param.gy_range = DEFAULT_CONTROL_GYR_RANGE;
 359              		.loc 1 122 24 is_stmt 0 view .LVU96
 360 008e B04B     		ldr	r3, .L64+16
 361 0090 CDF89E30 		str	r3, [sp, #158]	@ unaligned
 123:Task/Task_Control.c ****     Ctl_Param.gz_range = DEFAULT_CONTROL_GYR_RANGE;
 362              		.loc 1 123 5 is_stmt 1 view .LVU97
 123:Task/Task_Control.c ****     Ctl_Param.gz_range = DEFAULT_CONTROL_GYR_RANGE;
 363              		.loc 1 123 24 is_stmt 0 view .LVU98
 364 0094 CDF8A630 		str	r3, [sp, #166]	@ unaligned
 124:Task/Task_Control.c ****     memcpy(&TaskControl_Monitor.ctl_para, &Ctl_Param, sizeof(TaskControl_CtlPara_TypeDef));
 365              		.loc 1 124 5 is_stmt 1 view .LVU99
 124:Task/Task_Control.c ****     memcpy(&TaskControl_Monitor.ctl_para, &Ctl_Param, sizeof(TaskControl_CtlPara_TypeDef));
 366              		.loc 1 124 24 is_stmt 0 view .LVU100
 367 0098 CDF8AE30 		str	r3, [sp, #174]	@ unaligned
 125:Task/Task_Control.c **** 
 368              		.loc 1 125 5 is_stmt 1 view .LVU101
 369 009c 05F14C0E 		add	lr, r5, #76
 370 00a0 0DF18C0C 		add	ip, sp, #140
 371 00a4 BCE80F00 		ldmia	ip!, {r0, r1, r2, r3}
 372 00a8 AEE80F00 		stmia	lr!, {r0, r1, r2, r3}
 373 00ac BCE80F00 		ldmia	ip!, {r0, r1, r2, r3}
ARM GAS  C:\Users\HUAV\AppData\Local\Temp\ccU1Knae.s 			page 13


 374 00b0 AEE80F00 		stmia	lr!, {r0, r1, r2, r3}
 375 00b4 9CE80300 		ldm	ip, {r0, r1}
 376 00b8 4EF8040B 		str	r0, [lr], #4
 377 00bc AEF80010 		strh	r1, [lr]	@ movhi
 127:Task/Task_Control.c ****     {
 378              		.loc 1 127 5 view .LVU102
 127:Task/Task_Control.c ****     {
 379              		.loc 1 127 44 is_stmt 0 view .LVU103
 380 00c0 D5F80730 		ldr	r3, [r5, #7]	@ unaligned
 127:Task/Task_Control.c ****     {
 381              		.loc 1 127 8 view .LVU104
 382 00c4 002B     		cmp	r3, #0
 383 00c6 2CD1     		bne	.L22
 130:Task/Task_Control.c ****     }
 384              		.loc 1 130 9 is_stmt 1 view .LVU105
 130:Task/Task_Control.c ****     }
 385              		.loc 1 130 16 is_stmt 0 view .LVU106
 386 00c8 D8F80840 		ldr	r4, [r8, #8]
 130:Task/Task_Control.c ****     }
 387              		.loc 1 130 9 view .LVU107
 388 00cc 2623     		movs	r3, #38
 389 00ce 23AA     		add	r2, sp, #140
 390 00d0 9C49     		ldr	r1, .L64+4
 391 00d2 0220     		movs	r0, #2
 392 00d4 A047     		blx	r4
 393              	.LVL22:
 394              	.L23:
 151:Task/Task_Control.c ****     Controller.att_ctl_init(TaskControl_Monitor.ctl_para.att_mode);
 395              		.loc 1 151 5 is_stmt 1 view .LVU108
 151:Task/Task_Control.c ****     Controller.att_ctl_init(TaskControl_Monitor.ctl_para.att_mode);
 396              		.loc 1 151 15 is_stmt 0 view .LVU109
 397 00d6 9F4D     		ldr	r5, .L64+20
 398 00d8 6B68     		ldr	r3, [r5, #4]
 151:Task/Task_Control.c ****     Controller.att_ctl_init(TaskControl_Monitor.ctl_para.att_mode);
 399              		.loc 1 151 5 view .LVU110
 400 00da 994C     		ldr	r4, .L64
 401 00dc 94F84D00 		ldrb	r0, [r4, #77]	@ zero_extendqisi2
 402 00e0 9847     		blx	r3
 403              	.LVL23:
 152:Task/Task_Control.c **** 
 404              		.loc 1 152 5 is_stmt 1 view .LVU111
 152:Task/Task_Control.c **** 
 405              		.loc 1 152 15 is_stmt 0 view .LVU112
 406 00e2 2B68     		ldr	r3, [r5]
 152:Task/Task_Control.c **** 
 407              		.loc 1 152 5 view .LVU113
 408 00e4 94F84C00 		ldrb	r0, [r4, #76]	@ zero_extendqisi2
 409 00e8 9847     		blx	r3
 410              	.LVL24:
 156:Task/Task_Control.c ****     if (TaskControl_Monitor.actuator_store_info.item_addr == 0)
 411              		.loc 1 156 5 is_stmt 1 view .LVU114
 156:Task/Task_Control.c ****     if (TaskControl_Monitor.actuator_store_info.item_addr == 0)
 412              		.loc 1 156 53 is_stmt 0 view .LVU115
 413 00ea 9B4B     		ldr	r3, .L64+24
 414 00ec 9B68     		ldr	r3, [r3, #8]
 156:Task/Task_Control.c ****     if (TaskControl_Monitor.actuator_store_info.item_addr == 0)
 415              		.loc 1 156 42 view .LVU116
ARM GAS  C:\Users\HUAV\AppData\Local\Temp\ccU1Knae.s 			page 14


 416 00ee 10A8     		add	r0, sp, #64
 417 00f0 9847     		blx	r3
 418              	.LVL25:
 419 00f2 1099     		ldr	r1, [sp, #64]	@ unaligned
 420 00f4 119A     		ldr	r2, [sp, #68]	@ unaligned
 421 00f6 129B     		ldr	r3, [sp, #72]	@ unaligned
 422 00f8 C4F8B710 		str	r1, [r4, #183]	@ unaligned
 423 00fc C4F8BB20 		str	r2, [r4, #187]	@ unaligned
 424 0100 C4F8BF30 		str	r3, [r4, #191]	@ unaligned
 157:Task/Task_Control.c ****     {
 425              		.loc 1 157 5 is_stmt 1 view .LVU117
 157:Task/Task_Control.c ****     {
 426              		.loc 1 157 48 is_stmt 0 view .LVU118
 427 0104 D4F87230 		ldr	r3, [r4, #114]	@ unaligned
 157:Task/Task_Control.c ****     {
 428              		.loc 1 157 8 view .LVU119
 429 0108 002B     		cmp	r3, #0
 430 010a 40F04381 		bne	.L42
 159:Task/Task_Control.c ****     }
 431              		.loc 1 159 9 is_stmt 1 view .LVU120
 159:Task/Task_Control.c ****     }
 432              		.loc 1 159 16 is_stmt 0 view .LVU121
 433 010e 934B     		ldr	r3, .L64+28
 434 0110 9C68     		ldr	r4, [r3, #8]
 159:Task/Task_Control.c ****     }
 435              		.loc 1 159 9 view .LVU122
 436 0112 0C23     		movs	r3, #12
 437 0114 924A     		ldr	r2, .L64+32
 438 0116 8C49     		ldr	r1, .L64+8
 439 0118 0220     		movs	r0, #2
 440 011a A047     		blx	r4
 441              	.LVL26:
 442              	.L21:
 164:Task/Task_Control.c **** 
 443              		.loc 1 164 1 view .LVU123
 444 011c 31B0     		add	sp, sp, #196
 445              	.LCFI5:
 446              		.cfi_remember_state
 447              		.cfi_def_cfa_offset 28
 448              		@ sp needed
 449 011e BDE8F083 		pop	{r4, r5, r6, r7, r8, r9, pc}
 450              	.L22:
 451              	.LCFI6:
 452              		.cfi_restore_state
 132:Task/Task_Control.c ****     {
 453              		.loc 1 132 10 is_stmt 1 view .LVU124
 132:Task/Task_Control.c ****     {
 454              		.loc 1 132 21 is_stmt 0 view .LVU125
 455 0122 8E4B     		ldr	r3, .L64+28
 456 0124 1D69     		ldr	r5, [r3, #16]
 132:Task/Task_Control.c ****     {
 457              		.loc 1 132 14 view .LVU126
 458 0126 864C     		ldr	r4, .L64
 459 0128 2623     		movs	r3, #38
 460 012a 0E93     		str	r3, [sp, #56]
 461 012c 23AB     		add	r3, sp, #140
 462 012e 0D93     		str	r3, [sp, #52]
ARM GAS  C:\Users\HUAV\AppData\Local\Temp\ccU1Knae.s 			page 15


 463 0130 EC46     		mov	ip, sp
 464 0132 04F1180E 		add	lr, r4, #24
 465 0136 BEE80F00 		ldmia	lr!, {r0, r1, r2, r3}
 466 013a ACE80F00 		stmia	ip!, {r0, r1, r2, r3}
 467 013e BEE80F00 		ldmia	lr!, {r0, r1, r2, r3}
 468 0142 ACE80F00 		stmia	ip!, {r0, r1, r2, r3}
 469 0146 BEE80F00 		ldmia	lr!, {r0, r1, r2, r3}
 470 014a ACE80F00 		stmia	ip!, {r0, r1, r2, r3}
 471 014e DEF80030 		ldr	r3, [lr]
 472 0152 CCF80030 		str	r3, [ip]
 473 0156 04F10C03 		add	r3, r4, #12
 474 015a 0ECB     		ldm	r3, {r1, r2, r3}
 475 015c 0220     		movs	r0, #2
 476 015e A847     		blx	r5
 477              	.LVL27:
 132:Task/Task_Control.c ****     {
 478              		.loc 1 132 13 view .LVU127
 479 0160 0028     		cmp	r0, #0
 480 0162 B8D1     		bne	.L23
 135:Task/Task_Control.c ****         Ctl_Param.gx_rate = Check_Control_Rate(Ctl_Param.gx_rate);
 481              		.loc 1 135 9 is_stmt 1 view .LVU128
 135:Task/Task_Control.c ****         Ctl_Param.gx_rate = Check_Control_Rate(Ctl_Param.gx_rate);
 482              		.loc 1 135 30 is_stmt 0 view .LVU129
 483 0164 DDF88E30 		ldr	r3, [sp, #142]	@ unaligned
 484 0168 07EE903A 		vmov	s15, r3	@ int
 485 016c B7EE087A 		vmov.f32	s14, #1.5e+0
 486 0170 F4EEC77A 		vcmpe.f32	s15, s14
 487 0174 F1EE10FA 		vmrs	APSR_nzcv, FPSCR
 488 0178 09DC     		bgt	.L45
 135:Task/Task_Control.c ****         Ctl_Param.gx_rate = Check_Control_Rate(Ctl_Param.gx_rate);
 489              		.loc 1 135 30 discriminator 2 view .LVU130
 490 017a B6EE007A 		vmov.f32	s14, #5.0e-1
 491 017e F4EEC77A 		vcmpe.f32	s15, s14
 492 0182 F1EE10FA 		vmrs	APSR_nzcv, FPSCR
 493 0186 04D5     		bpl	.L24
 135:Task/Task_Control.c ****         Ctl_Param.gx_rate = Check_Control_Rate(Ctl_Param.gx_rate);
 494              		.loc 1 135 30 view .LVU131
 495 0188 F0EE477A 		vmov.f32	s15, s14
 496 018c 01E0     		b	.L24
 497              	.L45:
 498 018e F7EE087A 		vmov.f32	s15, #1.5e+0
 499              	.L24:
 135:Task/Task_Control.c ****         Ctl_Param.gx_rate = Check_Control_Rate(Ctl_Param.gx_rate);
 500              		.loc 1 135 28 discriminator 8 view .LVU132
 501 0192 17EE903A 		vmov	r3, s15
 502 0196 CDF88E30 		str	r3, [sp, #142]	@ unaligned
 136:Task/Task_Control.c ****         Ctl_Param.gy_rate = Check_Control_Rate(Ctl_Param.gy_rate);
 503              		.loc 1 136 9 is_stmt 1 discriminator 8 view .LVU133
 136:Task/Task_Control.c ****         Ctl_Param.gy_rate = Check_Control_Rate(Ctl_Param.gy_rate);
 504              		.loc 1 136 29 is_stmt 0 discriminator 8 view .LVU134
 505 019a DDF89A30 		ldr	r3, [sp, #154]	@ unaligned
 506 019e 07EE903A 		vmov	s15, r3	@ int
 507 01a2 B7EE087A 		vmov.f32	s14, #1.5e+0
 508 01a6 F4EEC77A 		vcmpe.f32	s15, s14
 509 01aa F1EE10FA 		vmrs	APSR_nzcv, FPSCR
 510 01ae 09DC     		bgt	.L46
 136:Task/Task_Control.c ****         Ctl_Param.gy_rate = Check_Control_Rate(Ctl_Param.gy_rate);
ARM GAS  C:\Users\HUAV\AppData\Local\Temp\ccU1Knae.s 			page 16


 511              		.loc 1 136 29 discriminator 2 view .LVU135
 512 01b0 B6EE007A 		vmov.f32	s14, #5.0e-1
 513 01b4 F4EEC77A 		vcmpe.f32	s15, s14
 514 01b8 F1EE10FA 		vmrs	APSR_nzcv, FPSCR
 515 01bc 04D5     		bpl	.L26
 136:Task/Task_Control.c ****         Ctl_Param.gy_rate = Check_Control_Rate(Ctl_Param.gy_rate);
 516              		.loc 1 136 29 view .LVU136
 517 01be F0EE477A 		vmov.f32	s15, s14
 518 01c2 01E0     		b	.L26
 519              	.L46:
 520 01c4 F7EE087A 		vmov.f32	s15, #1.5e+0
 521              	.L26:
 136:Task/Task_Control.c ****         Ctl_Param.gy_rate = Check_Control_Rate(Ctl_Param.gy_rate);
 522              		.loc 1 136 27 discriminator 8 view .LVU137
 523 01c8 17EE903A 		vmov	r3, s15
 524 01cc CDF89A30 		str	r3, [sp, #154]	@ unaligned
 137:Task/Task_Control.c ****         Ctl_Param.gz_rate = Check_Control_Rate(Ctl_Param.gz_rate);
 525              		.loc 1 137 9 is_stmt 1 discriminator 8 view .LVU138
 137:Task/Task_Control.c ****         Ctl_Param.gz_rate = Check_Control_Rate(Ctl_Param.gz_rate);
 526              		.loc 1 137 29 is_stmt 0 discriminator 8 view .LVU139
 527 01d0 DDF8A230 		ldr	r3, [sp, #162]	@ unaligned
 528 01d4 07EE903A 		vmov	s15, r3	@ int
 529 01d8 B7EE087A 		vmov.f32	s14, #1.5e+0
 530 01dc F4EEC77A 		vcmpe.f32	s15, s14
 531 01e0 F1EE10FA 		vmrs	APSR_nzcv, FPSCR
 532 01e4 09DC     		bgt	.L47
 137:Task/Task_Control.c ****         Ctl_Param.gz_rate = Check_Control_Rate(Ctl_Param.gz_rate);
 533              		.loc 1 137 29 discriminator 2 view .LVU140
 534 01e6 B6EE007A 		vmov.f32	s14, #5.0e-1
 535 01ea F4EEC77A 		vcmpe.f32	s15, s14
 536 01ee F1EE10FA 		vmrs	APSR_nzcv, FPSCR
 537 01f2 04D5     		bpl	.L28
 137:Task/Task_Control.c ****         Ctl_Param.gz_rate = Check_Control_Rate(Ctl_Param.gz_rate);
 538              		.loc 1 137 29 view .LVU141
 539 01f4 F0EE477A 		vmov.f32	s15, s14
 540 01f8 01E0     		b	.L28
 541              	.L47:
 542 01fa F7EE087A 		vmov.f32	s15, #1.5e+0
 543              	.L28:
 137:Task/Task_Control.c ****         Ctl_Param.gz_rate = Check_Control_Rate(Ctl_Param.gz_rate);
 544              		.loc 1 137 27 discriminator 8 view .LVU142
 545 01fe 17EE903A 		vmov	r3, s15
 546 0202 CDF8A230 		str	r3, [sp, #162]	@ unaligned
 138:Task/Task_Control.c **** 
 547              		.loc 1 138 9 is_stmt 1 discriminator 8 view .LVU143
 138:Task/Task_Control.c **** 
 548              		.loc 1 138 29 is_stmt 0 discriminator 8 view .LVU144
 549 0206 DDF8AA30 		ldr	r3, [sp, #170]	@ unaligned
 550 020a 07EE903A 		vmov	s15, r3	@ int
 551 020e B7EE087A 		vmov.f32	s14, #1.5e+0
 552 0212 F4EEC77A 		vcmpe.f32	s15, s14
 553 0216 F1EE10FA 		vmrs	APSR_nzcv, FPSCR
 554 021a 09DC     		bgt	.L48
 138:Task/Task_Control.c **** 
 555              		.loc 1 138 29 discriminator 2 view .LVU145
 556 021c B6EE007A 		vmov.f32	s14, #5.0e-1
 557 0220 F4EEC77A 		vcmpe.f32	s15, s14
ARM GAS  C:\Users\HUAV\AppData\Local\Temp\ccU1Knae.s 			page 17


 558 0224 F1EE10FA 		vmrs	APSR_nzcv, FPSCR
 559 0228 04D5     		bpl	.L30
 138:Task/Task_Control.c **** 
 560              		.loc 1 138 29 view .LVU146
 561 022a F0EE477A 		vmov.f32	s15, s14
 562 022e 01E0     		b	.L30
 563              	.L48:
 564 0230 F7EE087A 		vmov.f32	s15, #1.5e+0
 565              	.L30:
 138:Task/Task_Control.c **** 
 566              		.loc 1 138 27 discriminator 8 view .LVU147
 567 0234 17EE903A 		vmov	r3, s15
 568 0238 CDF8AA30 		str	r3, [sp, #170]	@ unaligned
 141:Task/Task_Control.c ****         Ctl_Param.roll_range = Check_AttControl_Range(Ctl_Param.roll_range);
 569              		.loc 1 141 9 is_stmt 1 discriminator 8 view .LVU148
 141:Task/Task_Control.c ****         Ctl_Param.roll_range = Check_AttControl_Range(Ctl_Param.roll_range);
 570              		.loc 1 141 33 is_stmt 0 discriminator 8 view .LVU149
 571 023c DDF89230 		ldr	r3, [sp, #146]	@ unaligned
 572 0240 07EE903A 		vmov	s15, r3	@ int
 573 0244 9FED477A 		vldr.32	s14, .L64+36
 574 0248 F4EEC77A 		vcmpe.f32	s15, s14
 575 024c F1EE10FA 		vmrs	APSR_nzcv, FPSCR
 576 0250 09DC     		bgt	.L49
 141:Task/Task_Control.c ****         Ctl_Param.roll_range = Check_AttControl_Range(Ctl_Param.roll_range);
 577              		.loc 1 141 33 discriminator 2 view .LVU150
 578 0252 B2EE0E7A 		vmov.f32	s14, #1.5e+1
 579 0256 F4EEC77A 		vcmpe.f32	s15, s14
 580 025a F1EE10FA 		vmrs	APSR_nzcv, FPSCR
 581 025e 04D5     		bpl	.L32
 141:Task/Task_Control.c ****         Ctl_Param.roll_range = Check_AttControl_Range(Ctl_Param.roll_range);
 582              		.loc 1 141 33 view .LVU151
 583 0260 F0EE477A 		vmov.f32	s15, s14
 584 0264 01E0     		b	.L32
 585              	.L49:
 586 0266 DFED3F7A 		vldr.32	s15, .L64+36
 587              	.L32:
 141:Task/Task_Control.c ****         Ctl_Param.roll_range = Check_AttControl_Range(Ctl_Param.roll_range);
 588              		.loc 1 141 31 discriminator 8 view .LVU152
 589 026a 17EE903A 		vmov	r3, s15
 590 026e CDF89230 		str	r3, [sp, #146]	@ unaligned
 142:Task/Task_Control.c ****         Ctl_Param.gx_range = Check_GyrControl_Range(Ctl_Param.gx_range);
 591              		.loc 1 142 9 is_stmt 1 discriminator 8 view .LVU153
 142:Task/Task_Control.c ****         Ctl_Param.gx_range = Check_GyrControl_Range(Ctl_Param.gx_range);
 592              		.loc 1 142 32 is_stmt 0 discriminator 8 view .LVU154
 593 0272 DDF89630 		ldr	r3, [sp, #150]	@ unaligned
 594 0276 07EE903A 		vmov	s15, r3	@ int
 595 027a 9FED3A7A 		vldr.32	s14, .L64+36
 596 027e F4EEC77A 		vcmpe.f32	s15, s14
 597 0282 F1EE10FA 		vmrs	APSR_nzcv, FPSCR
 598 0286 09DC     		bgt	.L50
 142:Task/Task_Control.c ****         Ctl_Param.gx_range = Check_GyrControl_Range(Ctl_Param.gx_range);
 599              		.loc 1 142 32 discriminator 2 view .LVU155
 600 0288 B2EE0E7A 		vmov.f32	s14, #1.5e+1
 601 028c F4EEC77A 		vcmpe.f32	s15, s14
 602 0290 F1EE10FA 		vmrs	APSR_nzcv, FPSCR
 603 0294 04D5     		bpl	.L34
 142:Task/Task_Control.c ****         Ctl_Param.gx_range = Check_GyrControl_Range(Ctl_Param.gx_range);
ARM GAS  C:\Users\HUAV\AppData\Local\Temp\ccU1Knae.s 			page 18


 604              		.loc 1 142 32 view .LVU156
 605 0296 F0EE477A 		vmov.f32	s15, s14
 606 029a 01E0     		b	.L34
 607              	.L50:
 608 029c DFED317A 		vldr.32	s15, .L64+36
 609              	.L34:
 142:Task/Task_Control.c ****         Ctl_Param.gx_range = Check_GyrControl_Range(Ctl_Param.gx_range);
 610              		.loc 1 142 30 discriminator 8 view .LVU157
 611 02a0 17EE903A 		vmov	r3, s15
 612 02a4 CDF89630 		str	r3, [sp, #150]	@ unaligned
 143:Task/Task_Control.c ****         Ctl_Param.gy_range = Check_GyrControl_Range(Ctl_Param.gy_range);
 613              		.loc 1 143 9 is_stmt 1 discriminator 8 view .LVU158
 143:Task/Task_Control.c ****         Ctl_Param.gy_range = Check_GyrControl_Range(Ctl_Param.gy_range);
 614              		.loc 1 143 30 is_stmt 0 discriminator 8 view .LVU159
 615 02a8 DDF89E30 		ldr	r3, [sp, #158]	@ unaligned
 616 02ac 07EE903A 		vmov	s15, r3	@ int
 617 02b0 9FED2E7A 		vldr.32	s14, .L64+44
 618 02b4 F4EEC77A 		vcmpe.f32	s15, s14
 619 02b8 F1EE10FA 		vmrs	APSR_nzcv, FPSCR
 620 02bc 09DC     		bgt	.L51
 143:Task/Task_Control.c ****         Ctl_Param.gy_range = Check_GyrControl_Range(Ctl_Param.gy_range);
 621              		.loc 1 143 30 discriminator 2 view .LVU160
 622 02be 9FED2A7A 		vldr.32	s14, .L64+40
 623 02c2 F4EEC77A 		vcmpe.f32	s15, s14
 624 02c6 F1EE10FA 		vmrs	APSR_nzcv, FPSCR
 625 02ca 04D5     		bpl	.L36
 143:Task/Task_Control.c ****         Ctl_Param.gy_range = Check_GyrControl_Range(Ctl_Param.gy_range);
 626              		.loc 1 143 30 view .LVU161
 627 02cc F0EE477A 		vmov.f32	s15, s14
 628 02d0 01E0     		b	.L36
 629              	.L51:
 630 02d2 DFED267A 		vldr.32	s15, .L64+44
 631              	.L36:
 143:Task/Task_Control.c ****         Ctl_Param.gy_range = Check_GyrControl_Range(Ctl_Param.gy_range);
 632              		.loc 1 143 28 discriminator 8 view .LVU162
 633 02d6 17EE903A 		vmov	r3, s15
 634 02da CDF89E30 		str	r3, [sp, #158]	@ unaligned
 144:Task/Task_Control.c ****         Ctl_Param.gz_range = Check_GyrControl_Range(Ctl_Param.gz_range);
 635              		.loc 1 144 9 is_stmt 1 discriminator 8 view .LVU163
 144:Task/Task_Control.c ****         Ctl_Param.gz_range = Check_GyrControl_Range(Ctl_Param.gz_range);
 636              		.loc 1 144 30 is_stmt 0 discriminator 8 view .LVU164
 637 02de DDF8A630 		ldr	r3, [sp, #166]	@ unaligned
 638 02e2 07EE903A 		vmov	s15, r3	@ int
 639 02e6 9FED217A 		vldr.32	s14, .L64+44
 640 02ea F4EEC77A 		vcmpe.f32	s15, s14
 641 02ee F1EE10FA 		vmrs	APSR_nzcv, FPSCR
 642 02f2 09DC     		bgt	.L52
 144:Task/Task_Control.c ****         Ctl_Param.gz_range = Check_GyrControl_Range(Ctl_Param.gz_range);
 643              		.loc 1 144 30 discriminator 2 view .LVU165
 644 02f4 9FED1C7A 		vldr.32	s14, .L64+40
 645 02f8 F4EEC77A 		vcmpe.f32	s15, s14
 646 02fc F1EE10FA 		vmrs	APSR_nzcv, FPSCR
 647 0300 04D5     		bpl	.L38
 144:Task/Task_Control.c ****         Ctl_Param.gz_range = Check_GyrControl_Range(Ctl_Param.gz_range);
 648              		.loc 1 144 30 view .LVU166
 649 0302 F0EE477A 		vmov.f32	s15, s14
 650 0306 01E0     		b	.L38
ARM GAS  C:\Users\HUAV\AppData\Local\Temp\ccU1Knae.s 			page 19


 651              	.L52:
 652 0308 DFED187A 		vldr.32	s15, .L64+44
 653              	.L38:
 144:Task/Task_Control.c ****         Ctl_Param.gz_range = Check_GyrControl_Range(Ctl_Param.gz_range);
 654              		.loc 1 144 28 discriminator 8 view .LVU167
 655 030c 17EE903A 		vmov	r3, s15
 656 0310 CDF8A630 		str	r3, [sp, #166]	@ unaligned
 145:Task/Task_Control.c **** 
 657              		.loc 1 145 9 is_stmt 1 discriminator 8 view .LVU168
 145:Task/Task_Control.c **** 
 658              		.loc 1 145 30 is_stmt 0 discriminator 8 view .LVU169
 659 0314 DDF8AE30 		ldr	r3, [sp, #174]	@ unaligned
 660 0318 07EE903A 		vmov	s15, r3	@ int
 661 031c 9FED137A 		vldr.32	s14, .L64+44
 662 0320 F4EEC77A 		vcmpe.f32	s15, s14
 663 0324 F1EE10FA 		vmrs	APSR_nzcv, FPSCR
 664 0328 22DC     		bgt	.L53
 145:Task/Task_Control.c **** 
 665              		.loc 1 145 30 discriminator 2 view .LVU170
 666 032a 9FED0F7A 		vldr.32	s14, .L64+40
 667 032e F4EEC77A 		vcmpe.f32	s15, s14
 668 0332 F1EE10FA 		vmrs	APSR_nzcv, FPSCR
 669 0336 1DD5     		bpl	.L40
 145:Task/Task_Control.c **** 
 670              		.loc 1 145 30 view .LVU171
 671 0338 F0EE477A 		vmov.f32	s15, s14
 672 033c 1AE0     		b	.L40
 673              	.L65:
 674 033e 00BF     		.align	2
 675              	.L64:
 676 0340 00000000 		.word	.LANCHOR0
 677 0344 00000000 		.word	.LC1
 678 0348 10000000 		.word	.LC2
 679 034c 0000C841 		.word	1103626240
 680 0350 0000FA43 		.word	1140457472
 681 0354 00000000 		.word	Controller
 682 0358 00000000 		.word	SrvActuator
 683 035c 00000000 		.word	Storage
 684 0360 B7000000 		.word	.LANCHOR0+183
 685 0364 00003442 		.word	1110704128
 686 0368 00004843 		.word	1128792064
 687 036c 00004844 		.word	1145569280
 688              	.L53:
 689 0370 5FED027A 		vldr.32	s15, .L64+44
 690              	.L40:
 145:Task/Task_Control.c **** 
 691              		.loc 1 145 28 discriminator 8 view .LVU172
 692 0374 17EE903A 		vmov	r3, s15
 693 0378 CDF8AE30 		str	r3, [sp, #174]	@ unaligned
 147:Task/Task_Control.c ****     }
 694              		.loc 1 147 9 is_stmt 1 discriminator 8 view .LVU173
 695 037c 204C     		ldr	r4, .L66
 696 037e 23AD     		add	r5, sp, #140
 697 0380 0FCD     		ldmia	r5!, {r0, r1, r2, r3}
 698 0382 0FC4     		stmia	r4!, {r0, r1, r2, r3}
 699 0384 0FCD     		ldmia	r5!, {r0, r1, r2, r3}
 700 0386 0FC4     		stmia	r4!, {r0, r1, r2, r3}
ARM GAS  C:\Users\HUAV\AppData\Local\Temp\ccU1Knae.s 			page 20


 701 0388 95E80300 		ldm	r5, {r0, r1}
 702 038c 44F8040B 		str	r0, [r4], #4
 703 0390 2180     		strh	r1, [r4]	@ movhi
 704 0392 A0E6     		b	.L23
 705              	.L42:
 161:Task/Task_Control.c ****              (Storage.get(Para_User, TaskControl_Monitor.actuator_store_info.item, (uint8_t *)&Actu
 706              		.loc 1 161 10 discriminator 1 view .LVU174
 162:Task/Task_Control.c ****         TaskControl_Monitor.actuator_param = Actuator_Param;
 707              		.loc 1 162 22 is_stmt 0 discriminator 1 view .LVU175
 708 0394 1B4B     		ldr	r3, .L66+4
 709 0396 1F69     		ldr	r7, [r3, #16]
 162:Task/Task_Control.c ****         TaskControl_Monitor.actuator_param = Actuator_Param;
 710              		.loc 1 162 15 discriminator 1 view .LVU176
 711 0398 1B4D     		ldr	r5, .L66+8
 712 039a 0C22     		movs	r2, #12
 713 039c 0E92     		str	r2, [sp, #56]
 714 039e 2DAA     		add	r2, sp, #180
 715 03a0 0D92     		str	r2, [sp, #52]
 716 03a2 D5F87790 		ldr	r9, [r5, #119]	@ unaligned
 717 03a6 D5F87B80 		ldr	r8, [r5, #123]	@ unaligned
 718 03aa D5F87FE0 		ldr	lr, [r5, #127]	@ unaligned
 719 03ae 05F1830C 		add	ip, r5, #131
 720 03b2 6E46     		mov	r6, sp
 721 03b4 B335     		adds	r5, r5, #179
 722              	.L44:
 723 03b6 3446     		mov	r4, r6
 724 03b8 DCF80000 		ldr	r0, [ip]	@ unaligned
 725 03bc DCF80410 		ldr	r1, [ip, #4]	@ unaligned
 726 03c0 DCF80820 		ldr	r2, [ip, #8]	@ unaligned
 727 03c4 DCF80C30 		ldr	r3, [ip, #12]	@ unaligned
 728 03c8 0FC4     		stmia	r4!, {r0, r1, r2, r3}
 729 03ca 0CF1100C 		add	ip, ip, #16
 730 03ce 2646     		mov	r6, r4
 731 03d0 AC45     		cmp	ip, r5
 732 03d2 F0D1     		bne	.L44
 733 03d4 DCF80000 		ldr	r0, [ip]	@ unaligned
 734 03d8 2060     		str	r0, [r4]
 735 03da 4946     		mov	r1, r9
 736 03dc 4246     		mov	r2, r8
 737 03de 7346     		mov	r3, lr
 738 03e0 0220     		movs	r0, #2
 739 03e2 B847     		blx	r7
 740              	.LVL28:
 161:Task/Task_Control.c ****              (Storage.get(Para_User, TaskControl_Monitor.actuator_store_info.item, (uint8_t *)&Actu
 741              		.loc 1 161 64 discriminator 1 view .LVU177
 742 03e4 0028     		cmp	r0, #0
 743 03e6 7FF499AE 		bne	.L21
 163:Task/Task_Control.c **** }
 744              		.loc 1 163 9 is_stmt 1 view .LVU178
 163:Task/Task_Control.c **** }
 745              		.loc 1 163 44 is_stmt 0 view .LVU179
 746 03ea 074C     		ldr	r4, .L66+8
 747 03ec 2DAB     		add	r3, sp, #180
 748 03ee 07CB     		ldmia	r3!, {r0, r1, r2}
 749 03f0 C4F8B700 		str	r0, [r4, #183]	@ unaligned
 750 03f4 C4F8BB10 		str	r1, [r4, #187]	@ unaligned
 751 03f8 C4F8BF20 		str	r2, [r4, #191]	@ unaligned
ARM GAS  C:\Users\HUAV\AppData\Local\Temp\ccU1Knae.s 			page 21


 164:Task/Task_Control.c **** 
 752              		.loc 1 164 1 view .LVU180
 753 03fc 8EE6     		b	.L21
 754              	.L67:
 755 03fe 00BF     		.align	2
 756              	.L66:
 757 0400 4C000000 		.word	.LANCHOR0+76
 758 0404 00000000 		.word	Storage
 759 0408 00000000 		.word	.LANCHOR0
 760              		.cfi_endproc
 761              	.LFE2276:
 763              		.section	.text.TaskControl_FlightControl_Polling,"ax",%progbits
 764              		.align	1
 765              		.syntax unified
 766              		.thumb
 767              		.thumb_func
 769              	TaskControl_FlightControl_Polling:
 770              	.LVL29:
 771              	.LFB2281:
 268:Task/Task_Control.c **** 
 269:Task/Task_Control.c **** static void TaskControl_FlightControl_Polling(ControlData_TypeDef *exp_ctl_val, uint32_t sys_ms)
 270:Task/Task_Control.c **** {
 772              		.loc 1 270 1 is_stmt 1 view -0
 773              		.cfi_startproc
 774              		@ args = 0, pretend = 0, frame = 64
 775              		@ frame_needed = 0, uses_anonymous_args = 0
 776              		.loc 1 270 1 is_stmt 0 view .LVU182
 777 0000 2DE9F043 		push	{r4, r5, r6, r7, r8, r9, lr}
 778              	.LCFI7:
 779              		.cfi_def_cfa_offset 28
 780              		.cfi_offset 4, -28
 781              		.cfi_offset 5, -24
 782              		.cfi_offset 6, -20
 783              		.cfi_offset 7, -16
 784              		.cfi_offset 8, -12
 785              		.cfi_offset 9, -8
 786              		.cfi_offset 14, -4
 787 0004 2DED028B 		vpush.64	{d8}
 788              	.LCFI8:
 789              		.cfi_def_cfa_offset 36
 790              		.cfi_offset 80, -36
 791              		.cfi_offset 81, -32
 792 0008 9DB0     		sub	sp, sp, #116
 793              	.LCFI9:
 794              		.cfi_def_cfa_offset 152
 271:Task/Task_Control.c ****     uint8_t axis = Axis_X;
 795              		.loc 1 271 5 is_stmt 1 view .LVU183
 796              	.LVL30:
 272:Task/Task_Control.c ****     bool arm_state = false;
 797              		.loc 1 272 5 view .LVU184
 273:Task/Task_Control.c ****     bool USB_Attach = false;
 798              		.loc 1 273 5 view .LVU185
 274:Task/Task_Control.c ****     AngControl_Out_TypeDef att_ctl_out;
 799              		.loc 1 274 5 view .LVU186
 275:Task/Task_Control.c ****     AttControl_In_TypeDef att_ctl_exp;
 800              		.loc 1 275 5 view .LVU187
 276:Task/Task_Control.c ****     AttControl_In_TypeDef att_ctl_mea;
ARM GAS  C:\Users\HUAV\AppData\Local\Temp\ccU1Knae.s 			page 22


 801              		.loc 1 276 5 view .LVU188
 277:Task/Task_Control.c ****     bool ang_ctl_only = false;
 802              		.loc 1 277 5 view .LVU189
 278:Task/Task_Control.c **** 
 279:Task/Task_Control.c ****     memset(&att_ctl_exp, 0, sizeof(AttControl_In_TypeDef));
 803              		.loc 1 279 5 view .LVU190
 804 000a 0023     		movs	r3, #0
 805 000c 1393     		str	r3, [sp, #76]
 806 000e 1493     		str	r3, [sp, #80]
 807 0010 1593     		str	r3, [sp, #84]
 808 0012 1693     		str	r3, [sp, #88]
 809 0014 1793     		str	r3, [sp, #92]
 810 0016 1893     		str	r3, [sp, #96]
 280:Task/Task_Control.c ****     memset(&att_ctl_out, 0, sizeof(AngControl_Out_TypeDef));
 811              		.loc 1 280 5 view .LVU191
 812 0018 1993     		str	r3, [sp, #100]
 813 001a 1A93     		str	r3, [sp, #104]
 814 001c 1B93     		str	r3, [sp, #108]
 281:Task/Task_Control.c **** 
 282:Task/Task_Control.c ****     if (TaskControl_Monitor.init_state && exp_ctl_val)
 815              		.loc 1 282 5 view .LVU192
 816              		.loc 1 282 28 is_stmt 0 view .LVU193
 817 001e B94B     		ldr	r3, .L91
 818 0020 1B78     		ldrb	r3, [r3]	@ zero_extendqisi2
 819              		.loc 1 282 8 view .LVU194
 820 0022 002B     		cmp	r3, #0
 821 0024 00F02B81 		beq	.L69
 822 0028 0446     		mov	r4, r0
 823 002a 0E46     		mov	r6, r1
 824              		.loc 1 282 40 discriminator 1 view .LVU195
 825 002c 0028     		cmp	r0, #0
 826 002e 00F02681 		beq	.L69
 283:Task/Task_Control.c ****     {
 284:Task/Task_Control.c ****         if (exp_ctl_val->update_time_stamp && !exp_ctl_val->fail_safe)
 827              		.loc 1 284 9 is_stmt 1 view .LVU196
 828              		.loc 1 284 24 is_stmt 0 view .LVU197
 829 0032 0368     		ldr	r3, [r0]
 830              		.loc 1 284 12 view .LVU198
 831 0034 002B     		cmp	r3, #0
 832 0036 52D0     		beq	.L70
 833              		.loc 1 284 59 discriminator 1 view .LVU199
 834 0038 90F85F30 		ldrb	r3, [r0, #95]	@ zero_extendqisi2
 835              		.loc 1 284 44 discriminator 1 view .LVU200
 836 003c 002B     		cmp	r3, #0
 837 003e 4ED1     		bne	.L70
 285:Task/Task_Control.c ****         {
 286:Task/Task_Control.c ****             att_ctl_exp.throttle_percent = exp_ctl_val->throttle_percent;
 838              		.loc 1 286 13 is_stmt 1 view .LVU201
 839              		.loc 1 286 55 is_stmt 0 view .LVU202
 840 0040 90F84E30 		ldrb	r3, [r0, #78]	@ zero_extendqisi2
 841 0044 07EE903A 		vmov	s15, r3	@ int
 842              		.loc 1 286 42 view .LVU203
 843 0048 F8EE677A 		vcvt.f32.u32	s15, s15
 844 004c CDED137A 		vstr.32	s15, [sp, #76]
 287:Task/Task_Control.c ****             att_ctl_exp.pitch  = TaskControl_Convert_CtlData(exp_ctl_val->pitch_percent, TaskContro
 845              		.loc 1 287 13 is_stmt 1 view .LVU204
 846              		.loc 1 287 34 is_stmt 0 view .LVU205
ARM GAS  C:\Users\HUAV\AppData\Local\Temp\ccU1Knae.s 			page 23


 847 0050 90F84F70 		ldrb	r7, [r0, #79]	@ zero_extendqisi2
 848 0054 AB4D     		ldr	r5, .L91
 849 0056 D5F84E30 		ldr	r3, [r5, #78]	@ unaligned
 850 005a 08EE103A 		vmov	s16, r3	@ int
 851 005e D5F85230 		ldr	r3, [r5, #82]	@ unaligned
 852 0062 00EE103A 		vmov	s0, r3	@ int
 853 0066 F0EE480A 		vmov.f32	s1, s16
 854 006a 3846     		mov	r0, r7
 855              	.LVL31:
 856              		.loc 1 287 34 view .LVU206
 857 006c FFF7FEFF 		bl	TaskControl_Convert_CtlData
 858              	.LVL32:
 859              		.loc 1 287 32 view .LVU207
 860 0070 8DED140A 		vstr.32	s0, [sp, #80]
 288:Task/Task_Control.c ****             att_ctl_exp.roll   = TaskControl_Convert_CtlData(exp_ctl_val->roll_percent,  TaskContro
 861              		.loc 1 288 13 is_stmt 1 view .LVU208
 862              		.loc 1 288 34 is_stmt 0 view .LVU209
 863 0074 94F85080 		ldrb	r8, [r4, #80]	@ zero_extendqisi2
 864 0078 D5F85630 		ldr	r3, [r5, #86]	@ unaligned
 865 007c 00EE103A 		vmov	s0, r3	@ int
 866 0080 F0EE480A 		vmov.f32	s1, s16
 867 0084 4046     		mov	r0, r8
 868 0086 FFF7FEFF 		bl	TaskControl_Convert_CtlData
 869              	.LVL33:
 870              		.loc 1 288 32 view .LVU210
 871 008a 8DED150A 		vstr.32	s0, [sp, #84]
 289:Task/Task_Control.c ****             att_ctl_exp.gyro_x = TaskControl_Convert_CtlData(exp_ctl_val->roll_percent,  TaskContro
 872              		.loc 1 289 13 is_stmt 1 view .LVU211
 873              		.loc 1 289 34 is_stmt 0 view .LVU212
 874 008e D5F85A30 		ldr	r3, [r5, #90]	@ unaligned
 875 0092 00EE903A 		vmov	s1, r3	@ int
 876 0096 D5F85E30 		ldr	r3, [r5, #94]	@ unaligned
 877 009a 00EE103A 		vmov	s0, r3	@ int
 878 009e 4046     		mov	r0, r8
 879 00a0 FFF7FEFF 		bl	TaskControl_Convert_CtlData
 880              	.LVL34:
 881              		.loc 1 289 32 view .LVU213
 882 00a4 8DED160A 		vstr.32	s0, [sp, #88]
 290:Task/Task_Control.c ****             att_ctl_exp.gyro_y = TaskControl_Convert_CtlData(exp_ctl_val->pitch_percent, TaskContro
 883              		.loc 1 290 13 is_stmt 1 view .LVU214
 884              		.loc 1 290 34 is_stmt 0 view .LVU215
 885 00a8 D5F86230 		ldr	r3, [r5, #98]	@ unaligned
 886 00ac 00EE903A 		vmov	s1, r3	@ int
 887 00b0 D5F86630 		ldr	r3, [r5, #102]	@ unaligned
 888 00b4 00EE103A 		vmov	s0, r3	@ int
 889 00b8 3846     		mov	r0, r7
 890 00ba FFF7FEFF 		bl	TaskControl_Convert_CtlData
 891              	.LVL35:
 892              		.loc 1 290 32 view .LVU216
 893 00be 8DED170A 		vstr.32	s0, [sp, #92]
 291:Task/Task_Control.c ****             att_ctl_exp.gyro_z = TaskControl_Convert_CtlData(exp_ctl_val->yaw_percent,   TaskContro
 894              		.loc 1 291 13 is_stmt 1 view .LVU217
 895              		.loc 1 291 34 is_stmt 0 view .LVU218
 896 00c2 D5F86A30 		ldr	r3, [r5, #106]	@ unaligned
 897 00c6 00EE903A 		vmov	s1, r3	@ int
 898 00ca D5F86E30 		ldr	r3, [r5, #110]	@ unaligned
 899 00ce 00EE103A 		vmov	s0, r3	@ int
ARM GAS  C:\Users\HUAV\AppData\Local\Temp\ccU1Knae.s 			page 24


 900 00d2 94F85100 		ldrb	r0, [r4, #81]	@ zero_extendqisi2
 901 00d6 FFF7FEFF 		bl	TaskControl_Convert_CtlData
 902              	.LVL36:
 903              		.loc 1 291 32 view .LVU219
 904 00da 8DED180A 		vstr.32	s0, [sp, #96]
 292:Task/Task_Control.c **** 
 293:Task/Task_Control.c ****             if (exp_ctl_val->control_mode == AngularSpeed_Control)
 905              		.loc 1 293 13 is_stmt 1 view .LVU220
 906              	.L70:
 907              	.LVL37:
 294:Task/Task_Control.c ****                 ang_ctl_only = true;
 295:Task/Task_Control.c ****         }
 296:Task/Task_Control.c **** 
 297:Task/Task_Control.c ****         arm_state = exp_ctl_val->arm_state;
 908              		.loc 1 297 9 view .LVU221
 909              		.loc 1 297 19 is_stmt 0 view .LVU222
 910 00de 94F85E90 		ldrb	r9, [r4, #94]	@ zero_extendqisi2
 911              	.LVL38:
 298:Task/Task_Control.c ****         failsafe = exp_ctl_val->fail_safe;
 912              		.loc 1 298 9 is_stmt 1 view .LVU223
 913              		.loc 1 298 31 is_stmt 0 view .LVU224
 914 00e2 94F85F20 		ldrb	r2, [r4, #95]	@ zero_extendqisi2
 915              		.loc 1 298 18 view .LVU225
 916 00e6 884B     		ldr	r3, .L91+4
 917 00e8 1A70     		strb	r2, [r3]
 299:Task/Task_Control.c ****         TaskControl_Monitor.control_abort = false;
 918              		.loc 1 299 9 is_stmt 1 view .LVU226
 919              		.loc 1 299 43 is_stmt 0 view .LVU227
 920 00ea 864D     		ldr	r5, .L91
 921 00ec 0027     		movs	r7, #0
 922 00ee 6F70     		strb	r7, [r5, #1]
 300:Task/Task_Control.c **** 
 301:Task/Task_Control.c ****         /* pipe converted control data to data hub */
 302:Task/Task_Control.c ****         DataPipe_DataObj(ExpCtl).time_stamp = sys_ms;
 923              		.loc 1 302 9 is_stmt 1 view .LVU228
 924              		.loc 1 302 45 is_stmt 0 view .LVU229
 925 00f0 864B     		ldr	r3, .L91+8
 926 00f2 1E60     		str	r6, [r3]
 303:Task/Task_Control.c ****         DataPipe_DataObj(ExpCtl).arm = arm_state;
 927              		.loc 1 303 9 is_stmt 1 view .LVU230
 928              		.loc 1 303 38 is_stmt 0 view .LVU231
 929 00f4 83F80490 		strb	r9, [r3, #4]
 304:Task/Task_Control.c ****         DataPipe_DataObj(ExpCtl).failsafe = failsafe;
 930              		.loc 1 304 9 is_stmt 1 view .LVU232
 931              		.loc 1 304 43 is_stmt 0 view .LVU233
 932 00f8 5A71     		strb	r2, [r3, #5]
 305:Task/Task_Control.c ****         DataPipe_DataObj(ExpCtl).throttle_percent = exp_ctl_val->throttle_percent;
 933              		.loc 1 305 9 is_stmt 1 view .LVU234
 934              		.loc 1 305 64 is_stmt 0 view .LVU235
 935 00fa 94F84E20 		ldrb	r2, [r4, #78]	@ zero_extendqisi2
 936              		.loc 1 305 51 view .LVU236
 937 00fe DA71     		strb	r2, [r3, #7]
 306:Task/Task_Control.c ****         DataPipe_DataObj(ExpCtl).control_mode = exp_ctl_val->control_mode;
 938              		.loc 1 306 9 is_stmt 1 view .LVU237
 939              		.loc 1 306 60 is_stmt 0 view .LVU238
 940 0100 94F85820 		ldrb	r2, [r4, #88]	@ zero_extendqisi2
 941              		.loc 1 306 47 view .LVU239
ARM GAS  C:\Users\HUAV\AppData\Local\Temp\ccU1Knae.s 			page 25


 942 0104 9A71     		strb	r2, [r3, #6]
 307:Task/Task_Control.c ****         DataPipe_DataObj(ExpCtl).pitch = att_ctl_exp.pitch;
 943              		.loc 1 307 9 is_stmt 1 view .LVU240
 944              		.loc 1 307 53 is_stmt 0 view .LVU241
 945 0106 149A     		ldr	r2, [sp, #80]	@ float
 946              		.loc 1 307 40 view .LVU242
 947 0108 9A60     		str	r2, [r3, #8]	@ float
 308:Task/Task_Control.c ****         DataPipe_DataObj(ExpCtl).roll  = att_ctl_exp.roll;
 948              		.loc 1 308 9 is_stmt 1 view .LVU243
 949              		.loc 1 308 53 is_stmt 0 view .LVU244
 950 010a 159A     		ldr	r2, [sp, #84]	@ float
 951              		.loc 1 308 40 view .LVU245
 952 010c DA60     		str	r2, [r3, #12]	@ float
 309:Task/Task_Control.c ****         DataPipe_DataObj(ExpCtl).gyr_x = att_ctl_exp.gyro_x;
 953              		.loc 1 309 9 is_stmt 1 view .LVU246
 954              		.loc 1 309 53 is_stmt 0 view .LVU247
 955 010e 169A     		ldr	r2, [sp, #88]	@ float
 956              		.loc 1 309 40 view .LVU248
 957 0110 1A61     		str	r2, [r3, #16]	@ float
 310:Task/Task_Control.c ****         DataPipe_DataObj(ExpCtl).gyr_y = att_ctl_exp.gyro_y;
 958              		.loc 1 310 9 is_stmt 1 view .LVU249
 959              		.loc 1 310 53 is_stmt 0 view .LVU250
 960 0112 179A     		ldr	r2, [sp, #92]	@ float
 961              		.loc 1 310 40 view .LVU251
 962 0114 5A61     		str	r2, [r3, #20]	@ float
 311:Task/Task_Control.c ****         DataPipe_DataObj(ExpCtl).gyr_z = att_ctl_exp.gyro_z;
 963              		.loc 1 311 9 is_stmt 1 view .LVU252
 964              		.loc 1 311 53 is_stmt 0 view .LVU253
 965 0116 189A     		ldr	r2, [sp, #96]	@ float
 966              		.loc 1 311 40 view .LVU254
 967 0118 9A61     		str	r2, [r3, #24]	@ float
 312:Task/Task_Control.c ****         DataPipe_SendTo(&CtlData_smp_DataPipe, &CtlData_hub_DataPipe);
 968              		.loc 1 312 9 is_stmt 1 view .LVU255
 969 011a DFF81C82 		ldr	r8, .L91+52
 970 011e 7C49     		ldr	r1, .L91+12
 971 0120 4046     		mov	r0, r8
 972 0122 FFF7FEFF 		bl	DataPipe_SendTo
 973              	.LVL39:
 313:Task/Task_Control.c ****         DataPipe_SendTo(&CtlData_smp_DataPipe, &CtlData_Log_DataPipe);
 974              		.loc 1 313 9 view .LVU256
 975 0126 7B49     		ldr	r1, .L91+16
 976 0128 4046     		mov	r0, r8
 977 012a FFF7FEFF 		bl	DataPipe_SendTo
 978              	.LVL40:
 314:Task/Task_Control.c **** 
 315:Task/Task_Control.c ****         // check imu filter gyro data update or not
 316:Task/Task_Control.c ****         if(!SrvDataHub.get_scaled_imu(&imu_update_time,
 979              		.loc 1 316 9 view .LVU257
 980              		.loc 1 316 23 is_stmt 0 view .LVU258
 981 012e 7A4B     		ldr	r3, .L91+20
 982 0130 D3F83880 		ldr	r8, [r3, #56]
 983              		.loc 1 316 13 view .LVU259
 984 0134 794B     		ldr	r3, .L91+24
 985 0136 0693     		str	r3, [sp, #24]
 986 0138 0597     		str	r7, [sp, #20]
 987 013a 05F1E403 		add	r3, r5, #228
 988 013e 0493     		str	r3, [sp, #16]
ARM GAS  C:\Users\HUAV\AppData\Local\Temp\ccU1Knae.s 			page 26


 989 0140 05F1E003 		add	r3, r5, #224
 990 0144 0393     		str	r3, [sp, #12]
 991 0146 05F1DC03 		add	r3, r5, #220
 992 014a 0293     		str	r3, [sp, #8]
 993 014c 05F1D803 		add	r3, r5, #216
 994 0150 0193     		str	r3, [sp, #4]
 995 0152 05F1D403 		add	r3, r5, #212
 996 0156 0093     		str	r3, [sp]
 997 0158 05F1D003 		add	r3, r5, #208
 998 015c 3A46     		mov	r2, r7
 999 015e 3946     		mov	r1, r7
 1000 0160 6F48     		ldr	r0, .L91+28
 1001 0162 C047     		blx	r8
 1002              	.LVL41:
 1003              		.loc 1 316 11 view .LVU260
 1004 0164 0028     		cmp	r0, #0
 1005 0166 00F08A80 		beq	.L69
 317:Task/Task_Control.c ****                                       NULL, NULL,
 318:Task/Task_Control.c ****                                       &TaskControl_Monitor.acc[Axis_X],
 319:Task/Task_Control.c ****                                       &TaskControl_Monitor.acc[Axis_Y],
 320:Task/Task_Control.c ****                                       &TaskControl_Monitor.acc[Axis_Z],
 321:Task/Task_Control.c ****                                       &TaskControl_Monitor.gyr[Axis_X],
 322:Task/Task_Control.c ****                                       &TaskControl_Monitor.gyr[Axis_Y],
 323:Task/Task_Control.c ****                                       &TaskControl_Monitor.gyr[Axis_Z],
 324:Task/Task_Control.c ****                                       NULL, &imu_err_code) || !imu_init_state)
 1006              		.loc 1 324 63 view .LVU261
 1007 016a 6E4B     		ldr	r3, .L91+32
 1008 016c 1B78     		ldrb	r3, [r3]	@ zero_extendqisi2
 1009              		.loc 1 324 60 view .LVU262
 1010 016e 002B     		cmp	r3, #0
 1011 0170 00F08580 		beq	.L69
 325:Task/Task_Control.c ****             goto lock_moto;
 326:Task/Task_Control.c **** 
 327:Task/Task_Control.c ****         /* if angular speed over ride then lock the moto and set drone as arm */
 328:Task/Task_Control.c **** 
 329:Task/Task_Control.c ****         // get attitude
 330:Task/Task_Control.c ****         att_update = SrvDataHub.get_attitude(&att_update_time,
 1012              		.loc 1 330 9 is_stmt 1 view .LVU263
 1013              		.loc 1 330 32 is_stmt 0 view .LVU264
 1014 0174 684B     		ldr	r3, .L91+20
 1015 0176 5F6C     		ldr	r7, [r3, #68]
 1016              		.loc 1 330 22 view .LVU265
 1017 0178 05F58873 		add	r3, r5, #272
 1018 017c 0493     		str	r3, [sp, #16]
 1019 017e 0023     		movs	r3, #0
 1020 0180 0393     		str	r3, [sp, #12]
 1021 0182 0293     		str	r3, [sp, #8]
 1022 0184 0193     		str	r3, [sp, #4]
 1023 0186 0093     		str	r3, [sp]
 1024 0188 05F58673 		add	r3, r5, #268
 1025 018c 05F58472 		add	r2, r5, #264
 1026 0190 05F58271 		add	r1, r5, #260
 1027 0194 6448     		ldr	r0, .L91+36
 1028 0196 B847     		blx	r7
 1029              	.LVL42:
 1030              		.loc 1 330 20 view .LVU266
 1031 0198 644B     		ldr	r3, .L91+40
ARM GAS  C:\Users\HUAV\AppData\Local\Temp\ccU1Knae.s 			page 27


 1032 019a 1870     		strb	r0, [r3]
 331:Task/Task_Control.c ****                                              &TaskControl_Monitor.pitch,
 332:Task/Task_Control.c ****                                              &TaskControl_Monitor.roll,
 333:Task/Task_Control.c ****                                              &TaskControl_Monitor.yaw,
 334:Task/Task_Control.c ****                                              NULL, NULL, NULL, NULL,
 335:Task/Task_Control.c ****                                              &TaskControl_Monitor.flip_over);
 336:Task/Task_Control.c **** 
 337:Task/Task_Control.c ****         att_ctl_mea.pitch  = TaskControl_Monitor.pitch;
 1033              		.loc 1 337 9 is_stmt 1 view .LVU267
 1034              		.loc 1 337 49 is_stmt 0 view .LVU268
 1035 019c 95ED410A 		vldr.32	s0, [r5, #260]
 1036              		.loc 1 337 28 view .LVU269
 1037 01a0 8DED0E0A 		vstr.32	s0, [sp, #56]
 338:Task/Task_Control.c ****         att_ctl_mea.roll   = TaskControl_Monitor.roll;
 1038              		.loc 1 338 9 is_stmt 1 view .LVU270
 1039              		.loc 1 338 49 is_stmt 0 view .LVU271
 1040 01a4 D5ED420A 		vldr.32	s1, [r5, #264]
 1041              		.loc 1 338 28 view .LVU272
 1042 01a8 CDED0F0A 		vstr.32	s1, [sp, #60]
 339:Task/Task_Control.c ****         att_ctl_mea.gyro_x = TaskControl_Monitor.gyr[Axis_X];
 1043              		.loc 1 339 9 is_stmt 1 view .LVU273
 1044              		.loc 1 339 53 is_stmt 0 view .LVU274
 1045 01ac D5F8DC30 		ldr	r3, [r5, #220]	@ float
 1046              		.loc 1 339 28 view .LVU275
 1047 01b0 1093     		str	r3, [sp, #64]	@ float
 340:Task/Task_Control.c ****         att_ctl_mea.gyro_y = TaskControl_Monitor.gyr[Axis_Y];
 1048              		.loc 1 340 9 is_stmt 1 view .LVU276
 1049              		.loc 1 340 53 is_stmt 0 view .LVU277
 1050 01b2 D5F8E030 		ldr	r3, [r5, #224]	@ float
 1051              		.loc 1 340 28 view .LVU278
 1052 01b6 1193     		str	r3, [sp, #68]	@ float
 341:Task/Task_Control.c ****         att_ctl_mea.gyro_z = TaskControl_Monitor.gyr[Axis_Z];
 1053              		.loc 1 341 9 is_stmt 1 view .LVU279
 1054              		.loc 1 341 53 is_stmt 0 view .LVU280
 1055 01b8 D5F8E430 		ldr	r3, [r5, #228]	@ float
 1056              		.loc 1 341 28 view .LVU281
 1057 01bc 1293     		str	r3, [sp, #72]	@ float
 342:Task/Task_Control.c **** 
 343:Task/Task_Control.c ****         TaskControl_disarm_check(arm_state, TaskControl_Monitor.pitch, TaskControl_Monitor.roll);
 1058              		.loc 1 343 9 is_stmt 1 view .LVU282
 1059 01be 4846     		mov	r0, r9
 1060 01c0 FFF7FEFF 		bl	TaskControl_disarm_check
 1061              	.LVL43:
 344:Task/Task_Control.c **** 
 345:Task/Task_Control.c ****         /* if armed or usb attached then lock moto */
 346:Task/Task_Control.c ****         if (TaskControl_Monitor.moto_unlock != Moto_Unlock)
 1062              		.loc 1 346 9 view .LVU283
 1063              		.loc 1 346 32 is_stmt 0 view .LVU284
 1064 01c4 95F81231 		ldrb	r3, [r5, #274]	@ zero_extendqisi2
 1065              		.loc 1 346 12 view .LVU285
 1066 01c8 012B     		cmp	r3, #1
 1067 01ca 58D1     		bne	.L69
 347:Task/Task_Control.c ****             goto lock_moto;
 348:Task/Task_Control.c **** 
 349:Task/Task_Control.c ****         if (imu_update_time)
 1068              		.loc 1 349 9 is_stmt 1 view .LVU286
 1069              		.loc 1 349 13 is_stmt 0 view .LVU287
ARM GAS  C:\Users\HUAV\AppData\Local\Temp\ccU1Knae.s 			page 28


 1070 01cc 544B     		ldr	r3, .L91+28
 1071 01ce 1B68     		ldr	r3, [r3]
 1072              		.loc 1 349 12 view .LVU288
 1073 01d0 002B     		cmp	r3, #0
 1074 01d2 00F08A80 		beq	.L71
 350:Task/Task_Control.c ****         {
 351:Task/Task_Control.c ****             if (imu_update_time > TaskControl_Monitor.IMU_Rt)
 1075              		.loc 1 351 13 is_stmt 1 view .LVU289
 1076              		.loc 1 351 54 is_stmt 0 view .LVU290
 1077 01d6 D5F8C820 		ldr	r2, [r5, #200]
 1078              		.loc 1 351 16 view .LVU291
 1079 01da 9342     		cmp	r3, r2
 1080 01dc 14D9     		bls	.L72
 352:Task/Task_Control.c ****             {
 353:Task/Task_Control.c ****                 TaskControl_Monitor.imu_update_error_cnt = 0;
 1081              		.loc 1 353 17 is_stmt 1 view .LVU292
 1082              		.loc 1 353 58 is_stmt 0 view .LVU293
 1083 01de 0021     		movs	r1, #0
 1084 01e0 85F8C410 		strb	r1, [r5, #196]
 354:Task/Task_Control.c ****                 TaskControl_Monitor.IMU_Rt = imu_update_time;
 1085              		.loc 1 354 17 is_stmt 1 view .LVU294
 1086              		.loc 1 354 44 is_stmt 0 view .LVU295
 1087 01e4 C5F8C830 		str	r3, [r5, #200]
 1088              	.L73:
 355:Task/Task_Control.c ****             }
 356:Task/Task_Control.c ****             else if (imu_update_time <= TaskControl_Monitor.IMU_Rt)
 357:Task/Task_Control.c ****             {
 358:Task/Task_Control.c ****                 TaskControl_Monitor.imu_update_error_cnt++;
 359:Task/Task_Control.c ****                 if (TaskControl_Monitor.imu_update_error_cnt >= IMU_ERROR_UPDATE_MAX_COUNT)
 360:Task/Task_Control.c ****                 {
 361:Task/Task_Control.c ****                     TaskControl_Monitor.control_abort = true;
 362:Task/Task_Control.c ****                     goto lock_moto;
 363:Task/Task_Control.c ****                 }
 364:Task/Task_Control.c ****             }
 365:Task/Task_Control.c **** 
 366:Task/Task_Control.c ****             TaskControl_Monitor.imu_none_update_cnt = 0;
 1089              		.loc 1 366 13 is_stmt 1 view .LVU296
 1090              		.loc 1 366 53 is_stmt 0 view .LVU297
 1091 01e8 464B     		ldr	r3, .L91
 1092 01ea 0022     		movs	r2, #0
 1093 01ec 83F81821 		strb	r2, [r3, #280]
 367:Task/Task_Control.c ****             if(imu_err_code != SrvIMU_Sample_NoError)
 1094              		.loc 1 367 13 is_stmt 1 view .LVU298
 1095              		.loc 1 367 29 is_stmt 0 view .LVU299
 1096 01f0 4A4B     		ldr	r3, .L91+24
 1097 01f2 1B78     		ldrb	r3, [r3]	@ zero_extendqisi2
 1098              		.loc 1 367 15 view .LVU300
 1099 01f4 002B     		cmp	r3, #0
 1100 01f6 37D0     		beq	.L74
 368:Task/Task_Control.c ****             {
 369:Task/Task_Control.c ****                 switch(imu_err_code)
 1101              		.loc 1 369 17 is_stmt 1 view .LVU301
 1102 01f8 013B     		subs	r3, r3, #1
 1103 01fa 052B     		cmp	r3, #5
 1104 01fc 34D8     		bhi	.L74
 1105 01fe DFE803F0 		tbb	[pc, r3]
 1106              	.L76:
ARM GAS  C:\Users\HUAV\AppData\Local\Temp\ccU1Knae.s 			page 29


 1107 0202 14       		.byte	(.L78-.L76)/2
 1108 0203 33       		.byte	(.L74-.L76)/2
 1109 0204 10       		.byte	(.L77-.L76)/2
 1110 0205 33       		.byte	(.L74-.L76)/2
 1111 0206 10       		.byte	(.L77-.L76)/2
 1112 0207 4C       		.byte	(.L75-.L76)/2
 1113              		.p2align 1
 1114              	.L72:
 356:Task/Task_Control.c ****             {
 1115              		.loc 1 356 18 view .LVU302
 358:Task/Task_Control.c ****                 if (TaskControl_Monitor.imu_update_error_cnt >= IMU_ERROR_UPDATE_MAX_COUNT)
 1116              		.loc 1 358 17 view .LVU303
 358:Task/Task_Control.c ****                 if (TaskControl_Monitor.imu_update_error_cnt >= IMU_ERROR_UPDATE_MAX_COUNT)
 1117              		.loc 1 358 36 is_stmt 0 view .LVU304
 1118 0208 3E4A     		ldr	r2, .L91
 1119 020a 92F8C430 		ldrb	r3, [r2, #196]	@ zero_extendqisi2
 358:Task/Task_Control.c ****                 if (TaskControl_Monitor.imu_update_error_cnt >= IMU_ERROR_UPDATE_MAX_COUNT)
 1120              		.loc 1 358 57 view .LVU305
 1121 020e 0133     		adds	r3, r3, #1
 1122 0210 DBB2     		uxtb	r3, r3
 1123 0212 82F8C430 		strb	r3, [r2, #196]
 359:Task/Task_Control.c ****                 {
 1124              		.loc 1 359 17 is_stmt 1 view .LVU306
 359:Task/Task_Control.c ****                 {
 1125              		.loc 1 359 20 is_stmt 0 view .LVU307
 1126 0216 092B     		cmp	r3, #9
 1127 0218 E6D9     		bls	.L73
 361:Task/Task_Control.c ****                     goto lock_moto;
 1128              		.loc 1 361 21 is_stmt 1 view .LVU308
 361:Task/Task_Control.c ****                     goto lock_moto;
 1129              		.loc 1 361 55 is_stmt 0 view .LVU309
 1130 021a 1346     		mov	r3, r2
 1131 021c 0122     		movs	r2, #1
 1132 021e 5A70     		strb	r2, [r3, #1]
 362:Task/Task_Control.c ****                 }
 1133              		.loc 1 362 21 is_stmt 1 view .LVU310
 1134 0220 2DE0     		b	.L69
 1135              	.L77:
 370:Task/Task_Control.c ****                 {
 371:Task/Task_Control.c ****                     case SrvIMU_Sample_Data_Acc_Blunt:
 372:Task/Task_Control.c ****                     case SrvIMU_Sample_Data_Acc_OverRange:
 373:Task/Task_Control.c ****                         /* still can use gyro loop control quad */
 374:Task/Task_Control.c ****                         /* switch into manul control */
 375:Task/Task_Control.c ****                         break;
 376:Task/Task_Control.c ****                     
 377:Task/Task_Control.c ****                     case SrvIMU_Sample_Data_Gyr_Blunt:
 378:Task/Task_Control.c ****                     case SrvIMU_Sample_Data_Gyr_OverRange:
 379:Task/Task_Control.c ****                         /* totally waste */
 380:Task/Task_Control.c ****                         /* bye drone see u in another world */
 381:Task/Task_Control.c ****                         TaskControl_Monitor.control_abort = true;
 1136              		.loc 1 381 25 view .LVU311
 1137              		.loc 1 381 59 is_stmt 0 view .LVU312
 1138 0222 384B     		ldr	r3, .L91
 1139 0224 0122     		movs	r2, #1
 1140 0226 5A70     		strb	r2, [r3, #1]
 382:Task/Task_Control.c ****                         goto lock_moto;
 1141              		.loc 1 382 25 is_stmt 1 view .LVU313
ARM GAS  C:\Users\HUAV\AppData\Local\Temp\ccU1Knae.s 			page 30


 1142 0228 29E0     		b	.L69
 1143              	.L78:
 383:Task/Task_Control.c ****                         break;
 1144              		.loc 1 383 25 view .LVU314
 384:Task/Task_Control.c **** 
 385:Task/Task_Control.c ****                     case SrvIMU_Sample_Module_UnReady:
 386:Task/Task_Control.c ****                         TaskControl_Monitor.imu_none_update_cnt++;
 1145              		.loc 1 386 25 view .LVU315
 1146              		.loc 1 386 64 is_stmt 0 view .LVU316
 1147 022a 364B     		ldr	r3, .L91
 1148 022c 0122     		movs	r2, #1
 1149 022e 83F81821 		strb	r2, [r3, #280]
 387:Task/Task_Control.c ****                         if(TaskControl_Monitor.imu_none_update_cnt >= IMU_NONE_UPDATE_THRESHOLD)
 1150              		.loc 1 387 25 is_stmt 1 view .LVU317
 388:Task/Task_Control.c ****                         {
 389:Task/Task_Control.c ****                             TaskControl_Monitor.control_abort = true;
 390:Task/Task_Control.c ****                             goto lock_moto;
 391:Task/Task_Control.c ****                         }
 392:Task/Task_Control.c ****                         else
 393:Task/Task_Control.c ****                         {
 394:Task/Task_Control.c ****                             /* use last time sample imu data for control */
 395:Task/Task_Control.c ****                             for(axis = Axis_X; axis < Axis_Sum; axis++)
 1151              		.loc 1 395 38 is_stmt 0 view .LVU318
 1152 0232 0023     		movs	r3, #0
 1153 0234 16E0     		b	.L79
 1154              	.LVL44:
 1155              	.L80:
 396:Task/Task_Control.c ****                             {
 397:Task/Task_Control.c ****                                 TaskControl_Monitor.acc[axis] = TaskControl_Monitor.acc_lst[axis];
 1156              		.loc 1 397 33 is_stmt 1 discriminator 3 view .LVU319
 1157              		.loc 1 397 92 is_stmt 0 discriminator 3 view .LVU320
 1158 0236 334A     		ldr	r2, .L91
 1159 0238 03F13A01 		add	r1, r3, #58
 1160 023c 02EB8101 		add	r1, r2, r1, lsl #2
 1161 0240 0868     		ldr	r0, [r1]	@ float
 1162              		.loc 1 397 63 discriminator 3 view .LVU321
 1163 0242 03F13401 		add	r1, r3, #52
 1164 0246 02EB8101 		add	r1, r2, r1, lsl #2
 1165 024a 0860     		str	r0, [r1]	@ float
 398:Task/Task_Control.c ****                                 TaskControl_Monitor.gyr[axis] = TaskControl_Monitor.gyr_lst[axis];
 1166              		.loc 1 398 33 is_stmt 1 discriminator 3 view .LVU322
 1167              		.loc 1 398 92 is_stmt 0 discriminator 3 view .LVU323
 1168 024c 03F13C01 		add	r1, r3, #60
 1169 0250 02EB8101 		add	r1, r2, r1, lsl #2
 1170 0254 4968     		ldr	r1, [r1, #4]	@ float
 1171              		.loc 1 398 63 discriminator 3 view .LVU324
 1172 0256 03F13600 		add	r0, r3, #54
 1173 025a 02EB8002 		add	r2, r2, r0, lsl #2
 1174 025e 5160     		str	r1, [r2, #4]	@ float
 395:Task/Task_Control.c ****                             {
 1175              		.loc 1 395 65 is_stmt 1 discriminator 3 view .LVU325
 395:Task/Task_Control.c ****                             {
 1176              		.loc 1 395 69 is_stmt 0 discriminator 3 view .LVU326
 1177 0260 0133     		adds	r3, r3, #1
 1178              	.LVL45:
 395:Task/Task_Control.c ****                             {
 1179              		.loc 1 395 69 discriminator 3 view .LVU327
ARM GAS  C:\Users\HUAV\AppData\Local\Temp\ccU1Knae.s 			page 31


 1180 0262 DBB2     		uxtb	r3, r3
 1181              	.LVL46:
 1182              	.L79:
 395:Task/Task_Control.c ****                             {
 1183              		.loc 1 395 48 is_stmt 1 discriminator 1 view .LVU328
 395:Task/Task_Control.c ****                             {
 1184              		.loc 1 395 29 is_stmt 0 discriminator 1 view .LVU329
 1185 0264 022B     		cmp	r3, #2
 1186 0266 E6D9     		bls	.L80
 1187              	.LVL47:
 1188              	.L74:
 399:Task/Task_Control.c ****                             }
 400:Task/Task_Control.c ****                         }
 401:Task/Task_Control.c ****                         break;
 402:Task/Task_Control.c **** 
 403:Task/Task_Control.c ****                     case SrvIMU_Sample_Over_Angular_Accelerate:
 404:Task/Task_Control.c ****                         TaskControl_Monitor.angular_protect = true;
 405:Task/Task_Control.c ****                         if(TaskControl_Monitor.angular_warning_cnt < OVER_ANGULAR_ACCELERATE_COUNT)
 406:Task/Task_Control.c ****                         {
 407:Task/Task_Control.c ****                             TaskControl_Monitor.angular_protect = false;
 408:Task/Task_Control.c ****                             TaskControl_Monitor.angular_warning_cnt++;
 409:Task/Task_Control.c **** 
 410:Task/Task_Control.c ****                             for(axis = Axis_X; axis < Axis_Sum; axis++)
 411:Task/Task_Control.c ****                             {
 412:Task/Task_Control.c ****                                 TaskControl_Monitor.acc[axis] = TaskControl_Monitor.acc_lst[axis];
 413:Task/Task_Control.c ****                                 TaskControl_Monitor.gyr[axis] = TaskControl_Monitor.gyr_lst[axis];
 414:Task/Task_Control.c ****                             }
 415:Task/Task_Control.c ****                         }
 416:Task/Task_Control.c ****                         break;
 417:Task/Task_Control.c **** 
 418:Task/Task_Control.c ****                     default: break;
 419:Task/Task_Control.c ****                 }
 420:Task/Task_Control.c ****             }
 421:Task/Task_Control.c ****         }
 422:Task/Task_Control.c ****         else
 423:Task/Task_Control.c ****         {
 424:Task/Task_Control.c ****             /* check keep time to abort drone control */
 425:Task/Task_Control.c ****             TaskControl_Monitor.imu_none_update_cnt ++;
 426:Task/Task_Control.c **** 
 427:Task/Task_Control.c ****             if(TaskControl_Monitor.imu_none_update_cnt >= IMU_NONE_UPDATE_THRESHOLD)
 428:Task/Task_Control.c ****                 TaskControl_Monitor.control_abort = true;
 429:Task/Task_Control.c **** 
 430:Task/Task_Control.c ****             goto lock_moto;
 431:Task/Task_Control.c ****         }
 432:Task/Task_Control.c ****         
 433:Task/Task_Control.c ****         if(TaskControl_Monitor.angular_protect_enable && TaskControl_Monitor.angular_protect)
 1189              		.loc 1 433 9 is_stmt 1 view .LVU330
 1190              		.loc 1 433 31 is_stmt 0 view .LVU331
 1191 0268 264B     		ldr	r3, .L91
 1192 026a 9B78     		ldrb	r3, [r3, #2]	@ zero_extendqisi2
 1193              		.loc 1 433 11 view .LVU332
 1194 026c 13B1     		cbz	r3, .L84
 1195              		.loc 1 433 77 discriminator 1 view .LVU333
 1196 026e 254B     		ldr	r3, .L91
 1197 0270 DB78     		ldrb	r3, [r3, #3]	@ zero_extendqisi2
 1198              		.loc 1 433 55 discriminator 1 view .LVU334
 1199 0272 23B9     		cbnz	r3, .L69
ARM GAS  C:\Users\HUAV\AppData\Local\Temp\ccU1Knae.s 			page 32


 1200              	.L84:
 434:Task/Task_Control.c ****             goto lock_moto;
 435:Task/Task_Control.c **** 
 436:Task/Task_Control.c ****         if(TaskControl_Monitor.flip_over)
 1201              		.loc 1 436 9 is_stmt 1 view .LVU335
 1202              		.loc 1 436 31 is_stmt 0 view .LVU336
 1203 0274 234B     		ldr	r3, .L91
 1204 0276 93F81031 		ldrb	r3, [r3, #272]	@ zero_extendqisi2
 1205              		.loc 1 436 11 view .LVU337
 1206 027a 002B     		cmp	r3, #0
 1207 027c 5ED0     		beq	.L90
 1208              	.LVL48:
 1209              	.L69:
 437:Task/Task_Control.c ****         {
 438:Task/Task_Control.c ****             if (!exp_ctl_val->aux.bit.flip_over)
 439:Task/Task_Control.c ****                 goto lock_moto;
 440:Task/Task_Control.c **** 
 441:Task/Task_Control.c ****             /* still in developping */
 442:Task/Task_Control.c ****             /* when drone is up side down and we want to flip over it by telemetry */
 443:Task/Task_Control.c ****             /* reverse propeller spin dir to reverse the drone */
 444:Task/Task_Control.c ****         }
 445:Task/Task_Control.c ****         else
 446:Task/Task_Control.c ****         {
 447:Task/Task_Control.c ****             /* do drone control algorithm down below */
 448:Task/Task_Control.c ****             TaskControl_Monitor.throttle_percent = exp_ctl_val->throttle_percent;
 449:Task/Task_Control.c **** 
 450:Task/Task_Control.c ****             /* Controller Update */
 451:Task/Task_Control.c ****             /* altitude control update */
 452:Task/Task_Control.c ****             /* attitude control update */
 453:Task/Task_Control.c ****             /* test code */
 454:Task/Task_Control.c ****             ang_ctl_only = true;
 455:Task/Task_Control.c ****             /* test code */
 456:Task/Task_Control.c ****             Controller.att_ctl(TaskControl_Monitor.ctl_para.att_mode, sys_ms, ang_ctl_only, att_ctl
 457:Task/Task_Control.c **** 
 458:Task/Task_Control.c ****             /* when usb attached then lock moto */
 459:Task/Task_Control.c ****             // if (SrvDataHub.get_vcp_attach_state(&USB_Attach) || !USB_Attach)
 460:Task/Task_Control.c ****             // {
 461:Task/Task_Control.c ****                 TaskControl_Actuator_ControlValue_Update(TaskControl_Monitor.throttle_percent, \
 462:Task/Task_Control.c ****                                                          att_ctl_out.gyro_x, \
 463:Task/Task_Control.c ****                                                          att_ctl_out.gyro_y, \
 464:Task/Task_Control.c ****                                                          att_ctl_out.gyro_z);
 465:Task/Task_Control.c **** 
 466:Task/Task_Control.c ****                 if(imu_err_code == SrvIMU_Sample_NoError)
 467:Task/Task_Control.c ****                 {
 468:Task/Task_Control.c ****                     for(axis = Axis_X; axis < Axis_Sum; axis ++)
 469:Task/Task_Control.c ****                     {
 470:Task/Task_Control.c ****                         TaskControl_Monitor.acc_lst[axis] = TaskControl_Monitor.acc[axis];
 471:Task/Task_Control.c ****                         TaskControl_Monitor.gyr_lst[axis] = TaskControl_Monitor.gyr[axis];
 472:Task/Task_Control.c ****                     }
 473:Task/Task_Control.c ****                 }
 474:Task/Task_Control.c ****             
 475:Task/Task_Control.c ****                 return;
 476:Task/Task_Control.c ****             // }
 477:Task/Task_Control.c ****         }
 478:Task/Task_Control.c ****     }
 479:Task/Task_Control.c **** 
 480:Task/Task_Control.c **** lock_moto:
ARM GAS  C:\Users\HUAV\AppData\Local\Temp\ccU1Knae.s 			page 33


 481:Task/Task_Control.c ****     Controller.reset_att_processing(TaskControl_Monitor.ctl_para.att_mode);
 1210              		.loc 1 481 5 is_stmt 1 discriminator 1 view .LVU338
 1211              		.loc 1 481 15 is_stmt 0 discriminator 1 view .LVU339
 1212 027e 2C4B     		ldr	r3, .L91+44
 1213 0280 1B69     		ldr	r3, [r3, #16]
 1214              		.loc 1 481 5 discriminator 1 view .LVU340
 1215 0282 204A     		ldr	r2, .L91
 1216 0284 92F84C00 		ldrb	r0, [r2, #76]	@ zero_extendqisi2
 1217 0288 9847     		blx	r3
 1218              	.LVL49:
 482:Task/Task_Control.c ****     SrvActuator.lock();
 1219              		.loc 1 482 5 is_stmt 1 discriminator 1 view .LVU341
 1220              		.loc 1 482 16 is_stmt 0 discriminator 1 view .LVU342
 1221 028a 2A4B     		ldr	r3, .L91+48
 1222 028c DB68     		ldr	r3, [r3, #12]
 1223              		.loc 1 482 5 discriminator 1 view .LVU343
 1224 028e 9847     		blx	r3
 1225              	.LVL50:
 1226              	.L68:
 483:Task/Task_Control.c **** }
 1227              		.loc 1 483 1 view .LVU344
 1228 0290 1DB0     		add	sp, sp, #116
 1229              	.LCFI10:
 1230              		.cfi_remember_state
 1231              		.cfi_def_cfa_offset 36
 1232              		@ sp needed
 1233 0292 BDEC028B 		vldm	sp!, {d8}
 1234              	.LCFI11:
 1235              		.cfi_restore 80
 1236              		.cfi_restore 81
 1237              		.cfi_def_cfa_offset 28
 1238 0296 BDE8F083 		pop	{r4, r5, r6, r7, r8, r9, pc}
 1239              	.LVL51:
 1240              	.L75:
 1241              	.LCFI12:
 1242              		.cfi_restore_state
 404:Task/Task_Control.c ****                         if(TaskControl_Monitor.angular_warning_cnt < OVER_ANGULAR_ACCELERATE_COUNT)
 1243              		.loc 1 404 25 is_stmt 1 view .LVU345
 404:Task/Task_Control.c ****                         if(TaskControl_Monitor.angular_warning_cnt < OVER_ANGULAR_ACCELERATE_COUNT)
 1244              		.loc 1 404 61 is_stmt 0 view .LVU346
 1245 029a 1A4B     		ldr	r3, .L91
 1246 029c 0122     		movs	r2, #1
 1247 029e DA70     		strb	r2, [r3, #3]
 405:Task/Task_Control.c ****                         {
 1248              		.loc 1 405 25 is_stmt 1 view .LVU347
 405:Task/Task_Control.c ****                         {
 1249              		.loc 1 405 47 is_stmt 0 view .LVU348
 1250 02a0 93F8C320 		ldrb	r2, [r3, #195]	@ zero_extendqisi2
 405:Task/Task_Control.c ****                         {
 1251              		.loc 1 405 27 view .LVU349
 1252 02a4 042A     		cmp	r2, #4
 1253 02a6 DFD8     		bhi	.L74
 407:Task/Task_Control.c ****                             TaskControl_Monitor.angular_warning_cnt++;
 1254              		.loc 1 407 29 is_stmt 1 view .LVU350
 407:Task/Task_Control.c ****                             TaskControl_Monitor.angular_warning_cnt++;
 1255              		.loc 1 407 65 is_stmt 0 view .LVU351
 1256 02a8 1946     		mov	r1, r3
ARM GAS  C:\Users\HUAV\AppData\Local\Temp\ccU1Knae.s 			page 34


 1257 02aa 0023     		movs	r3, #0
 1258 02ac CB70     		strb	r3, [r1, #3]
 408:Task/Task_Control.c **** 
 1259              		.loc 1 408 29 is_stmt 1 view .LVU352
 408:Task/Task_Control.c **** 
 1260              		.loc 1 408 68 is_stmt 0 view .LVU353
 1261 02ae 0132     		adds	r2, r2, #1
 1262 02b0 81F8C320 		strb	r2, [r1, #195]
 410:Task/Task_Control.c ****                             {
 1263              		.loc 1 410 29 is_stmt 1 view .LVU354
 410:Task/Task_Control.c ****                             {
 1264              		.loc 1 410 29 is_stmt 0 view .LVU355
 1265 02b4 16E0     		b	.L81
 1266              	.LVL52:
 1267              	.L82:
 412:Task/Task_Control.c ****                                 TaskControl_Monitor.gyr[axis] = TaskControl_Monitor.gyr_lst[axis];
 1268              		.loc 1 412 33 is_stmt 1 discriminator 3 view .LVU356
 412:Task/Task_Control.c ****                                 TaskControl_Monitor.gyr[axis] = TaskControl_Monitor.gyr_lst[axis];
 1269              		.loc 1 412 92 is_stmt 0 discriminator 3 view .LVU357
 1270 02b6 134A     		ldr	r2, .L91
 1271 02b8 03F13A01 		add	r1, r3, #58
 1272 02bc 02EB8101 		add	r1, r2, r1, lsl #2
 1273 02c0 0868     		ldr	r0, [r1]	@ float
 412:Task/Task_Control.c ****                                 TaskControl_Monitor.gyr[axis] = TaskControl_Monitor.gyr_lst[axis];
 1274              		.loc 1 412 63 discriminator 3 view .LVU358
 1275 02c2 03F13401 		add	r1, r3, #52
 1276 02c6 02EB8101 		add	r1, r2, r1, lsl #2
 1277 02ca 0860     		str	r0, [r1]	@ float
 413:Task/Task_Control.c ****                             }
 1278              		.loc 1 413 33 is_stmt 1 discriminator 3 view .LVU359
 413:Task/Task_Control.c ****                             }
 1279              		.loc 1 413 92 is_stmt 0 discriminator 3 view .LVU360
 1280 02cc 03F13C01 		add	r1, r3, #60
 1281 02d0 02EB8101 		add	r1, r2, r1, lsl #2
 1282 02d4 4968     		ldr	r1, [r1, #4]	@ float
 413:Task/Task_Control.c ****                             }
 1283              		.loc 1 413 63 discriminator 3 view .LVU361
 1284 02d6 03F13600 		add	r0, r3, #54
 1285 02da 02EB8002 		add	r2, r2, r0, lsl #2
 1286 02de 5160     		str	r1, [r2, #4]	@ float
 410:Task/Task_Control.c ****                             {
 1287              		.loc 1 410 65 is_stmt 1 discriminator 3 view .LVU362
 410:Task/Task_Control.c ****                             {
 1288              		.loc 1 410 69 is_stmt 0 discriminator 3 view .LVU363
 1289 02e0 0133     		adds	r3, r3, #1
 1290              	.LVL53:
 410:Task/Task_Control.c ****                             {
 1291              		.loc 1 410 69 discriminator 3 view .LVU364
 1292 02e2 DBB2     		uxtb	r3, r3
 1293              	.LVL54:
 1294              	.L81:
 410:Task/Task_Control.c ****                             {
 1295              		.loc 1 410 48 is_stmt 1 discriminator 1 view .LVU365
 410:Task/Task_Control.c ****                             {
 1296              		.loc 1 410 29 is_stmt 0 discriminator 1 view .LVU366
 1297 02e4 022B     		cmp	r3, #2
 1298 02e6 E6D9     		bls	.L82
ARM GAS  C:\Users\HUAV\AppData\Local\Temp\ccU1Knae.s 			page 35


 1299 02e8 BEE7     		b	.L74
 1300              	.LVL55:
 1301              	.L71:
 425:Task/Task_Control.c **** 
 1302              		.loc 1 425 13 is_stmt 1 view .LVU367
 425:Task/Task_Control.c **** 
 1303              		.loc 1 425 32 is_stmt 0 view .LVU368
 1304 02ea 064A     		ldr	r2, .L91
 1305 02ec 92F81831 		ldrb	r3, [r2, #280]	@ zero_extendqisi2
 425:Task/Task_Control.c **** 
 1306              		.loc 1 425 53 view .LVU369
 1307 02f0 0133     		adds	r3, r3, #1
 1308 02f2 DBB2     		uxtb	r3, r3
 1309 02f4 82F81831 		strb	r3, [r2, #280]
 427:Task/Task_Control.c ****                 TaskControl_Monitor.control_abort = true;
 1310              		.loc 1 427 13 is_stmt 1 view .LVU370
 427:Task/Task_Control.c ****                 TaskControl_Monitor.control_abort = true;
 1311              		.loc 1 427 15 is_stmt 0 view .LVU371
 1312 02f8 092B     		cmp	r3, #9
 1313 02fa C0D9     		bls	.L69
 428:Task/Task_Control.c **** 
 1314              		.loc 1 428 17 is_stmt 1 view .LVU372
 428:Task/Task_Control.c **** 
 1315              		.loc 1 428 51 is_stmt 0 view .LVU373
 1316 02fc 1346     		mov	r3, r2
 1317 02fe 0122     		movs	r2, #1
 1318 0300 5A70     		strb	r2, [r3, #1]
 430:Task/Task_Control.c ****         }
 1319              		.loc 1 430 13 is_stmt 1 view .LVU374
 1320 0302 BCE7     		b	.L69
 1321              	.L92:
 1322              		.align	2
 1323              	.L91:
 1324 0304 00000000 		.word	.LANCHOR0
 1325 0308 00000000 		.word	.LANCHOR1
 1326 030c 00000000 		.word	.LANCHOR2
 1327 0310 00000000 		.word	CtlData_hub_DataPipe
 1328 0314 00000000 		.word	CtlData_Log_DataPipe
 1329 0318 00000000 		.word	SrvDataHub
 1330 031c 00000000 		.word	.LANCHOR4
 1331 0320 00000000 		.word	.LANCHOR3
 1332 0324 00000000 		.word	.LANCHOR5
 1333 0328 00000000 		.word	.LANCHOR6
 1334 032c 00000000 		.word	.LANCHOR7
 1335 0330 00000000 		.word	Controller
 1336 0334 00000000 		.word	SrvActuator
 1337 0338 00000000 		.word	CtlData_smp_DataPipe
 1338              	.LVL56:
 1339              	.L90:
 448:Task/Task_Control.c **** 
 1340              		.loc 1 448 13 view .LVU375
 448:Task/Task_Control.c **** 
 1341              		.loc 1 448 63 is_stmt 0 view .LVU376
 1342 033c 94F84E30 		ldrb	r3, [r4, #78]	@ zero_extendqisi2
 448:Task/Task_Control.c **** 
 1343              		.loc 1 448 50 view .LVU377
 1344 0340 214F     		ldr	r7, .L93
ARM GAS  C:\Users\HUAV\AppData\Local\Temp\ccU1Knae.s 			page 36


 1345 0342 87F80031 		strb	r3, [r7, #256]
 454:Task/Task_Control.c ****             /* test code */
 1346              		.loc 1 454 13 is_stmt 1 view .LVU378
 1347              	.LVL57:
 456:Task/Task_Control.c **** 
 1348              		.loc 1 456 13 view .LVU379
 456:Task/Task_Control.c **** 
 1349              		.loc 1 456 23 is_stmt 0 view .LVU380
 1350 0346 214B     		ldr	r3, .L93+4
 1351 0348 D3F80C80 		ldr	r8, [r3, #12]
 456:Task/Task_Control.c **** 
 1352              		.loc 1 456 13 view .LVU381
 1353 034c 19AB     		add	r3, sp, #100
 1354 034e 0B93     		str	r3, [sp, #44]
 1355 0350 05AC     		add	r4, sp, #20
 1356              	.LVL58:
 456:Task/Task_Control.c **** 
 1357              		.loc 1 456 13 view .LVU382
 1358 0352 0DAD     		add	r5, sp, #52
 1359 0354 0FCD     		ldmia	r5!, {r0, r1, r2, r3}
 1360 0356 0FC4     		stmia	r4!, {r0, r1, r2, r3}
 1361 0358 95E80300 		ldm	r5, {r0, r1}
 1362 035c 84E80300 		stm	r4, {r0, r1}
 1363 0360 6C46     		mov	r4, sp
 1364 0362 14AD     		add	r5, sp, #80
 1365 0364 0FCD     		ldmia	r5!, {r0, r1, r2, r3}
 1366 0366 0FC4     		stmia	r4!, {r0, r1, r2, r3}
 1367 0368 2B68     		ldr	r3, [r5]
 1368 036a 2360     		str	r3, [r4]
 1369 036c 139B     		ldr	r3, [sp, #76]
 1370 036e 0122     		movs	r2, #1
 1371 0370 3146     		mov	r1, r6
 1372 0372 97F84C00 		ldrb	r0, [r7, #76]	@ zero_extendqisi2
 1373 0376 C047     		blx	r8
 1374              	.LVL59:
 461:Task/Task_Control.c ****                                                          att_ctl_out.gyro_x, \
 1375              		.loc 1 461 17 is_stmt 1 view .LVU383
 1376 0378 9DED1B1A 		vldr.32	s2, [sp, #108]
 1377 037c DDED1A0A 		vldr.32	s1, [sp, #104]
 1378 0380 9DED190A 		vldr.32	s0, [sp, #100]
 1379 0384 97F80001 		ldrb	r0, [r7, #256]	@ zero_extendqisi2
 1380 0388 FFF7FEFF 		bl	TaskControl_Actuator_ControlValue_Update
 1381              	.LVL60:
 466:Task/Task_Control.c ****                 {
 1382              		.loc 1 466 17 view .LVU384
 466:Task/Task_Control.c ****                 {
 1383              		.loc 1 466 33 is_stmt 0 view .LVU385
 1384 038c 104B     		ldr	r3, .L93+8
 1385 038e 1B78     		ldrb	r3, [r3]	@ zero_extendqisi2
 466:Task/Task_Control.c ****                 {
 1386              		.loc 1 466 19 view .LVU386
 1387 0390 BBB1     		cbz	r3, .L85
 1388 0392 7DE7     		b	.L68
 1389              	.LVL61:
 1390              	.L87:
 470:Task/Task_Control.c ****                         TaskControl_Monitor.gyr_lst[axis] = TaskControl_Monitor.gyr[axis];
 1391              		.loc 1 470 25 is_stmt 1 discriminator 3 view .LVU387
ARM GAS  C:\Users\HUAV\AppData\Local\Temp\ccU1Knae.s 			page 37


 470:Task/Task_Control.c ****                         TaskControl_Monitor.gyr_lst[axis] = TaskControl_Monitor.gyr[axis];
 1392              		.loc 1 470 84 is_stmt 0 discriminator 3 view .LVU388
 1393 0394 0C4A     		ldr	r2, .L93
 1394 0396 03F13401 		add	r1, r3, #52
 1395 039a 02EB8101 		add	r1, r2, r1, lsl #2
 1396 039e 0868     		ldr	r0, [r1]	@ float
 470:Task/Task_Control.c ****                         TaskControl_Monitor.gyr_lst[axis] = TaskControl_Monitor.gyr[axis];
 1397              		.loc 1 470 59 discriminator 3 view .LVU389
 1398 03a0 03F13A01 		add	r1, r3, #58
 1399 03a4 02EB8101 		add	r1, r2, r1, lsl #2
 1400 03a8 0860     		str	r0, [r1]	@ float
 471:Task/Task_Control.c ****                     }
 1401              		.loc 1 471 25 is_stmt 1 discriminator 3 view .LVU390
 471:Task/Task_Control.c ****                     }
 1402              		.loc 1 471 84 is_stmt 0 discriminator 3 view .LVU391
 1403 03aa 03F13601 		add	r1, r3, #54
 1404 03ae 02EB8101 		add	r1, r2, r1, lsl #2
 1405 03b2 4968     		ldr	r1, [r1, #4]	@ float
 471:Task/Task_Control.c ****                     }
 1406              		.loc 1 471 59 discriminator 3 view .LVU392
 1407 03b4 03F13C00 		add	r0, r3, #60
 1408 03b8 02EB8002 		add	r2, r2, r0, lsl #2
 1409 03bc 5160     		str	r1, [r2, #4]	@ float
 468:Task/Task_Control.c ****                     {
 1410              		.loc 1 468 57 is_stmt 1 discriminator 3 view .LVU393
 468:Task/Task_Control.c ****                     {
 1411              		.loc 1 468 62 is_stmt 0 discriminator 3 view .LVU394
 1412 03be 0133     		adds	r3, r3, #1
 1413              	.LVL62:
 468:Task/Task_Control.c ****                     {
 1414              		.loc 1 468 62 discriminator 3 view .LVU395
 1415 03c0 DBB2     		uxtb	r3, r3
 1416              	.LVL63:
 1417              	.L85:
 468:Task/Task_Control.c ****                     {
 1418              		.loc 1 468 40 is_stmt 1 discriminator 1 view .LVU396
 468:Task/Task_Control.c ****                     {
 1419              		.loc 1 468 21 is_stmt 0 discriminator 1 view .LVU397
 1420 03c2 022B     		cmp	r3, #2
 1421 03c4 E6D9     		bls	.L87
 1422 03c6 63E7     		b	.L68
 1423              	.L94:
 1424              		.align	2
 1425              	.L93:
 1426 03c8 00000000 		.word	.LANCHOR0
 1427 03cc 00000000 		.word	Controller
 1428 03d0 00000000 		.word	.LANCHOR4
 1429              		.cfi_endproc
 1430              	.LFE2281:
 1432              		.section	.rodata.TaskControl_CLI_Polling.str1.4,"aMS",%progbits,1
 1433              		.align	2
 1434              	.LC3:
 1435 0000 6D6F746F 		.ascii	"moto spin dir set done\015\012\000"
 1435      20737069 
 1435      6E206469 
 1435      72207365 
 1435      7420646F 
ARM GAS  C:\Users\HUAV\AppData\Local\Temp\ccU1Knae.s 			page 38


 1436 0019 000000   		.align	2
 1437              	.LC4:
 1438 001c 6D6F746F 		.ascii	"moto spin dir set error\015\012\000"
 1438      20737069 
 1438      6E206469 
 1438      72207365 
 1438      74206572 
 1439              		.section	.text.TaskControl_CLI_Polling,"ax",%progbits
 1440              		.align	1
 1441              		.syntax unified
 1442              		.thumb
 1443              		.thumb_func
 1445              	TaskControl_CLI_Polling:
 1446              	.LFB2282:
 484:Task/Task_Control.c **** 
 485:Task/Task_Control.c **** /****************************************************** CLI Section *******************************
 486:Task/Task_Control.c **** static void TaskControl_CLI_Polling(void)
 487:Task/Task_Control.c **** {
 1447              		.loc 1 487 1 is_stmt 1 view -0
 1448              		.cfi_startproc
 1449              		@ args = 0, pretend = 0, frame = 32
 1450              		@ frame_needed = 0, uses_anonymous_args = 0
 1451 0000 30B5     		push	{r4, r5, lr}
 1452              	.LCFI13:
 1453              		.cfi_def_cfa_offset 12
 1454              		.cfi_offset 4, -12
 1455              		.cfi_offset 5, -8
 1456              		.cfi_offset 14, -4
 1457 0002 89B0     		sub	sp, sp, #36
 1458              	.LCFI14:
 1459              		.cfi_def_cfa_offset 48
 488:Task/Task_Control.c ****     osEvent event;
 1460              		.loc 1 488 5 view .LVU399
 489:Task/Task_Control.c ****     static TaskControl_CLIData_TypeDef CLIData;
 1461              		.loc 1 489 5 view .LVU400
 490:Task/Task_Control.c ****     static uint16_t moto_ctl_buff[8] = {0};
 1462              		.loc 1 490 5 view .LVU401
 491:Task/Task_Control.c ****     Shell *shell_obj = Shell_GetInstence();
 1463              		.loc 1 491 5 view .LVU402
 1464              		.loc 1 491 24 is_stmt 0 view .LVU403
 1465 0004 FFF7FEFF 		bl	Shell_GetInstence
 1466              	.LVL64:
 492:Task/Task_Control.c **** 
 493:Task/Task_Control.c ****     if ((shell_obj == NULL) || \
 1467              		.loc 1 493 5 is_stmt 1 view .LVU404
 1468              		.loc 1 493 8 is_stmt 0 view .LVU405
 1469 0008 C8B1     		cbz	r0, .L95
 1470 000a 0446     		mov	r4, r0
 494:Task/Task_Control.c ****         (SrvActuator.lock == NULL) || \
 1471              		.loc 1 494 21 discriminator 1 view .LVU406
 1472 000c 5E4B     		ldr	r3, .L121
 1473 000e DB68     		ldr	r3, [r3, #12]
 493:Task/Task_Control.c ****         (SrvActuator.lock == NULL) || \
 1474              		.loc 1 493 29 discriminator 1 view .LVU407
 1475 0010 ABB1     		cbz	r3, .L95
 495:Task/Task_Control.c ****         (SrvActuator.moto_direct_drive == NULL))
 1476              		.loc 1 495 21 view .LVU408
ARM GAS  C:\Users\HUAV\AppData\Local\Temp\ccU1Knae.s 			page 39


 1477 0012 5D4B     		ldr	r3, .L121
 1478 0014 1B6B     		ldr	r3, [r3, #48]
 494:Task/Task_Control.c ****         (SrvActuator.lock == NULL) || \
 1479              		.loc 1 494 36 view .LVU409
 1480 0016 93B1     		cbz	r3, .L95
 496:Task/Task_Control.c ****         return;
 497:Task/Task_Control.c **** 
 498:Task/Task_Control.c ****     if(TaskControl_Monitor.CLIMessage_ID)
 1481              		.loc 1 498 5 is_stmt 1 view .LVU410
 1482              		.loc 1 498 27 is_stmt 0 view .LVU411
 1483 0018 5C4B     		ldr	r3, .L121+4
 1484 001a D3F81C11 		ldr	r1, [r3, #284]
 1485              		.loc 1 498 7 view .LVU412
 1486 001e 31B1     		cbz	r1, .L97
 499:Task/Task_Control.c ****     {
 500:Task/Task_Control.c ****         event = osMessageGet(TaskControl_Monitor.CLIMessage_ID, CLI_MESSAGE_OPEARATE_TIMEOUT);
 1487              		.loc 1 500 9 is_stmt 1 view .LVU413
 1488              		.loc 1 500 17 is_stmt 0 view .LVU414
 1489 0020 0122     		movs	r2, #1
 1490 0022 01A8     		add	r0, sp, #4
 1491              	.LVL65:
 1492              		.loc 1 500 17 view .LVU415
 1493 0024 FFF7FEFF 		bl	osMessageGet
 1494              	.LVL66:
 501:Task/Task_Control.c ****         if (event.status == osEventMessage)
 1495              		.loc 1 501 9 is_stmt 1 view .LVU416
 1496              		.loc 1 501 18 is_stmt 0 view .LVU417
 1497 0028 019B     		ldr	r3, [sp, #4]
 1498              		.loc 1 501 12 view .LVU418
 1499 002a 102B     		cmp	r3, #16
 1500 002c 09D0     		beq	.L117
 1501              	.LVL67:
 1502              	.L97:
 502:Task/Task_Control.c ****         {
 503:Task/Task_Control.c ****             if (event.value.p == NULL)
 504:Task/Task_Control.c ****             {
 505:Task/Task_Control.c ****                 SrvActuator.lock();
 506:Task/Task_Control.c ****                 return;
 507:Task/Task_Control.c ****             }
 508:Task/Task_Control.c **** 
 509:Task/Task_Control.c ****             CLIData = *(TaskControl_CLIData_TypeDef *)(event.value.p);
 510:Task/Task_Control.c ****             switch((uint8_t)CLIData.cli_type)
 511:Task/Task_Control.c ****             {
 512:Task/Task_Control.c ****                 case TaskControl_Moto_Set_SpinDir:
 513:Task/Task_Control.c ****                     memset(moto_ctl_buff, 0, sizeof(moto_ctl_buff));
 514:Task/Task_Control.c ****                     if(SrvActuator.set_spin_dir(CLIData.index, (uint8_t)CLIData.value))
 515:Task/Task_Control.c ****                     {
 516:Task/Task_Control.c ****                         shellPrint(shell_obj, "moto spin dir set done\r\n");
 517:Task/Task_Control.c ****                         SrvActuator.save(CLIData.index);
 518:Task/Task_Control.c ****                     }
 519:Task/Task_Control.c ****                     else
 520:Task/Task_Control.c ****                         shellPrint(shell_obj, "moto spin dir set error\r\n");
 521:Task/Task_Control.c ****                     break;
 522:Task/Task_Control.c **** 
 523:Task/Task_Control.c ****                 case TaskControl_Moto_Set_Spin:
 524:Task/Task_Control.c ****                     if(CLIData.index < SrvActuator.get_cnt().moto_cnt)
 525:Task/Task_Control.c ****                     {
ARM GAS  C:\Users\HUAV\AppData\Local\Temp\ccU1Knae.s 			page 40


 526:Task/Task_Control.c ****                         for(uint8_t i = 0; i < SrvActuator.get_cnt().moto_cnt; i++)
 527:Task/Task_Control.c ****                             moto_ctl_buff[i] = 0;
 528:Task/Task_Control.c **** 
 529:Task/Task_Control.c ****                         moto_ctl_buff[CLIData.index] = CLIData.value;
 530:Task/Task_Control.c ****                     }
 531:Task/Task_Control.c ****                     else
 532:Task/Task_Control.c ****                     {
 533:Task/Task_Control.c ****                         for(uint8_t i = 0; i < SrvActuator.get_cnt().moto_cnt; i++)
 534:Task/Task_Control.c ****                             moto_ctl_buff[i] = CLIData.value;
 535:Task/Task_Control.c ****                     }
 536:Task/Task_Control.c ****                     break;
 537:Task/Task_Control.c **** 
 538:Task/Task_Control.c ****                 case TaskControl_Moto_CliDisable:
 539:Task/Task_Control.c ****                     memset(moto_ctl_buff, 0, sizeof(moto_ctl_buff));
 540:Task/Task_Control.c ****                     TaskControl_Monitor.CLI_enable = false;
 541:Task/Task_Control.c ****                     break;
 542:Task/Task_Control.c **** 
 543:Task/Task_Control.c ****                 default: break;
 544:Task/Task_Control.c ****             }
 545:Task/Task_Control.c **** 
 546:Task/Task_Control.c ****             SrvOsCommon.free(event.value.p);
 547:Task/Task_Control.c ****         }
 548:Task/Task_Control.c ****     }
 549:Task/Task_Control.c **** 
 550:Task/Task_Control.c ****     if(CLIData.cli_type == TaskControl_Moto_Set_Spin)
 1503              		.loc 1 550 5 is_stmt 1 view .LVU419
 1504              		.loc 1 550 15 is_stmt 0 view .LVU420
 1505 002e 584B     		ldr	r3, .L121+8
 1506 0030 1B79     		ldrb	r3, [r3, #4]	@ zero_extendqisi2
 1507              		.loc 1 550 7 view .LVU421
 1508 0032 012B     		cmp	r3, #1
 1509 0034 00F0A680 		beq	.L118
 551:Task/Task_Control.c ****     {
 552:Task/Task_Control.c ****         /* set moto spin */
 553:Task/Task_Control.c ****         for (uint8_t i = 0; i < SrvActuator.get_cnt().moto_cnt; i++)
 554:Task/Task_Control.c ****             SrvActuator.moto_direct_drive(i, moto_ctl_buff[i]);
 555:Task/Task_Control.c ****     }
 556:Task/Task_Control.c ****     else
 557:Task/Task_Control.c ****         SrvActuator.lock();
 1510              		.loc 1 557 9 is_stmt 1 view .LVU422
 1511              		.loc 1 557 20 is_stmt 0 view .LVU423
 1512 0038 534B     		ldr	r3, .L121
 1513 003a DB68     		ldr	r3, [r3, #12]
 1514              		.loc 1 557 9 view .LVU424
 1515 003c 9847     		blx	r3
 1516              	.LVL68:
 1517              	.L95:
 558:Task/Task_Control.c **** }
 1518              		.loc 1 558 1 view .LVU425
 1519 003e 09B0     		add	sp, sp, #36
 1520              	.LCFI15:
 1521              		.cfi_remember_state
 1522              		.cfi_def_cfa_offset 12
 1523              		@ sp needed
 1524 0040 30BD     		pop	{r4, r5, pc}
 1525              	.LVL69:
 1526              	.L117:
ARM GAS  C:\Users\HUAV\AppData\Local\Temp\ccU1Knae.s 			page 41


 1527              	.LCFI16:
 1528              		.cfi_restore_state
 503:Task/Task_Control.c ****             {
 1529              		.loc 1 503 13 is_stmt 1 view .LVU426
 503:Task/Task_Control.c ****             {
 1530              		.loc 1 503 28 is_stmt 0 view .LVU427
 1531 0042 029D     		ldr	r5, [sp, #8]
 503:Task/Task_Control.c ****             {
 1532              		.loc 1 503 16 view .LVU428
 1533 0044 85B1     		cbz	r5, .L119
 509:Task/Task_Control.c ****             switch((uint8_t)CLIData.cli_type)
 1534              		.loc 1 509 13 is_stmt 1 view .LVU429
 509:Task/Task_Control.c ****             switch((uint8_t)CLIData.cli_type)
 1535              		.loc 1 509 21 is_stmt 0 view .LVU430
 1536 0046 524B     		ldr	r3, .L121+8
 1537 0048 95E80300 		ldm	r5, {r0, r1}
 1538 004c 83E80300 		stm	r3, {r0, r1}
 510:Task/Task_Control.c ****             {
 1539              		.loc 1 510 13 is_stmt 1 view .LVU431
 510:Task/Task_Control.c ****             {
 1540              		.loc 1 510 36 is_stmt 0 view .LVU432
 1541 0050 1B79     		ldrb	r3, [r3, #4]	@ zero_extendqisi2
 510:Task/Task_Control.c ****             {
 1542              		.loc 1 510 13 view .LVU433
 1543 0052 012B     		cmp	r3, #1
 1544 0054 28D0     		beq	.L99
 1545 0056 022B     		cmp	r3, #2
 1546 0058 0AD0     		beq	.L100
 1547 005a 002B     		cmp	r3, #0
 1548 005c 6FD0     		beq	.L120
 1549              	.LVL70:
 1550              	.L102:
 546:Task/Task_Control.c ****         }
 1551              		.loc 1 546 13 is_stmt 1 view .LVU434
 546:Task/Task_Control.c ****         }
 1552              		.loc 1 546 24 is_stmt 0 view .LVU435
 1553 005e 4D4B     		ldr	r3, .L121+12
 1554 0060 1B6B     		ldr	r3, [r3, #48]
 546:Task/Task_Control.c ****         }
 1555              		.loc 1 546 13 view .LVU436
 1556 0062 2846     		mov	r0, r5
 1557 0064 9847     		blx	r3
 1558              	.LVL71:
 1559 0066 E2E7     		b	.L97
 1560              	.LVL72:
 1561              	.L119:
 505:Task/Task_Control.c ****                 return;
 1562              		.loc 1 505 17 is_stmt 1 view .LVU437
 505:Task/Task_Control.c ****                 return;
 1563              		.loc 1 505 28 is_stmt 0 view .LVU438
 1564 0068 474B     		ldr	r3, .L121
 1565 006a DB68     		ldr	r3, [r3, #12]
 505:Task/Task_Control.c ****                 return;
 1566              		.loc 1 505 17 view .LVU439
 1567 006c 9847     		blx	r3
 1568              	.LVL73:
 506:Task/Task_Control.c ****             }
ARM GAS  C:\Users\HUAV\AppData\Local\Temp\ccU1Knae.s 			page 42


 1569              		.loc 1 506 17 is_stmt 1 view .LVU440
 1570 006e E6E7     		b	.L95
 1571              	.L100:
 513:Task/Task_Control.c ****                     if(SrvActuator.set_spin_dir(CLIData.index, (uint8_t)CLIData.value))
 1572              		.loc 1 513 21 view .LVU441
 1573 0070 494B     		ldr	r3, .L121+16
 1574 0072 0022     		movs	r2, #0
 1575 0074 1A60     		str	r2, [r3]
 1576 0076 5A60     		str	r2, [r3, #4]
 1577 0078 9A60     		str	r2, [r3, #8]
 1578 007a DA60     		str	r2, [r3, #12]
 514:Task/Task_Control.c ****                     {
 1579              		.loc 1 514 21 view .LVU442
 514:Task/Task_Control.c ****                     {
 1580              		.loc 1 514 35 is_stmt 0 view .LVU443
 1581 007c 424B     		ldr	r3, .L121
 1582 007e DA69     		ldr	r2, [r3, #28]
 514:Task/Task_Control.c ****                     {
 1583              		.loc 1 514 80 view .LVU444
 1584 0080 434B     		ldr	r3, .L121+8
 514:Task/Task_Control.c ****                     {
 1585              		.loc 1 514 24 view .LVU445
 1586 0082 9979     		ldrb	r1, [r3, #6]	@ zero_extendqisi2
 1587 0084 5879     		ldrb	r0, [r3, #5]	@ zero_extendqisi2
 1588 0086 9047     		blx	r2
 1589              	.LVL74:
 514:Task/Task_Control.c ****                     {
 1590              		.loc 1 514 23 view .LVU446
 1591 0088 48B1     		cbz	r0, .L103
 516:Task/Task_Control.c ****                         SrvActuator.save(CLIData.index);
 1592              		.loc 1 516 25 is_stmt 1 view .LVU447
 1593 008a 4449     		ldr	r1, .L121+20
 1594 008c 2046     		mov	r0, r4
 1595 008e FFF7FEFF 		bl	shellPrint
 1596              	.LVL75:
 517:Task/Task_Control.c ****                     }
 1597              		.loc 1 517 25 view .LVU448
 517:Task/Task_Control.c ****                     }
 1598              		.loc 1 517 36 is_stmt 0 view .LVU449
 1599 0092 3D4B     		ldr	r3, .L121
 1600 0094 9B6B     		ldr	r3, [r3, #56]
 517:Task/Task_Control.c ****                     }
 1601              		.loc 1 517 25 view .LVU450
 1602 0096 3E4A     		ldr	r2, .L121+8
 1603 0098 5079     		ldrb	r0, [r2, #5]	@ zero_extendqisi2
 1604 009a 9847     		blx	r3
 1605              	.LVL76:
 1606 009c DFE7     		b	.L102
 1607              	.L103:
 520:Task/Task_Control.c ****                     break;
 1608              		.loc 1 520 25 is_stmt 1 view .LVU451
 1609 009e 4049     		ldr	r1, .L121+24
 1610 00a0 2046     		mov	r0, r4
 1611 00a2 FFF7FEFF 		bl	shellPrint
 1612              	.LVL77:
 1613 00a6 DAE7     		b	.L102
 1614              	.L99:
ARM GAS  C:\Users\HUAV\AppData\Local\Temp\ccU1Knae.s 			page 43


 524:Task/Task_Control.c ****                     {
 1615              		.loc 1 524 21 view .LVU452
 524:Task/Task_Control.c ****                     {
 1616              		.loc 1 524 31 is_stmt 0 view .LVU453
 1617 00a8 394B     		ldr	r3, .L121+8
 1618 00aa 5C79     		ldrb	r4, [r3, #5]	@ zero_extendqisi2
 1619              	.LVL78:
 524:Task/Task_Control.c ****                     {
 1620              		.loc 1 524 51 view .LVU454
 1621 00ac 364B     		ldr	r3, .L121
 1622 00ae 9B6A     		ldr	r3, [r3, #40]
 524:Task/Task_Control.c ****                     {
 1623              		.loc 1 524 40 view .LVU455
 1624 00b0 9847     		blx	r3
 1625              	.LVL79:
 1626 00b2 8DF81000 		strb	r0, [sp, #16]
 1627 00b6 C0F30723 		ubfx	r3, r0, #8, #8
 1628 00ba 8DF81130 		strb	r3, [sp, #17]
 1629 00be C0F30740 		ubfx	r0, r0, #16, #8
 1630 00c2 8DF81200 		strb	r0, [sp, #18]
 524:Task/Task_Control.c ****                     {
 1631              		.loc 1 524 61 view .LVU456
 1632 00c6 DBB2     		uxtb	r3, r3
 524:Task/Task_Control.c ****                     {
 1633              		.loc 1 524 23 view .LVU457
 1634 00c8 9C42     		cmp	r4, r3
 1635 00ca 1ED3     		bcc	.L113
 1636              	.LBB4:
 533:Task/Task_Control.c ****                             moto_ctl_buff[i] = CLIData.value;
 1637              		.loc 1 533 37 view .LVU458
 1638 00cc 0024     		movs	r4, #0
 1639 00ce 25E0     		b	.L105
 1640              	.LVL80:
 1641              	.L106:
 533:Task/Task_Control.c ****                             moto_ctl_buff[i] = CLIData.value;
 1642              		.loc 1 533 37 view .LVU459
 1643              	.LBE4:
 1644              	.LBB5:
 527:Task/Task_Control.c **** 
 1645              		.loc 1 527 29 is_stmt 1 discriminator 3 view .LVU460
 527:Task/Task_Control.c **** 
 1646              		.loc 1 527 46 is_stmt 0 discriminator 3 view .LVU461
 1647 00d0 314B     		ldr	r3, .L121+16
 1648 00d2 0022     		movs	r2, #0
 1649 00d4 23F81420 		strh	r2, [r3, r4, lsl #1]	@ movhi
 526:Task/Task_Control.c ****                             moto_ctl_buff[i] = 0;
 1650              		.loc 1 526 80 is_stmt 1 discriminator 3 view .LVU462
 526:Task/Task_Control.c ****                             moto_ctl_buff[i] = 0;
 1651              		.loc 1 526 81 is_stmt 0 discriminator 3 view .LVU463
 1652 00d8 0134     		adds	r4, r4, #1
 1653              	.LVL81:
 526:Task/Task_Control.c ****                             moto_ctl_buff[i] = 0;
 1654              		.loc 1 526 81 discriminator 3 view .LVU464
 1655 00da E4B2     		uxtb	r4, r4
 1656              	.LVL82:
 1657              	.L104:
 526:Task/Task_Control.c ****                             moto_ctl_buff[i] = 0;
ARM GAS  C:\Users\HUAV\AppData\Local\Temp\ccU1Knae.s 			page 44


 1658              		.loc 1 526 44 is_stmt 1 discriminator 1 view .LVU465
 526:Task/Task_Control.c ****                             moto_ctl_buff[i] = 0;
 1659              		.loc 1 526 59 is_stmt 0 discriminator 1 view .LVU466
 1660 00dc 2A4B     		ldr	r3, .L121
 1661 00de 9B6A     		ldr	r3, [r3, #40]
 526:Task/Task_Control.c ****                             moto_ctl_buff[i] = 0;
 1662              		.loc 1 526 48 discriminator 1 view .LVU467
 1663 00e0 9847     		blx	r3
 1664              	.LVL83:
 1665 00e2 8DF81400 		strb	r0, [sp, #20]
 1666 00e6 C0F30723 		ubfx	r3, r0, #8, #8
 1667 00ea 8DF81530 		strb	r3, [sp, #21]
 1668 00ee C0F30740 		ubfx	r0, r0, #16, #8
 1669 00f2 8DF81600 		strb	r0, [sp, #22]
 526:Task/Task_Control.c ****                             moto_ctl_buff[i] = 0;
 1670              		.loc 1 526 69 discriminator 1 view .LVU468
 1671 00f6 DBB2     		uxtb	r3, r3
 526:Task/Task_Control.c ****                             moto_ctl_buff[i] = 0;
 1672              		.loc 1 526 25 discriminator 1 view .LVU469
 1673 00f8 A342     		cmp	r3, r4
 1674 00fa E9D8     		bhi	.L106
 1675              	.LBE5:
 529:Task/Task_Control.c ****                     }
 1676              		.loc 1 529 25 is_stmt 1 view .LVU470
 529:Task/Task_Control.c ****                     }
 1677              		.loc 1 529 46 is_stmt 0 view .LVU471
 1678 00fc 244B     		ldr	r3, .L121+8
 1679 00fe 5A79     		ldrb	r2, [r3, #5]	@ zero_extendqisi2
 529:Task/Task_Control.c ****                     }
 1680              		.loc 1 529 63 view .LVU472
 1681 0100 D988     		ldrh	r1, [r3, #6]
 529:Task/Task_Control.c ****                     }
 1682              		.loc 1 529 54 view .LVU473
 1683 0102 254B     		ldr	r3, .L121+16
 1684 0104 23F81210 		strh	r1, [r3, r2, lsl #1]	@ movhi
 1685 0108 A9E7     		b	.L102
 1686              	.LVL84:
 1687              	.L113:
 1688              	.LBB6:
 526:Task/Task_Control.c ****                             moto_ctl_buff[i] = 0;
 1689              		.loc 1 526 37 view .LVU474
 1690 010a 0024     		movs	r4, #0
 1691 010c E6E7     		b	.L104
 1692              	.LVL85:
 1693              	.L107:
 526:Task/Task_Control.c ****                             moto_ctl_buff[i] = 0;
 1694              		.loc 1 526 37 view .LVU475
 1695              	.LBE6:
 1696              	.LBB7:
 534:Task/Task_Control.c ****                     }
 1697              		.loc 1 534 29 is_stmt 1 discriminator 3 view .LVU476
 534:Task/Task_Control.c ****                     }
 1698              		.loc 1 534 55 is_stmt 0 discriminator 3 view .LVU477
 1699 010e 204B     		ldr	r3, .L121+8
 1700 0110 DA88     		ldrh	r2, [r3, #6]
 534:Task/Task_Control.c ****                     }
 1701              		.loc 1 534 46 discriminator 3 view .LVU478
ARM GAS  C:\Users\HUAV\AppData\Local\Temp\ccU1Knae.s 			page 45


 1702 0112 214B     		ldr	r3, .L121+16
 1703 0114 23F81420 		strh	r2, [r3, r4, lsl #1]	@ movhi
 533:Task/Task_Control.c ****                             moto_ctl_buff[i] = CLIData.value;
 1704              		.loc 1 533 80 is_stmt 1 discriminator 3 view .LVU479
 533:Task/Task_Control.c ****                             moto_ctl_buff[i] = CLIData.value;
 1705              		.loc 1 533 81 is_stmt 0 discriminator 3 view .LVU480
 1706 0118 0134     		adds	r4, r4, #1
 1707              	.LVL86:
 533:Task/Task_Control.c ****                             moto_ctl_buff[i] = CLIData.value;
 1708              		.loc 1 533 81 discriminator 3 view .LVU481
 1709 011a E4B2     		uxtb	r4, r4
 1710              	.LVL87:
 1711              	.L105:
 533:Task/Task_Control.c ****                             moto_ctl_buff[i] = CLIData.value;
 1712              		.loc 1 533 44 is_stmt 1 discriminator 1 view .LVU482
 533:Task/Task_Control.c ****                             moto_ctl_buff[i] = CLIData.value;
 1713              		.loc 1 533 59 is_stmt 0 discriminator 1 view .LVU483
 1714 011c 1A4B     		ldr	r3, .L121
 1715 011e 9B6A     		ldr	r3, [r3, #40]
 533:Task/Task_Control.c ****                             moto_ctl_buff[i] = CLIData.value;
 1716              		.loc 1 533 48 discriminator 1 view .LVU484
 1717 0120 9847     		blx	r3
 1718              	.LVL88:
 1719 0122 8DF81800 		strb	r0, [sp, #24]
 1720 0126 C0F30723 		ubfx	r3, r0, #8, #8
 1721 012a 8DF81930 		strb	r3, [sp, #25]
 1722 012e C0F30740 		ubfx	r0, r0, #16, #8
 1723 0132 8DF81A00 		strb	r0, [sp, #26]
 533:Task/Task_Control.c ****                             moto_ctl_buff[i] = CLIData.value;
 1724              		.loc 1 533 69 discriminator 1 view .LVU485
 1725 0136 DBB2     		uxtb	r3, r3
 533:Task/Task_Control.c ****                             moto_ctl_buff[i] = CLIData.value;
 1726              		.loc 1 533 25 discriminator 1 view .LVU486
 1727 0138 A342     		cmp	r3, r4
 1728 013a E8D8     		bhi	.L107
 1729 013c 8FE7     		b	.L102
 1730              	.LVL89:
 1731              	.L120:
 533:Task/Task_Control.c ****                             moto_ctl_buff[i] = CLIData.value;
 1732              		.loc 1 533 25 discriminator 1 view .LVU487
 1733              	.LBE7:
 539:Task/Task_Control.c ****                     TaskControl_Monitor.CLI_enable = false;
 1734              		.loc 1 539 21 is_stmt 1 view .LVU488
 1735 013e 164A     		ldr	r2, .L121+16
 1736 0140 0023     		movs	r3, #0
 1737 0142 1360     		str	r3, [r2]
 1738 0144 5360     		str	r3, [r2, #4]
 1739 0146 9360     		str	r3, [r2, #8]
 1740 0148 D360     		str	r3, [r2, #12]
 540:Task/Task_Control.c ****                     break;
 1741              		.loc 1 540 21 view .LVU489
 540:Task/Task_Control.c ****                     break;
 1742              		.loc 1 540 52 is_stmt 0 view .LVU490
 1743 014a 104A     		ldr	r2, .L121+4
 1744 014c 9371     		strb	r3, [r2, #6]
 541:Task/Task_Control.c **** 
 1745              		.loc 1 541 21 is_stmt 1 view .LVU491
ARM GAS  C:\Users\HUAV\AppData\Local\Temp\ccU1Knae.s 			page 46


 1746 014e 86E7     		b	.L102
 1747              	.LVL90:
 1748              	.L110:
 1749              	.LBB8:
 554:Task/Task_Control.c ****     }
 1750              		.loc 1 554 13 discriminator 3 view .LVU492
 554:Task/Task_Control.c ****     }
 1751              		.loc 1 554 24 is_stmt 0 discriminator 3 view .LVU493
 1752 0150 0D4B     		ldr	r3, .L121
 1753 0152 1B6B     		ldr	r3, [r3, #48]
 554:Task/Task_Control.c ****     }
 1754              		.loc 1 554 13 discriminator 3 view .LVU494
 1755 0154 104A     		ldr	r2, .L121+16
 1756 0156 32F91410 		ldrsh	r1, [r2, r4, lsl #1]
 1757 015a 2046     		mov	r0, r4
 1758 015c 9847     		blx	r3
 1759              	.LVL91:
 553:Task/Task_Control.c ****             SrvActuator.moto_direct_drive(i, moto_ctl_buff[i]);
 1760              		.loc 1 553 65 is_stmt 1 discriminator 3 view .LVU495
 553:Task/Task_Control.c ****             SrvActuator.moto_direct_drive(i, moto_ctl_buff[i]);
 1761              		.loc 1 553 66 is_stmt 0 discriminator 3 view .LVU496
 1762 015e 0134     		adds	r4, r4, #1
 1763              	.LVL92:
 553:Task/Task_Control.c ****             SrvActuator.moto_direct_drive(i, moto_ctl_buff[i]);
 1764              		.loc 1 553 66 discriminator 3 view .LVU497
 1765 0160 E4B2     		uxtb	r4, r4
 1766              	.LVL93:
 1767              	.L108:
 553:Task/Task_Control.c ****             SrvActuator.moto_direct_drive(i, moto_ctl_buff[i]);
 1768              		.loc 1 553 29 is_stmt 1 discriminator 1 view .LVU498
 553:Task/Task_Control.c ****             SrvActuator.moto_direct_drive(i, moto_ctl_buff[i]);
 1769              		.loc 1 553 44 is_stmt 0 discriminator 1 view .LVU499
 1770 0162 094B     		ldr	r3, .L121
 1771 0164 9B6A     		ldr	r3, [r3, #40]
 553:Task/Task_Control.c ****             SrvActuator.moto_direct_drive(i, moto_ctl_buff[i]);
 1772              		.loc 1 553 33 discriminator 1 view .LVU500
 1773 0166 9847     		blx	r3
 1774              	.LVL94:
 1775 0168 8DF81C00 		strb	r0, [sp, #28]
 1776 016c C0F30723 		ubfx	r3, r0, #8, #8
 1777 0170 8DF81D30 		strb	r3, [sp, #29]
 1778 0174 C0F30740 		ubfx	r0, r0, #16, #8
 1779 0178 8DF81E00 		strb	r0, [sp, #30]
 553:Task/Task_Control.c ****             SrvActuator.moto_direct_drive(i, moto_ctl_buff[i]);
 1780              		.loc 1 553 54 discriminator 1 view .LVU501
 1781 017c DBB2     		uxtb	r3, r3
 553:Task/Task_Control.c ****             SrvActuator.moto_direct_drive(i, moto_ctl_buff[i]);
 1782              		.loc 1 553 9 discriminator 1 view .LVU502
 1783 017e A342     		cmp	r3, r4
 1784 0180 E6D8     		bhi	.L110
 1785 0182 5CE7     		b	.L95
 1786              	.LVL95:
 1787              	.L118:
 553:Task/Task_Control.c ****             SrvActuator.moto_direct_drive(i, moto_ctl_buff[i]);
 1788              		.loc 1 553 22 view .LVU503
 1789 0184 0024     		movs	r4, #0
 1790 0186 ECE7     		b	.L108
ARM GAS  C:\Users\HUAV\AppData\Local\Temp\ccU1Knae.s 			page 47


 1791              	.L122:
 1792              		.align	2
 1793              	.L121:
 1794 0188 00000000 		.word	SrvActuator
 1795 018c 00000000 		.word	.LANCHOR0
 1796 0190 00000000 		.word	.LANCHOR8
 1797 0194 00000000 		.word	SrvOsCommon
 1798 0198 00000000 		.word	.LANCHOR9
 1799 019c 00000000 		.word	.LC3
 1800 01a0 1C000000 		.word	.LC4
 1801              	.LBE8:
 1802              		.cfi_endproc
 1803              	.LFE2282:
 1805              		.section	.rodata.TaskControl_CLI_ShowModleInfo.str1.4,"aMS",%progbits,1
 1806              		.align	2
 1807              	.LC5:
 1808 0000 5B20636F 		.ascii	"[ control parameter ]\015\012\000"
 1808      6E74726F 
 1808      6C207061 
 1808      72616D65 
 1808      74657220 
 1809              		.align	2
 1810              	.LC6:
 1811 0018 2D2D2D20 		.ascii	"--- control rate ---\015\012\000"
 1811      636F6E74 
 1811      726F6C20 
 1811      72617465 
 1811      202D2D2D 
 1812 002f 00       		.align	2
 1813              	.LC7:
 1814 0030 20202020 		.ascii	"    attitude        control rate %f\015\012\000"
 1814      61747469 
 1814      74756465 
 1814      20202020 
 1814      20202020 
 1815 0056 0000     		.align	2
 1816              	.LC8:
 1817 0058 20202020 		.ascii	"    X angular speed control rate %f\015\012\000"
 1817      5820616E 
 1817      67756C61 
 1817      72207370 
 1817      65656420 
 1818 007e 0000     		.align	2
 1819              	.LC9:
 1820 0080 20202020 		.ascii	"    Y angular speed control rate %f\015\012\000"
 1820      5920616E 
 1820      67756C61 
 1820      72207370 
 1820      65656420 
 1821 00a6 0000     		.align	2
 1822              	.LC10:
 1823 00a8 20202020 		.ascii	"    Z angular speed control rate %f\015\012\000"
 1823      5A20616E 
 1823      67756C61 
 1823      72207370 
 1823      65656420 
 1824 00ce 0000     		.align	2
ARM GAS  C:\Users\HUAV\AppData\Local\Temp\ccU1Knae.s 			page 48


 1825              	.LC11:
 1826 00d0 2D2D2D20 		.ascii	"--- control range ---\015\012\000"
 1826      636F6E74 
 1826      726F6C20 
 1826      72616E67 
 1826      65202D2D 
 1827              		.align	2
 1828              	.LC12:
 1829 00e8 20202020 		.ascii	"    pitch           range %f\015\012\000"
 1829      70697463 
 1829      68202020 
 1829      20202020 
 1829      20202020 
 1830 0107 00       		.align	2
 1831              	.LC13:
 1832 0108 20202020 		.ascii	"    roll            range %f\015\012\000"
 1832      726F6C6C 
 1832      20202020 
 1832      20202020 
 1832      20202020 
 1833 0127 00       		.align	2
 1834              	.LC14:
 1835 0128 20202020 		.ascii	"    X angular speed range %f\015\012\000"
 1835      5820616E 
 1835      67756C61 
 1835      72207370 
 1835      65656420 
 1836 0147 00       		.align	2
 1837              	.LC15:
 1838 0148 20202020 		.ascii	"    Y angular speed range %f\015\012\000"
 1838      5920616E 
 1838      67756C61 
 1838      72207370 
 1838      65656420 
 1839 0167 00       		.align	2
 1840              	.LC16:
 1841 0168 20202020 		.ascii	"    Z angular speed range %f\015\012\000"
 1841      5A20616E 
 1841      67756C61 
 1841      72207370 
 1841      65656420 
 1842 0187 00       		.align	2
 1843              	.LC17:
 1844 0188 2D2D2D20 		.ascii	"--- attitude control mode ---\015\012\000"
 1844      61747469 
 1844      74756465 
 1844      20636F6E 
 1844      74726F6C 
 1845              		.align	2
 1846              	.LC18:
 1847 01a8 202D2D2D 		.ascii	" ---- pid\015\012\000"
 1847      2D207069 
 1847      640D0A00 
 1848              		.align	2
 1849              	.LC19:
 1850 01b4 202D2D2D 		.ascii	" ---- ladrc\015\012\000"
 1850      2D206C61 
ARM GAS  C:\Users\HUAV\AppData\Local\Temp\ccU1Knae.s 			page 49


 1850      6472630D 
 1850      0A00
 1851 01c2 0000     		.align	2
 1852              	.LC20:
 1853 01c4 202D2D2D 		.ascii	" ---- mude\015\012\000"
 1853      2D206D75 
 1853      64650D0A 
 1853      00
 1854 01d1 000000   		.align	2
 1855              	.LC21:
 1856 01d4 202D2D2D 		.ascii	" ---- unknow control mode\015\012\000"
 1856      2D20756E 
 1856      6B6E6F77 
 1856      20636F6E 
 1856      74726F6C 
 1857              		.align	2
 1858              	.LC22:
 1859 01f0 2D2D2D20 		.ascii	"--- altitude control mode ---\015\012\000"
 1859      616C7469 
 1859      74756465 
 1859      20636F6E 
 1859      74726F6C 
 1860              		.align	2
 1861              	.LC23:
 1862 0210 5B206163 		.ascii	"[ actuator parameter ]\015\012\000"
 1862      74756174 
 1862      6F722070 
 1862      6172616D 
 1862      65746572 
 1863 0229 000000   		.align	2
 1864              	.LC24:
 1865 022c 20202020 		.ascii	"    moto  num %d\015\012\000"
 1865      6D6F746F 
 1865      20206E75 
 1865      6D202564 
 1865      0D0A00
 1866 023f 00       		.align	2
 1867              	.LC25:
 1868 0240 20202020 		.ascii	"    servo num %d\015\012\000"
 1868      73657276 
 1868      6F206E75 
 1868      6D202564 
 1868      0D0A00
 1869 0253 00       		.align	2
 1870              	.LC26:
 1871 0254 202D2D2D 		.ascii	" ---- ESC DShot_150\015\012\000"
 1871      2D204553 
 1871      43204453 
 1871      686F745F 
 1871      3135300D 
 1872 026a 0000     		.align	2
 1873              	.LC27:
 1874 026c 202D2D2D 		.ascii	" ---- ESC DShot_300\015\012\000"
 1874      2D204553 
 1874      43204453 
 1874      686F745F 
 1874      3330300D 
ARM GAS  C:\Users\HUAV\AppData\Local\Temp\ccU1Knae.s 			page 50


 1875 0282 0000     		.align	2
 1876              	.LC28:
 1877 0284 202D2D2D 		.ascii	" ---- ESC DShot_600\015\012\000"
 1877      2D204553 
 1877      43204453 
 1877      686F745F 
 1877      3630300D 
 1878 029a 0000     		.align	2
 1879              	.LC29:
 1880 029c 202D2D2D 		.ascii	" ---- ESC Brush\015\012\000"
 1880      2D204553 
 1880      43204272 
 1880      7573680D 
 1880      0A00
 1881 02ae 0000     		.align	2
 1882              	.LC30:
 1883 02b0 202D2D2D 		.ascii	" ---- QUAD\015\012\000"
 1883      2D205155 
 1883      41440D0A 
 1883      00
 1884 02bd 000000   		.align	2
 1885              	.LC31:
 1886 02c0 202D2D2D 		.ascii	" ---- HEX\015\012\000"
 1886      2D204845 
 1886      580D0A00 
 1887              		.align	2
 1888              	.LC32:
 1889 02cc 202D2D2D 		.ascii	" ---- Y6\015\012\000"
 1889      2D205936 
 1889      0D0A00
 1890 02d7 00       		.align	2
 1891              	.LC33:
 1892 02d8 202D2D2D 		.ascii	" ---- TRI\015\012\000"
 1892      2D205452 
 1892      490D0A00 
 1893              		.align	2
 1894              	.LC34:
 1895 02e4 202D2D2D 		.ascii	" ---- TDrone\015\012\000"
 1895      2D205444 
 1895      726F6E65 
 1895      0D0A00
 1896 02f3 00       		.align	2
 1897              	.LC35:
 1898 02f4 2D2D2D2D 		.ascii	"---- moto mapping relationship ----\015\012\000"
 1898      206D6F74 
 1898      6F206D61 
 1898      7070696E 
 1898      67207265 
 1899 031a 0000     		.align	2
 1900              	.LC36:
 1901 031c 20202020 		.ascii	"    moto list index %d -> map to phy rotor %d\015\012"
 1901      6D6F746F 
 1901      206C6973 
 1901      7420696E 
 1901      64657820 
 1902 034b 00       		.ascii	"\000"
 1903              		.section	.text.TaskControl_CLI_ShowModleInfo,"ax",%progbits
ARM GAS  C:\Users\HUAV\AppData\Local\Temp\ccU1Knae.s 			page 51


 1904              		.align	1
 1905              		.syntax unified
 1906              		.thumb
 1907              		.thumb_func
 1909              	TaskControl_CLI_ShowModleInfo:
 1910              	.LFB2283:
 559:Task/Task_Control.c **** 
 560:Task/Task_Control.c **** static void TaskControl_CLI_ShowModleInfo(void)
 561:Task/Task_Control.c **** {
 1911              		.loc 1 561 1 is_stmt 1 view -0
 1912              		.cfi_startproc
 1913              		@ args = 0, pretend = 0, frame = 0
 1914              		@ frame_needed = 0, uses_anonymous_args = 0
 1915 0000 38B5     		push	{r3, r4, r5, lr}
 1916              	.LCFI17:
 1917              		.cfi_def_cfa_offset 16
 1918              		.cfi_offset 3, -16
 1919              		.cfi_offset 4, -12
 1920              		.cfi_offset 5, -8
 1921              		.cfi_offset 14, -4
 562:Task/Task_Control.c ****     Shell *shell_obj = Shell_GetInstence();
 1922              		.loc 1 562 5 view .LVU505
 1923              		.loc 1 562 24 is_stmt 0 view .LVU506
 1924 0002 FFF7FEFF 		bl	Shell_GetInstence
 1925              	.LVL96:
 563:Task/Task_Control.c ****     if (shell_obj == NULL)
 1926              		.loc 1 563 5 is_stmt 1 view .LVU507
 1927              		.loc 1 563 8 is_stmt 0 view .LVU508
 1928 0006 0028     		cmp	r0, #0
 1929 0008 00F01B81 		beq	.L123
 1930 000c 0546     		mov	r5, r0
 564:Task/Task_Control.c ****         return;
 565:Task/Task_Control.c **** 
 566:Task/Task_Control.c ****     shellPrint(shell_obj, "[ control parameter ]\r\n");
 1931              		.loc 1 566 5 is_stmt 1 view .LVU509
 1932 000e 8D49     		ldr	r1, .L151
 1933 0010 FFF7FEFF 		bl	shellPrint
 1934              	.LVL97:
 567:Task/Task_Control.c ****     shellPrint(shell_obj, "--- control rate ---\r\n");
 1935              		.loc 1 567 5 view .LVU510
 1936 0014 8C49     		ldr	r1, .L151+4
 1937 0016 2846     		mov	r0, r5
 1938 0018 FFF7FEFF 		bl	shellPrint
 1939              	.LVL98:
 568:Task/Task_Control.c ****     shellPrint(shell_obj, "    attitude        control rate %f\r\n", TaskControl_Monitor.ctl_para.a
 1940              		.loc 1 568 5 view .LVU511
 1941              		.loc 1 568 98 is_stmt 0 view .LVU512
 1942 001c 8B4C     		ldr	r4, .L151+8
 1943 001e D4F84E20 		ldr	r2, [r4, #78]	@ unaligned
 1944              		.loc 1 568 5 view .LVU513
 1945 0022 07EE902A 		vmov	s15, r2
 1946 0026 B7EEE77A 		vcvt.f64.f32	d7, s15
 1947 002a 53EC172B 		vmov	r2, r3, d7
 1948 002e 8849     		ldr	r1, .L151+12
 1949 0030 2846     		mov	r0, r5
 1950 0032 FFF7FEFF 		bl	shellPrint
 1951              	.LVL99:
ARM GAS  C:\Users\HUAV\AppData\Local\Temp\ccU1Knae.s 			page 52


 569:Task/Task_Control.c ****     shellPrint(shell_obj, "    X angular speed control rate %f\r\n", TaskControl_Monitor.ctl_para.g
 1952              		.loc 1 569 5 is_stmt 1 view .LVU514
 1953              		.loc 1 569 98 is_stmt 0 view .LVU515
 1954 0036 D4F85A20 		ldr	r2, [r4, #90]	@ unaligned
 1955              		.loc 1 569 5 view .LVU516
 1956 003a 07EE902A 		vmov	s15, r2
 1957 003e B7EEE77A 		vcvt.f64.f32	d7, s15
 1958 0042 53EC172B 		vmov	r2, r3, d7
 1959 0046 8349     		ldr	r1, .L151+16
 1960 0048 2846     		mov	r0, r5
 1961 004a FFF7FEFF 		bl	shellPrint
 1962              	.LVL100:
 570:Task/Task_Control.c ****     shellPrint(shell_obj, "    Y angular speed control rate %f\r\n", TaskControl_Monitor.ctl_para.g
 1963              		.loc 1 570 5 is_stmt 1 view .LVU517
 1964              		.loc 1 570 98 is_stmt 0 view .LVU518
 1965 004e D4F86220 		ldr	r2, [r4, #98]	@ unaligned
 1966              		.loc 1 570 5 view .LVU519
 1967 0052 07EE902A 		vmov	s15, r2
 1968 0056 B7EEE77A 		vcvt.f64.f32	d7, s15
 1969 005a 53EC172B 		vmov	r2, r3, d7
 1970 005e 7E49     		ldr	r1, .L151+20
 1971 0060 2846     		mov	r0, r5
 1972 0062 FFF7FEFF 		bl	shellPrint
 1973              	.LVL101:
 571:Task/Task_Control.c ****     shellPrint(shell_obj, "    Z angular speed control rate %f\r\n", TaskControl_Monitor.ctl_para.g
 1974              		.loc 1 571 5 is_stmt 1 view .LVU520
 1975              		.loc 1 571 98 is_stmt 0 view .LVU521
 1976 0066 D4F86A20 		ldr	r2, [r4, #106]	@ unaligned
 1977              		.loc 1 571 5 view .LVU522
 1978 006a 07EE902A 		vmov	s15, r2
 1979 006e B7EEE77A 		vcvt.f64.f32	d7, s15
 1980 0072 53EC172B 		vmov	r2, r3, d7
 1981 0076 7949     		ldr	r1, .L151+24
 1982 0078 2846     		mov	r0, r5
 1983 007a FFF7FEFF 		bl	shellPrint
 1984              	.LVL102:
 572:Task/Task_Control.c ****     
 573:Task/Task_Control.c ****     shellPrint(shell_obj, "--- control range ---\r\n");
 1985              		.loc 1 573 5 is_stmt 1 view .LVU523
 1986 007e 7849     		ldr	r1, .L151+28
 1987 0080 2846     		mov	r0, r5
 1988 0082 FFF7FEFF 		bl	shellPrint
 1989              	.LVL103:
 574:Task/Task_Control.c ****     shellPrint(shell_obj, "    pitch           range %f\r\n", TaskControl_Monitor.ctl_para.pitch_ra
 1990              		.loc 1 574 5 view .LVU524
 1991              		.loc 1 574 91 is_stmt 0 view .LVU525
 1992 0086 D4F85220 		ldr	r2, [r4, #82]	@ unaligned
 1993              		.loc 1 574 5 view .LVU526
 1994 008a 07EE902A 		vmov	s15, r2
 1995 008e B7EEE77A 		vcvt.f64.f32	d7, s15
 1996 0092 53EC172B 		vmov	r2, r3, d7
 1997 0096 7349     		ldr	r1, .L151+32
 1998 0098 2846     		mov	r0, r5
 1999 009a FFF7FEFF 		bl	shellPrint
 2000              	.LVL104:
 575:Task/Task_Control.c ****     shellPrint(shell_obj, "    roll            range %f\r\n", TaskControl_Monitor.ctl_para.roll_ran
 2001              		.loc 1 575 5 is_stmt 1 view .LVU527
ARM GAS  C:\Users\HUAV\AppData\Local\Temp\ccU1Knae.s 			page 53


 2002              		.loc 1 575 91 is_stmt 0 view .LVU528
 2003 009e D4F85620 		ldr	r2, [r4, #86]	@ unaligned
 2004              		.loc 1 575 5 view .LVU529
 2005 00a2 07EE902A 		vmov	s15, r2
 2006 00a6 B7EEE77A 		vcvt.f64.f32	d7, s15
 2007 00aa 53EC172B 		vmov	r2, r3, d7
 2008 00ae 6E49     		ldr	r1, .L151+36
 2009 00b0 2846     		mov	r0, r5
 2010 00b2 FFF7FEFF 		bl	shellPrint
 2011              	.LVL105:
 576:Task/Task_Control.c ****     shellPrint(shell_obj, "    X angular speed range %f\r\n", TaskControl_Monitor.ctl_para.gx_range
 2012              		.loc 1 576 5 is_stmt 1 view .LVU530
 2013              		.loc 1 576 91 is_stmt 0 view .LVU531
 2014 00b6 D4F85E20 		ldr	r2, [r4, #94]	@ unaligned
 2015              		.loc 1 576 5 view .LVU532
 2016 00ba 07EE902A 		vmov	s15, r2
 2017 00be B7EEE77A 		vcvt.f64.f32	d7, s15
 2018 00c2 53EC172B 		vmov	r2, r3, d7
 2019 00c6 6949     		ldr	r1, .L151+40
 2020 00c8 2846     		mov	r0, r5
 2021 00ca FFF7FEFF 		bl	shellPrint
 2022              	.LVL106:
 577:Task/Task_Control.c ****     shellPrint(shell_obj, "    Y angular speed range %f\r\n", TaskControl_Monitor.ctl_para.gy_range
 2023              		.loc 1 577 5 is_stmt 1 view .LVU533
 2024              		.loc 1 577 91 is_stmt 0 view .LVU534
 2025 00ce D4F86620 		ldr	r2, [r4, #102]	@ unaligned
 2026              		.loc 1 577 5 view .LVU535
 2027 00d2 07EE902A 		vmov	s15, r2
 2028 00d6 B7EEE77A 		vcvt.f64.f32	d7, s15
 2029 00da 53EC172B 		vmov	r2, r3, d7
 2030 00de 6449     		ldr	r1, .L151+44
 2031 00e0 2846     		mov	r0, r5
 2032 00e2 FFF7FEFF 		bl	shellPrint
 2033              	.LVL107:
 578:Task/Task_Control.c ****     shellPrint(shell_obj, "    Z angular speed range %f\r\n", TaskControl_Monitor.ctl_para.gz_range
 2034              		.loc 1 578 5 is_stmt 1 view .LVU536
 2035              		.loc 1 578 91 is_stmt 0 view .LVU537
 2036 00e6 D4F86E20 		ldr	r2, [r4, #110]	@ unaligned
 2037              		.loc 1 578 5 view .LVU538
 2038 00ea 07EE902A 		vmov	s15, r2
 2039 00ee B7EEE77A 		vcvt.f64.f32	d7, s15
 2040 00f2 53EC172B 		vmov	r2, r3, d7
 2041 00f6 5F49     		ldr	r1, .L151+48
 2042 00f8 2846     		mov	r0, r5
 2043 00fa FFF7FEFF 		bl	shellPrint
 2044              	.LVL108:
 579:Task/Task_Control.c ****     shellPrint(shell_obj, "--- attitude control mode ---\r\n");
 2045              		.loc 1 579 5 is_stmt 1 view .LVU539
 2046 00fe 5E49     		ldr	r1, .L151+52
 2047 0100 2846     		mov	r0, r5
 2048 0102 FFF7FEFF 		bl	shellPrint
 2049              	.LVL109:
 580:Task/Task_Control.c ****     switch (TaskControl_Monitor.ctl_para.att_mode)
 2050              		.loc 1 580 5 view .LVU540
 2051              		.loc 1 580 41 is_stmt 0 view .LVU541
 2052 0106 94F84C30 		ldrb	r3, [r4, #76]	@ zero_extendqisi2
 2053              		.loc 1 580 5 view .LVU542
ARM GAS  C:\Users\HUAV\AppData\Local\Temp\ccU1Knae.s 			page 54


 2054 010a 012B     		cmp	r3, #1
 2055 010c 1CD0     		beq	.L125
 2056 010e 022B     		cmp	r3, #2
 2057 0110 1FD0     		beq	.L126
 2058 0112 23B1     		cbz	r3, .L149
 581:Task/Task_Control.c ****     {
 582:Task/Task_Control.c ****         case CtlM_PID:   shellPrint(shell_obj, " ---- pid\r\n"); break;
 583:Task/Task_Control.c ****         case CtlM_LADRC: shellPrint(shell_obj, " ---- ladrc\r\n"); break;
 584:Task/Task_Control.c ****         case CtlM_MUDE:  shellPrint(shell_obj, " ---- mude\r\n"); break;
 585:Task/Task_Control.c ****         default: shellPrint(shell_obj, " ---- unknow control mode\r\n"); break;
 2059              		.loc 1 585 18 is_stmt 1 view .LVU543
 2060 0114 5949     		ldr	r1, .L151+56
 2061 0116 2846     		mov	r0, r5
 2062 0118 FFF7FEFF 		bl	shellPrint
 2063              	.LVL110:
 2064              		.loc 1 585 74 view .LVU544
 2065              		.loc 1 585 9 is_stmt 0 view .LVU545
 2066 011c 03E0     		b	.L128
 2067              	.L149:
 582:Task/Task_Control.c ****         case CtlM_LADRC: shellPrint(shell_obj, " ---- ladrc\r\n"); break;
 2068              		.loc 1 582 26 is_stmt 1 view .LVU546
 2069 011e 5849     		ldr	r1, .L151+60
 2070 0120 2846     		mov	r0, r5
 2071 0122 FFF7FEFF 		bl	shellPrint
 2072              	.LVL111:
 582:Task/Task_Control.c ****         case CtlM_LADRC: shellPrint(shell_obj, " ---- ladrc\r\n"); break;
 2073              		.loc 1 582 66 view .LVU547
 2074              	.L128:
 586:Task/Task_Control.c ****     }
 587:Task/Task_Control.c **** 
 588:Task/Task_Control.c ****     shellPrint(shell_obj, "--- altitude control mode ---\r\n");
 2075              		.loc 1 588 5 view .LVU548
 2076 0126 5749     		ldr	r1, .L151+64
 2077 0128 2846     		mov	r0, r5
 2078 012a FFF7FEFF 		bl	shellPrint
 2079              	.LVL112:
 589:Task/Task_Control.c ****     switch (TaskControl_Monitor.ctl_para.alt_mode)
 2080              		.loc 1 589 5 view .LVU549
 2081              		.loc 1 589 41 is_stmt 0 view .LVU550
 2082 012e 474B     		ldr	r3, .L151+8
 2083 0130 93F84D30 		ldrb	r3, [r3, #77]	@ zero_extendqisi2
 2084              		.loc 1 589 5 view .LVU551
 2085 0134 012B     		cmp	r3, #1
 2086 0136 2FD0     		beq	.L129
 2087 0138 022B     		cmp	r3, #2
 2088 013a 32D0     		beq	.L130
 2089 013c 73B1     		cbz	r3, .L150
 590:Task/Task_Control.c ****     {
 591:Task/Task_Control.c ****         case CtlM_PID:   shellPrint(shell_obj, " ---- pid\r\n"); break;
 592:Task/Task_Control.c ****         case CtlM_LADRC: shellPrint(shell_obj, " ---- ladrc\r\n"); break;
 593:Task/Task_Control.c ****         case CtlM_MUDE:  shellPrint(shell_obj, " ---- mude\r\n"); break;
 594:Task/Task_Control.c ****         default: shellPrint(shell_obj, " ---- unknow control mode\r\n"); break;
 2090              		.loc 1 594 18 is_stmt 1 view .LVU552
 2091 013e 4F49     		ldr	r1, .L151+56
 2092 0140 2846     		mov	r0, r5
 2093 0142 FFF7FEFF 		bl	shellPrint
 2094              	.LVL113:
ARM GAS  C:\Users\HUAV\AppData\Local\Temp\ccU1Knae.s 			page 55


 2095              		.loc 1 594 74 view .LVU553
 2096              		.loc 1 594 9 is_stmt 0 view .LVU554
 2097 0146 0DE0     		b	.L132
 2098              	.L125:
 583:Task/Task_Control.c ****         case CtlM_MUDE:  shellPrint(shell_obj, " ---- mude\r\n"); break;
 2099              		.loc 1 583 26 is_stmt 1 view .LVU555
 2100 0148 4F49     		ldr	r1, .L151+68
 2101 014a 2846     		mov	r0, r5
 2102 014c FFF7FEFF 		bl	shellPrint
 2103              	.LVL114:
 583:Task/Task_Control.c ****         case CtlM_MUDE:  shellPrint(shell_obj, " ---- mude\r\n"); break;
 2104              		.loc 1 583 68 view .LVU556
 583:Task/Task_Control.c ****         case CtlM_MUDE:  shellPrint(shell_obj, " ---- mude\r\n"); break;
 2105              		.loc 1 583 9 is_stmt 0 view .LVU557
 2106 0150 E9E7     		b	.L128
 2107              	.L126:
 584:Task/Task_Control.c ****         default: shellPrint(shell_obj, " ---- unknow control mode\r\n"); break;
 2108              		.loc 1 584 26 is_stmt 1 view .LVU558
 2109 0152 4E49     		ldr	r1, .L151+72
 2110 0154 2846     		mov	r0, r5
 2111 0156 FFF7FEFF 		bl	shellPrint
 2112              	.LVL115:
 584:Task/Task_Control.c ****         default: shellPrint(shell_obj, " ---- unknow control mode\r\n"); break;
 2113              		.loc 1 584 67 view .LVU559
 584:Task/Task_Control.c ****         default: shellPrint(shell_obj, " ---- unknow control mode\r\n"); break;
 2114              		.loc 1 584 9 is_stmt 0 view .LVU560
 2115 015a E4E7     		b	.L128
 2116              	.L150:
 591:Task/Task_Control.c ****         case CtlM_LADRC: shellPrint(shell_obj, " ---- ladrc\r\n"); break;
 2117              		.loc 1 591 26 is_stmt 1 view .LVU561
 2118 015c 4849     		ldr	r1, .L151+60
 2119 015e 2846     		mov	r0, r5
 2120 0160 FFF7FEFF 		bl	shellPrint
 2121              	.LVL116:
 591:Task/Task_Control.c ****         case CtlM_LADRC: shellPrint(shell_obj, " ---- ladrc\r\n"); break;
 2122              		.loc 1 591 66 view .LVU562
 2123              	.L132:
 595:Task/Task_Control.c ****     }
 596:Task/Task_Control.c **** 
 597:Task/Task_Control.c ****     shellPrint(shell_obj, "[ actuator parameter ]\r\n");
 2124              		.loc 1 597 5 view .LVU563
 2125 0164 4A49     		ldr	r1, .L151+76
 2126 0166 2846     		mov	r0, r5
 2127 0168 FFF7FEFF 		bl	shellPrint
 2128              	.LVL117:
 598:Task/Task_Control.c ****     shellPrint(shell_obj, "    moto  num %d\r\n", TaskControl_Monitor.actuator_param.moto_num);
 2129              		.loc 1 598 5 view .LVU564
 2130              		.loc 1 598 85 is_stmt 0 view .LVU565
 2131 016c 374C     		ldr	r4, .L151+8
 2132              		.loc 1 598 5 view .LVU566
 2133 016e 94F8B820 		ldrb	r2, [r4, #184]	@ zero_extendqisi2
 2134 0172 4849     		ldr	r1, .L151+80
 2135 0174 2846     		mov	r0, r5
 2136 0176 FFF7FEFF 		bl	shellPrint
 2137              	.LVL118:
 599:Task/Task_Control.c ****     shellPrint(shell_obj, "    servo num %d\r\n", TaskControl_Monitor.actuator_param.servo_num);
 2138              		.loc 1 599 5 is_stmt 1 view .LVU567
ARM GAS  C:\Users\HUAV\AppData\Local\Temp\ccU1Knae.s 			page 56


 2139 017a 94F8BA20 		ldrb	r2, [r4, #186]	@ zero_extendqisi2
 2140 017e 4649     		ldr	r1, .L151+84
 2141 0180 2846     		mov	r0, r5
 2142 0182 FFF7FEFF 		bl	shellPrint
 2143              	.LVL119:
 600:Task/Task_Control.c ****     switch (TaskControl_Monitor.actuator_param.esc_type)
 2144              		.loc 1 600 5 view .LVU568
 2145              		.loc 1 600 47 is_stmt 0 view .LVU569
 2146 0186 94F8B930 		ldrb	r3, [r4, #185]	@ zero_extendqisi2
 2147              		.loc 1 600 5 view .LVU570
 2148 018a 013B     		subs	r3, r3, #1
 2149 018c 032B     		cmp	r3, #3
 2150 018e 11D8     		bhi	.L133
 2151 0190 DFE803F0 		tbb	[pc, r3]
 2152              	.L135:
 2153 0194 0C       		.byte	(.L138-.L135)/2
 2154 0195 1A       		.byte	(.L137-.L135)/2
 2155 0196 1F       		.byte	(.L136-.L135)/2
 2156 0197 24       		.byte	(.L134-.L135)/2
 2157              		.p2align 1
 2158              	.L129:
 592:Task/Task_Control.c ****         case CtlM_MUDE:  shellPrint(shell_obj, " ---- mude\r\n"); break;
 2159              		.loc 1 592 26 is_stmt 1 view .LVU571
 2160 0198 3B49     		ldr	r1, .L151+68
 2161 019a 2846     		mov	r0, r5
 2162 019c FFF7FEFF 		bl	shellPrint
 2163              	.LVL120:
 592:Task/Task_Control.c ****         case CtlM_MUDE:  shellPrint(shell_obj, " ---- mude\r\n"); break;
 2164              		.loc 1 592 68 view .LVU572
 592:Task/Task_Control.c ****         case CtlM_MUDE:  shellPrint(shell_obj, " ---- mude\r\n"); break;
 2165              		.loc 1 592 9 is_stmt 0 view .LVU573
 2166 01a0 E0E7     		b	.L132
 2167              	.L130:
 593:Task/Task_Control.c ****         default: shellPrint(shell_obj, " ---- unknow control mode\r\n"); break;
 2168              		.loc 1 593 26 is_stmt 1 view .LVU574
 2169 01a2 3A49     		ldr	r1, .L151+72
 2170 01a4 2846     		mov	r0, r5
 2171 01a6 FFF7FEFF 		bl	shellPrint
 2172              	.LVL121:
 593:Task/Task_Control.c ****         default: shellPrint(shell_obj, " ---- unknow control mode\r\n"); break;
 2173              		.loc 1 593 67 view .LVU575
 593:Task/Task_Control.c ****         default: shellPrint(shell_obj, " ---- unknow control mode\r\n"); break;
 2174              		.loc 1 593 9 is_stmt 0 view .LVU576
 2175 01aa DBE7     		b	.L132
 2176              	.L138:
 601:Task/Task_Control.c ****     {
 602:Task/Task_Control.c ****         case Actuator_DevType_DShot150: shellPrint(shell_obj, " ---- ESC DShot_150\r\n"); break;
 2177              		.loc 1 602 41 is_stmt 1 view .LVU577
 2178 01ac 3B49     		ldr	r1, .L151+88
 2179 01ae 2846     		mov	r0, r5
 2180 01b0 FFF7FEFF 		bl	shellPrint
 2181              	.LVL122:
 2182              		.loc 1 602 91 view .LVU578
 2183              	.L133:
 603:Task/Task_Control.c ****         case Actuator_DevType_DShot300: shellPrint(shell_obj, " ---- ESC DShot_300\r\n"); break;
 604:Task/Task_Control.c ****         case Actuator_DevType_DShot600: shellPrint(shell_obj, " ---- ESC DShot_600\r\n"); break;
 605:Task/Task_Control.c ****         case Actuator_DevType_Brush:    shellPrint(shell_obj, " ---- ESC Brush\r\n"); break;
ARM GAS  C:\Users\HUAV\AppData\Local\Temp\ccU1Knae.s 			page 57


 606:Task/Task_Control.c ****         default: break;
 607:Task/Task_Control.c ****     }
 608:Task/Task_Control.c ****     
 609:Task/Task_Control.c ****     switch (TaskControl_Monitor.actuator_param.model)
 2184              		.loc 1 609 5 view .LVU579
 2185              		.loc 1 609 47 is_stmt 0 view .LVU580
 2186 01b4 254B     		ldr	r3, .L151+8
 2187 01b6 93F8B730 		ldrb	r3, [r3, #183]	@ zero_extendqisi2
 2188              		.loc 1 609 5 view .LVU581
 2189 01ba 042B     		cmp	r3, #4
 2190 01bc 17D8     		bhi	.L139
 2191 01be DFE803F0 		tbb	[pc, r3]
 2192              	.L141:
 2193 01c2 12       		.byte	(.L145-.L141)/2
 2194 01c3 1C       		.byte	(.L144-.L141)/2
 2195 01c4 21       		.byte	(.L143-.L141)/2
 2196 01c5 26       		.byte	(.L142-.L141)/2
 2197 01c6 2B       		.byte	(.L140-.L141)/2
 2198 01c7 00       		.p2align 1
 2199              	.L137:
 603:Task/Task_Control.c ****         case Actuator_DevType_DShot300: shellPrint(shell_obj, " ---- ESC DShot_300\r\n"); break;
 2200              		.loc 1 603 41 is_stmt 1 view .LVU582
 2201 01c8 3549     		ldr	r1, .L151+92
 2202 01ca 2846     		mov	r0, r5
 2203 01cc FFF7FEFF 		bl	shellPrint
 2204              	.LVL123:
 603:Task/Task_Control.c ****         case Actuator_DevType_DShot300: shellPrint(shell_obj, " ---- ESC DShot_300\r\n"); break;
 2205              		.loc 1 603 91 view .LVU583
 603:Task/Task_Control.c ****         case Actuator_DevType_DShot300: shellPrint(shell_obj, " ---- ESC DShot_300\r\n"); break;
 2206              		.loc 1 603 9 is_stmt 0 view .LVU584
 2207 01d0 F0E7     		b	.L133
 2208              	.L136:
 604:Task/Task_Control.c ****         case Actuator_DevType_Brush:    shellPrint(shell_obj, " ---- ESC Brush\r\n"); break;
 2209              		.loc 1 604 41 is_stmt 1 view .LVU585
 2210 01d2 3449     		ldr	r1, .L151+96
 2211 01d4 2846     		mov	r0, r5
 2212 01d6 FFF7FEFF 		bl	shellPrint
 2213              	.LVL124:
 604:Task/Task_Control.c ****         case Actuator_DevType_Brush:    shellPrint(shell_obj, " ---- ESC Brush\r\n"); break;
 2214              		.loc 1 604 91 view .LVU586
 604:Task/Task_Control.c ****         case Actuator_DevType_Brush:    shellPrint(shell_obj, " ---- ESC Brush\r\n"); break;
 2215              		.loc 1 604 9 is_stmt 0 view .LVU587
 2216 01da EBE7     		b	.L133
 2217              	.L134:
 605:Task/Task_Control.c ****         default: break;
 2218              		.loc 1 605 41 is_stmt 1 view .LVU588
 2219 01dc 3249     		ldr	r1, .L151+100
 2220 01de 2846     		mov	r0, r5
 2221 01e0 FFF7FEFF 		bl	shellPrint
 2222              	.LVL125:
 605:Task/Task_Control.c ****         default: break;
 2223              		.loc 1 605 87 view .LVU589
 605:Task/Task_Control.c ****         default: break;
 2224              		.loc 1 605 9 is_stmt 0 view .LVU590
 2225 01e4 E6E7     		b	.L133
 2226              	.L145:
 610:Task/Task_Control.c ****     {
ARM GAS  C:\Users\HUAV\AppData\Local\Temp\ccU1Knae.s 			page 58


 611:Task/Task_Control.c ****         case Model_Quad:   shellPrint(shell_obj, " ---- QUAD\r\n"); break;
 2227              		.loc 1 611 28 is_stmt 1 view .LVU591
 2228 01e6 3149     		ldr	r1, .L151+104
 2229 01e8 2846     		mov	r0, r5
 2230 01ea FFF7FEFF 		bl	shellPrint
 2231              	.LVL126:
 2232              		.loc 1 611 69 view .LVU592
 2233              	.L139:
 612:Task/Task_Control.c ****         case Model_Hex:    shellPrint(shell_obj, " ---- HEX\r\n"); break;
 613:Task/Task_Control.c ****         case Model_Y6:     shellPrint(shell_obj, " ---- Y6\r\n"); break;
 614:Task/Task_Control.c ****         case Model_Tri:    shellPrint(shell_obj, " ---- TRI\r\n"); break;
 615:Task/Task_Control.c ****         case Model_TDrone: shellPrint(shell_obj, " ---- TDrone\r\n"); break;
 616:Task/Task_Control.c ****         default: break;
 617:Task/Task_Control.c ****     }
 618:Task/Task_Control.c **** 
 619:Task/Task_Control.c ****     shellPrint(shell_obj, "---- moto mapping relationship ----\r\n");
 2234              		.loc 1 619 5 view .LVU593
 2235 01ee 3049     		ldr	r1, .L151+108
 2236 01f0 2846     		mov	r0, r5
 2237 01f2 FFF7FEFF 		bl	shellPrint
 2238              	.LVL127:
 620:Task/Task_Control.c ****     for (uint8_t i = 0; i < TaskControl_Monitor.actuator_param.moto_num; i ++)
 2239              		.loc 1 620 5 view .LVU594
 2240              	.LBB9:
 2241              		.loc 1 620 10 view .LVU595
 2242              		.loc 1 620 18 is_stmt 0 view .LVU596
 2243 01f6 0024     		movs	r4, #0
 2244              		.loc 1 620 5 view .LVU597
 2245 01f8 1EE0     		b	.L146
 2246              	.LVL128:
 2247              	.L144:
 2248              		.loc 1 620 5 view .LVU598
 2249              	.LBE9:
 612:Task/Task_Control.c ****         case Model_Hex:    shellPrint(shell_obj, " ---- HEX\r\n"); break;
 2250              		.loc 1 612 28 is_stmt 1 view .LVU599
 2251 01fa 2E49     		ldr	r1, .L151+112
 2252 01fc 2846     		mov	r0, r5
 2253 01fe FFF7FEFF 		bl	shellPrint
 2254              	.LVL129:
 612:Task/Task_Control.c ****         case Model_Hex:    shellPrint(shell_obj, " ---- HEX\r\n"); break;
 2255              		.loc 1 612 68 view .LVU600
 612:Task/Task_Control.c ****         case Model_Hex:    shellPrint(shell_obj, " ---- HEX\r\n"); break;
 2256              		.loc 1 612 9 is_stmt 0 view .LVU601
 2257 0202 F4E7     		b	.L139
 2258              	.L143:
 613:Task/Task_Control.c ****         case Model_Tri:    shellPrint(shell_obj, " ---- TRI\r\n"); break;
 2259              		.loc 1 613 28 is_stmt 1 view .LVU602
 2260 0204 2C49     		ldr	r1, .L151+116
 2261 0206 2846     		mov	r0, r5
 2262 0208 FFF7FEFF 		bl	shellPrint
 2263              	.LVL130:
 613:Task/Task_Control.c ****         case Model_Tri:    shellPrint(shell_obj, " ---- TRI\r\n"); break;
 2264              		.loc 1 613 67 view .LVU603
 613:Task/Task_Control.c ****         case Model_Tri:    shellPrint(shell_obj, " ---- TRI\r\n"); break;
 2265              		.loc 1 613 9 is_stmt 0 view .LVU604
 2266 020c EFE7     		b	.L139
 2267              	.L142:
ARM GAS  C:\Users\HUAV\AppData\Local\Temp\ccU1Knae.s 			page 59


 614:Task/Task_Control.c ****         case Model_TDrone: shellPrint(shell_obj, " ---- TDrone\r\n"); break;
 2268              		.loc 1 614 28 is_stmt 1 view .LVU605
 2269 020e 2B49     		ldr	r1, .L151+120
 2270 0210 2846     		mov	r0, r5
 2271 0212 FFF7FEFF 		bl	shellPrint
 2272              	.LVL131:
 614:Task/Task_Control.c ****         case Model_TDrone: shellPrint(shell_obj, " ---- TDrone\r\n"); break;
 2273              		.loc 1 614 68 view .LVU606
 614:Task/Task_Control.c ****         case Model_TDrone: shellPrint(shell_obj, " ---- TDrone\r\n"); break;
 2274              		.loc 1 614 9 is_stmt 0 view .LVU607
 2275 0216 EAE7     		b	.L139
 2276              	.L140:
 615:Task/Task_Control.c ****         default: break;
 2277              		.loc 1 615 28 is_stmt 1 view .LVU608
 2278 0218 2949     		ldr	r1, .L151+124
 2279 021a 2846     		mov	r0, r5
 2280 021c FFF7FEFF 		bl	shellPrint
 2281              	.LVL132:
 615:Task/Task_Control.c ****         default: break;
 2282              		.loc 1 615 71 view .LVU609
 615:Task/Task_Control.c ****         default: break;
 2283              		.loc 1 615 9 is_stmt 0 view .LVU610
 2284 0220 E5E7     		b	.L139
 2285              	.LVL133:
 2286              	.L147:
 2287              	.LBB10:
 621:Task/Task_Control.c ****     {
 622:Task/Task_Control.c ****         shellPrint(shell_obj, "    moto list index %d -> map to phy rotor %d\r\n", i, TaskControl_M
 2288              		.loc 1 622 9 is_stmt 1 discriminator 3 view .LVU611
 2289              		.loc 1 622 130 is_stmt 0 discriminator 3 view .LVU612
 2290 0222 0A4B     		ldr	r3, .L151+8
 2291 0224 2344     		add	r3, r3, r4
 2292              		.loc 1 622 9 discriminator 3 view .LVU613
 2293 0226 93F8BB30 		ldrb	r3, [r3, #187]	@ zero_extendqisi2
 2294 022a 2246     		mov	r2, r4
 2295 022c 2549     		ldr	r1, .L151+128
 2296 022e 2846     		mov	r0, r5
 2297 0230 FFF7FEFF 		bl	shellPrint
 2298              	.LVL134:
 620:Task/Task_Control.c ****     {
 2299              		.loc 1 620 74 is_stmt 1 discriminator 3 view .LVU614
 620:Task/Task_Control.c ****     {
 2300              		.loc 1 620 76 is_stmt 0 discriminator 3 view .LVU615
 2301 0234 0134     		adds	r4, r4, #1
 2302              	.LVL135:
 620:Task/Task_Control.c ****     {
 2303              		.loc 1 620 76 discriminator 3 view .LVU616
 2304 0236 E4B2     		uxtb	r4, r4
 2305              	.LVL136:
 2306              	.L146:
 620:Task/Task_Control.c ****     {
 2307              		.loc 1 620 25 is_stmt 1 discriminator 1 view .LVU617
 620:Task/Task_Control.c ****     {
 2308              		.loc 1 620 63 is_stmt 0 discriminator 1 view .LVU618
 2309 0238 044B     		ldr	r3, .L151+8
 2310 023a 93F8B830 		ldrb	r3, [r3, #184]	@ zero_extendqisi2
 620:Task/Task_Control.c ****     {
ARM GAS  C:\Users\HUAV\AppData\Local\Temp\ccU1Knae.s 			page 60


 2311              		.loc 1 620 5 discriminator 1 view .LVU619
 2312 023e A342     		cmp	r3, r4
 2313 0240 EFD8     		bhi	.L147
 2314              	.LVL137:
 2315              	.L123:
 620:Task/Task_Control.c ****     {
 2316              		.loc 1 620 5 discriminator 1 view .LVU620
 2317              	.LBE10:
 623:Task/Task_Control.c ****     }
 624:Task/Task_Control.c **** }
 2318              		.loc 1 624 1 view .LVU621
 2319 0242 38BD     		pop	{r3, r4, r5, pc}
 2320              	.L152:
 2321              		.align	2
 2322              	.L151:
 2323 0244 00000000 		.word	.LC5
 2324 0248 18000000 		.word	.LC6
 2325 024c 00000000 		.word	.LANCHOR0
 2326 0250 30000000 		.word	.LC7
 2327 0254 58000000 		.word	.LC8
 2328 0258 80000000 		.word	.LC9
 2329 025c A8000000 		.word	.LC10
 2330 0260 D0000000 		.word	.LC11
 2331 0264 E8000000 		.word	.LC12
 2332 0268 08010000 		.word	.LC13
 2333 026c 28010000 		.word	.LC14
 2334 0270 48010000 		.word	.LC15
 2335 0274 68010000 		.word	.LC16
 2336 0278 88010000 		.word	.LC17
 2337 027c D4010000 		.word	.LC21
 2338 0280 A8010000 		.word	.LC18
 2339 0284 F0010000 		.word	.LC22
 2340 0288 B4010000 		.word	.LC19
 2341 028c C4010000 		.word	.LC20
 2342 0290 10020000 		.word	.LC23
 2343 0294 2C020000 		.word	.LC24
 2344 0298 40020000 		.word	.LC25
 2345 029c 54020000 		.word	.LC26
 2346 02a0 6C020000 		.word	.LC27
 2347 02a4 84020000 		.word	.LC28
 2348 02a8 9C020000 		.word	.LC29
 2349 02ac B0020000 		.word	.LC30
 2350 02b0 F4020000 		.word	.LC35
 2351 02b4 C0020000 		.word	.LC31
 2352 02b8 CC020000 		.word	.LC32
 2353 02bc D8020000 		.word	.LC33
 2354 02c0 E4020000 		.word	.LC34
 2355 02c4 1C030000 		.word	.LC36
 2356              		.cfi_endproc
 2357              	.LFE2283:
 2359              		.section	.rodata.TaskControl_CLI_SetMotoType.str1.4,"aMS",%progbits,1
 2360              		.align	2
 2361              	.LC37:
 2362 0000 45534320 		.ascii	"ESC type list\015\012\000"
 2362      74797065 
 2362      206C6973 
 2362      740D0A00 
ARM GAS  C:\Users\HUAV\AppData\Local\Temp\ccU1Knae.s 			page 61


 2363              		.align	2
 2364              	.LC38:
 2365 0010 20256420 		.ascii	" %d ---- DShot150 \015\012\000"
 2365      2D2D2D2D 
 2365      20445368 
 2365      6F743135 
 2365      30200D0A 
 2366 0025 000000   		.align	2
 2367              	.LC39:
 2368 0028 20256420 		.ascii	" %d ---- DShot300 \015\012\000"
 2368      2D2D2D2D 
 2368      20445368 
 2368      6F743330 
 2368      30200D0A 
 2369 003d 000000   		.align	2
 2370              	.LC40:
 2371 0040 20256420 		.ascii	" %d ---- DShot600 \015\012\000"
 2371      2D2D2D2D 
 2371      20445368 
 2371      6F743630 
 2371      30200D0A 
 2372 0055 000000   		.align	2
 2373              	.LC41:
 2374 0058 20256420 		.ascii	" %d ---- Brush \015\012\000"
 2374      2D2D2D2D 
 2374      20427275 
 2374      7368200D 
 2374      0A00
 2375 006a 0000     		.align	2
 2376              	.LC42:
 2377 006c 20202020 		.ascii	"    DShot300 Selected\015\012\000"
 2377      4453686F 
 2377      74333030 
 2377      2053656C 
 2377      65637465 
 2378              		.align	2
 2379              	.LC43:
 2380 0084 20202020 		.ascii	"    BrushMoto Selected\015\012\000"
 2380      42727573 
 2380      684D6F74 
 2380      6F205365 
 2380      6C656374 
 2381 009d 000000   		.align	2
 2382              	.LC44:
 2383 00a0 4572726F 		.ascii	"Error ESC type or none support ESC type input\015\012"
 2383      72204553 
 2383      43207479 
 2383      7065206F 
 2383      72206E6F 
 2384 00cf 00       		.ascii	"\000"
 2385              		.align	2
 2386              	.LC45:
 2387 00d0 50617261 		.ascii	"Parameter update failed\015\012\000"
 2387      6D657465 
 2387      72207570 
 2387      64617465 
 2387      20666169 
ARM GAS  C:\Users\HUAV\AppData\Local\Temp\ccU1Knae.s 			page 62


 2388 00ea 0000     		.align	2
 2389              	.LC46:
 2390 00ec 50617261 		.ascii	"Parameter update done\015\012\000"
 2390      6D657465 
 2390      72207570 
 2390      64617465 
 2390      20646F6E 
 2391              		.align	2
 2392              	.LC47:
 2393 0104 7265626F 		.ascii	"rebooting\015\012\000"
 2393      6F74696E 
 2393      670D0A00 
 2394              		.section	.text.TaskControl_CLI_SetMotoType,"ax",%progbits
 2395              		.align	1
 2396              		.syntax unified
 2397              		.thumb
 2398              		.thumb_func
 2400              	TaskControl_CLI_SetMotoType:
 2401              	.LVL138:
 2402              	.LFB2284:
 625:Task/Task_Control.c **** SHELL_EXPORT_CMD(SHELL_CMD_PERMISSION(0) | SHELL_CMD_TYPE(SHELL_TYPE_CMD_FUNC) | SHELL_CMD_DISABLE_
 626:Task/Task_Control.c **** 
 627:Task/Task_Control.c **** static void TaskControl_CLI_SetMotoType(uint8_t type)
 628:Task/Task_Control.c **** {
 2403              		.loc 1 628 1 is_stmt 1 view -0
 2404              		.cfi_startproc
 2405              		@ args = 0, pretend = 0, frame = 16
 2406              		@ frame_needed = 0, uses_anonymous_args = 0
 2407              		.loc 1 628 1 is_stmt 0 view .LVU623
 2408 0000 70B5     		push	{r4, r5, r6, lr}
 2409              	.LCFI18:
 2410              		.cfi_def_cfa_offset 16
 2411              		.cfi_offset 4, -16
 2412              		.cfi_offset 5, -12
 2413              		.cfi_offset 6, -8
 2414              		.cfi_offset 14, -4
 2415 0002 84B0     		sub	sp, sp, #16
 2416              	.LCFI19:
 2417              		.cfi_def_cfa_offset 32
 2418 0004 0546     		mov	r5, r0
 629:Task/Task_Control.c ****     Shell *shell_obj = Shell_GetInstence();
 2419              		.loc 1 629 5 is_stmt 1 view .LVU624
 2420              		.loc 1 629 24 is_stmt 0 view .LVU625
 2421 0006 FFF7FEFF 		bl	Shell_GetInstence
 2422              	.LVL139:
 2423              		.loc 1 629 24 view .LVU626
 2424 000a 0646     		mov	r6, r0
 2425              	.LVL140:
 630:Task/Task_Control.c ****     SrvActuator_Setting_TypeDef actuator_para_tmp = TaskControl_Monitor.actuator_param;
 2426              		.loc 1 630 5 is_stmt 1 view .LVU627
 2427              		.loc 1 630 33 is_stmt 0 view .LVU628
 2428 000c 2B4A     		ldr	r2, .L164
 2429 000e 01AB     		add	r3, sp, #4
 2430 0010 D2F8B700 		ldr	r0, [r2, #183]	@ unaligned
 2431              	.LVL141:
 2432              		.loc 1 630 33 view .LVU629
 2433 0014 D2F8BB10 		ldr	r1, [r2, #187]	@ unaligned
ARM GAS  C:\Users\HUAV\AppData\Local\Temp\ccU1Knae.s 			page 63


 2434 0018 D2F8BF20 		ldr	r2, [r2, #191]	@ unaligned
 2435 001c 07C3     		stmia	r3!, {r0, r1, r2}
 631:Task/Task_Control.c **** 
 632:Task/Task_Control.c ****     if (shell_obj == NULL)
 2436              		.loc 1 632 5 is_stmt 1 view .LVU630
 2437              		.loc 1 632 8 is_stmt 0 view .LVU631
 2438 001e 002E     		cmp	r6, #0
 2439 0020 3FD0     		beq	.L153
 2440 0022 3446     		mov	r4, r6
 633:Task/Task_Control.c ****         return;
 634:Task/Task_Control.c **** 
 635:Task/Task_Control.c ****     shellPrint(shell_obj, "ESC type list\r\n");
 2441              		.loc 1 635 5 is_stmt 1 view .LVU632
 2442 0024 2649     		ldr	r1, .L164+4
 2443 0026 3046     		mov	r0, r6
 2444 0028 FFF7FEFF 		bl	shellPrint
 2445              	.LVL142:
 636:Task/Task_Control.c ****     shellPrint(shell_obj, " %d ---- DShot150 \r\n", Actuator_DevType_DShot150);
 2446              		.loc 1 636 5 view .LVU633
 2447 002c 0122     		movs	r2, #1
 2448 002e 2549     		ldr	r1, .L164+8
 2449 0030 3046     		mov	r0, r6
 2450 0032 FFF7FEFF 		bl	shellPrint
 2451              	.LVL143:
 637:Task/Task_Control.c ****     shellPrint(shell_obj, " %d ---- DShot300 \r\n", Actuator_DevType_DShot300);
 2452              		.loc 1 637 5 view .LVU634
 2453 0036 0222     		movs	r2, #2
 2454 0038 2349     		ldr	r1, .L164+12
 2455 003a 3046     		mov	r0, r6
 2456 003c FFF7FEFF 		bl	shellPrint
 2457              	.LVL144:
 638:Task/Task_Control.c ****     shellPrint(shell_obj, " %d ---- DShot600 \r\n", Actuator_DevType_DShot600);
 2458              		.loc 1 638 5 view .LVU635
 2459 0040 0322     		movs	r2, #3
 2460 0042 2249     		ldr	r1, .L164+16
 2461 0044 3046     		mov	r0, r6
 2462 0046 FFF7FEFF 		bl	shellPrint
 2463              	.LVL145:
 639:Task/Task_Control.c ****     shellPrint(shell_obj, " %d ---- Brush \r\n", Actuator_DevType_Brush);
 2464              		.loc 1 639 5 view .LVU636
 2465 004a 0422     		movs	r2, #4
 2466 004c 2049     		ldr	r1, .L164+20
 2467 004e 3046     		mov	r0, r6
 2468 0050 FFF7FEFF 		bl	shellPrint
 2469              	.LVL146:
 640:Task/Task_Control.c **** 
 641:Task/Task_Control.c ****     switch (type)
 2470              		.loc 1 641 5 view .LVU637
 2471 0054 022D     		cmp	r5, #2
 2472 0056 06D0     		beq	.L155
 2473 0058 042D     		cmp	r5, #4
 2474 005a 24D0     		beq	.L156
 642:Task/Task_Control.c ****     {
 643:Task/Task_Control.c ****         case Actuator_DevType_DShot300: shellPrint(shell_obj, "    DShot300 Selected\r\n"); break;
 644:Task/Task_Control.c ****         case Actuator_DevType_Brush:    shellPrint(shell_obj, "    BrushMoto Selected\r\n"); break;
 645:Task/Task_Control.c ****         default: shellPrint(shell_obj, "Error ESC type or none support ESC type input\r\n"); return
 2475              		.loc 1 645 18 view .LVU638
ARM GAS  C:\Users\HUAV\AppData\Local\Temp\ccU1Knae.s 			page 64


 2476 005c 1D49     		ldr	r1, .L164+24
 2477 005e 3046     		mov	r0, r6
 2478 0060 FFF7FEFF 		bl	shellPrint
 2479              	.LVL147:
 2480              		.loc 1 645 94 view .LVU639
 2481 0064 1DE0     		b	.L153
 2482              	.L155:
 643:Task/Task_Control.c ****         case Actuator_DevType_Brush:    shellPrint(shell_obj, "    BrushMoto Selected\r\n"); break;
 2483              		.loc 1 643 41 view .LVU640
 2484 0066 1C49     		ldr	r1, .L164+28
 2485 0068 3046     		mov	r0, r6
 2486 006a FFF7FEFF 		bl	shellPrint
 2487              	.LVL148:
 643:Task/Task_Control.c ****         case Actuator_DevType_Brush:    shellPrint(shell_obj, "    BrushMoto Selected\r\n"); break;
 2488              		.loc 1 643 93 view .LVU641
 2489              	.L158:
 646:Task/Task_Control.c ****     }
 647:Task/Task_Control.c **** 
 648:Task/Task_Control.c ****     actuator_para_tmp.esc_type = type;
 2490              		.loc 1 648 5 view .LVU642
 2491              		.loc 1 648 32 is_stmt 0 view .LVU643
 2492 006e 8DF80650 		strb	r5, [sp, #6]
 649:Task/Task_Control.c ****     if (Storage.update(Para_User, TaskControl_Monitor.actuator_store_info.item.data_addr, (uint8_t 
 2493              		.loc 1 649 5 is_stmt 1 view .LVU644
 2494              		.loc 1 649 16 is_stmt 0 view .LVU645
 2495 0072 1A4B     		ldr	r3, .L164+32
 2496 0074 DD68     		ldr	r5, [r3, #12]
 2497              		.loc 1 649 9 view .LVU646
 2498 0076 0C23     		movs	r3, #12
 2499 0078 01AA     		add	r2, sp, #4
 2500 007a 1049     		ldr	r1, .L164
 2501 007c D1F8A210 		ldr	r1, [r1, #162]	@ unaligned
 2502 0080 0220     		movs	r0, #2
 2503 0082 A847     		blx	r5
 2504              	.LVL149:
 2505              		.loc 1 649 8 view .LVU647
 2506 0084 A0B9     		cbnz	r0, .L163
 650:Task/Task_Control.c ****     {
 651:Task/Task_Control.c ****         shellPrint(shell_obj, "Parameter update failed\r\n");
 652:Task/Task_Control.c ****         return;
 653:Task/Task_Control.c ****     }
 654:Task/Task_Control.c **** 
 655:Task/Task_Control.c ****     /* after setting reboot is required */
 656:Task/Task_Control.c ****     shellPrint(shell_obj, "Parameter update done\r\n");
 2507              		.loc 1 656 5 is_stmt 1 view .LVU648
 2508 0086 1649     		ldr	r1, .L164+36
 2509 0088 2046     		mov	r0, r4
 2510 008a FFF7FEFF 		bl	shellPrint
 2511              	.LVL150:
 657:Task/Task_Control.c ****     shellPrint(shell_obj, "rebooting\r\n");
 2512              		.loc 1 657 5 view .LVU649
 2513 008e 1549     		ldr	r1, .L164+40
 2514 0090 2046     		mov	r0, r4
 2515 0092 FFF7FEFF 		bl	shellPrint
 2516              	.LVL151:
 658:Task/Task_Control.c **** 
 659:Task/Task_Control.c ****     SrvOsCommon.delay_ms(200);
ARM GAS  C:\Users\HUAV\AppData\Local\Temp\ccU1Knae.s 			page 65


 2517              		.loc 1 659 5 view .LVU650
 2518              		.loc 1 659 16 is_stmt 0 view .LVU651
 2519 0096 144C     		ldr	r4, .L164+44
 2520              	.LVL152:
 2521              		.loc 1 659 16 view .LVU652
 2522 0098 A368     		ldr	r3, [r4, #8]
 2523              		.loc 1 659 5 view .LVU653
 2524 009a C820     		movs	r0, #200
 2525 009c 9847     		blx	r3
 2526              	.LVL153:
 660:Task/Task_Control.c ****     SrvOsCommon.reboot();
 2527              		.loc 1 660 5 is_stmt 1 view .LVU654
 2528              		.loc 1 660 16 is_stmt 0 view .LVU655
 2529 009e A36C     		ldr	r3, [r4, #72]
 2530              		.loc 1 660 5 view .LVU656
 2531 00a0 9847     		blx	r3
 2532              	.LVL154:
 2533              	.L153:
 661:Task/Task_Control.c **** }
 2534              		.loc 1 661 1 view .LVU657
 2535 00a2 04B0     		add	sp, sp, #16
 2536              	.LCFI20:
 2537              		.cfi_remember_state
 2538              		.cfi_def_cfa_offset 16
 2539              		@ sp needed
 2540 00a4 70BD     		pop	{r4, r5, r6, pc}
 2541              	.LVL155:
 2542              	.L156:
 2543              	.LCFI21:
 2544              		.cfi_restore_state
 644:Task/Task_Control.c ****         default: shellPrint(shell_obj, "Error ESC type or none support ESC type input\r\n"); return
 2545              		.loc 1 644 41 is_stmt 1 view .LVU658
 2546 00a6 1149     		ldr	r1, .L164+48
 2547 00a8 3046     		mov	r0, r6
 2548 00aa FFF7FEFF 		bl	shellPrint
 2549              	.LVL156:
 644:Task/Task_Control.c ****         default: shellPrint(shell_obj, "Error ESC type or none support ESC type input\r\n"); return
 2550              		.loc 1 644 94 view .LVU659
 644:Task/Task_Control.c ****         default: shellPrint(shell_obj, "Error ESC type or none support ESC type input\r\n"); return
 2551              		.loc 1 644 9 is_stmt 0 view .LVU660
 2552 00ae DEE7     		b	.L158
 2553              	.L163:
 651:Task/Task_Control.c ****         return;
 2554              		.loc 1 651 9 is_stmt 1 view .LVU661
 2555 00b0 0F49     		ldr	r1, .L164+52
 2556 00b2 2046     		mov	r0, r4
 2557 00b4 FFF7FEFF 		bl	shellPrint
 2558              	.LVL157:
 652:Task/Task_Control.c ****     }
 2559              		.loc 1 652 9 view .LVU662
 2560 00b8 F3E7     		b	.L153
 2561              	.L165:
 2562 00ba 00BF     		.align	2
 2563              	.L164:
 2564 00bc 00000000 		.word	.LANCHOR0
 2565 00c0 00000000 		.word	.LC37
 2566 00c4 10000000 		.word	.LC38
ARM GAS  C:\Users\HUAV\AppData\Local\Temp\ccU1Knae.s 			page 66


 2567 00c8 28000000 		.word	.LC39
 2568 00cc 40000000 		.word	.LC40
 2569 00d0 58000000 		.word	.LC41
 2570 00d4 A0000000 		.word	.LC44
 2571 00d8 6C000000 		.word	.LC42
 2572 00dc 00000000 		.word	Storage
 2573 00e0 EC000000 		.word	.LC46
 2574 00e4 04010000 		.word	.LC47
 2575 00e8 00000000 		.word	SrvOsCommon
 2576 00ec 84000000 		.word	.LC43
 2577 00f0 D0000000 		.word	.LC45
 2578              		.cfi_endproc
 2579              	.LFE2284:
 2581              		.section	.rodata.TaskControl_CLI_MotoSpinTest.str1.4,"aMS",%progbits,1
 2582              		.align	2
 2583              	.LC48:
 2584 0000 5461736B 		.ascii	"TaskControl semaphore create failed\015\012\000"
 2584      436F6E74 
 2584      726F6C20 
 2584      73656D61 
 2584      70686F72 
 2585 0026 0000     		.align	2
 2586              	.LC49:
 2587 0028 53657420 		.ascii	"Set drone in ARM state first\015\012\000"
 2587      64726F6E 
 2587      6520696E 
 2587      2041524D 
 2587      20737461 
 2588 0047 00       		.align	2
 2589              	.LC50:
 2590 0048 6D616B65 		.ascii	"make sure all propeller is already disassmabled\015"
 2590      20737572 
 2590      6520616C 
 2590      6C207072 
 2590      6F70656C 
 2591 0078 0A00     		.ascii	"\012\000"
 2592 007a 0000     		.align	2
 2593              	.LC51:
 2594 007c 6D6F746F 		.ascii	"moto count : %d\015\012\000"
 2594      20636F75 
 2594      6E74203A 
 2594      2025640D 
 2594      0A00
 2595 008e 0000     		.align	2
 2596              	.LC52:
 2597 0090 616C6C20 		.ascii	"all moto selected\015\012\000"
 2597      6D6F746F 
 2597      2073656C 
 2597      65637465 
 2597      640D0A00 
 2598              		.align	2
 2599              	.LC53:
 2600 00a4 6D6F746F 		.ascii	"moto %d control range down below\015\012\000"
 2600      20256420 
 2600      636F6E74 
 2600      726F6C20 
 2600      72616E67 
ARM GAS  C:\Users\HUAV\AppData\Local\Temp\ccU1Knae.s 			page 67


 2601 00c7 00       		.align	2
 2602              	.LC54:
 2603 00c8 096D6178 		.ascii	"\011max  : %d\015\012\000"
 2603      20203A20 
 2603      25640D0A 
 2603      00
 2604 00d5 000000   		.align	2
 2605              	.LC55:
 2606 00d8 0969646C 		.ascii	"\011idle : %d\015\012\000"
 2606      65203A20 
 2606      25640D0A 
 2606      00
 2607 00e5 000000   		.align	2
 2608              	.LC56:
 2609 00e8 096D696E 		.ascii	"\011min  : %d\015\012\000"
 2609      20203A20 
 2609      25640D0A 
 2609      00
 2610 00f5 000000   		.align	2
 2611              	.LC57:
 2612 00f8 6D6F746F 		.ascii	"moto %d is selected\015\012\000"
 2612      20256420 
 2612      69732073 
 2612      656C6563 
 2612      7465640D 
 2613 010e 0000     		.align	2
 2614              	.LC58:
 2615 0110 636F6E74 		.ascii	"control range down below\015\012\000"
 2615      726F6C20 
 2615      72616E67 
 2615      6520646F 
 2615      776E2062 
 2616 012b 00       		.align	2
 2617              	.LC59:
 2618 012c 47657420 		.ascii	"Get moto control data range failed\015\012\000"
 2618      6D6F746F 
 2618      20636F6E 
 2618      74726F6C 
 2618      20646174 
 2619 0151 000000   		.align	2
 2620              	.LC60:
 2621 0154 696E7075 		.ascii	"input value [%d] is bigger than max [%d] value\000"
 2621      74207661 
 2621      6C756520 
 2621      5B25645D 
 2621      20697320 
 2622 0183 00       		.align	2
 2623              	.LC61:
 2624 0184 696E7075 		.ascii	"input value [%d] is lower than min [%d] value\000"
 2624      74207661 
 2624      6C756520 
 2624      5B25645D 
 2624      20697320 
 2625 01b2 0000     		.align	2
 2626              	.LC62:
 2627 01b4 63757272 		.ascii	"current control value %d\015\012\000"
 2627      656E7420 
ARM GAS  C:\Users\HUAV\AppData\Local\Temp\ccU1Knae.s 			page 68


 2627      636F6E74 
 2627      726F6C20 
 2627      76616C75 
 2628 01cf 00       		.align	2
 2629              	.LC63:
 2630 01d0 5461736B 		.ascii	"TaskControl CLI set failed\015\012\000"
 2630      436F6E74 
 2630      726F6C20 
 2630      434C4920 
 2630      73657420 
 2631 01ed 000000   		.align	2
 2632              	.LC64:
 2633 01f0 4D6F746F 		.ascii	"Moto control test data malloc failed\015\012\000"
 2633      20636F6E 
 2633      74726F6C 
 2633      20746573 
 2633      74206461 
 2634              		.section	.text.TaskControl_CLI_MotoSpinTest,"ax",%progbits
 2635              		.align	1
 2636              		.syntax unified
 2637              		.thumb
 2638              		.thumb_func
 2640              	TaskControl_CLI_MotoSpinTest:
 2641              	.LVL158:
 2642              	.LFB2285:
 662:Task/Task_Control.c **** SHELL_EXPORT_CMD(SHELL_CMD_PERMISSION(0) | SHELL_CMD_TYPE(SHELL_TYPE_CMD_FUNC) | SHELL_CMD_DISABLE_
 663:Task/Task_Control.c **** 
 664:Task/Task_Control.c **** static void TaskControl_CLI_MotoSpinTest(uint8_t moto_index, uint16_t test_val)
 665:Task/Task_Control.c **** {
 2643              		.loc 1 665 1 view -0
 2644              		.cfi_startproc
 2645              		@ args = 0, pretend = 0, frame = 16
 2646              		@ frame_needed = 0, uses_anonymous_args = 0
 2647              		.loc 1 665 1 is_stmt 0 view .LVU664
 2648 0000 2DE9F047 		push	{r4, r5, r6, r7, r8, r9, r10, lr}
 2649              	.LCFI22:
 2650              		.cfi_def_cfa_offset 32
 2651              		.cfi_offset 4, -32
 2652              		.cfi_offset 5, -28
 2653              		.cfi_offset 6, -24
 2654              		.cfi_offset 7, -20
 2655              		.cfi_offset 8, -16
 2656              		.cfi_offset 9, -12
 2657              		.cfi_offset 10, -8
 2658              		.cfi_offset 14, -4
 2659 0004 84B0     		sub	sp, sp, #16
 2660              	.LCFI23:
 2661              		.cfi_def_cfa_offset 48
 2662 0006 0746     		mov	r7, r0
 2663 0008 0E46     		mov	r6, r1
 666:Task/Task_Control.c ****     uint8_t moto_num = SrvActuator.get_cnt().moto_cnt;
 2664              		.loc 1 666 5 is_stmt 1 view .LVU665
 2665              		.loc 1 666 35 is_stmt 0 view .LVU666
 2666 000a 734B     		ldr	r3, .L186
 2667 000c 9B6A     		ldr	r3, [r3, #40]
 2668              		.loc 1 666 24 view .LVU667
 2669 000e 9847     		blx	r3
ARM GAS  C:\Users\HUAV\AppData\Local\Temp\ccU1Knae.s 			page 69


 2670              	.LVL159:
 2671              		.loc 1 666 24 view .LVU668
 2672 0010 8DF80C00 		strb	r0, [sp, #12]
 2673 0014 C0F30723 		ubfx	r3, r0, #8, #8
 2674 0018 8DF80D30 		strb	r3, [sp, #13]
 2675 001c C0F30743 		ubfx	r3, r0, #16, #8
 2676 0020 8DF80E30 		strb	r3, [sp, #14]
 2677              		.loc 1 666 13 view .LVU669
 2678 0024 9DF80D90 		ldrb	r9, [sp, #13]	@ zero_extendqisi2
 2679              	.LVL160:
 667:Task/Task_Control.c ****     bool arm_state = false;
 2680              		.loc 1 667 5 is_stmt 1 view .LVU670
 2681              		.loc 1 667 10 is_stmt 0 view .LVU671
 2682 0028 0023     		movs	r3, #0
 2683 002a 8DF80B30 		strb	r3, [sp, #11]
 668:Task/Task_Control.c ****     int16_t moto_max = 0;
 2684              		.loc 1 668 5 is_stmt 1 view .LVU672
 2685              		.loc 1 668 13 is_stmt 0 view .LVU673
 2686 002e ADF80830 		strh	r3, [sp, #8]	@ movhi
 669:Task/Task_Control.c ****     int16_t moto_idle = 0;
 2687              		.loc 1 669 5 is_stmt 1 view .LVU674
 2688              		.loc 1 669 13 is_stmt 0 view .LVU675
 2689 0032 ADF80630 		strh	r3, [sp, #6]	@ movhi
 670:Task/Task_Control.c ****     int16_t moto_min = 0;
 2690              		.loc 1 670 5 is_stmt 1 view .LVU676
 2691              		.loc 1 670 13 is_stmt 0 view .LVU677
 2692 0036 ADF80430 		strh	r3, [sp, #4]	@ movhi
 671:Task/Task_Control.c ****     Shell *shell_obj = Shell_GetInstence();
 2693              		.loc 1 671 5 is_stmt 1 view .LVU678
 2694              		.loc 1 671 24 is_stmt 0 view .LVU679
 2695 003a FFF7FEFF 		bl	Shell_GetInstence
 2696              	.LVL161:
 672:Task/Task_Control.c ****     TaskControl_CLIData_TypeDef *p_CLIData = NULL;
 2697              		.loc 1 672 5 is_stmt 1 view .LVU680
 673:Task/Task_Control.c ****     bool ctl_enable = true;
 2698              		.loc 1 673 5 view .LVU681
 674:Task/Task_Control.c **** 
 675:Task/Task_Control.c ****     if(shell_obj == NULL)
 2699              		.loc 1 675 5 view .LVU682
 2700              		.loc 1 675 7 is_stmt 0 view .LVU683
 2701 003e 0028     		cmp	r0, #0
 2702 0040 55D0     		beq	.L166
 2703 0042 0546     		mov	r5, r0
 676:Task/Task_Control.c ****         return;
 677:Task/Task_Control.c **** 
 678:Task/Task_Control.c ****     SrvDataHub.get_arm_state(&arm_state);
 2704              		.loc 1 678 5 is_stmt 1 view .LVU684
 2705              		.loc 1 678 15 is_stmt 0 view .LVU685
 2706 0044 654B     		ldr	r3, .L186+4
 2707 0046 5B6D     		ldr	r3, [r3, #84]
 2708              		.loc 1 678 5 view .LVU686
 2709 0048 0DF10B00 		add	r0, sp, #11
 2710              	.LVL162:
 2711              		.loc 1 678 5 view .LVU687
 2712 004c 9847     		blx	r3
 2713              	.LVL163:
 679:Task/Task_Control.c **** 
ARM GAS  C:\Users\HUAV\AppData\Local\Temp\ccU1Knae.s 			page 70


 680:Task/Task_Control.c ****     if(TaskControl_Monitor.CLIMessage_ID == NULL)
 2714              		.loc 1 680 5 is_stmt 1 view .LVU688
 2715              		.loc 1 680 27 is_stmt 0 view .LVU689
 2716 004e 644B     		ldr	r3, .L186+8
 2717 0050 D3F81C31 		ldr	r3, [r3, #284]
 2718              		.loc 1 680 7 view .LVU690
 2719 0054 002B     		cmp	r3, #0
 2720 0056 3ED0     		beq	.L182
 681:Task/Task_Control.c ****     {
 682:Task/Task_Control.c ****         shellPrint(shell_obj, "TaskControl semaphore create failed\r\n");
 683:Task/Task_Control.c ****         return;
 684:Task/Task_Control.c ****     }
 685:Task/Task_Control.c **** 
 686:Task/Task_Control.c ****     if(arm_state == DRONE_DISARM)
 2721              		.loc 1 686 5 is_stmt 1 view .LVU691
 2722              		.loc 1 686 18 is_stmt 0 view .LVU692
 2723 0058 9DF80BA0 		ldrb	r10, [sp, #11]	@ zero_extendqisi2
 2724              		.loc 1 686 7 view .LVU693
 2725 005c BAF1000F 		cmp	r10, #0
 2726 0060 3ED0     		beq	.L183
 687:Task/Task_Control.c ****     {
 688:Task/Task_Control.c ****         TaskControl_Monitor.CLI_enable = false;
 689:Task/Task_Control.c ****         shellPrint(shell_obj, "Set drone in ARM state first\r\n");
 690:Task/Task_Control.c ****         return;
 691:Task/Task_Control.c ****     }
 692:Task/Task_Control.c **** 
 693:Task/Task_Control.c ****     TaskControl_Monitor.CLI_enable = true;
 2727              		.loc 1 693 5 is_stmt 1 view .LVU694
 2728              		.loc 1 693 36 is_stmt 0 view .LVU695
 2729 0062 5F4B     		ldr	r3, .L186+8
 2730 0064 0122     		movs	r2, #1
 2731 0066 9A71     		strb	r2, [r3, #6]
 694:Task/Task_Control.c ****     shellPrint(shell_obj, "make sure all propeller is already disassmabled\r\n");
 2732              		.loc 1 694 5 is_stmt 1 view .LVU696
 2733 0068 5E49     		ldr	r1, .L186+12
 2734 006a 2846     		mov	r0, r5
 2735 006c FFF7FEFF 		bl	shellPrint
 2736              	.LVL164:
 695:Task/Task_Control.c **** 
 696:Task/Task_Control.c ****     shellPrint(shell_obj, "moto count : %d\r\n", moto_num);
 2737              		.loc 1 696 5 view .LVU697
 2738 0070 4A46     		mov	r2, r9
 2739 0072 5D49     		ldr	r1, .L186+16
 2740 0074 2846     		mov	r0, r5
 2741 0076 FFF7FEFF 		bl	shellPrint
 2742              	.LVL165:
 697:Task/Task_Control.c ****     if(moto_index >= moto_num)
 2743              		.loc 1 697 5 view .LVU698
 2744              		.loc 1 697 7 is_stmt 0 view .LVU699
 2745 007a B945     		cmp	r9, r7
 2746 007c 3AD8     		bhi	.L170
 698:Task/Task_Control.c ****     {
 699:Task/Task_Control.c ****         shellPrint(shell_obj, "all moto selected\r\n");
 2747              		.loc 1 699 9 is_stmt 1 view .LVU700
 2748 007e 5B49     		ldr	r1, .L186+20
 2749 0080 2846     		mov	r0, r5
 2750 0082 FFF7FEFF 		bl	shellPrint
ARM GAS  C:\Users\HUAV\AppData\Local\Temp\ccU1Knae.s 			page 71


 2751              	.LVL166:
 700:Task/Task_Control.c ****         for (uint8_t i = 0; i < moto_num; i ++)
 2752              		.loc 1 700 9 view .LVU701
 2753              	.LBB11:
 2754              		.loc 1 700 14 view .LVU702
 2755              		.loc 1 700 22 is_stmt 0 view .LVU703
 2756 0086 0024     		movs	r4, #0
 2757              	.LVL167:
 2758              	.L171:
 2759              		.loc 1 700 29 is_stmt 1 discriminator 1 view .LVU704
 2760              		.loc 1 700 9 is_stmt 0 discriminator 1 view .LVU705
 2761 0088 4C45     		cmp	r4, r9
 2762 008a 57D2     		bcs	.L172
 701:Task/Task_Control.c ****         {
 702:Task/Task_Control.c ****             if (!SrvActuator.get_moto_control_range(i, &moto_min, &moto_idle, &moto_max))
 2763              		.loc 1 702 13 is_stmt 1 view .LVU706
 2764              		.loc 1 702 29 is_stmt 0 view .LVU707
 2765 008c 524B     		ldr	r3, .L186
 2766 008e D3F82080 		ldr	r8, [r3, #32]
 2767              		.loc 1 702 18 view .LVU708
 2768 0092 02AB     		add	r3, sp, #8
 2769 0094 0DF10602 		add	r2, sp, #6
 2770 0098 01A9     		add	r1, sp, #4
 2771 009a 2046     		mov	r0, r4
 2772 009c C047     		blx	r8
 2773              	.LVL168:
 2774              		.loc 1 702 16 view .LVU709
 2775 009e 0028     		cmp	r0, #0
 2776 00a0 5DD0     		beq	.L180
 703:Task/Task_Control.c ****             {
 704:Task/Task_Control.c ****                 ctl_enable = false;
 705:Task/Task_Control.c ****                 break;
 706:Task/Task_Control.c ****             }
 707:Task/Task_Control.c ****             
 708:Task/Task_Control.c ****             shellPrint(shell_obj, "moto %d control range down below\r\n", i);
 2777              		.loc 1 708 13 is_stmt 1 discriminator 2 view .LVU710
 2778 00a2 2246     		mov	r2, r4
 2779 00a4 5249     		ldr	r1, .L186+24
 2780 00a6 2846     		mov	r0, r5
 2781 00a8 FFF7FEFF 		bl	shellPrint
 2782              	.LVL169:
 709:Task/Task_Control.c ****             shellPrint(shell_obj, "\tmax  : %d\r\n", moto_max);
 2783              		.loc 1 709 13 discriminator 2 view .LVU711
 2784 00ac BDF90820 		ldrsh	r2, [sp, #8]
 2785 00b0 5049     		ldr	r1, .L186+28
 2786 00b2 2846     		mov	r0, r5
 2787 00b4 FFF7FEFF 		bl	shellPrint
 2788              	.LVL170:
 710:Task/Task_Control.c ****             shellPrint(shell_obj, "\tidle : %d\r\n", moto_idle);
 2789              		.loc 1 710 13 discriminator 2 view .LVU712
 2790 00b8 BDF90620 		ldrsh	r2, [sp, #6]
 2791 00bc 4E49     		ldr	r1, .L186+32
 2792 00be 2846     		mov	r0, r5
 2793 00c0 FFF7FEFF 		bl	shellPrint
 2794              	.LVL171:
 711:Task/Task_Control.c ****             shellPrint(shell_obj, "\tmin  : %d\r\n", moto_min);
 2795              		.loc 1 711 13 discriminator 2 view .LVU713
ARM GAS  C:\Users\HUAV\AppData\Local\Temp\ccU1Knae.s 			page 72


 2796 00c4 BDF90420 		ldrsh	r2, [sp, #4]
 2797 00c8 4C49     		ldr	r1, .L186+36
 2798 00ca 2846     		mov	r0, r5
 2799 00cc FFF7FEFF 		bl	shellPrint
 2800              	.LVL172:
 700:Task/Task_Control.c ****         {
 2801              		.loc 1 700 43 discriminator 2 view .LVU714
 700:Task/Task_Control.c ****         {
 2802              		.loc 1 700 45 is_stmt 0 discriminator 2 view .LVU715
 2803 00d0 0134     		adds	r4, r4, #1
 2804              	.LVL173:
 700:Task/Task_Control.c ****         {
 2805              		.loc 1 700 45 discriminator 2 view .LVU716
 2806 00d2 E4B2     		uxtb	r4, r4
 2807              	.LVL174:
 700:Task/Task_Control.c ****         {
 2808              		.loc 1 700 45 discriminator 2 view .LVU717
 2809 00d4 D8E7     		b	.L171
 2810              	.LVL175:
 2811              	.L182:
 700:Task/Task_Control.c ****         {
 2812              		.loc 1 700 45 discriminator 2 view .LVU718
 2813              	.LBE11:
 682:Task/Task_Control.c ****         return;
 2814              		.loc 1 682 9 is_stmt 1 view .LVU719
 2815 00d6 4A49     		ldr	r1, .L186+40
 2816 00d8 2846     		mov	r0, r5
 2817 00da FFF7FEFF 		bl	shellPrint
 2818              	.LVL176:
 683:Task/Task_Control.c ****     }
 2819              		.loc 1 683 9 view .LVU720
 2820 00de 06E0     		b	.L166
 2821              	.L183:
 688:Task/Task_Control.c ****         shellPrint(shell_obj, "Set drone in ARM state first\r\n");
 2822              		.loc 1 688 9 view .LVU721
 688:Task/Task_Control.c ****         shellPrint(shell_obj, "Set drone in ARM state first\r\n");
 2823              		.loc 1 688 40 is_stmt 0 view .LVU722
 2824 00e0 3F4B     		ldr	r3, .L186+8
 2825 00e2 0022     		movs	r2, #0
 2826 00e4 9A71     		strb	r2, [r3, #6]
 689:Task/Task_Control.c ****         return;
 2827              		.loc 1 689 9 is_stmt 1 view .LVU723
 2828 00e6 4749     		ldr	r1, .L186+44
 2829 00e8 2846     		mov	r0, r5
 2830 00ea FFF7FEFF 		bl	shellPrint
 2831              	.LVL177:
 690:Task/Task_Control.c ****     }
 2832              		.loc 1 690 9 view .LVU724
 2833              	.L166:
 712:Task/Task_Control.c ****         }
 713:Task/Task_Control.c ****     }
 714:Task/Task_Control.c ****     else
 715:Task/Task_Control.c ****     {
 716:Task/Task_Control.c ****         shellPrint(shell_obj, "moto %d is selected\r\n", moto_index);
 717:Task/Task_Control.c ****         if(!SrvActuator.get_moto_control_range(moto_index, &moto_min, &moto_idle, &moto_max))
 718:Task/Task_Control.c ****             ctl_enable = false;
 719:Task/Task_Control.c **** 
ARM GAS  C:\Users\HUAV\AppData\Local\Temp\ccU1Knae.s 			page 73


 720:Task/Task_Control.c ****         shellPrint(shell_obj, "control range down below\r\n");
 721:Task/Task_Control.c ****         shellPrint(shell_obj, "\tmax  : %d\r\n", moto_max);
 722:Task/Task_Control.c ****         shellPrint(shell_obj, "\tidle : %d\r\n", moto_idle);
 723:Task/Task_Control.c ****         shellPrint(shell_obj, "\tmin  : %d\r\n", moto_min);
 724:Task/Task_Control.c ****     }
 725:Task/Task_Control.c **** 
 726:Task/Task_Control.c ****     if (!ctl_enable)
 727:Task/Task_Control.c ****     {
 728:Task/Task_Control.c ****         shellPrint(shell_obj, "Get moto control data range failed\r\n");
 729:Task/Task_Control.c ****         return;
 730:Task/Task_Control.c ****     }
 731:Task/Task_Control.c **** 
 732:Task/Task_Control.c ****     if(test_val > moto_max)
 733:Task/Task_Control.c ****     {
 734:Task/Task_Control.c ****         shellPrint(shell_obj, "input value [%d] is bigger than max [%d] value", test_val, moto_max)
 735:Task/Task_Control.c ****     }
 736:Task/Task_Control.c ****     else if(test_val < moto_min)
 737:Task/Task_Control.c ****     {
 738:Task/Task_Control.c ****         shellPrint(shell_obj, "input value [%d] is lower than min [%d] value", test_val, moto_min);
 739:Task/Task_Control.c ****     }
 740:Task/Task_Control.c ****     else
 741:Task/Task_Control.c ****     {
 742:Task/Task_Control.c ****         shellPrint(shell_obj, "current control value %d\r\n", test_val);
 743:Task/Task_Control.c **** 
 744:Task/Task_Control.c ****         p_CLIData = SrvOsCommon.malloc(sizeof(TaskControl_CLIData_TypeDef));
 745:Task/Task_Control.c ****         if(p_CLIData)
 746:Task/Task_Control.c ****         {
 747:Task/Task_Control.c ****             p_CLIData->cli_type = TaskControl_Moto_Set_Spin;
 748:Task/Task_Control.c ****             p_CLIData->index = moto_index;
 749:Task/Task_Control.c ****             p_CLIData->timestamp = SrvOsCommon.get_os_ms();
 750:Task/Task_Control.c ****             p_CLIData->value = test_val;
 751:Task/Task_Control.c **** 
 752:Task/Task_Control.c ****             if(osMessagePut(TaskControl_Monitor.CLIMessage_ID, (uint32_t)p_CLIData, CLI_MESSAGE_OPE
 753:Task/Task_Control.c ****             {
 754:Task/Task_Control.c ****                 SrvOsCommon.free(p_CLIData);
 755:Task/Task_Control.c ****                 shellPrint(shell_obj, "TaskControl CLI set failed\r\n");
 756:Task/Task_Control.c ****             }
 757:Task/Task_Control.c ****         }
 758:Task/Task_Control.c ****         else
 759:Task/Task_Control.c ****         {
 760:Task/Task_Control.c ****             shellPrint(shell_obj, "Moto control test data malloc failed\r\n");
 761:Task/Task_Control.c ****             SrvOsCommon.free(p_CLIData);
 762:Task/Task_Control.c ****         }
 763:Task/Task_Control.c ****     }
 764:Task/Task_Control.c **** }
 2834              		.loc 1 764 1 is_stmt 0 view .LVU725
 2835 00ee 04B0     		add	sp, sp, #16
 2836              	.LCFI24:
 2837              		.cfi_remember_state
 2838              		.cfi_def_cfa_offset 32
 2839              		@ sp needed
 2840 00f0 BDE8F087 		pop	{r4, r5, r6, r7, r8, r9, r10, pc}
 2841              	.LVL178:
 2842              	.L170:
 2843              	.LCFI25:
 2844              		.cfi_restore_state
 716:Task/Task_Control.c ****         if(!SrvActuator.get_moto_control_range(moto_index, &moto_min, &moto_idle, &moto_max))
ARM GAS  C:\Users\HUAV\AppData\Local\Temp\ccU1Knae.s 			page 74


 2845              		.loc 1 716 9 is_stmt 1 view .LVU726
 2846 00f4 3A46     		mov	r2, r7
 2847 00f6 4449     		ldr	r1, .L186+48
 2848 00f8 2846     		mov	r0, r5
 2849 00fa FFF7FEFF 		bl	shellPrint
 2850              	.LVL179:
 717:Task/Task_Control.c ****             ctl_enable = false;
 2851              		.loc 1 717 9 view .LVU727
 717:Task/Task_Control.c ****             ctl_enable = false;
 2852              		.loc 1 717 24 is_stmt 0 view .LVU728
 2853 00fe 364B     		ldr	r3, .L186
 2854 0100 1C6A     		ldr	r4, [r3, #32]
 717:Task/Task_Control.c ****             ctl_enable = false;
 2855              		.loc 1 717 13 view .LVU729
 2856 0102 02AB     		add	r3, sp, #8
 2857 0104 0DF10602 		add	r2, sp, #6
 2858 0108 01A9     		add	r1, sp, #4
 2859 010a 3846     		mov	r0, r7
 2860 010c A047     		blx	r4
 2861              	.LVL180:
 2862 010e 8246     		mov	r10, r0
 2863              	.LVL181:
 720:Task/Task_Control.c ****         shellPrint(shell_obj, "\tmax  : %d\r\n", moto_max);
 2864              		.loc 1 720 9 is_stmt 1 view .LVU730
 2865 0110 3E49     		ldr	r1, .L186+52
 2866 0112 2846     		mov	r0, r5
 2867 0114 FFF7FEFF 		bl	shellPrint
 2868              	.LVL182:
 721:Task/Task_Control.c ****         shellPrint(shell_obj, "\tidle : %d\r\n", moto_idle);
 2869              		.loc 1 721 9 view .LVU731
 2870 0118 BDF90820 		ldrsh	r2, [sp, #8]
 2871 011c 3549     		ldr	r1, .L186+28
 2872 011e 2846     		mov	r0, r5
 2873 0120 FFF7FEFF 		bl	shellPrint
 2874              	.LVL183:
 722:Task/Task_Control.c ****         shellPrint(shell_obj, "\tmin  : %d\r\n", moto_min);
 2875              		.loc 1 722 9 view .LVU732
 2876 0124 BDF90620 		ldrsh	r2, [sp, #6]
 2877 0128 3349     		ldr	r1, .L186+32
 2878 012a 2846     		mov	r0, r5
 2879 012c FFF7FEFF 		bl	shellPrint
 2880              	.LVL184:
 723:Task/Task_Control.c ****     }
 2881              		.loc 1 723 9 view .LVU733
 2882 0130 BDF90420 		ldrsh	r2, [sp, #4]
 2883 0134 3149     		ldr	r1, .L186+36
 2884 0136 2846     		mov	r0, r5
 2885 0138 FFF7FEFF 		bl	shellPrint
 2886              	.LVL185:
 2887              	.L172:
 726:Task/Task_Control.c ****     {
 2888              		.loc 1 726 5 view .LVU734
 726:Task/Task_Control.c ****     {
 2889              		.loc 1 726 8 is_stmt 0 view .LVU735
 2890 013c BAF1000F 		cmp	r10, #0
 2891 0140 0FD0     		beq	.L184
 732:Task/Task_Control.c ****     {
ARM GAS  C:\Users\HUAV\AppData\Local\Temp\ccU1Knae.s 			page 75


 2892              		.loc 1 732 5 is_stmt 1 view .LVU736
 732:Task/Task_Control.c ****     {
 2893              		.loc 1 732 17 is_stmt 0 view .LVU737
 2894 0142 BDF90830 		ldrsh	r3, [sp, #8]
 732:Task/Task_Control.c ****     {
 2895              		.loc 1 732 7 view .LVU738
 2896 0146 9E42     		cmp	r6, r3
 2897 0148 10DC     		bgt	.L185
 736:Task/Task_Control.c ****     {
 2898              		.loc 1 736 10 is_stmt 1 view .LVU739
 736:Task/Task_Control.c ****     {
 2899              		.loc 1 736 22 is_stmt 0 view .LVU740
 2900 014a BDF90430 		ldrsh	r3, [sp, #4]
 736:Task/Task_Control.c ****     {
 2901              		.loc 1 736 12 view .LVU741
 2902 014e 9E42     		cmp	r6, r3
 2903 0150 12DA     		bge	.L177
 738:Task/Task_Control.c ****     }
 2904              		.loc 1 738 9 is_stmt 1 view .LVU742
 2905 0152 3246     		mov	r2, r6
 2906 0154 2E49     		ldr	r1, .L186+56
 2907 0156 2846     		mov	r0, r5
 2908 0158 FFF7FEFF 		bl	shellPrint
 2909              	.LVL186:
 2910 015c C7E7     		b	.L166
 2911              	.LVL187:
 2912              	.L180:
 2913              	.LBB12:
 704:Task/Task_Control.c ****                 break;
 2914              		.loc 1 704 28 is_stmt 0 view .LVU743
 2915 015e 8246     		mov	r10, r0
 2916 0160 ECE7     		b	.L172
 2917              	.LVL188:
 2918              	.L184:
 704:Task/Task_Control.c ****                 break;
 2919              		.loc 1 704 28 view .LVU744
 2920              	.LBE12:
 728:Task/Task_Control.c ****         return;
 2921              		.loc 1 728 9 is_stmt 1 view .LVU745
 2922 0162 2C49     		ldr	r1, .L186+60
 2923 0164 2846     		mov	r0, r5
 2924 0166 FFF7FEFF 		bl	shellPrint
 2925              	.LVL189:
 729:Task/Task_Control.c ****     }
 2926              		.loc 1 729 9 view .LVU746
 2927 016a C0E7     		b	.L166
 2928              	.L185:
 734:Task/Task_Control.c ****     }
 2929              		.loc 1 734 9 view .LVU747
 2930 016c 3246     		mov	r2, r6
 2931 016e 2A49     		ldr	r1, .L186+64
 2932 0170 2846     		mov	r0, r5
 2933 0172 FFF7FEFF 		bl	shellPrint
 2934              	.LVL190:
 2935 0176 BAE7     		b	.L166
 2936              	.L177:
 742:Task/Task_Control.c **** 
ARM GAS  C:\Users\HUAV\AppData\Local\Temp\ccU1Knae.s 			page 76


 2937              		.loc 1 742 9 view .LVU748
 2938 0178 3246     		mov	r2, r6
 2939 017a 2849     		ldr	r1, .L186+68
 2940 017c 2846     		mov	r0, r5
 2941 017e FFF7FEFF 		bl	shellPrint
 2942              	.LVL191:
 744:Task/Task_Control.c ****         if(p_CLIData)
 2943              		.loc 1 744 9 view .LVU749
 744:Task/Task_Control.c ****         if(p_CLIData)
 2944              		.loc 1 744 32 is_stmt 0 view .LVU750
 2945 0182 274B     		ldr	r3, .L186+72
 2946 0184 DB6A     		ldr	r3, [r3, #44]
 744:Task/Task_Control.c ****         if(p_CLIData)
 2947              		.loc 1 744 21 view .LVU751
 2948 0186 0820     		movs	r0, #8
 2949 0188 9847     		blx	r3
 2950              	.LVL192:
 745:Task/Task_Control.c ****         {
 2951              		.loc 1 745 9 is_stmt 1 view .LVU752
 745:Task/Task_Control.c ****         {
 2952              		.loc 1 745 11 is_stmt 0 view .LVU753
 2953 018a 0446     		mov	r4, r0
 2954 018c D8B1     		cbz	r0, .L178
 747:Task/Task_Control.c ****             p_CLIData->index = moto_index;
 2955              		.loc 1 747 13 is_stmt 1 view .LVU754
 747:Task/Task_Control.c ****             p_CLIData->index = moto_index;
 2956              		.loc 1 747 33 is_stmt 0 view .LVU755
 2957 018e 4FF00108 		mov	r8, #1
 2958 0192 80F80480 		strb	r8, [r0, #4]
 748:Task/Task_Control.c ****             p_CLIData->timestamp = SrvOsCommon.get_os_ms();
 2959              		.loc 1 748 13 is_stmt 1 view .LVU756
 748:Task/Task_Control.c ****             p_CLIData->timestamp = SrvOsCommon.get_os_ms();
 2960              		.loc 1 748 30 is_stmt 0 view .LVU757
 2961 0196 4771     		strb	r7, [r0, #5]
 749:Task/Task_Control.c ****             p_CLIData->value = test_val;
 2962              		.loc 1 749 13 is_stmt 1 view .LVU758
 749:Task/Task_Control.c ****             p_CLIData->value = test_val;
 2963              		.loc 1 749 47 is_stmt 0 view .LVU759
 2964 0198 214B     		ldr	r3, .L186+72
 2965 019a 5B68     		ldr	r3, [r3, #4]
 749:Task/Task_Control.c ****             p_CLIData->value = test_val;
 2966              		.loc 1 749 36 view .LVU760
 2967 019c 9847     		blx	r3
 2968              	.LVL193:
 749:Task/Task_Control.c ****             p_CLIData->value = test_val;
 2969              		.loc 1 749 34 view .LVU761
 2970 019e 2060     		str	r0, [r4]
 750:Task/Task_Control.c **** 
 2971              		.loc 1 750 13 is_stmt 1 view .LVU762
 750:Task/Task_Control.c **** 
 2972              		.loc 1 750 30 is_stmt 0 view .LVU763
 2973 01a0 E680     		strh	r6, [r4, #6]	@ movhi
 752:Task/Task_Control.c ****             {
 2974              		.loc 1 752 13 is_stmt 1 view .LVU764
 752:Task/Task_Control.c ****             {
 2975              		.loc 1 752 16 is_stmt 0 view .LVU765
 2976 01a2 4246     		mov	r2, r8
ARM GAS  C:\Users\HUAV\AppData\Local\Temp\ccU1Knae.s 			page 77


 2977 01a4 2146     		mov	r1, r4
 2978 01a6 0E4B     		ldr	r3, .L186+8
 2979 01a8 D3F81C01 		ldr	r0, [r3, #284]
 2980 01ac FFF7FEFF 		bl	osMessagePut
 2981              	.LVL194:
 752:Task/Task_Control.c ****             {
 2982              		.loc 1 752 15 view .LVU766
 2983 01b0 0028     		cmp	r0, #0
 2984 01b2 9CD0     		beq	.L166
 754:Task/Task_Control.c ****                 shellPrint(shell_obj, "TaskControl CLI set failed\r\n");
 2985              		.loc 1 754 17 is_stmt 1 view .LVU767
 754:Task/Task_Control.c ****                 shellPrint(shell_obj, "TaskControl CLI set failed\r\n");
 2986              		.loc 1 754 28 is_stmt 0 view .LVU768
 2987 01b4 1A4B     		ldr	r3, .L186+72
 2988 01b6 1B6B     		ldr	r3, [r3, #48]
 754:Task/Task_Control.c ****                 shellPrint(shell_obj, "TaskControl CLI set failed\r\n");
 2989              		.loc 1 754 17 view .LVU769
 2990 01b8 2046     		mov	r0, r4
 2991 01ba 9847     		blx	r3
 2992              	.LVL195:
 755:Task/Task_Control.c ****             }
 2993              		.loc 1 755 17 is_stmt 1 view .LVU770
 2994 01bc 1949     		ldr	r1, .L186+76
 2995 01be 2846     		mov	r0, r5
 2996 01c0 FFF7FEFF 		bl	shellPrint
 2997              	.LVL196:
 2998 01c4 93E7     		b	.L166
 2999              	.LVL197:
 3000              	.L178:
 760:Task/Task_Control.c ****             SrvOsCommon.free(p_CLIData);
 3001              		.loc 1 760 13 view .LVU771
 3002 01c6 1849     		ldr	r1, .L186+80
 3003 01c8 2846     		mov	r0, r5
 3004              	.LVL198:
 760:Task/Task_Control.c ****             SrvOsCommon.free(p_CLIData);
 3005              		.loc 1 760 13 is_stmt 0 view .LVU772
 3006 01ca FFF7FEFF 		bl	shellPrint
 3007              	.LVL199:
 761:Task/Task_Control.c ****         }
 3008              		.loc 1 761 13 is_stmt 1 view .LVU773
 761:Task/Task_Control.c ****         }
 3009              		.loc 1 761 24 is_stmt 0 view .LVU774
 3010 01ce 144B     		ldr	r3, .L186+72
 3011 01d0 1B6B     		ldr	r3, [r3, #48]
 761:Task/Task_Control.c ****         }
 3012              		.loc 1 761 13 view .LVU775
 3013 01d2 2046     		mov	r0, r4
 3014 01d4 9847     		blx	r3
 3015              	.LVL200:
 3016 01d6 8AE7     		b	.L166
 3017              	.L187:
 3018              		.align	2
 3019              	.L186:
 3020 01d8 00000000 		.word	SrvActuator
 3021 01dc 00000000 		.word	SrvDataHub
 3022 01e0 00000000 		.word	.LANCHOR0
 3023 01e4 48000000 		.word	.LC50
ARM GAS  C:\Users\HUAV\AppData\Local\Temp\ccU1Knae.s 			page 78


 3024 01e8 7C000000 		.word	.LC51
 3025 01ec 90000000 		.word	.LC52
 3026 01f0 A4000000 		.word	.LC53
 3027 01f4 C8000000 		.word	.LC54
 3028 01f8 D8000000 		.word	.LC55
 3029 01fc E8000000 		.word	.LC56
 3030 0200 00000000 		.word	.LC48
 3031 0204 28000000 		.word	.LC49
 3032 0208 F8000000 		.word	.LC57
 3033 020c 10010000 		.word	.LC58
 3034 0210 84010000 		.word	.LC61
 3035 0214 2C010000 		.word	.LC59
 3036 0218 54010000 		.word	.LC60
 3037 021c B4010000 		.word	.LC62
 3038 0220 00000000 		.word	SrvOsCommon
 3039 0224 D0010000 		.word	.LC63
 3040 0228 F0010000 		.word	.LC64
 3041              		.cfi_endproc
 3042              	.LFE2285:
 3044              		.section	.rodata.TaskControl_Reverse_SpinDir.str1.4,"aMS",%progbits,1
 3045              		.align	2
 3046              	.LC65:
 3047 0000 70617261 		.ascii	"parameter error\015\012\000"
 3047      6D657465 
 3047      72206572 
 3047      726F720D 
 3047      0A00
 3048 0012 0000     		.align	2
 3049              	.LC66:
 3050 0014 6D6F746F 		.ascii	"moto %d is selected dir %d\015\012\000"
 3050      20256420 
 3050      69732073 
 3050      656C6563 
 3050      74656420 
 3051              		.section	.text.TaskControl_Reverse_SpinDir,"ax",%progbits
 3052              		.align	1
 3053              		.syntax unified
 3054              		.thumb
 3055              		.thumb_func
 3057              	TaskControl_Reverse_SpinDir:
 3058              	.LVL201:
 3059              	.LFB2286:
 765:Task/Task_Control.c **** SHELL_EXPORT_CMD(SHELL_CMD_PERMISSION(0) | SHELL_CMD_TYPE(SHELL_TYPE_CMD_FUNC) | SHELL_CMD_DISABLE_
 766:Task/Task_Control.c **** 
 767:Task/Task_Control.c **** static void TaskControl_Reverse_SpinDir(uint8_t moto_index, uint8_t dir)
 768:Task/Task_Control.c **** {
 3060              		.loc 1 768 1 is_stmt 1 view -0
 3061              		.cfi_startproc
 3062              		@ args = 0, pretend = 0, frame = 8
 3063              		@ frame_needed = 0, uses_anonymous_args = 0
 3064              		.loc 1 768 1 is_stmt 0 view .LVU777
 3065 0000 F0B5     		push	{r4, r5, r6, r7, lr}
 3066              	.LCFI26:
 3067              		.cfi_def_cfa_offset 20
 3068              		.cfi_offset 4, -20
 3069              		.cfi_offset 5, -16
 3070              		.cfi_offset 6, -12
ARM GAS  C:\Users\HUAV\AppData\Local\Temp\ccU1Knae.s 			page 79


 3071              		.cfi_offset 7, -8
 3072              		.cfi_offset 14, -4
 3073 0002 83B0     		sub	sp, sp, #12
 3074              	.LCFI27:
 3075              		.cfi_def_cfa_offset 32
 3076 0004 0646     		mov	r6, r0
 3077 0006 0D46     		mov	r5, r1
 769:Task/Task_Control.c ****     Shell *shell_obj = Shell_GetInstence();
 3078              		.loc 1 769 5 is_stmt 1 view .LVU778
 3079              		.loc 1 769 24 is_stmt 0 view .LVU779
 3080 0008 FFF7FEFF 		bl	Shell_GetInstence
 3081              	.LVL202:
 3082              		.loc 1 769 24 view .LVU780
 3083 000c 0446     		mov	r4, r0
 3084              	.LVL203:
 770:Task/Task_Control.c ****     uint8_t moto_num = SrvActuator.get_cnt().moto_cnt;
 3085              		.loc 1 770 5 is_stmt 1 view .LVU781
 3086              		.loc 1 770 35 is_stmt 0 view .LVU782
 3087 000e 394B     		ldr	r3, .L200
 3088 0010 9B6A     		ldr	r3, [r3, #40]
 3089              		.loc 1 770 24 view .LVU783
 3090 0012 9847     		blx	r3
 3091              	.LVL204:
 3092              		.loc 1 770 24 view .LVU784
 3093 0014 8DF80400 		strb	r0, [sp, #4]
 3094 0018 C0F30723 		ubfx	r3, r0, #8, #8
 3095 001c 8DF80530 		strb	r3, [sp, #5]
 3096 0020 C0F3074C 		ubfx	ip, r0, #16, #8
 3097 0024 8DF806C0 		strb	ip, [sp, #6]
 3098              		.loc 1 770 13 view .LVU785
 3099 0028 DFB2     		uxtb	r7, r3
 3100              	.LVL205:
 771:Task/Task_Control.c ****     TaskControl_CLIData_TypeDef *p_CLIData = NULL;
 3101              		.loc 1 771 5 is_stmt 1 view .LVU786
 772:Task/Task_Control.c ****     bool arm_state = false;
 3102              		.loc 1 772 5 view .LVU787
 3103              		.loc 1 772 10 is_stmt 0 view .LVU788
 3104 002a 0023     		movs	r3, #0
 3105 002c 8DF80330 		strb	r3, [sp, #3]
 773:Task/Task_Control.c **** 
 774:Task/Task_Control.c ****     if (shell_obj == NULL)
 3106              		.loc 1 774 5 is_stmt 1 view .LVU789
 3107              		.loc 1 774 8 is_stmt 0 view .LVU790
 3108 0030 002C     		cmp	r4, #0
 3109 0032 4FD0     		beq	.L188
 775:Task/Task_Control.c ****         return;
 776:Task/Task_Control.c ****     
 777:Task/Task_Control.c ****     SrvDataHub.get_arm_state(&arm_state);
 3110              		.loc 1 777 5 is_stmt 1 view .LVU791
 3111              		.loc 1 777 15 is_stmt 0 view .LVU792
 3112 0034 304B     		ldr	r3, .L200+4
 3113 0036 5B6D     		ldr	r3, [r3, #84]
 3114              		.loc 1 777 5 view .LVU793
 3115 0038 0DF10300 		add	r0, sp, #3
 3116 003c 9847     		blx	r3
 3117              	.LVL206:
 778:Task/Task_Control.c **** 
ARM GAS  C:\Users\HUAV\AppData\Local\Temp\ccU1Knae.s 			page 80


 779:Task/Task_Control.c ****     if(TaskControl_Monitor.CLIMessage_ID == NULL)
 3118              		.loc 1 779 5 is_stmt 1 view .LVU794
 3119              		.loc 1 779 27 is_stmt 0 view .LVU795
 3120 003e 2F4B     		ldr	r3, .L200+8
 3121 0040 D3F81C31 		ldr	r3, [r3, #284]
 3122              		.loc 1 779 7 view .LVU796
 3123 0044 002B     		cmp	r3, #0
 3124 0046 39D0     		beq	.L197
 780:Task/Task_Control.c ****     {
 781:Task/Task_Control.c ****         shellPrint(shell_obj, "TaskControl semaphore create failed\r\n");
 782:Task/Task_Control.c ****         return;
 783:Task/Task_Control.c ****     }
 784:Task/Task_Control.c **** 
 785:Task/Task_Control.c ****     if(arm_state == DRONE_DISARM)
 3125              		.loc 1 785 5 is_stmt 1 view .LVU797
 3126              		.loc 1 785 18 is_stmt 0 view .LVU798
 3127 0048 9DF80330 		ldrb	r3, [sp, #3]	@ zero_extendqisi2
 3128              		.loc 1 785 7 view .LVU799
 3129 004c 002B     		cmp	r3, #0
 3130 004e 3AD0     		beq	.L198
 786:Task/Task_Control.c ****     {
 787:Task/Task_Control.c ****         TaskControl_Monitor.CLI_enable = false;
 788:Task/Task_Control.c ****         shellPrint(shell_obj, "Set drone in ARM state first\r\n");
 789:Task/Task_Control.c ****         return;
 790:Task/Task_Control.c ****     }
 791:Task/Task_Control.c **** 
 792:Task/Task_Control.c ****     TaskControl_Monitor.CLI_enable = true;
 3131              		.loc 1 792 5 is_stmt 1 view .LVU800
 3132              		.loc 1 792 36 is_stmt 0 view .LVU801
 3133 0050 2A4B     		ldr	r3, .L200+8
 3134 0052 0122     		movs	r2, #1
 3135 0054 9A71     		strb	r2, [r3, #6]
 793:Task/Task_Control.c ****     shellPrint(shell_obj, "make sure all propeller is already disassmabled\r\n");
 3136              		.loc 1 793 5 is_stmt 1 view .LVU802
 3137 0056 2A49     		ldr	r1, .L200+12
 3138 0058 2046     		mov	r0, r4
 3139 005a FFF7FEFF 		bl	shellPrint
 3140              	.LVL207:
 794:Task/Task_Control.c **** 
 795:Task/Task_Control.c ****     if((moto_index >= moto_num) || (dir > 2))
 3141              		.loc 1 795 5 view .LVU803
 3142              		.loc 1 795 41 is_stmt 0 view .LVU804
 3143 005e 022D     		cmp	r5, #2
 3144 0060 94BF     		ite	ls
 3145 0062 0023     		movls	r3, #0
 3146 0064 0123     		movhi	r3, #1
 3147              		.loc 1 795 33 view .LVU805
 3148 0066 B742     		cmp	r7, r6
 3149 0068 98BF     		it	ls
 3150 006a 43F00103 		orrls	r3, r3, #1
 3151              		.loc 1 795 7 view .LVU806
 3152 006e 002B     		cmp	r3, #0
 3153 0070 32D1     		bne	.L199
 796:Task/Task_Control.c ****     {
 797:Task/Task_Control.c ****         shellPrint(shell_obj, "parameter error\r\n");
 798:Task/Task_Control.c ****         return;
 799:Task/Task_Control.c ****     }
ARM GAS  C:\Users\HUAV\AppData\Local\Temp\ccU1Knae.s 			page 81


 800:Task/Task_Control.c **** 
 801:Task/Task_Control.c ****     shellPrint(shell_obj, "moto %d is selected dir %d\r\n", moto_index, dir);
 3154              		.loc 1 801 5 is_stmt 1 view .LVU807
 3155 0072 2B46     		mov	r3, r5
 3156 0074 3246     		mov	r2, r6
 3157 0076 2349     		ldr	r1, .L200+16
 3158 0078 2046     		mov	r0, r4
 3159 007a FFF7FEFF 		bl	shellPrint
 3160              	.LVL208:
 802:Task/Task_Control.c ****     p_CLIData = SrvOsCommon.malloc(sizeof(TaskControl_CLIData_TypeDef));
 3161              		.loc 1 802 5 view .LVU808
 3162              		.loc 1 802 28 is_stmt 0 view .LVU809
 3163 007e 224B     		ldr	r3, .L200+20
 3164 0080 DB6A     		ldr	r3, [r3, #44]
 3165              		.loc 1 802 17 view .LVU810
 3166 0082 0820     		movs	r0, #8
 3167 0084 9847     		blx	r3
 3168              	.LVL209:
 803:Task/Task_Control.c ****     if(p_CLIData)
 3169              		.loc 1 803 5 is_stmt 1 view .LVU811
 3170              		.loc 1 803 7 is_stmt 0 view .LVU812
 3171 0086 0746     		mov	r7, r0
 3172              	.LVL210:
 3173              		.loc 1 803 7 view .LVU813
 3174 0088 58B3     		cbz	r0, .L193
 804:Task/Task_Control.c ****     {
 805:Task/Task_Control.c ****         p_CLIData->cli_type = TaskControl_Moto_Set_SpinDir;
 3175              		.loc 1 805 9 is_stmt 1 view .LVU814
 3176              		.loc 1 805 29 is_stmt 0 view .LVU815
 3177 008a 0223     		movs	r3, #2
 3178 008c 0371     		strb	r3, [r0, #4]
 806:Task/Task_Control.c ****         p_CLIData->index = moto_index;
 3179              		.loc 1 806 9 is_stmt 1 view .LVU816
 3180              		.loc 1 806 26 is_stmt 0 view .LVU817
 3181 008e 4671     		strb	r6, [r0, #5]
 807:Task/Task_Control.c ****         p_CLIData->timestamp = SrvOsCommon.get_os_ms();
 3182              		.loc 1 807 9 is_stmt 1 view .LVU818
 3183              		.loc 1 807 43 is_stmt 0 view .LVU819
 3184 0090 1D4B     		ldr	r3, .L200+20
 3185 0092 5B68     		ldr	r3, [r3, #4]
 3186              		.loc 1 807 32 view .LVU820
 3187 0094 9847     		blx	r3
 3188              	.LVL211:
 3189              		.loc 1 807 30 view .LVU821
 3190 0096 3860     		str	r0, [r7]
 808:Task/Task_Control.c ****         p_CLIData->value = dir;
 3191              		.loc 1 808 9 is_stmt 1 view .LVU822
 3192              		.loc 1 808 26 is_stmt 0 view .LVU823
 3193 0098 FD80     		strh	r5, [r7, #6]	@ movhi
 809:Task/Task_Control.c **** 
 810:Task/Task_Control.c ****         if(osMessagePut(TaskControl_Monitor.CLIMessage_ID, (uint32_t)p_CLIData, CLI_MESSAGE_OPEARAT
 3194              		.loc 1 810 9 is_stmt 1 view .LVU824
 3195              		.loc 1 810 12 is_stmt 0 view .LVU825
 3196 009a 0122     		movs	r2, #1
 3197 009c 3946     		mov	r1, r7
 3198 009e 174B     		ldr	r3, .L200+8
 3199 00a0 D3F81C01 		ldr	r0, [r3, #284]
ARM GAS  C:\Users\HUAV\AppData\Local\Temp\ccU1Knae.s 			page 82


 3200 00a4 FFF7FEFF 		bl	osMessagePut
 3201              	.LVL212:
 3202              		.loc 1 810 11 view .LVU826
 3203 00a8 A0B1     		cbz	r0, .L188
 811:Task/Task_Control.c ****         {
 812:Task/Task_Control.c ****             SrvOsCommon.free(p_CLIData);
 3204              		.loc 1 812 13 is_stmt 1 view .LVU827
 3205              		.loc 1 812 24 is_stmt 0 view .LVU828
 3206 00aa 174B     		ldr	r3, .L200+20
 3207 00ac 1B6B     		ldr	r3, [r3, #48]
 3208              		.loc 1 812 13 view .LVU829
 3209 00ae 3846     		mov	r0, r7
 3210 00b0 9847     		blx	r3
 3211              	.LVL213:
 813:Task/Task_Control.c ****             shellPrint(shell_obj, "TaskControl CLI set failed\r\n");
 3212              		.loc 1 813 13 is_stmt 1 view .LVU830
 3213 00b2 1649     		ldr	r1, .L200+24
 3214 00b4 2046     		mov	r0, r4
 3215 00b6 FFF7FEFF 		bl	shellPrint
 3216              	.LVL214:
 3217 00ba 0BE0     		b	.L188
 3218              	.LVL215:
 3219              	.L197:
 781:Task/Task_Control.c ****         return;
 3220              		.loc 1 781 9 view .LVU831
 3221 00bc 1449     		ldr	r1, .L200+28
 3222 00be 2046     		mov	r0, r4
 3223 00c0 FFF7FEFF 		bl	shellPrint
 3224              	.LVL216:
 782:Task/Task_Control.c ****     }
 3225              		.loc 1 782 9 view .LVU832
 3226 00c4 06E0     		b	.L188
 3227              	.L198:
 787:Task/Task_Control.c ****         shellPrint(shell_obj, "Set drone in ARM state first\r\n");
 3228              		.loc 1 787 9 view .LVU833
 787:Task/Task_Control.c ****         shellPrint(shell_obj, "Set drone in ARM state first\r\n");
 3229              		.loc 1 787 40 is_stmt 0 view .LVU834
 3230 00c6 0D4B     		ldr	r3, .L200+8
 3231 00c8 0022     		movs	r2, #0
 3232 00ca 9A71     		strb	r2, [r3, #6]
 788:Task/Task_Control.c ****         return;
 3233              		.loc 1 788 9 is_stmt 1 view .LVU835
 3234 00cc 1149     		ldr	r1, .L200+32
 3235 00ce 2046     		mov	r0, r4
 3236 00d0 FFF7FEFF 		bl	shellPrint
 3237              	.LVL217:
 789:Task/Task_Control.c ****     }
 3238              		.loc 1 789 9 view .LVU836
 3239              	.L188:
 814:Task/Task_Control.c ****         }
 815:Task/Task_Control.c ****     }
 816:Task/Task_Control.c ****     else
 817:Task/Task_Control.c ****     {
 818:Task/Task_Control.c ****         shellPrint(shell_obj, "Moto control test data malloc failed\r\n");
 819:Task/Task_Control.c ****         SrvOsCommon.free(p_CLIData);
 820:Task/Task_Control.c ****     }
 821:Task/Task_Control.c **** }
ARM GAS  C:\Users\HUAV\AppData\Local\Temp\ccU1Knae.s 			page 83


 3240              		.loc 1 821 1 is_stmt 0 view .LVU837
 3241 00d4 03B0     		add	sp, sp, #12
 3242              	.LCFI28:
 3243              		.cfi_remember_state
 3244              		.cfi_def_cfa_offset 20
 3245              		@ sp needed
 3246 00d6 F0BD     		pop	{r4, r5, r6, r7, pc}
 3247              	.LVL218:
 3248              	.L199:
 3249              	.LCFI29:
 3250              		.cfi_restore_state
 797:Task/Task_Control.c ****         return;
 3251              		.loc 1 797 9 is_stmt 1 view .LVU838
 3252 00d8 0F49     		ldr	r1, .L200+36
 3253 00da 2046     		mov	r0, r4
 3254 00dc FFF7FEFF 		bl	shellPrint
 3255              	.LVL219:
 798:Task/Task_Control.c ****     }
 3256              		.loc 1 798 9 view .LVU839
 3257 00e0 F8E7     		b	.L188
 3258              	.LVL220:
 3259              	.L193:
 818:Task/Task_Control.c ****         SrvOsCommon.free(p_CLIData);
 3260              		.loc 1 818 9 view .LVU840
 3261 00e2 0E49     		ldr	r1, .L200+40
 3262 00e4 2046     		mov	r0, r4
 3263              	.LVL221:
 818:Task/Task_Control.c ****         SrvOsCommon.free(p_CLIData);
 3264              		.loc 1 818 9 is_stmt 0 view .LVU841
 3265 00e6 FFF7FEFF 		bl	shellPrint
 3266              	.LVL222:
 819:Task/Task_Control.c ****     }
 3267              		.loc 1 819 9 is_stmt 1 view .LVU842
 819:Task/Task_Control.c ****     }
 3268              		.loc 1 819 20 is_stmt 0 view .LVU843
 3269 00ea 074B     		ldr	r3, .L200+20
 3270 00ec 1B6B     		ldr	r3, [r3, #48]
 819:Task/Task_Control.c ****     }
 3271              		.loc 1 819 9 view .LVU844
 3272 00ee 3846     		mov	r0, r7
 3273 00f0 9847     		blx	r3
 3274              	.LVL223:
 3275 00f2 EFE7     		b	.L188
 3276              	.L201:
 3277              		.align	2
 3278              	.L200:
 3279 00f4 00000000 		.word	SrvActuator
 3280 00f8 00000000 		.word	SrvDataHub
 3281 00fc 00000000 		.word	.LANCHOR0
 3282 0100 48000000 		.word	.LC50
 3283 0104 14000000 		.word	.LC66
 3284 0108 00000000 		.word	SrvOsCommon
 3285 010c D0010000 		.word	.LC63
 3286 0110 00000000 		.word	.LC48
 3287 0114 28000000 		.word	.LC49
 3288 0118 00000000 		.word	.LC65
 3289 011c F0010000 		.word	.LC64
ARM GAS  C:\Users\HUAV\AppData\Local\Temp\ccU1Knae.s 			page 84


 3290              		.cfi_endproc
 3291              	.LFE2286:
 3293              		.section	.rodata.TaskControl_Close_CLI.str1.4,"aMS",%progbits,1
 3294              		.align	2
 3295              	.LC67:
 3296 0000 5461736B 		.ascii	"TaskControl CLI disable\015\012\000"
 3296      436F6E74 
 3296      726F6C20 
 3296      434C4920 
 3296      64697361 
 3297              		.section	.text.TaskControl_Close_CLI,"ax",%progbits
 3298              		.align	1
 3299              		.syntax unified
 3300              		.thumb
 3301              		.thumb_func
 3303              	TaskControl_Close_CLI:
 3304              	.LFB2287:
 822:Task/Task_Control.c **** SHELL_EXPORT_CMD(SHELL_CMD_PERMISSION(0) | SHELL_CMD_TYPE(SHELL_TYPE_CMD_FUNC) | SHELL_CMD_DISABLE_
 823:Task/Task_Control.c **** 
 824:Task/Task_Control.c **** static void TaskControl_Close_CLI(void)
 825:Task/Task_Control.c **** {
 3305              		.loc 1 825 1 is_stmt 1 view -0
 3306              		.cfi_startproc
 3307              		@ args = 0, pretend = 0, frame = 0
 3308              		@ frame_needed = 0, uses_anonymous_args = 0
 3309 0000 70B5     		push	{r4, r5, r6, lr}
 3310              	.LCFI30:
 3311              		.cfi_def_cfa_offset 16
 3312              		.cfi_offset 4, -16
 3313              		.cfi_offset 5, -12
 3314              		.cfi_offset 6, -8
 3315              		.cfi_offset 14, -4
 826:Task/Task_Control.c ****     Shell *shell_obj = Shell_GetInstence();
 3316              		.loc 1 826 5 view .LVU846
 3317              		.loc 1 826 24 is_stmt 0 view .LVU847
 3318 0002 FFF7FEFF 		bl	Shell_GetInstence
 3319              	.LVL224:
 3320 0006 0446     		mov	r4, r0
 3321              	.LVL225:
 827:Task/Task_Control.c ****     TaskControl_CLIData_TypeDef *p_CLIData = NULL;
 3322              		.loc 1 827 5 is_stmt 1 view .LVU848
 828:Task/Task_Control.c ****     uint32_t time_stamp = SrvOsCommon.get_os_ms();
 3323              		.loc 1 828 5 view .LVU849
 3324              		.loc 1 828 38 is_stmt 0 view .LVU850
 3325 0008 1B4B     		ldr	r3, .L210
 3326 000a 5B68     		ldr	r3, [r3, #4]
 3327              		.loc 1 828 27 view .LVU851
 3328 000c 9847     		blx	r3
 3329              	.LVL226:
 829:Task/Task_Control.c **** 
 830:Task/Task_Control.c ****     if(shell_obj == NULL)
 3330              		.loc 1 830 5 is_stmt 1 view .LVU852
 3331              		.loc 1 830 7 is_stmt 0 view .LVU853
 3332 000e DCB1     		cbz	r4, .L202
 3333 0010 0646     		mov	r6, r0
 831:Task/Task_Control.c ****         return;
 832:Task/Task_Control.c **** 
ARM GAS  C:\Users\HUAV\AppData\Local\Temp\ccU1Knae.s 			page 85


 833:Task/Task_Control.c ****     if(TaskControl_Monitor.CLIMessage_ID == NULL)
 3334              		.loc 1 833 5 is_stmt 1 view .LVU854
 3335              		.loc 1 833 27 is_stmt 0 view .LVU855
 3336 0012 1A4B     		ldr	r3, .L210+4
 3337 0014 D3F81C31 		ldr	r3, [r3, #284]
 3338              		.loc 1 833 7 view .LVU856
 3339 0018 BBB1     		cbz	r3, .L207
 834:Task/Task_Control.c ****     {
 835:Task/Task_Control.c ****         shellPrint(shell_obj, "TaskControl semaphore create failed\r\n");
 836:Task/Task_Control.c ****         return;
 837:Task/Task_Control.c ****     }
 838:Task/Task_Control.c **** 
 839:Task/Task_Control.c ****     shellPrint(shell_obj, "TaskControl CLI disable\r\n");
 3340              		.loc 1 839 5 is_stmt 1 view .LVU857
 3341 001a 1949     		ldr	r1, .L210+8
 3342 001c 2046     		mov	r0, r4
 3343              	.LVL227:
 3344              		.loc 1 839 5 is_stmt 0 view .LVU858
 3345 001e FFF7FEFF 		bl	shellPrint
 3346              	.LVL228:
 840:Task/Task_Control.c ****     p_CLIData = SrvOsCommon.malloc(sizeof(TaskControl_CLIData_TypeDef));
 3347              		.loc 1 840 5 is_stmt 1 view .LVU859
 3348              		.loc 1 840 28 is_stmt 0 view .LVU860
 3349 0022 154B     		ldr	r3, .L210
 3350 0024 DB6A     		ldr	r3, [r3, #44]
 3351              		.loc 1 840 17 view .LVU861
 3352 0026 0820     		movs	r0, #8
 3353 0028 9847     		blx	r3
 3354              	.LVL229:
 841:Task/Task_Control.c ****     if (p_CLIData == NULL)
 3355              		.loc 1 841 5 is_stmt 1 view .LVU862
 3356              		.loc 1 841 8 is_stmt 0 view .LVU863
 3357 002a 0546     		mov	r5, r0
 3358 002c 90B1     		cbz	r0, .L208
 842:Task/Task_Control.c ****     {
 843:Task/Task_Control.c ****         shellPrint(shell_obj, "Moto control test data malloc failed\r\n");
 844:Task/Task_Control.c ****         SrvOsCommon.free(p_CLIData);
 845:Task/Task_Control.c ****         return;
 846:Task/Task_Control.c ****     }
 847:Task/Task_Control.c **** 
 848:Task/Task_Control.c ****     p_CLIData->cli_type = TaskControl_Moto_CliDisable;
 3359              		.loc 1 848 5 is_stmt 1 view .LVU864
 3360              		.loc 1 848 25 is_stmt 0 view .LVU865
 3361 002e 0023     		movs	r3, #0
 3362 0030 0371     		strb	r3, [r0, #4]
 849:Task/Task_Control.c ****     p_CLIData->timestamp = time_stamp;
 3363              		.loc 1 849 5 is_stmt 1 view .LVU866
 3364              		.loc 1 849 26 is_stmt 0 view .LVU867
 3365 0032 0660     		str	r6, [r0]
 850:Task/Task_Control.c ****     p_CLIData->index = 0;
 3366              		.loc 1 850 5 is_stmt 1 view .LVU868
 3367              		.loc 1 850 22 is_stmt 0 view .LVU869
 3368 0034 4371     		strb	r3, [r0, #5]
 851:Task/Task_Control.c ****     p_CLIData->value = 0;
 3369              		.loc 1 851 5 is_stmt 1 view .LVU870
 3370              		.loc 1 851 22 is_stmt 0 view .LVU871
 3371 0036 C380     		strh	r3, [r0, #6]	@ movhi
ARM GAS  C:\Users\HUAV\AppData\Local\Temp\ccU1Knae.s 			page 86


 852:Task/Task_Control.c **** 
 853:Task/Task_Control.c ****     if(osMessagePut(TaskControl_Monitor.CLIMessage_ID, (uint32_t)p_CLIData, CLI_MESSAGE_OPEARATE_TI
 3372              		.loc 1 853 5 is_stmt 1 view .LVU872
 3373              		.loc 1 853 8 is_stmt 0 view .LVU873
 3374 0038 0122     		movs	r2, #1
 3375 003a 0146     		mov	r1, r0
 3376 003c 0F4B     		ldr	r3, .L210+4
 3377 003e D3F81C01 		ldr	r0, [r3, #284]
 3378              	.LVL230:
 3379              		.loc 1 853 8 view .LVU874
 3380 0042 FFF7FEFF 		bl	osMessagePut
 3381              	.LVL231:
 3382              		.loc 1 853 7 view .LVU875
 3383 0046 70B9     		cbnz	r0, .L209
 3384              	.LVL232:
 3385              	.L202:
 854:Task/Task_Control.c ****     {
 855:Task/Task_Control.c ****         shellPrint(shell_obj, "TaskControl CLI set failed\r\n");
 856:Task/Task_Control.c ****         SrvOsCommon.free(p_CLIData);
 857:Task/Task_Control.c ****     }
 858:Task/Task_Control.c **** }
 3386              		.loc 1 858 1 view .LVU876
 3387 0048 70BD     		pop	{r4, r5, r6, pc}
 3388              	.LVL233:
 3389              	.L207:
 835:Task/Task_Control.c ****         return;
 3390              		.loc 1 835 9 is_stmt 1 view .LVU877
 3391 004a 0E49     		ldr	r1, .L210+12
 3392 004c 2046     		mov	r0, r4
 3393              	.LVL234:
 835:Task/Task_Control.c ****         return;
 3394              		.loc 1 835 9 is_stmt 0 view .LVU878
 3395 004e FFF7FEFF 		bl	shellPrint
 3396              	.LVL235:
 836:Task/Task_Control.c ****     }
 3397              		.loc 1 836 9 is_stmt 1 view .LVU879
 3398 0052 F9E7     		b	.L202
 3399              	.LVL236:
 3400              	.L208:
 843:Task/Task_Control.c ****         SrvOsCommon.free(p_CLIData);
 3401              		.loc 1 843 9 view .LVU880
 3402 0054 0C49     		ldr	r1, .L210+16
 3403 0056 2046     		mov	r0, r4
 3404              	.LVL237:
 843:Task/Task_Control.c ****         SrvOsCommon.free(p_CLIData);
 3405              		.loc 1 843 9 is_stmt 0 view .LVU881
 3406 0058 FFF7FEFF 		bl	shellPrint
 3407              	.LVL238:
 844:Task/Task_Control.c ****         return;
 3408              		.loc 1 844 9 is_stmt 1 view .LVU882
 844:Task/Task_Control.c ****         return;
 3409              		.loc 1 844 20 is_stmt 0 view .LVU883
 3410 005c 064B     		ldr	r3, .L210
 3411 005e 1B6B     		ldr	r3, [r3, #48]
 844:Task/Task_Control.c ****         return;
 3412              		.loc 1 844 9 view .LVU884
 3413 0060 2846     		mov	r0, r5
ARM GAS  C:\Users\HUAV\AppData\Local\Temp\ccU1Knae.s 			page 87


 3414 0062 9847     		blx	r3
 3415              	.LVL239:
 845:Task/Task_Control.c ****     }
 3416              		.loc 1 845 9 is_stmt 1 view .LVU885
 3417 0064 F0E7     		b	.L202
 3418              	.L209:
 855:Task/Task_Control.c ****         SrvOsCommon.free(p_CLIData);
 3419              		.loc 1 855 9 view .LVU886
 3420 0066 0949     		ldr	r1, .L210+20
 3421 0068 2046     		mov	r0, r4
 3422 006a FFF7FEFF 		bl	shellPrint
 3423              	.LVL240:
 856:Task/Task_Control.c ****     }
 3424              		.loc 1 856 9 view .LVU887
 856:Task/Task_Control.c ****     }
 3425              		.loc 1 856 20 is_stmt 0 view .LVU888
 3426 006e 024B     		ldr	r3, .L210
 3427 0070 1B6B     		ldr	r3, [r3, #48]
 856:Task/Task_Control.c ****     }
 3428              		.loc 1 856 9 view .LVU889
 3429 0072 2846     		mov	r0, r5
 3430 0074 9847     		blx	r3
 3431              	.LVL241:
 3432 0076 E7E7     		b	.L202
 3433              	.L211:
 3434              		.align	2
 3435              	.L210:
 3436 0078 00000000 		.word	SrvOsCommon
 3437 007c 00000000 		.word	.LANCHOR0
 3438 0080 00000000 		.word	.LC67
 3439 0084 00000000 		.word	.LC48
 3440 0088 F0010000 		.word	.LC64
 3441 008c D0010000 		.word	.LC63
 3442              		.cfi_endproc
 3443              	.LFE2287:
 3445              		.section	.text.TaskControl_Init,"ax",%progbits
 3446              		.align	1
 3447              		.global	TaskControl_Init
 3448              		.syntax unified
 3449              		.thumb
 3450              		.thumb_func
 3452              	TaskControl_Init:
 3453              	.LVL242:
 3454              	.LFB2275:
  75:Task/Task_Control.c ****     if (period == 0)
 3455              		.loc 1 75 1 is_stmt 1 view -0
 3456              		.cfi_startproc
 3457              		@ args = 0, pretend = 0, frame = 16
 3458              		@ frame_needed = 0, uses_anonymous_args = 0
  76:Task/Task_Control.c ****         return;
 3459              		.loc 1 76 5 view .LVU891
  76:Task/Task_Control.c ****         return;
 3460              		.loc 1 76 8 is_stmt 0 view .LVU892
 3461 0000 00B9     		cbnz	r0, .L219
 3462 0002 7047     		bx	lr
 3463              	.L219:
  75:Task/Task_Control.c ****     if (period == 0)
ARM GAS  C:\Users\HUAV\AppData\Local\Temp\ccU1Knae.s 			page 88


 3464              		.loc 1 75 1 view .LVU893
 3465 0004 F0B5     		push	{r4, r5, r6, r7, lr}
 3466              	.LCFI31:
 3467              		.cfi_def_cfa_offset 20
 3468              		.cfi_offset 4, -20
 3469              		.cfi_offset 5, -16
 3470              		.cfi_offset 6, -12
 3471              		.cfi_offset 7, -8
 3472              		.cfi_offset 14, -4
 3473 0006 85B0     		sub	sp, sp, #20
 3474              	.LCFI32:
 3475              		.cfi_def_cfa_offset 40
 3476 0008 0546     		mov	r5, r0
  80:Task/Task_Control.c ****     SrvDataHub.get_imu_init_state(&imu_init_state);
 3477              		.loc 1 80 5 is_stmt 1 view .LVU894
 3478 000a 184C     		ldr	r4, .L220
 3479 000c 4FF49072 		mov	r2, #288
 3480 0010 0021     		movs	r1, #0
 3481 0012 2046     		mov	r0, r4
 3482              	.LVL243:
  80:Task/Task_Control.c ****     SrvDataHub.get_imu_init_state(&imu_init_state);
 3483              		.loc 1 80 5 is_stmt 0 view .LVU895
 3484 0014 FFF7FEFF 		bl	memset
 3485              	.LVL244:
  81:Task/Task_Control.c **** 
 3486              		.loc 1 81 5 is_stmt 1 view .LVU896
  81:Task/Task_Control.c **** 
 3487              		.loc 1 81 15 is_stmt 0 view .LVU897
 3488 0018 154B     		ldr	r3, .L220+4
 3489 001a DB69     		ldr	r3, [r3, #28]
  81:Task/Task_Control.c **** 
 3490              		.loc 1 81 5 view .LVU898
 3491 001c 1548     		ldr	r0, .L220+8
 3492 001e 9847     		blx	r3
 3493              	.LVL245:
  84:Task/Task_Control.c ****     CtlData_smp_DataPipe.data_size = DataPipe_DataSize(ExpCtl);
 3494              		.loc 1 84 5 is_stmt 1 view .LVU899
  84:Task/Task_Control.c ****     CtlData_smp_DataPipe.data_size = DataPipe_DataSize(ExpCtl);
 3495              		.loc 1 84 36 is_stmt 0 view .LVU900
 3496 0020 154B     		ldr	r3, .L220+12
 3497 0022 164A     		ldr	r2, .L220+16
 3498 0024 C3F80D20 		str	r2, [r3, #13]	@ unaligned
  85:Task/Task_Control.c ****     DataPipe_Enable(&CtlData_smp_DataPipe);
 3499              		.loc 1 85 5 is_stmt 1 view .LVU901
  85:Task/Task_Control.c ****     DataPipe_Enable(&CtlData_smp_DataPipe);
 3500              		.loc 1 85 36 is_stmt 0 view .LVU902
 3501 0028 0026     		movs	r6, #0
 3502 002a 1C22     		movs	r2, #28
 3503 002c 5A74     		strb	r2, [r3, #17]
 3504 002e 9E74     		strb	r6, [r3, #18]
  86:Task/Task_Control.c ****     
 3505              		.loc 1 86 5 is_stmt 1 view .LVU903
 3506              	.LVL246:
 3507              	.LBB13:
 3508              	.LBI13:
 3509              		.file 2 "System/DataPipe/DataPipe.h"
   1:System/DataPipe/DataPipe.h **** #ifndef __DATAPIPE_H
ARM GAS  C:\Users\HUAV\AppData\Local\Temp\ccU1Knae.s 			page 89


   2:System/DataPipe/DataPipe.h **** #define __DATAPIPE_H
   3:System/DataPipe/DataPipe.h **** 
   4:System/DataPipe/DataPipe.h **** #ifdef __cplusplus
   5:System/DataPipe/DataPipe.h **** extern "C" {
   6:System/DataPipe/DataPipe.h **** #endif
   7:System/DataPipe/DataPipe.h **** 
   8:System/DataPipe/DataPipe.h **** #include <stdint.h>
   9:System/DataPipe/DataPipe.h **** #include <string.h>
  10:System/DataPipe/DataPipe.h **** #include <stdbool.h>
  11:System/DataPipe/DataPipe.h **** #include "../../FCHW_Config.h"
  12:System/DataPipe/DataPipe.h **** 
  13:System/DataPipe/DataPipe.h **** typedef void (*Pipe_TransFinish_Callback)(void *pipe_obj);
  14:System/DataPipe/DataPipe.h **** typedef void (*Pipe_TransError_Callback)(void *pipe_obj);
  15:System/DataPipe/DataPipe.h **** typedef void (*Pipe_TimeOutProc_Callback)(void *pipe_obj);
  16:System/DataPipe/DataPipe.h **** 
  17:System/DataPipe/DataPipe.h **** #define DataPipeHandleToObj(x) ((DataPipeObj_TypeDef *)x)
  18:System/DataPipe/DataPipe.h **** #define DataPipe_CreateDataObj(type, name) static type name##_##PipeDataObj __attribute__((section(
  19:System/DataPipe/DataPipe.h **** #define DataPipe_DataObjAddr(name) (&name##_##PipeDataObj)
  20:System/DataPipe/DataPipe.h **** #define DataPipe_DataObj(name) name##_##PipeDataObj
  21:System/DataPipe/DataPipe.h **** #define DataPipe_DataSize(name) sizeof(name##_##PipeDataObj)
  22:System/DataPipe/DataPipe.h **** 
  23:System/DataPipe/DataPipe.h **** typedef enum
  24:System/DataPipe/DataPipe.h **** {
  25:System/DataPipe/DataPipe.h ****     Pipe_UnReady = 0,
  26:System/DataPipe/DataPipe.h ****     Pipe_Ready,
  27:System/DataPipe/DataPipe.h ****     Pipe_Busy,
  28:System/DataPipe/DataPipe.h ****     Pipe_Error,
  29:System/DataPipe/DataPipe.h **** } DataPipe_State_List;
  30:System/DataPipe/DataPipe.h **** 
  31:System/DataPipe/DataPipe.h **** #pragma pack(1)
  32:System/DataPipe/DataPipe.h **** typedef struct
  33:System/DataPipe/DataPipe.h **** {
  34:System/DataPipe/DataPipe.h ****     uint32_t min_rx_interval;
  35:System/DataPipe/DataPipe.h ****     uint32_t detect_interval;
  36:System/DataPipe/DataPipe.h ****     uint32_t rx_ms_rt;
  37:System/DataPipe/DataPipe.h **** 
  38:System/DataPipe/DataPipe.h ****     bool enable;
  39:System/DataPipe/DataPipe.h **** 
  40:System/DataPipe/DataPipe.h ****     uint32_t data_addr;
  41:System/DataPipe/DataPipe.h ****     uint16_t data_size;
  42:System/DataPipe/DataPipe.h **** 
  43:System/DataPipe/DataPipe.h ****     Pipe_TransFinish_Callback trans_finish_cb;
  44:System/DataPipe/DataPipe.h ****     Pipe_TransError_Callback trans_error_cb;
  45:System/DataPipe/DataPipe.h **** 
  46:System/DataPipe/DataPipe.h ****     uint32_t tx_cnt;
  47:System/DataPipe/DataPipe.h ****     uint32_t rx_cnt;
  48:System/DataPipe/DataPipe.h ****     uint32_t er_cnt;
  49:System/DataPipe/DataPipe.h **** } DataPipeObj_TypeDef;
  50:System/DataPipe/DataPipe.h **** #pragma pack()
  51:System/DataPipe/DataPipe.h **** 
  52:System/DataPipe/DataPipe.h **** typedef struct
  53:System/DataPipe/DataPipe.h **** {
  54:System/DataPipe/DataPipe.h ****     DataPipeObj_TypeDef *org;
  55:System/DataPipe/DataPipe.h ****     DataPipeObj_TypeDef *dst;
  56:System/DataPipe/DataPipe.h **** } Data_PlugedPipeObj_TypeDef;
  57:System/DataPipe/DataPipe.h **** 
  58:System/DataPipe/DataPipe.h **** bool DataPipe_Init(void);
ARM GAS  C:\Users\HUAV\AppData\Local\Temp\ccU1Knae.s 			page 90


  59:System/DataPipe/DataPipe.h **** bool DataPipe_DeInit(void);
  60:System/DataPipe/DataPipe.h **** bool DataPipe_SendTo(DataPipeObj_TypeDef *p_org, DataPipeObj_TypeDef *p_dst);
  61:System/DataPipe/DataPipe.h **** bool DataPipe_DealError(void);
  62:System/DataPipe/DataPipe.h **** 
  63:System/DataPipe/DataPipe.h **** inline bool DataPipe_Enable(DataPipeObj_TypeDef *obj)
 3510              		.loc 2 63 13 view .LVU904
 3511              	.LBB14:
  64:System/DataPipe/DataPipe.h **** {
  65:System/DataPipe/DataPipe.h ****     if (obj == NULL)
 3512              		.loc 2 65 5 view .LVU905
  66:System/DataPipe/DataPipe.h ****         return false;
  67:System/DataPipe/DataPipe.h **** 
  68:System/DataPipe/DataPipe.h ****     obj->enable = true;
 3513              		.loc 2 68 5 view .LVU906
 3514              		.loc 2 68 17 is_stmt 0 view .LVU907
 3515 0030 0122     		movs	r2, #1
 3516 0032 1A73     		strb	r2, [r3, #12]
  69:System/DataPipe/DataPipe.h **** 
  70:System/DataPipe/DataPipe.h ****     return true;
 3517              		.loc 2 70 5 is_stmt 1 view .LVU908
 3518              	.LVL247:
 3519              		.loc 2 70 5 is_stmt 0 view .LVU909
 3520              	.LBE14:
 3521              	.LBE13:
  89:Task/Task_Control.c ****     TaskControl_Monitor.init_state = SrvActuator.init(TaskControl_Monitor.actuator_param, period);
 3522              		.loc 1 89 5 is_stmt 1 view .LVU910
 3523 0034 FFF7FEFF 		bl	TaskControl_Get_StoreParam
 3524              	.LVL248:
  90:Task/Task_Control.c **** 
 3525              		.loc 1 90 5 view .LVU911
  90:Task/Task_Control.c **** 
 3526              		.loc 1 90 49 is_stmt 0 view .LVU912
 3527 0038 114B     		ldr	r3, .L220+20
 3528 003a 1F68     		ldr	r7, [r3]
  90:Task/Task_Control.c **** 
 3529              		.loc 1 90 38 view .LVU913
 3530 003c ABB2     		uxth	r3, r5
 3531 003e D4F8B700 		ldr	r0, [r4, #183]	@ unaligned
 3532 0042 D4F8BB10 		ldr	r1, [r4, #187]	@ unaligned
 3533 0046 D4F8BF20 		ldr	r2, [r4, #191]	@ unaligned
 3534 004a B847     		blx	r7
 3535              	.LVL249:
  90:Task/Task_Control.c **** 
 3536              		.loc 1 90 36 view .LVU914
 3537 004c 2070     		strb	r0, [r4]
  92:Task/Task_Control.c ****     TaskControl_Monitor.CLIMessage_ID = osMessageCreate(osMessageQ(MotoCLI_Data), NULL);
 3538              		.loc 1 92 5 is_stmt 1 view .LVU915
 3539 004e 0D4B     		ldr	r3, .L220+24
 3540 0050 EC46     		mov	ip, sp
 3541 0052 0FCB     		ldm	r3, {r0, r1, r2, r3}
 3542 0054 8CE80F00 		stm	ip, {r0, r1, r2, r3}
  93:Task/Task_Control.c ****     
 3543              		.loc 1 93 5 view .LVU916
  93:Task/Task_Control.c ****     
 3544              		.loc 1 93 41 is_stmt 0 view .LVU917
 3545 0058 3146     		mov	r1, r6
 3546 005a 6046     		mov	r0, ip
ARM GAS  C:\Users\HUAV\AppData\Local\Temp\ccU1Knae.s 			page 91


 3547 005c FFF7FEFF 		bl	osMessageCreate
 3548              	.LVL250:
  93:Task/Task_Control.c ****     
 3549              		.loc 1 93 39 view .LVU918
 3550 0060 C4F81C01 		str	r0, [r4, #284]
  95:Task/Task_Control.c **** }
 3551              		.loc 1 95 5 is_stmt 1 view .LVU919
  95:Task/Task_Control.c **** }
 3552              		.loc 1 95 24 is_stmt 0 view .LVU920
 3553 0064 084B     		ldr	r3, .L220+28
 3554 0066 1D60     		str	r5, [r3]
  96:Task/Task_Control.c **** 
 3555              		.loc 1 96 1 view .LVU921
 3556 0068 05B0     		add	sp, sp, #20
 3557              	.LCFI33:
 3558              		.cfi_def_cfa_offset 20
 3559              		@ sp needed
 3560 006a F0BD     		pop	{r4, r5, r6, r7, pc}
 3561              	.LVL251:
 3562              	.L221:
  96:Task/Task_Control.c **** 
 3563              		.loc 1 96 1 view .LVU922
 3564              		.align	2
 3565              	.L220:
 3566 006c 00000000 		.word	.LANCHOR0
 3567 0070 00000000 		.word	SrvDataHub
 3568 0074 00000000 		.word	.LANCHOR5
 3569 0078 00000000 		.word	CtlData_smp_DataPipe
 3570 007c 00000000 		.word	.LANCHOR2
 3571 0080 00000000 		.word	SrvActuator
 3572 0084 00000000 		.word	.LANCHOR10
 3573 0088 00000000 		.word	.LANCHOR11
 3574              		.cfi_endproc
 3575              	.LFE2275:
 3577              		.section	.text.TaskControl_Core,"ax",%progbits
 3578              		.align	1
 3579              		.global	TaskControl_Core
 3580              		.syntax unified
 3581              		.thumb
 3582              		.thumb_func
 3584              	TaskControl_Core:
 3585              	.LVL252:
 3586              	.LFB2278:
 203:Task/Task_Control.c ****     uint32_t sys_time = SrvOsCommon.get_os_ms();
 3587              		.loc 1 203 1 is_stmt 1 view -0
 3588              		.cfi_startproc
 3589              		@ args = 0, pretend = 0, frame = 112
 3590              		@ frame_needed = 0, uses_anonymous_args = 0
 203:Task/Task_Control.c ****     uint32_t sys_time = SrvOsCommon.get_os_ms();
 3591              		.loc 1 203 1 is_stmt 0 view .LVU924
 3592 0000 30B5     		push	{r4, r5, lr}
 3593              	.LCFI34:
 3594              		.cfi_def_cfa_offset 12
 3595              		.cfi_offset 4, -12
 3596              		.cfi_offset 5, -8
 3597              		.cfi_offset 14, -4
 3598 0002 9DB0     		sub	sp, sp, #116
ARM GAS  C:\Users\HUAV\AppData\Local\Temp\ccU1Knae.s 			page 92


 3599              	.LCFI35:
 3600              		.cfi_def_cfa_offset 128
 204:Task/Task_Control.c ****     uint32_t task_tick = 0;
 3601              		.loc 1 204 5 is_stmt 1 view .LVU925
 204:Task/Task_Control.c ****     uint32_t task_tick = 0;
 3602              		.loc 1 204 36 is_stmt 0 view .LVU926
 3603 0004 184B     		ldr	r3, .L228
 3604 0006 5B68     		ldr	r3, [r3, #4]
 204:Task/Task_Control.c ****     uint32_t task_tick = 0;
 3605              		.loc 1 204 25 view .LVU927
 3606 0008 9847     		blx	r3
 3607              	.LVL253:
 204:Task/Task_Control.c ****     uint32_t task_tick = 0;
 3608              		.loc 1 204 14 view .LVU928
 3609 000a 1B90     		str	r0, [sp, #108]
 205:Task/Task_Control.c ****     bool upgrade_state = false;
 3610              		.loc 1 205 5 is_stmt 1 view .LVU929
 3611              	.LVL254:
 206:Task/Task_Control.c ****     ControlData_TypeDef CtlData;
 3612              		.loc 1 206 5 view .LVU930
 206:Task/Task_Control.c ****     ControlData_TypeDef CtlData;
 3613              		.loc 1 206 10 is_stmt 0 view .LVU931
 3614 000c 0021     		movs	r1, #0
 3615 000e 8DF86B10 		strb	r1, [sp, #107]
 207:Task/Task_Control.c ****     memset(&CtlData, 0, sizeof(ControlData_TypeDef));
 3616              		.loc 1 207 5 is_stmt 1 view .LVU932
 208:Task/Task_Control.c **** 
 3617              		.loc 1 208 5 view .LVU933
 3618 0012 6422     		movs	r2, #100
 3619 0014 01A8     		add	r0, sp, #4
 3620 0016 FFF7FEFF 		bl	memset
 3621              	.LVL255:
 3622 001a 0CE0     		b	.L226
 3623              	.LVL256:
 3624              	.L223:
 224:Task/Task_Control.c ****             {
 3625              		.loc 1 224 13 view .LVU934
 224:Task/Task_Control.c ****             {
 3626              		.loc 1 224 37 is_stmt 0 view .LVU935
 3627 001c 134B     		ldr	r3, .L228+4
 3628 001e 9B79     		ldrb	r3, [r3, #6]	@ zero_extendqisi2
 224:Task/Task_Control.c ****             {
 3629              		.loc 1 224 16 view .LVU936
 3630 0020 FBB9     		cbnz	r3, .L225
 227:Task/Task_Control.c ****             }
 3631              		.loc 1 227 17 is_stmt 1 view .LVU937
 3632 0022 2146     		mov	r1, r4
 3633 0024 01A8     		add	r0, sp, #4
 3634 0026 FFF7FEFF 		bl	TaskControl_FlightControl_Polling
 3635              	.LVL257:
 3636              	.L224:
 241:Task/Task_Control.c ****     }
 3637              		.loc 1 241 9 view .LVU938
 241:Task/Task_Control.c ****     }
 3638              		.loc 1 241 20 is_stmt 0 view .LVU939
 3639 002a 0F4B     		ldr	r3, .L228
 3640 002c DB68     		ldr	r3, [r3, #12]
ARM GAS  C:\Users\HUAV\AppData\Local\Temp\ccU1Knae.s 			page 93


 241:Task/Task_Control.c ****     }
 3641              		.loc 1 241 9 view .LVU940
 3642 002e 104A     		ldr	r2, .L228+8
 3643 0030 1168     		ldr	r1, [r2]
 3644 0032 1BA8     		add	r0, sp, #108
 3645 0034 9847     		blx	r3
 3646              	.LVL258:
 210:Task/Task_Control.c ****     {
 3647              		.loc 1 210 10 is_stmt 1 view .LVU941
 3648              	.L226:
 210:Task/Task_Control.c ****     {
 3649              		.loc 1 210 5 view .LVU942
 212:Task/Task_Control.c **** 
 3650              		.loc 1 212 9 view .LVU943
 212:Task/Task_Control.c **** 
 3651              		.loc 1 212 32 is_stmt 0 view .LVU944
 3652 0036 0C4B     		ldr	r3, .L228
 3653 0038 5B68     		ldr	r3, [r3, #4]
 212:Task/Task_Control.c **** 
 3654              		.loc 1 212 21 view .LVU945
 3655 003a 9847     		blx	r3
 3656              	.LVL259:
 3657 003c 0446     		mov	r4, r0
 3658              	.LVL260:
 215:Task/Task_Control.c **** 
 3659              		.loc 1 215 9 is_stmt 1 view .LVU946
 215:Task/Task_Control.c **** 
 3660              		.loc 1 215 19 is_stmt 0 view .LVU947
 3661 003e 0D4D     		ldr	r5, .L228+12
 3662 0040 AB6C     		ldr	r3, [r5, #72]
 215:Task/Task_Control.c **** 
 3663              		.loc 1 215 9 view .LVU948
 3664 0042 01A8     		add	r0, sp, #4
 3665              	.LVL261:
 215:Task/Task_Control.c **** 
 3666              		.loc 1 215 9 view .LVU949
 3667 0044 9847     		blx	r3
 3668              	.LVL262:
 217:Task/Task_Control.c ****         {
 3669              		.loc 1 217 9 is_stmt 1 view .LVU950
 217:Task/Task_Control.c ****         {
 3670              		.loc 1 217 23 is_stmt 0 view .LVU951
 3671 0046 2B69     		ldr	r3, [r5, #16]
 217:Task/Task_Control.c ****         {
 3672              		.loc 1 217 13 view .LVU952
 3673 0048 0DF16B00 		add	r0, sp, #107
 3674 004c 9847     		blx	r3
 3675              	.LVL263:
 217:Task/Task_Control.c ****         {
 3676              		.loc 1 217 12 view .LVU953
 3677 004e 0028     		cmp	r0, #0
 3678 0050 E4D0     		beq	.L223
 217:Task/Task_Control.c ****         {
 3679              		.loc 1 217 58 discriminator 1 view .LVU954
 3680 0052 9DF86B30 		ldrb	r3, [sp, #107]	@ zero_extendqisi2
 3681 0056 002B     		cmp	r3, #0
 3682 0058 E0D0     		beq	.L223
ARM GAS  C:\Users\HUAV\AppData\Local\Temp\ccU1Knae.s 			page 94


 220:Task/Task_Control.c ****         }
 3683              		.loc 1 220 13 is_stmt 1 view .LVU955
 220:Task/Task_Control.c ****         }
 3684              		.loc 1 220 24 is_stmt 0 view .LVU956
 3685 005a 074B     		ldr	r3, .L228+16
 3686 005c DB68     		ldr	r3, [r3, #12]
 220:Task/Task_Control.c ****         }
 3687              		.loc 1 220 13 view .LVU957
 3688 005e 9847     		blx	r3
 3689              	.LVL264:
 3690 0060 E3E7     		b	.L224
 3691              	.L225:
 231:Task/Task_Control.c ****                 {
 3692              		.loc 1 231 17 is_stmt 1 view .LVU958
 233:Task/Task_Control.c ****                 }
 3693              		.loc 1 233 21 view .LVU959
 3694 0062 FFF7FEFF 		bl	TaskControl_CLI_Polling
 3695              	.LVL265:
 3696 0066 E0E7     		b	.L224
 3697              	.L229:
 3698              		.align	2
 3699              	.L228:
 3700 0068 00000000 		.word	SrvOsCommon
 3701 006c 00000000 		.word	.LANCHOR0
 3702 0070 00000000 		.word	.LANCHOR11
 3703 0074 00000000 		.word	SrvDataHub
 3704 0078 00000000 		.word	SrvActuator
 3705              		.cfi_endproc
 3706              	.LFE2278:
 3708              		.global	shellCommandlock_moto
 3709              		.global	shellDesclock_moto
 3710              		.global	shellCmdlock_moto
 3711              		.global	shellCommandrev_spin
 3712              		.global	shellDescrev_spin
 3713              		.global	shellCmdrev_spin
 3714              		.global	shellCommandmoto_spin
 3715              		.global	shellDescmoto_spin
 3716              		.global	shellCmdmoto_spin
 3717              		.global	shellCommandset_moto_type
 3718              		.global	shellDescset_moto_type
 3719              		.global	shellCmdset_moto_type
 3720              		.global	shellCommandshow_ctl_modle
 3721              		.global	shellDescshow_ctl_modle
 3722              		.global	shellCmdshow_ctl_modle
 3723              		.global	TaskControl_Monitor
 3724              		.section	.rodata
 3725              		.align	2
 3726              		.set	.LANCHOR10,. + 0
 3727              	.LC0:
 3728 0000 40000000 		.word	64
 3729 0004 08000000 		.word	8
 3730 0008 00000000 		.word	0
 3731 000c 00000000 		.word	0
 3732              		.section	.Perph_Section,"aw"
 3733              		.align	2
 3734              		.set	.LANCHOR2,. + 0
 3737              	ExpCtl_PipeDataObj:
ARM GAS  C:\Users\HUAV\AppData\Local\Temp\ccU1Knae.s 			page 95


 3738 0000 00000000 		.space	28
 3738      00000000 
 3738      00000000 
 3738      00000000 
 3738      00000000 
 3739              		.section	.bss.CLIData.1,"aw",%nobits
 3740              		.align	2
 3741              		.set	.LANCHOR8,. + 0
 3744              	CLIData.1:
 3745 0000 00000000 		.space	8
 3745      00000000 
 3746              		.section	.bss.TaskControl_Period,"aw",%nobits
 3747              		.align	2
 3748              		.set	.LANCHOR11,. + 0
 3751              	TaskControl_Period:
 3752 0000 00000000 		.space	4
 3753              		.section	.bss.att_update,"aw",%nobits
 3754              		.set	.LANCHOR7,. + 0
 3757              	att_update:
 3758 0000 00       		.space	1
 3759              		.section	.bss.att_update_time,"aw",%nobits
 3760              		.align	2
 3761              		.set	.LANCHOR6,. + 0
 3764              	att_update_time:
 3765 0000 00000000 		.space	4
 3766              		.section	.bss.failsafe,"aw",%nobits
 3767              		.set	.LANCHOR1,. + 0
 3770              	failsafe:
 3771 0000 00       		.space	1
 3772              		.section	.bss.imu_err_code,"aw",%nobits
 3773              		.set	.LANCHOR4,. + 0
 3776              	imu_err_code:
 3777 0000 00       		.space	1
 3778              		.section	.bss.imu_init_state,"aw",%nobits
 3779              		.set	.LANCHOR5,. + 0
 3782              	imu_init_state:
 3783 0000 00       		.space	1
 3784              		.section	.bss.imu_update_time,"aw",%nobits
 3785              		.align	2
 3786              		.set	.LANCHOR3,. + 0
 3789              	imu_update_time:
 3790 0000 00000000 		.space	4
 3791              		.section	.bss.moto_ctl_buff.0,"aw",%nobits
 3792              		.align	2
 3793              		.set	.LANCHOR9,. + 0
 3796              	moto_ctl_buff.0:
 3797 0000 00000000 		.space	16
 3797      00000000 
 3797      00000000 
 3797      00000000 
 3798              		.section	.data.TaskControl_Monitor,"aw"
 3799              		.align	2
 3800              		.set	.LANCHOR0,. + 0
 3803              	TaskControl_Monitor:
 3804 0000 00       		.byte	0
 3805 0001 00       		.byte	0
 3806 0002 01       		.byte	1
ARM GAS  C:\Users\HUAV\AppData\Local\Temp\ccU1Knae.s 			page 96


 3807 0003 00       		.byte	0
 3808 0004 01       		.byte	1
 3809 0005 00       		.byte	0
 3810 0006 00000000 		.space	194
 3810      00000000 
 3810      00000000 
 3810      00000000 
 3810      00000000 
 3811 00c8 00000000 		.word	0
 3812 00cc 00000000 		.space	52
 3812      00000000 
 3812      00000000 
 3812      00000000 
 3812      00000000 
 3813 0100 00       		.byte	0
 3814 0101 00000000 		.space	16
 3814      00000000 
 3814      00000000 
 3814      00000000 
 3815 0111 00       		.byte	0
 3816 0112 00000000 		.space	14
 3816      00000000 
 3816      00000000 
 3816      0000
 3817              		.section	.rodata.shellCmdlock_moto,"a"
 3818              		.align	2
 3821              	shellCmdlock_moto:
 3822 0000 6C6F636B 		.ascii	"lock_moto\000"
 3822      5F6D6F74 
 3822      6F00
 3823              		.section	.rodata.shellCmdmoto_spin,"a"
 3824              		.align	2
 3827              	shellCmdmoto_spin:
 3828 0000 6D6F746F 		.ascii	"moto_spin\000"
 3828      5F737069 
 3828      6E00
 3829              		.section	.rodata.shellCmdrev_spin,"a"
 3830              		.align	2
 3833              	shellCmdrev_spin:
 3834 0000 7265765F 		.ascii	"rev_spin\000"
 3834      7370696E 
 3834      00
 3835              		.section	.rodata.shellCmdset_moto_type,"a"
 3836              		.align	2
 3839              	shellCmdset_moto_type:
 3840 0000 7365745F 		.ascii	"set_moto_type\000"
 3840      6D6F746F 
 3840      5F747970 
 3840      6500
 3841              		.section	.rodata.shellCmdshow_ctl_modle,"a"
 3842              		.align	2
 3845              	shellCmdshow_ctl_modle:
 3846 0000 73686F77 		.ascii	"show_ctl_modle\000"
 3846      5F63746C 
 3846      5F6D6F64 
 3846      6C6500
 3847              		.section	.rodata.shellDesclock_moto,"a"
ARM GAS  C:\Users\HUAV\AppData\Local\Temp\ccU1Knae.s 			page 97


 3848              		.align	2
 3851              	shellDesclock_moto:
 3852 0000 64697361 		.ascii	"disable actuator test\000"
 3852      626C6520 
 3852      61637475 
 3852      61746F72 
 3852      20746573 
 3853              		.section	.rodata.shellDescmoto_spin,"a"
 3854              		.align	2
 3857              	shellDescmoto_spin:
 3858 0000 53696E67 		.ascii	"Single Moto Spin\000"
 3858      6C65204D 
 3858      6F746F20 
 3858      5370696E 
 3858      00
 3859              		.section	.rodata.shellDescrev_spin,"a"
 3860              		.align	2
 3863              	shellDescrev_spin:
 3864 0000 72657665 		.ascii	"reverse moto Spin\000"
 3864      72736520 
 3864      6D6F746F 
 3864      20537069 
 3864      6E00
 3865              		.section	.rodata.shellDescset_moto_type,"a"
 3866              		.align	2
 3869              	shellDescset_moto_type:
 3870 0000 73657420 		.ascii	"set moto type\000"
 3870      6D6F746F 
 3870      20747970 
 3870      6500
 3871              		.section	.rodata.shellDescshow_ctl_modle,"a"
 3872              		.align	2
 3875              	shellDescshow_ctl_modle:
 3876 0000 73686F77 		.ascii	"show modle info\000"
 3876      206D6F64 
 3876      6C652069 
 3876      6E666F00 
 3877              		.section	shellCommand,"a"
 3878              		.align	2
 3881              	shellCommandlock_moto:
 3882 0000 00210000 		.word	8448
 3883 0004 00000000 		.word	shellCmdlock_moto
 3884 0008 00000000 		.word	TaskControl_Close_CLI
 3885 000c 00000000 		.word	shellDesclock_moto
 3888              	shellCommandrev_spin:
 3889 0010 00210000 		.word	8448
 3890 0014 00000000 		.word	shellCmdrev_spin
 3891 0018 00000000 		.word	TaskControl_Reverse_SpinDir
 3892 001c 00000000 		.word	shellDescrev_spin
 3895              	shellCommandmoto_spin:
 3896 0020 00210000 		.word	8448
 3897 0024 00000000 		.word	shellCmdmoto_spin
 3898 0028 00000000 		.word	TaskControl_CLI_MotoSpinTest
 3899 002c 00000000 		.word	shellDescmoto_spin
 3902              	shellCommandset_moto_type:
 3903 0030 00210000 		.word	8448
 3904 0034 00000000 		.word	shellCmdset_moto_type
ARM GAS  C:\Users\HUAV\AppData\Local\Temp\ccU1Knae.s 			page 98


 3905 0038 00000000 		.word	TaskControl_CLI_SetMotoType
 3906 003c 00000000 		.word	shellDescset_moto_type
 3909              	shellCommandshow_ctl_modle:
 3910 0040 00210000 		.word	8448
 3911 0044 00000000 		.word	shellCmdshow_ctl_modle
 3912 0048 00000000 		.word	TaskControl_CLI_ShowModleInfo
 3913 004c 00000000 		.word	shellDescshow_ctl_modle
 3914              		.text
 3915              	.Letext0:
 3916              		.file 3 "d:\\hpm-compile-tool\\gcc-arm-none-eabi-10.3-win\\arm-none-eabi\\include\\machine\\_defau
 3917              		.file 4 "d:\\hpm-compile-tool\\gcc-arm-none-eabi-10.3-win\\arm-none-eabi\\include\\sys\\_stdint.h"
 3918              		.file 5 "d:\\hpm-compile-tool\\gcc-arm-none-eabi-10.3-win\\lib\\gcc\\arm-none-eabi\\10.3.1\\includ
 3919              		.file 6 "System/FreeRTOS/portable/GCC/ARM_CM4F/portmacro.h"
 3920              		.file 7 "System/FreeRTOS/include/portable.h"
 3921              		.file 8 "System/FreeRTOS/include/FreeRTOS.h"
 3922              		.file 9 "System/FreeRTOS/include/queue.h"
 3923              		.file 10 "common/gen_physic_def/imu_data.h"
 3924              		.file 11 "System/FreeRTOS/CMSIS_RTOS/cmsis_os.h"
 3925              		.file 12 "Service/Srv_OsCommon.h"
 3926              		.file 13 "Device/Dev_Dshot.h"
 3927              		.file 14 "Service/Srv_Actuator.h"
 3928              		.file 15 "Service/Srv_IMUSample.h"
 3929              		.file 16 "Service/control_data.h"
 3930              		.file 17 "Service/Srv_DataHub.h"
 3931              		.file 18 "Task/../System/storage/Storage_Dev_Port.h"
 3932              		.file 19 "Task/../System/storage/Storage.h"
 3933              		.file 20 "Algorithm/Control_Dep/Attitude/Att_Control_Base.h"
 3934              		.file 21 "Algorithm/Control_Dep/controller.h"
 3935              		.file 22 "Task/Task_Control.h"
 3936              		.file 23 "System/shell/shell.h"
 3937              		.file 24 "System/shell/shell_port.h"
 3938              		.file 25 "<built-in>"
ARM GAS  C:\Users\HUAV\AppData\Local\Temp\ccU1Knae.s 			page 99


DEFINED SYMBOLS
                            *ABS*:00000000 Task_Control.c
C:\Users\HUAV\AppData\Local\Temp\ccU1Knae.s:19     .text.TaskControl_disarm_check:00000000 $t
C:\Users\HUAV\AppData\Local\Temp\ccU1Knae.s:24     .text.TaskControl_disarm_check:00000000 TaskControl_disarm_check
C:\Users\HUAV\AppData\Local\Temp\ccU1Knae.s:122    .text.TaskControl_disarm_check:0000007c $d
C:\Users\HUAV\AppData\Local\Temp\ccU1Knae.s:127    .text.TaskControl_Actuator_ControlValue_Update:00000000 $t
C:\Users\HUAV\AppData\Local\Temp\ccU1Knae.s:132    .text.TaskControl_Actuator_ControlValue_Update:00000000 TaskControl_Actuator_ControlValue_Update
C:\Users\HUAV\AppData\Local\Temp\ccU1Knae.s:195    .text.TaskControl_Actuator_ControlValue_Update:00000040 $d
C:\Users\HUAV\AppData\Local\Temp\ccU1Knae.s:200    .text.TaskControl_Convert_CtlData:00000000 $t
C:\Users\HUAV\AppData\Local\Temp\ccU1Knae.s:205    .text.TaskControl_Convert_CtlData:00000000 TaskControl_Convert_CtlData
C:\Users\HUAV\AppData\Local\Temp\ccU1Knae.s:238    .text.TaskControl_Convert_CtlData:0000001c $d
C:\Users\HUAV\AppData\Local\Temp\ccU1Knae.s:243    .rodata.TaskControl_Get_StoreParam.str1.4:00000000 $d
C:\Users\HUAV\AppData\Local\Temp\ccU1Knae.s:250    .text.TaskControl_Get_StoreParam:00000000 $t
C:\Users\HUAV\AppData\Local\Temp\ccU1Knae.s:255    .text.TaskControl_Get_StoreParam:00000000 TaskControl_Get_StoreParam
C:\Users\HUAV\AppData\Local\Temp\ccU1Knae.s:676    .text.TaskControl_Get_StoreParam:00000340 $d
C:\Users\HUAV\AppData\Local\Temp\ccU1Knae.s:689    .text.TaskControl_Get_StoreParam:00000370 $t
C:\Users\HUAV\AppData\Local\Temp\ccU1Knae.s:757    .text.TaskControl_Get_StoreParam:00000400 $d
C:\Users\HUAV\AppData\Local\Temp\ccU1Knae.s:764    .text.TaskControl_FlightControl_Polling:00000000 $t
C:\Users\HUAV\AppData\Local\Temp\ccU1Knae.s:769    .text.TaskControl_FlightControl_Polling:00000000 TaskControl_FlightControl_Polling
C:\Users\HUAV\AppData\Local\Temp\ccU1Knae.s:1107   .text.TaskControl_FlightControl_Polling:00000202 $d
C:\Users\HUAV\AppData\Local\Temp\ccU1Knae.s:1113   .text.TaskControl_FlightControl_Polling:00000208 $t
C:\Users\HUAV\AppData\Local\Temp\ccU1Knae.s:1324   .text.TaskControl_FlightControl_Polling:00000304 $d
C:\Users\HUAV\AppData\Local\Temp\ccU1Knae.s:1342   .text.TaskControl_FlightControl_Polling:0000033c $t
C:\Users\HUAV\AppData\Local\Temp\ccU1Knae.s:1426   .text.TaskControl_FlightControl_Polling:000003c8 $d
C:\Users\HUAV\AppData\Local\Temp\ccU1Knae.s:1433   .rodata.TaskControl_CLI_Polling.str1.4:00000000 $d
C:\Users\HUAV\AppData\Local\Temp\ccU1Knae.s:1440   .text.TaskControl_CLI_Polling:00000000 $t
C:\Users\HUAV\AppData\Local\Temp\ccU1Knae.s:1445   .text.TaskControl_CLI_Polling:00000000 TaskControl_CLI_Polling
C:\Users\HUAV\AppData\Local\Temp\ccU1Knae.s:1794   .text.TaskControl_CLI_Polling:00000188 $d
C:\Users\HUAV\AppData\Local\Temp\ccU1Knae.s:1806   .rodata.TaskControl_CLI_ShowModleInfo.str1.4:00000000 $d
C:\Users\HUAV\AppData\Local\Temp\ccU1Knae.s:1904   .text.TaskControl_CLI_ShowModleInfo:00000000 $t
C:\Users\HUAV\AppData\Local\Temp\ccU1Knae.s:1909   .text.TaskControl_CLI_ShowModleInfo:00000000 TaskControl_CLI_ShowModleInfo
C:\Users\HUAV\AppData\Local\Temp\ccU1Knae.s:2153   .text.TaskControl_CLI_ShowModleInfo:00000194 $d
C:\Users\HUAV\AppData\Local\Temp\ccU1Knae.s:2157   .text.TaskControl_CLI_ShowModleInfo:00000198 $t
C:\Users\HUAV\AppData\Local\Temp\ccU1Knae.s:2193   .text.TaskControl_CLI_ShowModleInfo:000001c2 $d
C:\Users\HUAV\AppData\Local\Temp\ccU1Knae.s:2323   .text.TaskControl_CLI_ShowModleInfo:00000244 $d
C:\Users\HUAV\AppData\Local\Temp\ccU1Knae.s:2360   .rodata.TaskControl_CLI_SetMotoType.str1.4:00000000 $d
C:\Users\HUAV\AppData\Local\Temp\ccU1Knae.s:2395   .text.TaskControl_CLI_SetMotoType:00000000 $t
C:\Users\HUAV\AppData\Local\Temp\ccU1Knae.s:2400   .text.TaskControl_CLI_SetMotoType:00000000 TaskControl_CLI_SetMotoType
C:\Users\HUAV\AppData\Local\Temp\ccU1Knae.s:2564   .text.TaskControl_CLI_SetMotoType:000000bc $d
C:\Users\HUAV\AppData\Local\Temp\ccU1Knae.s:2582   .rodata.TaskControl_CLI_MotoSpinTest.str1.4:00000000 $d
C:\Users\HUAV\AppData\Local\Temp\ccU1Knae.s:2635   .text.TaskControl_CLI_MotoSpinTest:00000000 $t
C:\Users\HUAV\AppData\Local\Temp\ccU1Knae.s:2640   .text.TaskControl_CLI_MotoSpinTest:00000000 TaskControl_CLI_MotoSpinTest
C:\Users\HUAV\AppData\Local\Temp\ccU1Knae.s:3020   .text.TaskControl_CLI_MotoSpinTest:000001d8 $d
C:\Users\HUAV\AppData\Local\Temp\ccU1Knae.s:3045   .rodata.TaskControl_Reverse_SpinDir.str1.4:00000000 $d
C:\Users\HUAV\AppData\Local\Temp\ccU1Knae.s:3052   .text.TaskControl_Reverse_SpinDir:00000000 $t
C:\Users\HUAV\AppData\Local\Temp\ccU1Knae.s:3057   .text.TaskControl_Reverse_SpinDir:00000000 TaskControl_Reverse_SpinDir
C:\Users\HUAV\AppData\Local\Temp\ccU1Knae.s:3279   .text.TaskControl_Reverse_SpinDir:000000f4 $d
C:\Users\HUAV\AppData\Local\Temp\ccU1Knae.s:3294   .rodata.TaskControl_Close_CLI.str1.4:00000000 $d
C:\Users\HUAV\AppData\Local\Temp\ccU1Knae.s:3298   .text.TaskControl_Close_CLI:00000000 $t
C:\Users\HUAV\AppData\Local\Temp\ccU1Knae.s:3303   .text.TaskControl_Close_CLI:00000000 TaskControl_Close_CLI
C:\Users\HUAV\AppData\Local\Temp\ccU1Knae.s:3436   .text.TaskControl_Close_CLI:00000078 $d
C:\Users\HUAV\AppData\Local\Temp\ccU1Knae.s:3446   .text.TaskControl_Init:00000000 $t
C:\Users\HUAV\AppData\Local\Temp\ccU1Knae.s:3452   .text.TaskControl_Init:00000000 TaskControl_Init
C:\Users\HUAV\AppData\Local\Temp\ccU1Knae.s:3566   .text.TaskControl_Init:0000006c $d
C:\Users\HUAV\AppData\Local\Temp\ccU1Knae.s:3578   .text.TaskControl_Core:00000000 $t
C:\Users\HUAV\AppData\Local\Temp\ccU1Knae.s:3584   .text.TaskControl_Core:00000000 TaskControl_Core
C:\Users\HUAV\AppData\Local\Temp\ccU1Knae.s:3700   .text.TaskControl_Core:00000068 $d
ARM GAS  C:\Users\HUAV\AppData\Local\Temp\ccU1Knae.s 			page 100


C:\Users\HUAV\AppData\Local\Temp\ccU1Knae.s:3881   shellCommand:00000000 shellCommandlock_moto
C:\Users\HUAV\AppData\Local\Temp\ccU1Knae.s:3851   .rodata.shellDesclock_moto:00000000 shellDesclock_moto
C:\Users\HUAV\AppData\Local\Temp\ccU1Knae.s:3821   .rodata.shellCmdlock_moto:00000000 shellCmdlock_moto
C:\Users\HUAV\AppData\Local\Temp\ccU1Knae.s:3888   shellCommand:00000010 shellCommandrev_spin
C:\Users\HUAV\AppData\Local\Temp\ccU1Knae.s:3863   .rodata.shellDescrev_spin:00000000 shellDescrev_spin
C:\Users\HUAV\AppData\Local\Temp\ccU1Knae.s:3833   .rodata.shellCmdrev_spin:00000000 shellCmdrev_spin
C:\Users\HUAV\AppData\Local\Temp\ccU1Knae.s:3895   shellCommand:00000020 shellCommandmoto_spin
C:\Users\HUAV\AppData\Local\Temp\ccU1Knae.s:3857   .rodata.shellDescmoto_spin:00000000 shellDescmoto_spin
C:\Users\HUAV\AppData\Local\Temp\ccU1Knae.s:3827   .rodata.shellCmdmoto_spin:00000000 shellCmdmoto_spin
C:\Users\HUAV\AppData\Local\Temp\ccU1Knae.s:3902   shellCommand:00000030 shellCommandset_moto_type
C:\Users\HUAV\AppData\Local\Temp\ccU1Knae.s:3869   .rodata.shellDescset_moto_type:00000000 shellDescset_moto_type
C:\Users\HUAV\AppData\Local\Temp\ccU1Knae.s:3839   .rodata.shellCmdset_moto_type:00000000 shellCmdset_moto_type
C:\Users\HUAV\AppData\Local\Temp\ccU1Knae.s:3909   shellCommand:00000040 shellCommandshow_ctl_modle
C:\Users\HUAV\AppData\Local\Temp\ccU1Knae.s:3875   .rodata.shellDescshow_ctl_modle:00000000 shellDescshow_ctl_modle
C:\Users\HUAV\AppData\Local\Temp\ccU1Knae.s:3845   .rodata.shellCmdshow_ctl_modle:00000000 shellCmdshow_ctl_modle
C:\Users\HUAV\AppData\Local\Temp\ccU1Knae.s:3803   .data.TaskControl_Monitor:00000000 TaskControl_Monitor
C:\Users\HUAV\AppData\Local\Temp\ccU1Knae.s:3725   .rodata:00000000 $d
C:\Users\HUAV\AppData\Local\Temp\ccU1Knae.s:3733   .Perph_Section:00000000 $d
C:\Users\HUAV\AppData\Local\Temp\ccU1Knae.s:3737   .Perph_Section:00000000 ExpCtl_PipeDataObj
C:\Users\HUAV\AppData\Local\Temp\ccU1Knae.s:3740   .bss.CLIData.1:00000000 $d
C:\Users\HUAV\AppData\Local\Temp\ccU1Knae.s:3744   .bss.CLIData.1:00000000 CLIData.1
C:\Users\HUAV\AppData\Local\Temp\ccU1Knae.s:3747   .bss.TaskControl_Period:00000000 $d
C:\Users\HUAV\AppData\Local\Temp\ccU1Knae.s:3751   .bss.TaskControl_Period:00000000 TaskControl_Period
C:\Users\HUAV\AppData\Local\Temp\ccU1Knae.s:3757   .bss.att_update:00000000 att_update
C:\Users\HUAV\AppData\Local\Temp\ccU1Knae.s:3758   .bss.att_update:00000000 $d
C:\Users\HUAV\AppData\Local\Temp\ccU1Knae.s:3760   .bss.att_update_time:00000000 $d
C:\Users\HUAV\AppData\Local\Temp\ccU1Knae.s:3764   .bss.att_update_time:00000000 att_update_time
C:\Users\HUAV\AppData\Local\Temp\ccU1Knae.s:3770   .bss.failsafe:00000000 failsafe
C:\Users\HUAV\AppData\Local\Temp\ccU1Knae.s:3771   .bss.failsafe:00000000 $d
C:\Users\HUAV\AppData\Local\Temp\ccU1Knae.s:3776   .bss.imu_err_code:00000000 imu_err_code
C:\Users\HUAV\AppData\Local\Temp\ccU1Knae.s:3777   .bss.imu_err_code:00000000 $d
C:\Users\HUAV\AppData\Local\Temp\ccU1Knae.s:3782   .bss.imu_init_state:00000000 imu_init_state
C:\Users\HUAV\AppData\Local\Temp\ccU1Knae.s:3783   .bss.imu_init_state:00000000 $d
C:\Users\HUAV\AppData\Local\Temp\ccU1Knae.s:3785   .bss.imu_update_time:00000000 $d
C:\Users\HUAV\AppData\Local\Temp\ccU1Knae.s:3789   .bss.imu_update_time:00000000 imu_update_time
C:\Users\HUAV\AppData\Local\Temp\ccU1Knae.s:3792   .bss.moto_ctl_buff.0:00000000 $d
C:\Users\HUAV\AppData\Local\Temp\ccU1Knae.s:3796   .bss.moto_ctl_buff.0:00000000 moto_ctl_buff.0
C:\Users\HUAV\AppData\Local\Temp\ccU1Knae.s:3799   .data.TaskControl_Monitor:00000000 $d
C:\Users\HUAV\AppData\Local\Temp\ccU1Knae.s:3818   .rodata.shellCmdlock_moto:00000000 $d
C:\Users\HUAV\AppData\Local\Temp\ccU1Knae.s:3824   .rodata.shellCmdmoto_spin:00000000 $d
C:\Users\HUAV\AppData\Local\Temp\ccU1Knae.s:3830   .rodata.shellCmdrev_spin:00000000 $d
C:\Users\HUAV\AppData\Local\Temp\ccU1Knae.s:3836   .rodata.shellCmdset_moto_type:00000000 $d
C:\Users\HUAV\AppData\Local\Temp\ccU1Knae.s:3842   .rodata.shellCmdshow_ctl_modle:00000000 $d
C:\Users\HUAV\AppData\Local\Temp\ccU1Knae.s:3848   .rodata.shellDesclock_moto:00000000 $d
C:\Users\HUAV\AppData\Local\Temp\ccU1Knae.s:3854   .rodata.shellDescmoto_spin:00000000 $d
C:\Users\HUAV\AppData\Local\Temp\ccU1Knae.s:3860   .rodata.shellDescrev_spin:00000000 $d
C:\Users\HUAV\AppData\Local\Temp\ccU1Knae.s:3866   .rodata.shellDescset_moto_type:00000000 $d
C:\Users\HUAV\AppData\Local\Temp\ccU1Knae.s:3872   .rodata.shellDescshow_ctl_modle:00000000 $d
C:\Users\HUAV\AppData\Local\Temp\ccU1Knae.s:3878   shellCommand:00000000 $d
C:\Users\HUAV\AppData\Local\Temp\ccU1Knae.s:2198   .text.TaskControl_CLI_ShowModleInfo:000001c7 $d
C:\Users\HUAV\AppData\Local\Temp\ccU1Knae.s:2198   .text.TaskControl_CLI_ShowModleInfo:000001c8 $t

UNDEFINED SYMBOLS
SrvActuator
memset
memcpy
Controller
ARM GAS  C:\Users\HUAV\AppData\Local\Temp\ccU1Knae.s 			page 101


Storage
DataPipe_SendTo
CtlData_hub_DataPipe
CtlData_Log_DataPipe
SrvDataHub
CtlData_smp_DataPipe
Shell_GetInstence
osMessageGet
shellPrint
SrvOsCommon
osMessagePut
osMessageCreate
