ARM GAS  C:\Users\HUAV\AppData\Local\Temp\ccYocD5a.s 			page 1


   1              		.cpu cortex-m4
   2              		.arch armv7e-m
   3              		.fpu fpv4-sp-d16
   4              		.eabi_attribute 27, 1
   5              		.eabi_attribute 28, 1
   6              		.eabi_attribute 20, 1
   7              		.eabi_attribute 21, 1
   8              		.eabi_attribute 23, 3
   9              		.eabi_attribute 24, 1
  10              		.eabi_attribute 25, 1
  11              		.eabi_attribute 26, 1
  12              		.eabi_attribute 30, 1
  13              		.eabi_attribute 34, 1
  14              		.eabi_attribute 18, 4
  15              		.file	"Task_BlackBox.c"
  16              		.text
  17              	.Ltext0:
  18              		.cfi_sections	.debug_frame
  19              		.section	.text.TaskBlackBox_Get_CheckSum,"ax",%progbits
  20              		.align	1
  21              		.syntax unified
  22              		.thumb
  23              		.thumb_func
  25              	TaskBlackBox_Get_CheckSum:
  26              	.LVL0:
  27              	.LFB150:
  28              		.file 1 "Task/Task_BlackBox.c"
   1:Task/Task_BlackBox.c **** /*
   2:Task/Task_BlackBox.c ****  * Auther: 8_B!T0
   3:Task/Task_BlackBox.c ****  * this file will replace task_log
   4:Task/Task_BlackBox.c ****  * drone black box task
   5:Task/Task_BlackBox.c ****  */
   6:Task/Task_BlackBox.c **** #include "FreeRTOS.h"
   7:Task/Task_BlackBox.c **** #include "task.h"
   8:Task/Task_BlackBox.c **** #include "Task_BlackBox.h"
   9:Task/Task_BlackBox.c **** #include "Dev_Led.h"
  10:Task/Task_BlackBox.c **** #include "shell_port.h"
  11:Task/Task_BlackBox.c **** #include "debug_util.h"
  12:Task/Task_BlackBox.c **** #include "../DataStructure/CusQueue.h"
  13:Task/Task_BlackBox.c **** #include "error_log.h"
  14:Task/Task_BlackBox.c **** #include "../DataPipe/DataPipe.h"
  15:Task/Task_BlackBox.c **** #include "../System/storage/Storage.h"
  16:Task/Task_BlackBox.c **** #include "Task_Sample.h"
  17:Task/Task_BlackBox.c **** #include "HW_Def.h"
  18:Task/Task_BlackBox.c **** #include "minilzo.h"
  19:Task/Task_BlackBox.c **** #include "Srv_OsCommon.h"
  20:Task/Task_BlackBox.c **** #include "Srv_BlackBox_Def.h"
  21:Task/Task_BlackBox.c **** 
  22:Task/Task_BlackBox.c **** #define PeriphSec __attribute__((section(".Perph_Section")))
  23:Task/Task_BlackBox.c **** #define BlackBox_Buff_Size (8 Kb)
  24:Task/Task_BlackBox.c **** #define BlackBox_Storage_Name "BlackBox"
  25:Task/Task_BlackBox.c **** 
  26:Task/Task_BlackBox.c **** typedef enum
  27:Task/Task_BlackBox.c **** {
  28:Task/Task_BlackBox.c ****     BlackBox_Log_Idle = 0,
  29:Task/Task_BlackBox.c ****     BlackBox_Log_Enable,
  30:Task/Task_BlackBox.c ****     BlackBox_Log_Disable,
ARM GAS  C:\Users\HUAV\AppData\Local\Temp\ccYocD5a.s 			page 2


  31:Task/Task_BlackBox.c **** } BlackBox_LogState_List;
  32:Task/Task_BlackBox.c **** 
  33:Task/Task_BlackBox.c **** typedef enum
  34:Task/Task_BlackBox.c **** {
  35:Task/Task_BlackBox.c ****     BlackBox_Cnv_None_Error = 0,
  36:Task/Task_BlackBox.c ****     BlackBox_Cnv_Para_Error,
  37:Task/Task_BlackBox.c ****     BlackBox_Cnv_Size_Error,
  38:Task/Task_BlackBox.c ****     BlackBox_Cnv_Type_Error,
  39:Task/Task_BlackBox.c ****     BlackBox_Cnv_Header_Error,
  40:Task/Task_BlackBox.c ****     BlackBox_Cnv_Ender_Error,
  41:Task/Task_BlackBox.c **** } BlackBox_ConvertError_List;
  42:Task/Task_BlackBox.c **** 
  43:Task/Task_BlackBox.c **** typedef struct
  44:Task/Task_BlackBox.c **** {
  45:Task/Task_BlackBox.c ****     uint32_t cnt;
  46:Task/Task_BlackBox.c ****     uint32_t byte_size;
  47:Task/Task_BlackBox.c **** } BlackBox_LogStatistic_TypeDef;
  48:Task/Task_BlackBox.c **** 
  49:Task/Task_BlackBox.c **** #pragma pack(1)
  50:Task/Task_BlackBox.c **** typedef struct
  51:Task/Task_BlackBox.c **** {
  52:Task/Task_BlackBox.c ****     BlackBox_MediumType_List medium;
  53:Task/Task_BlackBox.c ****     BlackBox_LogType_List log_type;
  54:Task/Task_BlackBox.c ****     uint32_t log_size;
  55:Task/Task_BlackBox.c **** } BlackBox_LogInfo_TypeDef;
  56:Task/Task_BlackBox.c **** #pragma pack()
  57:Task/Task_BlackBox.c **** 
  58:Task/Task_BlackBox.c **** typedef struct
  59:Task/Task_BlackBox.c **** {
  60:Task/Task_BlackBox.c ****     BlackBox_LogState_List state;
  61:Task/Task_BlackBox.c ****     bool write_thread_state;
  62:Task/Task_BlackBox.c ****     
  63:Task/Task_BlackBox.c ****     Storage_ItemSearchOut_TypeDef storage_search;
  64:Task/Task_BlackBox.c ****     BlackBox_MediumType_List medium;
  65:Task/Task_BlackBox.c ****     BlackBox_LogType_List log_type;
  66:Task/Task_BlackBox.c ****     uint32_t expection_log_size;
  67:Task/Task_BlackBox.c **** 
  68:Task/Task_BlackBox.c ****     uint32_t log_unit;
  69:Task/Task_BlackBox.c ****     uint8_t *p_log_buf;
  70:Task/Task_BlackBox.c ****     uint32_t log_byte_size;
  71:Task/Task_BlackBox.c ****     uint32_t log_cnt;
  72:Task/Task_BlackBox.c ****     BlackBox_LogStatistic_TypeDef imu_log;
  73:Task/Task_BlackBox.c ****     BlackBox_LogStatistic_TypeDef alt_att_log; 
  74:Task/Task_BlackBox.c ****     BlackBox_LogStatistic_TypeDef ctl_ang_log;
  75:Task/Task_BlackBox.c ****     BlackBox_LogStatistic_TypeDef ctl_att_log;
  76:Task/Task_BlackBox.c **** } BlackBox_Monitor_TypeDef;
  77:Task/Task_BlackBox.c **** 
  78:Task/Task_BlackBox.c **** /* internal vriable */
  79:Task/Task_BlackBox.c **** static uint8_t BlackBox_Buff[BlackBox_Buff_Size] PeriphSec;
  80:Task/Task_BlackBox.c **** static QueueObj_TypeDef BlackBox_Queue;
  81:Task/Task_BlackBox.c **** static BlackBox_Monitor_TypeDef Monitor;
  82:Task/Task_BlackBox.c **** static osSemaphoreId BlackBox_Sem = 0;
  83:Task/Task_BlackBox.c **** static SrvBlackBox_TypeDef *p_blackbox = NULL;
  84:Task/Task_BlackBox.c **** DataPipe_CreateDataObj(SrvIMU_UnionData_TypeDef,  LogImu_Data);
  85:Task/Task_BlackBox.c **** DataPipe_CreateDataObj(SrvBaro_UnionData_TypeDef, LogBaro_Data);
  86:Task/Task_BlackBox.c **** DataPipe_CreateDataObj(IMUAtt_TypeDef,            LogAtt_Data);
  87:Task/Task_BlackBox.c **** DataPipe_CreateDataObj(RelMov_TypeDef,            LogAlt_Data);
ARM GAS  C:\Users\HUAV\AppData\Local\Temp\ccYocD5a.s 			page 3


  88:Task/Task_BlackBox.c **** DataPipe_CreateDataObj(ExpControlData_TypeDef,    LogCtl_Data);
  89:Task/Task_BlackBox.c **** 
  90:Task/Task_BlackBox.c **** /* internal function */
  91:Task/Task_BlackBox.c **** static void TaskBlackBox_PipeTransFinish_Callback(DataPipeObj_TypeDef *obj);
  92:Task/Task_BlackBox.c **** static void TaskBlackBox_PushFinish_Callback(void);
  93:Task/Task_BlackBox.c **** 
  94:Task/Task_BlackBox.c **** void TaskBlackBox_Init(void)
  95:Task/Task_BlackBox.c **** {
  96:Task/Task_BlackBox.c ****     uint32_t unit = 0;
  97:Task/Task_BlackBox.c ****     StorageDevObj_TypeDef StorageDevInfo; 
  98:Task/Task_BlackBox.c ****     SrvBlackBox_DevInfo_TypeDef BlackBoxDevInfo;
  99:Task/Task_BlackBox.c ****     BlackBox_LogInfo_TypeDef BlackBoxInfo;
 100:Task/Task_BlackBox.c ****     /* medium init */
 101:Task/Task_BlackBox.c ****     /* medium auto detect */
 102:Task/Task_BlackBox.c ****     /*
 103:Task/Task_BlackBox.c ****         --- TF Card
 104:Task/Task_BlackBox.c ****         --- W25Qxx Storage Chip
 105:Task/Task_BlackBox.c ****         --- Com Output
 106:Task/Task_BlackBox.c ****      */
 107:Task/Task_BlackBox.c ****     memset(&StorageDevInfo, 0, sizeof(StorageDevObj_TypeDef));
 108:Task/Task_BlackBox.c ****     memset(&BlackBoxDevInfo, 0, sizeof(SrvBlackBox_DevInfo_TypeDef));
 109:Task/Task_BlackBox.c ****     memset(&BlackBoxInfo, 0, sizeof(BlackBox_LogInfo_TypeDef));
 110:Task/Task_BlackBox.c ****     memset(&Monitor, 0, sizeof(BlackBox_Monitor_TypeDef));
 111:Task/Task_BlackBox.c ****     Monitor.state = BlackBox_Log_Idle;
 112:Task/Task_BlackBox.c **** 
 113:Task/Task_BlackBox.c ****     /* read blackbox info from storage */
 114:Task/Task_BlackBox.c ****     Monitor.storage_search = Storage.search(Para_User, BlackBox_Storage_Name);
 115:Task/Task_BlackBox.c ****     if (Monitor.storage_search.item_addr == 0)
 116:Task/Task_BlackBox.c ****     {
 117:Task/Task_BlackBox.c ****         BlackBoxInfo.log_size = 0;
 118:Task/Task_BlackBox.c **** #if (FLASH_CHIP_STATE == ON)
 119:Task/Task_BlackBox.c ****         BlackBoxInfo.medium = BlackBox_Medium_Chip;
 120:Task/Task_BlackBox.c **** #else
 121:Task/Task_BlackBox.c ****         BlackBoxInfo.medium = BlackBox_Medium_None;
 122:Task/Task_BlackBox.c **** #endif
 123:Task/Task_BlackBox.c ****         BlackBoxInfo.log_type = BlackBox_AngularPID_Tune;
 124:Task/Task_BlackBox.c ****         if (Storage.create(Para_User, BlackBox_Storage_Name, (uint8_t *)&BlackBoxInfo, sizeof(Black
 125:Task/Task_BlackBox.c ****             return;
 126:Task/Task_BlackBox.c ****     }
 127:Task/Task_BlackBox.c ****     else
 128:Task/Task_BlackBox.c ****     {
 129:Task/Task_BlackBox.c ****         if (Storage.get(Para_User, Monitor.storage_search.item, (uint8_t *)&BlackBoxInfo, sizeof(Bl
 130:Task/Task_BlackBox.c ****             return;
 131:Task/Task_BlackBox.c **** 
 132:Task/Task_BlackBox.c ****         Monitor.medium = BlackBoxInfo.medium;
 133:Task/Task_BlackBox.c ****         Monitor.log_type = BlackBoxInfo.log_type;
 134:Task/Task_BlackBox.c ****         Monitor.expection_log_size = BlackBoxInfo.log_size;
 135:Task/Task_BlackBox.c ****     }
 136:Task/Task_BlackBox.c **** 
 137:Task/Task_BlackBox.c ****     Monitor.write_thread_state = false;
 138:Task/Task_BlackBox.c ****     Storage.get_dev_info(&StorageDevInfo);
 139:Task/Task_BlackBox.c ****     BlackBoxDevInfo.phy_start_addr = BlackBox_Storage_Start_Addr;
 140:Task/Task_BlackBox.c ****     BlackBoxDevInfo.str_start_addr = StorageDevInfo.start_addr;
 141:Task/Task_BlackBox.c ****     BlackBoxDevInfo.total_str_size = StorageDevInfo.total_size;
 142:Task/Task_BlackBox.c ****     BlackBoxDevInfo.sector_size = StorageDevInfo.sector_size;
 143:Task/Task_BlackBox.c ****     switch ((uint8_t)Monitor.medium)
 144:Task/Task_BlackBox.c ****     {
ARM GAS  C:\Users\HUAV\AppData\Local\Temp\ccYocD5a.s 			page 4


 145:Task/Task_BlackBox.c ****         case BlackBox_Medium_Com:
 146:Task/Task_BlackBox.c ****             unit = SrvPort_BlackBox.init(TaskBlackBox_PushFinish_Callback, BlackBoxDevInfo);
 147:Task/Task_BlackBox.c ****             p_blackbox = &SrvPort_BlackBox;
 148:Task/Task_BlackBox.c ****             break;
 149:Task/Task_BlackBox.c **** 
 150:Task/Task_BlackBox.c ****         case BlackBox_Medium_Chip:
 151:Task/Task_BlackBox.c ****             unit = SrvChip_BlackBox.init(TaskBlackBox_PushFinish_Callback, BlackBoxDevInfo);
 152:Task/Task_BlackBox.c ****             p_blackbox = &SrvChip_BlackBox;
 153:Task/Task_BlackBox.c ****             break;
 154:Task/Task_BlackBox.c **** 
 155:Task/Task_BlackBox.c ****         case BlackBox_Medium_Card:
 156:Task/Task_BlackBox.c ****             unit = SrvCard_BlackBox.init(TaskBlackBox_PushFinish_Callback, BlackBoxDevInfo);
 157:Task/Task_BlackBox.c ****             p_blackbox = &SrvCard_BlackBox;
 158:Task/Task_BlackBox.c ****             break;
 159:Task/Task_BlackBox.c **** 
 160:Task/Task_BlackBox.c ****         default: return;
 161:Task/Task_BlackBox.c ****     }
 162:Task/Task_BlackBox.c ****     
 163:Task/Task_BlackBox.c ****     if (unit == 0)
 164:Task/Task_BlackBox.c ****     {
 165:Task/Task_BlackBox.c ****         p_blackbox = NULL;
 166:Task/Task_BlackBox.c ****         return;
 167:Task/Task_BlackBox.c ****     }
 168:Task/Task_BlackBox.c **** 
 169:Task/Task_BlackBox.c ****     switch ((uint8_t) Monitor.log_type)
 170:Task/Task_BlackBox.c ****     {
 171:Task/Task_BlackBox.c ****         case BlackBox_Imu_Filted:
 172:Task/Task_BlackBox.c ****         case BlackBox_Log_Alt_Att:
 173:Task/Task_BlackBox.c ****         case BlackBox_AngularPID_Tune:
 174:Task/Task_BlackBox.c ****         case BlackBox_AttitudePID_Tune:
 175:Task/Task_BlackBox.c ****             break;
 176:Task/Task_BlackBox.c **** 
 177:Task/Task_BlackBox.c ****         case BlackBox_Log_None:
 178:Task/Task_BlackBox.c ****         default: return;
 179:Task/Task_BlackBox.c ****     }
 180:Task/Task_BlackBox.c **** 
 181:Task/Task_BlackBox.c ****     Monitor.p_log_buf = SrvOsCommon.malloc(unit);
 182:Task/Task_BlackBox.c ****     if (Monitor.p_log_buf == NULL)
 183:Task/Task_BlackBox.c ****     {
 184:Task/Task_BlackBox.c ****         SrvOsCommon.free(Monitor.p_log_buf);
 185:Task/Task_BlackBox.c ****         return;
 186:Task/Task_BlackBox.c ****     }
 187:Task/Task_BlackBox.c **** 
 188:Task/Task_BlackBox.c ****     Monitor.log_unit = unit;
 189:Task/Task_BlackBox.c ****     memset(&IMU_Log_DataPipe,      0, sizeof(DataPipeObj_TypeDef));
 190:Task/Task_BlackBox.c ****     memset(&Baro_Log_DataPipe,     0, sizeof(DataPipeObj_TypeDef));
 191:Task/Task_BlackBox.c ****     memset(&Attitude_Log_DataPipe, 0, sizeof(DataPipeObj_TypeDef));
 192:Task/Task_BlackBox.c ****     memset(&Altitude_Log_DataPipe, 0, sizeof(DataPipeObj_TypeDef));
 193:Task/Task_BlackBox.c ****     memset(&CtlData_Log_DataPipe,  0, sizeof(DataPipeObj_TypeDef));
 194:Task/Task_BlackBox.c **** 
 195:Task/Task_BlackBox.c ****     memset(DataPipe_DataObjAddr(LogImu_Data),  0, DataPipe_DataSize(LogImu_Data));
 196:Task/Task_BlackBox.c ****     memset(DataPipe_DataObjAddr(LogBaro_Data), 0, DataPipe_DataSize(LogBaro_Data));
 197:Task/Task_BlackBox.c ****     memset(DataPipe_DataObjAddr(LogAtt_Data),  0, DataPipe_DataSize(LogAtt_Data));
 198:Task/Task_BlackBox.c ****     memset(DataPipe_DataObjAddr(LogAlt_Data),  0, DataPipe_DataSize(LogAlt_Data));
 199:Task/Task_BlackBox.c ****     memset(DataPipe_DataObjAddr(LogCtl_Data),  0, DataPipe_DataSize(LogCtl_Data));
 200:Task/Task_BlackBox.c **** 
 201:Task/Task_BlackBox.c ****     if (!Queue.create_with_buf(&BlackBox_Queue, "BlackBox_Queue", BlackBox_Buff, BlackBox_Buff_Size
ARM GAS  C:\Users\HUAV\AppData\Local\Temp\ccYocD5a.s 			page 5


 202:Task/Task_BlackBox.c ****         return;
 203:Task/Task_BlackBox.c **** 
 204:Task/Task_BlackBox.c ****     osSemaphoreDef(Log);
 205:Task/Task_BlackBox.c ****     BlackBox_Sem = osSemaphoreCreate(osSemaphore(Log), 32);
 206:Task/Task_BlackBox.c **** 
 207:Task/Task_BlackBox.c ****     if (BlackBox_Sem == 0)
 208:Task/Task_BlackBox.c ****         return;
 209:Task/Task_BlackBox.c **** 
 210:Task/Task_BlackBox.c ****     /* pipe object init */
 211:Task/Task_BlackBox.c ****     IMU_Log_DataPipe.data_addr = (uint32_t)DataPipe_DataObjAddr(LogImu_Data);
 212:Task/Task_BlackBox.c ****     IMU_Log_DataPipe.data_size = DataPipe_DataSize(LogImu_Data);
 213:Task/Task_BlackBox.c ****     IMU_Log_DataPipe.trans_finish_cb = (Pipe_TransFinish_Callback)TaskBlackBox_PipeTransFinish_Call
 214:Task/Task_BlackBox.c ****     
 215:Task/Task_BlackBox.c ****     Baro_Log_DataPipe.data_addr = (uint32_t)DataPipe_DataObjAddr(LogBaro_Data);
 216:Task/Task_BlackBox.c ****     Baro_Log_DataPipe.data_size = DataPipe_DataSize(LogBaro_Data);
 217:Task/Task_BlackBox.c ****     Baro_Log_DataPipe.trans_finish_cb = (Pipe_TransFinish_Callback)TaskBlackBox_PipeTransFinish_Cal
 218:Task/Task_BlackBox.c **** 
 219:Task/Task_BlackBox.c ****     CtlData_Log_DataPipe.data_addr = (uint32_t)DataPipe_DataObjAddr(LogCtl_Data);
 220:Task/Task_BlackBox.c ****     CtlData_Log_DataPipe.data_size = DataPipe_DataSize(LogCtl_Data);
 221:Task/Task_BlackBox.c ****     CtlData_Log_DataPipe.trans_finish_cb = (Pipe_TransFinish_Callback)TaskBlackBox_PipeTransFinish_
 222:Task/Task_BlackBox.c **** 
 223:Task/Task_BlackBox.c ****     Attitude_Log_DataPipe.data_addr = (uint32_t)DataPipe_DataObjAddr(LogAtt_Data);
 224:Task/Task_BlackBox.c ****     Attitude_Log_DataPipe.data_size = DataPipe_DataSize(LogAtt_Data);
 225:Task/Task_BlackBox.c ****     Attitude_Log_DataPipe.trans_finish_cb = (Pipe_TransFinish_Callback)TaskBlackBox_PipeTransFinish
 226:Task/Task_BlackBox.c **** 
 227:Task/Task_BlackBox.c ****     Altitude_Log_DataPipe.data_addr = (uint32_t)DataPipe_DataObjAddr(LogAlt_Data);
 228:Task/Task_BlackBox.c ****     Altitude_Log_DataPipe.data_size = DataPipe_DataSize(LogAlt_Data);
 229:Task/Task_BlackBox.c ****     Altitude_Log_DataPipe.trans_finish_cb = (Pipe_TransFinish_Callback)TaskBlackBox_PipeTransFinish
 230:Task/Task_BlackBox.c **** 
 231:Task/Task_BlackBox.c ****     DataPipe_Enable(&IMU_Log_DataPipe);
 232:Task/Task_BlackBox.c ****     DataPipe_Enable(&Baro_Log_DataPipe);
 233:Task/Task_BlackBox.c ****     DataPipe_Enable(&CtlData_Log_DataPipe);
 234:Task/Task_BlackBox.c ****     DataPipe_Enable(&Attitude_Log_DataPipe);
 235:Task/Task_BlackBox.c ****     DataPipe_Enable(&Altitude_Log_DataPipe);
 236:Task/Task_BlackBox.c **** 
 237:Task/Task_BlackBox.c ****     /* disable log first */
 238:Task/Task_BlackBox.c ****     Monitor.state = BlackBox_Log_Idle;
 239:Task/Task_BlackBox.c **** }
 240:Task/Task_BlackBox.c **** 
 241:Task/Task_BlackBox.c **** void TaskBlackBox_Core(void const *arg)
 242:Task/Task_BlackBox.c **** {
 243:Task/Task_BlackBox.c ****     Monitor.write_thread_state = true;
 244:Task/Task_BlackBox.c **** 
 245:Task/Task_BlackBox.c ****     while (true)
 246:Task/Task_BlackBox.c ****     {
 247:Task/Task_BlackBox.c ****         /* task create failed */
 248:Task/Task_BlackBox.c ****         if ((BlackBox_Sem == NULL) || (p_blackbox == NULL))
 249:Task/Task_BlackBox.c ****             vTaskDelete(NULL);
 250:Task/Task_BlackBox.c **** 
 251:Task/Task_BlackBox.c ****         osSemaphoreWait(BlackBox_Sem, osWaitForever);
 252:Task/Task_BlackBox.c ****         if ((Monitor.state == BlackBox_Log_Disable) && p_blackbox->disable && p_blackbox->disable(S
 253:Task/Task_BlackBox.c ****         {
 254:Task/Task_BlackBox.c ****             Monitor.state = BlackBox_Log_Idle;
 255:Task/Task_BlackBox.c ****             Queue.reset(&BlackBox_Queue);
 256:Task/Task_BlackBox.c ****         }
 257:Task/Task_BlackBox.c ****         else if (p_blackbox->push && Monitor.log_unit)
 258:Task/Task_BlackBox.c ****         {
ARM GAS  C:\Users\HUAV\AppData\Local\Temp\ccYocD5a.s 			page 6


 259:Task/Task_BlackBox.c ****             if(p_blackbox->push(Storage.write_section, Monitor.p_log_buf, Monitor.log_unit))
 260:Task/Task_BlackBox.c ****             {
 261:Task/Task_BlackBox.c ****                 Monitor.log_cnt ++;
 262:Task/Task_BlackBox.c ****                 Monitor.log_byte_size += Monitor.log_unit;
 263:Task/Task_BlackBox.c ****             }
 264:Task/Task_BlackBox.c ****         }
 265:Task/Task_BlackBox.c ****     }
 266:Task/Task_BlackBox.c **** }
 267:Task/Task_BlackBox.c **** 
 268:Task/Task_BlackBox.c **** static uint8_t TaskBlackBox_Get_CheckSum(uint8_t *p_data, uint16_t len)
 269:Task/Task_BlackBox.c **** {
  29              		.loc 1 269 1 view -0
  30              		.cfi_startproc
  31              		@ args = 0, pretend = 0, frame = 0
  32              		@ frame_needed = 0, uses_anonymous_args = 0
  33              		@ link register save eliminated.
 270:Task/Task_BlackBox.c ****     uint8_t check_sum = 0;
  34              		.loc 1 270 5 view .LVU1
 271:Task/Task_BlackBox.c **** 
 272:Task/Task_BlackBox.c ****     if (p_data && len)
  35              		.loc 1 272 5 view .LVU2
  36              		.loc 1 272 8 is_stmt 0 view .LVU3
  37 0000 8446     		mov	ip, r0
  38 0002 70B1     		cbz	r0, .L5
  39              		.loc 1 272 16 discriminator 1 view .LVU4
  40 0004 51B9     		cbnz	r1, .L6
 270:Task/Task_BlackBox.c ****     uint8_t check_sum = 0;
  41              		.loc 1 270 13 view .LVU5
  42 0006 0020     		movs	r0, #0
  43              	.LVL1:
 270:Task/Task_BlackBox.c ****     uint8_t check_sum = 0;
  44              		.loc 1 270 13 view .LVU6
  45 0008 7047     		bx	lr
  46              	.LVL2:
  47              	.L4:
  48              	.LBB12:
 273:Task/Task_BlackBox.c ****         for (uint16_t i = 0; i < len; i++)
 274:Task/Task_BlackBox.c ****             check_sum += p_data[i];
  49              		.loc 1 274 13 is_stmt 1 discriminator 3 view .LVU7
  50              		.loc 1 274 32 is_stmt 0 discriminator 3 view .LVU8
  51 000a 1CF80320 		ldrb	r2, [ip, r3]	@ zero_extendqisi2
  52              		.loc 1 274 23 discriminator 3 view .LVU9
  53 000e 1044     		add	r0, r0, r2
  54              	.LVL3:
  55              		.loc 1 274 23 discriminator 3 view .LVU10
  56 0010 C0B2     		uxtb	r0, r0
  57              	.LVL4:
 273:Task/Task_BlackBox.c ****         for (uint16_t i = 0; i < len; i++)
  58              		.loc 1 273 39 is_stmt 1 discriminator 3 view .LVU11
 273:Task/Task_BlackBox.c ****         for (uint16_t i = 0; i < len; i++)
  59              		.loc 1 273 40 is_stmt 0 discriminator 3 view .LVU12
  60 0012 0133     		adds	r3, r3, #1
  61              	.LVL5:
 273:Task/Task_BlackBox.c ****         for (uint16_t i = 0; i < len; i++)
  62              		.loc 1 273 40 discriminator 3 view .LVU13
  63 0014 9BB2     		uxth	r3, r3
  64              	.LVL6:
ARM GAS  C:\Users\HUAV\AppData\Local\Temp\ccYocD5a.s 			page 7


  65              	.L3:
 273:Task/Task_BlackBox.c ****         for (uint16_t i = 0; i < len; i++)
  66              		.loc 1 273 30 is_stmt 1 discriminator 1 view .LVU14
 273:Task/Task_BlackBox.c ****         for (uint16_t i = 0; i < len; i++)
  67              		.loc 1 273 9 is_stmt 0 discriminator 1 view .LVU15
  68 0016 8B42     		cmp	r3, r1
  69 0018 F7D3     		bcc	.L4
  70 001a 7047     		bx	lr
  71              	.LVL7:
  72              	.L6:
 273:Task/Task_BlackBox.c ****         for (uint16_t i = 0; i < len; i++)
  73              		.loc 1 273 23 view .LVU16
  74 001c 0023     		movs	r3, #0
  75              	.LBE12:
 270:Task/Task_BlackBox.c **** 
  76              		.loc 1 270 13 view .LVU17
  77 001e 1846     		mov	r0, r3
  78              	.LVL8:
 270:Task/Task_BlackBox.c **** 
  79              		.loc 1 270 13 view .LVU18
  80 0020 F9E7     		b	.L3
  81              	.LVL9:
  82              	.L5:
 270:Task/Task_BlackBox.c **** 
  83              		.loc 1 270 13 view .LVU19
  84 0022 0020     		movs	r0, #0
  85              	.LVL10:
 275:Task/Task_BlackBox.c **** 
 276:Task/Task_BlackBox.c ****     return check_sum;
  86              		.loc 1 276 5 is_stmt 1 view .LVU20
 277:Task/Task_BlackBox.c **** }
  87              		.loc 1 277 1 is_stmt 0 view .LVU21
  88 0024 7047     		bx	lr
  89              		.cfi_endproc
  90              	.LFE150:
  92              		.section	.text.TaskBlackBox_PushFinish_Callback,"ax",%progbits
  93              		.align	1
  94              		.syntax unified
  95              		.thumb
  96              		.thumb_func
  98              	TaskBlackBox_PushFinish_Callback:
  99              	.LFB151:
 278:Task/Task_BlackBox.c **** 
 279:Task/Task_BlackBox.c **** /* BlackBox Tansmit Finished Callback */
 280:Task/Task_BlackBox.c **** static void TaskBlackBox_PushFinish_Callback(void)
 281:Task/Task_BlackBox.c **** {
 100              		.loc 1 281 1 is_stmt 1 view -0
 101              		.cfi_startproc
 102              		@ args = 0, pretend = 0, frame = 0
 103              		@ frame_needed = 0, uses_anonymous_args = 0
 104              		@ link register save eliminated.
 282:Task/Task_BlackBox.c **** 
 283:Task/Task_BlackBox.c **** }
 105              		.loc 1 283 1 view .LVU23
 106 0000 7047     		bx	lr
 107              		.cfi_endproc
 108              	.LFE151:
ARM GAS  C:\Users\HUAV\AppData\Local\Temp\ccYocD5a.s 			page 8


 110              		.section	.rodata.TaskBlackBox_Get_LogType_Str.str1.4,"aMS",%progbits,1
 111              		.align	2
 112              	.LC0:
 113 0000 756E6B6E 		.ascii	"unknow log type\000"
 113      6F77206C 
 113      6F672074 
 113      79706500 
 114              		.align	2
 115              	.LC1:
 116 0010 46696C74 		.ascii	"Filted_IMU\000"
 116      65645F49 
 116      4D5500
 117 001b 00       		.align	2
 118              	.LC2:
 119 001c 416C745F 		.ascii	"Alt_Att\000"
 119      41747400 
 120              		.align	2
 121              	.LC3:
 122 0024 416E6775 		.ascii	"AngularPID\000"
 122      6C617250 
 122      494400
 123 002f 00       		.align	2
 124              	.LC4:
 125 0030 41747469 		.ascii	"AttitudePID\000"
 125      74756465 
 125      50494400 
 126              		.align	2
 127              	.LC5:
 128 003c 4C6F675F 		.ascii	"Log_None\000"
 128      4E6F6E65 
 128      00
 129              		.section	.text.TaskBlackBox_Get_LogType_Str,"ax",%progbits
 130              		.align	1
 131              		.syntax unified
 132              		.thumb
 133              		.thumb_func
 135              	TaskBlackBox_Get_LogType_Str:
 136              	.LFB165:
 284:Task/Task_BlackBox.c **** 
 285:Task/Task_BlackBox.c **** /* PIPE Callback */
 286:Task/Task_BlackBox.c **** static void TaskBlackBox_UpdateQueue(uint8_t *p_data, uint16_t size)
 287:Task/Task_BlackBox.c **** {
 288:Task/Task_BlackBox.c ****     uint32_t offset = 0;
 289:Task/Task_BlackBox.c ****     uint32_t Queue_remain = Queue.remain(BlackBox_Queue);
 290:Task/Task_BlackBox.c ****     
 291:Task/Task_BlackBox.c ****     if (size > Queue_remain)
 292:Task/Task_BlackBox.c ****     {
 293:Task/Task_BlackBox.c ****         offset = Queue_remain;
 294:Task/Task_BlackBox.c ****         Queue.push(&BlackBox_Queue, p_data, Queue_remain);
 295:Task/Task_BlackBox.c ****     }
 296:Task/Task_BlackBox.c ****     else
 297:Task/Task_BlackBox.c ****         Queue.push(&BlackBox_Queue, p_data, size);
 298:Task/Task_BlackBox.c **** 
 299:Task/Task_BlackBox.c ****     if (Queue.size(BlackBox_Queue) >= Monitor.log_unit)
 300:Task/Task_BlackBox.c ****     {
 301:Task/Task_BlackBox.c ****         Queue.pop(&BlackBox_Queue, Monitor.p_log_buf, Monitor.log_unit);
 302:Task/Task_BlackBox.c ****         osSemaphoreRelease(BlackBox_Sem);
ARM GAS  C:\Users\HUAV\AppData\Local\Temp\ccYocD5a.s 			page 9


 303:Task/Task_BlackBox.c ****     }
 304:Task/Task_BlackBox.c **** 
 305:Task/Task_BlackBox.c ****     if (offset)
 306:Task/Task_BlackBox.c ****         Queue.push(&BlackBox_Queue, p_data + offset, size - offset);
 307:Task/Task_BlackBox.c **** }
 308:Task/Task_BlackBox.c **** 
 309:Task/Task_BlackBox.c **** static void TaskBlackBox_PipeTransFinish_Callback(DataPipeObj_TypeDef *obj)
 310:Task/Task_BlackBox.c **** {
 311:Task/Task_BlackBox.c ****     static BlackBox_IMUData_TypeDef  imu_data;
 312:Task/Task_BlackBox.c ****     static BlackBox_BaroData_TypeDef baro_data;
 313:Task/Task_BlackBox.c ****     static BlackBox_AttAltData_TypeDef att_alt_data;
 314:Task/Task_BlackBox.c ****     static BlackBox_AngCtlData_TypeDef ang_ctl_data;
 315:Task/Task_BlackBox.c ****     static BlackBox_AttCtlData_TypeDef att_ctl_data;
 316:Task/Task_BlackBox.c ****     static BlackBox_LogState_List lst_state;
 317:Task/Task_BlackBox.c ****     static bool alt_update = false;
 318:Task/Task_BlackBox.c ****     static bool att_update = false;
 319:Task/Task_BlackBox.c ****     static bool imu_update = false;
 320:Task/Task_BlackBox.c ****     static bool ctl_update = false;
 321:Task/Task_BlackBox.c ****     BlackBox_DataHeader_TypeDef blackbox_header;
 322:Task/Task_BlackBox.c ****     BlackBox_DataEnder_TypeDef blackbox_ender;
 323:Task/Task_BlackBox.c ****     uint8_t check_sum = 0;
 324:Task/Task_BlackBox.c ****     uint8_t i = 0;
 325:Task/Task_BlackBox.c **** 
 326:Task/Task_BlackBox.c ****     memset(&blackbox_header, 0, BLACKBOX_HEADER_SIZE);
 327:Task/Task_BlackBox.c ****     memset(&blackbox_ender,  0, BLACKBOX_ENDER_SIZE);
 328:Task/Task_BlackBox.c **** 
 329:Task/Task_BlackBox.c ****     blackbox_header.header = BLACKBOX_LOG_HEADER;
 330:Task/Task_BlackBox.c ****     blackbox_ender.ender   = BLACKBOX_LOG_ENDER;
 331:Task/Task_BlackBox.c **** 
 332:Task/Task_BlackBox.c ****     if ((Monitor.log_type == BlackBox_Log_None) || !Monitor.write_thread_state)
 333:Task/Task_BlackBox.c ****         return;
 334:Task/Task_BlackBox.c **** 
 335:Task/Task_BlackBox.c ****     if (lst_state == BlackBox_Log_Enable)
 336:Task/Task_BlackBox.c ****     {
 337:Task/Task_BlackBox.c ****         /* pipe data update */
 338:Task/Task_BlackBox.c ****         if (obj == &IMU_Log_DataPipe)
 339:Task/Task_BlackBox.c ****         {
 340:Task/Task_BlackBox.c ****             imu_data.acc_scale = DataPipe_DataObj(LogImu_Data).data.acc_scale;
 341:Task/Task_BlackBox.c ****             imu_data.gyr_scale = DataPipe_DataObj(LogImu_Data).data.gyr_scale;
 342:Task/Task_BlackBox.c ****             for (i = Axis_X; i < Axis_Sum; i++)
 343:Task/Task_BlackBox.c ****             {
 344:Task/Task_BlackBox.c ****                 imu_data.flt_gyr[i] = (int16_t)(DataPipe_DataObj(LogImu_Data).data.flt_gyr[i] * imu
 345:Task/Task_BlackBox.c ****                 imu_data.org_gyr[i] = (int16_t)(DataPipe_DataObj(LogImu_Data).data.org_gyr[i] * imu
 346:Task/Task_BlackBox.c ****             
 347:Task/Task_BlackBox.c ****                 imu_data.flt_acc[i] = (int16_t)(DataPipe_DataObj(LogImu_Data).data.flt_acc[i] * imu
 348:Task/Task_BlackBox.c ****                 imu_data.org_acc[i] = (int16_t)(DataPipe_DataObj(LogImu_Data).data.org_acc[i] * imu
 349:Task/Task_BlackBox.c ****             }
 350:Task/Task_BlackBox.c ****             imu_data.time = DataPipe_DataObj(LogImu_Data).data.time_stamp;
 351:Task/Task_BlackBox.c ****             imu_data.cyc  = DataPipe_DataObj(LogImu_Data).data.cycle_cnt;
 352:Task/Task_BlackBox.c ****             imu_update = true;
 353:Task/Task_BlackBox.c ****         }
 354:Task/Task_BlackBox.c ****         else if (obj == &Baro_Log_DataPipe)
 355:Task/Task_BlackBox.c ****         {
 356:Task/Task_BlackBox.c ****             baro_data.time = DataPipe_DataObj(LogBaro_Data).data.time_stamp;
 357:Task/Task_BlackBox.c ****             baro_data.cyc = DataPipe_DataObj(LogBaro_Data).data.cyc;
 358:Task/Task_BlackBox.c ****             baro_data.press = DataPipe_DataObj(LogBaro_Data).data.pressure;
 359:Task/Task_BlackBox.c ****         }
ARM GAS  C:\Users\HUAV\AppData\Local\Temp\ccYocD5a.s 			page 10


 360:Task/Task_BlackBox.c ****         else if ((obj == &Attitude_Log_DataPipe) || (obj == &Altitude_Log_DataPipe))
 361:Task/Task_BlackBox.c ****         {
 362:Task/Task_BlackBox.c ****             /* set imu data */
 363:Task/Task_BlackBox.c ****             att_alt_data.gyr_scale = imu_data.gyr_scale;
 364:Task/Task_BlackBox.c ****             att_alt_data.acc_scale = imu_data.acc_scale;
 365:Task/Task_BlackBox.c ****             memcpy(att_alt_data.acc, imu_data.flt_acc, sizeof(imu_data.flt_acc));
 366:Task/Task_BlackBox.c ****             memcpy(att_alt_data.gyr, imu_data.flt_gyr, sizeof(imu_data.flt_gyr));
 367:Task/Task_BlackBox.c **** 
 368:Task/Task_BlackBox.c ****             /* set baro data */
 369:Task/Task_BlackBox.c ****             att_alt_data.baro = baro_data.press;
 370:Task/Task_BlackBox.c **** 
 371:Task/Task_BlackBox.c ****             /* log data when attitude update */
 372:Task/Task_BlackBox.c ****             if (obj == &Attitude_Log_DataPipe)
 373:Task/Task_BlackBox.c ****             {
 374:Task/Task_BlackBox.c ****                 /* set attitude */
 375:Task/Task_BlackBox.c ****                 att_alt_data.time = DataPipe_DataObj(LogAtt_Data).time_stamp;
 376:Task/Task_BlackBox.c ****                 att_alt_data.pitch = DataPipe_DataObj(LogAtt_Data).pitch;
 377:Task/Task_BlackBox.c ****                 att_alt_data.roll = DataPipe_DataObj(LogAtt_Data).roll;
 378:Task/Task_BlackBox.c ****                 att_alt_data.yaw = DataPipe_DataObj(LogAtt_Data).yaw;
 379:Task/Task_BlackBox.c ****                 att_update = true;
 380:Task/Task_BlackBox.c ****             }
 381:Task/Task_BlackBox.c ****             else if (obj == &Altitude_Log_DataPipe)
 382:Task/Task_BlackBox.c ****             {
 383:Task/Task_BlackBox.c ****                 /* set altitude */
 384:Task/Task_BlackBox.c ****                 att_alt_data.alt = DataPipe_DataObj(LogAlt_Data).pos;
 385:Task/Task_BlackBox.c ****                 alt_update = true;
 386:Task/Task_BlackBox.c ****             }
 387:Task/Task_BlackBox.c ****         }
 388:Task/Task_BlackBox.c ****         else if (obj == &CtlData_Log_DataPipe)
 389:Task/Task_BlackBox.c ****         {
 390:Task/Task_BlackBox.c ****             imu_data.throttle_percent = DataPipe_DataObj(LogCtl_Data).throttle_percent;
 391:Task/Task_BlackBox.c ****             baro_data.throttle_percent = DataPipe_DataObj(LogCtl_Data).throttle_percent;
 392:Task/Task_BlackBox.c **** 
 393:Task/Task_BlackBox.c ****             /* test code */
 394:Task/Task_BlackBox.c ****             // if (DataPipe_DataObj(LogCtl_Data).control_mode == Attitude_Control)
 395:Task/Task_BlackBox.c ****             // {
 396:Task/Task_BlackBox.c ****             //     att_ctl_data.time = DataPipe_DataObj(LogCtl_Data).time_stamp;
 397:Task/Task_BlackBox.c ****             //     att_ctl_data.throttle_percent = DataPipe_DataObj(LogCtl_Data).throttle_percent;
 398:Task/Task_BlackBox.c ****             //     att_ctl_data.exp_pitch = DataPipe_DataObj(LogCtl_Data).pitch;
 399:Task/Task_BlackBox.c ****             //     att_ctl_data.exp_roll = DataPipe_DataObj(LogCtl_Data).roll;
 400:Task/Task_BlackBox.c ****             //     att_ctl_data.exp_gyr_z = DataPipe_DataObj(LogCtl_Data).gyr_z;
 401:Task/Task_BlackBox.c ****             //     att_ctl_data.pitch = att_alt_data.pitch;
 402:Task/Task_BlackBox.c ****             //     att_ctl_data.roll = att_alt_data.roll;
 403:Task/Task_BlackBox.c ****             //     att_ctl_data.gyr_z = imu_data.flt_gyr[Axis_Z];
 404:Task/Task_BlackBox.c ****             // }
 405:Task/Task_BlackBox.c ****             // else
 406:Task/Task_BlackBox.c ****             /* test code */
 407:Task/Task_BlackBox.c ****             {
 408:Task/Task_BlackBox.c ****                 ang_ctl_data.time = DataPipe_DataObj(LogCtl_Data).time_stamp;
 409:Task/Task_BlackBox.c ****                 ang_ctl_data.throttle_percent = DataPipe_DataObj(LogCtl_Data).throttle_percent;
 410:Task/Task_BlackBox.c ****                 ang_ctl_data.e_gyr[Axis_X] = DataPipe_DataObj(LogCtl_Data).gyr_x;
 411:Task/Task_BlackBox.c ****                 ang_ctl_data.e_gyr[Axis_Y] = DataPipe_DataObj(LogCtl_Data).gyr_y;
 412:Task/Task_BlackBox.c ****                 ang_ctl_data.e_gyr[Axis_Z] = DataPipe_DataObj(LogCtl_Data).gyr_z;
 413:Task/Task_BlackBox.c ****                 ang_ctl_data.m_gyr[Axis_X] = imu_data.flt_gyr[Axis_X] / imu_data.gyr_scale;
 414:Task/Task_BlackBox.c ****                 ang_ctl_data.m_gyr[Axis_Y] = imu_data.flt_gyr[Axis_Y] / imu_data.gyr_scale;
 415:Task/Task_BlackBox.c ****                 ang_ctl_data.m_gyr[Axis_Z] = imu_data.flt_gyr[Axis_Z] / imu_data.gyr_scale;
 416:Task/Task_BlackBox.c ****             }
ARM GAS  C:\Users\HUAV\AppData\Local\Temp\ccYocD5a.s 			page 11


 417:Task/Task_BlackBox.c **** 
 418:Task/Task_BlackBox.c ****             ctl_update = true;
 419:Task/Task_BlackBox.c ****         }
 420:Task/Task_BlackBox.c **** 
 421:Task/Task_BlackBox.c ****         /* blackbox log control */
 422:Task/Task_BlackBox.c ****         if ((Monitor.log_type == BlackBox_Imu_Filted) && imu_update)
 423:Task/Task_BlackBox.c ****         {
 424:Task/Task_BlackBox.c ****             /* log data when imu update */
 425:Task/Task_BlackBox.c ****             Monitor.imu_log.cnt ++;
 426:Task/Task_BlackBox.c ****             Monitor.imu_log.byte_size += BLACKBOX_HEADER_SIZE;
 427:Task/Task_BlackBox.c ****             blackbox_header.type = BlackBox_Imu_Filted;
 428:Task/Task_BlackBox.c ****             blackbox_header.size = sizeof(BlackBox_IMUData_TypeDef);
 429:Task/Task_BlackBox.c ****             TaskBlackBox_UpdateQueue((uint8_t *)&blackbox_header, BLACKBOX_HEADER_SIZE);
 430:Task/Task_BlackBox.c ****             
 431:Task/Task_BlackBox.c ****             TaskBlackBox_UpdateQueue((uint8_t *)&imu_data, sizeof(BlackBox_IMUData_TypeDef));
 432:Task/Task_BlackBox.c ****             Monitor.imu_log.byte_size += sizeof(BlackBox_IMUData_TypeDef);
 433:Task/Task_BlackBox.c **** 
 434:Task/Task_BlackBox.c ****             check_sum = TaskBlackBox_Get_CheckSum((uint8_t *)&imu_data, sizeof(BlackBox_IMUData_Typ
 435:Task/Task_BlackBox.c ****             blackbox_ender.check_sum = check_sum;
 436:Task/Task_BlackBox.c ****             Monitor.imu_log.byte_size += BLACKBOX_ENDER_SIZE;
 437:Task/Task_BlackBox.c ****             TaskBlackBox_UpdateQueue((uint8_t *)&blackbox_ender, BLACKBOX_ENDER_SIZE);
 438:Task/Task_BlackBox.c ****             imu_update = false;
 439:Task/Task_BlackBox.c ****         }
 440:Task/Task_BlackBox.c ****         else if ((Monitor.log_type == BlackBox_Log_Alt_Att) && (alt_update & att_update & imu_updat
 441:Task/Task_BlackBox.c ****         {
 442:Task/Task_BlackBox.c ****             Monitor.alt_att_log.cnt ++;
 443:Task/Task_BlackBox.c ****             Monitor.alt_att_log.byte_size += BLACKBOX_HEADER_SIZE;
 444:Task/Task_BlackBox.c ****             blackbox_header.type = BlackBox_Log_Alt_Att;
 445:Task/Task_BlackBox.c ****             blackbox_header.size = sizeof(BlackBox_AttAltData_TypeDef);
 446:Task/Task_BlackBox.c ****             TaskBlackBox_UpdateQueue((uint8_t *)&blackbox_header, BLACKBOX_HEADER_SIZE);
 447:Task/Task_BlackBox.c ****             
 448:Task/Task_BlackBox.c ****             TaskBlackBox_UpdateQueue((uint8_t *)&att_alt_data, sizeof(BlackBox_AttAltData_TypeDef))
 449:Task/Task_BlackBox.c ****             Monitor.alt_att_log.byte_size += sizeof(BlackBox_AttAltData_TypeDef);
 450:Task/Task_BlackBox.c **** 
 451:Task/Task_BlackBox.c ****             check_sum = TaskBlackBox_Get_CheckSum((uint8_t *)&att_alt_data, sizeof(BlackBox_AttAltD
 452:Task/Task_BlackBox.c ****             blackbox_ender.check_sum = check_sum;
 453:Task/Task_BlackBox.c ****             Monitor.imu_log.byte_size += BLACKBOX_ENDER_SIZE;
 454:Task/Task_BlackBox.c ****             TaskBlackBox_UpdateQueue((uint8_t *)&blackbox_ender, BLACKBOX_ENDER_SIZE);
 455:Task/Task_BlackBox.c ****             alt_update = false;
 456:Task/Task_BlackBox.c ****             att_update = false;
 457:Task/Task_BlackBox.c ****             imu_update = false;
 458:Task/Task_BlackBox.c ****         }
 459:Task/Task_BlackBox.c ****         else if ((Monitor.log_type == BlackBox_AngularPID_Tune) && (imu_update & ctl_update))
 460:Task/Task_BlackBox.c ****         {
 461:Task/Task_BlackBox.c ****             Monitor.ctl_ang_log.cnt ++;
 462:Task/Task_BlackBox.c ****             Monitor.ctl_ang_log.byte_size += BLACKBOX_HEADER_SIZE;
 463:Task/Task_BlackBox.c ****             blackbox_header.type = BlackBox_AngularPID_Tune;
 464:Task/Task_BlackBox.c ****             blackbox_header.size = sizeof(BlackBox_AngCtlData_TypeDef);
 465:Task/Task_BlackBox.c ****             TaskBlackBox_UpdateQueue((uint8_t *)&blackbox_header, BLACKBOX_HEADER_SIZE);
 466:Task/Task_BlackBox.c **** 
 467:Task/Task_BlackBox.c ****             TaskBlackBox_UpdateQueue((uint8_t *)&ang_ctl_data, sizeof(BlackBox_AngCtlData_TypeDef))
 468:Task/Task_BlackBox.c ****             Monitor.ctl_ang_log.byte_size += sizeof(BlackBox_AngCtlData_TypeDef);
 469:Task/Task_BlackBox.c ****         
 470:Task/Task_BlackBox.c ****             check_sum = TaskBlackBox_Get_CheckSum((uint8_t *)&ang_ctl_data, sizeof(BlackBox_AngCtlD
 471:Task/Task_BlackBox.c ****             blackbox_ender.check_sum = check_sum;
 472:Task/Task_BlackBox.c ****             Monitor.ctl_ang_log.byte_size += BLACKBOX_ENDER_SIZE;
 473:Task/Task_BlackBox.c ****             TaskBlackBox_UpdateQueue((uint8_t *)&blackbox_ender, BLACKBOX_ENDER_SIZE);
ARM GAS  C:\Users\HUAV\AppData\Local\Temp\ccYocD5a.s 			page 12


 474:Task/Task_BlackBox.c ****             imu_update = false;
 475:Task/Task_BlackBox.c ****             ctl_update = false;
 476:Task/Task_BlackBox.c ****         }
 477:Task/Task_BlackBox.c ****         else if ((Monitor.log_type == BlackBox_AttitudePID_Tune) && (imu_update & ctl_update & att_
 478:Task/Task_BlackBox.c ****         {
 479:Task/Task_BlackBox.c ****             Monitor.ctl_att_log.cnt ++;
 480:Task/Task_BlackBox.c ****             Monitor.ctl_att_log.byte_size += BLACKBOX_HEADER_SIZE;
 481:Task/Task_BlackBox.c ****             blackbox_header.type = BlackBox_AttitudePID_Tune;
 482:Task/Task_BlackBox.c ****             blackbox_header.size = sizeof(BlackBox_AttCtlData_TypeDef);
 483:Task/Task_BlackBox.c ****             TaskBlackBox_UpdateQueue((uint8_t *)&blackbox_header, BLACKBOX_HEADER_SIZE);
 484:Task/Task_BlackBox.c **** 
 485:Task/Task_BlackBox.c ****             TaskBlackBox_UpdateQueue((uint8_t *)&att_ctl_data, sizeof(BlackBox_AttCtlData_TypeDef))
 486:Task/Task_BlackBox.c ****             Monitor.ctl_att_log.byte_size += sizeof(BlackBox_AttCtlData_TypeDef);
 487:Task/Task_BlackBox.c **** 
 488:Task/Task_BlackBox.c ****             check_sum = TaskBlackBox_Get_CheckSum((uint8_t *)&att_ctl_data, sizeof(BlackBox_AttCtlD
 489:Task/Task_BlackBox.c ****             blackbox_ender.check_sum = check_sum;
 490:Task/Task_BlackBox.c ****             Monitor.ctl_att_log.byte_size += BLACKBOX_ENDER_SIZE;
 491:Task/Task_BlackBox.c ****             TaskBlackBox_UpdateQueue((uint8_t *)&blackbox_ender, BLACKBOX_ENDER_SIZE);
 492:Task/Task_BlackBox.c ****             imu_update = false;
 493:Task/Task_BlackBox.c ****             ctl_update = false;
 494:Task/Task_BlackBox.c ****             att_update = false;
 495:Task/Task_BlackBox.c ****         }
 496:Task/Task_BlackBox.c ****         /* use minilzo compress data if have to */
 497:Task/Task_BlackBox.c ****     }
 498:Task/Task_BlackBox.c ****     else
 499:Task/Task_BlackBox.c ****     {
 500:Task/Task_BlackBox.c ****         /* log disable */
 501:Task/Task_BlackBox.c ****         if (Monitor.state == BlackBox_Log_Disable)
 502:Task/Task_BlackBox.c ****             osSemaphoreRelease(BlackBox_Sem);
 503:Task/Task_BlackBox.c ****     }
 504:Task/Task_BlackBox.c **** 
 505:Task/Task_BlackBox.c ****     lst_state = Monitor.state;
 506:Task/Task_BlackBox.c **** }
 507:Task/Task_BlackBox.c **** 
 508:Task/Task_BlackBox.c **** bool TaskBlackBox_LogControl(void)
 509:Task/Task_BlackBox.c **** {
 510:Task/Task_BlackBox.c ****     uint8_t time_out = 100; /* unit: ms */
 511:Task/Task_BlackBox.c ****     DevLedObj_TypeDef BlackBox_Noti;
 512:Task/Task_BlackBox.c **** 
 513:Task/Task_BlackBox.c ****     memset(&BlackBox_Noti, 0, sizeof(DevLedObj_TypeDef));
 514:Task/Task_BlackBox.c ****     if (BlackBox_Noti_Ptr)
 515:Task/Task_BlackBox.c ****         memcpy(&BlackBox_Noti, BlackBox_Noti_Ptr, sizeof(DevLedObj_TypeDef));
 516:Task/Task_BlackBox.c **** 
 517:Task/Task_BlackBox.c ****     if (Monitor.state != BlackBox_Log_Enable)
 518:Task/Task_BlackBox.c ****     {
 519:Task/Task_BlackBox.c ****         Monitor.log_cnt = 0;
 520:Task/Task_BlackBox.c ****         Monitor.log_byte_size = 0;
 521:Task/Task_BlackBox.c ****         Queue.reset(&BlackBox_Queue);
 522:Task/Task_BlackBox.c **** 
 523:Task/Task_BlackBox.c ****         if (p_blackbox && p_blackbox->enable)
 524:Task/Task_BlackBox.c ****         {
 525:Task/Task_BlackBox.c ****             while (!p_blackbox->enable())
 526:Task/Task_BlackBox.c ****             {
 527:Task/Task_BlackBox.c ****                 if (time_out == 0)
 528:Task/Task_BlackBox.c ****                     return false;
 529:Task/Task_BlackBox.c **** 
 530:Task/Task_BlackBox.c ****                 SrvOsCommon.delay_ms(1);
ARM GAS  C:\Users\HUAV\AppData\Local\Temp\ccYocD5a.s 			page 13


 531:Task/Task_BlackBox.c ****                 time_out --;
 532:Task/Task_BlackBox.c ****             }
 533:Task/Task_BlackBox.c **** 
 534:Task/Task_BlackBox.c ****             Monitor.state = BlackBox_Log_Enable;
 535:Task/Task_BlackBox.c **** 
 536:Task/Task_BlackBox.c ****             if (BlackBox_Noti_Ptr)
 537:Task/Task_BlackBox.c ****                 DevLED.ctl(BlackBox_Noti, true);
 538:Task/Task_BlackBox.c ****         }
 539:Task/Task_BlackBox.c ****     }
 540:Task/Task_BlackBox.c ****     else
 541:Task/Task_BlackBox.c ****     {
 542:Task/Task_BlackBox.c ****         if (BlackBox_Noti_Ptr)
 543:Task/Task_BlackBox.c ****             DevLED.ctl(BlackBox_Noti, false);
 544:Task/Task_BlackBox.c **** 
 545:Task/Task_BlackBox.c ****         Monitor.state = BlackBox_Log_Disable;
 546:Task/Task_BlackBox.c ****     }
 547:Task/Task_BlackBox.c **** 
 548:Task/Task_BlackBox.c ****     return true;
 549:Task/Task_BlackBox.c **** }
 550:Task/Task_BlackBox.c **** 
 551:Task/Task_BlackBox.c **** bool TaskBlackBox_Set_LogInfo(BlackBox_MediumType_List medium, BlackBox_LogType_List type, uint32_t
 552:Task/Task_BlackBox.c **** {
 553:Task/Task_BlackBox.c ****     BlackBox_LogInfo_TypeDef info;
 554:Task/Task_BlackBox.c ****     Storage_ItemSearchOut_TypeDef search_out;
 555:Task/Task_BlackBox.c **** 
 556:Task/Task_BlackBox.c ****     memset(&search_out, 0, sizeof(Storage_ItemSearchOut_TypeDef));
 557:Task/Task_BlackBox.c ****     memset(&info, 0, sizeof(BlackBox_LogInfo_TypeDef));
 558:Task/Task_BlackBox.c **** 
 559:Task/Task_BlackBox.c ****     switch ((uint8_t) medium)
 560:Task/Task_BlackBox.c ****     {
 561:Task/Task_BlackBox.c ****         case BlackBox_Medium_Card:
 562:Task/Task_BlackBox.c ****         case BlackBox_Medium_Chip:
 563:Task/Task_BlackBox.c ****         case BlackBox_Medium_Com:
 564:Task/Task_BlackBox.c ****             break;
 565:Task/Task_BlackBox.c ****         default: return false;
 566:Task/Task_BlackBox.c ****     }
 567:Task/Task_BlackBox.c **** 
 568:Task/Task_BlackBox.c ****     switch ((uint8_t) type)
 569:Task/Task_BlackBox.c ****     {
 570:Task/Task_BlackBox.c ****         case BlackBox_Log_None:
 571:Task/Task_BlackBox.c ****         case BlackBox_Imu_Filted:
 572:Task/Task_BlackBox.c ****         case BlackBox_Log_Alt_Att:
 573:Task/Task_BlackBox.c ****         case BlackBox_AngularPID_Tune:
 574:Task/Task_BlackBox.c ****         case BlackBox_AttitudePID_Tune:
 575:Task/Task_BlackBox.c ****             break;
 576:Task/Task_BlackBox.c ****         default: return false;
 577:Task/Task_BlackBox.c ****     }
 578:Task/Task_BlackBox.c **** 
 579:Task/Task_BlackBox.c ****     info.medium = medium;
 580:Task/Task_BlackBox.c ****     info.log_type = type;
 581:Task/Task_BlackBox.c ****     info.log_size = size;
 582:Task/Task_BlackBox.c **** 
 583:Task/Task_BlackBox.c ****     search_out = Storage.search(Para_User, BlackBox_Storage_Name);
 584:Task/Task_BlackBox.c ****     if (search_out.item_addr == 0)
 585:Task/Task_BlackBox.c ****     {
 586:Task/Task_BlackBox.c ****         /* create storage section */
 587:Task/Task_BlackBox.c ****         if (Storage.create(Para_User, BlackBox_Storage_Name, (uint8_t *)&info, sizeof(BlackBox_LogI
ARM GAS  C:\Users\HUAV\AppData\Local\Temp\ccYocD5a.s 			page 14


 588:Task/Task_BlackBox.c ****             return false;
 589:Task/Task_BlackBox.c ****     }
 590:Task/Task_BlackBox.c **** 
 591:Task/Task_BlackBox.c ****     if (Storage.update(Para_User, search_out.item.data_addr, (uint8_t *)&info, sizeof(BlackBox_LogI
 592:Task/Task_BlackBox.c ****         return false;
 593:Task/Task_BlackBox.c **** 
 594:Task/Task_BlackBox.c ****     return true;
 595:Task/Task_BlackBox.c **** }
 596:Task/Task_BlackBox.c **** 
 597:Task/Task_BlackBox.c **** /****************************************************************** shell api implement ***********
 598:Task/Task_BlackBox.c **** static void TaskBlackBox_Set_Log(uint8_t medium, uint8_t type, uint32_t size)
 599:Task/Task_BlackBox.c **** {
 600:Task/Task_BlackBox.c ****     Shell *shell_obj = Shell_GetInstence();
 601:Task/Task_BlackBox.c ****     Storage_ItemSearchOut_TypeDef search_out;
 602:Task/Task_BlackBox.c ****     BlackBox_LogInfo_TypeDef info;
 603:Task/Task_BlackBox.c **** 
 604:Task/Task_BlackBox.c ****     if (shell_obj == NULL)
 605:Task/Task_BlackBox.c ****         return;
 606:Task/Task_BlackBox.c ****     
 607:Task/Task_BlackBox.c ****     shellPrint(shell_obj, "[ BlackBox ] ----- Medium List\r\n");
 608:Task/Task_BlackBox.c ****     shellPrint(shell_obj, "\tNone ------------- 0\r\n");
 609:Task/Task_BlackBox.c ****     shellPrint(shell_obj, "\tCard ------------- 1\r\n");
 610:Task/Task_BlackBox.c ****     shellPrint(shell_obj, "\tChip ------------- 2\r\n");
 611:Task/Task_BlackBox.c ****     shellPrint(shell_obj, "\tCom -------------- 3\r\n");
 612:Task/Task_BlackBox.c ****     shellPrint(shell_obj, "\r\n");
 613:Task/Task_BlackBox.c ****     shellPrint(shell_obj, "[ BlackBox ] ----- Log Type List\r\n");
 614:Task/Task_BlackBox.c ****     shellPrint(shell_obj, "\tLog None --------- 0\r\n");
 615:Task/Task_BlackBox.c ****     shellPrint(shell_obj, "\tLog Imu Only ----- 1\r\n");
 616:Task/Task_BlackBox.c ****     shellPrint(shell_obj, "\tLog Att & Alt ---- 2\r\n");
 617:Task/Task_BlackBox.c ****     shellPrint(shell_obj, "\tLog PID Angular -- 3\r\n");
 618:Task/Task_BlackBox.c ****     shellPrint(shell_obj, "\tLog PID Attitude - 4\r\n");
 619:Task/Task_BlackBox.c ****     shellPrint(shell_obj, "\r\n");
 620:Task/Task_BlackBox.c **** 
 621:Task/Task_BlackBox.c ****     if ((medium > (uint8_t)BlackBox_Medium_Com) || (type > (uint8_t)BlackBox_AttitudePID_Tune))
 622:Task/Task_BlackBox.c ****     {
 623:Task/Task_BlackBox.c ****         if (medium > (uint8_t)BlackBox_Medium_Com)
 624:Task/Task_BlackBox.c ****             shellPrint(shell_obj, "\tBAD MEDIUM TYPE INPUT\r\n");
 625:Task/Task_BlackBox.c **** 
 626:Task/Task_BlackBox.c ****         if (type > (uint8_t)BlackBox_AttitudePID_Tune)
 627:Task/Task_BlackBox.c ****             shellPrint(shell_obj, "\tBAD LOG DATA TYPE INPUT\r\n");
 628:Task/Task_BlackBox.c **** 
 629:Task/Task_BlackBox.c ****         return;
 630:Task/Task_BlackBox.c ****     }
 631:Task/Task_BlackBox.c **** 
 632:Task/Task_BlackBox.c ****     /* for currently */
 633:Task/Task_BlackBox.c ****     if ((medium != (uint8_t)BlackBox_Medium_Chip) || \
 634:Task/Task_BlackBox.c ****         (type == (uint8_t)BlackBox_AttitudePID_Tune))
 635:Task/Task_BlackBox.c ****     {
 636:Task/Task_BlackBox.c ****         if (medium != (uint8_t)BlackBox_Medium_Chip)
 637:Task/Task_BlackBox.c ****             shellPrint(shell_obj, "\tOnly support storage chip modlue currently\r\n");
 638:Task/Task_BlackBox.c ****         
 639:Task/Task_BlackBox.c ****         if (type == (uint8_t)BlackBox_AttitudePID_Tune)
 640:Task/Task_BlackBox.c ****             shellPrint(shell_obj, "\tNot support currently\r\n");
 641:Task/Task_BlackBox.c **** 
 642:Task/Task_BlackBox.c ****         return;
 643:Task/Task_BlackBox.c ****     }
 644:Task/Task_BlackBox.c **** 
ARM GAS  C:\Users\HUAV\AppData\Local\Temp\ccYocD5a.s 			page 15


 645:Task/Task_BlackBox.c ****     info.medium = medium;
 646:Task/Task_BlackBox.c ****     info.log_type = type;
 647:Task/Task_BlackBox.c ****     info.log_size = size;   /* only when if blackbox avaliable */
 648:Task/Task_BlackBox.c **** 
 649:Task/Task_BlackBox.c ****     search_out = Storage.search(Para_User, BlackBox_Storage_Name);
 650:Task/Task_BlackBox.c ****     if ((search_out.item_addr == 0) || \
 651:Task/Task_BlackBox.c ****         (Storage.update(Para_User, search_out.item.data_addr, (uint8_t *)&info, sizeof(BlackBox_Log
 652:Task/Task_BlackBox.c ****     {
 653:Task/Task_BlackBox.c ****         shellPrint(shell_obj, "\tLog info storage failed\r\n");
 654:Task/Task_BlackBox.c ****         return;
 655:Task/Task_BlackBox.c ****     }
 656:Task/Task_BlackBox.c **** 
 657:Task/Task_BlackBox.c ****     shellPrint(shell_obj, "\tLog info storage saved\r\n");
 658:Task/Task_BlackBox.c ****     shellPrint(shell_obj, "\treboot is required\r\n");
 659:Task/Task_BlackBox.c **** }
 660:Task/Task_BlackBox.c **** SHELL_EXPORT_CMD(SHELL_CMD_PERMISSION(0) | SHELL_CMD_TYPE(SHELL_TYPE_CMD_FUNC) | SHELL_CMD_DISABLE_
 661:Task/Task_BlackBox.c **** 
 662:Task/Task_BlackBox.c **** static void TaskBlackBox_EnableLog(void)
 663:Task/Task_BlackBox.c **** {
 664:Task/Task_BlackBox.c ****     Shell *shell_obj = Shell_GetInstence();
 665:Task/Task_BlackBox.c **** 
 666:Task/Task_BlackBox.c ****     if ((shell_obj == NULL) || (p_blackbox == NULL))
 667:Task/Task_BlackBox.c ****         return;
 668:Task/Task_BlackBox.c **** 
 669:Task/Task_BlackBox.c ****     if (p_blackbox->enable && p_blackbox->enable())
 670:Task/Task_BlackBox.c ****     {
 671:Task/Task_BlackBox.c ****         shellPrint(shell_obj, "[ BalckBox ] Enable\r\r");
 672:Task/Task_BlackBox.c ****         Monitor.state = BlackBox_Log_Enable;
 673:Task/Task_BlackBox.c ****         Monitor.log_cnt = 0;
 674:Task/Task_BlackBox.c ****         Monitor.log_byte_size = 0;
 675:Task/Task_BlackBox.c ****         Queue.reset(&BlackBox_Queue);
 676:Task/Task_BlackBox.c ****     }
 677:Task/Task_BlackBox.c ****     else
 678:Task/Task_BlackBox.c ****         shellPrint(shell_obj, "[ BlackBox ] Enable Failed\r\n");
 679:Task/Task_BlackBox.c **** }
 680:Task/Task_BlackBox.c **** SHELL_EXPORT_CMD(SHELL_CMD_PERMISSION(0) | SHELL_CMD_TYPE(SHELL_TYPE_CMD_FUNC) | SHELL_CMD_DISABLE_
 681:Task/Task_BlackBox.c **** 
 682:Task/Task_BlackBox.c **** static void TaskBlackBox_DisableLog(void)
 683:Task/Task_BlackBox.c **** {
 684:Task/Task_BlackBox.c ****     Shell *shell_obj = Shell_GetInstence();
 685:Task/Task_BlackBox.c **** 
 686:Task/Task_BlackBox.c ****     if ((shell_obj == NULL) || (p_blackbox == NULL))
 687:Task/Task_BlackBox.c ****         return;
 688:Task/Task_BlackBox.c **** 
 689:Task/Task_BlackBox.c ****     Monitor.state = BlackBox_Log_Disable;
 690:Task/Task_BlackBox.c ****     shellPrint(shell_obj, "[ BalckBox ] Disable\r\r");
 691:Task/Task_BlackBox.c **** }
 692:Task/Task_BlackBox.c **** SHELL_EXPORT_CMD(SHELL_CMD_PERMISSION(0) | SHELL_CMD_TYPE(SHELL_TYPE_CMD_FUNC) | SHELL_CMD_DISABLE_
 693:Task/Task_BlackBox.c **** 
 694:Task/Task_BlackBox.c **** static BlackBox_ConvertError_List TaskBlackBox_ConvertLogData_To_Header(Shell *p_shell, BlackBox_Da
 695:Task/Task_BlackBox.c **** {
 696:Task/Task_BlackBox.c ****     if ((p_header == NULL) || \
 697:Task/Task_BlackBox.c ****         (p_data == NULL) || \
 698:Task/Task_BlackBox.c ****         (len == NULL) || \
 699:Task/Task_BlackBox.c ****         (*p_data == NULL))
 700:Task/Task_BlackBox.c ****         return BlackBox_Cnv_Para_Error;
 701:Task/Task_BlackBox.c ****     
ARM GAS  C:\Users\HUAV\AppData\Local\Temp\ccYocD5a.s 			page 16


 702:Task/Task_BlackBox.c ****     if (*len <= BLACKBOX_HEADER_SIZE)
 703:Task/Task_BlackBox.c ****         return BlackBox_Cnv_Size_Error;
 704:Task/Task_BlackBox.c **** 
 705:Task/Task_BlackBox.c ****     memcpy(p_header, *p_data, BLACKBOX_HEADER_SIZE);
 706:Task/Task_BlackBox.c ****     if (p_header->header != BLACKBOX_LOG_HEADER)
 707:Task/Task_BlackBox.c ****     {
 708:Task/Task_BlackBox.c ****         memset(p_header, 0, BLACKBOX_HEADER_SIZE);
 709:Task/Task_BlackBox.c ****         shellPrint(p_shell, "[ BlackBox ] header tag error\r\n");
 710:Task/Task_BlackBox.c ****         return BlackBox_Cnv_Header_Error;
 711:Task/Task_BlackBox.c ****     }
 712:Task/Task_BlackBox.c **** 
 713:Task/Task_BlackBox.c ****     switch ((uint8_t) p_header->type)
 714:Task/Task_BlackBox.c ****     {
 715:Task/Task_BlackBox.c ****         case BlackBox_Imu_Filted:
 716:Task/Task_BlackBox.c ****             if (*len < (BLACKBOX_HEADER_SIZE + BLACKBOX_ENDER_SIZE + sizeof(BlackBox_IMUData_TypeDe
 717:Task/Task_BlackBox.c ****                 return BlackBox_Cnv_Size_Error;
 718:Task/Task_BlackBox.c ****             break;
 719:Task/Task_BlackBox.c **** 
 720:Task/Task_BlackBox.c ****         case BlackBox_Log_Alt_Att:
 721:Task/Task_BlackBox.c ****             if (*len < (BLACKBOX_HEADER_SIZE + BLACKBOX_ENDER_SIZE + sizeof(BlackBox_AttAltData_Typ
 722:Task/Task_BlackBox.c ****                 return BlackBox_Cnv_Size_Error;
 723:Task/Task_BlackBox.c ****             break;
 724:Task/Task_BlackBox.c **** 
 725:Task/Task_BlackBox.c ****         case BlackBox_AngularPID_Tune:
 726:Task/Task_BlackBox.c ****             if (*len < (BLACKBOX_HEADER_SIZE + BLACKBOX_ENDER_SIZE + sizeof(BlackBox_AngCtlData_Typ
 727:Task/Task_BlackBox.c ****                 return BlackBox_Cnv_Size_Error;
 728:Task/Task_BlackBox.c ****             break;
 729:Task/Task_BlackBox.c **** 
 730:Task/Task_BlackBox.c ****         default:
 731:Task/Task_BlackBox.c ****             if (p_shell)
 732:Task/Task_BlackBox.c ****                 shellPrint(p_shell, "[ BlackBox ] type error\r\n");
 733:Task/Task_BlackBox.c ****             return BlackBox_Cnv_Type_Error;
 734:Task/Task_BlackBox.c ****     }
 735:Task/Task_BlackBox.c **** 
 736:Task/Task_BlackBox.c ****     *len -= BLACKBOX_HEADER_SIZE;
 737:Task/Task_BlackBox.c ****     *p_data += BLACKBOX_HEADER_SIZE;
 738:Task/Task_BlackBox.c **** 
 739:Task/Task_BlackBox.c ****     return BlackBox_Cnv_None_Error;
 740:Task/Task_BlackBox.c **** }
 741:Task/Task_BlackBox.c **** 
 742:Task/Task_BlackBox.c **** static BlackBox_ConvertError_List TaskBlackBox_ConvertLogData_To_Ender(Shell *p_shell, BlackBox_Dat
 743:Task/Task_BlackBox.c **** {
 744:Task/Task_BlackBox.c ****     if ((p_ender == NULL) || \
 745:Task/Task_BlackBox.c ****         (p_data == NULL) || \
 746:Task/Task_BlackBox.c ****         (*p_data == NULL) || \
 747:Task/Task_BlackBox.c ****         (len == NULL) || \
 748:Task/Task_BlackBox.c ****         (*len < BLACKBOX_ENDER_SIZE))
 749:Task/Task_BlackBox.c ****         return BlackBox_Cnv_Para_Error;
 750:Task/Task_BlackBox.c **** 
 751:Task/Task_BlackBox.c ****     memcpy(p_ender, *p_data, BLACKBOX_ENDER_SIZE);
 752:Task/Task_BlackBox.c ****     if (p_ender->ender != BLACKBOX_LOG_ENDER)
 753:Task/Task_BlackBox.c ****     {
 754:Task/Task_BlackBox.c ****         memset(p_ender, 0, BLACKBOX_ENDER_SIZE);
 755:Task/Task_BlackBox.c ****         if (p_shell)
 756:Task/Task_BlackBox.c ****             shellPrint(p_shell, "[ BlackBox ] ender error\r\n");
 757:Task/Task_BlackBox.c ****         return BlackBox_Cnv_Ender_Error;
 758:Task/Task_BlackBox.c ****     }
ARM GAS  C:\Users\HUAV\AppData\Local\Temp\ccYocD5a.s 			page 17


 759:Task/Task_BlackBox.c **** 
 760:Task/Task_BlackBox.c ****     *p_data += BLACKBOX_ENDER_SIZE;
 761:Task/Task_BlackBox.c ****     *len -= BLACKBOX_ENDER_SIZE;
 762:Task/Task_BlackBox.c **** 
 763:Task/Task_BlackBox.c ****     return BlackBox_Cnv_None_Error;
 764:Task/Task_BlackBox.c **** }
 765:Task/Task_BlackBox.c **** 
 766:Task/Task_BlackBox.c **** /* filted imu data log */
 767:Task/Task_BlackBox.c **** static BlackBox_ConvertError_List TaskBlackBox_ConvertLogData_To_IMU(Shell *p_shell, BlackBox_IMUDa
 768:Task/Task_BlackBox.c **** {
 769:Task/Task_BlackBox.c ****     if ((p_imu == NULL) || \
 770:Task/Task_BlackBox.c ****         (p_data == NULL) || \
 771:Task/Task_BlackBox.c ****         (*p_data == NULL) || \
 772:Task/Task_BlackBox.c ****         (len == NULL) || \
 773:Task/Task_BlackBox.c ****         (*len < sizeof(BlackBox_IMUData_TypeDef)))
 774:Task/Task_BlackBox.c ****         return BlackBox_Cnv_Size_Error;
 775:Task/Task_BlackBox.c **** 
 776:Task/Task_BlackBox.c ****     memcpy(p_imu, *p_data, sizeof(BlackBox_IMUData_TypeDef));
 777:Task/Task_BlackBox.c ****     if (p_shell)
 778:Task/Task_BlackBox.c ****     {
 779:Task/Task_BlackBox.c ****         shellPrint(p_shell, "%d ", p_imu->time);
 780:Task/Task_BlackBox.c ****         shellPrint(p_shell, "%d ", p_imu->cyc);
 781:Task/Task_BlackBox.c ****         shellPrint(p_shell, "%d ", p_imu->throttle_percent);
 782:Task/Task_BlackBox.c ****         shellPrint(p_shell, "%f ", p_imu->org_acc[Axis_X] / p_imu->acc_scale);
 783:Task/Task_BlackBox.c ****         shellPrint(p_shell, "%f ", p_imu->org_acc[Axis_Y] / p_imu->acc_scale);
 784:Task/Task_BlackBox.c ****         shellPrint(p_shell, "%f ", p_imu->org_acc[Axis_Z] / p_imu->acc_scale);
 785:Task/Task_BlackBox.c ****         shellPrint(p_shell, "%f ", p_imu->flt_acc[Axis_X] / p_imu->acc_scale);
 786:Task/Task_BlackBox.c ****         shellPrint(p_shell, "%f ", p_imu->flt_acc[Axis_Y] / p_imu->acc_scale);
 787:Task/Task_BlackBox.c ****         shellPrint(p_shell, "%f ", p_imu->flt_acc[Axis_Z] / p_imu->acc_scale);
 788:Task/Task_BlackBox.c ****         shellPrint(p_shell, "%f ", p_imu->org_gyr[Axis_X] / p_imu->gyr_scale);
 789:Task/Task_BlackBox.c ****         shellPrint(p_shell, "%f ", p_imu->org_gyr[Axis_Y] / p_imu->gyr_scale);
 790:Task/Task_BlackBox.c ****         shellPrint(p_shell, "%f ", p_imu->org_gyr[Axis_Z] / p_imu->gyr_scale);
 791:Task/Task_BlackBox.c ****         shellPrint(p_shell, "%f ", p_imu->flt_gyr[Axis_X] / p_imu->gyr_scale);
 792:Task/Task_BlackBox.c ****         shellPrint(p_shell, "%f ", p_imu->flt_gyr[Axis_Y] / p_imu->gyr_scale);
 793:Task/Task_BlackBox.c ****         shellPrint(p_shell, "%f\r\n", p_imu->flt_gyr[Axis_Z] / p_imu->gyr_scale);
 794:Task/Task_BlackBox.c ****     }
 795:Task/Task_BlackBox.c **** 
 796:Task/Task_BlackBox.c ****     *p_data += sizeof(BlackBox_IMUData_TypeDef);
 797:Task/Task_BlackBox.c ****     *len -= sizeof(BlackBox_IMUData_TypeDef);
 798:Task/Task_BlackBox.c ****     return BlackBox_Cnv_None_Error;
 799:Task/Task_BlackBox.c **** }
 800:Task/Task_BlackBox.c **** 
 801:Task/Task_BlackBox.c **** /* attitude altitude log data */
 802:Task/Task_BlackBox.c **** static BlackBox_ConvertError_List TaskBlackBox_ConvertLogData_To_Alt_Att(Shell *p_shell, BlackBox_A
 803:Task/Task_BlackBox.c **** {
 804:Task/Task_BlackBox.c ****     if ((p_att_alt == NULL) || \
 805:Task/Task_BlackBox.c ****         (p_data == NULL) || \
 806:Task/Task_BlackBox.c ****         (*p_data == NULL) || \
 807:Task/Task_BlackBox.c ****         (len == NULL) || \
 808:Task/Task_BlackBox.c ****         (*len < sizeof(BlackBox_AttAltData_TypeDef)))
 809:Task/Task_BlackBox.c ****         return BlackBox_Cnv_Size_Error;
 810:Task/Task_BlackBox.c **** 
 811:Task/Task_BlackBox.c ****     memcpy(p_att_alt, *p_data, sizeof(BlackBox_AttAltData_TypeDef));
 812:Task/Task_BlackBox.c ****     if (p_shell)
 813:Task/Task_BlackBox.c ****     {
 814:Task/Task_BlackBox.c ****         shellPrint(p_shell, "%d ", p_att_alt->time);
 815:Task/Task_BlackBox.c ****         shellPrint(p_shell, "%f ", p_att_alt->baro);
ARM GAS  C:\Users\HUAV\AppData\Local\Temp\ccYocD5a.s 			page 18


 816:Task/Task_BlackBox.c ****         shellPrint(p_shell, "%f ", p_att_alt->acc[Axis_X] / p_att_alt->acc_scale);
 817:Task/Task_BlackBox.c ****         shellPrint(p_shell, "%f ", p_att_alt->acc[Axis_Y] / p_att_alt->acc_scale);
 818:Task/Task_BlackBox.c ****         shellPrint(p_shell, "%f ", p_att_alt->acc[Axis_Z] / p_att_alt->acc_scale);
 819:Task/Task_BlackBox.c ****         shellPrint(p_shell, "%f ", p_att_alt->gyr[Axis_X] / p_att_alt->gyr_scale);
 820:Task/Task_BlackBox.c ****         shellPrint(p_shell, "%f ", p_att_alt->gyr[Axis_Y] / p_att_alt->gyr_scale);
 821:Task/Task_BlackBox.c ****         shellPrint(p_shell, "%f ", p_att_alt->gyr[Axis_Z] / p_att_alt->gyr_scale);
 822:Task/Task_BlackBox.c ****         shellPrint(p_shell, "%f ", p_att_alt->pitch);
 823:Task/Task_BlackBox.c ****         shellPrint(p_shell, "%f ", p_att_alt->roll);
 824:Task/Task_BlackBox.c ****         shellPrint(p_shell, "%f ", p_att_alt->yaw);
 825:Task/Task_BlackBox.c ****         shellPrint(p_shell, "%f\r\n", p_att_alt->alt);
 826:Task/Task_BlackBox.c ****     }
 827:Task/Task_BlackBox.c **** 
 828:Task/Task_BlackBox.c ****     *p_data += sizeof(BlackBox_AttAltData_TypeDef);
 829:Task/Task_BlackBox.c ****     *len -= sizeof(BlackBox_AttAltData_TypeDef);
 830:Task/Task_BlackBox.c ****     return BlackBox_Cnv_None_Error;
 831:Task/Task_BlackBox.c **** }
 832:Task/Task_BlackBox.c **** 
 833:Task/Task_BlackBox.c **** /* angular control log data */
 834:Task/Task_BlackBox.c **** static BlackBox_ConvertError_List TaskBlackBox_ConvertLogData_To_CtlAng(Shell *p_shell, BlackBox_An
 835:Task/Task_BlackBox.c **** {
 836:Task/Task_BlackBox.c ****     if ((p_ang_ctl == NULL) || \
 837:Task/Task_BlackBox.c ****         (p_data == NULL) || \
 838:Task/Task_BlackBox.c ****         (*p_data == NULL) || \
 839:Task/Task_BlackBox.c ****         (len == NULL) || \
 840:Task/Task_BlackBox.c ****         (*len < sizeof(BlackBox_AngCtlData_TypeDef)))
 841:Task/Task_BlackBox.c ****         return BlackBox_Cnv_Size_Error;
 842:Task/Task_BlackBox.c ****     
 843:Task/Task_BlackBox.c ****     memcpy(p_ang_ctl, *p_data, sizeof(BlackBox_AngCtlData_TypeDef));
 844:Task/Task_BlackBox.c ****     if (p_shell)
 845:Task/Task_BlackBox.c ****     {
 846:Task/Task_BlackBox.c ****         shellPrint(p_shell, "%d ", p_ang_ctl->time);
 847:Task/Task_BlackBox.c ****         shellPrint(p_shell, "%d ", p_ang_ctl->throttle_percent);
 848:Task/Task_BlackBox.c ****         shellPrint(p_shell, "%f ", p_ang_ctl->e_gyr[Axis_X]);
 849:Task/Task_BlackBox.c ****         shellPrint(p_shell, "%f ", p_ang_ctl->e_gyr[Axis_Y]);
 850:Task/Task_BlackBox.c ****         shellPrint(p_shell, "%f ", p_ang_ctl->e_gyr[Axis_Z]);
 851:Task/Task_BlackBox.c ****         shellPrint(p_shell, "%f ", p_ang_ctl->m_gyr[Axis_X]);
 852:Task/Task_BlackBox.c ****         shellPrint(p_shell, "%f ", p_ang_ctl->m_gyr[Axis_Y]);
 853:Task/Task_BlackBox.c ****         shellPrint(p_shell, "%f\r\n", p_ang_ctl->m_gyr[Axis_Z]);
 854:Task/Task_BlackBox.c ****     }
 855:Task/Task_BlackBox.c **** 
 856:Task/Task_BlackBox.c ****     *p_data += sizeof(BlackBox_AngCtlData_TypeDef);
 857:Task/Task_BlackBox.c ****     *len -= sizeof(BlackBox_AngCtlData_TypeDef);
 858:Task/Task_BlackBox.c ****     return BlackBox_Cnv_None_Error;
 859:Task/Task_BlackBox.c **** }
 860:Task/Task_BlackBox.c **** 
 861:Task/Task_BlackBox.c **** /* attitude control log data */
 862:Task/Task_BlackBox.c **** static BlackBox_ConvertError_List TaskBlackBox_ConvertLogData_To_CtlAtt(Shell *p_shell, BlackBox_At
 863:Task/Task_BlackBox.c **** {
 864:Task/Task_BlackBox.c ****     if ((p_att_ctl == NULL) || \
 865:Task/Task_BlackBox.c ****         (p_data == NULL) || \
 866:Task/Task_BlackBox.c ****         (*p_data == NULL) || \
 867:Task/Task_BlackBox.c ****         (len == NULL) || \
 868:Task/Task_BlackBox.c ****         (*len < sizeof(BlackBox_AttCtlData_TypeDef)))
 869:Task/Task_BlackBox.c ****         return BlackBox_Cnv_Size_Error;
 870:Task/Task_BlackBox.c **** 
 871:Task/Task_BlackBox.c ****     memcpy(p_att_ctl, *p_data, sizeof(BlackBox_AttCtlData_TypeDef));
 872:Task/Task_BlackBox.c ****     if (p_shell)
ARM GAS  C:\Users\HUAV\AppData\Local\Temp\ccYocD5a.s 			page 19


 873:Task/Task_BlackBox.c ****     {
 874:Task/Task_BlackBox.c ****         shellPrint(p_shell, "%d ", p_att_ctl->time);
 875:Task/Task_BlackBox.c ****         shellPrint(p_shell, "%f ", p_att_ctl->exp_pitch);
 876:Task/Task_BlackBox.c ****         shellPrint(p_shell, "%f ", p_att_ctl->exp_roll);
 877:Task/Task_BlackBox.c ****         shellPrint(p_shell, "%f ", p_att_ctl->exp_gyr_z);
 878:Task/Task_BlackBox.c ****         shellPrint(p_shell, "%f ", p_att_ctl->pitch);
 879:Task/Task_BlackBox.c ****         shellPrint(p_shell, "%f ", p_att_ctl->roll);
 880:Task/Task_BlackBox.c ****         shellPrint(p_shell, "%f\r\n", p_att_ctl->gyr_z);
 881:Task/Task_BlackBox.c ****     }
 882:Task/Task_BlackBox.c **** 
 883:Task/Task_BlackBox.c ****     *p_data += sizeof(BlackBox_AttCtlData_TypeDef);
 884:Task/Task_BlackBox.c ****     *len -= sizeof(BlackBox_AttCtlData_TypeDef);
 885:Task/Task_BlackBox.c ****     return BlackBox_Cnv_None_Error;
 886:Task/Task_BlackBox.c **** }
 887:Task/Task_BlackBox.c **** 
 888:Task/Task_BlackBox.c **** static const char* TaskBlackBox_Get_LogType_Str(void)
 889:Task/Task_BlackBox.c **** {
 137              		.loc 1 889 1 view -0
 138              		.cfi_startproc
 139              		@ args = 0, pretend = 0, frame = 0
 140              		@ frame_needed = 0, uses_anonymous_args = 0
 141              		@ link register save eliminated.
 890:Task/Task_BlackBox.c ****     switch (Monitor.log_type)
 142              		.loc 1 890 5 view .LVU25
 143              		.loc 1 890 20 is_stmt 0 view .LVU26
 144 0000 0A4B     		ldr	r3, .L17
 145 0002 93F84830 		ldrb	r3, [r3, #72]	@ zero_extendqisi2
 146              		.loc 1 890 5 view .LVU27
 147 0006 042B     		cmp	r3, #4
 148 0008 0CD8     		bhi	.L9
 149 000a DFE803F0 		tbb	[pc, r3]
 150              	.L11:
 151 000e 03       		.byte	(.L15-.L11)/2
 152 000f 0D       		.byte	(.L16-.L11)/2
 153 0010 05       		.byte	(.L13-.L11)/2
 154 0011 07       		.byte	(.L12-.L11)/2
 155 0012 09       		.byte	(.L10-.L11)/2
 156 0013 00       		.p2align 1
 157              	.L15:
 158 0014 0648     		ldr	r0, .L17+4
 159 0016 7047     		bx	lr
 160              	.L13:
 891:Task/Task_BlackBox.c ****     {
 892:Task/Task_BlackBox.c ****         case BlackBox_Log_None:         return "Log_None";
 893:Task/Task_BlackBox.c ****         case BlackBox_Imu_Filted:       return "Filted_IMU";
 894:Task/Task_BlackBox.c ****         case BlackBox_Log_Alt_Att:      return "Alt_Att";
 161              		.loc 1 894 41 is_stmt 1 view .LVU28
 162              		.loc 1 894 48 is_stmt 0 view .LVU29
 163 0018 0648     		ldr	r0, .L17+8
 164 001a 7047     		bx	lr
 165              	.L12:
 895:Task/Task_BlackBox.c ****         case BlackBox_AngularPID_Tune:  return "AngularPID";
 166              		.loc 1 895 41 is_stmt 1 view .LVU30
 167              		.loc 1 895 48 is_stmt 0 view .LVU31
 168 001c 0648     		ldr	r0, .L17+12
 169 001e 7047     		bx	lr
 170              	.L10:
ARM GAS  C:\Users\HUAV\AppData\Local\Temp\ccYocD5a.s 			page 20


 896:Task/Task_BlackBox.c ****         case BlackBox_AttitudePID_Tune: return "AttitudePID";
 171              		.loc 1 896 41 is_stmt 1 view .LVU32
 172              		.loc 1 896 48 is_stmt 0 view .LVU33
 173 0020 0648     		ldr	r0, .L17+16
 174 0022 7047     		bx	lr
 175              	.L9:
 897:Task/Task_BlackBox.c ****         default: return "unknow log type";
 176              		.loc 1 897 18 is_stmt 1 view .LVU34
 177              		.loc 1 897 25 is_stmt 0 view .LVU35
 178 0024 0648     		ldr	r0, .L17+20
 179 0026 7047     		bx	lr
 180              	.L16:
 893:Task/Task_BlackBox.c ****         case BlackBox_Log_Alt_Att:      return "Alt_Att";
 181              		.loc 1 893 48 view .LVU36
 182 0028 0648     		ldr	r0, .L17+24
 898:Task/Task_BlackBox.c ****     }
 899:Task/Task_BlackBox.c **** }
 183              		.loc 1 899 1 view .LVU37
 184 002a 7047     		bx	lr
 185              	.L18:
 186              		.align	2
 187              	.L17:
 188 002c 00000000 		.word	.LANCHOR0
 189 0030 3C000000 		.word	.LC5
 190 0034 1C000000 		.word	.LC2
 191 0038 24000000 		.word	.LC3
 192 003c 30000000 		.word	.LC4
 193 0040 00000000 		.word	.LC0
 194 0044 10000000 		.word	.LC1
 195              		.cfi_endproc
 196              	.LFE165:
 198              		.section	.text.TaskBlackBox_UpdateQueue,"ax",%progbits
 199              		.align	1
 200              		.syntax unified
 201              		.thumb
 202              		.thumb_func
 204              	TaskBlackBox_UpdateQueue:
 205              	.LVL11:
 206              	.LFB152:
 287:Task/Task_BlackBox.c ****     uint32_t offset = 0;
 207              		.loc 1 287 1 is_stmt 1 view -0
 208              		.cfi_startproc
 209              		@ args = 0, pretend = 0, frame = 0
 210              		@ frame_needed = 0, uses_anonymous_args = 0
 287:Task/Task_BlackBox.c ****     uint32_t offset = 0;
 211              		.loc 1 287 1 is_stmt 0 view .LVU39
 212 0000 F0B5     		push	{r4, r5, r6, r7, lr}
 213              	.LCFI0:
 214              		.cfi_def_cfa_offset 20
 215              		.cfi_offset 4, -20
 216              		.cfi_offset 5, -16
 217              		.cfi_offset 6, -12
 218              		.cfi_offset 7, -8
 219              		.cfi_offset 14, -4
 220 0002 83B0     		sub	sp, sp, #12
 221              	.LCFI1:
 222              		.cfi_def_cfa_offset 32
ARM GAS  C:\Users\HUAV\AppData\Local\Temp\ccYocD5a.s 			page 21


 223 0004 0546     		mov	r5, r0
 224 0006 0C46     		mov	r4, r1
 288:Task/Task_BlackBox.c ****     uint32_t Queue_remain = Queue.remain(BlackBox_Queue);
 225              		.loc 1 288 5 is_stmt 1 view .LVU40
 226              	.LVL12:
 289:Task/Task_BlackBox.c ****     
 227              		.loc 1 289 5 view .LVU41
 289:Task/Task_BlackBox.c ****     
 228              		.loc 1 289 34 is_stmt 0 view .LVU42
 229 0008 1C4B     		ldr	r3, .L25
 230 000a 5E68     		ldr	r6, [r3, #4]
 289:Task/Task_BlackBox.c ****     
 231              		.loc 1 289 29 view .LVU43
 232 000c 1C4B     		ldr	r3, .L25+4
 233 000e 1A7C     		ldrb	r2, [r3, #16]	@ zero_extendqisi2
 234 0010 8DF80020 		strb	r2, [sp]
 235 0014 0FCB     		ldm	r3, {r0, r1, r2, r3}
 236              	.LVL13:
 289:Task/Task_BlackBox.c ****     
 237              		.loc 1 289 29 view .LVU44
 238 0016 B047     		blx	r6
 239              	.LVL14:
 291:Task/Task_BlackBox.c ****     {
 240              		.loc 1 291 5 is_stmt 1 view .LVU45
 291:Task/Task_BlackBox.c ****     {
 241              		.loc 1 291 8 is_stmt 0 view .LVU46
 242 0018 A042     		cmp	r0, r4
 243 001a 27D2     		bcs	.L20
 244 001c 0246     		mov	r2, r0
 245 001e 0646     		mov	r6, r0
 293:Task/Task_BlackBox.c ****         Queue.push(&BlackBox_Queue, p_data, Queue_remain);
 246              		.loc 1 293 9 is_stmt 1 view .LVU47
 247              	.LVL15:
 294:Task/Task_BlackBox.c ****     }
 248              		.loc 1 294 9 view .LVU48
 294:Task/Task_BlackBox.c ****     }
 249              		.loc 1 294 14 is_stmt 0 view .LVU49
 250 0020 164B     		ldr	r3, .L25
 251 0022 9B69     		ldr	r3, [r3, #24]
 294:Task/Task_BlackBox.c ****     }
 252              		.loc 1 294 9 view .LVU50
 253 0024 2946     		mov	r1, r5
 254 0026 1648     		ldr	r0, .L25+4
 255              	.LVL16:
 294:Task/Task_BlackBox.c ****     }
 256              		.loc 1 294 9 view .LVU51
 257 0028 9847     		blx	r3
 258              	.LVL17:
 259              	.L21:
 299:Task/Task_BlackBox.c ****     {
 260              		.loc 1 299 5 is_stmt 1 view .LVU52
 299:Task/Task_BlackBox.c ****     {
 261              		.loc 1 299 14 is_stmt 0 view .LVU53
 262 002a 144B     		ldr	r3, .L25
 263 002c 1F68     		ldr	r7, [r3]
 299:Task/Task_BlackBox.c ****     {
 264              		.loc 1 299 9 view .LVU54
ARM GAS  C:\Users\HUAV\AppData\Local\Temp\ccYocD5a.s 			page 22


 265 002e 144B     		ldr	r3, .L25+4
 266 0030 1A7C     		ldrb	r2, [r3, #16]	@ zero_extendqisi2
 267 0032 8DF80020 		strb	r2, [sp]
 268 0036 0FCB     		ldm	r3, {r0, r1, r2, r3}
 269 0038 B847     		blx	r7
 270              	.LVL18:
 299:Task/Task_BlackBox.c ****     {
 271              		.loc 1 299 46 view .LVU55
 272 003a 124B     		ldr	r3, .L25+8
 273 003c 1A6D     		ldr	r2, [r3, #80]
 299:Task/Task_BlackBox.c ****     {
 274              		.loc 1 299 8 view .LVU56
 275 003e 9042     		cmp	r0, r2
 276 0040 0AD3     		bcc	.L22
 301:Task/Task_BlackBox.c ****         osSemaphoreRelease(BlackBox_Sem);
 277              		.loc 1 301 9 is_stmt 1 view .LVU57
 301:Task/Task_BlackBox.c ****         osSemaphoreRelease(BlackBox_Sem);
 278              		.loc 1 301 14 is_stmt 0 view .LVU58
 279 0042 0E4B     		ldr	r3, .L25
 280 0044 DB69     		ldr	r3, [r3, #28]
 301:Task/Task_BlackBox.c ****         osSemaphoreRelease(BlackBox_Sem);
 281              		.loc 1 301 9 view .LVU59
 282 0046 92B2     		uxth	r2, r2
 283 0048 0E49     		ldr	r1, .L25+8
 284 004a 496D     		ldr	r1, [r1, #84]
 285 004c 0C48     		ldr	r0, .L25+4
 286 004e 9847     		blx	r3
 287              	.LVL19:
 302:Task/Task_BlackBox.c ****     }
 288              		.loc 1 302 9 is_stmt 1 view .LVU60
 289 0050 0D4B     		ldr	r3, .L25+12
 290 0052 1868     		ldr	r0, [r3]
 291 0054 FFF7FEFF 		bl	osSemaphoreRelease
 292              	.LVL20:
 293              	.L22:
 305:Task/Task_BlackBox.c ****         Queue.push(&BlackBox_Queue, p_data + offset, size - offset);
 294              		.loc 1 305 5 view .LVU61
 305:Task/Task_BlackBox.c ****         Queue.push(&BlackBox_Queue, p_data + offset, size - offset);
 295              		.loc 1 305 8 is_stmt 0 view .LVU62
 296 0058 36B1     		cbz	r6, .L19
 306:Task/Task_BlackBox.c **** }
 297              		.loc 1 306 9 is_stmt 1 view .LVU63
 306:Task/Task_BlackBox.c **** }
 298              		.loc 1 306 14 is_stmt 0 view .LVU64
 299 005a 084B     		ldr	r3, .L25
 300 005c 9B69     		ldr	r3, [r3, #24]
 306:Task/Task_BlackBox.c **** }
 301              		.loc 1 306 9 view .LVU65
 302 005e A21B     		subs	r2, r4, r6
 303 0060 92B2     		uxth	r2, r2
 304 0062 A919     		adds	r1, r5, r6
 305 0064 0648     		ldr	r0, .L25+4
 306 0066 9847     		blx	r3
 307              	.LVL21:
 308              	.L19:
 307:Task/Task_BlackBox.c **** 
 309              		.loc 1 307 1 view .LVU66
ARM GAS  C:\Users\HUAV\AppData\Local\Temp\ccYocD5a.s 			page 23


 310 0068 03B0     		add	sp, sp, #12
 311              	.LCFI2:
 312              		.cfi_remember_state
 313              		.cfi_def_cfa_offset 20
 314              		@ sp needed
 315 006a F0BD     		pop	{r4, r5, r6, r7, pc}
 316              	.LVL22:
 317              	.L20:
 318              	.LCFI3:
 319              		.cfi_restore_state
 297:Task/Task_BlackBox.c **** 
 320              		.loc 1 297 9 is_stmt 1 view .LVU67
 297:Task/Task_BlackBox.c **** 
 321              		.loc 1 297 14 is_stmt 0 view .LVU68
 322 006c 034B     		ldr	r3, .L25
 323 006e 9B69     		ldr	r3, [r3, #24]
 297:Task/Task_BlackBox.c **** 
 324              		.loc 1 297 9 view .LVU69
 325 0070 2246     		mov	r2, r4
 326 0072 2946     		mov	r1, r5
 327 0074 0248     		ldr	r0, .L25+4
 328              	.LVL23:
 297:Task/Task_BlackBox.c **** 
 329              		.loc 1 297 9 view .LVU70
 330 0076 9847     		blx	r3
 331              	.LVL24:
 288:Task/Task_BlackBox.c ****     uint32_t Queue_remain = Queue.remain(BlackBox_Queue);
 332              		.loc 1 288 14 view .LVU71
 333 0078 0026     		movs	r6, #0
 334 007a D6E7     		b	.L21
 335              	.L26:
 336              		.align	2
 337              	.L25:
 338 007c 00000000 		.word	Queue
 339 0080 00000000 		.word	.LANCHOR1
 340 0084 00000000 		.word	.LANCHOR0
 341 0088 00000000 		.word	.LANCHOR2
 342              		.cfi_endproc
 343              	.LFE152:
 345              		.section	.text.TaskBlackBox_PipeTransFinish_Callback,"ax",%progbits
 346              		.align	1
 347              		.syntax unified
 348              		.thumb
 349              		.thumb_func
 351              	TaskBlackBox_PipeTransFinish_Callback:
 352              	.LVL25:
 353              	.LFB153:
 310:Task/Task_BlackBox.c ****     static BlackBox_IMUData_TypeDef  imu_data;
 354              		.loc 1 310 1 is_stmt 1 view -0
 355              		.cfi_startproc
 356              		@ args = 0, pretend = 0, frame = 8
 357              		@ frame_needed = 0, uses_anonymous_args = 0
 310:Task/Task_BlackBox.c ****     static BlackBox_IMUData_TypeDef  imu_data;
 358              		.loc 1 310 1 is_stmt 0 view .LVU73
 359 0000 2DE9F041 		push	{r4, r5, r6, r7, r8, lr}
 360              	.LCFI4:
 361              		.cfi_def_cfa_offset 24
ARM GAS  C:\Users\HUAV\AppData\Local\Temp\ccYocD5a.s 			page 24


 362              		.cfi_offset 4, -24
 363              		.cfi_offset 5, -20
 364              		.cfi_offset 6, -16
 365              		.cfi_offset 7, -12
 366              		.cfi_offset 8, -8
 367              		.cfi_offset 14, -4
 368 0004 82B0     		sub	sp, sp, #8
 369              	.LCFI5:
 370              		.cfi_def_cfa_offset 32
 311:Task/Task_BlackBox.c ****     static BlackBox_BaroData_TypeDef baro_data;
 371              		.loc 1 311 5 is_stmt 1 view .LVU74
 312:Task/Task_BlackBox.c ****     static BlackBox_AttAltData_TypeDef att_alt_data;
 372              		.loc 1 312 5 view .LVU75
 313:Task/Task_BlackBox.c ****     static BlackBox_AngCtlData_TypeDef ang_ctl_data;
 373              		.loc 1 313 5 view .LVU76
 314:Task/Task_BlackBox.c ****     static BlackBox_AttCtlData_TypeDef att_ctl_data;
 374              		.loc 1 314 5 view .LVU77
 315:Task/Task_BlackBox.c ****     static BlackBox_LogState_List lst_state;
 375              		.loc 1 315 5 view .LVU78
 316:Task/Task_BlackBox.c ****     static bool alt_update = false;
 376              		.loc 1 316 5 view .LVU79
 317:Task/Task_BlackBox.c ****     static bool att_update = false;
 377              		.loc 1 317 5 view .LVU80
 318:Task/Task_BlackBox.c ****     static bool imu_update = false;
 378              		.loc 1 318 5 view .LVU81
 319:Task/Task_BlackBox.c ****     static bool ctl_update = false;
 379              		.loc 1 319 5 view .LVU82
 320:Task/Task_BlackBox.c ****     BlackBox_DataHeader_TypeDef blackbox_header;
 380              		.loc 1 320 5 view .LVU83
 321:Task/Task_BlackBox.c ****     BlackBox_DataEnder_TypeDef blackbox_ender;
 381              		.loc 1 321 5 view .LVU84
 322:Task/Task_BlackBox.c ****     uint8_t check_sum = 0;
 382              		.loc 1 322 5 view .LVU85
 323:Task/Task_BlackBox.c ****     uint8_t i = 0;
 383              		.loc 1 323 5 view .LVU86
 384              	.LVL26:
 324:Task/Task_BlackBox.c **** 
 385              		.loc 1 324 5 view .LVU87
 326:Task/Task_BlackBox.c ****     memset(&blackbox_ender,  0, BLACKBOX_ENDER_SIZE);
 386              		.loc 1 326 5 view .LVU88
 387 0006 0023     		movs	r3, #0
 388 0008 0193     		str	r3, [sp, #4]
 327:Task/Task_BlackBox.c **** 
 389              		.loc 1 327 5 view .LVU89
 390 000a ADF80030 		strh	r3, [sp]	@ movhi
 391 000e 8DF80230 		strb	r3, [sp, #2]
 329:Task/Task_BlackBox.c ****     blackbox_ender.ender   = BLACKBOX_LOG_ENDER;
 392              		.loc 1 329 5 view .LVU90
 329:Task/Task_BlackBox.c ****     blackbox_ender.ender   = BLACKBOX_LOG_ENDER;
 393              		.loc 1 329 28 is_stmt 0 view .LVU91
 394 0012 4EF21E13 		movw	r3, #57630
 395 0016 ADF80430 		strh	r3, [sp, #4]	@ movhi
 330:Task/Task_BlackBox.c **** 
 396              		.loc 1 330 5 is_stmt 1 view .LVU92
 330:Task/Task_BlackBox.c **** 
 397              		.loc 1 330 28 is_stmt 0 view .LVU93
 398 001a 2F23     		movs	r3, #47
ARM GAS  C:\Users\HUAV\AppData\Local\Temp\ccYocD5a.s 			page 25


 399 001c 8DF80130 		strb	r3, [sp, #1]
 400 0020 6FF00D03 		mvn	r3, #13
 401 0024 8DF80230 		strb	r3, [sp, #2]
 332:Task/Task_BlackBox.c ****         return;
 402              		.loc 1 332 5 is_stmt 1 view .LVU94
 332:Task/Task_BlackBox.c ****         return;
 403              		.loc 1 332 17 is_stmt 0 view .LVU95
 404 0028 A94B     		ldr	r3, .L53
 405 002a 93F84830 		ldrb	r3, [r3, #72]	@ zero_extendqisi2
 332:Task/Task_BlackBox.c ****         return;
 406              		.loc 1 332 8 view .LVU96
 407 002e 83B1     		cbz	r3, .L27
 408 0030 0246     		mov	r2, r0
 332:Task/Task_BlackBox.c ****         return;
 409              		.loc 1 332 60 discriminator 1 view .LVU97
 410 0032 A749     		ldr	r1, .L53
 411 0034 4978     		ldrb	r1, [r1, #1]	@ zero_extendqisi2
 332:Task/Task_BlackBox.c ****         return;
 412              		.loc 1 332 49 discriminator 1 view .LVU98
 413 0036 61B1     		cbz	r1, .L27
 335:Task/Task_BlackBox.c ****     {
 414              		.loc 1 335 5 is_stmt 1 view .LVU99
 335:Task/Task_BlackBox.c ****     {
 415              		.loc 1 335 19 is_stmt 0 view .LVU100
 416 0038 A649     		ldr	r1, .L53+4
 417 003a 0978     		ldrb	r1, [r1]	@ zero_extendqisi2
 335:Task/Task_BlackBox.c ****     {
 418              		.loc 1 335 8 view .LVU101
 419 003c 0129     		cmp	r1, #1
 420 003e 0BD0     		beq	.L45
 501:Task/Task_BlackBox.c ****             osSemaphoreRelease(BlackBox_Sem);
 421              		.loc 1 501 9 is_stmt 1 view .LVU102
 501:Task/Task_BlackBox.c ****             osSemaphoreRelease(BlackBox_Sem);
 422              		.loc 1 501 20 is_stmt 0 view .LVU103
 423 0040 A34B     		ldr	r3, .L53
 424 0042 1B78     		ldrb	r3, [r3]	@ zero_extendqisi2
 501:Task/Task_BlackBox.c ****             osSemaphoreRelease(BlackBox_Sem);
 425              		.loc 1 501 12 view .LVU104
 426 0044 022B     		cmp	r3, #2
 427 0046 00F00682 		beq	.L46
 428              	.LVL27:
 429              	.L41:
 505:Task/Task_BlackBox.c **** }
 430              		.loc 1 505 5 is_stmt 1 discriminator 1 view .LVU105
 505:Task/Task_BlackBox.c **** }
 431              		.loc 1 505 24 is_stmt 0 discriminator 1 view .LVU106
 432 004a A14B     		ldr	r3, .L53
 433 004c 1A78     		ldrb	r2, [r3]	@ zero_extendqisi2
 505:Task/Task_BlackBox.c **** }
 434              		.loc 1 505 15 discriminator 1 view .LVU107
 435 004e A14B     		ldr	r3, .L53+4
 436 0050 1A70     		strb	r2, [r3]
 437              	.L27:
 506:Task/Task_BlackBox.c **** 
 438              		.loc 1 506 1 view .LVU108
 439 0052 02B0     		add	sp, sp, #8
 440              	.LCFI6:
ARM GAS  C:\Users\HUAV\AppData\Local\Temp\ccYocD5a.s 			page 26


 441              		.cfi_remember_state
 442              		.cfi_def_cfa_offset 24
 443              		@ sp needed
 444 0054 BDE8F081 		pop	{r4, r5, r6, r7, r8, pc}
 445              	.LVL28:
 446              	.L45:
 447              	.LCFI7:
 448              		.cfi_restore_state
 338:Task/Task_BlackBox.c ****         {
 449              		.loc 1 338 9 is_stmt 1 view .LVU109
 338:Task/Task_BlackBox.c ****         {
 450              		.loc 1 338 12 is_stmt 0 view .LVU110
 451 0058 9F49     		ldr	r1, .L53+8
 452 005a 8842     		cmp	r0, r1
 453 005c 54D0     		beq	.L47
 354:Task/Task_BlackBox.c ****         {
 454              		.loc 1 354 14 is_stmt 1 view .LVU111
 354:Task/Task_BlackBox.c ****         {
 455              		.loc 1 354 17 is_stmt 0 view .LVU112
 456 005e 9F49     		ldr	r1, .L53+12
 457 0060 8842     		cmp	r0, r1
 458 0062 00F0F580 		beq	.L48
 360:Task/Task_BlackBox.c ****         {
 459              		.loc 1 360 14 is_stmt 1 view .LVU113
 360:Task/Task_BlackBox.c ****         {
 460              		.loc 1 360 17 is_stmt 0 view .LVU114
 461 0066 9E49     		ldr	r1, .L53+16
 462 0068 8842     		cmp	r0, r1
 463 006a 00F0FB80 		beq	.L37
 360:Task/Task_BlackBox.c ****         {
 464              		.loc 1 360 50 discriminator 1 view .LVU115
 465 006e 9D49     		ldr	r1, .L53+20
 466 0070 8842     		cmp	r0, r1
 467 0072 00F0F780 		beq	.L37
 388:Task/Task_BlackBox.c ****         {
 468              		.loc 1 388 14 is_stmt 1 view .LVU116
 388:Task/Task_BlackBox.c ****         {
 469              		.loc 1 388 17 is_stmt 0 view .LVU117
 470 0076 9C49     		ldr	r1, .L53+24
 471 0078 8842     		cmp	r0, r1
 472 007a 40F0A480 		bne	.L35
 390:Task/Task_BlackBox.c ****             baro_data.throttle_percent = DataPipe_DataObj(LogCtl_Data).throttle_percent;
 473              		.loc 1 390 13 is_stmt 1 view .LVU118
 390:Task/Task_BlackBox.c ****             baro_data.throttle_percent = DataPipe_DataObj(LogCtl_Data).throttle_percent;
 474              		.loc 1 390 70 is_stmt 0 view .LVU119
 475 007e 9B48     		ldr	r0, .L53+28
 476              	.LVL29:
 390:Task/Task_BlackBox.c ****             baro_data.throttle_percent = DataPipe_DataObj(LogCtl_Data).throttle_percent;
 477              		.loc 1 390 70 view .LVU120
 478 0080 90F8AB40 		ldrb	r4, [r0, #171]	@ zero_extendqisi2
 390:Task/Task_BlackBox.c ****             baro_data.throttle_percent = DataPipe_DataObj(LogCtl_Data).throttle_percent;
 479              		.loc 1 390 39 view .LVU121
 480 0084 9A49     		ldr	r1, .L53+32
 481 0086 81F82540 		strb	r4, [r1, #37]
 391:Task/Task_BlackBox.c **** 
 482              		.loc 1 391 13 is_stmt 1 view .LVU122
 391:Task/Task_BlackBox.c **** 
ARM GAS  C:\Users\HUAV\AppData\Local\Temp\ccYocD5a.s 			page 27


 483              		.loc 1 391 40 is_stmt 0 view .LVU123
 484 008a 9A4A     		ldr	r2, .L53+36
 485              	.LVL30:
 391:Task/Task_BlackBox.c **** 
 486              		.loc 1 391 40 view .LVU124
 487 008c 1473     		strb	r4, [r2, #12]
 408:Task/Task_BlackBox.c ****                 ang_ctl_data.throttle_percent = DataPipe_DataObj(LogCtl_Data).throttle_percent;
 488              		.loc 1 408 17 is_stmt 1 view .LVU125
 408:Task/Task_BlackBox.c ****                 ang_ctl_data.throttle_percent = DataPipe_DataObj(LogCtl_Data).throttle_percent;
 489              		.loc 1 408 66 is_stmt 0 view .LVU126
 490 008e D0F8A450 		ldr	r5, [r0, #164]
 408:Task/Task_BlackBox.c ****                 ang_ctl_data.throttle_percent = DataPipe_DataObj(LogCtl_Data).throttle_percent;
 491              		.loc 1 408 35 view .LVU127
 492 0092 994A     		ldr	r2, .L53+40
 493 0094 1560     		str	r5, [r2]
 409:Task/Task_BlackBox.c ****                 ang_ctl_data.e_gyr[Axis_X] = DataPipe_DataObj(LogCtl_Data).gyr_x;
 494              		.loc 1 409 17 is_stmt 1 view .LVU128
 409:Task/Task_BlackBox.c ****                 ang_ctl_data.e_gyr[Axis_X] = DataPipe_DataObj(LogCtl_Data).gyr_x;
 495              		.loc 1 409 47 is_stmt 0 view .LVU129
 496 0096 1471     		strb	r4, [r2, #4]
 410:Task/Task_BlackBox.c ****                 ang_ctl_data.e_gyr[Axis_Y] = DataPipe_DataObj(LogCtl_Data).gyr_y;
 497              		.loc 1 410 17 is_stmt 1 view .LVU130
 410:Task/Task_BlackBox.c ****                 ang_ctl_data.e_gyr[Axis_Y] = DataPipe_DataObj(LogCtl_Data).gyr_y;
 498              		.loc 1 410 44 is_stmt 0 view .LVU131
 499 0098 D0F8B440 		ldr	r4, [r0, #180]	@ float
 500 009c C2F81140 		str	r4, [r2, #17]	@ unaligned
 411:Task/Task_BlackBox.c ****                 ang_ctl_data.e_gyr[Axis_Z] = DataPipe_DataObj(LogCtl_Data).gyr_z;
 501              		.loc 1 411 17 is_stmt 1 view .LVU132
 411:Task/Task_BlackBox.c ****                 ang_ctl_data.e_gyr[Axis_Z] = DataPipe_DataObj(LogCtl_Data).gyr_z;
 502              		.loc 1 411 44 is_stmt 0 view .LVU133
 503 00a0 D0F8B840 		ldr	r4, [r0, #184]	@ float
 504 00a4 C2F81540 		str	r4, [r2, #21]	@ unaligned
 412:Task/Task_BlackBox.c ****                 ang_ctl_data.m_gyr[Axis_X] = imu_data.flt_gyr[Axis_X] / imu_data.gyr_scale;
 505              		.loc 1 412 17 is_stmt 1 view .LVU134
 412:Task/Task_BlackBox.c ****                 ang_ctl_data.m_gyr[Axis_X] = imu_data.flt_gyr[Axis_X] / imu_data.gyr_scale;
 506              		.loc 1 412 44 is_stmt 0 view .LVU135
 507 00a8 D0F8BC00 		ldr	r0, [r0, #188]	@ float
 508 00ac C2F81900 		str	r0, [r2, #25]	@ unaligned
 413:Task/Task_BlackBox.c ****                 ang_ctl_data.m_gyr[Axis_Y] = imu_data.flt_gyr[Axis_Y] / imu_data.gyr_scale;
 509              		.loc 1 413 17 is_stmt 1 view .LVU136
 413:Task/Task_BlackBox.c ****                 ang_ctl_data.m_gyr[Axis_Y] = imu_data.flt_gyr[Axis_Y] / imu_data.gyr_scale;
 510              		.loc 1 413 62 is_stmt 0 view .LVU137
 511 00b0 B1F91F00 		ldrsh	r0, [r1, #31]	@ unaligned
 512 00b4 07EE100A 		vmov	s14, r0	@ int
 413:Task/Task_BlackBox.c ****                 ang_ctl_data.m_gyr[Axis_Y] = imu_data.flt_gyr[Axis_Y] / imu_data.gyr_scale;
 513              		.loc 1 413 81 view .LVU138
 514 00b8 D1F80900 		ldr	r0, [r1, #9]	@ unaligned
 515 00bc 07EE900A 		vmov	s15, r0	@ int
 413:Task/Task_BlackBox.c ****                 ang_ctl_data.m_gyr[Axis_Y] = imu_data.flt_gyr[Axis_Y] / imu_data.gyr_scale;
 516              		.loc 1 413 71 view .LVU139
 517 00c0 B8EEC77A 		vcvt.f32.s32	s14, s14
 413:Task/Task_BlackBox.c ****                 ang_ctl_data.m_gyr[Axis_Y] = imu_data.flt_gyr[Axis_Y] / imu_data.gyr_scale;
 518              		.loc 1 413 44 view .LVU140
 519 00c4 87EE277A 		vdiv.f32	s14, s14, s15
 520 00c8 17EE100A 		vmov	r0, s14
 521 00cc C2F80500 		str	r0, [r2, #5]	@ unaligned
 414:Task/Task_BlackBox.c ****                 ang_ctl_data.m_gyr[Axis_Z] = imu_data.flt_gyr[Axis_Z] / imu_data.gyr_scale;
ARM GAS  C:\Users\HUAV\AppData\Local\Temp\ccYocD5a.s 			page 28


 522              		.loc 1 414 17 is_stmt 1 view .LVU141
 414:Task/Task_BlackBox.c ****                 ang_ctl_data.m_gyr[Axis_Z] = imu_data.flt_gyr[Axis_Z] / imu_data.gyr_scale;
 523              		.loc 1 414 62 is_stmt 0 view .LVU142
 524 00d0 B1F92100 		ldrsh	r0, [r1, #33]	@ unaligned
 525 00d4 07EE100A 		vmov	s14, r0	@ int
 414:Task/Task_BlackBox.c ****                 ang_ctl_data.m_gyr[Axis_Z] = imu_data.flt_gyr[Axis_Z] / imu_data.gyr_scale;
 526              		.loc 1 414 71 view .LVU143
 527 00d8 B8EEC77A 		vcvt.f32.s32	s14, s14
 414:Task/Task_BlackBox.c ****                 ang_ctl_data.m_gyr[Axis_Z] = imu_data.flt_gyr[Axis_Z] / imu_data.gyr_scale;
 528              		.loc 1 414 44 view .LVU144
 529 00dc 87EE277A 		vdiv.f32	s14, s14, s15
 530 00e0 17EE100A 		vmov	r0, s14
 531 00e4 C2F80900 		str	r0, [r2, #9]	@ unaligned
 415:Task/Task_BlackBox.c ****             }
 532              		.loc 1 415 17 is_stmt 1 view .LVU145
 415:Task/Task_BlackBox.c ****             }
 533              		.loc 1 415 62 is_stmt 0 view .LVU146
 534 00e8 B1F92310 		ldrsh	r1, [r1, #35]	@ unaligned
 535 00ec 07EE101A 		vmov	s14, r1	@ int
 415:Task/Task_BlackBox.c ****             }
 536              		.loc 1 415 71 view .LVU147
 537 00f0 B8EEC77A 		vcvt.f32.s32	s14, s14
 415:Task/Task_BlackBox.c ****             }
 538              		.loc 1 415 44 view .LVU148
 539 00f4 C7EE277A 		vdiv.f32	s15, s14, s15
 540 00f8 17EE901A 		vmov	r1, s15
 541 00fc C2F80D10 		str	r1, [r2, #13]	@ unaligned
 418:Task/Task_BlackBox.c ****         }
 542              		.loc 1 418 13 is_stmt 1 view .LVU149
 418:Task/Task_BlackBox.c ****         }
 543              		.loc 1 418 24 is_stmt 0 view .LVU150
 544 0100 7E4A     		ldr	r2, .L53+44
 545 0102 0121     		movs	r1, #1
 546 0104 1170     		strb	r1, [r2]
 547 0106 5EE0     		b	.L35
 548              	.LVL31:
 549              	.L47:
 340:Task/Task_BlackBox.c ****             imu_data.gyr_scale = DataPipe_DataObj(LogImu_Data).data.gyr_scale;
 550              		.loc 1 340 13 is_stmt 1 view .LVU151
 340:Task/Task_BlackBox.c ****             imu_data.gyr_scale = DataPipe_DataObj(LogImu_Data).data.gyr_scale;
 551              		.loc 1 340 68 is_stmt 0 view .LVU152
 552 0108 7849     		ldr	r1, .L53+28
 553 010a D1ED126A 		vldr.32	s13, [r1, #72]
 340:Task/Task_BlackBox.c ****             imu_data.gyr_scale = DataPipe_DataObj(LogImu_Data).data.gyr_scale;
 554              		.loc 1 340 32 view .LVU153
 555 010e 784A     		ldr	r2, .L53+32
 556 0110 16EE900A 		vmov	r0, s13
 557              	.LVL32:
 340:Task/Task_BlackBox.c ****             imu_data.gyr_scale = DataPipe_DataObj(LogImu_Data).data.gyr_scale;
 558              		.loc 1 340 32 view .LVU154
 559 0114 C2F80500 		str	r0, [r2, #5]	@ unaligned
 341:Task/Task_BlackBox.c ****             for (i = Axis_X; i < Axis_Sum; i++)
 560              		.loc 1 341 13 is_stmt 1 view .LVU155
 341:Task/Task_BlackBox.c ****             for (i = Axis_X; i < Axis_Sum; i++)
 561              		.loc 1 341 68 is_stmt 0 view .LVU156
 562 0118 91ED137A 		vldr.32	s14, [r1, #76]
 341:Task/Task_BlackBox.c ****             for (i = Axis_X; i < Axis_Sum; i++)
ARM GAS  C:\Users\HUAV\AppData\Local\Temp\ccYocD5a.s 			page 29


 563              		.loc 1 341 32 view .LVU157
 564 011c 17EE101A 		vmov	r1, s14
 565 0120 C2F80910 		str	r1, [r2, #9]	@ unaligned
 342:Task/Task_BlackBox.c ****             {
 566              		.loc 1 342 13 is_stmt 1 view .LVU158
 342:Task/Task_BlackBox.c ****             {
 567              		.loc 1 342 20 is_stmt 0 view .LVU159
 568 0124 0022     		movs	r2, #0
 342:Task/Task_BlackBox.c ****             {
 569              		.loc 1 342 13 view .LVU160
 570 0126 43E0     		b	.L33
 571              	.LVL33:
 572              	.L34:
 344:Task/Task_BlackBox.c ****                 imu_data.org_gyr[i] = (int16_t)(DataPipe_DataObj(LogImu_Data).data.org_gyr[i] * imu
 573              		.loc 1 344 17 is_stmt 1 discriminator 3 view .LVU161
 344:Task/Task_BlackBox.c ****                 imu_data.org_gyr[i] = (int16_t)(DataPipe_DataObj(LogImu_Data).data.org_gyr[i] * imu
 574              		.loc 1 344 91 is_stmt 0 discriminator 3 view .LVU162
 575 0128 7049     		ldr	r1, .L53+28
 576 012a 02F1040E 		add	lr, r2, #4
 577 012e 01EB8E00 		add	r0, r1, lr, lsl #2
 578 0132 D0ED007A 		vldr.32	s15, [r0]
 344:Task/Task_BlackBox.c ****                 imu_data.org_gyr[i] = (int16_t)(DataPipe_DataObj(LogImu_Data).data.org_gyr[i] * imu
 579              		.loc 1 344 95 discriminator 3 view .LVU163
 580 0136 67EE277A 		vmul.f32	s15, s14, s15
 344:Task/Task_BlackBox.c ****                 imu_data.org_gyr[i] = (int16_t)(DataPipe_DataObj(LogImu_Data).data.org_gyr[i] * imu
 581              		.loc 1 344 39 discriminator 3 view .LVU164
 582 013a FDEEE77A 		vcvt.s32.f32	s15, s15
 344:Task/Task_BlackBox.c ****                 imu_data.org_gyr[i] = (int16_t)(DataPipe_DataObj(LogImu_Data).data.org_gyr[i] * imu
 583              		.loc 1 344 37 discriminator 3 view .LVU165
 584 013e 6C48     		ldr	r0, .L53+32
 585 0140 02F10C04 		add	r4, r2, #12
 586 0144 00EB4405 		add	r5, r0, r4, lsl #1
 587 0148 17EE906A 		vmov	r6, s15	@ int
 588 014c A5F80760 		strh	r6, [r5, #7]	@ unaligned
 345:Task/Task_BlackBox.c ****             
 589              		.loc 1 345 17 is_stmt 1 discriminator 3 view .LVU166
 345:Task/Task_BlackBox.c ****             
 590              		.loc 1 345 91 is_stmt 0 discriminator 3 view .LVU167
 591 0150 02F10A0C 		add	ip, r2, #10
 592 0154 01EB8C0C 		add	ip, r1, ip, lsl #2
 593 0158 DCED007A 		vldr.32	s15, [ip]
 345:Task/Task_BlackBox.c ****             
 594              		.loc 1 345 95 discriminator 3 view .LVU168
 595 015c 67EE277A 		vmul.f32	s15, s14, s15
 345:Task/Task_BlackBox.c ****             
 596              		.loc 1 345 39 discriminator 3 view .LVU169
 597 0160 FDEEE77A 		vcvt.s32.f32	s15, s15
 345:Task/Task_BlackBox.c ****             
 598              		.loc 1 345 37 discriminator 3 view .LVU170
 599 0164 02F1080C 		add	ip, r2, #8
 600 0168 00EB4C0C 		add	ip, r0, ip, lsl #1
 601 016c 17EE906A 		vmov	r6, s15	@ int
 602 0170 ACF80360 		strh	r6, [ip, #3]	@ unaligned
 347:Task/Task_BlackBox.c ****                 imu_data.org_acc[i] = (int16_t)(DataPipe_DataObj(LogImu_Data).data.org_acc[i] * imu
 603              		.loc 1 347 17 is_stmt 1 discriminator 3 view .LVU171
 347:Task/Task_BlackBox.c ****                 imu_data.org_acc[i] = (int16_t)(DataPipe_DataObj(LogImu_Data).data.org_acc[i] * imu
 604              		.loc 1 347 91 is_stmt 0 discriminator 3 view .LVU172
ARM GAS  C:\Users\HUAV\AppData\Local\Temp\ccYocD5a.s 			page 30


 605 0174 02F1060C 		add	ip, r2, #6
 606 0178 01EB8C0C 		add	ip, r1, ip, lsl #2
 607 017c DCED017A 		vldr.32	s15, [ip, #4]
 347:Task/Task_BlackBox.c ****                 imu_data.org_acc[i] = (int16_t)(DataPipe_DataObj(LogImu_Data).data.org_acc[i] * imu
 608              		.loc 1 347 95 discriminator 3 view .LVU173
 609 0180 66EEA77A 		vmul.f32	s15, s13, s15
 347:Task/Task_BlackBox.c ****                 imu_data.org_acc[i] = (int16_t)(DataPipe_DataObj(LogImu_Data).data.org_acc[i] * imu
 610              		.loc 1 347 39 discriminator 3 view .LVU174
 611 0184 FDEEE77A 		vcvt.s32.f32	s15, s15
 347:Task/Task_BlackBox.c ****                 imu_data.org_acc[i] = (int16_t)(DataPipe_DataObj(LogImu_Data).data.org_acc[i] * imu
 612              		.loc 1 347 37 discriminator 3 view .LVU175
 613 0188 17EE906A 		vmov	r6, s15	@ int
 614 018c A5F80160 		strh	r6, [r5, #1]	@ unaligned
 348:Task/Task_BlackBox.c ****             }
 615              		.loc 1 348 17 is_stmt 1 discriminator 3 view .LVU176
 348:Task/Task_BlackBox.c ****             }
 616              		.loc 1 348 91 is_stmt 0 discriminator 3 view .LVU177
 617 0190 01EB8401 		add	r1, r1, r4, lsl #2
 618 0194 D1ED017A 		vldr.32	s15, [r1, #4]
 348:Task/Task_BlackBox.c ****             }
 619              		.loc 1 348 95 discriminator 3 view .LVU178
 620 0198 66EEA77A 		vmul.f32	s15, s13, s15
 348:Task/Task_BlackBox.c ****             }
 621              		.loc 1 348 39 discriminator 3 view .LVU179
 622 019c FDEEE77A 		vcvt.s32.f32	s15, s15
 348:Task/Task_BlackBox.c ****             }
 623              		.loc 1 348 37 discriminator 3 view .LVU180
 624 01a0 00EB4E00 		add	r0, r0, lr, lsl #1
 625 01a4 17EE901A 		vmov	r1, s15	@ int
 626 01a8 A0F80510 		strh	r1, [r0, #5]	@ unaligned
 342:Task/Task_BlackBox.c ****             {
 627              		.loc 1 342 44 is_stmt 1 discriminator 3 view .LVU181
 342:Task/Task_BlackBox.c ****             {
 628              		.loc 1 342 45 is_stmt 0 discriminator 3 view .LVU182
 629 01ac 0132     		adds	r2, r2, #1
 630              	.LVL34:
 342:Task/Task_BlackBox.c ****             {
 631              		.loc 1 342 45 discriminator 3 view .LVU183
 632 01ae D2B2     		uxtb	r2, r2
 633              	.LVL35:
 634              	.L33:
 342:Task/Task_BlackBox.c ****             {
 635              		.loc 1 342 30 is_stmt 1 discriminator 1 view .LVU184
 342:Task/Task_BlackBox.c ****             {
 636              		.loc 1 342 13 is_stmt 0 discriminator 1 view .LVU185
 637 01b0 022A     		cmp	r2, #2
 638 01b2 B9D9     		bls	.L34
 350:Task/Task_BlackBox.c ****             imu_data.cyc  = DataPipe_DataObj(LogImu_Data).data.cycle_cnt;
 639              		.loc 1 350 13 is_stmt 1 view .LVU186
 350:Task/Task_BlackBox.c ****             imu_data.cyc  = DataPipe_DataObj(LogImu_Data).data.cycle_cnt;
 640              		.loc 1 350 63 is_stmt 0 view .LVU187
 641 01b4 4D49     		ldr	r1, .L53+28
 642 01b6 0868     		ldr	r0, [r1]
 350:Task/Task_BlackBox.c ****             imu_data.cyc  = DataPipe_DataObj(LogImu_Data).data.cycle_cnt;
 643              		.loc 1 350 27 view .LVU188
 644 01b8 4D4A     		ldr	r2, .L53+32
 645              	.LVL36:
ARM GAS  C:\Users\HUAV\AppData\Local\Temp\ccYocD5a.s 			page 31


 350:Task/Task_BlackBox.c ****             imu_data.cyc  = DataPipe_DataObj(LogImu_Data).data.cycle_cnt;
 646              		.loc 1 350 27 view .LVU189
 647 01ba 1060     		str	r0, [r2]
 351:Task/Task_BlackBox.c ****             imu_update = true;
 648              		.loc 1 351 13 is_stmt 1 view .LVU190
 351:Task/Task_BlackBox.c ****             imu_update = true;
 649              		.loc 1 351 63 is_stmt 0 view .LVU191
 650 01bc 4968     		ldr	r1, [r1, #4]
 351:Task/Task_BlackBox.c ****             imu_update = true;
 651              		.loc 1 351 27 view .LVU192
 652 01be 1171     		strb	r1, [r2, #4]
 352:Task/Task_BlackBox.c ****         }
 653              		.loc 1 352 13 is_stmt 1 view .LVU193
 352:Task/Task_BlackBox.c ****         }
 654              		.loc 1 352 24 is_stmt 0 view .LVU194
 655 01c0 4F4A     		ldr	r2, .L53+48
 656 01c2 0121     		movs	r1, #1
 657 01c4 1170     		strb	r1, [r2]
 658              	.L35:
 422:Task/Task_BlackBox.c ****         {
 659              		.loc 1 422 9 is_stmt 1 view .LVU195
 422:Task/Task_BlackBox.c ****         {
 660              		.loc 1 422 12 is_stmt 0 view .LVU196
 661 01c6 012B     		cmp	r3, #1
 662 01c8 00F0A480 		beq	.L49
 663              	.L40:
 440:Task/Task_BlackBox.c ****         {
 664              		.loc 1 440 14 is_stmt 1 view .LVU197
 440:Task/Task_BlackBox.c ****         {
 665              		.loc 1 440 17 is_stmt 0 view .LVU198
 666 01cc 022B     		cmp	r3, #2
 667 01ce 00F0D080 		beq	.L50
 668              	.L42:
 459:Task/Task_BlackBox.c ****         {
 669              		.loc 1 459 14 is_stmt 1 view .LVU199
 459:Task/Task_BlackBox.c ****         {
 670              		.loc 1 459 17 is_stmt 0 view .LVU200
 671 01d2 032B     		cmp	r3, #3
 672 01d4 00F00881 		beq	.L51
 673              	.L43:
 477:Task/Task_BlackBox.c ****         {
 674              		.loc 1 477 14 is_stmt 1 view .LVU201
 477:Task/Task_BlackBox.c ****         {
 675              		.loc 1 477 17 is_stmt 0 view .LVU202
 676 01d8 042B     		cmp	r3, #4
 677 01da 7FF436AF 		bne	.L41
 477:Task/Task_BlackBox.c ****         {
 678              		.loc 1 477 81 discriminator 1 view .LVU203
 679 01de 484B     		ldr	r3, .L53+48
 680 01e0 1A78     		ldrb	r2, [r3]	@ zero_extendqisi2
 681 01e2 464B     		ldr	r3, .L53+44
 682 01e4 1B78     		ldrb	r3, [r3]	@ zero_extendqisi2
 477:Task/Task_BlackBox.c ****         {
 683              		.loc 1 477 94 discriminator 1 view .LVU204
 684 01e6 4749     		ldr	r1, .L53+52
 685 01e8 0978     		ldrb	r1, [r1]	@ zero_extendqisi2
 477:Task/Task_BlackBox.c ****         {
ARM GAS  C:\Users\HUAV\AppData\Local\Temp\ccYocD5a.s 			page 32


 686              		.loc 1 477 66 discriminator 1 view .LVU205
 687 01ea 1A42     		tst	r2, r3
 688 01ec 3FF42DAF 		beq	.L41
 689 01f0 0029     		cmp	r1, #0
 690 01f2 3FF42AAF 		beq	.L41
 479:Task/Task_BlackBox.c ****             Monitor.ctl_att_log.byte_size += BLACKBOX_HEADER_SIZE;
 691              		.loc 1 479 13 is_stmt 1 view .LVU206
 479:Task/Task_BlackBox.c ****             Monitor.ctl_att_log.byte_size += BLACKBOX_HEADER_SIZE;
 692              		.loc 1 479 32 is_stmt 0 view .LVU207
 693 01f6 364C     		ldr	r4, .L53
 694 01f8 A36F     		ldr	r3, [r4, #120]
 479:Task/Task_BlackBox.c ****             Monitor.ctl_att_log.byte_size += BLACKBOX_HEADER_SIZE;
 695              		.loc 1 479 37 view .LVU208
 696 01fa 0133     		adds	r3, r3, #1
 697 01fc A367     		str	r3, [r4, #120]
 480:Task/Task_BlackBox.c ****             blackbox_header.type = BlackBox_AttitudePID_Tune;
 698              		.loc 1 480 13 is_stmt 1 view .LVU209
 480:Task/Task_BlackBox.c ****             blackbox_header.type = BlackBox_AttitudePID_Tune;
 699              		.loc 1 480 43 is_stmt 0 view .LVU210
 700 01fe E36F     		ldr	r3, [r4, #124]
 701 0200 0433     		adds	r3, r3, #4
 702 0202 E367     		str	r3, [r4, #124]
 481:Task/Task_BlackBox.c ****             blackbox_header.size = sizeof(BlackBox_AttCtlData_TypeDef);
 703              		.loc 1 481 13 is_stmt 1 view .LVU211
 481:Task/Task_BlackBox.c ****             blackbox_header.size = sizeof(BlackBox_AttCtlData_TypeDef);
 704              		.loc 1 481 34 is_stmt 0 view .LVU212
 705 0204 0421     		movs	r1, #4
 706 0206 8DF80610 		strb	r1, [sp, #6]
 482:Task/Task_BlackBox.c ****             TaskBlackBox_UpdateQueue((uint8_t *)&blackbox_header, BLACKBOX_HEADER_SIZE);
 707              		.loc 1 482 13 is_stmt 1 view .LVU213
 482:Task/Task_BlackBox.c ****             TaskBlackBox_UpdateQueue((uint8_t *)&blackbox_header, BLACKBOX_HEADER_SIZE);
 708              		.loc 1 482 34 is_stmt 0 view .LVU214
 709 020a 1D26     		movs	r6, #29
 710 020c 8DF80760 		strb	r6, [sp, #7]
 483:Task/Task_BlackBox.c **** 
 711              		.loc 1 483 13 is_stmt 1 view .LVU215
 712 0210 0DEB0100 		add	r0, sp, r1
 713 0214 FFF7FEFF 		bl	TaskBlackBox_UpdateQueue
 714              	.LVL37:
 485:Task/Task_BlackBox.c ****             Monitor.ctl_att_log.byte_size += sizeof(BlackBox_AttCtlData_TypeDef);
 715              		.loc 1 485 13 view .LVU216
 716 0218 3B4F     		ldr	r7, .L53+56
 717 021a 3146     		mov	r1, r6
 718 021c 3846     		mov	r0, r7
 719 021e FFF7FEFF 		bl	TaskBlackBox_UpdateQueue
 720              	.LVL38:
 486:Task/Task_BlackBox.c **** 
 721              		.loc 1 486 13 view .LVU217
 486:Task/Task_BlackBox.c **** 
 722              		.loc 1 486 43 is_stmt 0 view .LVU218
 723 0222 E56F     		ldr	r5, [r4, #124]
 724 0224 AB19     		adds	r3, r5, r6
 725 0226 E367     		str	r3, [r4, #124]
 488:Task/Task_BlackBox.c ****             blackbox_ender.check_sum = check_sum;
 726              		.loc 1 488 13 is_stmt 1 view .LVU219
 488:Task/Task_BlackBox.c ****             blackbox_ender.check_sum = check_sum;
 727              		.loc 1 488 25 is_stmt 0 view .LVU220
ARM GAS  C:\Users\HUAV\AppData\Local\Temp\ccYocD5a.s 			page 33


 728 0228 3146     		mov	r1, r6
 729 022a 3846     		mov	r0, r7
 730 022c FFF7FEFF 		bl	TaskBlackBox_Get_CheckSum
 731              	.LVL39:
 489:Task/Task_BlackBox.c ****             Monitor.ctl_att_log.byte_size += BLACKBOX_ENDER_SIZE;
 732              		.loc 1 489 13 is_stmt 1 view .LVU221
 489:Task/Task_BlackBox.c ****             Monitor.ctl_att_log.byte_size += BLACKBOX_ENDER_SIZE;
 733              		.loc 1 489 38 is_stmt 0 view .LVU222
 734 0230 8DF80000 		strb	r0, [sp]
 490:Task/Task_BlackBox.c ****             TaskBlackBox_UpdateQueue((uint8_t *)&blackbox_ender, BLACKBOX_ENDER_SIZE);
 735              		.loc 1 490 13 is_stmt 1 view .LVU223
 490:Task/Task_BlackBox.c ****             TaskBlackBox_UpdateQueue((uint8_t *)&blackbox_ender, BLACKBOX_ENDER_SIZE);
 736              		.loc 1 490 43 is_stmt 0 view .LVU224
 737 0234 2035     		adds	r5, r5, #32
 738 0236 E567     		str	r5, [r4, #124]
 491:Task/Task_BlackBox.c ****             imu_update = false;
 739              		.loc 1 491 13 is_stmt 1 view .LVU225
 740 0238 0321     		movs	r1, #3
 741 023a 6846     		mov	r0, sp
 742              	.LVL40:
 491:Task/Task_BlackBox.c ****             imu_update = false;
 743              		.loc 1 491 13 is_stmt 0 view .LVU226
 744 023c FFF7FEFF 		bl	TaskBlackBox_UpdateQueue
 745              	.LVL41:
 492:Task/Task_BlackBox.c ****             ctl_update = false;
 746              		.loc 1 492 13 is_stmt 1 view .LVU227
 492:Task/Task_BlackBox.c ****             ctl_update = false;
 747              		.loc 1 492 24 is_stmt 0 view .LVU228
 748 0240 0023     		movs	r3, #0
 749 0242 2F4A     		ldr	r2, .L53+48
 750 0244 1370     		strb	r3, [r2]
 493:Task/Task_BlackBox.c ****             att_update = false;
 751              		.loc 1 493 13 is_stmt 1 view .LVU229
 493:Task/Task_BlackBox.c ****             att_update = false;
 752              		.loc 1 493 24 is_stmt 0 view .LVU230
 753 0246 2D4A     		ldr	r2, .L53+44
 754 0248 1370     		strb	r3, [r2]
 494:Task/Task_BlackBox.c ****         }
 755              		.loc 1 494 13 is_stmt 1 view .LVU231
 494:Task/Task_BlackBox.c ****         }
 756              		.loc 1 494 24 is_stmt 0 view .LVU232
 757 024a 2E4A     		ldr	r2, .L53+52
 758 024c 1370     		strb	r3, [r2]
 759 024e FCE6     		b	.L41
 760              	.LVL42:
 761              	.L48:
 356:Task/Task_BlackBox.c ****             baro_data.cyc = DataPipe_DataObj(LogBaro_Data).data.cyc;
 762              		.loc 1 356 13 is_stmt 1 view .LVU233
 356:Task/Task_BlackBox.c ****             baro_data.cyc = DataPipe_DataObj(LogBaro_Data).data.cyc;
 763              		.loc 1 356 65 is_stmt 0 view .LVU234
 764 0250 2649     		ldr	r1, .L53+28
 765 0252 486D     		ldr	r0, [r1, #84]
 766              	.LVL43:
 356:Task/Task_BlackBox.c ****             baro_data.cyc = DataPipe_DataObj(LogBaro_Data).data.cyc;
 767              		.loc 1 356 28 view .LVU235
 768 0254 274A     		ldr	r2, .L53+36
 769              	.LVL44:
ARM GAS  C:\Users\HUAV\AppData\Local\Temp\ccYocD5a.s 			page 34


 356:Task/Task_BlackBox.c ****             baro_data.cyc = DataPipe_DataObj(LogBaro_Data).data.cyc;
 770              		.loc 1 356 28 view .LVU236
 771 0256 1060     		str	r0, [r2]
 357:Task/Task_BlackBox.c ****             baro_data.press = DataPipe_DataObj(LogBaro_Data).data.pressure;
 772              		.loc 1 357 13 is_stmt 1 view .LVU237
 357:Task/Task_BlackBox.c ****             baro_data.press = DataPipe_DataObj(LogBaro_Data).data.pressure;
 773              		.loc 1 357 64 is_stmt 0 view .LVU238
 774 0258 91F85800 		ldrb	r0, [r1, #88]	@ zero_extendqisi2
 357:Task/Task_BlackBox.c ****             baro_data.press = DataPipe_DataObj(LogBaro_Data).data.pressure;
 775              		.loc 1 357 27 view .LVU239
 776 025c 1071     		strb	r0, [r2, #4]
 358:Task/Task_BlackBox.c ****         }
 777              		.loc 1 358 13 is_stmt 1 view .LVU240
 358:Task/Task_BlackBox.c ****         }
 778              		.loc 1 358 66 is_stmt 0 view .LVU241
 779 025e 096E     		ldr	r1, [r1, #96]	@ float
 358:Task/Task_BlackBox.c ****         }
 780              		.loc 1 358 29 view .LVU242
 781 0260 9160     		str	r1, [r2, #8]	@ float
 782 0262 B0E7     		b	.L35
 783              	.LVL45:
 784              	.L37:
 363:Task/Task_BlackBox.c ****             att_alt_data.acc_scale = imu_data.acc_scale;
 785              		.loc 1 363 13 is_stmt 1 view .LVU243
 363:Task/Task_BlackBox.c ****             att_alt_data.acc_scale = imu_data.acc_scale;
 786              		.loc 1 363 46 is_stmt 0 view .LVU244
 787 0264 224C     		ldr	r4, .L53+32
 788 0266 D4F80900 		ldr	r0, [r4, #9]	@ unaligned
 789              	.LVL46:
 363:Task/Task_BlackBox.c ****             att_alt_data.acc_scale = imu_data.acc_scale;
 790              		.loc 1 363 36 view .LVU245
 791 026a 2849     		ldr	r1, .L53+60
 792 026c C860     		str	r0, [r1, #12]	@ float
 364:Task/Task_BlackBox.c ****             memcpy(att_alt_data.acc, imu_data.flt_acc, sizeof(imu_data.flt_acc));
 793              		.loc 1 364 13 is_stmt 1 view .LVU246
 364:Task/Task_BlackBox.c ****             memcpy(att_alt_data.acc, imu_data.flt_acc, sizeof(imu_data.flt_acc));
 794              		.loc 1 364 46 is_stmt 0 view .LVU247
 795 026e D4F80500 		ldr	r0, [r4, #5]	@ unaligned
 364:Task/Task_BlackBox.c ****             memcpy(att_alt_data.acc, imu_data.flt_acc, sizeof(imu_data.flt_acc));
 796              		.loc 1 364 36 view .LVU248
 797 0272 8860     		str	r0, [r1, #8]	@ float
 365:Task/Task_BlackBox.c ****             memcpy(att_alt_data.gyr, imu_data.flt_gyr, sizeof(imu_data.flt_gyr));
 798              		.loc 1 365 13 is_stmt 1 view .LVU249
 799 0274 D4F81900 		ldr	r0, [r4, #25]	@ unaligned
 800 0278 0861     		str	r0, [r1, #16]
 801 027a B4F81D00 		ldrh	r0, [r4, #29]	@ unaligned
 802 027e 8882     		strh	r0, [r1, #20]	@ unaligned
 366:Task/Task_BlackBox.c **** 
 803              		.loc 1 366 13 view .LVU250
 804 0280 D4F81F00 		ldr	r0, [r4, #31]	@ unaligned
 805 0284 C1F81600 		str	r0, [r1, #22]	@ unaligned
 806 0288 B4F82300 		ldrh	r0, [r4, #35]	@ unaligned
 807 028c 4883     		strh	r0, [r1, #26]	@ unaligned
 369:Task/Task_BlackBox.c **** 
 808              		.loc 1 369 13 view .LVU251
 369:Task/Task_BlackBox.c **** 
 809              		.loc 1 369 42 is_stmt 0 view .LVU252
ARM GAS  C:\Users\HUAV\AppData\Local\Temp\ccYocD5a.s 			page 35


 810 028e 1948     		ldr	r0, .L53+36
 811 0290 8068     		ldr	r0, [r0, #8]	@ float
 369:Task/Task_BlackBox.c **** 
 812              		.loc 1 369 31 view .LVU253
 813 0292 4860     		str	r0, [r1, #4]	@ float
 372:Task/Task_BlackBox.c ****             {
 814              		.loc 1 372 13 is_stmt 1 view .LVU254
 372:Task/Task_BlackBox.c ****             {
 815              		.loc 1 372 16 is_stmt 0 view .LVU255
 816 0294 1249     		ldr	r1, .L53+16
 817 0296 8A42     		cmp	r2, r1
 818 0298 0BD0     		beq	.L52
 381:Task/Task_BlackBox.c ****             {
 819              		.loc 1 381 18 is_stmt 1 view .LVU256
 381:Task/Task_BlackBox.c ****             {
 820              		.loc 1 381 21 is_stmt 0 view .LVU257
 821 029a 1249     		ldr	r1, .L53+20
 822 029c 8A42     		cmp	r2, r1
 823 029e 92D1     		bne	.L35
 384:Task/Task_BlackBox.c ****                 alt_update = true;
 824              		.loc 1 384 17 is_stmt 1 view .LVU258
 384:Task/Task_BlackBox.c ****                 alt_update = true;
 825              		.loc 1 384 65 is_stmt 0 view .LVU259
 826 02a0 124A     		ldr	r2, .L53+28
 827              	.LVL47:
 384:Task/Task_BlackBox.c ****                 alt_update = true;
 828              		.loc 1 384 65 view .LVU260
 829 02a2 D2F89810 		ldr	r1, [r2, #152]	@ float
 384:Task/Task_BlackBox.c ****                 alt_update = true;
 830              		.loc 1 384 34 view .LVU261
 831 02a6 194A     		ldr	r2, .L53+60
 832 02a8 9162     		str	r1, [r2, #40]	@ float
 385:Task/Task_BlackBox.c ****             }
 833              		.loc 1 385 17 is_stmt 1 view .LVU262
 385:Task/Task_BlackBox.c ****             }
 834              		.loc 1 385 28 is_stmt 0 view .LVU263
 835 02aa 194A     		ldr	r2, .L53+64
 836 02ac 0121     		movs	r1, #1
 837 02ae 1170     		strb	r1, [r2]
 838 02b0 89E7     		b	.L35
 839              	.LVL48:
 840              	.L52:
 375:Task/Task_BlackBox.c ****                 att_alt_data.pitch = DataPipe_DataObj(LogAtt_Data).pitch;
 841              		.loc 1 375 17 is_stmt 1 view .LVU264
 375:Task/Task_BlackBox.c ****                 att_alt_data.pitch = DataPipe_DataObj(LogAtt_Data).pitch;
 842              		.loc 1 375 66 is_stmt 0 view .LVU265
 843 02b2 0E49     		ldr	r1, .L53+28
 844 02b4 086F     		ldr	r0, [r1, #112]
 375:Task/Task_BlackBox.c ****                 att_alt_data.pitch = DataPipe_DataObj(LogAtt_Data).pitch;
 845              		.loc 1 375 35 view .LVU266
 846 02b6 154A     		ldr	r2, .L53+60
 847              	.LVL49:
 375:Task/Task_BlackBox.c ****                 att_alt_data.pitch = DataPipe_DataObj(LogAtt_Data).pitch;
 848              		.loc 1 375 35 view .LVU267
 849 02b8 1060     		str	r0, [r2]
 376:Task/Task_BlackBox.c ****                 att_alt_data.roll = DataPipe_DataObj(LogAtt_Data).roll;
 850              		.loc 1 376 17 is_stmt 1 view .LVU268
ARM GAS  C:\Users\HUAV\AppData\Local\Temp\ccYocD5a.s 			page 36


 376:Task/Task_BlackBox.c ****                 att_alt_data.roll = DataPipe_DataObj(LogAtt_Data).roll;
 851              		.loc 1 376 67 is_stmt 0 view .LVU269
 852 02ba 486F     		ldr	r0, [r1, #116]	@ float
 376:Task/Task_BlackBox.c ****                 att_alt_data.roll = DataPipe_DataObj(LogAtt_Data).roll;
 853              		.loc 1 376 36 view .LVU270
 854 02bc D061     		str	r0, [r2, #28]	@ float
 377:Task/Task_BlackBox.c ****                 att_alt_data.yaw = DataPipe_DataObj(LogAtt_Data).yaw;
 855              		.loc 1 377 17 is_stmt 1 view .LVU271
 377:Task/Task_BlackBox.c ****                 att_alt_data.yaw = DataPipe_DataObj(LogAtt_Data).yaw;
 856              		.loc 1 377 66 is_stmt 0 view .LVU272
 857 02be 886F     		ldr	r0, [r1, #120]	@ float
 377:Task/Task_BlackBox.c ****                 att_alt_data.yaw = DataPipe_DataObj(LogAtt_Data).yaw;
 858              		.loc 1 377 35 view .LVU273
 859 02c0 1062     		str	r0, [r2, #32]	@ float
 378:Task/Task_BlackBox.c ****                 att_update = true;
 860              		.loc 1 378 17 is_stmt 1 view .LVU274
 378:Task/Task_BlackBox.c ****                 att_update = true;
 861              		.loc 1 378 65 is_stmt 0 view .LVU275
 862 02c2 C96F     		ldr	r1, [r1, #124]	@ float
 378:Task/Task_BlackBox.c ****                 att_update = true;
 863              		.loc 1 378 34 view .LVU276
 864 02c4 5162     		str	r1, [r2, #36]	@ float
 379:Task/Task_BlackBox.c ****             }
 865              		.loc 1 379 17 is_stmt 1 view .LVU277
 379:Task/Task_BlackBox.c ****             }
 866              		.loc 1 379 28 is_stmt 0 view .LVU278
 867 02c6 0F4A     		ldr	r2, .L53+52
 868 02c8 0121     		movs	r1, #1
 869 02ca 1170     		strb	r1, [r2]
 870 02cc 7BE7     		b	.L35
 871              	.L54:
 872 02ce 00BF     		.align	2
 873              	.L53:
 874 02d0 00000000 		.word	.LANCHOR0
 875 02d4 00000000 		.word	.LANCHOR3
 876 02d8 00000000 		.word	IMU_Log_DataPipe
 877 02dc 00000000 		.word	Baro_Log_DataPipe
 878 02e0 00000000 		.word	Attitude_Log_DataPipe
 879 02e4 00000000 		.word	Altitude_Log_DataPipe
 880 02e8 00000000 		.word	CtlData_Log_DataPipe
 881 02ec 00000000 		.word	.LANCHOR4
 882 02f0 00000000 		.word	.LANCHOR5
 883 02f4 00000000 		.word	.LANCHOR7
 884 02f8 00000000 		.word	.LANCHOR11
 885 02fc 00000000 		.word	.LANCHOR12
 886 0300 00000000 		.word	.LANCHOR6
 887 0304 00000000 		.word	.LANCHOR9
 888 0308 00000000 		.word	.LANCHOR13
 889 030c 00000000 		.word	.LANCHOR8
 890 0310 00000000 		.word	.LANCHOR10
 891              	.LVL50:
 892              	.L49:
 422:Task/Task_BlackBox.c ****         {
 893              		.loc 1 422 55 discriminator 1 view .LVU279
 894 0314 524A     		ldr	r2, .L55
 895 0316 1278     		ldrb	r2, [r2]	@ zero_extendqisi2
 896 0318 002A     		cmp	r2, #0
ARM GAS  C:\Users\HUAV\AppData\Local\Temp\ccYocD5a.s 			page 37


 897 031a 3FF457AF 		beq	.L40
 425:Task/Task_BlackBox.c ****             Monitor.imu_log.byte_size += BLACKBOX_HEADER_SIZE;
 898              		.loc 1 425 13 is_stmt 1 view .LVU280
 425:Task/Task_BlackBox.c ****             Monitor.imu_log.byte_size += BLACKBOX_HEADER_SIZE;
 899              		.loc 1 425 28 is_stmt 0 view .LVU281
 900 031e 514C     		ldr	r4, .L55+4
 901 0320 236E     		ldr	r3, [r4, #96]
 425:Task/Task_BlackBox.c ****             Monitor.imu_log.byte_size += BLACKBOX_HEADER_SIZE;
 902              		.loc 1 425 33 view .LVU282
 903 0322 0133     		adds	r3, r3, #1
 904 0324 2366     		str	r3, [r4, #96]
 426:Task/Task_BlackBox.c ****             blackbox_header.type = BlackBox_Imu_Filted;
 905              		.loc 1 426 13 is_stmt 1 view .LVU283
 426:Task/Task_BlackBox.c ****             blackbox_header.type = BlackBox_Imu_Filted;
 906              		.loc 1 426 39 is_stmt 0 view .LVU284
 907 0326 636E     		ldr	r3, [r4, #100]
 908 0328 0433     		adds	r3, r3, #4
 909 032a 6366     		str	r3, [r4, #100]
 427:Task/Task_BlackBox.c ****             blackbox_header.size = sizeof(BlackBox_IMUData_TypeDef);
 910              		.loc 1 427 13 is_stmt 1 view .LVU285
 427:Task/Task_BlackBox.c ****             blackbox_header.size = sizeof(BlackBox_IMUData_TypeDef);
 911              		.loc 1 427 34 is_stmt 0 view .LVU286
 912 032c 0123     		movs	r3, #1
 913 032e 8DF80630 		strb	r3, [sp, #6]
 428:Task/Task_BlackBox.c ****             TaskBlackBox_UpdateQueue((uint8_t *)&blackbox_header, BLACKBOX_HEADER_SIZE);
 914              		.loc 1 428 13 is_stmt 1 view .LVU287
 428:Task/Task_BlackBox.c ****             TaskBlackBox_UpdateQueue((uint8_t *)&blackbox_header, BLACKBOX_HEADER_SIZE);
 915              		.loc 1 428 34 is_stmt 0 view .LVU288
 916 0332 2626     		movs	r6, #38
 917 0334 8DF80760 		strb	r6, [sp, #7]
 429:Task/Task_BlackBox.c ****             
 918              		.loc 1 429 13 is_stmt 1 view .LVU289
 919 0338 0421     		movs	r1, #4
 920 033a 0DEB0100 		add	r0, sp, r1
 921 033e FFF7FEFF 		bl	TaskBlackBox_UpdateQueue
 922              	.LVL51:
 431:Task/Task_BlackBox.c ****             Monitor.imu_log.byte_size += sizeof(BlackBox_IMUData_TypeDef);
 923              		.loc 1 431 13 view .LVU290
 924 0342 494F     		ldr	r7, .L55+8
 925 0344 3146     		mov	r1, r6
 926 0346 3846     		mov	r0, r7
 927 0348 FFF7FEFF 		bl	TaskBlackBox_UpdateQueue
 928              	.LVL52:
 432:Task/Task_BlackBox.c **** 
 929              		.loc 1 432 13 view .LVU291
 432:Task/Task_BlackBox.c **** 
 930              		.loc 1 432 39 is_stmt 0 view .LVU292
 931 034c 656E     		ldr	r5, [r4, #100]
 932 034e AB19     		adds	r3, r5, r6
 933 0350 6366     		str	r3, [r4, #100]
 434:Task/Task_BlackBox.c ****             blackbox_ender.check_sum = check_sum;
 934              		.loc 1 434 13 is_stmt 1 view .LVU293
 434:Task/Task_BlackBox.c ****             blackbox_ender.check_sum = check_sum;
 935              		.loc 1 434 25 is_stmt 0 view .LVU294
 936 0352 3146     		mov	r1, r6
 937 0354 3846     		mov	r0, r7
 938 0356 FFF7FEFF 		bl	TaskBlackBox_Get_CheckSum
ARM GAS  C:\Users\HUAV\AppData\Local\Temp\ccYocD5a.s 			page 38


 939              	.LVL53:
 435:Task/Task_BlackBox.c ****             Monitor.imu_log.byte_size += BLACKBOX_ENDER_SIZE;
 940              		.loc 1 435 13 is_stmt 1 view .LVU295
 435:Task/Task_BlackBox.c ****             Monitor.imu_log.byte_size += BLACKBOX_ENDER_SIZE;
 941              		.loc 1 435 38 is_stmt 0 view .LVU296
 942 035a 8DF80000 		strb	r0, [sp]
 436:Task/Task_BlackBox.c ****             TaskBlackBox_UpdateQueue((uint8_t *)&blackbox_ender, BLACKBOX_ENDER_SIZE);
 943              		.loc 1 436 13 is_stmt 1 view .LVU297
 436:Task/Task_BlackBox.c ****             TaskBlackBox_UpdateQueue((uint8_t *)&blackbox_ender, BLACKBOX_ENDER_SIZE);
 944              		.loc 1 436 39 is_stmt 0 view .LVU298
 945 035e 2935     		adds	r5, r5, #41
 946 0360 6566     		str	r5, [r4, #100]
 437:Task/Task_BlackBox.c ****             imu_update = false;
 947              		.loc 1 437 13 is_stmt 1 view .LVU299
 948 0362 0321     		movs	r1, #3
 949 0364 6846     		mov	r0, sp
 950              	.LVL54:
 437:Task/Task_BlackBox.c ****             imu_update = false;
 951              		.loc 1 437 13 is_stmt 0 view .LVU300
 952 0366 FFF7FEFF 		bl	TaskBlackBox_UpdateQueue
 953              	.LVL55:
 438:Task/Task_BlackBox.c ****         }
 954              		.loc 1 438 13 is_stmt 1 view .LVU301
 438:Task/Task_BlackBox.c ****         }
 955              		.loc 1 438 24 is_stmt 0 view .LVU302
 956 036a 3D4B     		ldr	r3, .L55
 957 036c 0022     		movs	r2, #0
 958 036e 1A70     		strb	r2, [r3]
 959 0370 6BE6     		b	.L41
 960              	.LVL56:
 961              	.L50:
 440:Task/Task_BlackBox.c ****         {
 962              		.loc 1 440 76 discriminator 1 view .LVU303
 963 0372 3E4A     		ldr	r2, .L55+12
 964 0374 1178     		ldrb	r1, [r2]	@ zero_extendqisi2
 965 0376 3E4A     		ldr	r2, .L55+16
 966 0378 1278     		ldrb	r2, [r2]	@ zero_extendqisi2
 440:Task/Task_BlackBox.c ****         {
 967              		.loc 1 440 89 discriminator 1 view .LVU304
 968 037a 3948     		ldr	r0, .L55
 969 037c 0078     		ldrb	r0, [r0]	@ zero_extendqisi2
 440:Task/Task_BlackBox.c ****         {
 970              		.loc 1 440 61 discriminator 1 view .LVU305
 971 037e 1142     		tst	r1, r2
 972 0380 3FF427AF 		beq	.L42
 973 0384 0028     		cmp	r0, #0
 974 0386 3FF424AF 		beq	.L42
 442:Task/Task_BlackBox.c ****             Monitor.alt_att_log.byte_size += BLACKBOX_HEADER_SIZE;
 975              		.loc 1 442 13 is_stmt 1 view .LVU306
 442:Task/Task_BlackBox.c ****             Monitor.alt_att_log.byte_size += BLACKBOX_HEADER_SIZE;
 976              		.loc 1 442 32 is_stmt 0 view .LVU307
 977 038a 364C     		ldr	r4, .L55+4
 978 038c A36E     		ldr	r3, [r4, #104]
 442:Task/Task_BlackBox.c ****             Monitor.alt_att_log.byte_size += BLACKBOX_HEADER_SIZE;
 979              		.loc 1 442 37 view .LVU308
 980 038e 0133     		adds	r3, r3, #1
 981 0390 A366     		str	r3, [r4, #104]
ARM GAS  C:\Users\HUAV\AppData\Local\Temp\ccYocD5a.s 			page 39


 443:Task/Task_BlackBox.c ****             blackbox_header.type = BlackBox_Log_Alt_Att;
 982              		.loc 1 443 13 is_stmt 1 view .LVU309
 443:Task/Task_BlackBox.c ****             blackbox_header.type = BlackBox_Log_Alt_Att;
 983              		.loc 1 443 43 is_stmt 0 view .LVU310
 984 0392 E36E     		ldr	r3, [r4, #108]
 985 0394 0433     		adds	r3, r3, #4
 986 0396 E366     		str	r3, [r4, #108]
 444:Task/Task_BlackBox.c ****             blackbox_header.size = sizeof(BlackBox_AttAltData_TypeDef);
 987              		.loc 1 444 13 is_stmt 1 view .LVU311
 444:Task/Task_BlackBox.c ****             blackbox_header.size = sizeof(BlackBox_AttAltData_TypeDef);
 988              		.loc 1 444 34 is_stmt 0 view .LVU312
 989 0398 0223     		movs	r3, #2
 990 039a 8DF80630 		strb	r3, [sp, #6]
 445:Task/Task_BlackBox.c ****             TaskBlackBox_UpdateQueue((uint8_t *)&blackbox_header, BLACKBOX_HEADER_SIZE);
 991              		.loc 1 445 13 is_stmt 1 view .LVU313
 445:Task/Task_BlackBox.c ****             TaskBlackBox_UpdateQueue((uint8_t *)&blackbox_header, BLACKBOX_HEADER_SIZE);
 992              		.loc 1 445 34 is_stmt 0 view .LVU314
 993 039e 3025     		movs	r5, #48
 994 03a0 8DF80750 		strb	r5, [sp, #7]
 446:Task/Task_BlackBox.c ****             
 995              		.loc 1 446 13 is_stmt 1 view .LVU315
 996 03a4 0421     		movs	r1, #4
 997 03a6 0DEB0100 		add	r0, sp, r1
 998 03aa FFF7FEFF 		bl	TaskBlackBox_UpdateQueue
 999              	.LVL57:
 448:Task/Task_BlackBox.c ****             Monitor.alt_att_log.byte_size += sizeof(BlackBox_AttAltData_TypeDef);
 1000              		.loc 1 448 13 view .LVU316
 1001 03ae 314E     		ldr	r6, .L55+20
 1002 03b0 2946     		mov	r1, r5
 1003 03b2 3046     		mov	r0, r6
 1004 03b4 FFF7FEFF 		bl	TaskBlackBox_UpdateQueue
 1005              	.LVL58:
 449:Task/Task_BlackBox.c **** 
 1006              		.loc 1 449 13 view .LVU317
 449:Task/Task_BlackBox.c **** 
 1007              		.loc 1 449 43 is_stmt 0 view .LVU318
 1008 03b8 E36E     		ldr	r3, [r4, #108]
 1009 03ba 2B44     		add	r3, r3, r5
 1010 03bc E366     		str	r3, [r4, #108]
 451:Task/Task_BlackBox.c ****             blackbox_ender.check_sum = check_sum;
 1011              		.loc 1 451 13 is_stmt 1 view .LVU319
 451:Task/Task_BlackBox.c ****             blackbox_ender.check_sum = check_sum;
 1012              		.loc 1 451 25 is_stmt 0 view .LVU320
 1013 03be 2946     		mov	r1, r5
 1014 03c0 3046     		mov	r0, r6
 1015 03c2 FFF7FEFF 		bl	TaskBlackBox_Get_CheckSum
 1016              	.LVL59:
 452:Task/Task_BlackBox.c ****             Monitor.imu_log.byte_size += BLACKBOX_ENDER_SIZE;
 1017              		.loc 1 452 13 is_stmt 1 view .LVU321
 452:Task/Task_BlackBox.c ****             Monitor.imu_log.byte_size += BLACKBOX_ENDER_SIZE;
 1018              		.loc 1 452 38 is_stmt 0 view .LVU322
 1019 03c6 8DF80000 		strb	r0, [sp]
 453:Task/Task_BlackBox.c ****             TaskBlackBox_UpdateQueue((uint8_t *)&blackbox_ender, BLACKBOX_ENDER_SIZE);
 1020              		.loc 1 453 13 is_stmt 1 view .LVU323
 453:Task/Task_BlackBox.c ****             TaskBlackBox_UpdateQueue((uint8_t *)&blackbox_ender, BLACKBOX_ENDER_SIZE);
 1021              		.loc 1 453 39 is_stmt 0 view .LVU324
 1022 03ca 636E     		ldr	r3, [r4, #100]
ARM GAS  C:\Users\HUAV\AppData\Local\Temp\ccYocD5a.s 			page 40


 1023 03cc 0333     		adds	r3, r3, #3
 1024 03ce 6366     		str	r3, [r4, #100]
 454:Task/Task_BlackBox.c ****             alt_update = false;
 1025              		.loc 1 454 13 is_stmt 1 view .LVU325
 1026 03d0 0321     		movs	r1, #3
 1027 03d2 6846     		mov	r0, sp
 1028              	.LVL60:
 454:Task/Task_BlackBox.c ****             alt_update = false;
 1029              		.loc 1 454 13 is_stmt 0 view .LVU326
 1030 03d4 FFF7FEFF 		bl	TaskBlackBox_UpdateQueue
 1031              	.LVL61:
 455:Task/Task_BlackBox.c ****             att_update = false;
 1032              		.loc 1 455 13 is_stmt 1 view .LVU327
 455:Task/Task_BlackBox.c ****             att_update = false;
 1033              		.loc 1 455 24 is_stmt 0 view .LVU328
 1034 03d8 0023     		movs	r3, #0
 1035 03da 244A     		ldr	r2, .L55+12
 1036 03dc 1370     		strb	r3, [r2]
 456:Task/Task_BlackBox.c ****             imu_update = false;
 1037              		.loc 1 456 13 is_stmt 1 view .LVU329
 456:Task/Task_BlackBox.c ****             imu_update = false;
 1038              		.loc 1 456 24 is_stmt 0 view .LVU330
 1039 03de 244A     		ldr	r2, .L55+16
 1040 03e0 1370     		strb	r3, [r2]
 457:Task/Task_BlackBox.c ****         }
 1041              		.loc 1 457 13 is_stmt 1 view .LVU331
 457:Task/Task_BlackBox.c ****         }
 1042              		.loc 1 457 24 is_stmt 0 view .LVU332
 1043 03e2 1F4A     		ldr	r2, .L55
 1044 03e4 1370     		strb	r3, [r2]
 1045 03e6 30E6     		b	.L41
 1046              	.LVL62:
 1047              	.L51:
 459:Task/Task_BlackBox.c ****         {
 1048              		.loc 1 459 80 discriminator 1 view .LVU333
 1049 03e8 1D4A     		ldr	r2, .L55
 1050 03ea 1278     		ldrb	r2, [r2]	@ zero_extendqisi2
 1051 03ec 2249     		ldr	r1, .L55+24
 1052 03ee 0978     		ldrb	r1, [r1]	@ zero_extendqisi2
 459:Task/Task_BlackBox.c ****         {
 1053              		.loc 1 459 65 discriminator 1 view .LVU334
 1054 03f0 002A     		cmp	r2, #0
 1055 03f2 3FF4F1AE 		beq	.L43
 1056 03f6 0029     		cmp	r1, #0
 1057 03f8 3FF4EEAE 		beq	.L43
 461:Task/Task_BlackBox.c ****             Monitor.ctl_ang_log.byte_size += BLACKBOX_HEADER_SIZE;
 1058              		.loc 1 461 13 is_stmt 1 view .LVU335
 461:Task/Task_BlackBox.c ****             Monitor.ctl_ang_log.byte_size += BLACKBOX_HEADER_SIZE;
 1059              		.loc 1 461 32 is_stmt 0 view .LVU336
 1060 03fc 194C     		ldr	r4, .L55+4
 1061 03fe 236F     		ldr	r3, [r4, #112]
 461:Task/Task_BlackBox.c ****             Monitor.ctl_ang_log.byte_size += BLACKBOX_HEADER_SIZE;
 1062              		.loc 1 461 37 view .LVU337
 1063 0400 0133     		adds	r3, r3, #1
 1064 0402 2367     		str	r3, [r4, #112]
 462:Task/Task_BlackBox.c ****             blackbox_header.type = BlackBox_AngularPID_Tune;
 1065              		.loc 1 462 13 is_stmt 1 view .LVU338
ARM GAS  C:\Users\HUAV\AppData\Local\Temp\ccYocD5a.s 			page 41


 462:Task/Task_BlackBox.c ****             blackbox_header.type = BlackBox_AngularPID_Tune;
 1066              		.loc 1 462 43 is_stmt 0 view .LVU339
 1067 0404 636F     		ldr	r3, [r4, #116]
 1068 0406 0433     		adds	r3, r3, #4
 1069 0408 6367     		str	r3, [r4, #116]
 463:Task/Task_BlackBox.c ****             blackbox_header.size = sizeof(BlackBox_AngCtlData_TypeDef);
 1070              		.loc 1 463 13 is_stmt 1 view .LVU340
 463:Task/Task_BlackBox.c ****             blackbox_header.size = sizeof(BlackBox_AngCtlData_TypeDef);
 1071              		.loc 1 463 34 is_stmt 0 view .LVU341
 1072 040a 0327     		movs	r7, #3
 1073 040c 8DF80670 		strb	r7, [sp, #6]
 464:Task/Task_BlackBox.c ****             TaskBlackBox_UpdateQueue((uint8_t *)&blackbox_header, BLACKBOX_HEADER_SIZE);
 1074              		.loc 1 464 13 is_stmt 1 view .LVU342
 464:Task/Task_BlackBox.c ****             TaskBlackBox_UpdateQueue((uint8_t *)&blackbox_header, BLACKBOX_HEADER_SIZE);
 1075              		.loc 1 464 34 is_stmt 0 view .LVU343
 1076 0410 1D26     		movs	r6, #29
 1077 0412 8DF80760 		strb	r6, [sp, #7]
 465:Task/Task_BlackBox.c **** 
 1078              		.loc 1 465 13 is_stmt 1 view .LVU344
 1079 0416 0421     		movs	r1, #4
 1080 0418 0DEB0100 		add	r0, sp, r1
 1081 041c FFF7FEFF 		bl	TaskBlackBox_UpdateQueue
 1082              	.LVL63:
 467:Task/Task_BlackBox.c ****             Monitor.ctl_ang_log.byte_size += sizeof(BlackBox_AngCtlData_TypeDef);
 1083              		.loc 1 467 13 view .LVU345
 1084 0420 DFF85C80 		ldr	r8, .L55+32
 1085 0424 3146     		mov	r1, r6
 1086 0426 4046     		mov	r0, r8
 1087 0428 FFF7FEFF 		bl	TaskBlackBox_UpdateQueue
 1088              	.LVL64:
 468:Task/Task_BlackBox.c ****         
 1089              		.loc 1 468 13 view .LVU346
 468:Task/Task_BlackBox.c ****         
 1090              		.loc 1 468 43 is_stmt 0 view .LVU347
 1091 042c 656F     		ldr	r5, [r4, #116]
 1092 042e AB19     		adds	r3, r5, r6
 1093 0430 6367     		str	r3, [r4, #116]
 470:Task/Task_BlackBox.c ****             blackbox_ender.check_sum = check_sum;
 1094              		.loc 1 470 13 is_stmt 1 view .LVU348
 470:Task/Task_BlackBox.c ****             blackbox_ender.check_sum = check_sum;
 1095              		.loc 1 470 25 is_stmt 0 view .LVU349
 1096 0432 3146     		mov	r1, r6
 1097 0434 4046     		mov	r0, r8
 1098 0436 FFF7FEFF 		bl	TaskBlackBox_Get_CheckSum
 1099              	.LVL65:
 471:Task/Task_BlackBox.c ****             Monitor.ctl_ang_log.byte_size += BLACKBOX_ENDER_SIZE;
 1100              		.loc 1 471 13 is_stmt 1 view .LVU350
 471:Task/Task_BlackBox.c ****             Monitor.ctl_ang_log.byte_size += BLACKBOX_ENDER_SIZE;
 1101              		.loc 1 471 38 is_stmt 0 view .LVU351
 1102 043a 8DF80000 		strb	r0, [sp]
 472:Task/Task_BlackBox.c ****             TaskBlackBox_UpdateQueue((uint8_t *)&blackbox_ender, BLACKBOX_ENDER_SIZE);
 1103              		.loc 1 472 13 is_stmt 1 view .LVU352
 472:Task/Task_BlackBox.c ****             TaskBlackBox_UpdateQueue((uint8_t *)&blackbox_ender, BLACKBOX_ENDER_SIZE);
 1104              		.loc 1 472 43 is_stmt 0 view .LVU353
 1105 043e 2035     		adds	r5, r5, #32
 1106 0440 6567     		str	r5, [r4, #116]
 473:Task/Task_BlackBox.c ****             imu_update = false;
ARM GAS  C:\Users\HUAV\AppData\Local\Temp\ccYocD5a.s 			page 42


 1107              		.loc 1 473 13 is_stmt 1 view .LVU354
 1108 0442 3946     		mov	r1, r7
 1109 0444 6846     		mov	r0, sp
 1110              	.LVL66:
 473:Task/Task_BlackBox.c ****             imu_update = false;
 1111              		.loc 1 473 13 is_stmt 0 view .LVU355
 1112 0446 FFF7FEFF 		bl	TaskBlackBox_UpdateQueue
 1113              	.LVL67:
 474:Task/Task_BlackBox.c ****             ctl_update = false;
 1114              		.loc 1 474 13 is_stmt 1 view .LVU356
 474:Task/Task_BlackBox.c ****             ctl_update = false;
 1115              		.loc 1 474 24 is_stmt 0 view .LVU357
 1116 044a 0023     		movs	r3, #0
 1117 044c 044A     		ldr	r2, .L55
 1118 044e 1370     		strb	r3, [r2]
 475:Task/Task_BlackBox.c ****         }
 1119              		.loc 1 475 13 is_stmt 1 view .LVU358
 475:Task/Task_BlackBox.c ****         }
 1120              		.loc 1 475 24 is_stmt 0 view .LVU359
 1121 0450 094A     		ldr	r2, .L55+24
 1122 0452 1370     		strb	r3, [r2]
 1123 0454 F9E5     		b	.L41
 1124              	.LVL68:
 1125              	.L46:
 502:Task/Task_BlackBox.c ****     }
 1126              		.loc 1 502 13 is_stmt 1 view .LVU360
 1127 0456 094B     		ldr	r3, .L55+28
 1128 0458 1868     		ldr	r0, [r3]
 1129              	.LVL69:
 502:Task/Task_BlackBox.c ****     }
 1130              		.loc 1 502 13 is_stmt 0 view .LVU361
 1131 045a FFF7FEFF 		bl	osSemaphoreRelease
 1132              	.LVL70:
 502:Task/Task_BlackBox.c ****     }
 1133              		.loc 1 502 13 view .LVU362
 1134 045e F4E5     		b	.L41
 1135              	.L56:
 1136              		.align	2
 1137              	.L55:
 1138 0460 00000000 		.word	.LANCHOR6
 1139 0464 00000000 		.word	.LANCHOR0
 1140 0468 00000000 		.word	.LANCHOR5
 1141 046c 00000000 		.word	.LANCHOR10
 1142 0470 00000000 		.word	.LANCHOR9
 1143 0474 00000000 		.word	.LANCHOR8
 1144 0478 00000000 		.word	.LANCHOR12
 1145 047c 00000000 		.word	.LANCHOR2
 1146 0480 00000000 		.word	.LANCHOR11
 1147              		.cfi_endproc
 1148              	.LFE153:
 1150              		.section	.rodata.TaskBlackBox_Set_Log.str1.4,"aMS",%progbits,1
 1151              		.align	2
 1152              	.LC6:
 1153 0000 5B20426C 		.ascii	"[ BlackBox ] ----- Medium List\015\012\000"
 1153      61636B42 
 1153      6F78205D 
 1153      202D2D2D 
ARM GAS  C:\Users\HUAV\AppData\Local\Temp\ccYocD5a.s 			page 43


 1153      2D2D204D 
 1154 0021 000000   		.align	2
 1155              	.LC7:
 1156 0024 094E6F6E 		.ascii	"\011None ------------- 0\015\012\000"
 1156      65202D2D 
 1156      2D2D2D2D 
 1156      2D2D2D2D 
 1156      2D2D2D20 
 1157              		.align	2
 1158              	.LC8:
 1159 003c 09436172 		.ascii	"\011Card ------------- 1\015\012\000"
 1159      64202D2D 
 1159      2D2D2D2D 
 1159      2D2D2D2D 
 1159      2D2D2D20 
 1160              		.align	2
 1161              	.LC9:
 1162 0054 09436869 		.ascii	"\011Chip ------------- 2\015\012\000"
 1162      70202D2D 
 1162      2D2D2D2D 
 1162      2D2D2D2D 
 1162      2D2D2D20 
 1163              		.align	2
 1164              	.LC10:
 1165 006c 09436F6D 		.ascii	"\011Com -------------- 3\015\012\000"
 1165      202D2D2D 
 1165      2D2D2D2D 
 1165      2D2D2D2D 
 1165      2D2D2D20 
 1166              		.align	2
 1167              	.LC11:
 1168 0084 0D0A00   		.ascii	"\015\012\000"
 1169 0087 00       		.align	2
 1170              	.LC12:
 1171 0088 5B20426C 		.ascii	"[ BlackBox ] ----- Log Type List\015\012\000"
 1171      61636B42 
 1171      6F78205D 
 1171      202D2D2D 
 1171      2D2D204C 
 1172 00ab 00       		.align	2
 1173              	.LC13:
 1174 00ac 094C6F67 		.ascii	"\011Log None --------- 0\015\012\000"
 1174      204E6F6E 
 1174      65202D2D 
 1174      2D2D2D2D 
 1174      2D2D2D20 
 1175              		.align	2
 1176              	.LC14:
 1177 00c4 094C6F67 		.ascii	"\011Log Imu Only ----- 1\015\012\000"
 1177      20496D75 
 1177      204F6E6C 
 1177      79202D2D 
 1177      2D2D2D20 
 1178              		.align	2
 1179              	.LC15:
 1180 00dc 094C6F67 		.ascii	"\011Log Att & Alt ---- 2\015\012\000"
 1180      20417474 
ARM GAS  C:\Users\HUAV\AppData\Local\Temp\ccYocD5a.s 			page 44


 1180      20262041 
 1180      6C74202D 
 1180      2D2D2D20 
 1181              		.align	2
 1182              	.LC16:
 1183 00f4 094C6F67 		.ascii	"\011Log PID Angular -- 3\015\012\000"
 1183      20504944 
 1183      20416E67 
 1183      756C6172 
 1183      202D2D20 
 1184              		.align	2
 1185              	.LC17:
 1186 010c 094C6F67 		.ascii	"\011Log PID Attitude - 4\015\012\000"
 1186      20504944 
 1186      20417474 
 1186      69747564 
 1186      65202D20 
 1187              		.align	2
 1188              	.LC18:
 1189 0124 09424144 		.ascii	"\011BAD MEDIUM TYPE INPUT\015\012\000"
 1189      204D4544 
 1189      49554D20 
 1189      54595045 
 1189      20494E50 
 1190 013d 000000   		.align	2
 1191              	.LC19:
 1192 0140 09424144 		.ascii	"\011BAD LOG DATA TYPE INPUT\015\012\000"
 1192      204C4F47 
 1192      20444154 
 1192      41205459 
 1192      50452049 
 1193 015b 00       		.align	2
 1194              	.LC20:
 1195 015c 094F6E6C 		.ascii	"\011Only support storage chip modlue currently\015\012"
 1195      79207375 
 1195      70706F72 
 1195      74207374 
 1195      6F726167 
 1196 0189 00       		.ascii	"\000"
 1197 018a 0000     		.align	2
 1198              	.LC21:
 1199 018c 094E6F74 		.ascii	"\011Not support currently\015\012\000"
 1199      20737570 
 1199      706F7274 
 1199      20637572 
 1199      72656E74 
 1200 01a5 000000   		.align	2
 1201              	.LC22:
 1202 01a8 426C6163 		.ascii	"BlackBox\000"
 1202      6B426F78 
 1202      00
 1203 01b1 000000   		.align	2
 1204              	.LC23:
 1205 01b4 094C6F67 		.ascii	"\011Log info storage failed\015\012\000"
 1205      20696E66 
 1205      6F207374 
 1205      6F726167 
ARM GAS  C:\Users\HUAV\AppData\Local\Temp\ccYocD5a.s 			page 45


 1205      65206661 
 1206 01cf 00       		.align	2
 1207              	.LC24:
 1208 01d0 094C6F67 		.ascii	"\011Log info storage saved\015\012\000"
 1208      20696E66 
 1208      6F207374 
 1208      6F726167 
 1208      65207361 
 1209 01ea 0000     		.align	2
 1210              	.LC25:
 1211 01ec 09726562 		.ascii	"\011reboot is required\015\012\000"
 1211      6F6F7420 
 1211      69732072 
 1211      65717569 
 1211      7265640D 
 1212              		.section	.text.TaskBlackBox_Set_Log,"ax",%progbits
 1213              		.align	1
 1214              		.syntax unified
 1215              		.thumb
 1216              		.thumb_func
 1218              	TaskBlackBox_Set_Log:
 1219              	.LVL71:
 1220              	.LFB156:
 599:Task/Task_BlackBox.c ****     Shell *shell_obj = Shell_GetInstence();
 1221              		.loc 1 599 1 is_stmt 1 view -0
 1222              		.cfi_startproc
 1223              		@ args = 0, pretend = 0, frame = 80
 1224              		@ frame_needed = 0, uses_anonymous_args = 0
 599:Task/Task_BlackBox.c ****     Shell *shell_obj = Shell_GetInstence();
 1225              		.loc 1 599 1 is_stmt 0 view .LVU364
 1226 0000 2DE9F041 		push	{r4, r5, r6, r7, r8, lr}
 1227              	.LCFI8:
 1228              		.cfi_def_cfa_offset 24
 1229              		.cfi_offset 4, -24
 1230              		.cfi_offset 5, -20
 1231              		.cfi_offset 6, -16
 1232              		.cfi_offset 7, -12
 1233              		.cfi_offset 8, -8
 1234              		.cfi_offset 14, -4
 1235 0004 94B0     		sub	sp, sp, #80
 1236              	.LCFI9:
 1237              		.cfi_def_cfa_offset 104
 1238 0006 0546     		mov	r5, r0
 1239 0008 0E46     		mov	r6, r1
 1240 000a 1746     		mov	r7, r2
 600:Task/Task_BlackBox.c ****     Storage_ItemSearchOut_TypeDef search_out;
 1241              		.loc 1 600 5 is_stmt 1 view .LVU365
 600:Task/Task_BlackBox.c ****     Storage_ItemSearchOut_TypeDef search_out;
 1242              		.loc 1 600 24 is_stmt 0 view .LVU366
 1243 000c FFF7FEFF 		bl	Shell_GetInstence
 1244              	.LVL72:
 601:Task/Task_BlackBox.c ****     BlackBox_LogInfo_TypeDef info;
 1245              		.loc 1 601 5 is_stmt 1 view .LVU367
 602:Task/Task_BlackBox.c **** 
 1246              		.loc 1 602 5 view .LVU368
 604:Task/Task_BlackBox.c ****         return;
 1247              		.loc 1 604 5 view .LVU369
ARM GAS  C:\Users\HUAV\AppData\Local\Temp\ccYocD5a.s 			page 46


 604:Task/Task_BlackBox.c ****         return;
 1248              		.loc 1 604 8 is_stmt 0 view .LVU370
 1249 0010 0028     		cmp	r0, #0
 1250 0012 5CD0     		beq	.L57
 1251 0014 0446     		mov	r4, r0
 607:Task/Task_BlackBox.c ****     shellPrint(shell_obj, "\tNone ------------- 0\r\n");
 1252              		.loc 1 607 5 is_stmt 1 view .LVU371
 1253 0016 4049     		ldr	r1, .L74
 1254 0018 FFF7FEFF 		bl	shellPrint
 1255              	.LVL73:
 608:Task/Task_BlackBox.c ****     shellPrint(shell_obj, "\tCard ------------- 1\r\n");
 1256              		.loc 1 608 5 view .LVU372
 1257 001c 3F49     		ldr	r1, .L74+4
 1258 001e 2046     		mov	r0, r4
 1259 0020 FFF7FEFF 		bl	shellPrint
 1260              	.LVL74:
 609:Task/Task_BlackBox.c ****     shellPrint(shell_obj, "\tChip ------------- 2\r\n");
 1261              		.loc 1 609 5 view .LVU373
 1262 0024 3E49     		ldr	r1, .L74+8
 1263 0026 2046     		mov	r0, r4
 1264 0028 FFF7FEFF 		bl	shellPrint
 1265              	.LVL75:
 610:Task/Task_BlackBox.c ****     shellPrint(shell_obj, "\tCom -------------- 3\r\n");
 1266              		.loc 1 610 5 view .LVU374
 1267 002c 3D49     		ldr	r1, .L74+12
 1268 002e 2046     		mov	r0, r4
 1269 0030 FFF7FEFF 		bl	shellPrint
 1270              	.LVL76:
 611:Task/Task_BlackBox.c ****     shellPrint(shell_obj, "\r\n");
 1271              		.loc 1 611 5 view .LVU375
 1272 0034 3C49     		ldr	r1, .L74+16
 1273 0036 2046     		mov	r0, r4
 1274 0038 FFF7FEFF 		bl	shellPrint
 1275              	.LVL77:
 612:Task/Task_BlackBox.c ****     shellPrint(shell_obj, "[ BlackBox ] ----- Log Type List\r\n");
 1276              		.loc 1 612 5 view .LVU376
 1277 003c DFF82881 		ldr	r8, .L74+80
 1278 0040 4146     		mov	r1, r8
 1279 0042 2046     		mov	r0, r4
 1280 0044 FFF7FEFF 		bl	shellPrint
 1281              	.LVL78:
 613:Task/Task_BlackBox.c ****     shellPrint(shell_obj, "\tLog None --------- 0\r\n");
 1282              		.loc 1 613 5 view .LVU377
 1283 0048 3849     		ldr	r1, .L74+20
 1284 004a 2046     		mov	r0, r4
 1285 004c FFF7FEFF 		bl	shellPrint
 1286              	.LVL79:
 614:Task/Task_BlackBox.c ****     shellPrint(shell_obj, "\tLog Imu Only ----- 1\r\n");
 1287              		.loc 1 614 5 view .LVU378
 1288 0050 3749     		ldr	r1, .L74+24
 1289 0052 2046     		mov	r0, r4
 1290 0054 FFF7FEFF 		bl	shellPrint
 1291              	.LVL80:
 615:Task/Task_BlackBox.c ****     shellPrint(shell_obj, "\tLog Att & Alt ---- 2\r\n");
 1292              		.loc 1 615 5 view .LVU379
 1293 0058 3649     		ldr	r1, .L74+28
 1294 005a 2046     		mov	r0, r4
ARM GAS  C:\Users\HUAV\AppData\Local\Temp\ccYocD5a.s 			page 47


 1295 005c FFF7FEFF 		bl	shellPrint
 1296              	.LVL81:
 616:Task/Task_BlackBox.c ****     shellPrint(shell_obj, "\tLog PID Angular -- 3\r\n");
 1297              		.loc 1 616 5 view .LVU380
 1298 0060 3549     		ldr	r1, .L74+32
 1299 0062 2046     		mov	r0, r4
 1300 0064 FFF7FEFF 		bl	shellPrint
 1301              	.LVL82:
 617:Task/Task_BlackBox.c ****     shellPrint(shell_obj, "\tLog PID Attitude - 4\r\n");
 1302              		.loc 1 617 5 view .LVU381
 1303 0068 3449     		ldr	r1, .L74+36
 1304 006a 2046     		mov	r0, r4
 1305 006c FFF7FEFF 		bl	shellPrint
 1306              	.LVL83:
 618:Task/Task_BlackBox.c ****     shellPrint(shell_obj, "\r\n");
 1307              		.loc 1 618 5 view .LVU382
 1308 0070 3349     		ldr	r1, .L74+40
 1309 0072 2046     		mov	r0, r4
 1310 0074 FFF7FEFF 		bl	shellPrint
 1311              	.LVL84:
 619:Task/Task_BlackBox.c **** 
 1312              		.loc 1 619 5 view .LVU383
 1313 0078 4146     		mov	r1, r8
 1314 007a 2046     		mov	r0, r4
 1315 007c FFF7FEFF 		bl	shellPrint
 1316              	.LVL85:
 621:Task/Task_BlackBox.c ****     {
 1317              		.loc 1 621 5 view .LVU384
 621:Task/Task_BlackBox.c ****     {
 1318              		.loc 1 621 8 is_stmt 0 view .LVU385
 1319 0080 032D     		cmp	r5, #3
 1320 0082 20D8     		bhi	.L59
 621:Task/Task_BlackBox.c ****     {
 1321              		.loc 1 621 49 discriminator 1 view .LVU386
 1322 0084 042E     		cmp	r6, #4
 1323 0086 1ED8     		bhi	.L59
 633:Task/Task_BlackBox.c ****         (type == (uint8_t)BlackBox_AttitudePID_Tune))
 1324              		.loc 1 633 5 is_stmt 1 view .LVU387
 633:Task/Task_BlackBox.c ****         (type == (uint8_t)BlackBox_AttitudePID_Tune))
 1325              		.loc 1 633 8 is_stmt 0 view .LVU388
 1326 0088 022D     		cmp	r5, #2
 1327 008a 2DD1     		bne	.L63
 633:Task/Task_BlackBox.c ****         (type == (uint8_t)BlackBox_AttitudePID_Tune))
 1328              		.loc 1 633 51 discriminator 1 view .LVU389
 1329 008c 042E     		cmp	r6, #4
 1330 008e 2BD0     		beq	.L63
 645:Task/Task_BlackBox.c ****     info.log_type = type;
 1331              		.loc 1 645 5 is_stmt 1 view .LVU390
 645:Task/Task_BlackBox.c ****     info.log_type = type;
 1332              		.loc 1 645 17 is_stmt 0 view .LVU391
 1333 0090 8DF80050 		strb	r5, [sp]
 646:Task/Task_BlackBox.c ****     info.log_size = size;   /* only when if blackbox avaliable */
 1334              		.loc 1 646 5 is_stmt 1 view .LVU392
 646:Task/Task_BlackBox.c ****     info.log_size = size;   /* only when if blackbox avaliable */
 1335              		.loc 1 646 19 is_stmt 0 view .LVU393
 1336 0094 8DF80160 		strb	r6, [sp, #1]
 647:Task/Task_BlackBox.c **** 
ARM GAS  C:\Users\HUAV\AppData\Local\Temp\ccYocD5a.s 			page 48


 1337              		.loc 1 647 5 is_stmt 1 view .LVU394
 647:Task/Task_BlackBox.c **** 
 1338              		.loc 1 647 19 is_stmt 0 view .LVU395
 1339 0098 CDF80270 		str	r7, [sp, #2]	@ unaligned
 649:Task/Task_BlackBox.c ****     if ((search_out.item_addr == 0) || \
 1340              		.loc 1 649 5 is_stmt 1 view .LVU396
 649:Task/Task_BlackBox.c ****     if ((search_out.item_addr == 0) || \
 1341              		.loc 1 649 25 is_stmt 0 view .LVU397
 1342 009c 294B     		ldr	r3, .L74+44
 1343 009e 5B68     		ldr	r3, [r3, #4]
 649:Task/Task_BlackBox.c ****     if ((search_out.item_addr == 0) || \
 1344              		.loc 1 649 18 view .LVU398
 1345 00a0 294A     		ldr	r2, .L74+48
 1346 00a2 0221     		movs	r1, #2
 1347 00a4 02A8     		add	r0, sp, #8
 1348 00a6 9847     		blx	r3
 1349              	.LVL86:
 650:Task/Task_BlackBox.c ****         (Storage.update(Para_User, search_out.item.data_addr, (uint8_t *)&info, sizeof(BlackBox_Log
 1350              		.loc 1 650 5 is_stmt 1 view .LVU399
 650:Task/Task_BlackBox.c ****         (Storage.update(Para_User, search_out.item.data_addr, (uint8_t *)&info, sizeof(BlackBox_Log
 1351              		.loc 1 650 20 is_stmt 0 view .LVU400
 1352 00a8 029B     		ldr	r3, [sp, #8]
 650:Task/Task_BlackBox.c ****         (Storage.update(Para_User, search_out.item.data_addr, (uint8_t *)&info, sizeof(BlackBox_Log
 1353              		.loc 1 650 8 view .LVU401
 1354 00aa 3BB1     		cbz	r3, .L67
 651:Task/Task_BlackBox.c ****     {
 1355              		.loc 1 651 17 discriminator 1 view .LVU402
 1356 00ac 254B     		ldr	r3, .L74+44
 1357 00ae DD68     		ldr	r5, [r3, #12]
 651:Task/Task_BlackBox.c ****     {
 1358              		.loc 1 651 10 discriminator 1 view .LVU403
 1359 00b0 0623     		movs	r3, #6
 1360 00b2 6A46     		mov	r2, sp
 1361 00b4 0E99     		ldr	r1, [sp, #56]
 1362 00b6 0220     		movs	r0, #2
 1363 00b8 A847     		blx	r5
 1364              	.LVL87:
 650:Task/Task_BlackBox.c ****         (Storage.update(Para_User, search_out.item.data_addr, (uint8_t *)&info, sizeof(BlackBox_Log
 1365              		.loc 1 650 37 discriminator 1 view .LVU404
 1366 00ba 18B3     		cbz	r0, .L68
 1367              	.L67:
 653:Task/Task_BlackBox.c ****         return;
 1368              		.loc 1 653 9 is_stmt 1 view .LVU405
 1369 00bc 2349     		ldr	r1, .L74+52
 1370 00be 2046     		mov	r0, r4
 1371 00c0 FFF7FEFF 		bl	shellPrint
 1372              	.LVL88:
 654:Task/Task_BlackBox.c ****     }
 1373              		.loc 1 654 9 view .LVU406
 1374 00c4 03E0     		b	.L57
 1375              	.L59:
 623:Task/Task_BlackBox.c ****             shellPrint(shell_obj, "\tBAD MEDIUM TYPE INPUT\r\n");
 1376              		.loc 1 623 9 view .LVU407
 623:Task/Task_BlackBox.c ****             shellPrint(shell_obj, "\tBAD MEDIUM TYPE INPUT\r\n");
 1377              		.loc 1 623 12 is_stmt 0 view .LVU408
 1378 00c6 032D     		cmp	r5, #3
 1379 00c8 04D8     		bhi	.L71
ARM GAS  C:\Users\HUAV\AppData\Local\Temp\ccYocD5a.s 			page 49


 1380              	.L61:
 626:Task/Task_BlackBox.c ****             shellPrint(shell_obj, "\tBAD LOG DATA TYPE INPUT\r\n");
 1381              		.loc 1 626 9 is_stmt 1 view .LVU409
 626:Task/Task_BlackBox.c ****             shellPrint(shell_obj, "\tBAD LOG DATA TYPE INPUT\r\n");
 1382              		.loc 1 626 12 is_stmt 0 view .LVU410
 1383 00ca 042E     		cmp	r6, #4
 1384 00cc 07D8     		bhi	.L72
 1385              	.LVL89:
 1386              	.L57:
 659:Task/Task_BlackBox.c **** SHELL_EXPORT_CMD(SHELL_CMD_PERMISSION(0) | SHELL_CMD_TYPE(SHELL_TYPE_CMD_FUNC) | SHELL_CMD_DISABLE_
 1387              		.loc 1 659 1 view .LVU411
 1388 00ce 14B0     		add	sp, sp, #80
 1389              	.LCFI10:
 1390              		.cfi_remember_state
 1391              		.cfi_def_cfa_offset 24
 1392              		@ sp needed
 1393 00d0 BDE8F081 		pop	{r4, r5, r6, r7, r8, pc}
 1394              	.LVL90:
 1395              	.L71:
 1396              	.LCFI11:
 1397              		.cfi_restore_state
 624:Task/Task_BlackBox.c **** 
 1398              		.loc 1 624 13 is_stmt 1 view .LVU412
 1399 00d4 1E49     		ldr	r1, .L74+56
 1400 00d6 2046     		mov	r0, r4
 1401 00d8 FFF7FEFF 		bl	shellPrint
 1402              	.LVL91:
 1403 00dc F5E7     		b	.L61
 1404              	.L72:
 627:Task/Task_BlackBox.c **** 
 1405              		.loc 1 627 13 view .LVU413
 1406 00de 1D49     		ldr	r1, .L74+60
 1407 00e0 2046     		mov	r0, r4
 1408 00e2 FFF7FEFF 		bl	shellPrint
 1409              	.LVL92:
 629:Task/Task_BlackBox.c ****     }
 1410              		.loc 1 629 9 view .LVU414
 1411 00e6 F2E7     		b	.L57
 1412              	.L63:
 636:Task/Task_BlackBox.c ****             shellPrint(shell_obj, "\tOnly support storage chip modlue currently\r\n");
 1413              		.loc 1 636 9 view .LVU415
 636:Task/Task_BlackBox.c ****             shellPrint(shell_obj, "\tOnly support storage chip modlue currently\r\n");
 1414              		.loc 1 636 12 is_stmt 0 view .LVU416
 1415 00e8 022D     		cmp	r5, #2
 1416 00ea 06D1     		bne	.L73
 1417              	.L65:
 639:Task/Task_BlackBox.c ****             shellPrint(shell_obj, "\tNot support currently\r\n");
 1418              		.loc 1 639 9 is_stmt 1 view .LVU417
 639:Task/Task_BlackBox.c ****             shellPrint(shell_obj, "\tNot support currently\r\n");
 1419              		.loc 1 639 12 is_stmt 0 view .LVU418
 1420 00ec 042E     		cmp	r6, #4
 1421 00ee EED1     		bne	.L57
 640:Task/Task_BlackBox.c **** 
 1422              		.loc 1 640 13 is_stmt 1 view .LVU419
 1423 00f0 1949     		ldr	r1, .L74+64
 1424 00f2 2046     		mov	r0, r4
 1425 00f4 FFF7FEFF 		bl	shellPrint
ARM GAS  C:\Users\HUAV\AppData\Local\Temp\ccYocD5a.s 			page 50


 1426              	.LVL93:
 642:Task/Task_BlackBox.c ****     }
 1427              		.loc 1 642 9 view .LVU420
 1428 00f8 E9E7     		b	.L57
 1429              	.L73:
 637:Task/Task_BlackBox.c ****         
 1430              		.loc 1 637 13 view .LVU421
 1431 00fa 1849     		ldr	r1, .L74+68
 1432 00fc 2046     		mov	r0, r4
 1433 00fe FFF7FEFF 		bl	shellPrint
 1434              	.LVL94:
 1435 0102 F3E7     		b	.L65
 1436              	.L68:
 657:Task/Task_BlackBox.c ****     shellPrint(shell_obj, "\treboot is required\r\n");
 1437              		.loc 1 657 5 view .LVU422
 1438 0104 1649     		ldr	r1, .L74+72
 1439 0106 2046     		mov	r0, r4
 1440 0108 FFF7FEFF 		bl	shellPrint
 1441              	.LVL95:
 658:Task/Task_BlackBox.c **** }
 1442              		.loc 1 658 5 view .LVU423
 1443 010c 1549     		ldr	r1, .L74+76
 1444 010e 2046     		mov	r0, r4
 1445 0110 FFF7FEFF 		bl	shellPrint
 1446              	.LVL96:
 1447 0114 DBE7     		b	.L57
 1448              	.L75:
 1449 0116 00BF     		.align	2
 1450              	.L74:
 1451 0118 00000000 		.word	.LC6
 1452 011c 24000000 		.word	.LC7
 1453 0120 3C000000 		.word	.LC8
 1454 0124 54000000 		.word	.LC9
 1455 0128 6C000000 		.word	.LC10
 1456 012c 88000000 		.word	.LC12
 1457 0130 AC000000 		.word	.LC13
 1458 0134 C4000000 		.word	.LC14
 1459 0138 DC000000 		.word	.LC15
 1460 013c F4000000 		.word	.LC16
 1461 0140 0C010000 		.word	.LC17
 1462 0144 00000000 		.word	Storage
 1463 0148 A8010000 		.word	.LC22
 1464 014c B4010000 		.word	.LC23
 1465 0150 24010000 		.word	.LC18
 1466 0154 40010000 		.word	.LC19
 1467 0158 8C010000 		.word	.LC21
 1468 015c 5C010000 		.word	.LC20
 1469 0160 D0010000 		.word	.LC24
 1470 0164 EC010000 		.word	.LC25
 1471 0168 84000000 		.word	.LC11
 1472              		.cfi_endproc
 1473              	.LFE156:
 1475              		.section	.rodata.TaskBlackBox_EnableLog.str1.4,"aMS",%progbits,1
 1476              		.align	2
 1477              	.LC26:
 1478 0000 5B204261 		.ascii	"[ BalckBox ] Enable\015\015\000"
 1478      6C636B42 
ARM GAS  C:\Users\HUAV\AppData\Local\Temp\ccYocD5a.s 			page 51


 1478      6F78205D 
 1478      20456E61 
 1478      626C650D 
 1479 0016 0000     		.align	2
 1480              	.LC27:
 1481 0018 5B20426C 		.ascii	"[ BlackBox ] Enable Failed\015\012\000"
 1481      61636B42 
 1481      6F78205D 
 1481      20456E61 
 1481      626C6520 
 1482              		.section	.text.TaskBlackBox_EnableLog,"ax",%progbits
 1483              		.align	1
 1484              		.syntax unified
 1485              		.thumb
 1486              		.thumb_func
 1488              	TaskBlackBox_EnableLog:
 1489              	.LFB157:
 663:Task/Task_BlackBox.c ****     Shell *shell_obj = Shell_GetInstence();
 1490              		.loc 1 663 1 view -0
 1491              		.cfi_startproc
 1492              		@ args = 0, pretend = 0, frame = 0
 1493              		@ frame_needed = 0, uses_anonymous_args = 0
 1494 0000 10B5     		push	{r4, lr}
 1495              	.LCFI12:
 1496              		.cfi_def_cfa_offset 8
 1497              		.cfi_offset 4, -8
 1498              		.cfi_offset 14, -4
 664:Task/Task_BlackBox.c **** 
 1499              		.loc 1 664 5 view .LVU425
 664:Task/Task_BlackBox.c **** 
 1500              		.loc 1 664 24 is_stmt 0 view .LVU426
 1501 0002 FFF7FEFF 		bl	Shell_GetInstence
 1502              	.LVL97:
 666:Task/Task_BlackBox.c ****         return;
 1503              		.loc 1 666 5 is_stmt 1 view .LVU427
 666:Task/Task_BlackBox.c ****         return;
 1504              		.loc 1 666 8 is_stmt 0 view .LVU428
 1505 0006 58B1     		cbz	r0, .L76
 1506 0008 0446     		mov	r4, r0
 666:Task/Task_BlackBox.c ****         return;
 1507              		.loc 1 666 44 discriminator 1 view .LVU429
 1508 000a 0D4B     		ldr	r3, .L81
 1509 000c 1B68     		ldr	r3, [r3]
 666:Task/Task_BlackBox.c ****         return;
 1510              		.loc 1 666 29 discriminator 1 view .LVU430
 1511 000e 3BB1     		cbz	r3, .L76
 669:Task/Task_BlackBox.c ****     {
 1512              		.loc 1 669 5 is_stmt 1 view .LVU431
 669:Task/Task_BlackBox.c ****     {
 1513              		.loc 1 669 19 is_stmt 0 view .LVU432
 1514 0010 5B68     		ldr	r3, [r3, #4]
 669:Task/Task_BlackBox.c ****     {
 1515              		.loc 1 669 8 view .LVU433
 1516 0012 0BB1     		cbz	r3, .L78
 669:Task/Task_BlackBox.c ****     {
 1517              		.loc 1 669 31 discriminator 1 view .LVU434
 1518 0014 9847     		blx	r3
ARM GAS  C:\Users\HUAV\AppData\Local\Temp\ccYocD5a.s 			page 52


 1519              	.LVL98:
 669:Task/Task_BlackBox.c ****     {
 1520              		.loc 1 669 28 discriminator 1 view .LVU435
 1521 0016 20B9     		cbnz	r0, .L80
 1522              	.L78:
 678:Task/Task_BlackBox.c **** }
 1523              		.loc 1 678 9 is_stmt 1 view .LVU436
 1524 0018 0A49     		ldr	r1, .L81+4
 1525 001a 2046     		mov	r0, r4
 1526 001c FFF7FEFF 		bl	shellPrint
 1527              	.LVL99:
 1528              	.L76:
 679:Task/Task_BlackBox.c **** SHELL_EXPORT_CMD(SHELL_CMD_PERMISSION(0) | SHELL_CMD_TYPE(SHELL_TYPE_CMD_FUNC) | SHELL_CMD_DISABLE_
 1529              		.loc 1 679 1 is_stmt 0 view .LVU437
 1530 0020 10BD     		pop	{r4, pc}
 1531              	.LVL100:
 1532              	.L80:
 671:Task/Task_BlackBox.c ****         Monitor.state = BlackBox_Log_Enable;
 1533              		.loc 1 671 9 is_stmt 1 view .LVU438
 1534 0022 0949     		ldr	r1, .L81+8
 1535 0024 2046     		mov	r0, r4
 1536 0026 FFF7FEFF 		bl	shellPrint
 1537              	.LVL101:
 672:Task/Task_BlackBox.c ****         Monitor.log_cnt = 0;
 1538              		.loc 1 672 9 view .LVU439
 672:Task/Task_BlackBox.c ****         Monitor.log_cnt = 0;
 1539              		.loc 1 672 23 is_stmt 0 view .LVU440
 1540 002a 084B     		ldr	r3, .L81+12
 1541 002c 0122     		movs	r2, #1
 1542 002e 1A70     		strb	r2, [r3]
 673:Task/Task_BlackBox.c ****         Monitor.log_byte_size = 0;
 1543              		.loc 1 673 9 is_stmt 1 view .LVU441
 673:Task/Task_BlackBox.c ****         Monitor.log_byte_size = 0;
 1544              		.loc 1 673 25 is_stmt 0 view .LVU442
 1545 0030 0022     		movs	r2, #0
 1546 0032 DA65     		str	r2, [r3, #92]
 674:Task/Task_BlackBox.c ****         Queue.reset(&BlackBox_Queue);
 1547              		.loc 1 674 9 is_stmt 1 view .LVU443
 674:Task/Task_BlackBox.c ****         Queue.reset(&BlackBox_Queue);
 1548              		.loc 1 674 31 is_stmt 0 view .LVU444
 1549 0034 9A65     		str	r2, [r3, #88]
 675:Task/Task_BlackBox.c ****     }
 1550              		.loc 1 675 9 is_stmt 1 view .LVU445
 675:Task/Task_BlackBox.c ****     }
 1551              		.loc 1 675 14 is_stmt 0 view .LVU446
 1552 0036 064B     		ldr	r3, .L81+16
 1553 0038 1B69     		ldr	r3, [r3, #16]
 675:Task/Task_BlackBox.c ****     }
 1554              		.loc 1 675 9 view .LVU447
 1555 003a 0648     		ldr	r0, .L81+20
 1556 003c 9847     		blx	r3
 1557              	.LVL102:
 1558 003e EFE7     		b	.L76
 1559              	.L82:
 1560              		.align	2
 1561              	.L81:
 1562 0040 00000000 		.word	.LANCHOR14
ARM GAS  C:\Users\HUAV\AppData\Local\Temp\ccYocD5a.s 			page 53


 1563 0044 18000000 		.word	.LC27
 1564 0048 00000000 		.word	.LC26
 1565 004c 00000000 		.word	.LANCHOR0
 1566 0050 00000000 		.word	Queue
 1567 0054 00000000 		.word	.LANCHOR1
 1568              		.cfi_endproc
 1569              	.LFE157:
 1571              		.section	.rodata.TaskBlackBox_DisableLog.str1.4,"aMS",%progbits,1
 1572              		.align	2
 1573              	.LC28:
 1574 0000 5B204261 		.ascii	"[ BalckBox ] Disable\015\015\000"
 1574      6C636B42 
 1574      6F78205D 
 1574      20446973 
 1574      61626C65 
 1575              		.section	.text.TaskBlackBox_DisableLog,"ax",%progbits
 1576              		.align	1
 1577              		.syntax unified
 1578              		.thumb
 1579              		.thumb_func
 1581              	TaskBlackBox_DisableLog:
 1582              	.LFB158:
 683:Task/Task_BlackBox.c ****     Shell *shell_obj = Shell_GetInstence();
 1583              		.loc 1 683 1 is_stmt 1 view -0
 1584              		.cfi_startproc
 1585              		@ args = 0, pretend = 0, frame = 0
 1586              		@ frame_needed = 0, uses_anonymous_args = 0
 1587 0000 08B5     		push	{r3, lr}
 1588              	.LCFI13:
 1589              		.cfi_def_cfa_offset 8
 1590              		.cfi_offset 3, -8
 1591              		.cfi_offset 14, -4
 684:Task/Task_BlackBox.c **** 
 1592              		.loc 1 684 5 view .LVU449
 684:Task/Task_BlackBox.c **** 
 1593              		.loc 1 684 24 is_stmt 0 view .LVU450
 1594 0002 FFF7FEFF 		bl	Shell_GetInstence
 1595              	.LVL103:
 686:Task/Task_BlackBox.c ****         return;
 1596              		.loc 1 686 5 is_stmt 1 view .LVU451
 686:Task/Task_BlackBox.c ****         return;
 1597              		.loc 1 686 8 is_stmt 0 view .LVU452
 1598 0006 40B1     		cbz	r0, .L83
 686:Task/Task_BlackBox.c ****         return;
 1599              		.loc 1 686 44 discriminator 1 view .LVU453
 1600 0008 044B     		ldr	r3, .L86
 1601 000a 1B68     		ldr	r3, [r3]
 686:Task/Task_BlackBox.c ****         return;
 1602              		.loc 1 686 29 discriminator 1 view .LVU454
 1603 000c 2BB1     		cbz	r3, .L83
 689:Task/Task_BlackBox.c ****     shellPrint(shell_obj, "[ BalckBox ] Disable\r\r");
 1604              		.loc 1 689 5 is_stmt 1 view .LVU455
 689:Task/Task_BlackBox.c ****     shellPrint(shell_obj, "[ BalckBox ] Disable\r\r");
 1605              		.loc 1 689 19 is_stmt 0 view .LVU456
 1606 000e 044B     		ldr	r3, .L86+4
 1607 0010 0221     		movs	r1, #2
 1608 0012 1970     		strb	r1, [r3]
ARM GAS  C:\Users\HUAV\AppData\Local\Temp\ccYocD5a.s 			page 54


 690:Task/Task_BlackBox.c **** }
 1609              		.loc 1 690 5 is_stmt 1 view .LVU457
 1610 0014 0349     		ldr	r1, .L86+8
 1611 0016 FFF7FEFF 		bl	shellPrint
 1612              	.LVL104:
 1613              	.L83:
 691:Task/Task_BlackBox.c **** SHELL_EXPORT_CMD(SHELL_CMD_PERMISSION(0) | SHELL_CMD_TYPE(SHELL_TYPE_CMD_FUNC) | SHELL_CMD_DISABLE_
 1614              		.loc 1 691 1 is_stmt 0 view .LVU458
 1615 001a 08BD     		pop	{r3, pc}
 1616              	.L87:
 1617              		.align	2
 1618              	.L86:
 1619 001c 00000000 		.word	.LANCHOR14
 1620 0020 00000000 		.word	.LANCHOR0
 1621 0024 00000000 		.word	.LC28
 1622              		.cfi_endproc
 1623              	.LFE158:
 1625              		.section	.rodata.TaskBlackBox_GetLogType.str1.4,"aMS",%progbits,1
 1626              		.align	2
 1627              	.LC29:
 1628 0000 5B20426C 		.ascii	"[ BlackBox ] log type: %s\015\012\000"
 1628      61636B42 
 1628      6F78205D 
 1628      206C6F67 
 1628      20747970 
 1629              		.section	.text.TaskBlackBox_GetLogType,"ax",%progbits
 1630              		.align	1
 1631              		.syntax unified
 1632              		.thumb
 1633              		.thumb_func
 1635              	TaskBlackBox_GetLogType:
 1636              	.LFB166:
 900:Task/Task_BlackBox.c **** 
 901:Task/Task_BlackBox.c **** static void TaskBlackBox_GetLogType(void)
 902:Task/Task_BlackBox.c **** {
 1637              		.loc 1 902 1 is_stmt 1 view -0
 1638              		.cfi_startproc
 1639              		@ args = 0, pretend = 0, frame = 0
 1640              		@ frame_needed = 0, uses_anonymous_args = 0
 1641 0000 10B5     		push	{r4, lr}
 1642              	.LCFI14:
 1643              		.cfi_def_cfa_offset 8
 1644              		.cfi_offset 4, -8
 1645              		.cfi_offset 14, -4
 903:Task/Task_BlackBox.c ****     Shell *shell_obj = Shell_GetInstence();
 1646              		.loc 1 903 5 view .LVU460
 1647              		.loc 1 903 24 is_stmt 0 view .LVU461
 1648 0002 FFF7FEFF 		bl	Shell_GetInstence
 1649              	.LVL105:
 904:Task/Task_BlackBox.c ****     if (shell_obj == NULL)
 1650              		.loc 1 904 5 is_stmt 1 view .LVU462
 1651              		.loc 1 904 8 is_stmt 0 view .LVU463
 1652 0006 38B1     		cbz	r0, .L88
 1653 0008 0446     		mov	r4, r0
 905:Task/Task_BlackBox.c ****         return;
 906:Task/Task_BlackBox.c ****     
 907:Task/Task_BlackBox.c ****     shellPrint(shell_obj, "[ BlackBox ] log type: %s\r\n", TaskBlackBox_Get_LogType_Str());
ARM GAS  C:\Users\HUAV\AppData\Local\Temp\ccYocD5a.s 			page 55


 1654              		.loc 1 907 5 is_stmt 1 view .LVU464
 1655 000a FFF7FEFF 		bl	TaskBlackBox_Get_LogType_Str
 1656              	.LVL106:
 1657              		.loc 1 907 5 is_stmt 0 view .LVU465
 1658 000e 0246     		mov	r2, r0
 1659 0010 0249     		ldr	r1, .L91
 1660 0012 2046     		mov	r0, r4
 1661 0014 FFF7FEFF 		bl	shellPrint
 1662              	.LVL107:
 1663              	.L88:
 908:Task/Task_BlackBox.c **** }
 1664              		.loc 1 908 1 view .LVU466
 1665 0018 10BD     		pop	{r4, pc}
 1666              	.L92:
 1667 001a 00BF     		.align	2
 1668              	.L91:
 1669 001c 00000000 		.word	.LC29
 1670              		.cfi_endproc
 1671              	.LFE166:
 1673              		.section	.rodata.TaskBlackBox_ConvertLogData_To_Header.str1.4,"aMS",%progbits,1
 1674              		.align	2
 1675              	.LC30:
 1676 0000 5B20426C 		.ascii	"[ BlackBox ] header tag error\015\012\000"
 1676      61636B42 
 1676      6F78205D 
 1676      20686561 
 1676      64657220 
 1677              		.align	2
 1678              	.LC31:
 1679 0020 5B20426C 		.ascii	"[ BlackBox ] type error\015\012\000"
 1679      61636B42 
 1679      6F78205D 
 1679      20747970 
 1679      65206572 
 1680              		.section	.text.TaskBlackBox_ConvertLogData_To_Header,"ax",%progbits
 1681              		.align	1
 1682              		.syntax unified
 1683              		.thumb
 1684              		.thumb_func
 1686              	TaskBlackBox_ConvertLogData_To_Header:
 1687              	.LVL108:
 1688              	.LFB159:
 695:Task/Task_BlackBox.c ****     if ((p_header == NULL) || \
 1689              		.loc 1 695 1 is_stmt 1 view -0
 1690              		.cfi_startproc
 1691              		@ args = 0, pretend = 0, frame = 0
 1692              		@ frame_needed = 0, uses_anonymous_args = 0
 696:Task/Task_BlackBox.c ****         (p_data == NULL) || \
 1693              		.loc 1 696 5 view .LVU468
 696:Task/Task_BlackBox.c ****         (p_data == NULL) || \
 1694              		.loc 1 696 8 is_stmt 0 view .LVU469
 1695 0000 0029     		cmp	r1, #0
 1696 0002 3FD0     		beq	.L100
 695:Task/Task_BlackBox.c ****     if ((p_header == NULL) || \
 1697              		.loc 1 695 1 discriminator 1 view .LVU470
 1698 0004 38B5     		push	{r3, r4, r5, lr}
 1699              	.LCFI15:
ARM GAS  C:\Users\HUAV\AppData\Local\Temp\ccYocD5a.s 			page 56


 1700              		.cfi_def_cfa_offset 16
 1701              		.cfi_offset 3, -16
 1702              		.cfi_offset 4, -12
 1703              		.cfi_offset 5, -8
 1704              		.cfi_offset 14, -4
 1705 0006 0446     		mov	r4, r0
 1706 0008 0846     		mov	r0, r1
 1707              	.LVL109:
 696:Task/Task_BlackBox.c ****         (p_data == NULL) || \
 1708              		.loc 1 696 28 discriminator 1 view .LVU471
 1709 000a 002A     		cmp	r2, #0
 1710 000c 3CD0     		beq	.L101
 697:Task/Task_BlackBox.c ****         (len == NULL) || \
 1711              		.loc 1 697 26 view .LVU472
 1712 000e 002B     		cmp	r3, #0
 1713 0010 3CD0     		beq	.L102
 699:Task/Task_BlackBox.c ****         return BlackBox_Cnv_Para_Error;
 1714              		.loc 1 699 10 view .LVU473
 1715 0012 1168     		ldr	r1, [r2]
 1716              	.LVL110:
 698:Task/Task_BlackBox.c ****         (*p_data == NULL))
 1717              		.loc 1 698 23 view .LVU474
 1718 0014 0029     		cmp	r1, #0
 1719 0016 3BD0     		beq	.L103
 702:Task/Task_BlackBox.c ****         return BlackBox_Cnv_Size_Error;
 1720              		.loc 1 702 5 is_stmt 1 view .LVU475
 702:Task/Task_BlackBox.c ****         return BlackBox_Cnv_Size_Error;
 1721              		.loc 1 702 8 is_stmt 0 view .LVU476
 1722 0018 1D68     		ldr	r5, [r3]
 1723 001a 042D     		cmp	r5, #4
 1724 001c 3AD9     		bls	.L104
 705:Task/Task_BlackBox.c ****     if (p_header->header != BLACKBOX_LOG_HEADER)
 1725              		.loc 1 705 5 is_stmt 1 view .LVU477
 1726 001e 0968     		ldr	r1, [r1]	@ unaligned
 1727 0020 0160     		str	r1, [r0]	@ unaligned
 706:Task/Task_BlackBox.c ****     {
 1728              		.loc 1 706 5 view .LVU478
 706:Task/Task_BlackBox.c ****     {
 1729              		.loc 1 706 8 is_stmt 0 view .LVU479
 1730 0022 1FFA81FE 		uxth	lr, r1
 1731 0026 4EF21E1C 		movw	ip, #57630
 1732 002a E645     		cmp	lr, ip
 1733 002c 0ED1     		bne	.L112
 713:Task/Task_BlackBox.c ****     {
 1734              		.loc 1 713 5 is_stmt 1 view .LVU480
 1735 002e C1F30740 		ubfx	r0, r1, #16, #8
 1736              	.LVL111:
 713:Task/Task_BlackBox.c ****     {
 1737              		.loc 1 713 5 is_stmt 0 view .LVU481
 1738 0032 0228     		cmp	r0, #2
 1739 0034 1DD0     		beq	.L96
 1740 0036 0328     		cmp	r0, #3
 1741 0038 1FD0     		beq	.L97
 1742 003a 0128     		cmp	r0, #1
 1743 003c 0ED0     		beq	.L113
 731:Task/Task_BlackBox.c ****                 shellPrint(p_shell, "[ BlackBox ] type error\r\n");
 1744              		.loc 1 731 13 is_stmt 1 view .LVU482
ARM GAS  C:\Users\HUAV\AppData\Local\Temp\ccYocD5a.s 			page 57


 731:Task/Task_BlackBox.c ****                 shellPrint(p_shell, "[ BlackBox ] type error\r\n");
 1745              		.loc 1 731 16 is_stmt 0 view .LVU483
 1746 003e 6CB3     		cbz	r4, .L107
 732:Task/Task_BlackBox.c ****             return BlackBox_Cnv_Type_Error;
 1747              		.loc 1 732 17 is_stmt 1 view .LVU484
 1748 0040 1749     		ldr	r1, .L115
 1749 0042 2046     		mov	r0, r4
 1750 0044 FFF7FEFF 		bl	shellPrint
 1751              	.LVL112:
 733:Task/Task_BlackBox.c ****     }
 1752              		.loc 1 733 20 is_stmt 0 view .LVU485
 1753 0048 0320     		movs	r0, #3
 1754 004a 11E0     		b	.L94
 1755              	.LVL113:
 1756              	.L112:
 708:Task/Task_BlackBox.c ****         shellPrint(p_shell, "[ BlackBox ] header tag error\r\n");
 1757              		.loc 1 708 9 is_stmt 1 view .LVU486
 1758 004c 0023     		movs	r3, #0
 1759              	.LVL114:
 708:Task/Task_BlackBox.c ****         shellPrint(p_shell, "[ BlackBox ] header tag error\r\n");
 1760              		.loc 1 708 9 is_stmt 0 view .LVU487
 1761 004e 0360     		str	r3, [r0]	@ unaligned
 709:Task/Task_BlackBox.c ****         return BlackBox_Cnv_Header_Error;
 1762              		.loc 1 709 9 is_stmt 1 view .LVU488
 1763 0050 1449     		ldr	r1, .L115+4
 1764 0052 2046     		mov	r0, r4
 1765              	.LVL115:
 709:Task/Task_BlackBox.c ****         return BlackBox_Cnv_Header_Error;
 1766              		.loc 1 709 9 is_stmt 0 view .LVU489
 1767 0054 FFF7FEFF 		bl	shellPrint
 1768              	.LVL116:
 710:Task/Task_BlackBox.c ****     }
 1769              		.loc 1 710 9 is_stmt 1 view .LVU490
 710:Task/Task_BlackBox.c ****     }
 1770              		.loc 1 710 16 is_stmt 0 view .LVU491
 1771 0058 0420     		movs	r0, #4
 1772 005a 09E0     		b	.L94
 1773              	.LVL117:
 1774              	.L113:
 716:Task/Task_BlackBox.c ****                 return BlackBox_Cnv_Size_Error;
 1775              		.loc 1 716 13 is_stmt 1 view .LVU492
 716:Task/Task_BlackBox.c ****                 return BlackBox_Cnv_Size_Error;
 1776              		.loc 1 716 17 is_stmt 0 view .LVU493
 1777 005c 1968     		ldr	r1, [r3]
 716:Task/Task_BlackBox.c ****                 return BlackBox_Cnv_Size_Error;
 1778              		.loc 1 716 16 view .LVU494
 1779 005e 2C29     		cmp	r1, #44
 1780 0060 1AD9     		bls	.L114
 1781              	.L99:
 736:Task/Task_BlackBox.c ****     *p_data += BLACKBOX_HEADER_SIZE;
 1782              		.loc 1 736 5 is_stmt 1 view .LVU495
 736:Task/Task_BlackBox.c ****     *p_data += BLACKBOX_HEADER_SIZE;
 1783              		.loc 1 736 10 is_stmt 0 view .LVU496
 1784 0062 1968     		ldr	r1, [r3]
 1785 0064 0439     		subs	r1, r1, #4
 1786 0066 1960     		str	r1, [r3]
 737:Task/Task_BlackBox.c **** 
ARM GAS  C:\Users\HUAV\AppData\Local\Temp\ccYocD5a.s 			page 58


 1787              		.loc 1 737 5 is_stmt 1 view .LVU497
 737:Task/Task_BlackBox.c **** 
 1788              		.loc 1 737 13 is_stmt 0 view .LVU498
 1789 0068 1368     		ldr	r3, [r2]
 1790              	.LVL118:
 737:Task/Task_BlackBox.c **** 
 1791              		.loc 1 737 13 view .LVU499
 1792 006a 0433     		adds	r3, r3, #4
 1793 006c 1360     		str	r3, [r2]
 739:Task/Task_BlackBox.c **** }
 1794              		.loc 1 739 5 is_stmt 1 view .LVU500
 739:Task/Task_BlackBox.c **** }
 1795              		.loc 1 739 12 is_stmt 0 view .LVU501
 1796 006e 0020     		movs	r0, #0
 1797              	.LVL119:
 1798              	.L94:
 740:Task/Task_BlackBox.c **** 
 1799              		.loc 1 740 1 view .LVU502
 1800 0070 38BD     		pop	{r3, r4, r5, pc}
 1801              	.LVL120:
 1802              	.L96:
 721:Task/Task_BlackBox.c ****                 return BlackBox_Cnv_Size_Error;
 1803              		.loc 1 721 13 is_stmt 1 view .LVU503
 721:Task/Task_BlackBox.c ****                 return BlackBox_Cnv_Size_Error;
 1804              		.loc 1 721 17 is_stmt 0 view .LVU504
 1805 0072 1968     		ldr	r1, [r3]
 721:Task/Task_BlackBox.c ****                 return BlackBox_Cnv_Size_Error;
 1806              		.loc 1 721 16 view .LVU505
 1807 0074 3629     		cmp	r1, #54
 1808 0076 F4D8     		bhi	.L99
 1809 0078 FAE7     		b	.L94
 1810              	.L97:
 726:Task/Task_BlackBox.c ****                 return BlackBox_Cnv_Size_Error;
 1811              		.loc 1 726 13 is_stmt 1 view .LVU506
 726:Task/Task_BlackBox.c ****                 return BlackBox_Cnv_Size_Error;
 1812              		.loc 1 726 17 is_stmt 0 view .LVU507
 1813 007a 1968     		ldr	r1, [r3]
 726:Task/Task_BlackBox.c ****                 return BlackBox_Cnv_Size_Error;
 1814              		.loc 1 726 16 view .LVU508
 1815 007c 2329     		cmp	r1, #35
 1816 007e F0D8     		bhi	.L99
 727:Task/Task_BlackBox.c ****             break;
 1817              		.loc 1 727 24 view .LVU509
 1818 0080 0220     		movs	r0, #2
 1819 0082 F5E7     		b	.L94
 1820              	.LVL121:
 1821              	.L100:
 1822              	.LCFI16:
 1823              		.cfi_def_cfa_offset 0
 1824              		.cfi_restore 3
 1825              		.cfi_restore 4
 1826              		.cfi_restore 5
 1827              		.cfi_restore 14
 700:Task/Task_BlackBox.c ****     
 1828              		.loc 1 700 16 view .LVU510
 1829 0084 0120     		movs	r0, #1
 1830              	.LVL122:
ARM GAS  C:\Users\HUAV\AppData\Local\Temp\ccYocD5a.s 			page 59


 740:Task/Task_BlackBox.c **** 
 1831              		.loc 1 740 1 view .LVU511
 1832 0086 7047     		bx	lr
 1833              	.LVL123:
 1834              	.L101:
 1835              	.LCFI17:
 1836              		.cfi_def_cfa_offset 16
 1837              		.cfi_offset 3, -16
 1838              		.cfi_offset 4, -12
 1839              		.cfi_offset 5, -8
 1840              		.cfi_offset 14, -4
 700:Task/Task_BlackBox.c ****     
 1841              		.loc 1 700 16 view .LVU512
 1842 0088 0120     		movs	r0, #1
 1843              	.LVL124:
 700:Task/Task_BlackBox.c ****     
 1844              		.loc 1 700 16 view .LVU513
 1845 008a F1E7     		b	.L94
 1846              	.LVL125:
 1847              	.L102:
 700:Task/Task_BlackBox.c ****     
 1848              		.loc 1 700 16 view .LVU514
 1849 008c 0120     		movs	r0, #1
 1850              	.LVL126:
 700:Task/Task_BlackBox.c ****     
 1851              		.loc 1 700 16 view .LVU515
 1852 008e EFE7     		b	.L94
 1853              	.LVL127:
 1854              	.L103:
 700:Task/Task_BlackBox.c ****     
 1855              		.loc 1 700 16 view .LVU516
 1856 0090 0120     		movs	r0, #1
 1857              	.LVL128:
 700:Task/Task_BlackBox.c ****     
 1858              		.loc 1 700 16 view .LVU517
 1859 0092 EDE7     		b	.L94
 1860              	.LVL129:
 1861              	.L104:
 703:Task/Task_BlackBox.c **** 
 1862              		.loc 1 703 16 view .LVU518
 1863 0094 0220     		movs	r0, #2
 1864              	.LVL130:
 703:Task/Task_BlackBox.c **** 
 1865              		.loc 1 703 16 view .LVU519
 1866 0096 EBE7     		b	.L94
 1867              	.L114:
 717:Task/Task_BlackBox.c ****             break;
 1868              		.loc 1 717 24 view .LVU520
 1869 0098 0220     		movs	r0, #2
 1870 009a E9E7     		b	.L94
 1871              	.L107:
 733:Task/Task_BlackBox.c ****     }
 1872              		.loc 1 733 20 view .LVU521
 1873 009c 0320     		movs	r0, #3
 1874 009e E7E7     		b	.L94
 1875              	.L116:
 1876              		.align	2
ARM GAS  C:\Users\HUAV\AppData\Local\Temp\ccYocD5a.s 			page 60


 1877              	.L115:
 1878 00a0 20000000 		.word	.LC31
 1879 00a4 00000000 		.word	.LC30
 1880              		.cfi_endproc
 1881              	.LFE159:
 1883              		.section	.rodata.TaskBlackBox_ConvertLogData_To_IMU.str1.4,"aMS",%progbits,1
 1884              		.align	2
 1885              	.LC32:
 1886 0000 25642000 		.ascii	"%d \000"
 1887              		.global	__aeabi_f2d
 1888              		.align	2
 1889              	.LC33:
 1890 0004 25662000 		.ascii	"%f \000"
 1891              		.align	2
 1892              	.LC34:
 1893 0008 25660D0A 		.ascii	"%f\015\012\000"
 1893      00
 1894              		.section	.text.TaskBlackBox_ConvertLogData_To_IMU,"ax",%progbits
 1895              		.align	1
 1896              		.syntax unified
 1897              		.thumb
 1898              		.thumb_func
 1900              	TaskBlackBox_ConvertLogData_To_IMU:
 1901              	.LVL131:
 1902              	.LFB161:
 768:Task/Task_BlackBox.c ****     if ((p_imu == NULL) || \
 1903              		.loc 1 768 1 is_stmt 1 view -0
 1904              		.cfi_startproc
 1905              		@ args = 0, pretend = 0, frame = 0
 1906              		@ frame_needed = 0, uses_anonymous_args = 0
 769:Task/Task_BlackBox.c ****         (p_data == NULL) || \
 1907              		.loc 1 769 5 view .LVU523
 769:Task/Task_BlackBox.c ****         (p_data == NULL) || \
 1908              		.loc 1 769 8 is_stmt 0 view .LVU524
 1909 0000 0029     		cmp	r1, #0
 1910 0002 00F05881 		beq	.L121
 768:Task/Task_BlackBox.c ****     if ((p_imu == NULL) || \
 1911              		.loc 1 768 1 discriminator 1 view .LVU525
 1912 0006 2DE9F041 		push	{r4, r5, r6, r7, r8, lr}
 1913              	.LCFI18:
 1914              		.cfi_def_cfa_offset 24
 1915              		.cfi_offset 4, -24
 1916              		.cfi_offset 5, -20
 1917              		.cfi_offset 6, -16
 1918              		.cfi_offset 7, -12
 1919              		.cfi_offset 8, -8
 1920              		.cfi_offset 14, -4
 1921 000a 0546     		mov	r5, r0
 1922 000c 1646     		mov	r6, r2
 1923 000e 1F46     		mov	r7, r3
 1924 0010 0C46     		mov	r4, r1
 769:Task/Task_BlackBox.c ****         (p_data == NULL) || \
 1925              		.loc 1 769 25 discriminator 1 view .LVU526
 1926 0012 002A     		cmp	r2, #0
 1927 0014 00F05181 		beq	.L122
 771:Task/Task_BlackBox.c ****         (len == NULL) || \
 1928              		.loc 1 771 10 view .LVU527
ARM GAS  C:\Users\HUAV\AppData\Local\Temp\ccYocD5a.s 			page 61


 1929 0018 1368     		ldr	r3, [r2]
 1930              	.LVL132:
 770:Task/Task_BlackBox.c ****         (*p_data == NULL) || \
 1931              		.loc 1 770 26 view .LVU528
 1932 001a 002B     		cmp	r3, #0
 1933 001c 00F04F81 		beq	.L123
 771:Task/Task_BlackBox.c ****         (len == NULL) || \
 1934              		.loc 1 771 27 view .LVU529
 1935 0020 002F     		cmp	r7, #0
 1936 0022 00F04E81 		beq	.L124
 773:Task/Task_BlackBox.c ****         return BlackBox_Cnv_Size_Error;
 1937              		.loc 1 773 10 view .LVU530
 1938 0026 3A68     		ldr	r2, [r7]
 1939              	.LVL133:
 772:Task/Task_BlackBox.c ****         (*len < sizeof(BlackBox_IMUData_TypeDef)))
 1940              		.loc 1 772 23 view .LVU531
 1941 0028 252A     		cmp	r2, #37
 1942 002a 40F24C81 		bls	.L125
 776:Task/Task_BlackBox.c ****     if (p_shell)
 1943              		.loc 1 776 5 is_stmt 1 view .LVU532
 1944 002e 1946     		mov	r1, r3
 1945              	.LVL134:
 776:Task/Task_BlackBox.c ****     if (p_shell)
 1946              		.loc 1 776 5 is_stmt 0 view .LVU533
 1947 0030 A446     		mov	ip, r4
 1948 0032 2033     		adds	r3, r3, #32
 1949              	.LVL135:
 1950              	.L119:
 776:Task/Task_BlackBox.c ****     if (p_shell)
 1951              		.loc 1 776 5 view .LVU534
 1952 0034 D1F80080 		ldr	r8, [r1]	@ unaligned
 1953 0038 D1F804E0 		ldr	lr, [r1, #4]	@ unaligned
 1954 003c 8868     		ldr	r0, [r1, #8]	@ unaligned
 1955 003e CA68     		ldr	r2, [r1, #12]	@ unaligned
 1956 0040 CCF80080 		str	r8, [ip]	@ unaligned
 1957 0044 CCF804E0 		str	lr, [ip, #4]	@ unaligned
 1958 0048 CCF80800 		str	r0, [ip, #8]	@ unaligned
 1959 004c CCF80C20 		str	r2, [ip, #12]	@ unaligned
 1960 0050 1031     		adds	r1, r1, #16
 1961 0052 0CF1100C 		add	ip, ip, #16
 1962 0056 9942     		cmp	r1, r3
 1963 0058 ECD1     		bne	.L119
 1964 005a 0B68     		ldr	r3, [r1]	@ unaligned
 1965 005c CCF80030 		str	r3, [ip]	@ unaligned
 1966 0060 8B88     		ldrh	r3, [r1, #4]	@ unaligned
 1967 0062 ACF80430 		strh	r3, [ip, #4]	@ unaligned
 777:Task/Task_BlackBox.c ****     {
 1968              		.loc 1 777 5 is_stmt 1 view .LVU535
 777:Task/Task_BlackBox.c ****     {
 1969              		.loc 1 777 8 is_stmt 0 view .LVU536
 1970 0066 002D     		cmp	r5, #0
 1971 0068 00F01C81 		beq	.L120
 779:Task/Task_BlackBox.c ****         shellPrint(p_shell, "%d ", p_imu->cyc);
 1972              		.loc 1 779 9 is_stmt 1 view .LVU537
 1973 006c DFF86082 		ldr	r8, .L130+4
 1974 0070 2268     		ldr	r2, [r4]	@ unaligned
 1975 0072 4146     		mov	r1, r8
ARM GAS  C:\Users\HUAV\AppData\Local\Temp\ccYocD5a.s 			page 62


 1976 0074 2846     		mov	r0, r5
 1977 0076 FFF7FEFF 		bl	shellPrint
 1978              	.LVL136:
 780:Task/Task_BlackBox.c ****         shellPrint(p_shell, "%d ", p_imu->throttle_percent);
 1979              		.loc 1 780 9 view .LVU538
 1980 007a 2279     		ldrb	r2, [r4, #4]	@ zero_extendqisi2
 1981 007c 4146     		mov	r1, r8
 1982 007e 2846     		mov	r0, r5
 1983 0080 FFF7FEFF 		bl	shellPrint
 1984              	.LVL137:
 781:Task/Task_BlackBox.c ****         shellPrint(p_shell, "%f ", p_imu->org_acc[Axis_X] / p_imu->acc_scale);
 1985              		.loc 1 781 9 view .LVU539
 1986 0084 94F82520 		ldrb	r2, [r4, #37]	@ zero_extendqisi2
 1987 0088 4146     		mov	r1, r8
 1988 008a 2846     		mov	r0, r5
 1989 008c FFF7FEFF 		bl	shellPrint
 1990              	.LVL138:
 782:Task/Task_BlackBox.c ****         shellPrint(p_shell, "%f ", p_imu->org_acc[Axis_Y] / p_imu->acc_scale);
 1991              		.loc 1 782 9 view .LVU540
 782:Task/Task_BlackBox.c ****         shellPrint(p_shell, "%f ", p_imu->org_acc[Axis_Y] / p_imu->acc_scale);
 1992              		.loc 1 782 50 is_stmt 0 view .LVU541
 1993 0090 B4F90D30 		ldrsh	r3, [r4, #13]	@ unaligned
 1994 0094 07EE903A 		vmov	s15, r3	@ int
 782:Task/Task_BlackBox.c ****         shellPrint(p_shell, "%f ", p_imu->org_acc[Axis_Y] / p_imu->acc_scale);
 1995              		.loc 1 782 66 view .LVU542
 1996 0098 D4F80500 		ldr	r0, [r4, #5]	@ unaligned
 782:Task/Task_BlackBox.c ****         shellPrint(p_shell, "%f ", p_imu->org_acc[Axis_Y] / p_imu->acc_scale);
 1997              		.loc 1 782 59 view .LVU543
 1998 009c F8EEE77A 		vcvt.f32.s32	s15, s15
 782:Task/Task_BlackBox.c ****         shellPrint(p_shell, "%f ", p_imu->org_acc[Axis_Y] / p_imu->acc_scale);
 1999              		.loc 1 782 9 view .LVU544
 2000 00a0 07EE100A 		vmov	s14, r0
 2001 00a4 C7EE877A 		vdiv.f32	s15, s15, s14
 2002 00a8 17EE900A 		vmov	r0, s15
 2003 00ac FFF7FEFF 		bl	__aeabi_f2d
 2004              	.LVL139:
 2005 00b0 0246     		mov	r2, r0
 2006 00b2 0B46     		mov	r3, r1
 2007 00b4 DFF81C82 		ldr	r8, .L130+8
 2008 00b8 4146     		mov	r1, r8
 2009 00ba 2846     		mov	r0, r5
 2010 00bc FFF7FEFF 		bl	shellPrint
 2011              	.LVL140:
 783:Task/Task_BlackBox.c ****         shellPrint(p_shell, "%f ", p_imu->org_acc[Axis_Z] / p_imu->acc_scale);
 2012              		.loc 1 783 9 is_stmt 1 view .LVU545
 783:Task/Task_BlackBox.c ****         shellPrint(p_shell, "%f ", p_imu->org_acc[Axis_Z] / p_imu->acc_scale);
 2013              		.loc 1 783 50 is_stmt 0 view .LVU546
 2014 00c0 B4F90F30 		ldrsh	r3, [r4, #15]	@ unaligned
 2015 00c4 07EE903A 		vmov	s15, r3	@ int
 783:Task/Task_BlackBox.c ****         shellPrint(p_shell, "%f ", p_imu->org_acc[Axis_Z] / p_imu->acc_scale);
 2016              		.loc 1 783 66 view .LVU547
 2017 00c8 D4F80500 		ldr	r0, [r4, #5]	@ unaligned
 783:Task/Task_BlackBox.c ****         shellPrint(p_shell, "%f ", p_imu->org_acc[Axis_Z] / p_imu->acc_scale);
 2018              		.loc 1 783 59 view .LVU548
 2019 00cc F8EEE77A 		vcvt.f32.s32	s15, s15
 783:Task/Task_BlackBox.c ****         shellPrint(p_shell, "%f ", p_imu->org_acc[Axis_Z] / p_imu->acc_scale);
 2020              		.loc 1 783 9 view .LVU549
ARM GAS  C:\Users\HUAV\AppData\Local\Temp\ccYocD5a.s 			page 63


 2021 00d0 07EE100A 		vmov	s14, r0
 2022 00d4 C7EE877A 		vdiv.f32	s15, s15, s14
 2023 00d8 17EE900A 		vmov	r0, s15
 2024 00dc FFF7FEFF 		bl	__aeabi_f2d
 2025              	.LVL141:
 2026 00e0 0246     		mov	r2, r0
 2027 00e2 0B46     		mov	r3, r1
 2028 00e4 4146     		mov	r1, r8
 2029 00e6 2846     		mov	r0, r5
 2030 00e8 FFF7FEFF 		bl	shellPrint
 2031              	.LVL142:
 784:Task/Task_BlackBox.c ****         shellPrint(p_shell, "%f ", p_imu->flt_acc[Axis_X] / p_imu->acc_scale);
 2032              		.loc 1 784 9 is_stmt 1 view .LVU550
 784:Task/Task_BlackBox.c ****         shellPrint(p_shell, "%f ", p_imu->flt_acc[Axis_X] / p_imu->acc_scale);
 2033              		.loc 1 784 50 is_stmt 0 view .LVU551
 2034 00ec B4F91130 		ldrsh	r3, [r4, #17]	@ unaligned
 2035 00f0 07EE903A 		vmov	s15, r3	@ int
 784:Task/Task_BlackBox.c ****         shellPrint(p_shell, "%f ", p_imu->flt_acc[Axis_X] / p_imu->acc_scale);
 2036              		.loc 1 784 66 view .LVU552
 2037 00f4 D4F80500 		ldr	r0, [r4, #5]	@ unaligned
 784:Task/Task_BlackBox.c ****         shellPrint(p_shell, "%f ", p_imu->flt_acc[Axis_X] / p_imu->acc_scale);
 2038              		.loc 1 784 59 view .LVU553
 2039 00f8 F8EEE77A 		vcvt.f32.s32	s15, s15
 784:Task/Task_BlackBox.c ****         shellPrint(p_shell, "%f ", p_imu->flt_acc[Axis_X] / p_imu->acc_scale);
 2040              		.loc 1 784 9 view .LVU554
 2041 00fc 07EE100A 		vmov	s14, r0
 2042 0100 C7EE877A 		vdiv.f32	s15, s15, s14
 2043 0104 17EE900A 		vmov	r0, s15
 2044 0108 FFF7FEFF 		bl	__aeabi_f2d
 2045              	.LVL143:
 2046 010c 0246     		mov	r2, r0
 2047 010e 0B46     		mov	r3, r1
 2048 0110 4146     		mov	r1, r8
 2049 0112 2846     		mov	r0, r5
 2050 0114 FFF7FEFF 		bl	shellPrint
 2051              	.LVL144:
 785:Task/Task_BlackBox.c ****         shellPrint(p_shell, "%f ", p_imu->flt_acc[Axis_Y] / p_imu->acc_scale);
 2052              		.loc 1 785 9 is_stmt 1 view .LVU555
 785:Task/Task_BlackBox.c ****         shellPrint(p_shell, "%f ", p_imu->flt_acc[Axis_Y] / p_imu->acc_scale);
 2053              		.loc 1 785 50 is_stmt 0 view .LVU556
 2054 0118 B4F91930 		ldrsh	r3, [r4, #25]	@ unaligned
 2055 011c 07EE903A 		vmov	s15, r3	@ int
 785:Task/Task_BlackBox.c ****         shellPrint(p_shell, "%f ", p_imu->flt_acc[Axis_Y] / p_imu->acc_scale);
 2056              		.loc 1 785 66 view .LVU557
 2057 0120 D4F80500 		ldr	r0, [r4, #5]	@ unaligned
 785:Task/Task_BlackBox.c ****         shellPrint(p_shell, "%f ", p_imu->flt_acc[Axis_Y] / p_imu->acc_scale);
 2058              		.loc 1 785 59 view .LVU558
 2059 0124 F8EEE77A 		vcvt.f32.s32	s15, s15
 785:Task/Task_BlackBox.c ****         shellPrint(p_shell, "%f ", p_imu->flt_acc[Axis_Y] / p_imu->acc_scale);
 2060              		.loc 1 785 9 view .LVU559
 2061 0128 07EE100A 		vmov	s14, r0
 2062 012c C7EE877A 		vdiv.f32	s15, s15, s14
 2063 0130 17EE900A 		vmov	r0, s15
 2064 0134 FFF7FEFF 		bl	__aeabi_f2d
 2065              	.LVL145:
 2066 0138 0246     		mov	r2, r0
 2067 013a 0B46     		mov	r3, r1
ARM GAS  C:\Users\HUAV\AppData\Local\Temp\ccYocD5a.s 			page 64


 2068 013c 4146     		mov	r1, r8
 2069 013e 2846     		mov	r0, r5
 2070 0140 FFF7FEFF 		bl	shellPrint
 2071              	.LVL146:
 786:Task/Task_BlackBox.c ****         shellPrint(p_shell, "%f ", p_imu->flt_acc[Axis_Z] / p_imu->acc_scale);
 2072              		.loc 1 786 9 is_stmt 1 view .LVU560
 786:Task/Task_BlackBox.c ****         shellPrint(p_shell, "%f ", p_imu->flt_acc[Axis_Z] / p_imu->acc_scale);
 2073              		.loc 1 786 50 is_stmt 0 view .LVU561
 2074 0144 B4F91B30 		ldrsh	r3, [r4, #27]	@ unaligned
 2075 0148 07EE903A 		vmov	s15, r3	@ int
 786:Task/Task_BlackBox.c ****         shellPrint(p_shell, "%f ", p_imu->flt_acc[Axis_Z] / p_imu->acc_scale);
 2076              		.loc 1 786 66 view .LVU562
 2077 014c D4F80500 		ldr	r0, [r4, #5]	@ unaligned
 786:Task/Task_BlackBox.c ****         shellPrint(p_shell, "%f ", p_imu->flt_acc[Axis_Z] / p_imu->acc_scale);
 2078              		.loc 1 786 59 view .LVU563
 2079 0150 F8EEE77A 		vcvt.f32.s32	s15, s15
 786:Task/Task_BlackBox.c ****         shellPrint(p_shell, "%f ", p_imu->flt_acc[Axis_Z] / p_imu->acc_scale);
 2080              		.loc 1 786 9 view .LVU564
 2081 0154 07EE100A 		vmov	s14, r0
 2082 0158 C7EE877A 		vdiv.f32	s15, s15, s14
 2083 015c 17EE900A 		vmov	r0, s15
 2084 0160 FFF7FEFF 		bl	__aeabi_f2d
 2085              	.LVL147:
 2086 0164 0246     		mov	r2, r0
 2087 0166 0B46     		mov	r3, r1
 2088 0168 4146     		mov	r1, r8
 2089 016a 2846     		mov	r0, r5
 2090 016c FFF7FEFF 		bl	shellPrint
 2091              	.LVL148:
 787:Task/Task_BlackBox.c ****         shellPrint(p_shell, "%f ", p_imu->org_gyr[Axis_X] / p_imu->gyr_scale);
 2092              		.loc 1 787 9 is_stmt 1 view .LVU565
 787:Task/Task_BlackBox.c ****         shellPrint(p_shell, "%f ", p_imu->org_gyr[Axis_X] / p_imu->gyr_scale);
 2093              		.loc 1 787 50 is_stmt 0 view .LVU566
 2094 0170 B4F91D30 		ldrsh	r3, [r4, #29]	@ unaligned
 2095 0174 07EE903A 		vmov	s15, r3	@ int
 787:Task/Task_BlackBox.c ****         shellPrint(p_shell, "%f ", p_imu->org_gyr[Axis_X] / p_imu->gyr_scale);
 2096              		.loc 1 787 66 view .LVU567
 2097 0178 D4F80500 		ldr	r0, [r4, #5]	@ unaligned
 787:Task/Task_BlackBox.c ****         shellPrint(p_shell, "%f ", p_imu->org_gyr[Axis_X] / p_imu->gyr_scale);
 2098              		.loc 1 787 59 view .LVU568
 2099 017c F8EEE77A 		vcvt.f32.s32	s15, s15
 787:Task/Task_BlackBox.c ****         shellPrint(p_shell, "%f ", p_imu->org_gyr[Axis_X] / p_imu->gyr_scale);
 2100              		.loc 1 787 9 view .LVU569
 2101 0180 07EE100A 		vmov	s14, r0
 2102 0184 C7EE877A 		vdiv.f32	s15, s15, s14
 2103 0188 17EE900A 		vmov	r0, s15
 2104 018c FFF7FEFF 		bl	__aeabi_f2d
 2105              	.LVL149:
 2106 0190 0246     		mov	r2, r0
 2107 0192 0B46     		mov	r3, r1
 2108 0194 4146     		mov	r1, r8
 2109 0196 2846     		mov	r0, r5
 2110 0198 FFF7FEFF 		bl	shellPrint
 2111              	.LVL150:
 788:Task/Task_BlackBox.c ****         shellPrint(p_shell, "%f ", p_imu->org_gyr[Axis_Y] / p_imu->gyr_scale);
 2112              		.loc 1 788 9 is_stmt 1 view .LVU570
 788:Task/Task_BlackBox.c ****         shellPrint(p_shell, "%f ", p_imu->org_gyr[Axis_Y] / p_imu->gyr_scale);
ARM GAS  C:\Users\HUAV\AppData\Local\Temp\ccYocD5a.s 			page 65


 2113              		.loc 1 788 50 is_stmt 0 view .LVU571
 2114 019c B4F91330 		ldrsh	r3, [r4, #19]	@ unaligned
 2115 01a0 07EE903A 		vmov	s15, r3	@ int
 788:Task/Task_BlackBox.c ****         shellPrint(p_shell, "%f ", p_imu->org_gyr[Axis_Y] / p_imu->gyr_scale);
 2116              		.loc 1 788 66 view .LVU572
 2117 01a4 D4F80900 		ldr	r0, [r4, #9]	@ unaligned
 788:Task/Task_BlackBox.c ****         shellPrint(p_shell, "%f ", p_imu->org_gyr[Axis_Y] / p_imu->gyr_scale);
 2118              		.loc 1 788 59 view .LVU573
 2119 01a8 F8EEE77A 		vcvt.f32.s32	s15, s15
 788:Task/Task_BlackBox.c ****         shellPrint(p_shell, "%f ", p_imu->org_gyr[Axis_Y] / p_imu->gyr_scale);
 2120              		.loc 1 788 9 view .LVU574
 2121 01ac 07EE100A 		vmov	s14, r0
 2122 01b0 C7EE877A 		vdiv.f32	s15, s15, s14
 2123 01b4 17EE900A 		vmov	r0, s15
 2124 01b8 FFF7FEFF 		bl	__aeabi_f2d
 2125              	.LVL151:
 2126 01bc 0246     		mov	r2, r0
 2127 01be 0B46     		mov	r3, r1
 2128 01c0 4146     		mov	r1, r8
 2129 01c2 2846     		mov	r0, r5
 2130 01c4 FFF7FEFF 		bl	shellPrint
 2131              	.LVL152:
 789:Task/Task_BlackBox.c ****         shellPrint(p_shell, "%f ", p_imu->org_gyr[Axis_Z] / p_imu->gyr_scale);
 2132              		.loc 1 789 9 is_stmt 1 view .LVU575
 789:Task/Task_BlackBox.c ****         shellPrint(p_shell, "%f ", p_imu->org_gyr[Axis_Z] / p_imu->gyr_scale);
 2133              		.loc 1 789 50 is_stmt 0 view .LVU576
 2134 01c8 B4F91530 		ldrsh	r3, [r4, #21]	@ unaligned
 2135 01cc 07EE903A 		vmov	s15, r3	@ int
 789:Task/Task_BlackBox.c ****         shellPrint(p_shell, "%f ", p_imu->org_gyr[Axis_Z] / p_imu->gyr_scale);
 2136              		.loc 1 789 66 view .LVU577
 2137 01d0 D4F80900 		ldr	r0, [r4, #9]	@ unaligned
 789:Task/Task_BlackBox.c ****         shellPrint(p_shell, "%f ", p_imu->org_gyr[Axis_Z] / p_imu->gyr_scale);
 2138              		.loc 1 789 59 view .LVU578
 2139 01d4 F8EEE77A 		vcvt.f32.s32	s15, s15
 789:Task/Task_BlackBox.c ****         shellPrint(p_shell, "%f ", p_imu->org_gyr[Axis_Z] / p_imu->gyr_scale);
 2140              		.loc 1 789 9 view .LVU579
 2141 01d8 07EE100A 		vmov	s14, r0
 2142 01dc C7EE877A 		vdiv.f32	s15, s15, s14
 2143 01e0 17EE900A 		vmov	r0, s15
 2144 01e4 FFF7FEFF 		bl	__aeabi_f2d
 2145              	.LVL153:
 2146 01e8 0246     		mov	r2, r0
 2147 01ea 0B46     		mov	r3, r1
 2148 01ec 4146     		mov	r1, r8
 2149 01ee 2846     		mov	r0, r5
 2150 01f0 FFF7FEFF 		bl	shellPrint
 2151              	.LVL154:
 790:Task/Task_BlackBox.c ****         shellPrint(p_shell, "%f ", p_imu->flt_gyr[Axis_X] / p_imu->gyr_scale);
 2152              		.loc 1 790 9 is_stmt 1 view .LVU580
 790:Task/Task_BlackBox.c ****         shellPrint(p_shell, "%f ", p_imu->flt_gyr[Axis_X] / p_imu->gyr_scale);
 2153              		.loc 1 790 50 is_stmt 0 view .LVU581
 2154 01f4 B4F91730 		ldrsh	r3, [r4, #23]	@ unaligned
 2155 01f8 07EE903A 		vmov	s15, r3	@ int
 790:Task/Task_BlackBox.c ****         shellPrint(p_shell, "%f ", p_imu->flt_gyr[Axis_X] / p_imu->gyr_scale);
 2156              		.loc 1 790 66 view .LVU582
 2157 01fc D4F80900 		ldr	r0, [r4, #9]	@ unaligned
 790:Task/Task_BlackBox.c ****         shellPrint(p_shell, "%f ", p_imu->flt_gyr[Axis_X] / p_imu->gyr_scale);
ARM GAS  C:\Users\HUAV\AppData\Local\Temp\ccYocD5a.s 			page 66


 2158              		.loc 1 790 59 view .LVU583
 2159 0200 F8EEE77A 		vcvt.f32.s32	s15, s15
 790:Task/Task_BlackBox.c ****         shellPrint(p_shell, "%f ", p_imu->flt_gyr[Axis_X] / p_imu->gyr_scale);
 2160              		.loc 1 790 9 view .LVU584
 2161 0204 07EE100A 		vmov	s14, r0
 2162 0208 C7EE877A 		vdiv.f32	s15, s15, s14
 2163 020c 17EE900A 		vmov	r0, s15
 2164 0210 FFF7FEFF 		bl	__aeabi_f2d
 2165              	.LVL155:
 2166 0214 0246     		mov	r2, r0
 2167 0216 0B46     		mov	r3, r1
 2168 0218 4146     		mov	r1, r8
 2169 021a 2846     		mov	r0, r5
 2170 021c FFF7FEFF 		bl	shellPrint
 2171              	.LVL156:
 791:Task/Task_BlackBox.c ****         shellPrint(p_shell, "%f ", p_imu->flt_gyr[Axis_Y] / p_imu->gyr_scale);
 2172              		.loc 1 791 9 is_stmt 1 view .LVU585
 791:Task/Task_BlackBox.c ****         shellPrint(p_shell, "%f ", p_imu->flt_gyr[Axis_Y] / p_imu->gyr_scale);
 2173              		.loc 1 791 50 is_stmt 0 view .LVU586
 2174 0220 B4F91F30 		ldrsh	r3, [r4, #31]	@ unaligned
 2175 0224 07EE903A 		vmov	s15, r3	@ int
 791:Task/Task_BlackBox.c ****         shellPrint(p_shell, "%f ", p_imu->flt_gyr[Axis_Y] / p_imu->gyr_scale);
 2176              		.loc 1 791 66 view .LVU587
 2177 0228 D4F80900 		ldr	r0, [r4, #9]	@ unaligned
 791:Task/Task_BlackBox.c ****         shellPrint(p_shell, "%f ", p_imu->flt_gyr[Axis_Y] / p_imu->gyr_scale);
 2178              		.loc 1 791 59 view .LVU588
 2179 022c F8EEE77A 		vcvt.f32.s32	s15, s15
 791:Task/Task_BlackBox.c ****         shellPrint(p_shell, "%f ", p_imu->flt_gyr[Axis_Y] / p_imu->gyr_scale);
 2180              		.loc 1 791 9 view .LVU589
 2181 0230 07EE100A 		vmov	s14, r0
 2182 0234 C7EE877A 		vdiv.f32	s15, s15, s14
 2183 0238 17EE900A 		vmov	r0, s15
 2184 023c FFF7FEFF 		bl	__aeabi_f2d
 2185              	.LVL157:
 2186 0240 0246     		mov	r2, r0
 2187 0242 0B46     		mov	r3, r1
 2188 0244 4146     		mov	r1, r8
 2189 0246 2846     		mov	r0, r5
 2190 0248 FFF7FEFF 		bl	shellPrint
 2191              	.LVL158:
 792:Task/Task_BlackBox.c ****         shellPrint(p_shell, "%f\r\n", p_imu->flt_gyr[Axis_Z] / p_imu->gyr_scale);
 2192              		.loc 1 792 9 is_stmt 1 view .LVU590
 792:Task/Task_BlackBox.c ****         shellPrint(p_shell, "%f\r\n", p_imu->flt_gyr[Axis_Z] / p_imu->gyr_scale);
 2193              		.loc 1 792 50 is_stmt 0 view .LVU591
 2194 024c B4F92130 		ldrsh	r3, [r4, #33]	@ unaligned
 2195 0250 07EE903A 		vmov	s15, r3	@ int
 792:Task/Task_BlackBox.c ****         shellPrint(p_shell, "%f\r\n", p_imu->flt_gyr[Axis_Z] / p_imu->gyr_scale);
 2196              		.loc 1 792 66 view .LVU592
 2197 0254 D4F80900 		ldr	r0, [r4, #9]	@ unaligned
 792:Task/Task_BlackBox.c ****         shellPrint(p_shell, "%f\r\n", p_imu->flt_gyr[Axis_Z] / p_imu->gyr_scale);
 2198              		.loc 1 792 59 view .LVU593
 2199 0258 F8EEE77A 		vcvt.f32.s32	s15, s15
 792:Task/Task_BlackBox.c ****         shellPrint(p_shell, "%f\r\n", p_imu->flt_gyr[Axis_Z] / p_imu->gyr_scale);
 2200              		.loc 1 792 9 view .LVU594
 2201 025c 07EE100A 		vmov	s14, r0
 2202 0260 C7EE877A 		vdiv.f32	s15, s15, s14
 2203 0264 17EE900A 		vmov	r0, s15
ARM GAS  C:\Users\HUAV\AppData\Local\Temp\ccYocD5a.s 			page 67


 2204 0268 FFF7FEFF 		bl	__aeabi_f2d
 2205              	.LVL159:
 2206 026c 0246     		mov	r2, r0
 2207 026e 0B46     		mov	r3, r1
 2208 0270 4146     		mov	r1, r8
 2209 0272 2846     		mov	r0, r5
 2210 0274 FFF7FEFF 		bl	shellPrint
 2211              	.LVL160:
 793:Task/Task_BlackBox.c ****     }
 2212              		.loc 1 793 9 is_stmt 1 view .LVU595
 793:Task/Task_BlackBox.c ****     }
 2213              		.loc 1 793 53 is_stmt 0 view .LVU596
 2214 0278 B4F92330 		ldrsh	r3, [r4, #35]	@ unaligned
 2215 027c 07EE903A 		vmov	s15, r3	@ int
 793:Task/Task_BlackBox.c ****     }
 2216              		.loc 1 793 69 view .LVU597
 2217 0280 D4F80900 		ldr	r0, [r4, #9]	@ unaligned
 793:Task/Task_BlackBox.c ****     }
 2218              		.loc 1 793 62 view .LVU598
 2219 0284 F8EEE77A 		vcvt.f32.s32	s15, s15
 793:Task/Task_BlackBox.c ****     }
 2220              		.loc 1 793 9 view .LVU599
 2221 0288 07EE100A 		vmov	s14, r0
 2222 028c C7EE877A 		vdiv.f32	s15, s15, s14
 2223 0290 17EE900A 		vmov	r0, s15
 2224 0294 FFF7FEFF 		bl	__aeabi_f2d
 2225              	.LVL161:
 2226 0298 0246     		mov	r2, r0
 2227 029a 0B46     		mov	r3, r1
 2228 029c 0B49     		ldr	r1, .L130
 2229 029e 2846     		mov	r0, r5
 2230 02a0 FFF7FEFF 		bl	shellPrint
 2231              	.LVL162:
 2232              	.L120:
 796:Task/Task_BlackBox.c ****     *len -= sizeof(BlackBox_IMUData_TypeDef);
 2233              		.loc 1 796 5 is_stmt 1 view .LVU600
 796:Task/Task_BlackBox.c ****     *len -= sizeof(BlackBox_IMUData_TypeDef);
 2234              		.loc 1 796 13 is_stmt 0 view .LVU601
 2235 02a4 3368     		ldr	r3, [r6]
 2236 02a6 2633     		adds	r3, r3, #38
 2237 02a8 3360     		str	r3, [r6]
 797:Task/Task_BlackBox.c ****     return BlackBox_Cnv_None_Error;
 2238              		.loc 1 797 5 is_stmt 1 view .LVU602
 797:Task/Task_BlackBox.c ****     return BlackBox_Cnv_None_Error;
 2239              		.loc 1 797 10 is_stmt 0 view .LVU603
 2240 02aa 3B68     		ldr	r3, [r7]
 2241 02ac 263B     		subs	r3, r3, #38
 2242 02ae 3B60     		str	r3, [r7]
 798:Task/Task_BlackBox.c **** }
 2243              		.loc 1 798 5 is_stmt 1 view .LVU604
 798:Task/Task_BlackBox.c **** }
 2244              		.loc 1 798 12 is_stmt 0 view .LVU605
 2245 02b0 0020     		movs	r0, #0
 2246              	.L118:
 799:Task/Task_BlackBox.c **** 
 2247              		.loc 1 799 1 view .LVU606
 2248 02b2 BDE8F081 		pop	{r4, r5, r6, r7, r8, pc}
ARM GAS  C:\Users\HUAV\AppData\Local\Temp\ccYocD5a.s 			page 68


 2249              	.LVL163:
 2250              	.L121:
 2251              	.LCFI19:
 2252              		.cfi_def_cfa_offset 0
 2253              		.cfi_restore 4
 2254              		.cfi_restore 5
 2255              		.cfi_restore 6
 2256              		.cfi_restore 7
 2257              		.cfi_restore 8
 2258              		.cfi_restore 14
 774:Task/Task_BlackBox.c **** 
 2259              		.loc 1 774 16 view .LVU607
 2260 02b6 0220     		movs	r0, #2
 2261              	.LVL164:
 799:Task/Task_BlackBox.c **** 
 2262              		.loc 1 799 1 view .LVU608
 2263 02b8 7047     		bx	lr
 2264              	.LVL165:
 2265              	.L122:
 2266              	.LCFI20:
 2267              		.cfi_def_cfa_offset 24
 2268              		.cfi_offset 4, -24
 2269              		.cfi_offset 5, -20
 2270              		.cfi_offset 6, -16
 2271              		.cfi_offset 7, -12
 2272              		.cfi_offset 8, -8
 2273              		.cfi_offset 14, -4
 774:Task/Task_BlackBox.c **** 
 2274              		.loc 1 774 16 view .LVU609
 2275 02ba 0220     		movs	r0, #2
 2276              	.LVL166:
 774:Task/Task_BlackBox.c **** 
 2277              		.loc 1 774 16 view .LVU610
 2278 02bc F9E7     		b	.L118
 2279              	.LVL167:
 2280              	.L123:
 774:Task/Task_BlackBox.c **** 
 2281              		.loc 1 774 16 view .LVU611
 2282 02be 0220     		movs	r0, #2
 2283              	.LVL168:
 774:Task/Task_BlackBox.c **** 
 2284              		.loc 1 774 16 view .LVU612
 2285 02c0 F7E7     		b	.L118
 2286              	.LVL169:
 2287              	.L124:
 774:Task/Task_BlackBox.c **** 
 2288              		.loc 1 774 16 view .LVU613
 2289 02c2 0220     		movs	r0, #2
 2290              	.LVL170:
 774:Task/Task_BlackBox.c **** 
 2291              		.loc 1 774 16 view .LVU614
 2292 02c4 F5E7     		b	.L118
 2293              	.LVL171:
 2294              	.L125:
 774:Task/Task_BlackBox.c **** 
 2295              		.loc 1 774 16 view .LVU615
 2296 02c6 0220     		movs	r0, #2
ARM GAS  C:\Users\HUAV\AppData\Local\Temp\ccYocD5a.s 			page 69


 2297              	.LVL172:
 774:Task/Task_BlackBox.c **** 
 2298              		.loc 1 774 16 view .LVU616
 2299 02c8 F3E7     		b	.L118
 2300              	.L131:
 2301 02ca 00BF     		.align	2
 2302              	.L130:
 2303 02cc 08000000 		.word	.LC34
 2304 02d0 00000000 		.word	.LC32
 2305 02d4 04000000 		.word	.LC33
 2306              		.cfi_endproc
 2307              	.LFE161:
 2309              		.section	.text.TaskBlackBox_ConvertLogData_To_Alt_Att,"ax",%progbits
 2310              		.align	1
 2311              		.syntax unified
 2312              		.thumb
 2313              		.thumb_func
 2315              	TaskBlackBox_ConvertLogData_To_Alt_Att:
 2316              	.LVL173:
 2317              	.LFB162:
 803:Task/Task_BlackBox.c ****     if ((p_att_alt == NULL) || \
 2318              		.loc 1 803 1 is_stmt 1 view -0
 2319              		.cfi_startproc
 2320              		@ args = 0, pretend = 0, frame = 0
 2321              		@ frame_needed = 0, uses_anonymous_args = 0
 804:Task/Task_BlackBox.c ****         (p_data == NULL) || \
 2322              		.loc 1 804 5 view .LVU618
 804:Task/Task_BlackBox.c ****         (p_data == NULL) || \
 2323              		.loc 1 804 8 is_stmt 0 view .LVU619
 2324 0000 0029     		cmp	r1, #0
 2325 0002 00F0E880 		beq	.L136
 803:Task/Task_BlackBox.c ****     if ((p_att_alt == NULL) || \
 2326              		.loc 1 803 1 discriminator 1 view .LVU620
 2327 0006 2DE9F041 		push	{r4, r5, r6, r7, r8, lr}
 2328              	.LCFI21:
 2329              		.cfi_def_cfa_offset 24
 2330              		.cfi_offset 4, -24
 2331              		.cfi_offset 5, -20
 2332              		.cfi_offset 6, -16
 2333              		.cfi_offset 7, -12
 2334              		.cfi_offset 8, -8
 2335              		.cfi_offset 14, -4
 2336 000a 0446     		mov	r4, r0
 2337 000c 1546     		mov	r5, r2
 2338 000e 1F46     		mov	r7, r3
 2339 0010 0E46     		mov	r6, r1
 804:Task/Task_BlackBox.c ****         (p_data == NULL) || \
 2340              		.loc 1 804 29 discriminator 1 view .LVU621
 2341 0012 002A     		cmp	r2, #0
 2342 0014 00F0E180 		beq	.L137
 806:Task/Task_BlackBox.c ****         (len == NULL) || \
 2343              		.loc 1 806 10 view .LVU622
 2344 0018 1368     		ldr	r3, [r2]
 2345              	.LVL174:
 805:Task/Task_BlackBox.c ****         (*p_data == NULL) || \
 2346              		.loc 1 805 26 view .LVU623
 2347 001a 002B     		cmp	r3, #0
ARM GAS  C:\Users\HUAV\AppData\Local\Temp\ccYocD5a.s 			page 70


 2348 001c 00F0DF80 		beq	.L138
 806:Task/Task_BlackBox.c ****         (len == NULL) || \
 2349              		.loc 1 806 27 view .LVU624
 2350 0020 002F     		cmp	r7, #0
 2351 0022 00F0DE80 		beq	.L139
 808:Task/Task_BlackBox.c ****         return BlackBox_Cnv_Size_Error;
 2352              		.loc 1 808 10 view .LVU625
 2353 0026 3A68     		ldr	r2, [r7]
 2354              	.LVL175:
 807:Task/Task_BlackBox.c ****         (*len < sizeof(BlackBox_AttAltData_TypeDef)))
 2355              		.loc 1 807 23 view .LVU626
 2356 0028 2F2A     		cmp	r2, #47
 2357 002a 40F2DC80 		bls	.L140
 811:Task/Task_BlackBox.c ****     if (p_shell)
 2358              		.loc 1 811 5 is_stmt 1 view .LVU627
 2359 002e 1946     		mov	r1, r3
 2360              	.LVL176:
 811:Task/Task_BlackBox.c ****     if (p_shell)
 2361              		.loc 1 811 5 is_stmt 0 view .LVU628
 2362 0030 B446     		mov	ip, r6
 2363 0032 3033     		adds	r3, r3, #48
 2364              	.LVL177:
 2365              	.L134:
 811:Task/Task_BlackBox.c ****     if (p_shell)
 2366              		.loc 1 811 5 view .LVU629
 2367 0034 D1F80080 		ldr	r8, [r1]	@ unaligned
 2368 0038 D1F804E0 		ldr	lr, [r1, #4]	@ unaligned
 2369 003c 8868     		ldr	r0, [r1, #8]	@ unaligned
 2370 003e CA68     		ldr	r2, [r1, #12]	@ unaligned
 2371 0040 CCF80080 		str	r8, [ip]	@ unaligned
 2372 0044 CCF804E0 		str	lr, [ip, #4]	@ unaligned
 2373 0048 CCF80800 		str	r0, [ip, #8]	@ unaligned
 2374 004c CCF80C20 		str	r2, [ip, #12]	@ unaligned
 2375 0050 1031     		adds	r1, r1, #16
 2376 0052 0CF1100C 		add	ip, ip, #16
 2377 0056 9942     		cmp	r1, r3
 2378 0058 ECD1     		bne	.L134
 812:Task/Task_BlackBox.c ****     {
 2379              		.loc 1 812 5 is_stmt 1 view .LVU630
 812:Task/Task_BlackBox.c ****     {
 2380              		.loc 1 812 8 is_stmt 0 view .LVU631
 2381 005a 002C     		cmp	r4, #0
 2382 005c 00F0B280 		beq	.L135
 814:Task/Task_BlackBox.c ****         shellPrint(p_shell, "%f ", p_att_alt->baro);
 2383              		.loc 1 814 9 is_stmt 1 view .LVU632
 2384 0060 3268     		ldr	r2, [r6]	@ unaligned
 2385 0062 6249     		ldr	r1, .L145
 2386 0064 2046     		mov	r0, r4
 2387 0066 FFF7FEFF 		bl	shellPrint
 2388              	.LVL178:
 815:Task/Task_BlackBox.c ****         shellPrint(p_shell, "%f ", p_att_alt->acc[Axis_X] / p_att_alt->acc_scale);
 2389              		.loc 1 815 9 view .LVU633
 815:Task/Task_BlackBox.c ****         shellPrint(p_shell, "%f ", p_att_alt->acc[Axis_X] / p_att_alt->acc_scale);
 2390              		.loc 1 815 45 is_stmt 0 view .LVU634
 2391 006a 7068     		ldr	r0, [r6, #4]	@ unaligned
 815:Task/Task_BlackBox.c ****         shellPrint(p_shell, "%f ", p_att_alt->acc[Axis_X] / p_att_alt->acc_scale);
 2392              		.loc 1 815 9 view .LVU635
ARM GAS  C:\Users\HUAV\AppData\Local\Temp\ccYocD5a.s 			page 71


 2393 006c FFF7FEFF 		bl	__aeabi_f2d
 2394              	.LVL179:
 2395 0070 0246     		mov	r2, r0
 2396 0072 0B46     		mov	r3, r1
 2397 0074 DFF87C81 		ldr	r8, .L145+8
 2398 0078 4146     		mov	r1, r8
 2399 007a 2046     		mov	r0, r4
 2400 007c FFF7FEFF 		bl	shellPrint
 2401              	.LVL180:
 816:Task/Task_BlackBox.c ****         shellPrint(p_shell, "%f ", p_att_alt->acc[Axis_Y] / p_att_alt->acc_scale);
 2402              		.loc 1 816 9 is_stmt 1 view .LVU636
 816:Task/Task_BlackBox.c ****         shellPrint(p_shell, "%f ", p_att_alt->acc[Axis_Y] / p_att_alt->acc_scale);
 2403              		.loc 1 816 50 is_stmt 0 view .LVU637
 2404 0080 B6F91030 		ldrsh	r3, [r6, #16]	@ unaligned
 2405 0084 07EE903A 		vmov	s15, r3	@ int
 816:Task/Task_BlackBox.c ****         shellPrint(p_shell, "%f ", p_att_alt->acc[Axis_Y] / p_att_alt->acc_scale);
 2406              		.loc 1 816 70 view .LVU638
 2407 0088 B068     		ldr	r0, [r6, #8]	@ unaligned
 816:Task/Task_BlackBox.c ****         shellPrint(p_shell, "%f ", p_att_alt->acc[Axis_Y] / p_att_alt->acc_scale);
 2408              		.loc 1 816 59 view .LVU639
 2409 008a F8EEE77A 		vcvt.f32.s32	s15, s15
 816:Task/Task_BlackBox.c ****         shellPrint(p_shell, "%f ", p_att_alt->acc[Axis_Y] / p_att_alt->acc_scale);
 2410              		.loc 1 816 9 view .LVU640
 2411 008e 07EE100A 		vmov	s14, r0
 2412 0092 C7EE877A 		vdiv.f32	s15, s15, s14
 2413 0096 17EE900A 		vmov	r0, s15
 2414 009a FFF7FEFF 		bl	__aeabi_f2d
 2415              	.LVL181:
 2416 009e 0246     		mov	r2, r0
 2417 00a0 0B46     		mov	r3, r1
 2418 00a2 4146     		mov	r1, r8
 2419 00a4 2046     		mov	r0, r4
 2420 00a6 FFF7FEFF 		bl	shellPrint
 2421              	.LVL182:
 817:Task/Task_BlackBox.c ****         shellPrint(p_shell, "%f ", p_att_alt->acc[Axis_Z] / p_att_alt->acc_scale);
 2422              		.loc 1 817 9 is_stmt 1 view .LVU641
 817:Task/Task_BlackBox.c ****         shellPrint(p_shell, "%f ", p_att_alt->acc[Axis_Z] / p_att_alt->acc_scale);
 2423              		.loc 1 817 50 is_stmt 0 view .LVU642
 2424 00aa B6F91230 		ldrsh	r3, [r6, #18]	@ unaligned
 2425 00ae 07EE903A 		vmov	s15, r3	@ int
 817:Task/Task_BlackBox.c ****         shellPrint(p_shell, "%f ", p_att_alt->acc[Axis_Z] / p_att_alt->acc_scale);
 2426              		.loc 1 817 70 view .LVU643
 2427 00b2 B068     		ldr	r0, [r6, #8]	@ unaligned
 817:Task/Task_BlackBox.c ****         shellPrint(p_shell, "%f ", p_att_alt->acc[Axis_Z] / p_att_alt->acc_scale);
 2428              		.loc 1 817 59 view .LVU644
 2429 00b4 F8EEE77A 		vcvt.f32.s32	s15, s15
 817:Task/Task_BlackBox.c ****         shellPrint(p_shell, "%f ", p_att_alt->acc[Axis_Z] / p_att_alt->acc_scale);
 2430              		.loc 1 817 9 view .LVU645
 2431 00b8 07EE100A 		vmov	s14, r0
 2432 00bc C7EE877A 		vdiv.f32	s15, s15, s14
 2433 00c0 17EE900A 		vmov	r0, s15
 2434 00c4 FFF7FEFF 		bl	__aeabi_f2d
 2435              	.LVL183:
 2436 00c8 0246     		mov	r2, r0
 2437 00ca 0B46     		mov	r3, r1
 2438 00cc 4146     		mov	r1, r8
 2439 00ce 2046     		mov	r0, r4
ARM GAS  C:\Users\HUAV\AppData\Local\Temp\ccYocD5a.s 			page 72


 2440 00d0 FFF7FEFF 		bl	shellPrint
 2441              	.LVL184:
 818:Task/Task_BlackBox.c ****         shellPrint(p_shell, "%f ", p_att_alt->gyr[Axis_X] / p_att_alt->gyr_scale);
 2442              		.loc 1 818 9 is_stmt 1 view .LVU646
 818:Task/Task_BlackBox.c ****         shellPrint(p_shell, "%f ", p_att_alt->gyr[Axis_X] / p_att_alt->gyr_scale);
 2443              		.loc 1 818 50 is_stmt 0 view .LVU647
 2444 00d4 B6F91430 		ldrsh	r3, [r6, #20]	@ unaligned
 2445 00d8 07EE903A 		vmov	s15, r3	@ int
 818:Task/Task_BlackBox.c ****         shellPrint(p_shell, "%f ", p_att_alt->gyr[Axis_X] / p_att_alt->gyr_scale);
 2446              		.loc 1 818 70 view .LVU648
 2447 00dc B068     		ldr	r0, [r6, #8]	@ unaligned
 818:Task/Task_BlackBox.c ****         shellPrint(p_shell, "%f ", p_att_alt->gyr[Axis_X] / p_att_alt->gyr_scale);
 2448              		.loc 1 818 59 view .LVU649
 2449 00de F8EEE77A 		vcvt.f32.s32	s15, s15
 818:Task/Task_BlackBox.c ****         shellPrint(p_shell, "%f ", p_att_alt->gyr[Axis_X] / p_att_alt->gyr_scale);
 2450              		.loc 1 818 9 view .LVU650
 2451 00e2 07EE100A 		vmov	s14, r0
 2452 00e6 C7EE877A 		vdiv.f32	s15, s15, s14
 2453 00ea 17EE900A 		vmov	r0, s15
 2454 00ee FFF7FEFF 		bl	__aeabi_f2d
 2455              	.LVL185:
 2456 00f2 0246     		mov	r2, r0
 2457 00f4 0B46     		mov	r3, r1
 2458 00f6 4146     		mov	r1, r8
 2459 00f8 2046     		mov	r0, r4
 2460 00fa FFF7FEFF 		bl	shellPrint
 2461              	.LVL186:
 819:Task/Task_BlackBox.c ****         shellPrint(p_shell, "%f ", p_att_alt->gyr[Axis_Y] / p_att_alt->gyr_scale);
 2462              		.loc 1 819 9 is_stmt 1 view .LVU651
 819:Task/Task_BlackBox.c ****         shellPrint(p_shell, "%f ", p_att_alt->gyr[Axis_Y] / p_att_alt->gyr_scale);
 2463              		.loc 1 819 50 is_stmt 0 view .LVU652
 2464 00fe B6F91630 		ldrsh	r3, [r6, #22]	@ unaligned
 2465 0102 07EE903A 		vmov	s15, r3	@ int
 819:Task/Task_BlackBox.c ****         shellPrint(p_shell, "%f ", p_att_alt->gyr[Axis_Y] / p_att_alt->gyr_scale);
 2466              		.loc 1 819 70 view .LVU653
 2467 0106 F068     		ldr	r0, [r6, #12]	@ unaligned
 819:Task/Task_BlackBox.c ****         shellPrint(p_shell, "%f ", p_att_alt->gyr[Axis_Y] / p_att_alt->gyr_scale);
 2468              		.loc 1 819 59 view .LVU654
 2469 0108 F8EEE77A 		vcvt.f32.s32	s15, s15
 819:Task/Task_BlackBox.c ****         shellPrint(p_shell, "%f ", p_att_alt->gyr[Axis_Y] / p_att_alt->gyr_scale);
 2470              		.loc 1 819 9 view .LVU655
 2471 010c 07EE100A 		vmov	s14, r0
 2472 0110 C7EE877A 		vdiv.f32	s15, s15, s14
 2473 0114 17EE900A 		vmov	r0, s15
 2474 0118 FFF7FEFF 		bl	__aeabi_f2d
 2475              	.LVL187:
 2476 011c 0246     		mov	r2, r0
 2477 011e 0B46     		mov	r3, r1
 2478 0120 4146     		mov	r1, r8
 2479 0122 2046     		mov	r0, r4
 2480 0124 FFF7FEFF 		bl	shellPrint
 2481              	.LVL188:
 820:Task/Task_BlackBox.c ****         shellPrint(p_shell, "%f ", p_att_alt->gyr[Axis_Z] / p_att_alt->gyr_scale);
 2482              		.loc 1 820 9 is_stmt 1 view .LVU656
 820:Task/Task_BlackBox.c ****         shellPrint(p_shell, "%f ", p_att_alt->gyr[Axis_Z] / p_att_alt->gyr_scale);
 2483              		.loc 1 820 50 is_stmt 0 view .LVU657
 2484 0128 B6F91830 		ldrsh	r3, [r6, #24]	@ unaligned
ARM GAS  C:\Users\HUAV\AppData\Local\Temp\ccYocD5a.s 			page 73


 2485 012c 07EE903A 		vmov	s15, r3	@ int
 820:Task/Task_BlackBox.c ****         shellPrint(p_shell, "%f ", p_att_alt->gyr[Axis_Z] / p_att_alt->gyr_scale);
 2486              		.loc 1 820 70 view .LVU658
 2487 0130 F068     		ldr	r0, [r6, #12]	@ unaligned
 820:Task/Task_BlackBox.c ****         shellPrint(p_shell, "%f ", p_att_alt->gyr[Axis_Z] / p_att_alt->gyr_scale);
 2488              		.loc 1 820 59 view .LVU659
 2489 0132 F8EEE77A 		vcvt.f32.s32	s15, s15
 820:Task/Task_BlackBox.c ****         shellPrint(p_shell, "%f ", p_att_alt->gyr[Axis_Z] / p_att_alt->gyr_scale);
 2490              		.loc 1 820 9 view .LVU660
 2491 0136 07EE100A 		vmov	s14, r0
 2492 013a C7EE877A 		vdiv.f32	s15, s15, s14
 2493 013e 17EE900A 		vmov	r0, s15
 2494 0142 FFF7FEFF 		bl	__aeabi_f2d
 2495              	.LVL189:
 2496 0146 0246     		mov	r2, r0
 2497 0148 0B46     		mov	r3, r1
 2498 014a 4146     		mov	r1, r8
 2499 014c 2046     		mov	r0, r4
 2500 014e FFF7FEFF 		bl	shellPrint
 2501              	.LVL190:
 821:Task/Task_BlackBox.c ****         shellPrint(p_shell, "%f ", p_att_alt->pitch);
 2502              		.loc 1 821 9 is_stmt 1 view .LVU661
 821:Task/Task_BlackBox.c ****         shellPrint(p_shell, "%f ", p_att_alt->pitch);
 2503              		.loc 1 821 50 is_stmt 0 view .LVU662
 2504 0152 B6F91A30 		ldrsh	r3, [r6, #26]	@ unaligned
 2505 0156 07EE903A 		vmov	s15, r3	@ int
 821:Task/Task_BlackBox.c ****         shellPrint(p_shell, "%f ", p_att_alt->pitch);
 2506              		.loc 1 821 70 view .LVU663
 2507 015a F068     		ldr	r0, [r6, #12]	@ unaligned
 821:Task/Task_BlackBox.c ****         shellPrint(p_shell, "%f ", p_att_alt->pitch);
 2508              		.loc 1 821 59 view .LVU664
 2509 015c F8EEE77A 		vcvt.f32.s32	s15, s15
 821:Task/Task_BlackBox.c ****         shellPrint(p_shell, "%f ", p_att_alt->pitch);
 2510              		.loc 1 821 9 view .LVU665
 2511 0160 07EE100A 		vmov	s14, r0
 2512 0164 C7EE877A 		vdiv.f32	s15, s15, s14
 2513 0168 17EE900A 		vmov	r0, s15
 2514 016c FFF7FEFF 		bl	__aeabi_f2d
 2515              	.LVL191:
 2516 0170 0246     		mov	r2, r0
 2517 0172 0B46     		mov	r3, r1
 2518 0174 4146     		mov	r1, r8
 2519 0176 2046     		mov	r0, r4
 2520 0178 FFF7FEFF 		bl	shellPrint
 2521              	.LVL192:
 822:Task/Task_BlackBox.c ****         shellPrint(p_shell, "%f ", p_att_alt->roll);
 2522              		.loc 1 822 9 is_stmt 1 view .LVU666
 822:Task/Task_BlackBox.c ****         shellPrint(p_shell, "%f ", p_att_alt->roll);
 2523              		.loc 1 822 45 is_stmt 0 view .LVU667
 2524 017c F069     		ldr	r0, [r6, #28]	@ unaligned
 822:Task/Task_BlackBox.c ****         shellPrint(p_shell, "%f ", p_att_alt->roll);
 2525              		.loc 1 822 9 view .LVU668
 2526 017e FFF7FEFF 		bl	__aeabi_f2d
 2527              	.LVL193:
 2528 0182 0246     		mov	r2, r0
 2529 0184 0B46     		mov	r3, r1
 2530 0186 4146     		mov	r1, r8
ARM GAS  C:\Users\HUAV\AppData\Local\Temp\ccYocD5a.s 			page 74


 2531 0188 2046     		mov	r0, r4
 2532 018a FFF7FEFF 		bl	shellPrint
 2533              	.LVL194:
 823:Task/Task_BlackBox.c ****         shellPrint(p_shell, "%f ", p_att_alt->yaw);
 2534              		.loc 1 823 9 is_stmt 1 view .LVU669
 823:Task/Task_BlackBox.c ****         shellPrint(p_shell, "%f ", p_att_alt->yaw);
 2535              		.loc 1 823 45 is_stmt 0 view .LVU670
 2536 018e 306A     		ldr	r0, [r6, #32]	@ unaligned
 823:Task/Task_BlackBox.c ****         shellPrint(p_shell, "%f ", p_att_alt->yaw);
 2537              		.loc 1 823 9 view .LVU671
 2538 0190 FFF7FEFF 		bl	__aeabi_f2d
 2539              	.LVL195:
 2540 0194 0246     		mov	r2, r0
 2541 0196 0B46     		mov	r3, r1
 2542 0198 4146     		mov	r1, r8
 2543 019a 2046     		mov	r0, r4
 2544 019c FFF7FEFF 		bl	shellPrint
 2545              	.LVL196:
 824:Task/Task_BlackBox.c ****         shellPrint(p_shell, "%f\r\n", p_att_alt->alt);
 2546              		.loc 1 824 9 is_stmt 1 view .LVU672
 824:Task/Task_BlackBox.c ****         shellPrint(p_shell, "%f\r\n", p_att_alt->alt);
 2547              		.loc 1 824 45 is_stmt 0 view .LVU673
 2548 01a0 706A     		ldr	r0, [r6, #36]	@ unaligned
 824:Task/Task_BlackBox.c ****         shellPrint(p_shell, "%f\r\n", p_att_alt->alt);
 2549              		.loc 1 824 9 view .LVU674
 2550 01a2 FFF7FEFF 		bl	__aeabi_f2d
 2551              	.LVL197:
 2552 01a6 0246     		mov	r2, r0
 2553 01a8 0B46     		mov	r3, r1
 2554 01aa 4146     		mov	r1, r8
 2555 01ac 2046     		mov	r0, r4
 2556 01ae FFF7FEFF 		bl	shellPrint
 2557              	.LVL198:
 825:Task/Task_BlackBox.c ****     }
 2558              		.loc 1 825 9 is_stmt 1 view .LVU675
 825:Task/Task_BlackBox.c ****     }
 2559              		.loc 1 825 48 is_stmt 0 view .LVU676
 2560 01b2 B06A     		ldr	r0, [r6, #40]	@ unaligned
 825:Task/Task_BlackBox.c ****     }
 2561              		.loc 1 825 9 view .LVU677
 2562 01b4 FFF7FEFF 		bl	__aeabi_f2d
 2563              	.LVL199:
 2564 01b8 0246     		mov	r2, r0
 2565 01ba 0B46     		mov	r3, r1
 2566 01bc 0C49     		ldr	r1, .L145+4
 2567 01be 2046     		mov	r0, r4
 2568 01c0 FFF7FEFF 		bl	shellPrint
 2569              	.LVL200:
 2570              	.L135:
 828:Task/Task_BlackBox.c ****     *len -= sizeof(BlackBox_AttAltData_TypeDef);
 2571              		.loc 1 828 5 is_stmt 1 view .LVU678
 828:Task/Task_BlackBox.c ****     *len -= sizeof(BlackBox_AttAltData_TypeDef);
 2572              		.loc 1 828 13 is_stmt 0 view .LVU679
 2573 01c4 2B68     		ldr	r3, [r5]
 2574 01c6 3033     		adds	r3, r3, #48
 2575 01c8 2B60     		str	r3, [r5]
 829:Task/Task_BlackBox.c ****     return BlackBox_Cnv_None_Error;
ARM GAS  C:\Users\HUAV\AppData\Local\Temp\ccYocD5a.s 			page 75


 2576              		.loc 1 829 5 is_stmt 1 view .LVU680
 829:Task/Task_BlackBox.c ****     return BlackBox_Cnv_None_Error;
 2577              		.loc 1 829 10 is_stmt 0 view .LVU681
 2578 01ca 3B68     		ldr	r3, [r7]
 2579 01cc 303B     		subs	r3, r3, #48
 2580 01ce 3B60     		str	r3, [r7]
 830:Task/Task_BlackBox.c **** }
 2581              		.loc 1 830 5 is_stmt 1 view .LVU682
 830:Task/Task_BlackBox.c **** }
 2582              		.loc 1 830 12 is_stmt 0 view .LVU683
 2583 01d0 0020     		movs	r0, #0
 2584              	.L133:
 831:Task/Task_BlackBox.c **** 
 2585              		.loc 1 831 1 view .LVU684
 2586 01d2 BDE8F081 		pop	{r4, r5, r6, r7, r8, pc}
 2587              	.LVL201:
 2588              	.L136:
 2589              	.LCFI22:
 2590              		.cfi_def_cfa_offset 0
 2591              		.cfi_restore 4
 2592              		.cfi_restore 5
 2593              		.cfi_restore 6
 2594              		.cfi_restore 7
 2595              		.cfi_restore 8
 2596              		.cfi_restore 14
 809:Task/Task_BlackBox.c **** 
 2597              		.loc 1 809 16 view .LVU685
 2598 01d6 0220     		movs	r0, #2
 2599              	.LVL202:
 831:Task/Task_BlackBox.c **** 
 2600              		.loc 1 831 1 view .LVU686
 2601 01d8 7047     		bx	lr
 2602              	.LVL203:
 2603              	.L137:
 2604              	.LCFI23:
 2605              		.cfi_def_cfa_offset 24
 2606              		.cfi_offset 4, -24
 2607              		.cfi_offset 5, -20
 2608              		.cfi_offset 6, -16
 2609              		.cfi_offset 7, -12
 2610              		.cfi_offset 8, -8
 2611              		.cfi_offset 14, -4
 809:Task/Task_BlackBox.c **** 
 2612              		.loc 1 809 16 view .LVU687
 2613 01da 0220     		movs	r0, #2
 2614              	.LVL204:
 809:Task/Task_BlackBox.c **** 
 2615              		.loc 1 809 16 view .LVU688
 2616 01dc F9E7     		b	.L133
 2617              	.LVL205:
 2618              	.L138:
 809:Task/Task_BlackBox.c **** 
 2619              		.loc 1 809 16 view .LVU689
 2620 01de 0220     		movs	r0, #2
 2621              	.LVL206:
 809:Task/Task_BlackBox.c **** 
 2622              		.loc 1 809 16 view .LVU690
ARM GAS  C:\Users\HUAV\AppData\Local\Temp\ccYocD5a.s 			page 76


 2623 01e0 F7E7     		b	.L133
 2624              	.LVL207:
 2625              	.L139:
 809:Task/Task_BlackBox.c **** 
 2626              		.loc 1 809 16 view .LVU691
 2627 01e2 0220     		movs	r0, #2
 2628              	.LVL208:
 809:Task/Task_BlackBox.c **** 
 2629              		.loc 1 809 16 view .LVU692
 2630 01e4 F5E7     		b	.L133
 2631              	.LVL209:
 2632              	.L140:
 809:Task/Task_BlackBox.c **** 
 2633              		.loc 1 809 16 view .LVU693
 2634 01e6 0220     		movs	r0, #2
 2635              	.LVL210:
 809:Task/Task_BlackBox.c **** 
 2636              		.loc 1 809 16 view .LVU694
 2637 01e8 F3E7     		b	.L133
 2638              	.L146:
 2639 01ea 00BF     		.align	2
 2640              	.L145:
 2641 01ec 00000000 		.word	.LC32
 2642 01f0 08000000 		.word	.LC34
 2643 01f4 04000000 		.word	.LC33
 2644              		.cfi_endproc
 2645              	.LFE162:
 2647              		.section	.text.TaskBlackBox_ConvertLogData_To_CtlAng,"ax",%progbits
 2648              		.align	1
 2649              		.syntax unified
 2650              		.thumb
 2651              		.thumb_func
 2653              	TaskBlackBox_ConvertLogData_To_CtlAng:
 2654              	.LVL211:
 2655              	.LFB163:
 835:Task/Task_BlackBox.c ****     if ((p_ang_ctl == NULL) || \
 2656              		.loc 1 835 1 is_stmt 1 view -0
 2657              		.cfi_startproc
 2658              		@ args = 0, pretend = 0, frame = 0
 2659              		@ frame_needed = 0, uses_anonymous_args = 0
 836:Task/Task_BlackBox.c ****         (p_data == NULL) || \
 2660              		.loc 1 836 5 view .LVU696
 836:Task/Task_BlackBox.c ****         (p_data == NULL) || \
 2661              		.loc 1 836 8 is_stmt 0 view .LVU697
 2662 0000 0029     		cmp	r1, #0
 2663 0002 76D0     		beq	.L150
 835:Task/Task_BlackBox.c ****     if ((p_ang_ctl == NULL) || \
 2664              		.loc 1 835 1 discriminator 1 view .LVU698
 2665 0004 2DE9F041 		push	{r4, r5, r6, r7, r8, lr}
 2666              	.LCFI24:
 2667              		.cfi_def_cfa_offset 24
 2668              		.cfi_offset 4, -24
 2669              		.cfi_offset 5, -20
 2670              		.cfi_offset 6, -16
 2671              		.cfi_offset 7, -12
 2672              		.cfi_offset 8, -8
 2673              		.cfi_offset 14, -4
ARM GAS  C:\Users\HUAV\AppData\Local\Temp\ccYocD5a.s 			page 77


 2674 0008 0646     		mov	r6, r0
 2675 000a 1546     		mov	r5, r2
 2676 000c 1F46     		mov	r7, r3
 2677 000e 0C46     		mov	r4, r1
 836:Task/Task_BlackBox.c ****         (p_data == NULL) || \
 2678              		.loc 1 836 29 discriminator 1 view .LVU699
 2679 0010 002A     		cmp	r2, #0
 2680 0012 70D0     		beq	.L151
 838:Task/Task_BlackBox.c ****         (len == NULL) || \
 2681              		.loc 1 838 10 view .LVU700
 2682 0014 1268     		ldr	r2, [r2]
 2683              	.LVL212:
 837:Task/Task_BlackBox.c ****         (*p_data == NULL) || \
 2684              		.loc 1 837 26 view .LVU701
 2685 0016 002A     		cmp	r2, #0
 2686 0018 6FD0     		beq	.L152
 838:Task/Task_BlackBox.c ****         (len == NULL) || \
 2687              		.loc 1 838 27 view .LVU702
 2688 001a 002B     		cmp	r3, #0
 2689 001c 6FD0     		beq	.L153
 840:Task/Task_BlackBox.c ****         return BlackBox_Cnv_Size_Error;
 2690              		.loc 1 840 10 view .LVU703
 2691 001e 1B68     		ldr	r3, [r3]
 2692              	.LVL213:
 839:Task/Task_BlackBox.c ****         (*len < sizeof(BlackBox_AngCtlData_TypeDef)))
 2693              		.loc 1 839 23 view .LVU704
 2694 0020 1C2B     		cmp	r3, #28
 2695 0022 6ED9     		bls	.L154
 843:Task/Task_BlackBox.c ****     if (p_shell)
 2696              		.loc 1 843 5 is_stmt 1 view .LVU705
 2697 0024 1068     		ldr	r0, [r2]	@ unaligned
 2698              	.LVL214:
 843:Task/Task_BlackBox.c ****     if (p_shell)
 2699              		.loc 1 843 5 is_stmt 0 view .LVU706
 2700 0026 5168     		ldr	r1, [r2, #4]	@ unaligned
 2701              	.LVL215:
 843:Task/Task_BlackBox.c ****     if (p_shell)
 2702              		.loc 1 843 5 view .LVU707
 2703 0028 9368     		ldr	r3, [r2, #8]	@ unaligned
 2704 002a D2F80CC0 		ldr	ip, [r2, #12]	@ unaligned
 2705 002e 2060     		str	r0, [r4]	@ unaligned
 2706 0030 6160     		str	r1, [r4, #4]	@ unaligned
 2707 0032 A360     		str	r3, [r4, #8]	@ unaligned
 2708 0034 C4F80CC0 		str	ip, [r4, #12]	@ unaligned
 2709 0038 1069     		ldr	r0, [r2, #16]	@ unaligned
 2710 003a 5169     		ldr	r1, [r2, #20]	@ unaligned
 2711 003c 9369     		ldr	r3, [r2, #24]	@ unaligned
 2712 003e 2061     		str	r0, [r4, #16]	@ unaligned
 2713 0040 6161     		str	r1, [r4, #20]	@ unaligned
 2714 0042 A361     		str	r3, [r4, #24]	@ unaligned
 2715 0044 137F     		ldrb	r3, [r2, #28]	@ zero_extendqisi2
 2716 0046 2377     		strb	r3, [r4, #28]
 844:Task/Task_BlackBox.c ****     {
 2717              		.loc 1 844 5 is_stmt 1 view .LVU708
 844:Task/Task_BlackBox.c ****     {
 2718              		.loc 1 844 8 is_stmt 0 view .LVU709
 2719 0048 002E     		cmp	r6, #0
ARM GAS  C:\Users\HUAV\AppData\Local\Temp\ccYocD5a.s 			page 78


 2720 004a 49D0     		beq	.L149
 846:Task/Task_BlackBox.c ****         shellPrint(p_shell, "%d ", p_ang_ctl->throttle_percent);
 2721              		.loc 1 846 9 is_stmt 1 view .LVU710
 2722 004c DFF8BC80 		ldr	r8, .L159+4
 2723 0050 2268     		ldr	r2, [r4]	@ unaligned
 2724 0052 4146     		mov	r1, r8
 2725 0054 3046     		mov	r0, r6
 2726 0056 FFF7FEFF 		bl	shellPrint
 2727              	.LVL216:
 847:Task/Task_BlackBox.c ****         shellPrint(p_shell, "%f ", p_ang_ctl->e_gyr[Axis_X]);
 2728              		.loc 1 847 9 view .LVU711
 2729 005a 2279     		ldrb	r2, [r4, #4]	@ zero_extendqisi2
 2730 005c 4146     		mov	r1, r8
 2731 005e 3046     		mov	r0, r6
 2732 0060 FFF7FEFF 		bl	shellPrint
 2733              	.LVL217:
 848:Task/Task_BlackBox.c ****         shellPrint(p_shell, "%f ", p_ang_ctl->e_gyr[Axis_Y]);
 2734              		.loc 1 848 9 view .LVU712
 848:Task/Task_BlackBox.c ****         shellPrint(p_shell, "%f ", p_ang_ctl->e_gyr[Axis_Y]);
 2735              		.loc 1 848 52 is_stmt 0 view .LVU713
 2736 0064 D4F81100 		ldr	r0, [r4, #17]	@ unaligned
 848:Task/Task_BlackBox.c ****         shellPrint(p_shell, "%f ", p_ang_ctl->e_gyr[Axis_Y]);
 2737              		.loc 1 848 9 view .LVU714
 2738 0068 FFF7FEFF 		bl	__aeabi_f2d
 2739              	.LVL218:
 2740 006c 0246     		mov	r2, r0
 2741 006e 0B46     		mov	r3, r1
 2742 0070 DFF89C80 		ldr	r8, .L159+8
 2743 0074 4146     		mov	r1, r8
 2744 0076 3046     		mov	r0, r6
 2745 0078 FFF7FEFF 		bl	shellPrint
 2746              	.LVL219:
 849:Task/Task_BlackBox.c ****         shellPrint(p_shell, "%f ", p_ang_ctl->e_gyr[Axis_Z]);
 2747              		.loc 1 849 9 is_stmt 1 view .LVU715
 849:Task/Task_BlackBox.c ****         shellPrint(p_shell, "%f ", p_ang_ctl->e_gyr[Axis_Z]);
 2748              		.loc 1 849 52 is_stmt 0 view .LVU716
 2749 007c D4F81500 		ldr	r0, [r4, #21]	@ unaligned
 849:Task/Task_BlackBox.c ****         shellPrint(p_shell, "%f ", p_ang_ctl->e_gyr[Axis_Z]);
 2750              		.loc 1 849 9 view .LVU717
 2751 0080 FFF7FEFF 		bl	__aeabi_f2d
 2752              	.LVL220:
 2753 0084 0246     		mov	r2, r0
 2754 0086 0B46     		mov	r3, r1
 2755 0088 4146     		mov	r1, r8
 2756 008a 3046     		mov	r0, r6
 2757 008c FFF7FEFF 		bl	shellPrint
 2758              	.LVL221:
 850:Task/Task_BlackBox.c ****         shellPrint(p_shell, "%f ", p_ang_ctl->m_gyr[Axis_X]);
 2759              		.loc 1 850 9 is_stmt 1 view .LVU718
 850:Task/Task_BlackBox.c ****         shellPrint(p_shell, "%f ", p_ang_ctl->m_gyr[Axis_X]);
 2760              		.loc 1 850 52 is_stmt 0 view .LVU719
 2761 0090 D4F81900 		ldr	r0, [r4, #25]	@ unaligned
 850:Task/Task_BlackBox.c ****         shellPrint(p_shell, "%f ", p_ang_ctl->m_gyr[Axis_X]);
 2762              		.loc 1 850 9 view .LVU720
 2763 0094 FFF7FEFF 		bl	__aeabi_f2d
 2764              	.LVL222:
 2765 0098 0246     		mov	r2, r0
ARM GAS  C:\Users\HUAV\AppData\Local\Temp\ccYocD5a.s 			page 79


 2766 009a 0B46     		mov	r3, r1
 2767 009c 4146     		mov	r1, r8
 2768 009e 3046     		mov	r0, r6
 2769 00a0 FFF7FEFF 		bl	shellPrint
 2770              	.LVL223:
 851:Task/Task_BlackBox.c ****         shellPrint(p_shell, "%f ", p_ang_ctl->m_gyr[Axis_Y]);
 2771              		.loc 1 851 9 is_stmt 1 view .LVU721
 851:Task/Task_BlackBox.c ****         shellPrint(p_shell, "%f ", p_ang_ctl->m_gyr[Axis_Y]);
 2772              		.loc 1 851 52 is_stmt 0 view .LVU722
 2773 00a4 D4F80500 		ldr	r0, [r4, #5]	@ unaligned
 851:Task/Task_BlackBox.c ****         shellPrint(p_shell, "%f ", p_ang_ctl->m_gyr[Axis_Y]);
 2774              		.loc 1 851 9 view .LVU723
 2775 00a8 FFF7FEFF 		bl	__aeabi_f2d
 2776              	.LVL224:
 2777 00ac 0246     		mov	r2, r0
 2778 00ae 0B46     		mov	r3, r1
 2779 00b0 4146     		mov	r1, r8
 2780 00b2 3046     		mov	r0, r6
 2781 00b4 FFF7FEFF 		bl	shellPrint
 2782              	.LVL225:
 852:Task/Task_BlackBox.c ****         shellPrint(p_shell, "%f\r\n", p_ang_ctl->m_gyr[Axis_Z]);
 2783              		.loc 1 852 9 is_stmt 1 view .LVU724
 852:Task/Task_BlackBox.c ****         shellPrint(p_shell, "%f\r\n", p_ang_ctl->m_gyr[Axis_Z]);
 2784              		.loc 1 852 52 is_stmt 0 view .LVU725
 2785 00b8 D4F80900 		ldr	r0, [r4, #9]	@ unaligned
 852:Task/Task_BlackBox.c ****         shellPrint(p_shell, "%f\r\n", p_ang_ctl->m_gyr[Axis_Z]);
 2786              		.loc 1 852 9 view .LVU726
 2787 00bc FFF7FEFF 		bl	__aeabi_f2d
 2788              	.LVL226:
 2789 00c0 0246     		mov	r2, r0
 2790 00c2 0B46     		mov	r3, r1
 2791 00c4 4146     		mov	r1, r8
 2792 00c6 3046     		mov	r0, r6
 2793 00c8 FFF7FEFF 		bl	shellPrint
 2794              	.LVL227:
 853:Task/Task_BlackBox.c ****     }
 2795              		.loc 1 853 9 is_stmt 1 view .LVU727
 853:Task/Task_BlackBox.c ****     }
 2796              		.loc 1 853 55 is_stmt 0 view .LVU728
 2797 00cc D4F80D00 		ldr	r0, [r4, #13]	@ unaligned
 853:Task/Task_BlackBox.c ****     }
 2798              		.loc 1 853 9 view .LVU729
 2799 00d0 FFF7FEFF 		bl	__aeabi_f2d
 2800              	.LVL228:
 2801 00d4 0246     		mov	r2, r0
 2802 00d6 0B46     		mov	r3, r1
 2803 00d8 0B49     		ldr	r1, .L159
 2804 00da 3046     		mov	r0, r6
 2805 00dc FFF7FEFF 		bl	shellPrint
 2806              	.LVL229:
 2807              	.L149:
 856:Task/Task_BlackBox.c ****     *len -= sizeof(BlackBox_AngCtlData_TypeDef);
 2808              		.loc 1 856 5 is_stmt 1 view .LVU730
 856:Task/Task_BlackBox.c ****     *len -= sizeof(BlackBox_AngCtlData_TypeDef);
 2809              		.loc 1 856 13 is_stmt 0 view .LVU731
 2810 00e0 2B68     		ldr	r3, [r5]
 2811 00e2 1D33     		adds	r3, r3, #29
ARM GAS  C:\Users\HUAV\AppData\Local\Temp\ccYocD5a.s 			page 80


 2812 00e4 2B60     		str	r3, [r5]
 857:Task/Task_BlackBox.c ****     return BlackBox_Cnv_None_Error;
 2813              		.loc 1 857 5 is_stmt 1 view .LVU732
 857:Task/Task_BlackBox.c ****     return BlackBox_Cnv_None_Error;
 2814              		.loc 1 857 10 is_stmt 0 view .LVU733
 2815 00e6 3B68     		ldr	r3, [r7]
 2816 00e8 1D3B     		subs	r3, r3, #29
 2817 00ea 3B60     		str	r3, [r7]
 858:Task/Task_BlackBox.c **** }
 2818              		.loc 1 858 5 is_stmt 1 view .LVU734
 858:Task/Task_BlackBox.c **** }
 2819              		.loc 1 858 12 is_stmt 0 view .LVU735
 2820 00ec 0020     		movs	r0, #0
 2821              	.L148:
 859:Task/Task_BlackBox.c **** 
 2822              		.loc 1 859 1 view .LVU736
 2823 00ee BDE8F081 		pop	{r4, r5, r6, r7, r8, pc}
 2824              	.LVL230:
 2825              	.L150:
 2826              	.LCFI25:
 2827              		.cfi_def_cfa_offset 0
 2828              		.cfi_restore 4
 2829              		.cfi_restore 5
 2830              		.cfi_restore 6
 2831              		.cfi_restore 7
 2832              		.cfi_restore 8
 2833              		.cfi_restore 14
 841:Task/Task_BlackBox.c ****     
 2834              		.loc 1 841 16 view .LVU737
 2835 00f2 0220     		movs	r0, #2
 2836              	.LVL231:
 859:Task/Task_BlackBox.c **** 
 2837              		.loc 1 859 1 view .LVU738
 2838 00f4 7047     		bx	lr
 2839              	.LVL232:
 2840              	.L151:
 2841              	.LCFI26:
 2842              		.cfi_def_cfa_offset 24
 2843              		.cfi_offset 4, -24
 2844              		.cfi_offset 5, -20
 2845              		.cfi_offset 6, -16
 2846              		.cfi_offset 7, -12
 2847              		.cfi_offset 8, -8
 2848              		.cfi_offset 14, -4
 841:Task/Task_BlackBox.c ****     
 2849              		.loc 1 841 16 view .LVU739
 2850 00f6 0220     		movs	r0, #2
 2851              	.LVL233:
 841:Task/Task_BlackBox.c ****     
 2852              		.loc 1 841 16 view .LVU740
 2853 00f8 F9E7     		b	.L148
 2854              	.LVL234:
 2855              	.L152:
 841:Task/Task_BlackBox.c ****     
 2856              		.loc 1 841 16 view .LVU741
 2857 00fa 0220     		movs	r0, #2
 2858              	.LVL235:
ARM GAS  C:\Users\HUAV\AppData\Local\Temp\ccYocD5a.s 			page 81


 841:Task/Task_BlackBox.c ****     
 2859              		.loc 1 841 16 view .LVU742
 2860 00fc F7E7     		b	.L148
 2861              	.LVL236:
 2862              	.L153:
 841:Task/Task_BlackBox.c ****     
 2863              		.loc 1 841 16 view .LVU743
 2864 00fe 0220     		movs	r0, #2
 2865              	.LVL237:
 841:Task/Task_BlackBox.c ****     
 2866              		.loc 1 841 16 view .LVU744
 2867 0100 F5E7     		b	.L148
 2868              	.LVL238:
 2869              	.L154:
 841:Task/Task_BlackBox.c ****     
 2870              		.loc 1 841 16 view .LVU745
 2871 0102 0220     		movs	r0, #2
 2872              	.LVL239:
 841:Task/Task_BlackBox.c ****     
 2873              		.loc 1 841 16 view .LVU746
 2874 0104 F3E7     		b	.L148
 2875              	.L160:
 2876 0106 00BF     		.align	2
 2877              	.L159:
 2878 0108 08000000 		.word	.LC34
 2879 010c 00000000 		.word	.LC32
 2880 0110 04000000 		.word	.LC33
 2881              		.cfi_endproc
 2882              	.LFE163:
 2884              		.section	.text.TaskBlackBox_ConvertLogData_To_CtlAtt,"ax",%progbits
 2885              		.align	1
 2886              		.syntax unified
 2887              		.thumb
 2888              		.thumb_func
 2890              	TaskBlackBox_ConvertLogData_To_CtlAtt:
 2891              	.LVL240:
 2892              	.LFB164:
 863:Task/Task_BlackBox.c ****     if ((p_att_ctl == NULL) || \
 2893              		.loc 1 863 1 is_stmt 1 view -0
 2894              		.cfi_startproc
 2895              		@ args = 0, pretend = 0, frame = 0
 2896              		@ frame_needed = 0, uses_anonymous_args = 0
 864:Task/Task_BlackBox.c ****         (p_data == NULL) || \
 2897              		.loc 1 864 5 view .LVU748
 864:Task/Task_BlackBox.c ****         (p_data == NULL) || \
 2898              		.loc 1 864 8 is_stmt 0 view .LVU749
 2899 0000 0029     		cmp	r1, #0
 2900 0002 6FD0     		beq	.L164
 863:Task/Task_BlackBox.c ****     if ((p_att_ctl == NULL) || \
 2901              		.loc 1 863 1 discriminator 1 view .LVU750
 2902 0004 2DE9F041 		push	{r4, r5, r6, r7, r8, lr}
 2903              	.LCFI27:
 2904              		.cfi_def_cfa_offset 24
 2905              		.cfi_offset 4, -24
 2906              		.cfi_offset 5, -20
 2907              		.cfi_offset 6, -16
 2908              		.cfi_offset 7, -12
ARM GAS  C:\Users\HUAV\AppData\Local\Temp\ccYocD5a.s 			page 82


 2909              		.cfi_offset 8, -8
 2910              		.cfi_offset 14, -4
 2911 0008 0646     		mov	r6, r0
 2912 000a 1546     		mov	r5, r2
 2913 000c 1F46     		mov	r7, r3
 2914 000e 0C46     		mov	r4, r1
 864:Task/Task_BlackBox.c ****         (p_data == NULL) || \
 2915              		.loc 1 864 29 discriminator 1 view .LVU751
 2916 0010 002A     		cmp	r2, #0
 2917 0012 69D0     		beq	.L165
 866:Task/Task_BlackBox.c ****         (len == NULL) || \
 2918              		.loc 1 866 10 view .LVU752
 2919 0014 1268     		ldr	r2, [r2]
 2920              	.LVL241:
 865:Task/Task_BlackBox.c ****         (*p_data == NULL) || \
 2921              		.loc 1 865 26 view .LVU753
 2922 0016 002A     		cmp	r2, #0
 2923 0018 68D0     		beq	.L166
 866:Task/Task_BlackBox.c ****         (len == NULL) || \
 2924              		.loc 1 866 27 view .LVU754
 2925 001a 002B     		cmp	r3, #0
 2926 001c 68D0     		beq	.L167
 868:Task/Task_BlackBox.c ****         return BlackBox_Cnv_Size_Error;
 2927              		.loc 1 868 10 view .LVU755
 2928 001e 1B68     		ldr	r3, [r3]
 2929              	.LVL242:
 867:Task/Task_BlackBox.c ****         (*len < sizeof(BlackBox_AttCtlData_TypeDef)))
 2930              		.loc 1 867 23 view .LVU756
 2931 0020 1C2B     		cmp	r3, #28
 2932 0022 67D9     		bls	.L168
 871:Task/Task_BlackBox.c ****     if (p_shell)
 2933              		.loc 1 871 5 is_stmt 1 view .LVU757
 2934 0024 1068     		ldr	r0, [r2]	@ unaligned
 2935              	.LVL243:
 871:Task/Task_BlackBox.c ****     if (p_shell)
 2936              		.loc 1 871 5 is_stmt 0 view .LVU758
 2937 0026 5168     		ldr	r1, [r2, #4]	@ unaligned
 2938              	.LVL244:
 871:Task/Task_BlackBox.c ****     if (p_shell)
 2939              		.loc 1 871 5 view .LVU759
 2940 0028 9368     		ldr	r3, [r2, #8]	@ unaligned
 2941 002a D2F80CC0 		ldr	ip, [r2, #12]	@ unaligned
 2942 002e 2060     		str	r0, [r4]	@ unaligned
 2943 0030 6160     		str	r1, [r4, #4]	@ unaligned
 2944 0032 A360     		str	r3, [r4, #8]	@ unaligned
 2945 0034 C4F80CC0 		str	ip, [r4, #12]	@ unaligned
 2946 0038 1069     		ldr	r0, [r2, #16]	@ unaligned
 2947 003a 5169     		ldr	r1, [r2, #20]	@ unaligned
 2948 003c 9369     		ldr	r3, [r2, #24]	@ unaligned
 2949 003e 2061     		str	r0, [r4, #16]	@ unaligned
 2950 0040 6161     		str	r1, [r4, #20]	@ unaligned
 2951 0042 A361     		str	r3, [r4, #24]	@ unaligned
 2952 0044 137F     		ldrb	r3, [r2, #28]	@ zero_extendqisi2
 2953 0046 2377     		strb	r3, [r4, #28]
 872:Task/Task_BlackBox.c ****     {
 2954              		.loc 1 872 5 is_stmt 1 view .LVU760
 872:Task/Task_BlackBox.c ****     {
ARM GAS  C:\Users\HUAV\AppData\Local\Temp\ccYocD5a.s 			page 83


 2955              		.loc 1 872 8 is_stmt 0 view .LVU761
 2956 0048 002E     		cmp	r6, #0
 2957 004a 42D0     		beq	.L163
 874:Task/Task_BlackBox.c ****         shellPrint(p_shell, "%f ", p_att_ctl->exp_pitch);
 2958              		.loc 1 874 9 is_stmt 1 view .LVU762
 2959 004c 2268     		ldr	r2, [r4]	@ unaligned
 2960 004e 2A49     		ldr	r1, .L173
 2961 0050 3046     		mov	r0, r6
 2962 0052 FFF7FEFF 		bl	shellPrint
 2963              	.LVL245:
 875:Task/Task_BlackBox.c ****         shellPrint(p_shell, "%f ", p_att_ctl->exp_roll);
 2964              		.loc 1 875 9 view .LVU763
 875:Task/Task_BlackBox.c ****         shellPrint(p_shell, "%f ", p_att_ctl->exp_roll);
 2965              		.loc 1 875 45 is_stmt 0 view .LVU764
 2966 0056 D4F81100 		ldr	r0, [r4, #17]	@ unaligned
 875:Task/Task_BlackBox.c ****         shellPrint(p_shell, "%f ", p_att_ctl->exp_roll);
 2967              		.loc 1 875 9 view .LVU765
 2968 005a FFF7FEFF 		bl	__aeabi_f2d
 2969              	.LVL246:
 2970 005e 0246     		mov	r2, r0
 2971 0060 0B46     		mov	r3, r1
 2972 0062 DFF89C80 		ldr	r8, .L173+8
 2973 0066 4146     		mov	r1, r8
 2974 0068 3046     		mov	r0, r6
 2975 006a FFF7FEFF 		bl	shellPrint
 2976              	.LVL247:
 876:Task/Task_BlackBox.c ****         shellPrint(p_shell, "%f ", p_att_ctl->exp_gyr_z);
 2977              		.loc 1 876 9 is_stmt 1 view .LVU766
 876:Task/Task_BlackBox.c ****         shellPrint(p_shell, "%f ", p_att_ctl->exp_gyr_z);
 2978              		.loc 1 876 45 is_stmt 0 view .LVU767
 2979 006e D4F81500 		ldr	r0, [r4, #21]	@ unaligned
 876:Task/Task_BlackBox.c ****         shellPrint(p_shell, "%f ", p_att_ctl->exp_gyr_z);
 2980              		.loc 1 876 9 view .LVU768
 2981 0072 FFF7FEFF 		bl	__aeabi_f2d
 2982              	.LVL248:
 2983 0076 0246     		mov	r2, r0
 2984 0078 0B46     		mov	r3, r1
 2985 007a 4146     		mov	r1, r8
 2986 007c 3046     		mov	r0, r6
 2987 007e FFF7FEFF 		bl	shellPrint
 2988              	.LVL249:
 877:Task/Task_BlackBox.c ****         shellPrint(p_shell, "%f ", p_att_ctl->pitch);
 2989              		.loc 1 877 9 is_stmt 1 view .LVU769
 877:Task/Task_BlackBox.c ****         shellPrint(p_shell, "%f ", p_att_ctl->pitch);
 2990              		.loc 1 877 45 is_stmt 0 view .LVU770
 2991 0082 D4F81900 		ldr	r0, [r4, #25]	@ unaligned
 877:Task/Task_BlackBox.c ****         shellPrint(p_shell, "%f ", p_att_ctl->pitch);
 2992              		.loc 1 877 9 view .LVU771
 2993 0086 FFF7FEFF 		bl	__aeabi_f2d
 2994              	.LVL250:
 2995 008a 0246     		mov	r2, r0
 2996 008c 0B46     		mov	r3, r1
 2997 008e 4146     		mov	r1, r8
 2998 0090 3046     		mov	r0, r6
 2999 0092 FFF7FEFF 		bl	shellPrint
 3000              	.LVL251:
 878:Task/Task_BlackBox.c ****         shellPrint(p_shell, "%f ", p_att_ctl->roll);
ARM GAS  C:\Users\HUAV\AppData\Local\Temp\ccYocD5a.s 			page 84


 3001              		.loc 1 878 9 is_stmt 1 view .LVU772
 878:Task/Task_BlackBox.c ****         shellPrint(p_shell, "%f ", p_att_ctl->roll);
 3002              		.loc 1 878 45 is_stmt 0 view .LVU773
 3003 0096 D4F80500 		ldr	r0, [r4, #5]	@ unaligned
 878:Task/Task_BlackBox.c ****         shellPrint(p_shell, "%f ", p_att_ctl->roll);
 3004              		.loc 1 878 9 view .LVU774
 3005 009a FFF7FEFF 		bl	__aeabi_f2d
 3006              	.LVL252:
 3007 009e 0246     		mov	r2, r0
 3008 00a0 0B46     		mov	r3, r1
 3009 00a2 4146     		mov	r1, r8
 3010 00a4 3046     		mov	r0, r6
 3011 00a6 FFF7FEFF 		bl	shellPrint
 3012              	.LVL253:
 879:Task/Task_BlackBox.c ****         shellPrint(p_shell, "%f\r\n", p_att_ctl->gyr_z);
 3013              		.loc 1 879 9 is_stmt 1 view .LVU775
 879:Task/Task_BlackBox.c ****         shellPrint(p_shell, "%f\r\n", p_att_ctl->gyr_z);
 3014              		.loc 1 879 45 is_stmt 0 view .LVU776
 3015 00aa D4F80900 		ldr	r0, [r4, #9]	@ unaligned
 879:Task/Task_BlackBox.c ****         shellPrint(p_shell, "%f\r\n", p_att_ctl->gyr_z);
 3016              		.loc 1 879 9 view .LVU777
 3017 00ae FFF7FEFF 		bl	__aeabi_f2d
 3018              	.LVL254:
 3019 00b2 0246     		mov	r2, r0
 3020 00b4 0B46     		mov	r3, r1
 3021 00b6 4146     		mov	r1, r8
 3022 00b8 3046     		mov	r0, r6
 3023 00ba FFF7FEFF 		bl	shellPrint
 3024              	.LVL255:
 880:Task/Task_BlackBox.c ****     }
 3025              		.loc 1 880 9 is_stmt 1 view .LVU778
 880:Task/Task_BlackBox.c ****     }
 3026              		.loc 1 880 48 is_stmt 0 view .LVU779
 3027 00be D4F80D00 		ldr	r0, [r4, #13]	@ unaligned
 880:Task/Task_BlackBox.c ****     }
 3028              		.loc 1 880 9 view .LVU780
 3029 00c2 FFF7FEFF 		bl	__aeabi_f2d
 3030              	.LVL256:
 3031 00c6 0246     		mov	r2, r0
 3032 00c8 0B46     		mov	r3, r1
 3033 00ca 0C49     		ldr	r1, .L173+4
 3034 00cc 3046     		mov	r0, r6
 3035 00ce FFF7FEFF 		bl	shellPrint
 3036              	.LVL257:
 3037              	.L163:
 883:Task/Task_BlackBox.c ****     *len -= sizeof(BlackBox_AttCtlData_TypeDef);
 3038              		.loc 1 883 5 is_stmt 1 view .LVU781
 883:Task/Task_BlackBox.c ****     *len -= sizeof(BlackBox_AttCtlData_TypeDef);
 3039              		.loc 1 883 13 is_stmt 0 view .LVU782
 3040 00d2 2B68     		ldr	r3, [r5]
 3041 00d4 1D33     		adds	r3, r3, #29
 3042 00d6 2B60     		str	r3, [r5]
 884:Task/Task_BlackBox.c ****     return BlackBox_Cnv_None_Error;
 3043              		.loc 1 884 5 is_stmt 1 view .LVU783
 884:Task/Task_BlackBox.c ****     return BlackBox_Cnv_None_Error;
 3044              		.loc 1 884 10 is_stmt 0 view .LVU784
 3045 00d8 3B68     		ldr	r3, [r7]
ARM GAS  C:\Users\HUAV\AppData\Local\Temp\ccYocD5a.s 			page 85


 3046 00da 1D3B     		subs	r3, r3, #29
 3047 00dc 3B60     		str	r3, [r7]
 885:Task/Task_BlackBox.c **** }
 3048              		.loc 1 885 5 is_stmt 1 view .LVU785
 885:Task/Task_BlackBox.c **** }
 3049              		.loc 1 885 12 is_stmt 0 view .LVU786
 3050 00de 0020     		movs	r0, #0
 3051              	.L162:
 886:Task/Task_BlackBox.c **** 
 3052              		.loc 1 886 1 view .LVU787
 3053 00e0 BDE8F081 		pop	{r4, r5, r6, r7, r8, pc}
 3054              	.LVL258:
 3055              	.L164:
 3056              	.LCFI28:
 3057              		.cfi_def_cfa_offset 0
 3058              		.cfi_restore 4
 3059              		.cfi_restore 5
 3060              		.cfi_restore 6
 3061              		.cfi_restore 7
 3062              		.cfi_restore 8
 3063              		.cfi_restore 14
 869:Task/Task_BlackBox.c **** 
 3064              		.loc 1 869 16 view .LVU788
 3065 00e4 0220     		movs	r0, #2
 3066              	.LVL259:
 886:Task/Task_BlackBox.c **** 
 3067              		.loc 1 886 1 view .LVU789
 3068 00e6 7047     		bx	lr
 3069              	.LVL260:
 3070              	.L165:
 3071              	.LCFI29:
 3072              		.cfi_def_cfa_offset 24
 3073              		.cfi_offset 4, -24
 3074              		.cfi_offset 5, -20
 3075              		.cfi_offset 6, -16
 3076              		.cfi_offset 7, -12
 3077              		.cfi_offset 8, -8
 3078              		.cfi_offset 14, -4
 869:Task/Task_BlackBox.c **** 
 3079              		.loc 1 869 16 view .LVU790
 3080 00e8 0220     		movs	r0, #2
 3081              	.LVL261:
 869:Task/Task_BlackBox.c **** 
 3082              		.loc 1 869 16 view .LVU791
 3083 00ea F9E7     		b	.L162
 3084              	.LVL262:
 3085              	.L166:
 869:Task/Task_BlackBox.c **** 
 3086              		.loc 1 869 16 view .LVU792
 3087 00ec 0220     		movs	r0, #2
 3088              	.LVL263:
 869:Task/Task_BlackBox.c **** 
 3089              		.loc 1 869 16 view .LVU793
 3090 00ee F7E7     		b	.L162
 3091              	.LVL264:
 3092              	.L167:
 869:Task/Task_BlackBox.c **** 
ARM GAS  C:\Users\HUAV\AppData\Local\Temp\ccYocD5a.s 			page 86


 3093              		.loc 1 869 16 view .LVU794
 3094 00f0 0220     		movs	r0, #2
 3095              	.LVL265:
 869:Task/Task_BlackBox.c **** 
 3096              		.loc 1 869 16 view .LVU795
 3097 00f2 F5E7     		b	.L162
 3098              	.LVL266:
 3099              	.L168:
 869:Task/Task_BlackBox.c **** 
 3100              		.loc 1 869 16 view .LVU796
 3101 00f4 0220     		movs	r0, #2
 3102              	.LVL267:
 869:Task/Task_BlackBox.c **** 
 3103              		.loc 1 869 16 view .LVU797
 3104 00f6 F3E7     		b	.L162
 3105              	.L174:
 3106              		.align	2
 3107              	.L173:
 3108 00f8 00000000 		.word	.LC32
 3109 00fc 08000000 		.word	.LC34
 3110 0100 04000000 		.word	.LC33
 3111              		.cfi_endproc
 3112              	.LFE164:
 3114              		.section	.rodata.TaskBlackBox_ConvertLogData_To_Ender.str1.4,"aMS",%progbits,1
 3115              		.align	2
 3116              	.LC35:
 3117 0000 5B20426C 		.ascii	"[ BlackBox ] ender error\015\012\000"
 3117      61636B42 
 3117      6F78205D 
 3117      20656E64 
 3117      65722065 
 3118              		.section	.text.TaskBlackBox_ConvertLogData_To_Ender,"ax",%progbits
 3119              		.align	1
 3120              		.syntax unified
 3121              		.thumb
 3122              		.thumb_func
 3124              	TaskBlackBox_ConvertLogData_To_Ender:
 3125              	.LVL268:
 3126              	.LFB160:
 743:Task/Task_BlackBox.c ****     if ((p_ender == NULL) || \
 3127              		.loc 1 743 1 is_stmt 1 view -0
 3128              		.cfi_startproc
 3129              		@ args = 0, pretend = 0, frame = 0
 3130              		@ frame_needed = 0, uses_anonymous_args = 0
 744:Task/Task_BlackBox.c ****         (p_data == NULL) || \
 3131              		.loc 1 744 5 view .LVU799
 744:Task/Task_BlackBox.c ****         (p_data == NULL) || \
 3132              		.loc 1 744 8 is_stmt 0 view .LVU800
 3133 0000 51B3     		cbz	r1, .L179
 3134 0002 8C46     		mov	ip, r1
 744:Task/Task_BlackBox.c ****         (p_data == NULL) || \
 3135              		.loc 1 744 27 discriminator 1 view .LVU801
 3136 0004 52B3     		cbz	r2, .L180
 746:Task/Task_BlackBox.c ****         (len == NULL) || \
 3137              		.loc 1 746 10 view .LVU802
 3138 0006 1168     		ldr	r1, [r2]
 3139              	.LVL269:
ARM GAS  C:\Users\HUAV\AppData\Local\Temp\ccYocD5a.s 			page 87


 745:Task/Task_BlackBox.c ****         (*p_data == NULL) || \
 3140              		.loc 1 745 26 view .LVU803
 3141 0008 51B3     		cbz	r1, .L181
 746:Task/Task_BlackBox.c ****         (len == NULL) || \
 3142              		.loc 1 746 27 view .LVU804
 3143 000a 5BB3     		cbz	r3, .L182
 743:Task/Task_BlackBox.c ****     if ((p_ender == NULL) || \
 3144              		.loc 1 743 1 view .LVU805
 3145 000c 10B5     		push	{r4, lr}
 3146              	.LCFI30:
 3147              		.cfi_def_cfa_offset 8
 3148              		.cfi_offset 4, -8
 3149              		.cfi_offset 14, -4
 747:Task/Task_BlackBox.c ****         (*len < BLACKBOX_ENDER_SIZE))
 3150              		.loc 1 747 23 view .LVU806
 3151 000e 1C68     		ldr	r4, [r3]
 3152 0010 022C     		cmp	r4, #2
 3153 0012 01D8     		bhi	.L188
 749:Task/Task_BlackBox.c **** 
 3154              		.loc 1 749 16 view .LVU807
 3155 0014 0120     		movs	r0, #1
 3156              	.LVL270:
 3157              	.L176:
 764:Task/Task_BlackBox.c **** 
 3158              		.loc 1 764 1 view .LVU808
 3159 0016 10BD     		pop	{r4, pc}
 3160              	.LVL271:
 3161              	.L188:
 751:Task/Task_BlackBox.c ****     if (p_ender->ender != BLACKBOX_LOG_ENDER)
 3162              		.loc 1 751 5 is_stmt 1 view .LVU809
 3163 0018 B1F800E0 		ldrh	lr, [r1]	@ unaligned
 3164 001c 8978     		ldrb	r1, [r1, #2]	@ zero_extendqisi2
 3165 001e ACF800E0 		strh	lr, [ip]	@ unaligned
 3166 0022 8CF80210 		strb	r1, [ip, #2]
 752:Task/Task_BlackBox.c ****     {
 3167              		.loc 1 752 5 view .LVU810
 752:Task/Task_BlackBox.c ****     {
 3168              		.loc 1 752 16 is_stmt 0 view .LVU811
 3169 0026 BCF801E0 		ldrh	lr, [ip, #1]	@ unaligned
 752:Task/Task_BlackBox.c ****     {
 3170              		.loc 1 752 8 view .LVU812
 3171 002a 4FF22F21 		movw	r1, #61999
 3172 002e 8E45     		cmp	lr, r1
 3173 0030 07D1     		bne	.L189
 760:Task/Task_BlackBox.c ****     *len -= BLACKBOX_ENDER_SIZE;
 3174              		.loc 1 760 5 is_stmt 1 view .LVU813
 760:Task/Task_BlackBox.c ****     *len -= BLACKBOX_ENDER_SIZE;
 3175              		.loc 1 760 13 is_stmt 0 view .LVU814
 3176 0032 1168     		ldr	r1, [r2]
 3177 0034 0331     		adds	r1, r1, #3
 3178 0036 1160     		str	r1, [r2]
 761:Task/Task_BlackBox.c **** 
 3179              		.loc 1 761 5 is_stmt 1 view .LVU815
 761:Task/Task_BlackBox.c **** 
 3180              		.loc 1 761 10 is_stmt 0 view .LVU816
 3181 0038 1A68     		ldr	r2, [r3]
 3182              	.LVL272:
ARM GAS  C:\Users\HUAV\AppData\Local\Temp\ccYocD5a.s 			page 88


 761:Task/Task_BlackBox.c **** 
 3183              		.loc 1 761 10 view .LVU817
 3184 003a 033A     		subs	r2, r2, #3
 3185 003c 1A60     		str	r2, [r3]
 763:Task/Task_BlackBox.c **** }
 3186              		.loc 1 763 5 is_stmt 1 view .LVU818
 763:Task/Task_BlackBox.c **** }
 3187              		.loc 1 763 12 is_stmt 0 view .LVU819
 3188 003e 0020     		movs	r0, #0
 3189              	.LVL273:
 763:Task/Task_BlackBox.c **** }
 3190              		.loc 1 763 12 view .LVU820
 3191 0040 E9E7     		b	.L176
 3192              	.LVL274:
 3193              	.L189:
 754:Task/Task_BlackBox.c ****         if (p_shell)
 3194              		.loc 1 754 9 is_stmt 1 view .LVU821
 3195 0042 0023     		movs	r3, #0
 3196              	.LVL275:
 754:Task/Task_BlackBox.c ****         if (p_shell)
 3197              		.loc 1 754 9 is_stmt 0 view .LVU822
 3198 0044 ACF80030 		strh	r3, [ip]	@ unaligned
 3199 0048 8CF80230 		strb	r3, [ip, #2]
 755:Task/Task_BlackBox.c ****             shellPrint(p_shell, "[ BlackBox ] ender error\r\n");
 3200              		.loc 1 755 9 is_stmt 1 view .LVU823
 755:Task/Task_BlackBox.c ****             shellPrint(p_shell, "[ BlackBox ] ender error\r\n");
 3201              		.loc 1 755 12 is_stmt 0 view .LVU824
 3202 004c 10B1     		cbz	r0, .L178
 756:Task/Task_BlackBox.c ****         return BlackBox_Cnv_Ender_Error;
 3203              		.loc 1 756 13 is_stmt 1 view .LVU825
 3204 004e 0649     		ldr	r1, .L190
 3205 0050 FFF7FEFF 		bl	shellPrint
 3206              	.LVL276:
 3207              	.L178:
 757:Task/Task_BlackBox.c ****     }
 3208              		.loc 1 757 9 view .LVU826
 757:Task/Task_BlackBox.c ****     }
 3209              		.loc 1 757 16 is_stmt 0 view .LVU827
 3210 0054 0520     		movs	r0, #5
 3211 0056 DEE7     		b	.L176
 3212              	.LVL277:
 3213              	.L179:
 3214              	.LCFI31:
 3215              		.cfi_def_cfa_offset 0
 3216              		.cfi_restore 4
 3217              		.cfi_restore 14
 749:Task/Task_BlackBox.c **** 
 3218              		.loc 1 749 16 view .LVU828
 3219 0058 0120     		movs	r0, #1
 3220              	.LVL278:
 749:Task/Task_BlackBox.c **** 
 3221              		.loc 1 749 16 view .LVU829
 3222 005a 7047     		bx	lr
 3223              	.LVL279:
 3224              	.L180:
 749:Task/Task_BlackBox.c **** 
 3225              		.loc 1 749 16 view .LVU830
ARM GAS  C:\Users\HUAV\AppData\Local\Temp\ccYocD5a.s 			page 89


 3226 005c 0120     		movs	r0, #1
 3227              	.LVL280:
 749:Task/Task_BlackBox.c **** 
 3228              		.loc 1 749 16 view .LVU831
 3229 005e 7047     		bx	lr
 3230              	.LVL281:
 3231              	.L181:
 749:Task/Task_BlackBox.c **** 
 3232              		.loc 1 749 16 view .LVU832
 3233 0060 0120     		movs	r0, #1
 3234              	.LVL282:
 749:Task/Task_BlackBox.c **** 
 3235              		.loc 1 749 16 view .LVU833
 3236 0062 7047     		bx	lr
 3237              	.LVL283:
 3238              	.L182:
 749:Task/Task_BlackBox.c **** 
 3239              		.loc 1 749 16 view .LVU834
 3240 0064 0120     		movs	r0, #1
 3241              	.LVL284:
 764:Task/Task_BlackBox.c **** 
 3242              		.loc 1 764 1 view .LVU835
 3243 0066 7047     		bx	lr
 3244              	.L191:
 3245              		.align	2
 3246              	.L190:
 3247 0068 00000000 		.word	.LC35
 3248              		.cfi_endproc
 3249              	.LFE160:
 3251              		.section	.rodata.TaskBlackBox_GetLogInfo.str1.4,"aMS",%progbits,1
 3252              		.align	2
 3253              	.LC36:
 3254 0000 5B20426C 		.ascii	"[ BlackBox ] get info api error\015\012\000"
 3254      61636B42 
 3254      6F78205D 
 3254      20676574 
 3254      20696E66 
 3255 0022 0000     		.align	2
 3256              	.LC37:
 3257 0024 5B20426C 		.ascii	"[ BlackBox ] is logging\015\012\000"
 3257      61636B42 
 3257      6F78205D 
 3257      20697320 
 3257      6C6F6767 
 3258 003e 0000     		.align	2
 3259              	.LC38:
 3260 0040 5B20426C 		.ascii	"[ BlackBox ] log type:               %s\015\012\000"
 3260      61636B42 
 3260      6F78205D 
 3260      206C6F67 
 3260      20747970 
 3261 006a 0000     		.align	2
 3262              	.LC39:
 3263 006c 5B20426C 		.ascii	"[ BlackBox ] task log success count: %d\015\012\000"
 3263      61636B42 
 3263      6F78205D 
 3263      20746173 
ARM GAS  C:\Users\HUAV\AppData\Local\Temp\ccYocD5a.s 			page 90


 3263      6B206C6F 
 3264 0096 0000     		.align	2
 3265              	.LC40:
 3266 0098 5B20426C 		.ascii	"[ BlackBox ] service log count:      %d\015\012\000"
 3266      61636B42 
 3266      6F78205D 
 3266      20736572 
 3266      76696365 
 3267 00c2 0000     		.align	2
 3268              	.LC41:
 3269 00c4 5B20426C 		.ascii	"[ BlackBox ] service log size:       %d\015\012\000"
 3269      61636B42 
 3269      6F78205D 
 3269      20736572 
 3269      76696365 
 3270 00ee 0000     		.align	2
 3271              	.LC42:
 3272 00f0 5B20426C 		.ascii	"[ BlackBox ] read api error\015\012\000"
 3272      61636B42 
 3272      6F78205D 
 3272      20726561 
 3272      64206170 
 3273 010e 0000     		.align	2
 3274              	.LC43:
 3275 0110 5B20426C 		.ascii	"[ BlackBox ] uncomplete decode error\015\012\000"
 3275      61636B42 
 3275      6F78205D 
 3275      20756E63 
 3275      6F6D706C 
 3276 0137 00       		.align	2
 3277              	.LC44:
 3278 0138 5B20426C 		.ascii	"[ BlackBox ] CheckSum error\015\012\000"
 3278      61636B42 
 3278      6F78205D 
 3278      20436865 
 3278      636B5375 
 3279 0156 0000     		.align	2
 3280              	.LC45:
 3281 0158 5B20426C 		.ascii	"[ BlackBox ] addr: %d remian: %d\015\012\000"
 3281      61636B42 
 3281      6F78205D 
 3281      20616464 
 3281      723A2025 
 3282 017b 00       		.align	2
 3283              	.LC46:
 3284 017c 5B20426C 		.ascii	"[ BlackBox ] Data read failed\015\012\000"
 3284      61636B42 
 3284      6F78205D 
 3284      20446174 
 3284      61207265 
 3285              		.align	2
 3286              	.LC47:
 3287 019c 5B20426C 		.ascii	"[ BlackBox ] read address %d\015\012\000"
 3287      61636B42 
 3287      6F78205D 
 3287      20726561 
 3287      64206164 
ARM GAS  C:\Users\HUAV\AppData\Local\Temp\ccYocD5a.s 			page 91


 3288 01bb 00       		.align	2
 3289              	.LC48:
 3290 01bc 5B20426C 		.ascii	"[ BlackBox ] Log End\015\012\000"
 3290      61636B42 
 3290      6F78205D 
 3290      204C6F67 
 3290      20456E64 
 3291              		.section	.text.TaskBlackBox_GetLogInfo,"ax",%progbits
 3292              		.align	1
 3293              		.syntax unified
 3294              		.thumb
 3295              		.thumb_func
 3297              	TaskBlackBox_GetLogInfo:
 3298              	.LFB167:
 909:Task/Task_BlackBox.c **** SHELL_EXPORT_CMD(SHELL_CMD_PERMISSION(0) | SHELL_CMD_TYPE(SHELL_TYPE_CMD_FUNC) | SHELL_CMD_DISABLE_
 910:Task/Task_BlackBox.c **** 
 911:Task/Task_BlackBox.c **** static void TaskBlackBox_GetLogInfo(void)
 912:Task/Task_BlackBox.c **** {
 3299              		.loc 1 912 1 is_stmt 1 view -0
 3300              		.cfi_startproc
 3301              		@ args = 0, pretend = 0, frame = 320
 3302              		@ frame_needed = 0, uses_anonymous_args = 0
 3303 0000 2DE9F041 		push	{r4, r5, r6, r7, r8, lr}
 3304              	.LCFI32:
 3305              		.cfi_def_cfa_offset 24
 3306              		.cfi_offset 4, -24
 3307              		.cfi_offset 5, -20
 3308              		.cfi_offset 6, -16
 3309              		.cfi_offset 7, -12
 3310              		.cfi_offset 8, -8
 3311              		.cfi_offset 14, -4
 3312 0004 D0B0     		sub	sp, sp, #320
 3313              	.LCFI33:
 3314              		.cfi_def_cfa_offset 344
 913:Task/Task_BlackBox.c ****     Shell *shell_obj = Shell_GetInstence();
 3315              		.loc 1 913 5 view .LVU837
 3316              		.loc 1 913 24 is_stmt 0 view .LVU838
 3317 0006 FFF7FEFF 		bl	Shell_GetInstence
 3318              	.LVL285:
 914:Task/Task_BlackBox.c ****     uint32_t log_cnt = 0;
 3319              		.loc 1 914 5 is_stmt 1 view .LVU839
 3320              		.loc 1 914 14 is_stmt 0 view .LVU840
 3321 000a 0023     		movs	r3, #0
 3322 000c 4F93     		str	r3, [sp, #316]
 915:Task/Task_BlackBox.c ****     uint32_t log_size = 0;
 3323              		.loc 1 915 5 is_stmt 1 view .LVU841
 3324              		.loc 1 915 14 is_stmt 0 view .LVU842
 3325 000e 4E93     		str	r3, [sp, #312]
 916:Task/Task_BlackBox.c ****     bool log_enable = false;
 3326              		.loc 1 916 5 is_stmt 1 view .LVU843
 3327              		.loc 1 916 10 is_stmt 0 view .LVU844
 3328 0010 8DF83731 		strb	r3, [sp, #311]
 917:Task/Task_BlackBox.c ****     uint32_t addr = 0;
 3329              		.loc 1 917 5 is_stmt 1 view .LVU845
 3330              	.LVL286:
 918:Task/Task_BlackBox.c ****     volatile BlackBox_ConvertError_List err = BlackBox_Cnv_None_Error;
 3331              		.loc 1 918 5 view .LVU846
ARM GAS  C:\Users\HUAV\AppData\Local\Temp\ccYocD5a.s 			page 92


 3332              		.loc 1 918 41 is_stmt 0 view .LVU847
 3333 0014 8DF83631 		strb	r3, [sp, #310]
 919:Task/Task_BlackBox.c ****     BlackBox_DataHeader_TypeDef header;
 3334              		.loc 1 919 5 is_stmt 1 view .LVU848
 920:Task/Task_BlackBox.c ****     BlackBox_DataEnder_TypeDef ender;
 3335              		.loc 1 920 5 view .LVU849
 921:Task/Task_BlackBox.c ****     BlackBox_IMUData_TypeDef log_imu;
 3336              		.loc 1 921 5 view .LVU850
 922:Task/Task_BlackBox.c ****     BlackBox_AttAltData_TypeDef log_att_alt;
 3337              		.loc 1 922 5 view .LVU851
 923:Task/Task_BlackBox.c ****     BlackBox_AngCtlData_TypeDef log_AngCtl;
 3338              		.loc 1 923 5 view .LVU852
 924:Task/Task_BlackBox.c ****     BlackBox_AttCtlData_TypeDef log_AttCtl;
 3339              		.loc 1 924 5 view .LVU853
 925:Task/Task_BlackBox.c ****     uint8_t *p_log_data = NULL;
 3340              		.loc 1 925 5 view .LVU854
 3341              		.loc 1 925 14 is_stmt 0 view .LVU855
 3342 0018 2493     		str	r3, [sp, #144]
 926:Task/Task_BlackBox.c ****     uint32_t uncomplete_size = 0;
 3343              		.loc 1 926 5 is_stmt 1 view .LVU856
 3344              		.loc 1 926 14 is_stmt 0 view .LVU857
 3345 001a 2393     		str	r3, [sp, #140]
 927:Task/Task_BlackBox.c ****     uint8_t remain_buf[128];
 3346              		.loc 1 927 5 is_stmt 1 view .LVU858
 928:Task/Task_BlackBox.c ****     uint8_t *p_remain_buf = NULL;
 3347              		.loc 1 928 5 view .LVU859
 3348              		.loc 1 928 14 is_stmt 0 view .LVU860
 3349 001c 0293     		str	r3, [sp, #8]
 929:Task/Task_BlackBox.c ****     uint8_t check_sum = 0;
 3350              		.loc 1 929 5 is_stmt 1 view .LVU861
 3351              	.LVL287:
 930:Task/Task_BlackBox.c **** 
 931:Task/Task_BlackBox.c ****     if ((shell_obj == NULL) || (p_blackbox == NULL))
 3352              		.loc 1 931 5 view .LVU862
 3353              		.loc 1 931 8 is_stmt 0 view .LVU863
 3354 001e 0028     		cmp	r0, #0
 3355 0020 55D0     		beq	.L192
 3356 0022 0446     		mov	r4, r0
 3357              		.loc 1 931 44 discriminator 1 view .LVU864
 3358 0024 9B4B     		ldr	r3, .L247
 3359 0026 1B68     		ldr	r3, [r3]
 3360              		.loc 1 931 29 discriminator 1 view .LVU865
 3361 0028 002B     		cmp	r3, #0
 3362 002a 50D0     		beq	.L192
 932:Task/Task_BlackBox.c ****         return;
 933:Task/Task_BlackBox.c **** 
 934:Task/Task_BlackBox.c ****     if (p_blackbox->get_info == NULL)
 3363              		.loc 1 934 5 is_stmt 1 view .LVU866
 3364              		.loc 1 934 19 is_stmt 0 view .LVU867
 3365 002c 5D69     		ldr	r5, [r3, #20]
 3366              		.loc 1 934 8 view .LVU868
 3367 002e 002D     		cmp	r5, #0
 3368 0030 45D0     		beq	.L240
 935:Task/Task_BlackBox.c ****     {
 936:Task/Task_BlackBox.c ****         shellPrint(shell_obj, "[ BlackBox ] get info api error\r\n");
 937:Task/Task_BlackBox.c ****         return;
 938:Task/Task_BlackBox.c ****     }
ARM GAS  C:\Users\HUAV\AppData\Local\Temp\ccYocD5a.s 			page 93


 939:Task/Task_BlackBox.c **** 
 940:Task/Task_BlackBox.c ****     p_blackbox->get_info(Storage.read_section, &log_cnt, &log_size, &log_enable);
 3369              		.loc 1 940 5 is_stmt 1 view .LVU869
 3370 0032 0DF23713 		addw	r3, sp, #311
 3371 0036 4EAA     		add	r2, sp, #312
 3372 0038 4FA9     		add	r1, sp, #316
 3373 003a 9748     		ldr	r0, .L247+4
 3374              	.LVL288:
 3375              		.loc 1 940 5 is_stmt 0 view .LVU870
 3376 003c C069     		ldr	r0, [r0, #28]
 3377 003e A847     		blx	r5
 3378              	.LVL289:
 941:Task/Task_BlackBox.c ****     if (log_enable)
 3379              		.loc 1 941 5 is_stmt 1 view .LVU871
 3380              		.loc 1 941 9 is_stmt 0 view .LVU872
 3381 0040 9DF83731 		ldrb	r3, [sp, #311]	@ zero_extendqisi2
 3382              		.loc 1 941 8 view .LVU873
 3383 0044 002B     		cmp	r3, #0
 3384 0046 3ED1     		bne	.L241
 942:Task/Task_BlackBox.c ****     {
 943:Task/Task_BlackBox.c ****         shellPrint(shell_obj, "[ BlackBox ] is logging\r\n");
 944:Task/Task_BlackBox.c ****         return;
 945:Task/Task_BlackBox.c ****     }
 946:Task/Task_BlackBox.c **** 
 947:Task/Task_BlackBox.c ****     shellPrint(shell_obj, "[ BlackBox ] log type:               %s\r\n", TaskBlackBox_Get_LogType_S
 3385              		.loc 1 947 5 is_stmt 1 view .LVU874
 3386 0048 FFF7FEFF 		bl	TaskBlackBox_Get_LogType_Str
 3387              	.LVL290:
 3388 004c 0246     		mov	r2, r0
 3389 004e 9349     		ldr	r1, .L247+8
 3390 0050 2046     		mov	r0, r4
 3391 0052 FFF7FEFF 		bl	shellPrint
 3392              	.LVL291:
 948:Task/Task_BlackBox.c ****     shellPrint(shell_obj, "[ BlackBox ] task log success count: %d\r\n", Monitor.log_cnt);
 3393              		.loc 1 948 5 view .LVU875
 3394 0056 924B     		ldr	r3, .L247+12
 3395 0058 DA6D     		ldr	r2, [r3, #92]
 3396 005a 9249     		ldr	r1, .L247+16
 3397 005c 2046     		mov	r0, r4
 3398 005e FFF7FEFF 		bl	shellPrint
 3399              	.LVL292:
 949:Task/Task_BlackBox.c ****     shellPrint(shell_obj, "[ BlackBox ] service log count:      %d\r\n", log_cnt);
 3400              		.loc 1 949 5 view .LVU876
 3401 0062 4F9A     		ldr	r2, [sp, #316]
 3402 0064 9049     		ldr	r1, .L247+20
 3403 0066 2046     		mov	r0, r4
 3404 0068 FFF7FEFF 		bl	shellPrint
 3405              	.LVL293:
 950:Task/Task_BlackBox.c ****     shellPrint(shell_obj, "[ BlackBox ] service log size:       %d\r\n", log_size);
 3406              		.loc 1 950 5 view .LVU877
 3407 006c 4E9A     		ldr	r2, [sp, #312]
 3408 006e 8F49     		ldr	r1, .L247+24
 3409 0070 2046     		mov	r0, r4
 3410 0072 FFF7FEFF 		bl	shellPrint
 3411              	.LVL294:
 951:Task/Task_BlackBox.c **** 
 952:Task/Task_BlackBox.c ****     /* dispaly data */
ARM GAS  C:\Users\HUAV\AppData\Local\Temp\ccYocD5a.s 			page 94


 953:Task/Task_BlackBox.c ****     if ((p_blackbox->read == NULL) || (Monitor.p_log_buf == NULL))
 3412              		.loc 1 953 5 view .LVU878
 3413              		.loc 1 953 20 is_stmt 0 view .LVU879
 3414 0076 874B     		ldr	r3, .L247
 3415 0078 1B68     		ldr	r3, [r3]
 3416 007a 1B69     		ldr	r3, [r3, #16]
 3417              		.loc 1 953 8 view .LVU880
 3418 007c 53B3     		cbz	r3, .L196
 3419              		.loc 1 953 47 discriminator 1 view .LVU881
 3420 007e 884B     		ldr	r3, .L247+12
 3421 0080 5B6D     		ldr	r3, [r3, #84]
 3422              		.loc 1 953 36 discriminator 1 view .LVU882
 3423 0082 3BB3     		cbz	r3, .L196
 954:Task/Task_BlackBox.c ****     {
 955:Task/Task_BlackBox.c ****         shellPrint(shell_obj, "[ BlackBox ] read api error\r\n");
 956:Task/Task_BlackBox.c ****         return;
 957:Task/Task_BlackBox.c ****     }
 958:Task/Task_BlackBox.c **** 
 959:Task/Task_BlackBox.c ****     memset(&header, 0, BLACKBOX_HEADER_SIZE);
 3424              		.loc 1 959 5 is_stmt 1 view .LVU883
 3425 0084 0026     		movs	r6, #0
 3426 0086 4C96     		str	r6, [sp, #304]
 960:Task/Task_BlackBox.c ****     for (uint16_t i = 0; i < log_cnt; i++)
 3427              		.loc 1 960 5 view .LVU884
 3428              	.LBB13:
 3429              		.loc 1 960 10 view .LVU885
 3430              	.LVL295:
 3431              		.loc 1 960 19 is_stmt 0 view .LVU886
 3432 0088 3746     		mov	r7, r6
 3433              	.LBE13:
 929:Task/Task_BlackBox.c **** 
 3434              		.loc 1 929 13 view .LVU887
 3435 008a 3546     		mov	r5, r6
 3436              	.LVL296:
 3437              	.L198:
 3438              	.LBB16:
 3439              		.loc 1 960 26 is_stmt 1 discriminator 1 view .LVU888
 3440              		.loc 1 960 28 is_stmt 0 discriminator 1 view .LVU889
 3441 008c 4F9B     		ldr	r3, [sp, #316]
 3442              		.loc 1 960 5 discriminator 1 view .LVU890
 3443 008e 9F42     		cmp	r7, r3
 3444 0090 80F00B82 		bcs	.L236
 961:Task/Task_BlackBox.c ****     {
 962:Task/Task_BlackBox.c ****         if (p_blackbox->read(Storage.read_section, addr, Monitor.p_log_buf, Monitor.log_unit))
 3445              		.loc 1 962 9 is_stmt 1 view .LVU891
 3446              		.loc 1 962 23 is_stmt 0 view .LVU892
 3447 0094 7F4B     		ldr	r3, .L247
 3448 0096 1B68     		ldr	r3, [r3]
 3449 0098 D3F81080 		ldr	r8, [r3, #16]
 3450              		.loc 1 962 13 view .LVU893
 3451 009c 804A     		ldr	r2, .L247+12
 3452 009e 136D     		ldr	r3, [r2, #80]
 3453 00a0 526D     		ldr	r2, [r2, #84]
 3454 00a2 3146     		mov	r1, r6
 3455 00a4 7C48     		ldr	r0, .L247+4
 3456 00a6 C069     		ldr	r0, [r0, #28]
 3457 00a8 C047     		blx	r8
ARM GAS  C:\Users\HUAV\AppData\Local\Temp\ccYocD5a.s 			page 95


 3458              	.LVL297:
 3459              		.loc 1 962 12 view .LVU894
 3460 00aa 0028     		cmp	r0, #0
 3461 00ac 00F0F481 		beq	.L199
 963:Task/Task_BlackBox.c ****         {
 964:Task/Task_BlackBox.c ****             log_size = Monitor.log_unit;
 3462              		.loc 1 964 13 is_stmt 1 view .LVU895
 3463              		.loc 1 964 31 is_stmt 0 view .LVU896
 3464 00b0 7B4A     		ldr	r2, .L247+12
 3465 00b2 136D     		ldr	r3, [r2, #80]
 3466              		.loc 1 964 22 view .LVU897
 3467 00b4 4E93     		str	r3, [sp, #312]
 965:Task/Task_BlackBox.c ****             p_log_data = Monitor.p_log_buf;
 3468              		.loc 1 965 13 is_stmt 1 view .LVU898
 3469              		.loc 1 965 33 is_stmt 0 view .LVU899
 3470 00b6 526D     		ldr	r2, [r2, #84]
 3471              		.loc 1 965 24 view .LVU900
 3472 00b8 2492     		str	r2, [sp, #144]
 966:Task/Task_BlackBox.c ****             addr += Monitor.log_unit;
 3473              		.loc 1 966 13 is_stmt 1 view .LVU901
 3474              		.loc 1 966 18 is_stmt 0 view .LVU902
 3475 00ba 1E44     		add	r6, r6, r3
 3476              	.LVL298:
 967:Task/Task_BlackBox.c **** 
 968:Task/Task_BlackBox.c ****             /* convert data */
 969:Task/Task_BlackBox.c ****             while (log_size)
 3477              		.loc 1 969 13 is_stmt 1 view .LVU903
 3478              		.loc 1 969 19 is_stmt 0 view .LVU904
 3479 00bc B8E1     		b	.L200
 3480              	.LVL299:
 3481              	.L240:
 3482              		.loc 1 969 19 view .LVU905
 3483              	.LBE16:
 936:Task/Task_BlackBox.c ****         return;
 3484              		.loc 1 936 9 is_stmt 1 view .LVU906
 3485 00be 7C49     		ldr	r1, .L247+28
 3486 00c0 FFF7FEFF 		bl	shellPrint
 3487              	.LVL300:
 937:Task/Task_BlackBox.c ****     }
 3488              		.loc 1 937 9 view .LVU907
 3489 00c4 03E0     		b	.L192
 3490              	.L241:
 943:Task/Task_BlackBox.c ****         return;
 3491              		.loc 1 943 9 view .LVU908
 3492 00c6 7B49     		ldr	r1, .L247+32
 3493 00c8 2046     		mov	r0, r4
 3494 00ca FFF7FEFF 		bl	shellPrint
 3495              	.LVL301:
 944:Task/Task_BlackBox.c ****     }
 3496              		.loc 1 944 9 view .LVU909
 3497              	.L192:
 970:Task/Task_BlackBox.c ****             {
 971:Task/Task_BlackBox.c ****                 if (uncomplete_size)
 972:Task/Task_BlackBox.c ****                 {
 973:Task/Task_BlackBox.c ****                     p_remain_buf = remain_buf;
 974:Task/Task_BlackBox.c **** 
 975:Task/Task_BlackBox.c ****                     if (uncomplete_size <= BLACKBOX_HEADER_SIZE)
ARM GAS  C:\Users\HUAV\AppData\Local\Temp\ccYocD5a.s 			page 96


 976:Task/Task_BlackBox.c ****                     {
 977:Task/Task_BlackBox.c ****                         /* get header first */
 978:Task/Task_BlackBox.c ****                         if (uncomplete_size < BLACKBOX_HEADER_SIZE)
 979:Task/Task_BlackBox.c ****                         {
 980:Task/Task_BlackBox.c ****                             memcpy(p_remain_buf + uncomplete_size, p_log_data, BLACKBOX_HEADER_SIZE
 981:Task/Task_BlackBox.c ****                             p_log_data += (BLACKBOX_HEADER_SIZE - uncomplete_size);
 982:Task/Task_BlackBox.c ****                             log_size -= (BLACKBOX_HEADER_SIZE - uncomplete_size);
 983:Task/Task_BlackBox.c ****                             uncomplete_size = BLACKBOX_HEADER_SIZE;
 984:Task/Task_BlackBox.c ****                         }
 985:Task/Task_BlackBox.c **** 
 986:Task/Task_BlackBox.c ****                         err = TaskBlackBox_ConvertLogData_To_Header(shell_obj, &header, &p_remain_b
 987:Task/Task_BlackBox.c ****                         if (err == BlackBox_Cnv_Size_Error)
 988:Task/Task_BlackBox.c ****                         {
 989:Task/Task_BlackBox.c ****                             err = BlackBox_Cnv_None_Error;
 990:Task/Task_BlackBox.c ****                             uncomplete_size = 0;
 991:Task/Task_BlackBox.c ****                         }
 992:Task/Task_BlackBox.c ****                     }
 993:Task/Task_BlackBox.c ****                     else if (uncomplete_size > BLACKBOX_HEADER_SIZE)
 994:Task/Task_BlackBox.c ****                     {
 995:Task/Task_BlackBox.c ****                         err = TaskBlackBox_ConvertLogData_To_Header(shell_obj, &header, &p_remain_b
 996:Task/Task_BlackBox.c ****                         if ((err != BlackBox_Cnv_None_Error) && (err != BlackBox_Cnv_Size_Error))
 997:Task/Task_BlackBox.c ****                         {
 998:Task/Task_BlackBox.c ****                             /* convert bug */
 999:Task/Task_BlackBox.c ****                             shellPrint(shell_obj, "[ BlackBox ] uncomplete decode error\r\n");
1000:Task/Task_BlackBox.c ****                             return;
1001:Task/Task_BlackBox.c ****                         }
1002:Task/Task_BlackBox.c ****                         else if (err == BlackBox_Cnv_Size_Error)
1003:Task/Task_BlackBox.c ****                             err = BlackBox_Cnv_None_Error;
1004:Task/Task_BlackBox.c **** 
1005:Task/Task_BlackBox.c ****                         uncomplete_size -= BLACKBOX_HEADER_SIZE;
1006:Task/Task_BlackBox.c ****                         p_remain_buf += BLACKBOX_HEADER_SIZE;
1007:Task/Task_BlackBox.c ****                     }
1008:Task/Task_BlackBox.c **** 
1009:Task/Task_BlackBox.c ****                     if (uncomplete_size)
1010:Task/Task_BlackBox.c ****                     {
1011:Task/Task_BlackBox.c ****                         uint32_t decode_size = 0;
1012:Task/Task_BlackBox.c ****                         switch ((uint8_t)header.type)
1013:Task/Task_BlackBox.c ****                         {
1014:Task/Task_BlackBox.c ****                             case BlackBox_Imu_Filted:
1015:Task/Task_BlackBox.c ****                                 if (uncomplete_size <= sizeof(BlackBox_IMUData_TypeDef))
1016:Task/Task_BlackBox.c ****                                 {
1017:Task/Task_BlackBox.c ****                                     memcpy(p_remain_buf + uncomplete_size, p_log_data, sizeof(Black
1018:Task/Task_BlackBox.c ****                                     p_log_data += sizeof(BlackBox_IMUData_TypeDef) - uncomplete_siz
1019:Task/Task_BlackBox.c ****                                     log_size -= sizeof(BlackBox_IMUData_TypeDef) - uncomplete_size;
1020:Task/Task_BlackBox.c ****                                     uncomplete_size = 0;
1021:Task/Task_BlackBox.c ****                                 }
1022:Task/Task_BlackBox.c ****                                 else
1023:Task/Task_BlackBox.c ****                                 {
1024:Task/Task_BlackBox.c ****                                     memmove(p_remain_buf, p_remain_buf + uncomplete_size, uncomplet
1025:Task/Task_BlackBox.c ****                                     uncomplete_size -= sizeof(BlackBox_IMUData_TypeDef);
1026:Task/Task_BlackBox.c ****                                 }
1027:Task/Task_BlackBox.c **** 
1028:Task/Task_BlackBox.c ****                                 decode_size = sizeof(BlackBox_IMUData_TypeDef);
1029:Task/Task_BlackBox.c ****                                 TaskBlackBox_ConvertLogData_To_IMU(shell_obj, &log_imu, &p_remain_b
1030:Task/Task_BlackBox.c ****                                 break;
1031:Task/Task_BlackBox.c **** 
1032:Task/Task_BlackBox.c ****                             case BlackBox_Log_Alt_Att:
ARM GAS  C:\Users\HUAV\AppData\Local\Temp\ccYocD5a.s 			page 97


1033:Task/Task_BlackBox.c ****                                 if (uncomplete_size <= sizeof(BlackBox_AttAltData_TypeDef))
1034:Task/Task_BlackBox.c ****                                 {
1035:Task/Task_BlackBox.c ****                                     memcpy(p_remain_buf + uncomplete_size, p_log_data, sizeof(Black
1036:Task/Task_BlackBox.c ****                                     p_log_data += sizeof(BlackBox_AttAltData_TypeDef) - uncomplete_
1037:Task/Task_BlackBox.c ****                                     log_size -= sizeof(BlackBox_AttAltData_TypeDef) - uncomplete_si
1038:Task/Task_BlackBox.c ****                                     uncomplete_size = 0;
1039:Task/Task_BlackBox.c ****                                 }
1040:Task/Task_BlackBox.c ****                                 else
1041:Task/Task_BlackBox.c ****                                 {
1042:Task/Task_BlackBox.c ****                                     memmove(p_remain_buf, p_remain_buf + uncomplete_size, uncomplet
1043:Task/Task_BlackBox.c ****                                     uncomplete_size -= sizeof(BlackBox_AttAltData_TypeDef);
1044:Task/Task_BlackBox.c ****                                 }
1045:Task/Task_BlackBox.c **** 
1046:Task/Task_BlackBox.c ****                                 decode_size = sizeof(BlackBox_AttAltData_TypeDef);
1047:Task/Task_BlackBox.c ****                                 TaskBlackBox_ConvertLogData_To_Alt_Att(shell_obj, &log_att_alt, &p_
1048:Task/Task_BlackBox.c ****                                 break;
1049:Task/Task_BlackBox.c **** 
1050:Task/Task_BlackBox.c ****                             case BlackBox_AngularPID_Tune:
1051:Task/Task_BlackBox.c ****                                 if (uncomplete_size <= sizeof(BlackBox_AngCtlData_TypeDef))
1052:Task/Task_BlackBox.c ****                                 {
1053:Task/Task_BlackBox.c ****                                     memcpy(p_remain_buf + uncomplete_size, p_log_data, sizeof(Black
1054:Task/Task_BlackBox.c ****                                     p_log_data += sizeof(BlackBox_AngCtlData_TypeDef) - uncomplete_
1055:Task/Task_BlackBox.c ****                                     log_size -= sizeof(BlackBox_AngCtlData_TypeDef) - uncomplete_si
1056:Task/Task_BlackBox.c ****                                     uncomplete_size = 0;
1057:Task/Task_BlackBox.c ****                                 }
1058:Task/Task_BlackBox.c ****                                 else
1059:Task/Task_BlackBox.c ****                                 {
1060:Task/Task_BlackBox.c ****                                     memmove(p_remain_buf, p_remain_buf + uncomplete_size, uncomplet
1061:Task/Task_BlackBox.c ****                                     uncomplete_size -= sizeof(BlackBox_AngCtlData_TypeDef);
1062:Task/Task_BlackBox.c ****                                 }
1063:Task/Task_BlackBox.c **** 
1064:Task/Task_BlackBox.c ****                                 decode_size = sizeof(BlackBox_AngCtlData_TypeDef);
1065:Task/Task_BlackBox.c ****                                 TaskBlackBox_ConvertLogData_To_CtlAng(shell_obj, &log_AngCtl, &p_re
1066:Task/Task_BlackBox.c ****                                 break;
1067:Task/Task_BlackBox.c **** 
1068:Task/Task_BlackBox.c ****                             case BlackBox_AttitudePID_Tune:
1069:Task/Task_BlackBox.c ****                                 if (uncomplete_size <= sizeof(BlackBox_AttCtlData_TypeDef))
1070:Task/Task_BlackBox.c ****                                 {
1071:Task/Task_BlackBox.c ****                                     memcpy(p_remain_buf + uncomplete_size, p_log_data, sizeof(Black
1072:Task/Task_BlackBox.c ****                                     p_log_data += sizeof(BlackBox_AttCtlData_TypeDef) - uncomplete_
1073:Task/Task_BlackBox.c ****                                     log_size -= sizeof(BlackBox_AttCtlData_TypeDef) - uncomplete_si
1074:Task/Task_BlackBox.c ****                                     uncomplete_size = 0;
1075:Task/Task_BlackBox.c ****                                 }
1076:Task/Task_BlackBox.c ****                                 else
1077:Task/Task_BlackBox.c ****                                 {
1078:Task/Task_BlackBox.c ****                                     memmove(p_remain_buf, p_remain_buf + uncomplete_size, uncomplet
1079:Task/Task_BlackBox.c ****                                     uncomplete_size -= sizeof(BlackBox_AttCtlData_TypeDef);
1080:Task/Task_BlackBox.c ****                                 }
1081:Task/Task_BlackBox.c **** 
1082:Task/Task_BlackBox.c ****                                 decode_size = sizeof(BlackBox_AttCtlData_TypeDef);
1083:Task/Task_BlackBox.c ****                                 TaskBlackBox_ConvertLogData_To_CtlAtt(shell_obj, &log_AttCtl, &p_re
1084:Task/Task_BlackBox.c ****                                 break;
1085:Task/Task_BlackBox.c **** 
1086:Task/Task_BlackBox.c ****                             default: return;
1087:Task/Task_BlackBox.c ****                         }
1088:Task/Task_BlackBox.c **** 
1089:Task/Task_BlackBox.c ****                         /* get ender */
ARM GAS  C:\Users\HUAV\AppData\Local\Temp\ccYocD5a.s 			page 98


1090:Task/Task_BlackBox.c ****                         if (uncomplete_size)
1091:Task/Task_BlackBox.c ****                         {
1092:Task/Task_BlackBox.c ****                             memcpy(remain_buf + uncomplete_size, p_log_data, BLACKBOX_ENDER_SIZE - 
1093:Task/Task_BlackBox.c ****                             decode_size = BLACKBOX_ENDER_SIZE;
1094:Task/Task_BlackBox.c ****                             p_log_data += BLACKBOX_ENDER_SIZE - uncomplete_size;
1095:Task/Task_BlackBox.c ****                             log_size -= BLACKBOX_ENDER_SIZE - uncomplete_size;
1096:Task/Task_BlackBox.c ****                             TaskBlackBox_ConvertLogData_To_Ender(shell_obj, &ender, &p_remain_buf, 
1097:Task/Task_BlackBox.c ****                         }
1098:Task/Task_BlackBox.c ****                         else
1099:Task/Task_BlackBox.c ****                             TaskBlackBox_ConvertLogData_To_Ender(shell_obj, &ender, &p_log_data, &l
1100:Task/Task_BlackBox.c **** 
1101:Task/Task_BlackBox.c ****                         /* get next header */
1102:Task/Task_BlackBox.c ****                         err = TaskBlackBox_ConvertLogData_To_Header(shell_obj, &header, &p_log_data
1103:Task/Task_BlackBox.c ****                     }
1104:Task/Task_BlackBox.c ****                 }
1105:Task/Task_BlackBox.c ****                 else
1106:Task/Task_BlackBox.c ****                     err = TaskBlackBox_ConvertLogData_To_Header(shell_obj, &header, &p_log_data, &l
1107:Task/Task_BlackBox.c **** 
1108:Task/Task_BlackBox.c ****                 if (err == BlackBox_Cnv_None_Error)
1109:Task/Task_BlackBox.c ****                 {
1110:Task/Task_BlackBox.c ****                     uncomplete_size = 0;
1111:Task/Task_BlackBox.c ****                     switch ((uint8_t)header.type)
1112:Task/Task_BlackBox.c ****                     {
1113:Task/Task_BlackBox.c ****                         case BlackBox_Imu_Filted:
1114:Task/Task_BlackBox.c ****                             err = TaskBlackBox_ConvertLogData_To_IMU(shell_obj, &log_imu, &p_log_da
1115:Task/Task_BlackBox.c ****                             check_sum = TaskBlackBox_Get_CheckSum((uint8_t *)&log_imu, sizeof(Black
1116:Task/Task_BlackBox.c ****                             break;
1117:Task/Task_BlackBox.c **** 
1118:Task/Task_BlackBox.c ****                         case BlackBox_Log_Alt_Att:
1119:Task/Task_BlackBox.c ****                             err = TaskBlackBox_ConvertLogData_To_Alt_Att(shell_obj, &log_att_alt, &
1120:Task/Task_BlackBox.c ****                             check_sum = TaskBlackBox_Get_CheckSum((uint8_t *)&log_att_alt, sizeof(B
1121:Task/Task_BlackBox.c ****                             break;
1122:Task/Task_BlackBox.c **** 
1123:Task/Task_BlackBox.c ****                         case BlackBox_AngularPID_Tune:
1124:Task/Task_BlackBox.c ****                             err = TaskBlackBox_ConvertLogData_To_CtlAng(shell_obj, &log_AngCtl, &p_
1125:Task/Task_BlackBox.c ****                             check_sum = TaskBlackBox_Get_CheckSum((uint8_t *)&log_AngCtl, sizeof(Bl
1126:Task/Task_BlackBox.c ****                             break;
1127:Task/Task_BlackBox.c **** 
1128:Task/Task_BlackBox.c ****                         case BlackBox_AttitudePID_Tune:
1129:Task/Task_BlackBox.c ****                             err = TaskBlackBox_ConvertLogData_To_CtlAtt(shell_obj, &log_AttCtl, &p_
1130:Task/Task_BlackBox.c ****                             check_sum = TaskBlackBox_Get_CheckSum((uint8_t *)&log_AttCtl, sizeof(Bl
1131:Task/Task_BlackBox.c ****                             break;
1132:Task/Task_BlackBox.c **** 
1133:Task/Task_BlackBox.c ****                         default: break;
1134:Task/Task_BlackBox.c ****                     }
1135:Task/Task_BlackBox.c **** 
1136:Task/Task_BlackBox.c ****                     if (err == BlackBox_Cnv_Size_Error)
1137:Task/Task_BlackBox.c ****                     {
1138:Task/Task_BlackBox.c ****                         memset(remain_buf, 0, sizeof(remain_buf));
1139:Task/Task_BlackBox.c ****                         uncomplete_size = log_size;
1140:Task/Task_BlackBox.c ****                         memcpy(remain_buf, p_log_data, uncomplete_size);
1141:Task/Task_BlackBox.c ****                         log_size = 0;
1142:Task/Task_BlackBox.c ****                         break;
1143:Task/Task_BlackBox.c ****                     }
1144:Task/Task_BlackBox.c ****                     else
1145:Task/Task_BlackBox.c ****                     {
1146:Task/Task_BlackBox.c ****                         TaskBlackBox_ConvertLogData_To_Ender(shell_obj, &ender, &p_log_data, &log_s
ARM GAS  C:\Users\HUAV\AppData\Local\Temp\ccYocD5a.s 			page 99


1147:Task/Task_BlackBox.c **** 
1148:Task/Task_BlackBox.c ****                         if (check_sum != ender.check_sum)
1149:Task/Task_BlackBox.c ****                         {
1150:Task/Task_BlackBox.c ****                             shellPrint(shell_obj, "[ BlackBox ] CheckSum error\r\n");
1151:Task/Task_BlackBox.c ****                             shellPrint(shell_obj, "[ BlackBox ] addr: %d remian: %d\r\n", addr, log
1152:Task/Task_BlackBox.c ****                         }
1153:Task/Task_BlackBox.c ****                     }
1154:Task/Task_BlackBox.c ****                 }
1155:Task/Task_BlackBox.c ****                 else if (err == BlackBox_Cnv_Size_Error)
1156:Task/Task_BlackBox.c ****                 {
1157:Task/Task_BlackBox.c ****                     memset(remain_buf, 0, sizeof(remain_buf));
1158:Task/Task_BlackBox.c ****                     uncomplete_size = log_size;
1159:Task/Task_BlackBox.c ****                     memcpy(remain_buf, p_log_data, uncomplete_size);
1160:Task/Task_BlackBox.c ****                     log_size = 0;
1161:Task/Task_BlackBox.c ****                 }
1162:Task/Task_BlackBox.c ****                 else
1163:Task/Task_BlackBox.c ****                     break;
1164:Task/Task_BlackBox.c ****             }
1165:Task/Task_BlackBox.c ****         }
1166:Task/Task_BlackBox.c ****         else
1167:Task/Task_BlackBox.c ****         {
1168:Task/Task_BlackBox.c ****             shellPrint(shell_obj, "[ BlackBox ] Data read failed\r\n");
1169:Task/Task_BlackBox.c ****             shellPrint(shell_obj, "[ BlackBox ] read address %d\r\n", addr);
1170:Task/Task_BlackBox.c ****             break;
1171:Task/Task_BlackBox.c ****         }
1172:Task/Task_BlackBox.c ****     }
1173:Task/Task_BlackBox.c ****     shellPrint(shell_obj, "[ BlackBox ] Log End\r\n");
1174:Task/Task_BlackBox.c **** }
 3498              		.loc 1 1174 1 is_stmt 0 view .LVU910
 3499 00ce 50B0     		add	sp, sp, #320
 3500              	.LCFI34:
 3501              		.cfi_remember_state
 3502              		.cfi_def_cfa_offset 24
 3503              		@ sp needed
 3504 00d0 BDE8F081 		pop	{r4, r5, r6, r7, r8, pc}
 3505              	.LVL302:
 3506              	.L196:
 3507              	.LCFI35:
 3508              		.cfi_restore_state
 955:Task/Task_BlackBox.c ****         return;
 3509              		.loc 1 955 9 is_stmt 1 view .LVU911
 3510 00d4 7849     		ldr	r1, .L247+36
 3511 00d6 2046     		mov	r0, r4
 3512 00d8 FFF7FEFF 		bl	shellPrint
 3513              	.LVL303:
 956:Task/Task_BlackBox.c ****     }
 3514              		.loc 1 956 9 view .LVU912
 3515 00dc F7E7     		b	.L192
 3516              	.LVL304:
 3517              	.L245:
 3518              	.LBB17:
 980:Task/Task_BlackBox.c ****                             p_log_data += (BLACKBOX_HEADER_SIZE - uncomplete_size);
 3519              		.loc 1 980 29 view .LVU913
 3520 00de C0F10402 		rsb	r2, r0, #4
 3521 00e2 2499     		ldr	r1, [sp, #144]
 3522 00e4 03AB     		add	r3, sp, #12
 3523 00e6 1844     		add	r0, r0, r3
ARM GAS  C:\Users\HUAV\AppData\Local\Temp\ccYocD5a.s 			page 100


 3524 00e8 FFF7FEFF 		bl	memcpy
 3525              	.LVL305:
 981:Task/Task_BlackBox.c ****                             log_size -= (BLACKBOX_HEADER_SIZE - uncomplete_size);
 3526              		.loc 1 981 29 view .LVU914
 981:Task/Task_BlackBox.c ****                             log_size -= (BLACKBOX_HEADER_SIZE - uncomplete_size);
 3527              		.loc 1 981 65 is_stmt 0 view .LVU915
 3528 00ec 239B     		ldr	r3, [sp, #140]
 3529 00ee C3F10401 		rsb	r1, r3, #4
 981:Task/Task_BlackBox.c ****                             log_size -= (BLACKBOX_HEADER_SIZE - uncomplete_size);
 3530              		.loc 1 981 40 view .LVU916
 3531 00f2 249A     		ldr	r2, [sp, #144]
 3532 00f4 0A44     		add	r2, r2, r1
 3533 00f6 2492     		str	r2, [sp, #144]
 982:Task/Task_BlackBox.c ****                             uncomplete_size = BLACKBOX_HEADER_SIZE;
 3534              		.loc 1 982 29 is_stmt 1 view .LVU917
 982:Task/Task_BlackBox.c ****                             uncomplete_size = BLACKBOX_HEADER_SIZE;
 3535              		.loc 1 982 38 is_stmt 0 view .LVU918
 3536 00f8 4E9A     		ldr	r2, [sp, #312]
 3537 00fa 1344     		add	r3, r3, r2
 3538 00fc 043B     		subs	r3, r3, #4
 3539 00fe 4E93     		str	r3, [sp, #312]
 983:Task/Task_BlackBox.c ****                         }
 3540              		.loc 1 983 29 is_stmt 1 view .LVU919
 983:Task/Task_BlackBox.c ****                         }
 3541              		.loc 1 983 45 is_stmt 0 view .LVU920
 3542 0100 0423     		movs	r3, #4
 3543 0102 2393     		str	r3, [sp, #140]
 3544 0104 A3E1     		b	.L203
 3545              	.L246:
 989:Task/Task_BlackBox.c ****                             uncomplete_size = 0;
 3546              		.loc 1 989 29 is_stmt 1 view .LVU921
 989:Task/Task_BlackBox.c ****                             uncomplete_size = 0;
 3547              		.loc 1 989 33 is_stmt 0 view .LVU922
 3548 0106 0023     		movs	r3, #0
 3549 0108 8DF83631 		strb	r3, [sp, #310]
 990:Task/Task_BlackBox.c ****                         }
 3550              		.loc 1 990 29 is_stmt 1 view .LVU923
 990:Task/Task_BlackBox.c ****                         }
 3551              		.loc 1 990 45 is_stmt 0 view .LVU924
 3552 010c 2393     		str	r3, [sp, #140]
 3553 010e ACE1     		b	.L204
 3554              	.L202:
 993:Task/Task_BlackBox.c ****                     {
 3555              		.loc 1 993 26 is_stmt 1 view .LVU925
 995:Task/Task_BlackBox.c ****                         if ((err != BlackBox_Cnv_None_Error) && (err != BlackBox_Cnv_Size_Error))
 3556              		.loc 1 995 25 view .LVU926
 995:Task/Task_BlackBox.c ****                         if ((err != BlackBox_Cnv_None_Error) && (err != BlackBox_Cnv_Size_Error))
 3557              		.loc 1 995 31 is_stmt 0 view .LVU927
 3558 0110 23AB     		add	r3, sp, #140
 3559 0112 02AA     		add	r2, sp, #8
 3560 0114 4CA9     		add	r1, sp, #304
 3561 0116 2046     		mov	r0, r4
 3562 0118 FFF7FEFF 		bl	TaskBlackBox_ConvertLogData_To_Header
 3563              	.LVL306:
 995:Task/Task_BlackBox.c ****                         if ((err != BlackBox_Cnv_None_Error) && (err != BlackBox_Cnv_Size_Error))
 3564              		.loc 1 995 29 view .LVU928
 3565 011c 8DF83601 		strb	r0, [sp, #310]
ARM GAS  C:\Users\HUAV\AppData\Local\Temp\ccYocD5a.s 			page 101


 996:Task/Task_BlackBox.c ****                         {
 3566              		.loc 1 996 25 is_stmt 1 view .LVU929
 996:Task/Task_BlackBox.c ****                         {
 3567              		.loc 1 996 34 is_stmt 0 view .LVU930
 3568 0120 9DF83631 		ldrb	r3, [sp, #310]	@ zero_extendqisi2
 996:Task/Task_BlackBox.c ****                         {
 3569              		.loc 1 996 28 view .LVU931
 3570 0124 23B1     		cbz	r3, .L205
 996:Task/Task_BlackBox.c ****                         {
 3571              		.loc 1 996 70 discriminator 1 view .LVU932
 3572 0126 9DF83631 		ldrb	r3, [sp, #310]	@ zero_extendqisi2
 3573 012a DBB2     		uxtb	r3, r3
 996:Task/Task_BlackBox.c ****                         {
 3574              		.loc 1 996 62 discriminator 1 view .LVU933
 3575 012c 022B     		cmp	r3, #2
 3576 012e 0BD1     		bne	.L242
 3577              	.L205:
1002:Task/Task_BlackBox.c ****                             err = BlackBox_Cnv_None_Error;
 3578              		.loc 1 1002 30 is_stmt 1 view .LVU934
1002:Task/Task_BlackBox.c ****                             err = BlackBox_Cnv_None_Error;
 3579              		.loc 1 1002 38 is_stmt 0 view .LVU935
 3580 0130 9DF83631 		ldrb	r3, [sp, #310]	@ zero_extendqisi2
 3581 0134 DBB2     		uxtb	r3, r3
1002:Task/Task_BlackBox.c ****                             err = BlackBox_Cnv_None_Error;
 3582              		.loc 1 1002 33 view .LVU936
 3583 0136 022B     		cmp	r3, #2
 3584 0138 0BD0     		beq	.L243
 3585              	.L206:
1005:Task/Task_BlackBox.c ****                         p_remain_buf += BLACKBOX_HEADER_SIZE;
 3586              		.loc 1 1005 25 is_stmt 1 view .LVU937
1005:Task/Task_BlackBox.c ****                         p_remain_buf += BLACKBOX_HEADER_SIZE;
 3587              		.loc 1 1005 41 is_stmt 0 view .LVU938
 3588 013a 239B     		ldr	r3, [sp, #140]
 3589 013c 043B     		subs	r3, r3, #4
 3590 013e 2393     		str	r3, [sp, #140]
1006:Task/Task_BlackBox.c ****                     }
 3591              		.loc 1 1006 25 is_stmt 1 view .LVU939
1006:Task/Task_BlackBox.c ****                     }
 3592              		.loc 1 1006 38 is_stmt 0 view .LVU940
 3593 0140 029B     		ldr	r3, [sp, #8]
 3594 0142 0433     		adds	r3, r3, #4
 3595 0144 0293     		str	r3, [sp, #8]
 3596 0146 90E1     		b	.L204
 3597              	.L242:
 999:Task/Task_BlackBox.c ****                             return;
 3598              		.loc 1 999 29 is_stmt 1 view .LVU941
 3599 0148 5C49     		ldr	r1, .L247+40
 3600 014a 2046     		mov	r0, r4
 3601 014c FFF7FEFF 		bl	shellPrint
 3602              	.LVL307:
1000:Task/Task_BlackBox.c ****                         }
 3603              		.loc 1 1000 29 view .LVU942
 3604 0150 BDE7     		b	.L192
 3605              	.L243:
1003:Task/Task_BlackBox.c **** 
 3606              		.loc 1 1003 29 view .LVU943
1003:Task/Task_BlackBox.c **** 
ARM GAS  C:\Users\HUAV\AppData\Local\Temp\ccYocD5a.s 			page 102


 3607              		.loc 1 1003 33 is_stmt 0 view .LVU944
 3608 0152 0023     		movs	r3, #0
 3609 0154 8DF83631 		strb	r3, [sp, #310]
 3610 0158 EFE7     		b	.L206
 3611              	.L213:
 3612              	.LBB14:
1015:Task/Task_BlackBox.c ****                                 {
 3613              		.loc 1 1015 33 is_stmt 1 view .LVU945
1015:Task/Task_BlackBox.c ****                                 {
 3614              		.loc 1 1015 36 is_stmt 0 view .LVU946
 3615 015a 262B     		cmp	r3, #38
 3616 015c 40D8     		bhi	.L214
1017:Task/Task_BlackBox.c ****                                     p_log_data += sizeof(BlackBox_IMUData_TypeDef) - uncomplete_siz
 3617              		.loc 1 1017 37 is_stmt 1 view .LVU947
 3618 015e 0298     		ldr	r0, [sp, #8]
 3619 0160 C3F12602 		rsb	r2, r3, #38
 3620 0164 2499     		ldr	r1, [sp, #144]
 3621 0166 1844     		add	r0, r0, r3
 3622 0168 FFF7FEFF 		bl	memcpy
 3623              	.LVL308:
1018:Task/Task_BlackBox.c ****                                     log_size -= sizeof(BlackBox_IMUData_TypeDef) - uncomplete_size;
 3624              		.loc 1 1018 37 view .LVU948
1018:Task/Task_BlackBox.c ****                                     log_size -= sizeof(BlackBox_IMUData_TypeDef) - uncomplete_size;
 3625              		.loc 1 1018 84 is_stmt 0 view .LVU949
 3626 016c 239B     		ldr	r3, [sp, #140]
 3627 016e C3F12601 		rsb	r1, r3, #38
1018:Task/Task_BlackBox.c ****                                     log_size -= sizeof(BlackBox_IMUData_TypeDef) - uncomplete_size;
 3628              		.loc 1 1018 48 view .LVU950
 3629 0172 249A     		ldr	r2, [sp, #144]
 3630 0174 0A44     		add	r2, r2, r1
 3631 0176 2492     		str	r2, [sp, #144]
1019:Task/Task_BlackBox.c ****                                     uncomplete_size = 0;
 3632              		.loc 1 1019 37 is_stmt 1 view .LVU951
1019:Task/Task_BlackBox.c ****                                     uncomplete_size = 0;
 3633              		.loc 1 1019 46 is_stmt 0 view .LVU952
 3634 0178 4E9A     		ldr	r2, [sp, #312]
 3635 017a 1344     		add	r3, r3, r2
 3636 017c 263B     		subs	r3, r3, #38
 3637 017e 4E93     		str	r3, [sp, #312]
1020:Task/Task_BlackBox.c ****                                 }
 3638              		.loc 1 1020 37 is_stmt 1 view .LVU953
1020:Task/Task_BlackBox.c ****                                 }
 3639              		.loc 1 1020 53 is_stmt 0 view .LVU954
 3640 0180 0023     		movs	r3, #0
 3641 0182 2393     		str	r3, [sp, #140]
 3642              	.L215:
1028:Task/Task_BlackBox.c ****                                 TaskBlackBox_ConvertLogData_To_IMU(shell_obj, &log_imu, &p_remain_b
 3643              		.loc 1 1028 33 is_stmt 1 view .LVU955
1028:Task/Task_BlackBox.c ****                                 TaskBlackBox_ConvertLogData_To_IMU(shell_obj, &log_imu, &p_remain_b
 3644              		.loc 1 1028 45 is_stmt 0 view .LVU956
 3645 0184 2623     		movs	r3, #38
 3646 0186 0193     		str	r3, [sp, #4]
1029:Task/Task_BlackBox.c ****                                 break;
 3647              		.loc 1 1029 33 is_stmt 1 view .LVU957
 3648 0188 01AB     		add	r3, sp, #4
 3649 018a 02AA     		add	r2, sp, #8
 3650 018c 41A9     		add	r1, sp, #260
ARM GAS  C:\Users\HUAV\AppData\Local\Temp\ccYocD5a.s 			page 103


 3651 018e 2046     		mov	r0, r4
 3652 0190 FFF7FEFF 		bl	TaskBlackBox_ConvertLogData_To_IMU
 3653              	.LVL309:
1030:Task/Task_BlackBox.c **** 
 3654              		.loc 1 1030 33 view .LVU958
 3655              	.L216:
1090:Task/Task_BlackBox.c ****                         {
 3656              		.loc 1 1090 25 view .LVU959
1090:Task/Task_BlackBox.c ****                         {
 3657              		.loc 1 1090 29 is_stmt 0 view .LVU960
 3658 0194 2398     		ldr	r0, [sp, #140]
1090:Task/Task_BlackBox.c ****                         {
 3659              		.loc 1 1090 28 view .LVU961
 3660 0196 0028     		cmp	r0, #0
 3661 0198 00F0BA80 		beq	.L223
1092:Task/Task_BlackBox.c ****                             decode_size = BLACKBOX_ENDER_SIZE;
 3662              		.loc 1 1092 29 is_stmt 1 view .LVU962
 3663 019c C0F10302 		rsb	r2, r0, #3
 3664 01a0 2499     		ldr	r1, [sp, #144]
 3665 01a2 03AB     		add	r3, sp, #12
 3666 01a4 1844     		add	r0, r0, r3
 3667 01a6 FFF7FEFF 		bl	memcpy
 3668              	.LVL310:
1093:Task/Task_BlackBox.c ****                             p_log_data += BLACKBOX_ENDER_SIZE - uncomplete_size;
 3669              		.loc 1 1093 29 view .LVU963
1093:Task/Task_BlackBox.c ****                             p_log_data += BLACKBOX_ENDER_SIZE - uncomplete_size;
 3670              		.loc 1 1093 41 is_stmt 0 view .LVU964
 3671 01aa 0323     		movs	r3, #3
 3672 01ac 0193     		str	r3, [sp, #4]
1094:Task/Task_BlackBox.c ****                             log_size -= BLACKBOX_ENDER_SIZE - uncomplete_size;
 3673              		.loc 1 1094 29 is_stmt 1 view .LVU965
1094:Task/Task_BlackBox.c ****                             log_size -= BLACKBOX_ENDER_SIZE - uncomplete_size;
 3674              		.loc 1 1094 63 is_stmt 0 view .LVU966
 3675 01ae 239B     		ldr	r3, [sp, #140]
 3676 01b0 C3F10301 		rsb	r1, r3, #3
1094:Task/Task_BlackBox.c ****                             log_size -= BLACKBOX_ENDER_SIZE - uncomplete_size;
 3677              		.loc 1 1094 40 view .LVU967
 3678 01b4 249A     		ldr	r2, [sp, #144]
 3679 01b6 0A44     		add	r2, r2, r1
 3680 01b8 2492     		str	r2, [sp, #144]
1095:Task/Task_BlackBox.c ****                             TaskBlackBox_ConvertLogData_To_Ender(shell_obj, &ender, &p_remain_buf, 
 3681              		.loc 1 1095 29 is_stmt 1 view .LVU968
1095:Task/Task_BlackBox.c ****                             TaskBlackBox_ConvertLogData_To_Ender(shell_obj, &ender, &p_remain_buf, 
 3682              		.loc 1 1095 38 is_stmt 0 view .LVU969
 3683 01ba 4E9A     		ldr	r2, [sp, #312]
 3684 01bc 1344     		add	r3, r3, r2
 3685 01be 033B     		subs	r3, r3, #3
 3686 01c0 4E93     		str	r3, [sp, #312]
1096:Task/Task_BlackBox.c ****                         }
 3687              		.loc 1 1096 29 is_stmt 1 view .LVU970
 3688 01c2 01AB     		add	r3, sp, #4
 3689 01c4 02AA     		add	r2, sp, #8
 3690 01c6 4BA9     		add	r1, sp, #300
 3691 01c8 2046     		mov	r0, r4
 3692 01ca FFF7FEFF 		bl	TaskBlackBox_ConvertLogData_To_Ender
 3693              	.LVL311:
 3694              	.L224:
ARM GAS  C:\Users\HUAV\AppData\Local\Temp\ccYocD5a.s 			page 104


1102:Task/Task_BlackBox.c ****                     }
 3695              		.loc 1 1102 25 view .LVU971
1102:Task/Task_BlackBox.c ****                     }
 3696              		.loc 1 1102 31 is_stmt 0 view .LVU972
 3697 01ce 4EAB     		add	r3, sp, #312
 3698 01d0 24AA     		add	r2, sp, #144
 3699 01d2 4CA9     		add	r1, sp, #304
 3700 01d4 2046     		mov	r0, r4
 3701 01d6 FFF7FEFF 		bl	TaskBlackBox_ConvertLogData_To_Header
 3702              	.LVL312:
1102:Task/Task_BlackBox.c ****                     }
 3703              		.loc 1 1102 29 view .LVU973
 3704 01da 8DF83601 		strb	r0, [sp, #310]
 3705 01de A6E0     		b	.L207
 3706              	.L214:
1024:Task/Task_BlackBox.c ****                                     uncomplete_size -= sizeof(BlackBox_IMUData_TypeDef);
 3707              		.loc 1 1024 37 is_stmt 1 view .LVU974
 3708 01e0 0298     		ldr	r0, [sp, #8]
 3709 01e2 A3F12602 		sub	r2, r3, #38
 3710 01e6 C118     		adds	r1, r0, r3
 3711 01e8 FFF7FEFF 		bl	memmove
 3712              	.LVL313:
1025:Task/Task_BlackBox.c ****                                 }
 3713              		.loc 1 1025 37 view .LVU975
1025:Task/Task_BlackBox.c ****                                 }
 3714              		.loc 1 1025 53 is_stmt 0 view .LVU976
 3715 01ec 239B     		ldr	r3, [sp, #140]
 3716 01ee 263B     		subs	r3, r3, #38
 3717 01f0 2393     		str	r3, [sp, #140]
 3718 01f2 C7E7     		b	.L215
 3719              	.L212:
1033:Task/Task_BlackBox.c ****                                 {
 3720              		.loc 1 1033 33 is_stmt 1 view .LVU977
1033:Task/Task_BlackBox.c ****                                 {
 3721              		.loc 1 1033 36 is_stmt 0 view .LVU978
 3722 01f4 302B     		cmp	r3, #48
 3723 01f6 1BD8     		bhi	.L217
1035:Task/Task_BlackBox.c ****                                     p_log_data += sizeof(BlackBox_AttAltData_TypeDef) - uncomplete_
 3724              		.loc 1 1035 37 is_stmt 1 view .LVU979
 3725 01f8 0298     		ldr	r0, [sp, #8]
 3726 01fa C3F13002 		rsb	r2, r3, #48
 3727 01fe 2499     		ldr	r1, [sp, #144]
 3728 0200 1844     		add	r0, r0, r3
 3729 0202 FFF7FEFF 		bl	memcpy
 3730              	.LVL314:
1036:Task/Task_BlackBox.c ****                                     log_size -= sizeof(BlackBox_AttAltData_TypeDef) - uncomplete_si
 3731              		.loc 1 1036 37 view .LVU980
1036:Task/Task_BlackBox.c ****                                     log_size -= sizeof(BlackBox_AttAltData_TypeDef) - uncomplete_si
 3732              		.loc 1 1036 87 is_stmt 0 view .LVU981
 3733 0206 239B     		ldr	r3, [sp, #140]
 3734 0208 C3F13001 		rsb	r1, r3, #48
1036:Task/Task_BlackBox.c ****                                     log_size -= sizeof(BlackBox_AttAltData_TypeDef) - uncomplete_si
 3735              		.loc 1 1036 48 view .LVU982
 3736 020c 249A     		ldr	r2, [sp, #144]
 3737 020e 0A44     		add	r2, r2, r1
 3738 0210 2492     		str	r2, [sp, #144]
1037:Task/Task_BlackBox.c ****                                     uncomplete_size = 0;
ARM GAS  C:\Users\HUAV\AppData\Local\Temp\ccYocD5a.s 			page 105


 3739              		.loc 1 1037 37 is_stmt 1 view .LVU983
1037:Task/Task_BlackBox.c ****                                     uncomplete_size = 0;
 3740              		.loc 1 1037 46 is_stmt 0 view .LVU984
 3741 0212 4E9A     		ldr	r2, [sp, #312]
 3742 0214 1344     		add	r3, r3, r2
 3743 0216 303B     		subs	r3, r3, #48
 3744 0218 4E93     		str	r3, [sp, #312]
1038:Task/Task_BlackBox.c ****                                 }
 3745              		.loc 1 1038 37 is_stmt 1 view .LVU985
1038:Task/Task_BlackBox.c ****                                 }
 3746              		.loc 1 1038 53 is_stmt 0 view .LVU986
 3747 021a 0023     		movs	r3, #0
 3748 021c 2393     		str	r3, [sp, #140]
 3749              	.L218:
1046:Task/Task_BlackBox.c ****                                 TaskBlackBox_ConvertLogData_To_Alt_Att(shell_obj, &log_att_alt, &p_
 3750              		.loc 1 1046 33 is_stmt 1 view .LVU987
1046:Task/Task_BlackBox.c ****                                 TaskBlackBox_ConvertLogData_To_Alt_Att(shell_obj, &log_att_alt, &p_
 3751              		.loc 1 1046 45 is_stmt 0 view .LVU988
 3752 021e 3023     		movs	r3, #48
 3753 0220 0193     		str	r3, [sp, #4]
1047:Task/Task_BlackBox.c ****                                 break;
 3754              		.loc 1 1047 33 is_stmt 1 view .LVU989
 3755 0222 01AB     		add	r3, sp, #4
 3756 0224 02AA     		add	r2, sp, #8
 3757 0226 35A9     		add	r1, sp, #212
 3758 0228 2046     		mov	r0, r4
 3759 022a FFF7FEFF 		bl	TaskBlackBox_ConvertLogData_To_Alt_Att
 3760              	.LVL315:
1048:Task/Task_BlackBox.c **** 
 3761              		.loc 1 1048 33 view .LVU990
 3762 022e B1E7     		b	.L216
 3763              	.L217:
1042:Task/Task_BlackBox.c ****                                     uncomplete_size -= sizeof(BlackBox_AttAltData_TypeDef);
 3764              		.loc 1 1042 37 view .LVU991
 3765 0230 0298     		ldr	r0, [sp, #8]
 3766 0232 A3F13002 		sub	r2, r3, #48
 3767 0236 C118     		adds	r1, r0, r3
 3768 0238 FFF7FEFF 		bl	memmove
 3769              	.LVL316:
1043:Task/Task_BlackBox.c ****                                 }
 3770              		.loc 1 1043 37 view .LVU992
1043:Task/Task_BlackBox.c ****                                 }
 3771              		.loc 1 1043 53 is_stmt 0 view .LVU993
 3772 023c 239B     		ldr	r3, [sp, #140]
 3773 023e 303B     		subs	r3, r3, #48
 3774 0240 2393     		str	r3, [sp, #140]
 3775 0242 ECE7     		b	.L218
 3776              	.L211:
1051:Task/Task_BlackBox.c ****                                 {
 3777              		.loc 1 1051 33 is_stmt 1 view .LVU994
1051:Task/Task_BlackBox.c ****                                 {
 3778              		.loc 1 1051 36 is_stmt 0 view .LVU995
 3779 0244 1D2B     		cmp	r3, #29
 3780 0246 1BD8     		bhi	.L219
1053:Task/Task_BlackBox.c ****                                     p_log_data += sizeof(BlackBox_AngCtlData_TypeDef) - uncomplete_
 3781              		.loc 1 1053 37 is_stmt 1 view .LVU996
 3782 0248 0298     		ldr	r0, [sp, #8]
ARM GAS  C:\Users\HUAV\AppData\Local\Temp\ccYocD5a.s 			page 106


 3783 024a C3F11D02 		rsb	r2, r3, #29
 3784 024e 2499     		ldr	r1, [sp, #144]
 3785 0250 1844     		add	r0, r0, r3
 3786 0252 FFF7FEFF 		bl	memcpy
 3787              	.LVL317:
1054:Task/Task_BlackBox.c ****                                     log_size -= sizeof(BlackBox_AngCtlData_TypeDef) - uncomplete_si
 3788              		.loc 1 1054 37 view .LVU997
1054:Task/Task_BlackBox.c ****                                     log_size -= sizeof(BlackBox_AngCtlData_TypeDef) - uncomplete_si
 3789              		.loc 1 1054 87 is_stmt 0 view .LVU998
 3790 0256 239B     		ldr	r3, [sp, #140]
 3791 0258 C3F11D01 		rsb	r1, r3, #29
1054:Task/Task_BlackBox.c ****                                     log_size -= sizeof(BlackBox_AngCtlData_TypeDef) - uncomplete_si
 3792              		.loc 1 1054 48 view .LVU999
 3793 025c 249A     		ldr	r2, [sp, #144]
 3794 025e 0A44     		add	r2, r2, r1
 3795 0260 2492     		str	r2, [sp, #144]
1055:Task/Task_BlackBox.c ****                                     uncomplete_size = 0;
 3796              		.loc 1 1055 37 is_stmt 1 view .LVU1000
1055:Task/Task_BlackBox.c ****                                     uncomplete_size = 0;
 3797              		.loc 1 1055 46 is_stmt 0 view .LVU1001
 3798 0262 4E9A     		ldr	r2, [sp, #312]
 3799 0264 1344     		add	r3, r3, r2
 3800 0266 1D3B     		subs	r3, r3, #29
 3801 0268 4E93     		str	r3, [sp, #312]
1056:Task/Task_BlackBox.c ****                                 }
 3802              		.loc 1 1056 37 is_stmt 1 view .LVU1002
1056:Task/Task_BlackBox.c ****                                 }
 3803              		.loc 1 1056 53 is_stmt 0 view .LVU1003
 3804 026a 0023     		movs	r3, #0
 3805 026c 2393     		str	r3, [sp, #140]
 3806              	.L220:
1064:Task/Task_BlackBox.c ****                                 TaskBlackBox_ConvertLogData_To_CtlAng(shell_obj, &log_AngCtl, &p_re
 3807              		.loc 1 1064 33 is_stmt 1 view .LVU1004
1064:Task/Task_BlackBox.c ****                                 TaskBlackBox_ConvertLogData_To_CtlAng(shell_obj, &log_AngCtl, &p_re
 3808              		.loc 1 1064 45 is_stmt 0 view .LVU1005
 3809 026e 1D23     		movs	r3, #29
 3810 0270 0193     		str	r3, [sp, #4]
1065:Task/Task_BlackBox.c ****                                 break;
 3811              		.loc 1 1065 33 is_stmt 1 view .LVU1006
 3812 0272 01AB     		add	r3, sp, #4
 3813 0274 02AA     		add	r2, sp, #8
 3814 0276 2DA9     		add	r1, sp, #180
 3815 0278 2046     		mov	r0, r4
 3816 027a FFF7FEFF 		bl	TaskBlackBox_ConvertLogData_To_CtlAng
 3817              	.LVL318:
1066:Task/Task_BlackBox.c **** 
 3818              		.loc 1 1066 33 view .LVU1007
 3819 027e 89E7     		b	.L216
 3820              	.L219:
1060:Task/Task_BlackBox.c ****                                     uncomplete_size -= sizeof(BlackBox_AngCtlData_TypeDef);
 3821              		.loc 1 1060 37 view .LVU1008
 3822 0280 0298     		ldr	r0, [sp, #8]
 3823 0282 A3F11D02 		sub	r2, r3, #29
 3824 0286 C118     		adds	r1, r0, r3
 3825 0288 FFF7FEFF 		bl	memmove
 3826              	.LVL319:
1061:Task/Task_BlackBox.c ****                                 }
ARM GAS  C:\Users\HUAV\AppData\Local\Temp\ccYocD5a.s 			page 107


 3827              		.loc 1 1061 37 view .LVU1009
1061:Task/Task_BlackBox.c ****                                 }
 3828              		.loc 1 1061 53 is_stmt 0 view .LVU1010
 3829 028c 239B     		ldr	r3, [sp, #140]
 3830 028e 1D3B     		subs	r3, r3, #29
 3831 0290 2393     		str	r3, [sp, #140]
 3832 0292 ECE7     		b	.L220
 3833              	.L248:
 3834              		.align	2
 3835              	.L247:
 3836 0294 00000000 		.word	.LANCHOR14
 3837 0298 00000000 		.word	Storage
 3838 029c 40000000 		.word	.LC38
 3839 02a0 00000000 		.word	.LANCHOR0
 3840 02a4 6C000000 		.word	.LC39
 3841 02a8 98000000 		.word	.LC40
 3842 02ac C4000000 		.word	.LC41
 3843 02b0 00000000 		.word	.LC36
 3844 02b4 24000000 		.word	.LC37
 3845 02b8 F0000000 		.word	.LC42
 3846 02bc 10010000 		.word	.LC43
 3847              	.L209:
1069:Task/Task_BlackBox.c ****                                 {
 3848              		.loc 1 1069 33 is_stmt 1 view .LVU1011
1069:Task/Task_BlackBox.c ****                                 {
 3849              		.loc 1 1069 36 is_stmt 0 view .LVU1012
 3850 02c0 1D2B     		cmp	r3, #29
 3851 02c2 1BD8     		bhi	.L221
1071:Task/Task_BlackBox.c ****                                     p_log_data += sizeof(BlackBox_AttCtlData_TypeDef) - uncomplete_
 3852              		.loc 1 1071 37 is_stmt 1 view .LVU1013
 3853 02c4 0298     		ldr	r0, [sp, #8]
 3854 02c6 C3F11D02 		rsb	r2, r3, #29
 3855 02ca 2499     		ldr	r1, [sp, #144]
 3856 02cc 1844     		add	r0, r0, r3
 3857 02ce FFF7FEFF 		bl	memcpy
 3858              	.LVL320:
1072:Task/Task_BlackBox.c ****                                     log_size -= sizeof(BlackBox_AttCtlData_TypeDef) - uncomplete_si
 3859              		.loc 1 1072 37 view .LVU1014
1072:Task/Task_BlackBox.c ****                                     log_size -= sizeof(BlackBox_AttCtlData_TypeDef) - uncomplete_si
 3860              		.loc 1 1072 87 is_stmt 0 view .LVU1015
 3861 02d2 239B     		ldr	r3, [sp, #140]
 3862 02d4 C3F11D01 		rsb	r1, r3, #29
1072:Task/Task_BlackBox.c ****                                     log_size -= sizeof(BlackBox_AttCtlData_TypeDef) - uncomplete_si
 3863              		.loc 1 1072 48 view .LVU1016
 3864 02d8 249A     		ldr	r2, [sp, #144]
 3865 02da 0A44     		add	r2, r2, r1
 3866 02dc 2492     		str	r2, [sp, #144]
1073:Task/Task_BlackBox.c ****                                     uncomplete_size = 0;
 3867              		.loc 1 1073 37 is_stmt 1 view .LVU1017
1073:Task/Task_BlackBox.c ****                                     uncomplete_size = 0;
 3868              		.loc 1 1073 46 is_stmt 0 view .LVU1018
 3869 02de 4E9A     		ldr	r2, [sp, #312]
 3870 02e0 1344     		add	r3, r3, r2
 3871 02e2 1D3B     		subs	r3, r3, #29
 3872 02e4 4E93     		str	r3, [sp, #312]
1074:Task/Task_BlackBox.c ****                                 }
 3873              		.loc 1 1074 37 is_stmt 1 view .LVU1019
ARM GAS  C:\Users\HUAV\AppData\Local\Temp\ccYocD5a.s 			page 108


1074:Task/Task_BlackBox.c ****                                 }
 3874              		.loc 1 1074 53 is_stmt 0 view .LVU1020
 3875 02e6 0023     		movs	r3, #0
 3876 02e8 2393     		str	r3, [sp, #140]
 3877              	.L222:
1082:Task/Task_BlackBox.c ****                                 TaskBlackBox_ConvertLogData_To_CtlAtt(shell_obj, &log_AttCtl, &p_re
 3878              		.loc 1 1082 33 is_stmt 1 view .LVU1021
1082:Task/Task_BlackBox.c ****                                 TaskBlackBox_ConvertLogData_To_CtlAtt(shell_obj, &log_AttCtl, &p_re
 3879              		.loc 1 1082 45 is_stmt 0 view .LVU1022
 3880 02ea 1D23     		movs	r3, #29
 3881 02ec 0193     		str	r3, [sp, #4]
1083:Task/Task_BlackBox.c ****                                 break;
 3882              		.loc 1 1083 33 is_stmt 1 view .LVU1023
 3883 02ee 01AB     		add	r3, sp, #4
 3884 02f0 02AA     		add	r2, sp, #8
 3885 02f2 25A9     		add	r1, sp, #148
 3886 02f4 2046     		mov	r0, r4
 3887 02f6 FFF7FEFF 		bl	TaskBlackBox_ConvertLogData_To_CtlAtt
 3888              	.LVL321:
1084:Task/Task_BlackBox.c **** 
 3889              		.loc 1 1084 33 view .LVU1024
 3890 02fa 4BE7     		b	.L216
 3891              	.L221:
1078:Task/Task_BlackBox.c ****                                     uncomplete_size -= sizeof(BlackBox_AttCtlData_TypeDef);
 3892              		.loc 1 1078 37 view .LVU1025
 3893 02fc 0298     		ldr	r0, [sp, #8]
 3894 02fe A3F11D02 		sub	r2, r3, #29
 3895 0302 C118     		adds	r1, r0, r3
 3896 0304 FFF7FEFF 		bl	memmove
 3897              	.LVL322:
1079:Task/Task_BlackBox.c ****                                 }
 3898              		.loc 1 1079 37 view .LVU1026
1079:Task/Task_BlackBox.c ****                                 }
 3899              		.loc 1 1079 53 is_stmt 0 view .LVU1027
 3900 0308 239B     		ldr	r3, [sp, #140]
 3901 030a 1D3B     		subs	r3, r3, #29
 3902 030c 2393     		str	r3, [sp, #140]
 3903 030e ECE7     		b	.L222
 3904              	.L223:
1099:Task/Task_BlackBox.c **** 
 3905              		.loc 1 1099 29 is_stmt 1 view .LVU1028
 3906 0310 4EAB     		add	r3, sp, #312
 3907 0312 24AA     		add	r2, sp, #144
 3908 0314 4BA9     		add	r1, sp, #300
 3909 0316 2046     		mov	r0, r4
 3910 0318 FFF7FEFF 		bl	TaskBlackBox_ConvertLogData_To_Ender
 3911              	.LVL323:
 3912 031c 57E7     		b	.L224
 3913              	.L201:
1099:Task/Task_BlackBox.c **** 
 3914              		.loc 1 1099 29 is_stmt 0 view .LVU1029
 3915              	.LBE14:
1106:Task/Task_BlackBox.c **** 
 3916              		.loc 1 1106 21 is_stmt 1 view .LVU1030
1106:Task/Task_BlackBox.c **** 
 3917              		.loc 1 1106 27 is_stmt 0 view .LVU1031
 3918 031e 4EAB     		add	r3, sp, #312
ARM GAS  C:\Users\HUAV\AppData\Local\Temp\ccYocD5a.s 			page 109


 3919 0320 24AA     		add	r2, sp, #144
 3920 0322 4CA9     		add	r1, sp, #304
 3921 0324 2046     		mov	r0, r4
 3922 0326 FFF7FEFF 		bl	TaskBlackBox_ConvertLogData_To_Header
 3923              	.LVL324:
1106:Task/Task_BlackBox.c **** 
 3924              		.loc 1 1106 25 view .LVU1032
 3925 032a 8DF83601 		strb	r0, [sp, #310]
 3926              	.L207:
1108:Task/Task_BlackBox.c ****                 {
 3927              		.loc 1 1108 17 is_stmt 1 view .LVU1033
1108:Task/Task_BlackBox.c ****                 {
 3928              		.loc 1 1108 25 is_stmt 0 view .LVU1034
 3929 032e 9DF83631 		ldrb	r3, [sp, #310]	@ zero_extendqisi2
1108:Task/Task_BlackBox.c ****                 {
 3930              		.loc 1 1108 20 view .LVU1035
 3931 0332 002B     		cmp	r3, #0
 3932 0334 6AD1     		bne	.L225
1110:Task/Task_BlackBox.c ****                     switch ((uint8_t)header.type)
 3933              		.loc 1 1110 21 is_stmt 1 view .LVU1036
1110:Task/Task_BlackBox.c ****                     switch ((uint8_t)header.type)
 3934              		.loc 1 1110 37 is_stmt 0 view .LVU1037
 3935 0336 2393     		str	r3, [sp, #140]
1111:Task/Task_BlackBox.c ****                     {
 3936              		.loc 1 1111 21 is_stmt 1 view .LVU1038
1111:Task/Task_BlackBox.c ****                     {
 3937              		.loc 1 1111 44 is_stmt 0 view .LVU1039
 3938 0338 9DF83231 		ldrb	r3, [sp, #306]	@ zero_extendqisi2
1111:Task/Task_BlackBox.c ****                     {
 3939              		.loc 1 1111 21 view .LVU1040
 3940 033c 013B     		subs	r3, r3, #1
 3941 033e 032B     		cmp	r3, #3
 3942 0340 10D8     		bhi	.L226
 3943 0342 DFE803F0 		tbb	[pc, r3]
 3944              	.L228:
 3945 0346 02       		.byte	(.L231-.L228)/2
 3946 0347 29       		.byte	(.L230-.L228)/2
 3947 0348 37       		.byte	(.L229-.L228)/2
 3948 0349 45       		.byte	(.L227-.L228)/2
 3949              		.p2align 1
 3950              	.L231:
1114:Task/Task_BlackBox.c ****                             check_sum = TaskBlackBox_Get_CheckSum((uint8_t *)&log_imu, sizeof(Black
 3951              		.loc 1 1114 29 is_stmt 1 view .LVU1041
1114:Task/Task_BlackBox.c ****                             check_sum = TaskBlackBox_Get_CheckSum((uint8_t *)&log_imu, sizeof(Black
 3952              		.loc 1 1114 35 is_stmt 0 view .LVU1042
 3953 034a 4EAB     		add	r3, sp, #312
 3954 034c 24AA     		add	r2, sp, #144
 3955 034e 41A9     		add	r1, sp, #260
 3956 0350 2046     		mov	r0, r4
 3957 0352 FFF7FEFF 		bl	TaskBlackBox_ConvertLogData_To_IMU
 3958              	.LVL325:
1114:Task/Task_BlackBox.c ****                             check_sum = TaskBlackBox_Get_CheckSum((uint8_t *)&log_imu, sizeof(Black
 3959              		.loc 1 1114 33 view .LVU1043
 3960 0356 8DF83601 		strb	r0, [sp, #310]
1115:Task/Task_BlackBox.c ****                             break;
 3961              		.loc 1 1115 29 is_stmt 1 view .LVU1044
1115:Task/Task_BlackBox.c ****                             break;
ARM GAS  C:\Users\HUAV\AppData\Local\Temp\ccYocD5a.s 			page 110


 3962              		.loc 1 1115 41 is_stmt 0 view .LVU1045
 3963 035a 2621     		movs	r1, #38
 3964 035c 41A8     		add	r0, sp, #260
 3965 035e FFF7FEFF 		bl	TaskBlackBox_Get_CheckSum
 3966              	.LVL326:
 3967 0362 0546     		mov	r5, r0
 3968              	.LVL327:
1116:Task/Task_BlackBox.c **** 
 3969              		.loc 1 1116 29 is_stmt 1 view .LVU1046
 3970              	.L226:
1136:Task/Task_BlackBox.c ****                     {
 3971              		.loc 1 1136 21 view .LVU1047
1136:Task/Task_BlackBox.c ****                     {
 3972              		.loc 1 1136 29 is_stmt 0 view .LVU1048
 3973 0364 9DF83631 		ldrb	r3, [sp, #310]	@ zero_extendqisi2
 3974 0368 DBB2     		uxtb	r3, r3
1136:Task/Task_BlackBox.c ****                     {
 3975              		.loc 1 1136 24 view .LVU1049
 3976 036a 022B     		cmp	r3, #2
 3977 036c 3ED0     		beq	.L244
1146:Task/Task_BlackBox.c **** 
 3978              		.loc 1 1146 25 is_stmt 1 view .LVU1050
 3979 036e 4EAB     		add	r3, sp, #312
 3980 0370 24AA     		add	r2, sp, #144
 3981 0372 4BA9     		add	r1, sp, #300
 3982 0374 2046     		mov	r0, r4
 3983 0376 FFF7FEFF 		bl	TaskBlackBox_ConvertLogData_To_Ender
 3984              	.LVL328:
1148:Task/Task_BlackBox.c ****                         {
 3985              		.loc 1 1148 25 view .LVU1051
1148:Task/Task_BlackBox.c ****                         {
 3986              		.loc 1 1148 47 is_stmt 0 view .LVU1052
 3987 037a 9DF82C31 		ldrb	r3, [sp, #300]	@ zero_extendqisi2
1148:Task/Task_BlackBox.c ****                         {
 3988              		.loc 1 1148 28 view .LVU1053
 3989 037e AB42     		cmp	r3, r5
 3990 0380 56D0     		beq	.L200
1150:Task/Task_BlackBox.c ****                             shellPrint(shell_obj, "[ BlackBox ] addr: %d remian: %d\r\n", addr, log
 3991              		.loc 1 1150 29 is_stmt 1 view .LVU1054
 3992 0382 4C49     		ldr	r1, .L249
 3993 0384 2046     		mov	r0, r4
 3994 0386 FFF7FEFF 		bl	shellPrint
 3995              	.LVL329:
1151:Task/Task_BlackBox.c ****                         }
 3996              		.loc 1 1151 29 view .LVU1055
 3997 038a 4E9B     		ldr	r3, [sp, #312]
 3998 038c 3246     		mov	r2, r6
 3999 038e 4A49     		ldr	r1, .L249+4
 4000 0390 2046     		mov	r0, r4
 4001 0392 FFF7FEFF 		bl	shellPrint
 4002              	.LVL330:
 4003 0396 4BE0     		b	.L200
 4004              	.L230:
1119:Task/Task_BlackBox.c ****                             check_sum = TaskBlackBox_Get_CheckSum((uint8_t *)&log_att_alt, sizeof(B
 4005              		.loc 1 1119 29 view .LVU1056
1119:Task/Task_BlackBox.c ****                             check_sum = TaskBlackBox_Get_CheckSum((uint8_t *)&log_att_alt, sizeof(B
 4006              		.loc 1 1119 35 is_stmt 0 view .LVU1057
ARM GAS  C:\Users\HUAV\AppData\Local\Temp\ccYocD5a.s 			page 111


 4007 0398 4EAB     		add	r3, sp, #312
 4008 039a 24AA     		add	r2, sp, #144
 4009 039c 35A9     		add	r1, sp, #212
 4010 039e 2046     		mov	r0, r4
 4011 03a0 FFF7FEFF 		bl	TaskBlackBox_ConvertLogData_To_Alt_Att
 4012              	.LVL331:
1119:Task/Task_BlackBox.c ****                             check_sum = TaskBlackBox_Get_CheckSum((uint8_t *)&log_att_alt, sizeof(B
 4013              		.loc 1 1119 33 view .LVU1058
 4014 03a4 8DF83601 		strb	r0, [sp, #310]
1120:Task/Task_BlackBox.c ****                             break;
 4015              		.loc 1 1120 29 is_stmt 1 view .LVU1059
1120:Task/Task_BlackBox.c ****                             break;
 4016              		.loc 1 1120 41 is_stmt 0 view .LVU1060
 4017 03a8 3021     		movs	r1, #48
 4018 03aa 35A8     		add	r0, sp, #212
 4019 03ac FFF7FEFF 		bl	TaskBlackBox_Get_CheckSum
 4020              	.LVL332:
 4021 03b0 0546     		mov	r5, r0
 4022              	.LVL333:
1121:Task/Task_BlackBox.c **** 
 4023              		.loc 1 1121 29 is_stmt 1 view .LVU1061
 4024 03b2 D7E7     		b	.L226
 4025              	.L229:
1124:Task/Task_BlackBox.c ****                             check_sum = TaskBlackBox_Get_CheckSum((uint8_t *)&log_AngCtl, sizeof(Bl
 4026              		.loc 1 1124 29 view .LVU1062
1124:Task/Task_BlackBox.c ****                             check_sum = TaskBlackBox_Get_CheckSum((uint8_t *)&log_AngCtl, sizeof(Bl
 4027              		.loc 1 1124 35 is_stmt 0 view .LVU1063
 4028 03b4 4EAB     		add	r3, sp, #312
 4029 03b6 24AA     		add	r2, sp, #144
 4030 03b8 2DA9     		add	r1, sp, #180
 4031 03ba 2046     		mov	r0, r4
 4032 03bc FFF7FEFF 		bl	TaskBlackBox_ConvertLogData_To_CtlAng
 4033              	.LVL334:
1124:Task/Task_BlackBox.c ****                             check_sum = TaskBlackBox_Get_CheckSum((uint8_t *)&log_AngCtl, sizeof(Bl
 4034              		.loc 1 1124 33 view .LVU1064
 4035 03c0 8DF83601 		strb	r0, [sp, #310]
1125:Task/Task_BlackBox.c ****                             break;
 4036              		.loc 1 1125 29 is_stmt 1 view .LVU1065
1125:Task/Task_BlackBox.c ****                             break;
 4037              		.loc 1 1125 41 is_stmt 0 view .LVU1066
 4038 03c4 1D21     		movs	r1, #29
 4039 03c6 2DA8     		add	r0, sp, #180
 4040 03c8 FFF7FEFF 		bl	TaskBlackBox_Get_CheckSum
 4041              	.LVL335:
 4042 03cc 0546     		mov	r5, r0
 4043              	.LVL336:
1126:Task/Task_BlackBox.c **** 
 4044              		.loc 1 1126 29 is_stmt 1 view .LVU1067
 4045 03ce C9E7     		b	.L226
 4046              	.L227:
1129:Task/Task_BlackBox.c ****                             check_sum = TaskBlackBox_Get_CheckSum((uint8_t *)&log_AttCtl, sizeof(Bl
 4047              		.loc 1 1129 29 view .LVU1068
1129:Task/Task_BlackBox.c ****                             check_sum = TaskBlackBox_Get_CheckSum((uint8_t *)&log_AttCtl, sizeof(Bl
 4048              		.loc 1 1129 35 is_stmt 0 view .LVU1069
 4049 03d0 4EAB     		add	r3, sp, #312
 4050 03d2 24AA     		add	r2, sp, #144
 4051 03d4 25A9     		add	r1, sp, #148
ARM GAS  C:\Users\HUAV\AppData\Local\Temp\ccYocD5a.s 			page 112


 4052 03d6 2046     		mov	r0, r4
 4053 03d8 FFF7FEFF 		bl	TaskBlackBox_ConvertLogData_To_CtlAtt
 4054              	.LVL337:
1129:Task/Task_BlackBox.c ****                             check_sum = TaskBlackBox_Get_CheckSum((uint8_t *)&log_AttCtl, sizeof(Bl
 4055              		.loc 1 1129 33 view .LVU1070
 4056 03dc 8DF83601 		strb	r0, [sp, #310]
1130:Task/Task_BlackBox.c ****                             break;
 4057              		.loc 1 1130 29 is_stmt 1 view .LVU1071
1130:Task/Task_BlackBox.c ****                             break;
 4058              		.loc 1 1130 41 is_stmt 0 view .LVU1072
 4059 03e0 1D21     		movs	r1, #29
 4060 03e2 25A8     		add	r0, sp, #148
 4061 03e4 FFF7FEFF 		bl	TaskBlackBox_Get_CheckSum
 4062              	.LVL338:
 4063 03e8 0546     		mov	r5, r0
 4064              	.LVL339:
1131:Task/Task_BlackBox.c **** 
 4065              		.loc 1 1131 29 is_stmt 1 view .LVU1073
 4066 03ea BBE7     		b	.L226
 4067              	.L244:
1138:Task/Task_BlackBox.c ****                         uncomplete_size = log_size;
 4068              		.loc 1 1138 25 view .LVU1074
 4069 03ec 8022     		movs	r2, #128
 4070 03ee 0021     		movs	r1, #0
 4071 03f0 03A8     		add	r0, sp, #12
 4072 03f2 FFF7FEFF 		bl	memset
 4073              	.LVL340:
1139:Task/Task_BlackBox.c ****                         memcpy(remain_buf, p_log_data, uncomplete_size);
 4074              		.loc 1 1139 25 view .LVU1075
1139:Task/Task_BlackBox.c ****                         memcpy(remain_buf, p_log_data, uncomplete_size);
 4075              		.loc 1 1139 41 is_stmt 0 view .LVU1076
 4076 03f6 4E9A     		ldr	r2, [sp, #312]
 4077 03f8 2392     		str	r2, [sp, #140]
1140:Task/Task_BlackBox.c ****                         log_size = 0;
 4078              		.loc 1 1140 25 is_stmt 1 view .LVU1077
 4079 03fa 2499     		ldr	r1, [sp, #144]
 4080 03fc 03A8     		add	r0, sp, #12
 4081 03fe FFF7FEFF 		bl	memcpy
 4082              	.LVL341:
1141:Task/Task_BlackBox.c ****                         break;
 4083              		.loc 1 1141 25 view .LVU1078
1141:Task/Task_BlackBox.c ****                         break;
 4084              		.loc 1 1141 34 is_stmt 0 view .LVU1079
 4085 0402 0023     		movs	r3, #0
 4086 0404 4E93     		str	r3, [sp, #312]
1142:Task/Task_BlackBox.c ****                     }
 4087              		.loc 1 1142 25 is_stmt 1 view .LVU1080
 4088              	.L233:
 960:Task/Task_BlackBox.c ****     {
 4089              		.loc 1 960 39 discriminator 2 view .LVU1081
 960:Task/Task_BlackBox.c ****     {
 4090              		.loc 1 960 40 is_stmt 0 discriminator 2 view .LVU1082
 4091 0406 0137     		adds	r7, r7, #1
 4092              	.LVL342:
 960:Task/Task_BlackBox.c ****     {
 4093              		.loc 1 960 40 discriminator 2 view .LVU1083
 4094 0408 BFB2     		uxth	r7, r7
ARM GAS  C:\Users\HUAV\AppData\Local\Temp\ccYocD5a.s 			page 113


 4095              	.LVL343:
 960:Task/Task_BlackBox.c ****     {
 4096              		.loc 1 960 40 discriminator 2 view .LVU1084
 4097 040a 3FE6     		b	.L198
 4098              	.L225:
1155:Task/Task_BlackBox.c ****                 {
 4099              		.loc 1 1155 22 is_stmt 1 view .LVU1085
1155:Task/Task_BlackBox.c ****                 {
 4100              		.loc 1 1155 30 is_stmt 0 view .LVU1086
 4101 040c 9DF83631 		ldrb	r3, [sp, #310]	@ zero_extendqisi2
 4102 0410 DBB2     		uxtb	r3, r3
1155:Task/Task_BlackBox.c ****                 {
 4103              		.loc 1 1155 25 view .LVU1087
 4104 0412 022B     		cmp	r3, #2
 4105 0414 F7D1     		bne	.L233
1157:Task/Task_BlackBox.c ****                     uncomplete_size = log_size;
 4106              		.loc 1 1157 21 is_stmt 1 view .LVU1088
 4107 0416 8022     		movs	r2, #128
 4108 0418 0021     		movs	r1, #0
 4109 041a 03A8     		add	r0, sp, #12
 4110 041c FFF7FEFF 		bl	memset
 4111              	.LVL344:
1158:Task/Task_BlackBox.c ****                     memcpy(remain_buf, p_log_data, uncomplete_size);
 4112              		.loc 1 1158 21 view .LVU1089
1158:Task/Task_BlackBox.c ****                     memcpy(remain_buf, p_log_data, uncomplete_size);
 4113              		.loc 1 1158 37 is_stmt 0 view .LVU1090
 4114 0420 4E9A     		ldr	r2, [sp, #312]
 4115 0422 2392     		str	r2, [sp, #140]
1159:Task/Task_BlackBox.c ****                     log_size = 0;
 4116              		.loc 1 1159 21 is_stmt 1 view .LVU1091
 4117 0424 2499     		ldr	r1, [sp, #144]
 4118 0426 03A8     		add	r0, sp, #12
 4119 0428 FFF7FEFF 		bl	memcpy
 4120              	.LVL345:
1160:Task/Task_BlackBox.c ****                 }
 4121              		.loc 1 1160 21 view .LVU1092
1160:Task/Task_BlackBox.c ****                 }
 4122              		.loc 1 1160 30 is_stmt 0 view .LVU1093
 4123 042c 0023     		movs	r3, #0
 4124 042e 4E93     		str	r3, [sp, #312]
 4125              	.L200:
 969:Task/Task_BlackBox.c ****             {
 4126              		.loc 1 969 19 is_stmt 1 view .LVU1094
 969:Task/Task_BlackBox.c ****             {
 4127              		.loc 1 969 20 is_stmt 0 view .LVU1095
 4128 0430 4E9B     		ldr	r3, [sp, #312]
 969:Task/Task_BlackBox.c ****             {
 4129              		.loc 1 969 19 view .LVU1096
 4130 0432 002B     		cmp	r3, #0
 4131 0434 E7D0     		beq	.L233
 971:Task/Task_BlackBox.c ****                 {
 4132              		.loc 1 971 17 is_stmt 1 view .LVU1097
 971:Task/Task_BlackBox.c ****                 {
 4133              		.loc 1 971 21 is_stmt 0 view .LVU1098
 4134 0436 2398     		ldr	r0, [sp, #140]
 971:Task/Task_BlackBox.c ****                 {
 4135              		.loc 1 971 20 view .LVU1099
ARM GAS  C:\Users\HUAV\AppData\Local\Temp\ccYocD5a.s 			page 114


 4136 0438 0028     		cmp	r0, #0
 4137 043a 3FF470AF 		beq	.L201
 973:Task/Task_BlackBox.c **** 
 4138              		.loc 1 973 21 is_stmt 1 view .LVU1100
 973:Task/Task_BlackBox.c **** 
 4139              		.loc 1 973 34 is_stmt 0 view .LVU1101
 4140 043e 03AA     		add	r2, sp, #12
 4141 0440 0292     		str	r2, [sp, #8]
 975:Task/Task_BlackBox.c ****                     {
 4142              		.loc 1 975 21 is_stmt 1 view .LVU1102
 975:Task/Task_BlackBox.c ****                     {
 4143              		.loc 1 975 24 is_stmt 0 view .LVU1103
 4144 0442 0428     		cmp	r0, #4
 4145 0444 3FF664AE 		bhi	.L202
 978:Task/Task_BlackBox.c ****                         {
 4146              		.loc 1 978 25 is_stmt 1 view .LVU1104
 978:Task/Task_BlackBox.c ****                         {
 4147              		.loc 1 978 28 is_stmt 0 view .LVU1105
 4148 0448 0328     		cmp	r0, #3
 4149 044a 7FF648AE 		bls	.L245
 4150              	.L203:
 986:Task/Task_BlackBox.c ****                         if (err == BlackBox_Cnv_Size_Error)
 4151              		.loc 1 986 25 is_stmt 1 view .LVU1106
 986:Task/Task_BlackBox.c ****                         if (err == BlackBox_Cnv_Size_Error)
 4152              		.loc 1 986 31 is_stmt 0 view .LVU1107
 4153 044e 23AB     		add	r3, sp, #140
 4154 0450 02AA     		add	r2, sp, #8
 4155 0452 4CA9     		add	r1, sp, #304
 4156 0454 2046     		mov	r0, r4
 4157 0456 FFF7FEFF 		bl	TaskBlackBox_ConvertLogData_To_Header
 4158              	.LVL346:
 986:Task/Task_BlackBox.c ****                         if (err == BlackBox_Cnv_Size_Error)
 4159              		.loc 1 986 29 view .LVU1108
 4160 045a 8DF83601 		strb	r0, [sp, #310]
 987:Task/Task_BlackBox.c ****                         {
 4161              		.loc 1 987 25 is_stmt 1 view .LVU1109
 987:Task/Task_BlackBox.c ****                         {
 4162              		.loc 1 987 33 is_stmt 0 view .LVU1110
 4163 045e 9DF83631 		ldrb	r3, [sp, #310]	@ zero_extendqisi2
 4164 0462 DBB2     		uxtb	r3, r3
 987:Task/Task_BlackBox.c ****                         {
 4165              		.loc 1 987 28 view .LVU1111
 4166 0464 022B     		cmp	r3, #2
 4167 0466 3FF44EAE 		beq	.L246
 4168              	.L204:
1009:Task/Task_BlackBox.c ****                     {
 4169              		.loc 1 1009 21 is_stmt 1 view .LVU1112
1009:Task/Task_BlackBox.c ****                     {
 4170              		.loc 1 1009 25 is_stmt 0 view .LVU1113
 4171 046a 239B     		ldr	r3, [sp, #140]
1009:Task/Task_BlackBox.c ****                     {
 4172              		.loc 1 1009 24 view .LVU1114
 4173 046c 002B     		cmp	r3, #0
 4174 046e 3FF45EAF 		beq	.L207
 4175              	.LBB15:
1011:Task/Task_BlackBox.c ****                         switch ((uint8_t)header.type)
 4176              		.loc 1 1011 25 is_stmt 1 view .LVU1115
ARM GAS  C:\Users\HUAV\AppData\Local\Temp\ccYocD5a.s 			page 115


1011:Task/Task_BlackBox.c ****                         switch ((uint8_t)header.type)
 4177              		.loc 1 1011 34 is_stmt 0 view .LVU1116
 4178 0472 0022     		movs	r2, #0
 4179 0474 0192     		str	r2, [sp, #4]
1012:Task/Task_BlackBox.c ****                         {
 4180              		.loc 1 1012 25 is_stmt 1 view .LVU1117
1012:Task/Task_BlackBox.c ****                         {
 4181              		.loc 1 1012 48 is_stmt 0 view .LVU1118
 4182 0476 9DF83221 		ldrb	r2, [sp, #306]	@ zero_extendqisi2
1012:Task/Task_BlackBox.c ****                         {
 4183              		.loc 1 1012 25 view .LVU1119
 4184 047a 013A     		subs	r2, r2, #1
 4185 047c 032A     		cmp	r2, #3
 4186 047e 3FF626AE 		bhi	.L192
 4187 0482 01A1     		adr	r1, .L210
 4188 0484 51F822F0 		ldr	pc, [r1, r2, lsl #2]
 4189              		.p2align 2
 4190              	.L210:
 4191 0488 5B010000 		.word	.L213+1
 4192 048c F5010000 		.word	.L212+1
 4193 0490 45020000 		.word	.L211+1
 4194 0494 C1020000 		.word	.L209+1
 4195              		.p2align 1
 4196              	.L199:
1012:Task/Task_BlackBox.c ****                         {
 4197              		.loc 1 1012 25 view .LVU1120
 4198              	.LBE15:
1168:Task/Task_BlackBox.c ****             shellPrint(shell_obj, "[ BlackBox ] read address %d\r\n", addr);
 4199              		.loc 1 1168 13 is_stmt 1 view .LVU1121
 4200 0498 0849     		ldr	r1, .L249+8
 4201 049a 2046     		mov	r0, r4
 4202 049c FFF7FEFF 		bl	shellPrint
 4203              	.LVL347:
1169:Task/Task_BlackBox.c ****             break;
 4204              		.loc 1 1169 13 view .LVU1122
 4205 04a0 3246     		mov	r2, r6
 4206 04a2 0749     		ldr	r1, .L249+12
 4207 04a4 2046     		mov	r0, r4
 4208 04a6 FFF7FEFF 		bl	shellPrint
 4209              	.LVL348:
1170:Task/Task_BlackBox.c ****         }
 4210              		.loc 1 1170 13 view .LVU1123
 4211              	.L236:
1170:Task/Task_BlackBox.c ****         }
 4212              		.loc 1 1170 13 is_stmt 0 view .LVU1124
 4213              	.LBE17:
1173:Task/Task_BlackBox.c **** }
 4214              		.loc 1 1173 5 is_stmt 1 view .LVU1125
 4215 04aa 0649     		ldr	r1, .L249+16
 4216 04ac 2046     		mov	r0, r4
 4217 04ae FFF7FEFF 		bl	shellPrint
 4218              	.LVL349:
 4219 04b2 0CE6     		b	.L192
 4220              	.L250:
 4221              		.align	2
 4222              	.L249:
 4223 04b4 38010000 		.word	.LC44
ARM GAS  C:\Users\HUAV\AppData\Local\Temp\ccYocD5a.s 			page 116


 4224 04b8 58010000 		.word	.LC45
 4225 04bc 7C010000 		.word	.LC46
 4226 04c0 9C010000 		.word	.LC47
 4227 04c4 BC010000 		.word	.LC48
 4228              		.cfi_endproc
 4229              	.LFE167:
 4231              		.section	.rodata.TaskBlackBox_Init.str1.4,"aMS",%progbits,1
 4232              		.align	2
 4233              	.LC49:
 4234 0000 426C6163 		.ascii	"BlackBox_Queue\000"
 4234      6B426F78 
 4234      5F517565 
 4234      756500
 4235              		.section	.text.TaskBlackBox_Init,"ax",%progbits
 4236              		.align	1
 4237              		.global	TaskBlackBox_Init
 4238              		.syntax unified
 4239              		.thumb
 4240              		.thumb_func
 4242              	TaskBlackBox_Init:
 4243              	.LFB148:
  95:Task/Task_BlackBox.c ****     uint32_t unit = 0;
 4244              		.loc 1 95 1 view -0
 4245              		.cfi_startproc
 4246              		@ args = 0, pretend = 0, frame = 160
 4247              		@ frame_needed = 0, uses_anonymous_args = 0
 4248 0000 2DE9F043 		push	{r4, r5, r6, r7, r8, r9, lr}
 4249              	.LCFI36:
 4250              		.cfi_def_cfa_offset 28
 4251              		.cfi_offset 4, -28
 4252              		.cfi_offset 5, -24
 4253              		.cfi_offset 6, -20
 4254              		.cfi_offset 7, -16
 4255              		.cfi_offset 8, -12
 4256              		.cfi_offset 9, -8
 4257              		.cfi_offset 14, -4
 4258 0004 B9B0     		sub	sp, sp, #228
 4259              	.LCFI37:
 4260              		.cfi_def_cfa_offset 256
  96:Task/Task_BlackBox.c ****     StorageDevObj_TypeDef StorageDevInfo; 
 4261              		.loc 1 96 5 view .LVU1127
 4262              	.LVL350:
  97:Task/Task_BlackBox.c ****     SrvBlackBox_DevInfo_TypeDef BlackBoxDevInfo;
 4263              		.loc 1 97 5 view .LVU1128
  98:Task/Task_BlackBox.c ****     BlackBox_LogInfo_TypeDef BlackBoxInfo;
 4264              		.loc 1 98 5 view .LVU1129
  99:Task/Task_BlackBox.c ****     /* medium init */
 4265              		.loc 1 99 5 view .LVU1130
 107:Task/Task_BlackBox.c ****     memset(&BlackBoxDevInfo, 0, sizeof(SrvBlackBox_DevInfo_TypeDef));
 4266              		.loc 1 107 5 view .LVU1131
 4267 0006 3422     		movs	r2, #52
 4268 0008 0021     		movs	r1, #0
 4269 000a 2BA8     		add	r0, sp, #172
 4270 000c FFF7FEFF 		bl	memset
 4271              	.LVL351:
 108:Task/Task_BlackBox.c ****     memset(&BlackBoxInfo, 0, sizeof(BlackBox_LogInfo_TypeDef));
 4272              		.loc 1 108 5 view .LVU1132
ARM GAS  C:\Users\HUAV\AppData\Local\Temp\ccYocD5a.s 			page 117


 4273 0010 0021     		movs	r1, #0
 4274 0012 2791     		str	r1, [sp, #156]
 4275 0014 2891     		str	r1, [sp, #160]
 4276 0016 2991     		str	r1, [sp, #164]
 4277 0018 2A91     		str	r1, [sp, #168]
 109:Task/Task_BlackBox.c ****     memset(&Monitor, 0, sizeof(BlackBox_Monitor_TypeDef));
 4278              		.loc 1 109 5 view .LVU1133
 4279 001a 2591     		str	r1, [sp, #148]
 4280 001c ADF89810 		strh	r1, [sp, #152]	@ movhi
 110:Task/Task_BlackBox.c ****     Monitor.state = BlackBox_Log_Idle;
 4281              		.loc 1 110 5 view .LVU1134
 4282 0020 A64C     		ldr	r4, .L267
 4283 0022 8022     		movs	r2, #128
 4284 0024 2046     		mov	r0, r4
 4285 0026 FFF7FEFF 		bl	memset
 4286              	.LVL352:
 111:Task/Task_BlackBox.c **** 
 4287              		.loc 1 111 5 view .LVU1135
 114:Task/Task_BlackBox.c ****     if (Monitor.storage_search.item_addr == 0)
 4288              		.loc 1 114 5 view .LVU1136
 114:Task/Task_BlackBox.c ****     if (Monitor.storage_search.item_addr == 0)
 4289              		.loc 1 114 37 is_stmt 0 view .LVU1137
 4290 002a A54B     		ldr	r3, .L267+4
 4291 002c 5B68     		ldr	r3, [r3, #4]
 114:Task/Task_BlackBox.c ****     if (Monitor.storage_search.item_addr == 0)
 4292              		.loc 1 114 30 view .LVU1138
 4293 002e A54A     		ldr	r2, .L267+8
 4294 0030 0221     		movs	r1, #2
 4295 0032 10A8     		add	r0, sp, #64
 4296 0034 9847     		blx	r3
 4297              	.LVL353:
 4298 0036 4522     		movs	r2, #69
 4299 0038 10A9     		add	r1, sp, #64
 4300 003a A01C     		adds	r0, r4, #2
 4301 003c FFF7FEFF 		bl	memcpy
 4302              	.LVL354:
 115:Task/Task_BlackBox.c ****     {
 4303              		.loc 1 115 5 is_stmt 1 view .LVU1139
 115:Task/Task_BlackBox.c ****     {
 4304              		.loc 1 115 31 is_stmt 0 view .LVU1140
 4305 0040 D4F80230 		ldr	r3, [r4, #2]	@ unaligned
 115:Task/Task_BlackBox.c ****     {
 4306              		.loc 1 115 8 view .LVU1141
 4307 0044 6BBB     		cbnz	r3, .L252
 117:Task/Task_BlackBox.c **** #if (FLASH_CHIP_STATE == ON)
 4308              		.loc 1 117 9 is_stmt 1 view .LVU1142
 117:Task/Task_BlackBox.c **** #if (FLASH_CHIP_STATE == ON)
 4309              		.loc 1 117 31 is_stmt 0 view .LVU1143
 4310 0046 ADF89630 		strh	r3, [sp, #150]	@ movhi
 4311 004a ADF89830 		strh	r3, [sp, #152]	@ movhi
 119:Task/Task_BlackBox.c **** #else
 4312              		.loc 1 119 9 is_stmt 1 view .LVU1144
 119:Task/Task_BlackBox.c **** #else
 4313              		.loc 1 119 29 is_stmt 0 view .LVU1145
 4314 004e 0220     		movs	r0, #2
 4315 0050 8DF89400 		strb	r0, [sp, #148]
 123:Task/Task_BlackBox.c ****         if (Storage.create(Para_User, BlackBox_Storage_Name, (uint8_t *)&BlackBoxInfo, sizeof(Black
ARM GAS  C:\Users\HUAV\AppData\Local\Temp\ccYocD5a.s 			page 118


 4316              		.loc 1 123 9 is_stmt 1 view .LVU1146
 123:Task/Task_BlackBox.c ****         if (Storage.create(Para_User, BlackBox_Storage_Name, (uint8_t *)&BlackBoxInfo, sizeof(Black
 4317              		.loc 1 123 31 is_stmt 0 view .LVU1147
 4318 0054 0323     		movs	r3, #3
 4319 0056 8DF89530 		strb	r3, [sp, #149]
 124:Task/Task_BlackBox.c ****             return;
 4320              		.loc 1 124 9 is_stmt 1 view .LVU1148
 124:Task/Task_BlackBox.c ****             return;
 4321              		.loc 1 124 20 is_stmt 0 view .LVU1149
 4322 005a 994B     		ldr	r3, .L267+4
 4323 005c 9C68     		ldr	r4, [r3, #8]
 124:Task/Task_BlackBox.c ****             return;
 4324              		.loc 1 124 13 view .LVU1150
 4325 005e 0623     		movs	r3, #6
 4326 0060 25AA     		add	r2, sp, #148
 4327 0062 9849     		ldr	r1, .L267+8
 4328 0064 A047     		blx	r4
 4329              	.LVL355:
 124:Task/Task_BlackBox.c ****             return;
 4330              		.loc 1 124 12 view .LVU1151
 4331 0066 C8B9     		cbnz	r0, .L251
 4332              	.L254:
 137:Task/Task_BlackBox.c ****     Storage.get_dev_info(&StorageDevInfo);
 4333              		.loc 1 137 5 is_stmt 1 view .LVU1152
 137:Task/Task_BlackBox.c ****     Storage.get_dev_info(&StorageDevInfo);
 4334              		.loc 1 137 32 is_stmt 0 view .LVU1153
 4335 0068 944C     		ldr	r4, .L267
 4336 006a 0023     		movs	r3, #0
 4337 006c 6370     		strb	r3, [r4, #1]
 138:Task/Task_BlackBox.c ****     BlackBoxDevInfo.phy_start_addr = BlackBox_Storage_Start_Addr;
 4338              		.loc 1 138 5 is_stmt 1 view .LVU1154
 138:Task/Task_BlackBox.c ****     BlackBoxDevInfo.phy_start_addr = BlackBox_Storage_Start_Addr;
 4339              		.loc 1 138 12 is_stmt 0 view .LVU1155
 4340 006e 944B     		ldr	r3, .L267+4
 4341 0070 5B69     		ldr	r3, [r3, #20]
 138:Task/Task_BlackBox.c ****     BlackBoxDevInfo.phy_start_addr = BlackBox_Storage_Start_Addr;
 4342              		.loc 1 138 5 view .LVU1156
 4343 0072 2BA8     		add	r0, sp, #172
 4344 0074 9847     		blx	r3
 4345              	.LVL356:
 139:Task/Task_BlackBox.c ****     BlackBoxDevInfo.str_start_addr = StorageDevInfo.start_addr;
 4346              		.loc 1 139 5 is_stmt 1 view .LVU1157
 139:Task/Task_BlackBox.c ****     BlackBoxDevInfo.str_start_addr = StorageDevInfo.start_addr;
 4347              		.loc 1 139 36 is_stmt 0 view .LVU1158
 4348 0076 4FF40013 		mov	r3, #2097152
 4349 007a 2793     		str	r3, [sp, #156]
 140:Task/Task_BlackBox.c ****     BlackBoxDevInfo.total_str_size = StorageDevInfo.total_size;
 4350              		.loc 1 140 5 is_stmt 1 view .LVU1159
 140:Task/Task_BlackBox.c ****     BlackBoxDevInfo.total_str_size = StorageDevInfo.total_size;
 4351              		.loc 1 140 52 is_stmt 0 view .LVU1160
 4352 007c 2C9B     		ldr	r3, [sp, #176]
 140:Task/Task_BlackBox.c ****     BlackBoxDevInfo.total_str_size = StorageDevInfo.total_size;
 4353              		.loc 1 140 36 view .LVU1161
 4354 007e 2893     		str	r3, [sp, #160]
 141:Task/Task_BlackBox.c ****     BlackBoxDevInfo.sector_size = StorageDevInfo.sector_size;
 4355              		.loc 1 141 5 is_stmt 1 view .LVU1162
 141:Task/Task_BlackBox.c ****     BlackBoxDevInfo.sector_size = StorageDevInfo.sector_size;
ARM GAS  C:\Users\HUAV\AppData\Local\Temp\ccYocD5a.s 			page 119


 4356              		.loc 1 141 52 is_stmt 0 view .LVU1163
 4357 0080 2D9B     		ldr	r3, [sp, #180]
 141:Task/Task_BlackBox.c ****     BlackBoxDevInfo.sector_size = StorageDevInfo.sector_size;
 4358              		.loc 1 141 36 view .LVU1164
 4359 0082 2993     		str	r3, [sp, #164]
 142:Task/Task_BlackBox.c ****     switch ((uint8_t)Monitor.medium)
 4360              		.loc 1 142 5 is_stmt 1 view .LVU1165
 142:Task/Task_BlackBox.c ****     switch ((uint8_t)Monitor.medium)
 4361              		.loc 1 142 49 is_stmt 0 view .LVU1166
 4362 0084 359B     		ldr	r3, [sp, #212]
 142:Task/Task_BlackBox.c ****     switch ((uint8_t)Monitor.medium)
 4363              		.loc 1 142 33 view .LVU1167
 4364 0086 2A93     		str	r3, [sp, #168]
 143:Task/Task_BlackBox.c ****     {
 4365              		.loc 1 143 5 is_stmt 1 view .LVU1168
 143:Task/Task_BlackBox.c ****     {
 4366              		.loc 1 143 29 is_stmt 0 view .LVU1169
 4367 0088 94F84730 		ldrb	r3, [r4, #71]	@ zero_extendqisi2
 143:Task/Task_BlackBox.c ****     {
 4368              		.loc 1 143 5 view .LVU1170
 4369 008c 022B     		cmp	r3, #2
 4370 008e 00F0F480 		beq	.L256
 4371 0092 032B     		cmp	r3, #3
 4372 0094 3ED0     		beq	.L257
 4373 0096 012B     		cmp	r3, #1
 4374 0098 00F0FB80 		beq	.L264
 4375              	.LVL357:
 4376              	.L251:
 239:Task/Task_BlackBox.c **** 
 4377              		.loc 1 239 1 view .LVU1171
 4378 009c 39B0     		add	sp, sp, #228
 4379              	.LCFI38:
 4380              		.cfi_remember_state
 4381              		.cfi_def_cfa_offset 28
 4382              		@ sp needed
 4383 009e BDE8F083 		pop	{r4, r5, r6, r7, r8, r9, pc}
 4384              	.LVL358:
 4385              	.L252:
 4386              	.LCFI39:
 4387              		.cfi_restore_state
 129:Task/Task_BlackBox.c ****             return;
 4388              		.loc 1 129 9 is_stmt 1 view .LVU1172
 129:Task/Task_BlackBox.c ****             return;
 4389              		.loc 1 129 20 is_stmt 0 view .LVU1173
 4390 00a2 874B     		ldr	r3, .L267+4
 4391 00a4 1E69     		ldr	r6, [r3, #16]
 129:Task/Task_BlackBox.c ****             return;
 4392              		.loc 1 129 13 view .LVU1174
 4393 00a6 854C     		ldr	r4, .L267
 4394 00a8 0622     		movs	r2, #6
 4395 00aa 0E92     		str	r2, [sp, #56]
 4396 00ac 25AA     		add	r2, sp, #148
 4397 00ae 0D92     		str	r2, [sp, #52]
 4398 00b0 D4F80790 		ldr	r9, [r4, #7]	@ unaligned
 4399 00b4 D4F80B80 		ldr	r8, [r4, #11]	@ unaligned
 4400 00b8 D4F80F70 		ldr	r7, [r4, #15]	@ unaligned
 4401 00bc 04F1130C 		add	ip, r4, #19
ARM GAS  C:\Users\HUAV\AppData\Local\Temp\ccYocD5a.s 			page 120


 4402 00c0 6D46     		mov	r5, sp
 4403 00c2 4334     		adds	r4, r4, #67
 4404              	.L255:
 4405 00c4 AE46     		mov	lr, r5
 4406 00c6 DCF80000 		ldr	r0, [ip]	@ unaligned
 4407 00ca DCF80410 		ldr	r1, [ip, #4]	@ unaligned
 4408 00ce DCF80820 		ldr	r2, [ip, #8]	@ unaligned
 4409 00d2 DCF80C30 		ldr	r3, [ip, #12]	@ unaligned
 4410 00d6 AEE80F00 		stmia	lr!, {r0, r1, r2, r3}
 4411 00da 0CF1100C 		add	ip, ip, #16
 4412 00de 7546     		mov	r5, lr
 4413 00e0 A445     		cmp	ip, r4
 4414 00e2 EFD1     		bne	.L255
 4415 00e4 DCF80000 		ldr	r0, [ip]	@ unaligned
 4416 00e8 CEF80000 		str	r0, [lr]
 4417 00ec 4946     		mov	r1, r9
 4418 00ee 4246     		mov	r2, r8
 4419 00f0 3B46     		mov	r3, r7
 4420 00f2 0220     		movs	r0, #2
 4421 00f4 B047     		blx	r6
 4422              	.LVL359:
 129:Task/Task_BlackBox.c ****             return;
 4423              		.loc 1 129 12 view .LVU1175
 4424 00f6 0028     		cmp	r0, #0
 4425 00f8 D0D1     		bne	.L251
 132:Task/Task_BlackBox.c ****         Monitor.log_type = BlackBoxInfo.log_type;
 4426              		.loc 1 132 9 is_stmt 1 view .LVU1176
 132:Task/Task_BlackBox.c ****         Monitor.log_type = BlackBoxInfo.log_type;
 4427              		.loc 1 132 38 is_stmt 0 view .LVU1177
 4428 00fa 9DF89420 		ldrb	r2, [sp, #148]	@ zero_extendqisi2
 132:Task/Task_BlackBox.c ****         Monitor.log_type = BlackBoxInfo.log_type;
 4429              		.loc 1 132 24 view .LVU1178
 4430 00fe 6F4B     		ldr	r3, .L267
 4431 0100 83F84720 		strb	r2, [r3, #71]
 133:Task/Task_BlackBox.c ****         Monitor.expection_log_size = BlackBoxInfo.log_size;
 4432              		.loc 1 133 9 is_stmt 1 view .LVU1179
 133:Task/Task_BlackBox.c ****         Monitor.expection_log_size = BlackBoxInfo.log_size;
 4433              		.loc 1 133 40 is_stmt 0 view .LVU1180
 4434 0104 9DF89520 		ldrb	r2, [sp, #149]	@ zero_extendqisi2
 133:Task/Task_BlackBox.c ****         Monitor.expection_log_size = BlackBoxInfo.log_size;
 4435              		.loc 1 133 26 view .LVU1181
 4436 0108 83F84820 		strb	r2, [r3, #72]
 134:Task/Task_BlackBox.c ****     }
 4437              		.loc 1 134 9 is_stmt 1 view .LVU1182
 134:Task/Task_BlackBox.c ****     }
 4438              		.loc 1 134 50 is_stmt 0 view .LVU1183
 4439 010c DDF89620 		ldr	r2, [sp, #150]	@ unaligned
 134:Task/Task_BlackBox.c ****     }
 4440              		.loc 1 134 36 view .LVU1184
 4441 0110 DA64     		str	r2, [r3, #76]
 4442 0112 A9E7     		b	.L254
 4443              	.L257:
 146:Task/Task_BlackBox.c ****             p_blackbox = &SrvPort_BlackBox;
 4444              		.loc 1 146 13 is_stmt 1 view .LVU1185
 146:Task/Task_BlackBox.c ****             p_blackbox = &SrvPort_BlackBox;
 4445              		.loc 1 146 36 is_stmt 0 view .LVU1186
 4446 0114 6C4D     		ldr	r5, .L267+12
ARM GAS  C:\Users\HUAV\AppData\Local\Temp\ccYocD5a.s 			page 121


 4447 0116 2C68     		ldr	r4, [r5]
 146:Task/Task_BlackBox.c ****             p_blackbox = &SrvPort_BlackBox;
 4448              		.loc 1 146 20 view .LVU1187
 4449 0118 2A9B     		ldr	r3, [sp, #168]
 4450 011a 0093     		str	r3, [sp]
 4451 011c 27AB     		add	r3, sp, #156
 4452 011e 0ECB     		ldm	r3, {r1, r2, r3}
 4453 0120 6A48     		ldr	r0, .L267+16
 4454 0122 A047     		blx	r4
 4455              	.LVL360:
 4456 0124 0446     		mov	r4, r0
 4457              	.LVL361:
 147:Task/Task_BlackBox.c ****             break;
 4458              		.loc 1 147 13 is_stmt 1 view .LVU1188
 147:Task/Task_BlackBox.c ****             break;
 4459              		.loc 1 147 24 is_stmt 0 view .LVU1189
 4460 0126 6A4B     		ldr	r3, .L267+20
 4461 0128 1D60     		str	r5, [r3]
 148:Task/Task_BlackBox.c **** 
 4462              		.loc 1 148 13 is_stmt 1 view .LVU1190
 4463              	.L259:
 163:Task/Task_BlackBox.c ****     {
 4464              		.loc 1 163 5 view .LVU1191
 163:Task/Task_BlackBox.c ****     {
 4465              		.loc 1 163 8 is_stmt 0 view .LVU1192
 4466 012a 002C     		cmp	r4, #0
 4467 012c 00F0BD80 		beq	.L265
 169:Task/Task_BlackBox.c ****     {
 4468              		.loc 1 169 5 is_stmt 1 view .LVU1193
 169:Task/Task_BlackBox.c ****     {
 4469              		.loc 1 169 30 is_stmt 0 view .LVU1194
 4470 0130 624B     		ldr	r3, .L267
 4471 0132 93F84830 		ldrb	r3, [r3, #72]	@ zero_extendqisi2
 169:Task/Task_BlackBox.c ****     {
 4472              		.loc 1 169 5 view .LVU1195
 4473 0136 013B     		subs	r3, r3, #1
 4474 0138 032B     		cmp	r3, #3
 4475 013a AFD8     		bhi	.L251
 175:Task/Task_BlackBox.c **** 
 4476              		.loc 1 175 13 is_stmt 1 view .LVU1196
 181:Task/Task_BlackBox.c ****     if (Monitor.p_log_buf == NULL)
 4477              		.loc 1 181 5 view .LVU1197
 181:Task/Task_BlackBox.c ****     if (Monitor.p_log_buf == NULL)
 4478              		.loc 1 181 36 is_stmt 0 view .LVU1198
 4479 013c 654B     		ldr	r3, .L267+24
 4480 013e DB6A     		ldr	r3, [r3, #44]
 181:Task/Task_BlackBox.c ****     if (Monitor.p_log_buf == NULL)
 4481              		.loc 1 181 25 view .LVU1199
 4482 0140 2046     		mov	r0, r4
 181:Task/Task_BlackBox.c ****     if (Monitor.p_log_buf == NULL)
 4483              		.loc 1 181 25 view .LVU1200
 4484 0142 9847     		blx	r3
 4485              	.LVL362:
 181:Task/Task_BlackBox.c ****     if (Monitor.p_log_buf == NULL)
 4486              		.loc 1 181 23 view .LVU1201
 4487 0144 5D4B     		ldr	r3, .L267
 4488 0146 5865     		str	r0, [r3, #84]
ARM GAS  C:\Users\HUAV\AppData\Local\Temp\ccYocD5a.s 			page 122


 182:Task/Task_BlackBox.c ****     {
 4489              		.loc 1 182 5 is_stmt 1 view .LVU1202
 182:Task/Task_BlackBox.c ****     {
 4490              		.loc 1 182 8 is_stmt 0 view .LVU1203
 4491 0148 0028     		cmp	r0, #0
 4492 014a 00F0B280 		beq	.L266
 188:Task/Task_BlackBox.c ****     memset(&IMU_Log_DataPipe,      0, sizeof(DataPipeObj_TypeDef));
 4493              		.loc 1 188 5 is_stmt 1 view .LVU1204
 188:Task/Task_BlackBox.c ****     memset(&IMU_Log_DataPipe,      0, sizeof(DataPipeObj_TypeDef));
 4494              		.loc 1 188 22 is_stmt 0 view .LVU1205
 4495 014e 5B4B     		ldr	r3, .L267
 4496 0150 1C65     		str	r4, [r3, #80]
 189:Task/Task_BlackBox.c ****     memset(&Baro_Log_DataPipe,     0, sizeof(DataPipeObj_TypeDef));
 4497              		.loc 1 189 5 is_stmt 1 view .LVU1206
 4498 0152 2724     		movs	r4, #39
 4499              	.LVL363:
 189:Task/Task_BlackBox.c ****     memset(&Baro_Log_DataPipe,     0, sizeof(DataPipeObj_TypeDef));
 4500              		.loc 1 189 5 is_stmt 0 view .LVU1207
 4501 0154 2246     		mov	r2, r4
 4502 0156 0021     		movs	r1, #0
 4503 0158 5F48     		ldr	r0, .L267+28
 4504 015a FFF7FEFF 		bl	memset
 4505              	.LVL364:
 190:Task/Task_BlackBox.c ****     memset(&Attitude_Log_DataPipe, 0, sizeof(DataPipeObj_TypeDef));
 4506              		.loc 1 190 5 is_stmt 1 view .LVU1208
 4507 015e 2246     		mov	r2, r4
 4508 0160 0021     		movs	r1, #0
 4509 0162 5E48     		ldr	r0, .L267+32
 4510 0164 FFF7FEFF 		bl	memset
 4511              	.LVL365:
 191:Task/Task_BlackBox.c ****     memset(&Altitude_Log_DataPipe, 0, sizeof(DataPipeObj_TypeDef));
 4512              		.loc 1 191 5 view .LVU1209
 4513 0168 2246     		mov	r2, r4
 4514 016a 0021     		movs	r1, #0
 4515 016c 5C48     		ldr	r0, .L267+36
 4516 016e FFF7FEFF 		bl	memset
 4517              	.LVL366:
 192:Task/Task_BlackBox.c ****     memset(&CtlData_Log_DataPipe,  0, sizeof(DataPipeObj_TypeDef));
 4518              		.loc 1 192 5 view .LVU1210
 4519 0172 2246     		mov	r2, r4
 4520 0174 0021     		movs	r1, #0
 4521 0176 5B48     		ldr	r0, .L267+40
 4522 0178 FFF7FEFF 		bl	memset
 4523              	.LVL367:
 193:Task/Task_BlackBox.c **** 
 4524              		.loc 1 193 5 view .LVU1211
 4525 017c 2246     		mov	r2, r4
 4526 017e 0021     		movs	r1, #0
 4527 0180 5948     		ldr	r0, .L267+44
 4528 0182 FFF7FEFF 		bl	memset
 4529              	.LVL368:
 195:Task/Task_BlackBox.c ****     memset(DataPipe_DataObjAddr(LogBaro_Data), 0, DataPipe_DataSize(LogBaro_Data));
 4530              		.loc 1 195 5 view .LVU1212
 4531 0186 594D     		ldr	r5, .L267+48
 4532 0188 5422     		movs	r2, #84
 4533 018a 0021     		movs	r1, #0
 4534 018c 2846     		mov	r0, r5
ARM GAS  C:\Users\HUAV\AppData\Local\Temp\ccYocD5a.s 			page 123


 4535 018e FFF7FEFF 		bl	memset
 4536              	.LVL369:
 196:Task/Task_BlackBox.c ****     memset(DataPipe_DataObjAddr(LogAtt_Data),  0, DataPipe_DataSize(LogAtt_Data));
 4537              		.loc 1 196 5 view .LVU1213
 4538 0192 0024     		movs	r4, #0
 4539 0194 6C65     		str	r4, [r5, #84]
 4540 0196 AC65     		str	r4, [r5, #88]
 4541 0198 EC65     		str	r4, [r5, #92]
 4542 019a 2C66     		str	r4, [r5, #96]
 4543 019c 6C66     		str	r4, [r5, #100]
 4544 019e AC66     		str	r4, [r5, #104]
 4545 01a0 EC66     		str	r4, [r5, #108]
 197:Task/Task_BlackBox.c ****     memset(DataPipe_DataObjAddr(LogAlt_Data),  0, DataPipe_DataSize(LogAlt_Data));
 4546              		.loc 1 197 5 view .LVU1214
 4547 01a2 2222     		movs	r2, #34
 4548 01a4 2146     		mov	r1, r4
 4549 01a6 05F17000 		add	r0, r5, #112
 4550 01aa FFF7FEFF 		bl	memset
 4551              	.LVL370:
 198:Task/Task_BlackBox.c ****     memset(DataPipe_DataObjAddr(LogCtl_Data),  0, DataPipe_DataSize(LogCtl_Data));
 4552              		.loc 1 198 5 view .LVU1215
 4553 01ae C5F89440 		str	r4, [r5, #148]
 4554 01b2 C5F89840 		str	r4, [r5, #152]
 4555 01b6 C5F89C40 		str	r4, [r5, #156]
 4556 01ba C5F8A040 		str	r4, [r5, #160]
 199:Task/Task_BlackBox.c **** 
 4557              		.loc 1 199 5 view .LVU1216
 4558 01be C5F8A440 		str	r4, [r5, #164]
 4559 01c2 C5F8A840 		str	r4, [r5, #168]
 4560 01c6 C5F8AC40 		str	r4, [r5, #172]
 4561 01ca C5F8B040 		str	r4, [r5, #176]
 4562 01ce C5F8B440 		str	r4, [r5, #180]
 4563 01d2 C5F8B840 		str	r4, [r5, #184]
 4564 01d6 C5F8BC40 		str	r4, [r5, #188]
 201:Task/Task_BlackBox.c ****         return;
 4565              		.loc 1 201 5 view .LVU1217
 201:Task/Task_BlackBox.c ****         return;
 4566              		.loc 1 201 15 is_stmt 0 view .LVU1218
 4567 01da 454B     		ldr	r3, .L267+52
 4568 01dc DC68     		ldr	r4, [r3, #12]
 201:Task/Task_BlackBox.c ****         return;
 4569              		.loc 1 201 10 view .LVU1219
 4570 01de 4FF40053 		mov	r3, #8192
 4571 01e2 444A     		ldr	r2, .L267+56
 4572 01e4 4449     		ldr	r1, .L267+60
 4573 01e6 4548     		ldr	r0, .L267+64
 4574 01e8 A047     		blx	r4
 4575              	.LVL371:
 201:Task/Task_BlackBox.c ****         return;
 4576              		.loc 1 201 8 view .LVU1220
 4577 01ea 0028     		cmp	r0, #0
 4578 01ec 3FF456AF 		beq	.L251
 204:Task/Task_BlackBox.c ****     BlackBox_Sem = osSemaphoreCreate(osSemaphore(Log), 32);
 4579              		.loc 1 204 5 is_stmt 1 view .LVU1221
 4580 01f0 0023     		movs	r3, #0
 4581 01f2 2393     		str	r3, [sp, #140]
 4582 01f4 2493     		str	r3, [sp, #144]
ARM GAS  C:\Users\HUAV\AppData\Local\Temp\ccYocD5a.s 			page 124


 205:Task/Task_BlackBox.c **** 
 4583              		.loc 1 205 5 view .LVU1222
 205:Task/Task_BlackBox.c **** 
 4584              		.loc 1 205 20 is_stmt 0 view .LVU1223
 4585 01f6 2021     		movs	r1, #32
 4586 01f8 23A8     		add	r0, sp, #140
 4587 01fa FFF7FEFF 		bl	osSemaphoreCreate
 4588              	.LVL372:
 205:Task/Task_BlackBox.c **** 
 4589              		.loc 1 205 18 view .LVU1224
 4590 01fe 404B     		ldr	r3, .L267+68
 4591 0200 1860     		str	r0, [r3]
 207:Task/Task_BlackBox.c ****         return;
 4592              		.loc 1 207 5 is_stmt 1 view .LVU1225
 207:Task/Task_BlackBox.c ****         return;
 4593              		.loc 1 207 8 is_stmt 0 view .LVU1226
 4594 0202 0028     		cmp	r0, #0
 4595 0204 3FF44AAF 		beq	.L251
 211:Task/Task_BlackBox.c ****     IMU_Log_DataPipe.data_size = DataPipe_DataSize(LogImu_Data);
 4596              		.loc 1 211 5 is_stmt 1 view .LVU1227
 211:Task/Task_BlackBox.c ****     IMU_Log_DataPipe.data_size = DataPipe_DataSize(LogImu_Data);
 4597              		.loc 1 211 34 is_stmt 0 view .LVU1228
 4598 0208 2B46     		mov	r3, r5
 211:Task/Task_BlackBox.c ****     IMU_Log_DataPipe.data_size = DataPipe_DataSize(LogImu_Data);
 4599              		.loc 1 211 32 view .LVU1229
 4600 020a 334E     		ldr	r6, .L267+28
 4601 020c C6F80D50 		str	r5, [r6, #13]	@ unaligned
 212:Task/Task_BlackBox.c ****     IMU_Log_DataPipe.trans_finish_cb = (Pipe_TransFinish_Callback)TaskBlackBox_PipeTransFinish_Call
 4602              		.loc 1 212 5 is_stmt 1 view .LVU1230
 212:Task/Task_BlackBox.c ****     IMU_Log_DataPipe.trans_finish_cb = (Pipe_TransFinish_Callback)TaskBlackBox_PipeTransFinish_Call
 4603              		.loc 1 212 32 is_stmt 0 view .LVU1231
 4604 0210 0022     		movs	r2, #0
 4605 0212 5421     		movs	r1, #84
 4606 0214 7174     		strb	r1, [r6, #17]
 4607 0216 B274     		strb	r2, [r6, #18]
 213:Task/Task_BlackBox.c ****     
 4608              		.loc 1 213 5 is_stmt 1 view .LVU1232
 213:Task/Task_BlackBox.c ****     
 4609              		.loc 1 213 38 is_stmt 0 view .LVU1233
 4610 0218 3A4F     		ldr	r7, .L267+72
 4611 021a C6F81370 		str	r7, [r6, #19]	@ unaligned
 215:Task/Task_BlackBox.c ****     Baro_Log_DataPipe.data_size = DataPipe_DataSize(LogBaro_Data);
 4612              		.loc 1 215 5 is_stmt 1 view .LVU1234
 215:Task/Task_BlackBox.c ****     Baro_Log_DataPipe.data_size = DataPipe_DataSize(LogBaro_Data);
 4613              		.loc 1 215 35 is_stmt 0 view .LVU1235
 4614 021e 6918     		adds	r1, r5, r1
 215:Task/Task_BlackBox.c ****     Baro_Log_DataPipe.data_size = DataPipe_DataSize(LogBaro_Data);
 4615              		.loc 1 215 33 view .LVU1236
 4616 0220 2E4D     		ldr	r5, .L267+32
 4617 0222 C5F80D10 		str	r1, [r5, #13]	@ unaligned
 216:Task/Task_BlackBox.c ****     Baro_Log_DataPipe.trans_finish_cb = (Pipe_TransFinish_Callback)TaskBlackBox_PipeTransFinish_Cal
 4618              		.loc 1 216 5 is_stmt 1 view .LVU1237
 216:Task/Task_BlackBox.c ****     Baro_Log_DataPipe.trans_finish_cb = (Pipe_TransFinish_Callback)TaskBlackBox_PipeTransFinish_Cal
 4619              		.loc 1 216 33 is_stmt 0 view .LVU1238
 4620 0226 1C21     		movs	r1, #28
 4621 0228 6974     		strb	r1, [r5, #17]
 4622 022a AA74     		strb	r2, [r5, #18]
ARM GAS  C:\Users\HUAV\AppData\Local\Temp\ccYocD5a.s 			page 125


 217:Task/Task_BlackBox.c **** 
 4623              		.loc 1 217 5 is_stmt 1 view .LVU1239
 217:Task/Task_BlackBox.c **** 
 4624              		.loc 1 217 39 is_stmt 0 view .LVU1240
 4625 022c C5F81370 		str	r7, [r5, #19]	@ unaligned
 219:Task/Task_BlackBox.c ****     CtlData_Log_DataPipe.data_size = DataPipe_DataSize(LogCtl_Data);
 4626              		.loc 1 219 5 is_stmt 1 view .LVU1241
 219:Task/Task_BlackBox.c ****     CtlData_Log_DataPipe.data_size = DataPipe_DataSize(LogCtl_Data);
 4627              		.loc 1 219 38 is_stmt 0 view .LVU1242
 4628 0230 03F1A400 		add	r0, r3, #164
 219:Task/Task_BlackBox.c ****     CtlData_Log_DataPipe.data_size = DataPipe_DataSize(LogCtl_Data);
 4629              		.loc 1 219 36 view .LVU1243
 4630 0234 2C4C     		ldr	r4, .L267+44
 4631 0236 C4F80D00 		str	r0, [r4, #13]	@ unaligned
 220:Task/Task_BlackBox.c ****     CtlData_Log_DataPipe.trans_finish_cb = (Pipe_TransFinish_Callback)TaskBlackBox_PipeTransFinish_
 4632              		.loc 1 220 5 is_stmt 1 view .LVU1244
 220:Task/Task_BlackBox.c ****     CtlData_Log_DataPipe.trans_finish_cb = (Pipe_TransFinish_Callback)TaskBlackBox_PipeTransFinish_
 4633              		.loc 1 220 36 is_stmt 0 view .LVU1245
 4634 023a 6174     		strb	r1, [r4, #17]
 4635 023c A274     		strb	r2, [r4, #18]
 221:Task/Task_BlackBox.c **** 
 4636              		.loc 1 221 5 is_stmt 1 view .LVU1246
 221:Task/Task_BlackBox.c **** 
 4637              		.loc 1 221 42 is_stmt 0 view .LVU1247
 4638 023e C4F81370 		str	r7, [r4, #19]	@ unaligned
 223:Task/Task_BlackBox.c ****     Attitude_Log_DataPipe.data_size = DataPipe_DataSize(LogAtt_Data);
 4639              		.loc 1 223 5 is_stmt 1 view .LVU1248
 223:Task/Task_BlackBox.c ****     Attitude_Log_DataPipe.data_size = DataPipe_DataSize(LogAtt_Data);
 4640              		.loc 1 223 39 is_stmt 0 view .LVU1249
 4641 0242 03F17001 		add	r1, r3, #112
 223:Task/Task_BlackBox.c ****     Attitude_Log_DataPipe.data_size = DataPipe_DataSize(LogAtt_Data);
 4642              		.loc 1 223 37 view .LVU1250
 4643 0246 2648     		ldr	r0, .L267+36
 4644 0248 C0F80D10 		str	r1, [r0, #13]	@ unaligned
 224:Task/Task_BlackBox.c ****     Attitude_Log_DataPipe.trans_finish_cb = (Pipe_TransFinish_Callback)TaskBlackBox_PipeTransFinish
 4645              		.loc 1 224 5 is_stmt 1 view .LVU1251
 224:Task/Task_BlackBox.c ****     Attitude_Log_DataPipe.trans_finish_cb = (Pipe_TransFinish_Callback)TaskBlackBox_PipeTransFinish
 4646              		.loc 1 224 37 is_stmt 0 view .LVU1252
 4647 024c 2221     		movs	r1, #34
 4648 024e 4174     		strb	r1, [r0, #17]
 4649 0250 8274     		strb	r2, [r0, #18]
 225:Task/Task_BlackBox.c **** 
 4650              		.loc 1 225 5 is_stmt 1 view .LVU1253
 225:Task/Task_BlackBox.c **** 
 4651              		.loc 1 225 43 is_stmt 0 view .LVU1254
 4652 0252 C0F81370 		str	r7, [r0, #19]	@ unaligned
 227:Task/Task_BlackBox.c ****     Altitude_Log_DataPipe.data_size = DataPipe_DataSize(LogAlt_Data);
 4653              		.loc 1 227 5 is_stmt 1 view .LVU1255
 227:Task/Task_BlackBox.c ****     Altitude_Log_DataPipe.data_size = DataPipe_DataSize(LogAlt_Data);
 4654              		.loc 1 227 39 is_stmt 0 view .LVU1256
 4655 0256 9433     		adds	r3, r3, #148
 227:Task/Task_BlackBox.c ****     Altitude_Log_DataPipe.data_size = DataPipe_DataSize(LogAlt_Data);
 4656              		.loc 1 227 37 view .LVU1257
 4657 0258 2249     		ldr	r1, .L267+40
 4658 025a C1F80D30 		str	r3, [r1, #13]	@ unaligned
 228:Task/Task_BlackBox.c ****     Altitude_Log_DataPipe.trans_finish_cb = (Pipe_TransFinish_Callback)TaskBlackBox_PipeTransFinish
 4659              		.loc 1 228 5 is_stmt 1 view .LVU1258
ARM GAS  C:\Users\HUAV\AppData\Local\Temp\ccYocD5a.s 			page 126


 228:Task/Task_BlackBox.c ****     Altitude_Log_DataPipe.trans_finish_cb = (Pipe_TransFinish_Callback)TaskBlackBox_PipeTransFinish
 4660              		.loc 1 228 37 is_stmt 0 view .LVU1259
 4661 025e 1023     		movs	r3, #16
 4662 0260 4B74     		strb	r3, [r1, #17]
 4663 0262 8A74     		strb	r2, [r1, #18]
 229:Task/Task_BlackBox.c **** 
 4664              		.loc 1 229 5 is_stmt 1 view .LVU1260
 229:Task/Task_BlackBox.c **** 
 4665              		.loc 1 229 43 is_stmt 0 view .LVU1261
 4666 0264 C1F81370 		str	r7, [r1, #19]	@ unaligned
 231:Task/Task_BlackBox.c ****     DataPipe_Enable(&Baro_Log_DataPipe);
 4667              		.loc 1 231 5 is_stmt 1 view .LVU1262
 4668              	.LVL373:
 4669              	.LBB18:
 4670              	.LBI18:
 4671              		.file 2 "System/FreeRTOS/../DataPipe/DataPipe.h"
   1:System/FreeRTOS/../DataPipe/DataPipe.h **** #ifndef __DATAPIPE_H
   2:System/FreeRTOS/../DataPipe/DataPipe.h **** #define __DATAPIPE_H
   3:System/FreeRTOS/../DataPipe/DataPipe.h **** 
   4:System/FreeRTOS/../DataPipe/DataPipe.h **** #ifdef __cplusplus
   5:System/FreeRTOS/../DataPipe/DataPipe.h **** extern "C" {
   6:System/FreeRTOS/../DataPipe/DataPipe.h **** #endif
   7:System/FreeRTOS/../DataPipe/DataPipe.h **** 
   8:System/FreeRTOS/../DataPipe/DataPipe.h **** #include <stdint.h>
   9:System/FreeRTOS/../DataPipe/DataPipe.h **** #include <string.h>
  10:System/FreeRTOS/../DataPipe/DataPipe.h **** #include <stdbool.h>
  11:System/FreeRTOS/../DataPipe/DataPipe.h **** #include "../../FCHW_Config.h"
  12:System/FreeRTOS/../DataPipe/DataPipe.h **** 
  13:System/FreeRTOS/../DataPipe/DataPipe.h **** typedef void (*Pipe_TransFinish_Callback)(void *pipe_obj);
  14:System/FreeRTOS/../DataPipe/DataPipe.h **** typedef void (*Pipe_TransError_Callback)(void *pipe_obj);
  15:System/FreeRTOS/../DataPipe/DataPipe.h **** typedef void (*Pipe_TimeOutProc_Callback)(void *pipe_obj);
  16:System/FreeRTOS/../DataPipe/DataPipe.h **** 
  17:System/FreeRTOS/../DataPipe/DataPipe.h **** #define DataPipeHandleToObj(x) ((DataPipeObj_TypeDef *)x)
  18:System/FreeRTOS/../DataPipe/DataPipe.h **** #define DataPipe_CreateDataObj(type, name) static type name##_##PipeDataObj __attribute__((section(
  19:System/FreeRTOS/../DataPipe/DataPipe.h **** #define DataPipe_DataObjAddr(name) (&name##_##PipeDataObj)
  20:System/FreeRTOS/../DataPipe/DataPipe.h **** #define DataPipe_DataObj(name) name##_##PipeDataObj
  21:System/FreeRTOS/../DataPipe/DataPipe.h **** #define DataPipe_DataSize(name) sizeof(name##_##PipeDataObj)
  22:System/FreeRTOS/../DataPipe/DataPipe.h **** 
  23:System/FreeRTOS/../DataPipe/DataPipe.h **** typedef enum
  24:System/FreeRTOS/../DataPipe/DataPipe.h **** {
  25:System/FreeRTOS/../DataPipe/DataPipe.h ****     Pipe_UnReady = 0,
  26:System/FreeRTOS/../DataPipe/DataPipe.h ****     Pipe_Ready,
  27:System/FreeRTOS/../DataPipe/DataPipe.h ****     Pipe_Busy,
  28:System/FreeRTOS/../DataPipe/DataPipe.h ****     Pipe_Error,
  29:System/FreeRTOS/../DataPipe/DataPipe.h **** } DataPipe_State_List;
  30:System/FreeRTOS/../DataPipe/DataPipe.h **** 
  31:System/FreeRTOS/../DataPipe/DataPipe.h **** #pragma pack(1)
  32:System/FreeRTOS/../DataPipe/DataPipe.h **** typedef struct
  33:System/FreeRTOS/../DataPipe/DataPipe.h **** {
  34:System/FreeRTOS/../DataPipe/DataPipe.h ****     uint32_t min_rx_interval;
  35:System/FreeRTOS/../DataPipe/DataPipe.h ****     uint32_t detect_interval;
  36:System/FreeRTOS/../DataPipe/DataPipe.h ****     uint32_t rx_ms_rt;
  37:System/FreeRTOS/../DataPipe/DataPipe.h **** 
  38:System/FreeRTOS/../DataPipe/DataPipe.h ****     bool enable;
  39:System/FreeRTOS/../DataPipe/DataPipe.h **** 
  40:System/FreeRTOS/../DataPipe/DataPipe.h ****     uint32_t data_addr;
  41:System/FreeRTOS/../DataPipe/DataPipe.h ****     uint16_t data_size;
ARM GAS  C:\Users\HUAV\AppData\Local\Temp\ccYocD5a.s 			page 127


  42:System/FreeRTOS/../DataPipe/DataPipe.h **** 
  43:System/FreeRTOS/../DataPipe/DataPipe.h ****     Pipe_TransFinish_Callback trans_finish_cb;
  44:System/FreeRTOS/../DataPipe/DataPipe.h ****     Pipe_TransError_Callback trans_error_cb;
  45:System/FreeRTOS/../DataPipe/DataPipe.h **** 
  46:System/FreeRTOS/../DataPipe/DataPipe.h ****     uint32_t tx_cnt;
  47:System/FreeRTOS/../DataPipe/DataPipe.h ****     uint32_t rx_cnt;
  48:System/FreeRTOS/../DataPipe/DataPipe.h ****     uint32_t er_cnt;
  49:System/FreeRTOS/../DataPipe/DataPipe.h **** } DataPipeObj_TypeDef;
  50:System/FreeRTOS/../DataPipe/DataPipe.h **** #pragma pack()
  51:System/FreeRTOS/../DataPipe/DataPipe.h **** 
  52:System/FreeRTOS/../DataPipe/DataPipe.h **** typedef struct
  53:System/FreeRTOS/../DataPipe/DataPipe.h **** {
  54:System/FreeRTOS/../DataPipe/DataPipe.h ****     DataPipeObj_TypeDef *org;
  55:System/FreeRTOS/../DataPipe/DataPipe.h ****     DataPipeObj_TypeDef *dst;
  56:System/FreeRTOS/../DataPipe/DataPipe.h **** } Data_PlugedPipeObj_TypeDef;
  57:System/FreeRTOS/../DataPipe/DataPipe.h **** 
  58:System/FreeRTOS/../DataPipe/DataPipe.h **** bool DataPipe_Init(void);
  59:System/FreeRTOS/../DataPipe/DataPipe.h **** bool DataPipe_DeInit(void);
  60:System/FreeRTOS/../DataPipe/DataPipe.h **** bool DataPipe_SendTo(DataPipeObj_TypeDef *p_org, DataPipeObj_TypeDef *p_dst);
  61:System/FreeRTOS/../DataPipe/DataPipe.h **** bool DataPipe_DealError(void);
  62:System/FreeRTOS/../DataPipe/DataPipe.h **** 
  63:System/FreeRTOS/../DataPipe/DataPipe.h **** inline bool DataPipe_Enable(DataPipeObj_TypeDef *obj)
 4672              		.loc 2 63 13 view .LVU1263
 4673              	.LBB19:
  64:System/FreeRTOS/../DataPipe/DataPipe.h **** {
  65:System/FreeRTOS/../DataPipe/DataPipe.h ****     if (obj == NULL)
 4674              		.loc 2 65 5 view .LVU1264
  66:System/FreeRTOS/../DataPipe/DataPipe.h ****         return false;
  67:System/FreeRTOS/../DataPipe/DataPipe.h **** 
  68:System/FreeRTOS/../DataPipe/DataPipe.h ****     obj->enable = true;
 4675              		.loc 2 68 5 view .LVU1265
 4676              		.loc 2 68 17 is_stmt 0 view .LVU1266
 4677 0268 0123     		movs	r3, #1
 4678 026a 3373     		strb	r3, [r6, #12]
  69:System/FreeRTOS/../DataPipe/DataPipe.h **** 
  70:System/FreeRTOS/../DataPipe/DataPipe.h ****     return true;
 4679              		.loc 2 70 5 is_stmt 1 view .LVU1267
 4680              	.LVL374:
 4681              		.loc 2 70 5 is_stmt 0 view .LVU1268
 4682              	.LBE19:
 4683              	.LBE18:
 232:Task/Task_BlackBox.c ****     DataPipe_Enable(&CtlData_Log_DataPipe);
 4684              		.loc 1 232 5 is_stmt 1 view .LVU1269
 4685              	.LBB20:
 4686              	.LBI20:
  63:System/FreeRTOS/../DataPipe/DataPipe.h **** {
 4687              		.loc 2 63 13 view .LVU1270
 4688              	.LBB21:
  65:System/FreeRTOS/../DataPipe/DataPipe.h ****         return false;
 4689              		.loc 2 65 5 view .LVU1271
  68:System/FreeRTOS/../DataPipe/DataPipe.h **** 
 4690              		.loc 2 68 5 view .LVU1272
  68:System/FreeRTOS/../DataPipe/DataPipe.h **** 
 4691              		.loc 2 68 17 is_stmt 0 view .LVU1273
 4692 026c 2B73     		strb	r3, [r5, #12]
 4693              		.loc 2 70 5 is_stmt 1 view .LVU1274
 4694              	.LVL375:
ARM GAS  C:\Users\HUAV\AppData\Local\Temp\ccYocD5a.s 			page 128


 4695              		.loc 2 70 5 is_stmt 0 view .LVU1275
 4696              	.LBE21:
 4697              	.LBE20:
 233:Task/Task_BlackBox.c ****     DataPipe_Enable(&Attitude_Log_DataPipe);
 4698              		.loc 1 233 5 is_stmt 1 view .LVU1276
 4699              	.LBB22:
 4700              	.LBI22:
  63:System/FreeRTOS/../DataPipe/DataPipe.h **** {
 4701              		.loc 2 63 13 view .LVU1277
 4702              	.LBB23:
  65:System/FreeRTOS/../DataPipe/DataPipe.h ****         return false;
 4703              		.loc 2 65 5 view .LVU1278
  68:System/FreeRTOS/../DataPipe/DataPipe.h **** 
 4704              		.loc 2 68 5 view .LVU1279
  68:System/FreeRTOS/../DataPipe/DataPipe.h **** 
 4705              		.loc 2 68 17 is_stmt 0 view .LVU1280
 4706 026e 2373     		strb	r3, [r4, #12]
 4707              		.loc 2 70 5 is_stmt 1 view .LVU1281
 4708              	.LVL376:
 4709              		.loc 2 70 5 is_stmt 0 view .LVU1282
 4710              	.LBE23:
 4711              	.LBE22:
 234:Task/Task_BlackBox.c ****     DataPipe_Enable(&Altitude_Log_DataPipe);
 4712              		.loc 1 234 5 is_stmt 1 view .LVU1283
 4713              	.LBB24:
 4714              	.LBI24:
  63:System/FreeRTOS/../DataPipe/DataPipe.h **** {
 4715              		.loc 2 63 13 view .LVU1284
 4716              	.LBB25:
  65:System/FreeRTOS/../DataPipe/DataPipe.h ****         return false;
 4717              		.loc 2 65 5 view .LVU1285
  68:System/FreeRTOS/../DataPipe/DataPipe.h **** 
 4718              		.loc 2 68 5 view .LVU1286
  68:System/FreeRTOS/../DataPipe/DataPipe.h **** 
 4719              		.loc 2 68 17 is_stmt 0 view .LVU1287
 4720 0270 0373     		strb	r3, [r0, #12]
 4721              		.loc 2 70 5 is_stmt 1 view .LVU1288
 4722              	.LVL377:
 4723              		.loc 2 70 5 is_stmt 0 view .LVU1289
 4724              	.LBE25:
 4725              	.LBE24:
 235:Task/Task_BlackBox.c **** 
 4726              		.loc 1 235 5 is_stmt 1 view .LVU1290
 4727              	.LBB26:
 4728              	.LBI26:
  63:System/FreeRTOS/../DataPipe/DataPipe.h **** {
 4729              		.loc 2 63 13 view .LVU1291
 4730              	.LBB27:
  65:System/FreeRTOS/../DataPipe/DataPipe.h ****         return false;
 4731              		.loc 2 65 5 view .LVU1292
  68:System/FreeRTOS/../DataPipe/DataPipe.h **** 
 4732              		.loc 2 68 5 view .LVU1293
  68:System/FreeRTOS/../DataPipe/DataPipe.h **** 
 4733              		.loc 2 68 17 is_stmt 0 view .LVU1294
 4734 0272 0B73     		strb	r3, [r1, #12]
 4735              		.loc 2 70 5 is_stmt 1 view .LVU1295
 4736              	.LVL378:
ARM GAS  C:\Users\HUAV\AppData\Local\Temp\ccYocD5a.s 			page 129


 4737              		.loc 2 70 5 is_stmt 0 view .LVU1296
 4738              	.LBE27:
 4739              	.LBE26:
 238:Task/Task_BlackBox.c **** }
 4740              		.loc 1 238 5 is_stmt 1 view .LVU1297
 238:Task/Task_BlackBox.c **** }
 4741              		.loc 1 238 19 is_stmt 0 view .LVU1298
 4742 0274 114B     		ldr	r3, .L267
 4743 0276 1A70     		strb	r2, [r3]
 4744 0278 10E7     		b	.L251
 4745              	.LVL379:
 4746              	.L256:
 151:Task/Task_BlackBox.c ****             p_blackbox = &SrvChip_BlackBox;
 4747              		.loc 1 151 13 is_stmt 1 view .LVU1299
 151:Task/Task_BlackBox.c ****             p_blackbox = &SrvChip_BlackBox;
 4748              		.loc 1 151 36 is_stmt 0 view .LVU1300
 4749 027a 234D     		ldr	r5, .L267+76
 4750 027c 2C68     		ldr	r4, [r5]
 151:Task/Task_BlackBox.c ****             p_blackbox = &SrvChip_BlackBox;
 4751              		.loc 1 151 20 view .LVU1301
 4752 027e 2A9B     		ldr	r3, [sp, #168]
 4753 0280 0093     		str	r3, [sp]
 4754 0282 27AB     		add	r3, sp, #156
 4755 0284 0ECB     		ldm	r3, {r1, r2, r3}
 4756 0286 1148     		ldr	r0, .L267+16
 4757 0288 A047     		blx	r4
 4758              	.LVL380:
 4759 028a 0446     		mov	r4, r0
 4760              	.LVL381:
 152:Task/Task_BlackBox.c ****             break;
 4761              		.loc 1 152 13 is_stmt 1 view .LVU1302
 152:Task/Task_BlackBox.c ****             break;
 4762              		.loc 1 152 24 is_stmt 0 view .LVU1303
 4763 028c 104B     		ldr	r3, .L267+20
 4764 028e 1D60     		str	r5, [r3]
 153:Task/Task_BlackBox.c **** 
 4765              		.loc 1 153 13 is_stmt 1 view .LVU1304
 4766 0290 4BE7     		b	.L259
 4767              	.LVL382:
 4768              	.L264:
 156:Task/Task_BlackBox.c ****             p_blackbox = &SrvCard_BlackBox;
 4769              		.loc 1 156 13 view .LVU1305
 156:Task/Task_BlackBox.c ****             p_blackbox = &SrvCard_BlackBox;
 4770              		.loc 1 156 36 is_stmt 0 view .LVU1306
 4771 0292 1E4D     		ldr	r5, .L267+80
 4772 0294 2C68     		ldr	r4, [r5]
 156:Task/Task_BlackBox.c ****             p_blackbox = &SrvCard_BlackBox;
 4773              		.loc 1 156 20 view .LVU1307
 4774 0296 2A9B     		ldr	r3, [sp, #168]
 4775 0298 0093     		str	r3, [sp]
 4776 029a 27AB     		add	r3, sp, #156
 4777 029c 0ECB     		ldm	r3, {r1, r2, r3}
 4778 029e 0B48     		ldr	r0, .L267+16
 4779 02a0 A047     		blx	r4
 4780              	.LVL383:
 4781 02a2 0446     		mov	r4, r0
 4782              	.LVL384:
ARM GAS  C:\Users\HUAV\AppData\Local\Temp\ccYocD5a.s 			page 130


 157:Task/Task_BlackBox.c ****             break;
 4783              		.loc 1 157 13 is_stmt 1 view .LVU1308
 157:Task/Task_BlackBox.c ****             break;
 4784              		.loc 1 157 24 is_stmt 0 view .LVU1309
 4785 02a4 0A4B     		ldr	r3, .L267+20
 4786 02a6 1D60     		str	r5, [r3]
 158:Task/Task_BlackBox.c **** 
 4787              		.loc 1 158 13 is_stmt 1 view .LVU1310
 4788 02a8 3FE7     		b	.L259
 4789              	.L265:
 165:Task/Task_BlackBox.c ****         return;
 4790              		.loc 1 165 9 view .LVU1311
 165:Task/Task_BlackBox.c ****         return;
 4791              		.loc 1 165 20 is_stmt 0 view .LVU1312
 4792 02aa 094B     		ldr	r3, .L267+20
 4793 02ac 0022     		movs	r2, #0
 4794 02ae 1A60     		str	r2, [r3]
 166:Task/Task_BlackBox.c ****     }
 4795              		.loc 1 166 9 is_stmt 1 view .LVU1313
 4796 02b0 F4E6     		b	.L251
 4797              	.LVL385:
 4798              	.L266:
 184:Task/Task_BlackBox.c ****         return;
 4799              		.loc 1 184 9 view .LVU1314
 184:Task/Task_BlackBox.c ****         return;
 4800              		.loc 1 184 20 is_stmt 0 view .LVU1315
 4801 02b2 084B     		ldr	r3, .L267+24
 4802 02b4 1B6B     		ldr	r3, [r3, #48]
 184:Task/Task_BlackBox.c ****         return;
 4803              		.loc 1 184 9 view .LVU1316
 4804 02b6 9847     		blx	r3
 4805              	.LVL386:
 185:Task/Task_BlackBox.c ****     }
 4806              		.loc 1 185 9 is_stmt 1 view .LVU1317
 4807 02b8 F0E6     		b	.L251
 4808              	.L268:
 4809 02ba 00BF     		.align	2
 4810              	.L267:
 4811 02bc 00000000 		.word	.LANCHOR0
 4812 02c0 00000000 		.word	Storage
 4813 02c4 A8010000 		.word	.LC22
 4814 02c8 00000000 		.word	SrvPort_BlackBox
 4815 02cc 00000000 		.word	TaskBlackBox_PushFinish_Callback
 4816 02d0 00000000 		.word	.LANCHOR14
 4817 02d4 00000000 		.word	SrvOsCommon
 4818 02d8 00000000 		.word	IMU_Log_DataPipe
 4819 02dc 00000000 		.word	Baro_Log_DataPipe
 4820 02e0 00000000 		.word	Attitude_Log_DataPipe
 4821 02e4 00000000 		.word	Altitude_Log_DataPipe
 4822 02e8 00000000 		.word	CtlData_Log_DataPipe
 4823 02ec 00000000 		.word	.LANCHOR4
 4824 02f0 00000000 		.word	Queue
 4825 02f4 C0000000 		.word	BlackBox_Buff
 4826 02f8 00000000 		.word	.LC49
 4827 02fc 00000000 		.word	.LANCHOR1
 4828 0300 00000000 		.word	.LANCHOR2
 4829 0304 00000000 		.word	TaskBlackBox_PipeTransFinish_Callback
ARM GAS  C:\Users\HUAV\AppData\Local\Temp\ccYocD5a.s 			page 131


 4830 0308 00000000 		.word	SrvChip_BlackBox
 4831 030c 00000000 		.word	SrvCard_BlackBox
 4832              		.cfi_endproc
 4833              	.LFE148:
 4835              		.section	.text.TaskBlackBox_Core,"ax",%progbits
 4836              		.align	1
 4837              		.global	TaskBlackBox_Core
 4838              		.syntax unified
 4839              		.thumb
 4840              		.thumb_func
 4842              	TaskBlackBox_Core:
 4843              	.LVL387:
 4844              	.LFB149:
 242:Task/Task_BlackBox.c ****     Monitor.write_thread_state = true;
 4845              		.loc 1 242 1 view -0
 4846              		.cfi_startproc
 4847              		@ Volatile: function does not return.
 4848              		@ args = 0, pretend = 0, frame = 0
 4849              		@ frame_needed = 0, uses_anonymous_args = 0
 242:Task/Task_BlackBox.c ****     Monitor.write_thread_state = true;
 4850              		.loc 1 242 1 is_stmt 0 view .LVU1319
 4851 0000 08B5     		push	{r3, lr}
 4852              	.LCFI40:
 4853              		.cfi_def_cfa_offset 8
 4854              		.cfi_offset 3, -8
 4855              		.cfi_offset 14, -4
 243:Task/Task_BlackBox.c **** 
 4856              		.loc 1 243 5 is_stmt 1 view .LVU1320
 243:Task/Task_BlackBox.c **** 
 4857              		.loc 1 243 32 is_stmt 0 view .LVU1321
 4858 0002 214B     		ldr	r3, .L277
 4859 0004 0122     		movs	r2, #1
 4860 0006 5A70     		strb	r2, [r3, #1]
 4861 0008 12E0     		b	.L270
 4862              	.LVL388:
 4863              	.L271:
 249:Task/Task_BlackBox.c **** 
 4864              		.loc 1 249 13 is_stmt 1 view .LVU1322
 4865 000a 0020     		movs	r0, #0
 4866 000c FFF7FEFF 		bl	vTaskDelete
 4867              	.LVL389:
 4868 0010 16E0     		b	.L272
 4869              	.L276:
 252:Task/Task_BlackBox.c ****         {
 4870              		.loc 1 252 66 is_stmt 0 discriminator 1 view .LVU1323
 4871 0012 1E4B     		ldr	r3, .L277+4
 4872 0014 1B68     		ldr	r3, [r3]
 4873 0016 9B68     		ldr	r3, [r3, #8]
 252:Task/Task_BlackBox.c ****         {
 4874              		.loc 1 252 53 discriminator 1 view .LVU1324
 4875 0018 E3B1     		cbz	r3, .L273
 252:Task/Task_BlackBox.c ****         {
 4876              		.loc 1 252 79 discriminator 2 view .LVU1325
 4877 001a 1D4A     		ldr	r2, .L277+8
 4878 001c 9069     		ldr	r0, [r2, #24]
 4879 001e 9847     		blx	r3
 4880              	.LVL390:
ARM GAS  C:\Users\HUAV\AppData\Local\Temp\ccYocD5a.s 			page 132


 252:Task/Task_BlackBox.c ****         {
 4881              		.loc 1 252 76 discriminator 2 view .LVU1326
 4882 0020 C0B1     		cbz	r0, .L273
 254:Task/Task_BlackBox.c ****             Queue.reset(&BlackBox_Queue);
 4883              		.loc 1 254 13 is_stmt 1 view .LVU1327
 254:Task/Task_BlackBox.c ****             Queue.reset(&BlackBox_Queue);
 4884              		.loc 1 254 27 is_stmt 0 view .LVU1328
 4885 0022 194B     		ldr	r3, .L277
 4886 0024 0022     		movs	r2, #0
 4887 0026 1A70     		strb	r2, [r3]
 255:Task/Task_BlackBox.c ****         }
 4888              		.loc 1 255 13 is_stmt 1 view .LVU1329
 255:Task/Task_BlackBox.c ****         }
 4889              		.loc 1 255 18 is_stmt 0 view .LVU1330
 4890 0028 1A4B     		ldr	r3, .L277+12
 4891 002a 1B69     		ldr	r3, [r3, #16]
 255:Task/Task_BlackBox.c ****         }
 4892              		.loc 1 255 13 view .LVU1331
 4893 002c 1A48     		ldr	r0, .L277+16
 4894 002e 9847     		blx	r3
 4895              	.LVL391:
 4896              	.L270:
 245:Task/Task_BlackBox.c ****     {
 4897              		.loc 1 245 5 is_stmt 1 view .LVU1332
 248:Task/Task_BlackBox.c ****             vTaskDelete(NULL);
 4898              		.loc 1 248 9 view .LVU1333
 248:Task/Task_BlackBox.c ****             vTaskDelete(NULL);
 4899              		.loc 1 248 27 is_stmt 0 view .LVU1334
 4900 0030 1A4B     		ldr	r3, .L277+20
 4901 0032 1B68     		ldr	r3, [r3]
 248:Task/Task_BlackBox.c ****             vTaskDelete(NULL);
 4902              		.loc 1 248 12 view .LVU1335
 4903 0034 002B     		cmp	r3, #0
 4904 0036 E8D0     		beq	.L271
 248:Task/Task_BlackBox.c ****             vTaskDelete(NULL);
 4905              		.loc 1 248 51 discriminator 1 view .LVU1336
 4906 0038 144B     		ldr	r3, .L277+4
 4907 003a 1B68     		ldr	r3, [r3]
 248:Task/Task_BlackBox.c ****             vTaskDelete(NULL);
 4908              		.loc 1 248 36 discriminator 1 view .LVU1337
 4909 003c 002B     		cmp	r3, #0
 4910 003e E4D0     		beq	.L271
 4911              	.L272:
 251:Task/Task_BlackBox.c ****         if ((Monitor.state == BlackBox_Log_Disable) && p_blackbox->disable && p_blackbox->disable(S
 4912              		.loc 1 251 9 is_stmt 1 view .LVU1338
 4913 0040 4FF0FF31 		mov	r1, #-1
 4914 0044 154B     		ldr	r3, .L277+20
 4915 0046 1868     		ldr	r0, [r3]
 4916 0048 FFF7FEFF 		bl	osSemaphoreWait
 4917              	.LVL392:
 252:Task/Task_BlackBox.c ****         {
 4918              		.loc 1 252 9 view .LVU1339
 252:Task/Task_BlackBox.c ****         {
 4919              		.loc 1 252 21 is_stmt 0 view .LVU1340
 4920 004c 0E4B     		ldr	r3, .L277
 4921 004e 1B78     		ldrb	r3, [r3]	@ zero_extendqisi2
 252:Task/Task_BlackBox.c ****         {
ARM GAS  C:\Users\HUAV\AppData\Local\Temp\ccYocD5a.s 			page 133


 4922              		.loc 1 252 12 view .LVU1341
 4923 0050 022B     		cmp	r3, #2
 4924 0052 DED0     		beq	.L276
 4925              	.L273:
 257:Task/Task_BlackBox.c ****         {
 4926              		.loc 1 257 14 is_stmt 1 view .LVU1342
 257:Task/Task_BlackBox.c ****         {
 4927              		.loc 1 257 28 is_stmt 0 view .LVU1343
 4928 0054 0D4B     		ldr	r3, .L277+4
 4929 0056 1B68     		ldr	r3, [r3]
 4930 0058 DB68     		ldr	r3, [r3, #12]
 257:Task/Task_BlackBox.c ****         {
 4931              		.loc 1 257 17 view .LVU1344
 4932 005a 002B     		cmp	r3, #0
 4933 005c E8D0     		beq	.L270
 257:Task/Task_BlackBox.c ****         {
 4934              		.loc 1 257 45 discriminator 1 view .LVU1345
 4935 005e 0A4A     		ldr	r2, .L277
 4936 0060 126D     		ldr	r2, [r2, #80]
 257:Task/Task_BlackBox.c ****         {
 4937              		.loc 1 257 35 discriminator 1 view .LVU1346
 4938 0062 002A     		cmp	r2, #0
 4939 0064 E4D0     		beq	.L270
 259:Task/Task_BlackBox.c ****             {
 4940              		.loc 1 259 13 is_stmt 1 view .LVU1347
 259:Task/Task_BlackBox.c ****             {
 4941              		.loc 1 259 16 is_stmt 0 view .LVU1348
 4942 0066 0849     		ldr	r1, .L277
 4943 0068 496D     		ldr	r1, [r1, #84]
 4944 006a 0948     		ldr	r0, .L277+8
 4945 006c 8069     		ldr	r0, [r0, #24]
 4946 006e 9847     		blx	r3
 4947              	.LVL393:
 259:Task/Task_BlackBox.c ****             {
 4948              		.loc 1 259 15 view .LVU1349
 4949 0070 0028     		cmp	r0, #0
 4950 0072 DDD0     		beq	.L270
 261:Task/Task_BlackBox.c ****                 Monitor.log_byte_size += Monitor.log_unit;
 4951              		.loc 1 261 17 is_stmt 1 view .LVU1350
 261:Task/Task_BlackBox.c ****                 Monitor.log_byte_size += Monitor.log_unit;
 4952              		.loc 1 261 24 is_stmt 0 view .LVU1351
 4953 0074 044B     		ldr	r3, .L277
 4954 0076 DA6D     		ldr	r2, [r3, #92]
 261:Task/Task_BlackBox.c ****                 Monitor.log_byte_size += Monitor.log_unit;
 4955              		.loc 1 261 33 view .LVU1352
 4956 0078 0132     		adds	r2, r2, #1
 4957 007a DA65     		str	r2, [r3, #92]
 262:Task/Task_BlackBox.c ****             }
 4958              		.loc 1 262 17 is_stmt 1 view .LVU1353
 262:Task/Task_BlackBox.c ****             }
 4959              		.loc 1 262 49 is_stmt 0 view .LVU1354
 4960 007c 196D     		ldr	r1, [r3, #80]
 262:Task/Task_BlackBox.c ****             }
 4961              		.loc 1 262 39 view .LVU1355
 4962 007e 9A6D     		ldr	r2, [r3, #88]
 4963 0080 0A44     		add	r2, r2, r1
 4964 0082 9A65     		str	r2, [r3, #88]
ARM GAS  C:\Users\HUAV\AppData\Local\Temp\ccYocD5a.s 			page 134


 4965 0084 D4E7     		b	.L270
 4966              	.L278:
 4967 0086 00BF     		.align	2
 4968              	.L277:
 4969 0088 00000000 		.word	.LANCHOR0
 4970 008c 00000000 		.word	.LANCHOR14
 4971 0090 00000000 		.word	Storage
 4972 0094 00000000 		.word	Queue
 4973 0098 00000000 		.word	.LANCHOR1
 4974 009c 00000000 		.word	.LANCHOR2
 4975              		.cfi_endproc
 4976              	.LFE149:
 4978              		.section	.text.TaskBlackBox_LogControl,"ax",%progbits
 4979              		.align	1
 4980              		.global	TaskBlackBox_LogControl
 4981              		.syntax unified
 4982              		.thumb
 4983              		.thumb_func
 4985              	TaskBlackBox_LogControl:
 4986              	.LFB154:
 509:Task/Task_BlackBox.c ****     uint8_t time_out = 100; /* unit: ms */
 4987              		.loc 1 509 1 is_stmt 1 view -0
 4988              		.cfi_startproc
 4989              		@ args = 0, pretend = 0, frame = 16
 4990              		@ frame_needed = 0, uses_anonymous_args = 0
 4991 0000 30B5     		push	{r4, r5, lr}
 4992              	.LCFI41:
 4993              		.cfi_def_cfa_offset 12
 4994              		.cfi_offset 4, -12
 4995              		.cfi_offset 5, -8
 4996              		.cfi_offset 14, -4
 4997 0002 85B0     		sub	sp, sp, #20
 4998              	.LCFI42:
 4999              		.cfi_def_cfa_offset 32
 510:Task/Task_BlackBox.c ****     DevLedObj_TypeDef BlackBox_Noti;
 5000              		.loc 1 510 5 view .LVU1357
 5001              	.LVL394:
 511:Task/Task_BlackBox.c **** 
 5002              		.loc 1 511 5 view .LVU1358
 513:Task/Task_BlackBox.c ****     if (BlackBox_Noti_Ptr)
 5003              		.loc 1 513 5 view .LVU1359
 5004 0004 01AB     		add	r3, sp, #4
 5005 0006 0022     		movs	r2, #0
 5006 0008 0192     		str	r2, [sp, #4]
 5007 000a 0292     		str	r2, [sp, #8]
 5008 000c 0392     		str	r2, [sp, #12]
 514:Task/Task_BlackBox.c ****         memcpy(&BlackBox_Noti, BlackBox_Noti_Ptr, sizeof(DevLedObj_TypeDef));
 5009              		.loc 1 514 5 view .LVU1360
 515:Task/Task_BlackBox.c **** 
 5010              		.loc 1 515 9 view .LVU1361
 5011 000e 204A     		ldr	r2, .L289
 5012 0010 07CA     		ldm	r2, {r0, r1, r2}
 5013 0012 83E80700 		stm	r3, {r0, r1, r2}
 517:Task/Task_BlackBox.c ****     {
 5014              		.loc 1 517 5 view .LVU1362
 517:Task/Task_BlackBox.c ****     {
 5015              		.loc 1 517 16 is_stmt 0 view .LVU1363
ARM GAS  C:\Users\HUAV\AppData\Local\Temp\ccYocD5a.s 			page 135


 5016 0016 1F4B     		ldr	r3, .L289+4
 5017 0018 1B78     		ldrb	r3, [r3]	@ zero_extendqisi2
 517:Task/Task_BlackBox.c ****     {
 5018              		.loc 1 517 8 view .LVU1364
 5019 001a 012B     		cmp	r3, #1
 5020 001c 27D0     		beq	.L280
 519:Task/Task_BlackBox.c ****         Monitor.log_byte_size = 0;
 5021              		.loc 1 519 9 is_stmt 1 view .LVU1365
 519:Task/Task_BlackBox.c ****         Monitor.log_byte_size = 0;
 5022              		.loc 1 519 25 is_stmt 0 view .LVU1366
 5023 001e 1D4B     		ldr	r3, .L289+4
 5024 0020 0022     		movs	r2, #0
 5025 0022 DA65     		str	r2, [r3, #92]
 520:Task/Task_BlackBox.c ****         Queue.reset(&BlackBox_Queue);
 5026              		.loc 1 520 9 is_stmt 1 view .LVU1367
 520:Task/Task_BlackBox.c ****         Queue.reset(&BlackBox_Queue);
 5027              		.loc 1 520 31 is_stmt 0 view .LVU1368
 5028 0024 9A65     		str	r2, [r3, #88]
 521:Task/Task_BlackBox.c **** 
 5029              		.loc 1 521 9 is_stmt 1 view .LVU1369
 521:Task/Task_BlackBox.c **** 
 5030              		.loc 1 521 14 is_stmt 0 view .LVU1370
 5031 0026 1C4B     		ldr	r3, .L289+8
 5032 0028 1B69     		ldr	r3, [r3, #16]
 521:Task/Task_BlackBox.c **** 
 5033              		.loc 1 521 9 view .LVU1371
 5034 002a 1C48     		ldr	r0, .L289+12
 5035 002c 9847     		blx	r3
 5036              	.LVL395:
 523:Task/Task_BlackBox.c ****         {
 5037              		.loc 1 523 9 is_stmt 1 view .LVU1372
 523:Task/Task_BlackBox.c ****         {
 5038              		.loc 1 523 13 is_stmt 0 view .LVU1373
 5039 002e 1C4B     		ldr	r3, .L289+16
 5040 0030 1B68     		ldr	r3, [r3]
 523:Task/Task_BlackBox.c ****         {
 5041              		.loc 1 523 12 view .LVU1374
 5042 0032 53B3     		cbz	r3, .L284
 523:Task/Task_BlackBox.c ****         {
 5043              		.loc 1 523 37 discriminator 1 view .LVU1375
 5044 0034 5B68     		ldr	r3, [r3, #4]
 523:Task/Task_BlackBox.c ****         {
 5045              		.loc 1 523 24 discriminator 1 view .LVU1376
 5046 0036 73B1     		cbz	r3, .L287
 510:Task/Task_BlackBox.c ****     DevLedObj_TypeDef BlackBox_Noti;
 5047              		.loc 1 510 13 view .LVU1377
 5048 0038 6424     		movs	r4, #100
 5049              	.LVL396:
 5050              	.L282:
 525:Task/Task_BlackBox.c ****             {
 5051              		.loc 1 525 19 is_stmt 1 view .LVU1378
 525:Task/Task_BlackBox.c ****             {
 5052              		.loc 1 525 31 is_stmt 0 view .LVU1379
 5053 003a 194B     		ldr	r3, .L289+16
 5054 003c 1B68     		ldr	r3, [r3]
 5055 003e 5B68     		ldr	r3, [r3, #4]
 525:Task/Task_BlackBox.c ****             {
ARM GAS  C:\Users\HUAV\AppData\Local\Temp\ccYocD5a.s 			page 136


 5056              		.loc 1 525 21 view .LVU1380
 5057 0040 9847     		blx	r3
 5058              	.LVL397:
 525:Task/Task_BlackBox.c ****             {
 5059              		.loc 1 525 19 view .LVU1381
 5060 0042 0546     		mov	r5, r0
 5061 0044 48B9     		cbnz	r0, .L288
 527:Task/Task_BlackBox.c ****                     return false;
 5062              		.loc 1 527 17 is_stmt 1 view .LVU1382
 527:Task/Task_BlackBox.c ****                     return false;
 5063              		.loc 1 527 20 is_stmt 0 view .LVU1383
 5064 0046 ECB1     		cbz	r4, .L281
 530:Task/Task_BlackBox.c ****                 time_out --;
 5065              		.loc 1 530 17 is_stmt 1 view .LVU1384
 530:Task/Task_BlackBox.c ****                 time_out --;
 5066              		.loc 1 530 28 is_stmt 0 view .LVU1385
 5067 0048 164B     		ldr	r3, .L289+20
 5068 004a 9B68     		ldr	r3, [r3, #8]
 530:Task/Task_BlackBox.c ****                 time_out --;
 5069              		.loc 1 530 17 view .LVU1386
 5070 004c 0120     		movs	r0, #1
 5071 004e 9847     		blx	r3
 5072              	.LVL398:
 531:Task/Task_BlackBox.c ****             }
 5073              		.loc 1 531 17 is_stmt 1 view .LVU1387
 531:Task/Task_BlackBox.c ****             }
 5074              		.loc 1 531 26 is_stmt 0 view .LVU1388
 5075 0050 013C     		subs	r4, r4, #1
 5076              	.LVL399:
 531:Task/Task_BlackBox.c ****             }
 5077              		.loc 1 531 26 view .LVU1389
 5078 0052 E4B2     		uxtb	r4, r4
 5079              	.LVL400:
 531:Task/Task_BlackBox.c ****             }
 5080              		.loc 1 531 26 view .LVU1390
 5081 0054 F1E7     		b	.L282
 5082              	.LVL401:
 5083              	.L287:
 548:Task/Task_BlackBox.c **** }
 5084              		.loc 1 548 12 view .LVU1391
 5085 0056 0125     		movs	r5, #1
 5086 0058 14E0     		b	.L281
 5087              	.LVL402:
 5088              	.L288:
 534:Task/Task_BlackBox.c **** 
 5089              		.loc 1 534 13 is_stmt 1 view .LVU1392
 534:Task/Task_BlackBox.c **** 
 5090              		.loc 1 534 27 is_stmt 0 view .LVU1393
 5091 005a 0123     		movs	r3, #1
 5092 005c 0D4A     		ldr	r2, .L289+4
 5093 005e 1370     		strb	r3, [r2]
 536:Task/Task_BlackBox.c ****                 DevLED.ctl(BlackBox_Noti, true);
 5094              		.loc 1 536 13 is_stmt 1 view .LVU1394
 537:Task/Task_BlackBox.c ****         }
 5095              		.loc 1 537 17 view .LVU1395
 537:Task/Task_BlackBox.c ****         }
 5096              		.loc 1 537 23 is_stmt 0 view .LVU1396
ARM GAS  C:\Users\HUAV\AppData\Local\Temp\ccYocD5a.s 			page 137


 5097 0060 114A     		ldr	r2, .L289+24
 5098 0062 5468     		ldr	r4, [r2, #4]
 5099              	.LVL403:
 537:Task/Task_BlackBox.c ****         }
 5100              		.loc 1 537 17 view .LVU1397
 5101 0064 04AA     		add	r2, sp, #16
 5102 0066 12E90700 		ldmdb	r2, {r0, r1, r2}
 5103 006a A047     		blx	r4
 5104              	.LVL404:
 5105 006c 0AE0     		b	.L281
 5106              	.LVL405:
 5107              	.L280:
 542:Task/Task_BlackBox.c ****             DevLED.ctl(BlackBox_Noti, false);
 5108              		.loc 1 542 9 is_stmt 1 view .LVU1398
 543:Task/Task_BlackBox.c **** 
 5109              		.loc 1 543 13 view .LVU1399
 543:Task/Task_BlackBox.c **** 
 5110              		.loc 1 543 19 is_stmt 0 view .LVU1400
 5111 006e 0E4B     		ldr	r3, .L289+24
 5112 0070 5C68     		ldr	r4, [r3, #4]
 543:Task/Task_BlackBox.c **** 
 5113              		.loc 1 543 13 view .LVU1401
 5114 0072 0023     		movs	r3, #0
 5115 0074 04AA     		add	r2, sp, #16
 5116 0076 12E90700 		ldmdb	r2, {r0, r1, r2}
 5117 007a A047     		blx	r4
 5118              	.LVL406:
 545:Task/Task_BlackBox.c ****     }
 5119              		.loc 1 545 9 is_stmt 1 view .LVU1402
 545:Task/Task_BlackBox.c ****     }
 5120              		.loc 1 545 23 is_stmt 0 view .LVU1403
 5121 007c 054B     		ldr	r3, .L289+4
 5122 007e 0222     		movs	r2, #2
 5123 0080 1A70     		strb	r2, [r3]
 548:Task/Task_BlackBox.c **** }
 5124              		.loc 1 548 12 view .LVU1404
 5125 0082 0125     		movs	r5, #1
 5126              	.LVL407:
 5127              	.L281:
 549:Task/Task_BlackBox.c **** 
 5128              		.loc 1 549 1 view .LVU1405
 5129 0084 2846     		mov	r0, r5
 5130 0086 05B0     		add	sp, sp, #20
 5131              	.LCFI43:
 5132              		.cfi_remember_state
 5133              		.cfi_def_cfa_offset 12
 5134              		@ sp needed
 5135 0088 30BD     		pop	{r4, r5, pc}
 5136              	.LVL408:
 5137              	.L284:
 5138              	.LCFI44:
 5139              		.cfi_restore_state
 548:Task/Task_BlackBox.c **** }
 5140              		.loc 1 548 12 view .LVU1406
 5141 008a 0125     		movs	r5, #1
 5142 008c FAE7     		b	.L281
 5143              	.L290:
ARM GAS  C:\Users\HUAV\AppData\Local\Temp\ccYocD5a.s 			page 138


 5144 008e 00BF     		.align	2
 5145              	.L289:
 5146 0090 00000000 		.word	Led2
 5147 0094 00000000 		.word	.LANCHOR0
 5148 0098 00000000 		.word	Queue
 5149 009c 00000000 		.word	.LANCHOR1
 5150 00a0 00000000 		.word	.LANCHOR14
 5151 00a4 00000000 		.word	SrvOsCommon
 5152 00a8 00000000 		.word	DevLED
 5153              		.cfi_endproc
 5154              	.LFE154:
 5156              		.section	.text.TaskBlackBox_Set_LogInfo,"ax",%progbits
 5157              		.align	1
 5158              		.global	TaskBlackBox_Set_LogInfo
 5159              		.syntax unified
 5160              		.thumb
 5161              		.thumb_func
 5163              	TaskBlackBox_Set_LogInfo:
 5164              	.LVL409:
 5165              	.LFB155:
 552:Task/Task_BlackBox.c ****     BlackBox_LogInfo_TypeDef info;
 5166              		.loc 1 552 1 is_stmt 1 view -0
 5167              		.cfi_startproc
 5168              		@ args = 0, pretend = 0, frame = 152
 5169              		@ frame_needed = 0, uses_anonymous_args = 0
 552:Task/Task_BlackBox.c ****     BlackBox_LogInfo_TypeDef info;
 5170              		.loc 1 552 1 is_stmt 0 view .LVU1408
 5171 0000 70B5     		push	{r4, r5, r6, lr}
 5172              	.LCFI45:
 5173              		.cfi_def_cfa_offset 16
 5174              		.cfi_offset 4, -16
 5175              		.cfi_offset 5, -12
 5176              		.cfi_offset 6, -8
 5177              		.cfi_offset 14, -4
 5178 0002 A6B0     		sub	sp, sp, #152
 5179              	.LCFI46:
 5180              		.cfi_def_cfa_offset 168
 5181 0004 0446     		mov	r4, r0
 5182 0006 0D46     		mov	r5, r1
 5183 0008 1646     		mov	r6, r2
 553:Task/Task_BlackBox.c ****     Storage_ItemSearchOut_TypeDef search_out;
 5184              		.loc 1 553 5 is_stmt 1 view .LVU1409
 554:Task/Task_BlackBox.c **** 
 5185              		.loc 1 554 5 view .LVU1410
 556:Task/Task_BlackBox.c ****     memset(&info, 0, sizeof(BlackBox_LogInfo_TypeDef));
 5186              		.loc 1 556 5 view .LVU1411
 5187 000a 4522     		movs	r2, #69
 5188              	.LVL410:
 556:Task/Task_BlackBox.c ****     memset(&info, 0, sizeof(BlackBox_LogInfo_TypeDef));
 5189              		.loc 1 556 5 is_stmt 0 view .LVU1412
 5190 000c 0021     		movs	r1, #0
 5191              	.LVL411:
 556:Task/Task_BlackBox.c ****     memset(&info, 0, sizeof(BlackBox_LogInfo_TypeDef));
 5192              		.loc 1 556 5 view .LVU1413
 5193 000e 12A8     		add	r0, sp, #72
 5194              	.LVL412:
 556:Task/Task_BlackBox.c ****     memset(&info, 0, sizeof(BlackBox_LogInfo_TypeDef));
ARM GAS  C:\Users\HUAV\AppData\Local\Temp\ccYocD5a.s 			page 139


 5195              		.loc 1 556 5 view .LVU1414
 5196 0010 FFF7FEFF 		bl	memset
 5197              	.LVL413:
 557:Task/Task_BlackBox.c **** 
 5198              		.loc 1 557 5 is_stmt 1 view .LVU1415
 5199 0014 0023     		movs	r3, #0
 5200 0016 2493     		str	r3, [sp, #144]
 5201 0018 ADF89430 		strh	r3, [sp, #148]	@ movhi
 559:Task/Task_BlackBox.c ****     {
 5202              		.loc 1 559 5 view .LVU1416
 5203 001c 631E     		subs	r3, r4, #1
 5204 001e 022B     		cmp	r3, #2
 5205 0020 27D8     		bhi	.L294
 564:Task/Task_BlackBox.c ****         default: return false;
 5206              		.loc 1 564 13 view .LVU1417
 568:Task/Task_BlackBox.c ****     {
 5207              		.loc 1 568 5 view .LVU1418
 5208 0022 042D     		cmp	r5, #4
 5209 0024 28D8     		bhi	.L295
 575:Task/Task_BlackBox.c ****         default: return false;
 5210              		.loc 1 575 13 view .LVU1419
 579:Task/Task_BlackBox.c ****     info.log_type = type;
 5211              		.loc 1 579 5 view .LVU1420
 579:Task/Task_BlackBox.c ****     info.log_type = type;
 5212              		.loc 1 579 17 is_stmt 0 view .LVU1421
 5213 0026 8DF89040 		strb	r4, [sp, #144]
 580:Task/Task_BlackBox.c ****     info.log_size = size;
 5214              		.loc 1 580 5 is_stmt 1 view .LVU1422
 580:Task/Task_BlackBox.c ****     info.log_size = size;
 5215              		.loc 1 580 19 is_stmt 0 view .LVU1423
 5216 002a 8DF89150 		strb	r5, [sp, #145]
 581:Task/Task_BlackBox.c **** 
 5217              		.loc 1 581 5 is_stmt 1 view .LVU1424
 581:Task/Task_BlackBox.c **** 
 5218              		.loc 1 581 19 is_stmt 0 view .LVU1425
 5219 002e CDF89260 		str	r6, [sp, #146]	@ unaligned
 583:Task/Task_BlackBox.c ****     if (search_out.item_addr == 0)
 5220              		.loc 1 583 5 is_stmt 1 view .LVU1426
 583:Task/Task_BlackBox.c ****     if (search_out.item_addr == 0)
 5221              		.loc 1 583 25 is_stmt 0 view .LVU1427
 5222 0032 144B     		ldr	r3, .L299
 5223 0034 5B68     		ldr	r3, [r3, #4]
 583:Task/Task_BlackBox.c ****     if (search_out.item_addr == 0)
 5224              		.loc 1 583 18 view .LVU1428
 5225 0036 144A     		ldr	r2, .L299+4
 5226 0038 0221     		movs	r1, #2
 5227 003a 6846     		mov	r0, sp
 5228 003c 9847     		blx	r3
 5229              	.LVL414:
 5230 003e 4522     		movs	r2, #69
 5231 0040 6946     		mov	r1, sp
 5232 0042 12A8     		add	r0, sp, #72
 5233 0044 FFF7FEFF 		bl	memcpy
 5234              	.LVL415:
 584:Task/Task_BlackBox.c ****     {
 5235              		.loc 1 584 5 is_stmt 1 view .LVU1429
 584:Task/Task_BlackBox.c ****     {
ARM GAS  C:\Users\HUAV\AppData\Local\Temp\ccYocD5a.s 			page 140


 5236              		.loc 1 584 19 is_stmt 0 view .LVU1430
 5237 0048 129B     		ldr	r3, [sp, #72]
 584:Task/Task_BlackBox.c ****     {
 5238              		.loc 1 584 8 view .LVU1431
 5239 004a 3BB9     		cbnz	r3, .L293
 587:Task/Task_BlackBox.c ****             return false;
 5240              		.loc 1 587 9 is_stmt 1 view .LVU1432
 587:Task/Task_BlackBox.c ****             return false;
 5241              		.loc 1 587 20 is_stmt 0 view .LVU1433
 5242 004c 0D4B     		ldr	r3, .L299
 5243 004e 9C68     		ldr	r4, [r3, #8]
 587:Task/Task_BlackBox.c ****             return false;
 5244              		.loc 1 587 13 view .LVU1434
 5245 0050 0623     		movs	r3, #6
 5246 0052 24AA     		add	r2, sp, #144
 5247 0054 0C49     		ldr	r1, .L299+4
 5248 0056 0220     		movs	r0, #2
 5249 0058 A047     		blx	r4
 5250              	.LVL416:
 587:Task/Task_BlackBox.c ****             return false;
 5251              		.loc 1 587 12 view .LVU1435
 5252 005a 78B9     		cbnz	r0, .L296
 5253              	.L293:
 591:Task/Task_BlackBox.c ****         return false;
 5254              		.loc 1 591 5 is_stmt 1 view .LVU1436
 591:Task/Task_BlackBox.c ****         return false;
 5255              		.loc 1 591 16 is_stmt 0 view .LVU1437
 5256 005c 094B     		ldr	r3, .L299
 5257 005e DC68     		ldr	r4, [r3, #12]
 591:Task/Task_BlackBox.c ****         return false;
 5258              		.loc 1 591 9 view .LVU1438
 5259 0060 0623     		movs	r3, #6
 5260 0062 24AA     		add	r2, sp, #144
 5261 0064 1E99     		ldr	r1, [sp, #120]
 5262 0066 0220     		movs	r0, #2
 5263 0068 A047     		blx	r4
 5264              	.LVL417:
 591:Task/Task_BlackBox.c ****         return false;
 5265              		.loc 1 591 8 view .LVU1439
 5266 006a 0A28     		cmp	r0, #10
 5267 006c 08D1     		bne	.L297
 594:Task/Task_BlackBox.c **** }
 5268              		.loc 1 594 12 view .LVU1440
 5269 006e 0120     		movs	r0, #1
 5270 0070 00E0     		b	.L292
 5271              	.L294:
 565:Task/Task_BlackBox.c ****     }
 5272              		.loc 1 565 25 view .LVU1441
 5273 0072 0020     		movs	r0, #0
 5274              	.L292:
 595:Task/Task_BlackBox.c **** 
 5275              		.loc 1 595 1 view .LVU1442
 5276 0074 26B0     		add	sp, sp, #152
 5277              	.LCFI47:
 5278              		.cfi_remember_state
 5279              		.cfi_def_cfa_offset 16
 5280              		@ sp needed
ARM GAS  C:\Users\HUAV\AppData\Local\Temp\ccYocD5a.s 			page 141


 5281 0076 70BD     		pop	{r4, r5, r6, pc}
 5282              	.LVL418:
 5283              	.L295:
 5284              	.LCFI48:
 5285              		.cfi_restore_state
 576:Task/Task_BlackBox.c ****     }
 5286              		.loc 1 576 25 view .LVU1443
 5287 0078 0020     		movs	r0, #0
 5288 007a FBE7     		b	.L292
 5289              	.L296:
 588:Task/Task_BlackBox.c ****     }
 5290              		.loc 1 588 20 view .LVU1444
 5291 007c 0020     		movs	r0, #0
 5292 007e F9E7     		b	.L292
 5293              	.L297:
 592:Task/Task_BlackBox.c **** 
 5294              		.loc 1 592 16 view .LVU1445
 5295 0080 0020     		movs	r0, #0
 5296 0082 F7E7     		b	.L292
 5297              	.L300:
 5298              		.align	2
 5299              	.L299:
 5300 0084 00000000 		.word	Storage
 5301 0088 A8010000 		.word	.LC22
 5302              		.cfi_endproc
 5303              	.LFE155:
 5305              		.global	shellCommandblackbox_info
 5306              		.global	shellDescblackbox_info
 5307              		.global	shellCmdblackbox_info
 5308              		.global	shellCommandblackbox_type
 5309              		.global	shellDescblackbox_type
 5310              		.global	shellCmdblackbox_type
 5311              		.global	shellCommandblackbox_disable
 5312              		.global	shellDescblackbox_disable
 5313              		.global	shellCmdblackbox_disable
 5314              		.global	shellCommandblackbox_enable
 5315              		.global	shellDescblackbox_enable
 5316              		.global	shellCmdblackbox_enable
 5317              		.global	shellCommandblackbox_set
 5318              		.global	shellDescblackbox_set
 5319              		.global	shellCmdblackbox_set
 5320              		.section	.Perph_Section,"aw"
 5321              		.align	2
 5322              		.set	.LANCHOR4,. + 0
 5325              	LogImu_Data_PipeDataObj:
 5326 0000 00000000 		.space	84
 5326      00000000 
 5326      00000000 
 5326      00000000 
 5326      00000000 
 5329              	LogBaro_Data_PipeDataObj:
 5330 0054 00000000 		.space	28
 5330      00000000 
 5330      00000000 
 5330      00000000 
 5330      00000000 
 5333              	LogAtt_Data_PipeDataObj:
ARM GAS  C:\Users\HUAV\AppData\Local\Temp\ccYocD5a.s 			page 142


 5334 0070 00000000 		.space	34
 5334      00000000 
 5334      00000000 
 5334      00000000 
 5334      00000000 
 5335 0092 0000     		.space	2
 5338              	LogAlt_Data_PipeDataObj:
 5339 0094 00000000 		.space	16
 5339      00000000 
 5339      00000000 
 5339      00000000 
 5342              	LogCtl_Data_PipeDataObj:
 5343 00a4 00000000 		.space	28
 5343      00000000 
 5343      00000000 
 5343      00000000 
 5343      00000000 
 5346              	BlackBox_Buff:
 5347 00c0 00000000 		.space	8192
 5347      00000000 
 5347      00000000 
 5347      00000000 
 5347      00000000 
 5348              		.section	.bss.BlackBox_Queue,"aw",%nobits
 5349              		.align	2
 5350              		.set	.LANCHOR1,. + 0
 5353              	BlackBox_Queue:
 5354 0000 00000000 		.space	17
 5354      00000000 
 5354      00000000 
 5354      00000000 
 5354      00
 5355              		.section	.bss.BlackBox_Sem,"aw",%nobits
 5356              		.align	2
 5357              		.set	.LANCHOR2,. + 0
 5360              	BlackBox_Sem:
 5361 0000 00000000 		.space	4
 5362              		.section	.bss.Monitor,"aw",%nobits
 5363              		.align	2
 5364              		.set	.LANCHOR0,. + 0
 5367              	Monitor:
 5368 0000 00000000 		.space	128
 5368      00000000 
 5368      00000000 
 5368      00000000 
 5368      00000000 
 5369              		.section	.bss.alt_update.3,"aw",%nobits
 5370              		.set	.LANCHOR10,. + 0
 5373              	alt_update.3:
 5374 0000 00       		.space	1
 5375              		.section	.bss.ang_ctl_data.2,"aw",%nobits
 5376              		.align	2
 5377              		.set	.LANCHOR11,. + 0
 5380              	ang_ctl_data.2:
 5381 0000 00000000 		.space	29
 5381      00000000 
 5381      00000000 
ARM GAS  C:\Users\HUAV\AppData\Local\Temp\ccYocD5a.s 			page 143


 5381      00000000 
 5381      00000000 
 5382              		.section	.bss.att_alt_data.5,"aw",%nobits
 5383              		.align	2
 5384              		.set	.LANCHOR8,. + 0
 5387              	att_alt_data.5:
 5388 0000 00000000 		.space	48
 5388      00000000 
 5388      00000000 
 5388      00000000 
 5388      00000000 
 5389              		.section	.bss.att_ctl_data.0,"aw",%nobits
 5390              		.align	2
 5391              		.set	.LANCHOR13,. + 0
 5394              	att_ctl_data.0:
 5395 0000 00000000 		.space	29
 5395      00000000 
 5395      00000000 
 5395      00000000 
 5395      00000000 
 5396              		.section	.bss.att_update.4,"aw",%nobits
 5397              		.set	.LANCHOR9,. + 0
 5400              	att_update.4:
 5401 0000 00       		.space	1
 5402              		.section	.bss.baro_data.6,"aw",%nobits
 5403              		.align	2
 5404              		.set	.LANCHOR7,. + 0
 5407              	baro_data.6:
 5408 0000 00000000 		.space	16
 5408      00000000 
 5408      00000000 
 5408      00000000 
 5409              		.section	.bss.ctl_update.1,"aw",%nobits
 5410              		.set	.LANCHOR12,. + 0
 5413              	ctl_update.1:
 5414 0000 00       		.space	1
 5415              		.section	.bss.imu_data.8,"aw",%nobits
 5416              		.align	2
 5417              		.set	.LANCHOR5,. + 0
 5420              	imu_data.8:
 5421 0000 00000000 		.space	38
 5421      00000000 
 5421      00000000 
 5421      00000000 
 5421      00000000 
 5422              		.section	.bss.imu_update.7,"aw",%nobits
 5423              		.set	.LANCHOR6,. + 0
 5426              	imu_update.7:
 5427 0000 00       		.space	1
 5428              		.section	.bss.lst_state.9,"aw",%nobits
 5429              		.set	.LANCHOR3,. + 0
 5432              	lst_state.9:
 5433 0000 00       		.space	1
 5434              		.section	.bss.p_blackbox,"aw",%nobits
 5435              		.align	2
 5436              		.set	.LANCHOR14,. + 0
 5439              	p_blackbox:
ARM GAS  C:\Users\HUAV\AppData\Local\Temp\ccYocD5a.s 			page 144


 5440 0000 00000000 		.space	4
 5441              		.section	.rodata.shellCmdblackbox_disable,"a"
 5442              		.align	2
 5445              	shellCmdblackbox_disable:
 5446 0000 626C6163 		.ascii	"blackbox_disable\000"
 5446      6B626F78 
 5446      5F646973 
 5446      61626C65 
 5446      00
 5447              		.section	.rodata.shellCmdblackbox_enable,"a"
 5448              		.align	2
 5451              	shellCmdblackbox_enable:
 5452 0000 626C6163 		.ascii	"blackbox_enable\000"
 5452      6B626F78 
 5452      5F656E61 
 5452      626C6500 
 5453              		.section	.rodata.shellCmdblackbox_info,"a"
 5454              		.align	2
 5457              	shellCmdblackbox_info:
 5458 0000 626C6163 		.ascii	"blackbox_info\000"
 5458      6B626F78 
 5458      5F696E66 
 5458      6F00
 5459              		.section	.rodata.shellCmdblackbox_set,"a"
 5460              		.align	2
 5463              	shellCmdblackbox_set:
 5464 0000 626C6163 		.ascii	"blackbox_set\000"
 5464      6B626F78 
 5464      5F736574 
 5464      00
 5465              		.section	.rodata.shellCmdblackbox_type,"a"
 5466              		.align	2
 5469              	shellCmdblackbox_type:
 5470 0000 626C6163 		.ascii	"blackbox_type\000"
 5470      6B626F78 
 5470      5F747970 
 5470      6500
 5471              		.section	.rodata.shellDescblackbox_disable,"a"
 5472              		.align	2
 5475              	shellDescblackbox_disable:
 5476 0000 626C6163 		.ascii	"blackbox end log\000"
 5476      6B626F78 
 5476      20656E64 
 5476      206C6F67 
 5476      00
 5477              		.section	.rodata.shellDescblackbox_enable,"a"
 5478              		.align	2
 5481              	shellDescblackbox_enable:
 5482 0000 626C6163 		.ascii	"blackbox start log\000"
 5482      6B626F78 
 5482      20737461 
 5482      7274206C 
 5482      6F6700
 5483              		.section	.rodata.shellDescblackbox_info,"a"
 5484              		.align	2
 5487              	shellDescblackbox_info:
 5488 0000 626C6163 		.ascii	"blackbox log info\000"
ARM GAS  C:\Users\HUAV\AppData\Local\Temp\ccYocD5a.s 			page 145


 5488      6B626F78 
 5488      206C6F67 
 5488      20696E66 
 5488      6F00
 5489              		.section	.rodata.shellDescblackbox_set,"a"
 5490              		.align	2
 5493              	shellDescblackbox_set:
 5494 0000 73657420 		.ascii	"set blackbox log\000"
 5494      626C6163 
 5494      6B626F78 
 5494      206C6F67 
 5494      00
 5495              		.section	.rodata.shellDescblackbox_type,"a"
 5496              		.align	2
 5499              	shellDescblackbox_type:
 5500 0000 626C6163 		.ascii	"blackbox log type\000"
 5500      6B626F78 
 5500      206C6F67 
 5500      20747970 
 5500      6500
 5501              		.section	shellCommand,"a"
 5502              		.align	2
 5505              	shellCommandblackbox_info:
 5506 0000 00210000 		.word	8448
 5507 0004 00000000 		.word	shellCmdblackbox_info
 5508 0008 00000000 		.word	TaskBlackBox_GetLogInfo
 5509 000c 00000000 		.word	shellDescblackbox_info
 5512              	shellCommandblackbox_type:
 5513 0010 00210000 		.word	8448
 5514 0014 00000000 		.word	shellCmdblackbox_type
 5515 0018 00000000 		.word	TaskBlackBox_GetLogType
 5516 001c 00000000 		.word	shellDescblackbox_type
 5519              	shellCommandblackbox_disable:
 5520 0020 00210000 		.word	8448
 5521 0024 00000000 		.word	shellCmdblackbox_disable
 5522 0028 00000000 		.word	TaskBlackBox_DisableLog
 5523 002c 00000000 		.word	shellDescblackbox_disable
 5526              	shellCommandblackbox_enable:
 5527 0030 00210000 		.word	8448
 5528 0034 00000000 		.word	shellCmdblackbox_enable
 5529 0038 00000000 		.word	TaskBlackBox_EnableLog
 5530 003c 00000000 		.word	shellDescblackbox_enable
 5533              	shellCommandblackbox_set:
 5534 0040 00210000 		.word	8448
 5535 0044 00000000 		.word	shellCmdblackbox_set
 5536 0048 00000000 		.word	TaskBlackBox_Set_Log
 5537 004c 00000000 		.word	shellDescblackbox_set
 5538              		.text
 5539              	.Letext0:
 5540              		.file 3 "d:\\hpm-compile-tool\\gcc-arm-none-eabi-10.3-win\\lib\\gcc\\arm-none-eabi\\10.3.1\\includ
 5541              		.file 4 "d:\\hpm-compile-tool\\gcc-arm-none-eabi-10.3-win\\arm-none-eabi\\include\\machine\\_defau
 5542              		.file 5 "d:\\hpm-compile-tool\\gcc-arm-none-eabi-10.3-win\\arm-none-eabi\\include\\sys\\_stdint.h"
 5543              		.file 6 "System/FreeRTOS/portable/GCC/ARM_CM4F/portmacro.h"
 5544              		.file 7 "System/FreeRTOS/include/portable.h"
 5545              		.file 8 "System/FreeRTOS/include/FreeRTOS.h"
 5546              		.file 9 "common/gen_physic_def/imu_data.h"
 5547              		.file 10 "Task/Task_BlackBox.h"
ARM GAS  C:\Users\HUAV\AppData\Local\Temp\ccYocD5a.s 			page 146


 5548              		.file 11 "HW_Lib/AT32F435/drivers/inc/at32f435_437_tmr.h"
 5549              		.file 12 "HW_Lib/PortApi_Def/Bsp_GPIO_Port_Def.h"
 5550              		.file 13 "Device/Dev_Led.h"
 5551              		.file 14 "System/shell/shell.h"
 5552              		.file 15 "Task/../DataStructure/CusQueue.h"
 5553              		.file 16 "System/FreeRTOS/include/queue.h"
 5554              		.file 17 "System/FreeRTOS/include/semphr.h"
 5555              		.file 18 "System/FreeRTOS/CMSIS_RTOS/cmsis_os.h"
 5556              		.file 19 "Service/Srv_OsCommon.h"
 5557              		.file 20 "common/gen_physic_def/pos_data.h"
 5558              		.file 21 "Device/Dev_Dshot.h"
 5559              		.file 22 "HW_Lib/AT32F435/PinPort_Def/CCRC_AT32_20/HW_Def.h"
 5560              		.file 23 "Service/Srv_IMUSample.h"
 5561              		.file 24 "Service/control_data.h"
 5562              		.file 25 "Service/Srv_Baro.h"
 5563              		.file 26 "Task/../System/storage/Storage_Dev_Port.h"
 5564              		.file 27 "Task/../System/storage/Storage.h"
 5565              		.file 28 "Service/Srv_BlackBox_Def.h"
 5566              		.file 29 "d:\\hpm-compile-tool\\gcc-arm-none-eabi-10.3-win\\arm-none-eabi\\include\\string.h"
 5567              		.file 30 "<built-in>"
 5568              		.file 31 "System/shell/shell_port.h"
 5569              		.file 32 "System/FreeRTOS/include/task.h"
ARM GAS  C:\Users\HUAV\AppData\Local\Temp\ccYocD5a.s 			page 147


DEFINED SYMBOLS
                            *ABS*:00000000 Task_BlackBox.c
C:\Users\HUAV\AppData\Local\Temp\ccYocD5a.s:20     .text.TaskBlackBox_Get_CheckSum:00000000 $t
C:\Users\HUAV\AppData\Local\Temp\ccYocD5a.s:25     .text.TaskBlackBox_Get_CheckSum:00000000 TaskBlackBox_Get_CheckSum
C:\Users\HUAV\AppData\Local\Temp\ccYocD5a.s:93     .text.TaskBlackBox_PushFinish_Callback:00000000 $t
C:\Users\HUAV\AppData\Local\Temp\ccYocD5a.s:98     .text.TaskBlackBox_PushFinish_Callback:00000000 TaskBlackBox_PushFinish_Callback
C:\Users\HUAV\AppData\Local\Temp\ccYocD5a.s:111    .rodata.TaskBlackBox_Get_LogType_Str.str1.4:00000000 $d
C:\Users\HUAV\AppData\Local\Temp\ccYocD5a.s:130    .text.TaskBlackBox_Get_LogType_Str:00000000 $t
C:\Users\HUAV\AppData\Local\Temp\ccYocD5a.s:135    .text.TaskBlackBox_Get_LogType_Str:00000000 TaskBlackBox_Get_LogType_Str
C:\Users\HUAV\AppData\Local\Temp\ccYocD5a.s:151    .text.TaskBlackBox_Get_LogType_Str:0000000e $d
C:\Users\HUAV\AppData\Local\Temp\ccYocD5a.s:188    .text.TaskBlackBox_Get_LogType_Str:0000002c $d
C:\Users\HUAV\AppData\Local\Temp\ccYocD5a.s:199    .text.TaskBlackBox_UpdateQueue:00000000 $t
C:\Users\HUAV\AppData\Local\Temp\ccYocD5a.s:204    .text.TaskBlackBox_UpdateQueue:00000000 TaskBlackBox_UpdateQueue
C:\Users\HUAV\AppData\Local\Temp\ccYocD5a.s:338    .text.TaskBlackBox_UpdateQueue:0000007c $d
C:\Users\HUAV\AppData\Local\Temp\ccYocD5a.s:346    .text.TaskBlackBox_PipeTransFinish_Callback:00000000 $t
C:\Users\HUAV\AppData\Local\Temp\ccYocD5a.s:351    .text.TaskBlackBox_PipeTransFinish_Callback:00000000 TaskBlackBox_PipeTransFinish_Callback
C:\Users\HUAV\AppData\Local\Temp\ccYocD5a.s:874    .text.TaskBlackBox_PipeTransFinish_Callback:000002d0 $d
C:\Users\HUAV\AppData\Local\Temp\ccYocD5a.s:894    .text.TaskBlackBox_PipeTransFinish_Callback:00000314 $t
C:\Users\HUAV\AppData\Local\Temp\ccYocD5a.s:1138   .text.TaskBlackBox_PipeTransFinish_Callback:00000460 $d
C:\Users\HUAV\AppData\Local\Temp\ccYocD5a.s:1151   .rodata.TaskBlackBox_Set_Log.str1.4:00000000 $d
C:\Users\HUAV\AppData\Local\Temp\ccYocD5a.s:1213   .text.TaskBlackBox_Set_Log:00000000 $t
C:\Users\HUAV\AppData\Local\Temp\ccYocD5a.s:1218   .text.TaskBlackBox_Set_Log:00000000 TaskBlackBox_Set_Log
C:\Users\HUAV\AppData\Local\Temp\ccYocD5a.s:1451   .text.TaskBlackBox_Set_Log:00000118 $d
C:\Users\HUAV\AppData\Local\Temp\ccYocD5a.s:1476   .rodata.TaskBlackBox_EnableLog.str1.4:00000000 $d
C:\Users\HUAV\AppData\Local\Temp\ccYocD5a.s:1483   .text.TaskBlackBox_EnableLog:00000000 $t
C:\Users\HUAV\AppData\Local\Temp\ccYocD5a.s:1488   .text.TaskBlackBox_EnableLog:00000000 TaskBlackBox_EnableLog
C:\Users\HUAV\AppData\Local\Temp\ccYocD5a.s:1562   .text.TaskBlackBox_EnableLog:00000040 $d
C:\Users\HUAV\AppData\Local\Temp\ccYocD5a.s:1572   .rodata.TaskBlackBox_DisableLog.str1.4:00000000 $d
C:\Users\HUAV\AppData\Local\Temp\ccYocD5a.s:1576   .text.TaskBlackBox_DisableLog:00000000 $t
C:\Users\HUAV\AppData\Local\Temp\ccYocD5a.s:1581   .text.TaskBlackBox_DisableLog:00000000 TaskBlackBox_DisableLog
C:\Users\HUAV\AppData\Local\Temp\ccYocD5a.s:1619   .text.TaskBlackBox_DisableLog:0000001c $d
C:\Users\HUAV\AppData\Local\Temp\ccYocD5a.s:1626   .rodata.TaskBlackBox_GetLogType.str1.4:00000000 $d
C:\Users\HUAV\AppData\Local\Temp\ccYocD5a.s:1630   .text.TaskBlackBox_GetLogType:00000000 $t
C:\Users\HUAV\AppData\Local\Temp\ccYocD5a.s:1635   .text.TaskBlackBox_GetLogType:00000000 TaskBlackBox_GetLogType
C:\Users\HUAV\AppData\Local\Temp\ccYocD5a.s:1669   .text.TaskBlackBox_GetLogType:0000001c $d
C:\Users\HUAV\AppData\Local\Temp\ccYocD5a.s:1674   .rodata.TaskBlackBox_ConvertLogData_To_Header.str1.4:00000000 $d
C:\Users\HUAV\AppData\Local\Temp\ccYocD5a.s:1681   .text.TaskBlackBox_ConvertLogData_To_Header:00000000 $t
C:\Users\HUAV\AppData\Local\Temp\ccYocD5a.s:1686   .text.TaskBlackBox_ConvertLogData_To_Header:00000000 TaskBlackBox_ConvertLogData_To_Header
C:\Users\HUAV\AppData\Local\Temp\ccYocD5a.s:1878   .text.TaskBlackBox_ConvertLogData_To_Header:000000a0 $d
C:\Users\HUAV\AppData\Local\Temp\ccYocD5a.s:1884   .rodata.TaskBlackBox_ConvertLogData_To_IMU.str1.4:00000000 $d
C:\Users\HUAV\AppData\Local\Temp\ccYocD5a.s:1895   .text.TaskBlackBox_ConvertLogData_To_IMU:00000000 $t
C:\Users\HUAV\AppData\Local\Temp\ccYocD5a.s:1900   .text.TaskBlackBox_ConvertLogData_To_IMU:00000000 TaskBlackBox_ConvertLogData_To_IMU
C:\Users\HUAV\AppData\Local\Temp\ccYocD5a.s:2303   .text.TaskBlackBox_ConvertLogData_To_IMU:000002cc $d
C:\Users\HUAV\AppData\Local\Temp\ccYocD5a.s:2310   .text.TaskBlackBox_ConvertLogData_To_Alt_Att:00000000 $t
C:\Users\HUAV\AppData\Local\Temp\ccYocD5a.s:2315   .text.TaskBlackBox_ConvertLogData_To_Alt_Att:00000000 TaskBlackBox_ConvertLogData_To_Alt_Att
C:\Users\HUAV\AppData\Local\Temp\ccYocD5a.s:2641   .text.TaskBlackBox_ConvertLogData_To_Alt_Att:000001ec $d
C:\Users\HUAV\AppData\Local\Temp\ccYocD5a.s:2648   .text.TaskBlackBox_ConvertLogData_To_CtlAng:00000000 $t
C:\Users\HUAV\AppData\Local\Temp\ccYocD5a.s:2653   .text.TaskBlackBox_ConvertLogData_To_CtlAng:00000000 TaskBlackBox_ConvertLogData_To_CtlAng
C:\Users\HUAV\AppData\Local\Temp\ccYocD5a.s:2878   .text.TaskBlackBox_ConvertLogData_To_CtlAng:00000108 $d
C:\Users\HUAV\AppData\Local\Temp\ccYocD5a.s:2885   .text.TaskBlackBox_ConvertLogData_To_CtlAtt:00000000 $t
C:\Users\HUAV\AppData\Local\Temp\ccYocD5a.s:2890   .text.TaskBlackBox_ConvertLogData_To_CtlAtt:00000000 TaskBlackBox_ConvertLogData_To_CtlAtt
C:\Users\HUAV\AppData\Local\Temp\ccYocD5a.s:3108   .text.TaskBlackBox_ConvertLogData_To_CtlAtt:000000f8 $d
C:\Users\HUAV\AppData\Local\Temp\ccYocD5a.s:3115   .rodata.TaskBlackBox_ConvertLogData_To_Ender.str1.4:00000000 $d
C:\Users\HUAV\AppData\Local\Temp\ccYocD5a.s:3119   .text.TaskBlackBox_ConvertLogData_To_Ender:00000000 $t
C:\Users\HUAV\AppData\Local\Temp\ccYocD5a.s:3124   .text.TaskBlackBox_ConvertLogData_To_Ender:00000000 TaskBlackBox_ConvertLogData_To_Ender
C:\Users\HUAV\AppData\Local\Temp\ccYocD5a.s:3247   .text.TaskBlackBox_ConvertLogData_To_Ender:00000068 $d
C:\Users\HUAV\AppData\Local\Temp\ccYocD5a.s:3252   .rodata.TaskBlackBox_GetLogInfo.str1.4:00000000 $d
ARM GAS  C:\Users\HUAV\AppData\Local\Temp\ccYocD5a.s 			page 148


C:\Users\HUAV\AppData\Local\Temp\ccYocD5a.s:3292   .text.TaskBlackBox_GetLogInfo:00000000 $t
C:\Users\HUAV\AppData\Local\Temp\ccYocD5a.s:3297   .text.TaskBlackBox_GetLogInfo:00000000 TaskBlackBox_GetLogInfo
C:\Users\HUAV\AppData\Local\Temp\ccYocD5a.s:3836   .text.TaskBlackBox_GetLogInfo:00000294 $d
C:\Users\HUAV\AppData\Local\Temp\ccYocD5a.s:3850   .text.TaskBlackBox_GetLogInfo:000002c0 $t
C:\Users\HUAV\AppData\Local\Temp\ccYocD5a.s:3945   .text.TaskBlackBox_GetLogInfo:00000346 $d
C:\Users\HUAV\AppData\Local\Temp\ccYocD5a.s:3949   .text.TaskBlackBox_GetLogInfo:0000034a $t
C:\Users\HUAV\AppData\Local\Temp\ccYocD5a.s:4191   .text.TaskBlackBox_GetLogInfo:00000488 $d
C:\Users\HUAV\AppData\Local\Temp\ccYocD5a.s:4195   .text.TaskBlackBox_GetLogInfo:00000498 $t
C:\Users\HUAV\AppData\Local\Temp\ccYocD5a.s:4223   .text.TaskBlackBox_GetLogInfo:000004b4 $d
C:\Users\HUAV\AppData\Local\Temp\ccYocD5a.s:4232   .rodata.TaskBlackBox_Init.str1.4:00000000 $d
C:\Users\HUAV\AppData\Local\Temp\ccYocD5a.s:4236   .text.TaskBlackBox_Init:00000000 $t
C:\Users\HUAV\AppData\Local\Temp\ccYocD5a.s:4242   .text.TaskBlackBox_Init:00000000 TaskBlackBox_Init
C:\Users\HUAV\AppData\Local\Temp\ccYocD5a.s:4811   .text.TaskBlackBox_Init:000002bc $d
C:\Users\HUAV\AppData\Local\Temp\ccYocD5a.s:5346   .Perph_Section:000000c0 BlackBox_Buff
C:\Users\HUAV\AppData\Local\Temp\ccYocD5a.s:4836   .text.TaskBlackBox_Core:00000000 $t
C:\Users\HUAV\AppData\Local\Temp\ccYocD5a.s:4842   .text.TaskBlackBox_Core:00000000 TaskBlackBox_Core
C:\Users\HUAV\AppData\Local\Temp\ccYocD5a.s:4969   .text.TaskBlackBox_Core:00000088 $d
C:\Users\HUAV\AppData\Local\Temp\ccYocD5a.s:4979   .text.TaskBlackBox_LogControl:00000000 $t
C:\Users\HUAV\AppData\Local\Temp\ccYocD5a.s:4985   .text.TaskBlackBox_LogControl:00000000 TaskBlackBox_LogControl
C:\Users\HUAV\AppData\Local\Temp\ccYocD5a.s:5146   .text.TaskBlackBox_LogControl:00000090 $d
C:\Users\HUAV\AppData\Local\Temp\ccYocD5a.s:5157   .text.TaskBlackBox_Set_LogInfo:00000000 $t
C:\Users\HUAV\AppData\Local\Temp\ccYocD5a.s:5163   .text.TaskBlackBox_Set_LogInfo:00000000 TaskBlackBox_Set_LogInfo
C:\Users\HUAV\AppData\Local\Temp\ccYocD5a.s:5300   .text.TaskBlackBox_Set_LogInfo:00000084 $d
C:\Users\HUAV\AppData\Local\Temp\ccYocD5a.s:5505   shellCommand:00000000 shellCommandblackbox_info
C:\Users\HUAV\AppData\Local\Temp\ccYocD5a.s:5487   .rodata.shellDescblackbox_info:00000000 shellDescblackbox_info
C:\Users\HUAV\AppData\Local\Temp\ccYocD5a.s:5457   .rodata.shellCmdblackbox_info:00000000 shellCmdblackbox_info
C:\Users\HUAV\AppData\Local\Temp\ccYocD5a.s:5512   shellCommand:00000010 shellCommandblackbox_type
C:\Users\HUAV\AppData\Local\Temp\ccYocD5a.s:5499   .rodata.shellDescblackbox_type:00000000 shellDescblackbox_type
C:\Users\HUAV\AppData\Local\Temp\ccYocD5a.s:5469   .rodata.shellCmdblackbox_type:00000000 shellCmdblackbox_type
C:\Users\HUAV\AppData\Local\Temp\ccYocD5a.s:5519   shellCommand:00000020 shellCommandblackbox_disable
C:\Users\HUAV\AppData\Local\Temp\ccYocD5a.s:5475   .rodata.shellDescblackbox_disable:00000000 shellDescblackbox_disable
C:\Users\HUAV\AppData\Local\Temp\ccYocD5a.s:5445   .rodata.shellCmdblackbox_disable:00000000 shellCmdblackbox_disable
C:\Users\HUAV\AppData\Local\Temp\ccYocD5a.s:5526   shellCommand:00000030 shellCommandblackbox_enable
C:\Users\HUAV\AppData\Local\Temp\ccYocD5a.s:5481   .rodata.shellDescblackbox_enable:00000000 shellDescblackbox_enable
C:\Users\HUAV\AppData\Local\Temp\ccYocD5a.s:5451   .rodata.shellCmdblackbox_enable:00000000 shellCmdblackbox_enable
C:\Users\HUAV\AppData\Local\Temp\ccYocD5a.s:5533   shellCommand:00000040 shellCommandblackbox_set
C:\Users\HUAV\AppData\Local\Temp\ccYocD5a.s:5493   .rodata.shellDescblackbox_set:00000000 shellDescblackbox_set
C:\Users\HUAV\AppData\Local\Temp\ccYocD5a.s:5463   .rodata.shellCmdblackbox_set:00000000 shellCmdblackbox_set
C:\Users\HUAV\AppData\Local\Temp\ccYocD5a.s:5321   .Perph_Section:00000000 $d
C:\Users\HUAV\AppData\Local\Temp\ccYocD5a.s:5325   .Perph_Section:00000000 LogImu_Data_PipeDataObj
C:\Users\HUAV\AppData\Local\Temp\ccYocD5a.s:5329   .Perph_Section:00000054 LogBaro_Data_PipeDataObj
C:\Users\HUAV\AppData\Local\Temp\ccYocD5a.s:5333   .Perph_Section:00000070 LogAtt_Data_PipeDataObj
C:\Users\HUAV\AppData\Local\Temp\ccYocD5a.s:5338   .Perph_Section:00000094 LogAlt_Data_PipeDataObj
C:\Users\HUAV\AppData\Local\Temp\ccYocD5a.s:5342   .Perph_Section:000000a4 LogCtl_Data_PipeDataObj
C:\Users\HUAV\AppData\Local\Temp\ccYocD5a.s:5349   .bss.BlackBox_Queue:00000000 $d
C:\Users\HUAV\AppData\Local\Temp\ccYocD5a.s:5353   .bss.BlackBox_Queue:00000000 BlackBox_Queue
C:\Users\HUAV\AppData\Local\Temp\ccYocD5a.s:5356   .bss.BlackBox_Sem:00000000 $d
C:\Users\HUAV\AppData\Local\Temp\ccYocD5a.s:5360   .bss.BlackBox_Sem:00000000 BlackBox_Sem
C:\Users\HUAV\AppData\Local\Temp\ccYocD5a.s:5363   .bss.Monitor:00000000 $d
C:\Users\HUAV\AppData\Local\Temp\ccYocD5a.s:5367   .bss.Monitor:00000000 Monitor
C:\Users\HUAV\AppData\Local\Temp\ccYocD5a.s:5373   .bss.alt_update.3:00000000 alt_update.3
C:\Users\HUAV\AppData\Local\Temp\ccYocD5a.s:5374   .bss.alt_update.3:00000000 $d
C:\Users\HUAV\AppData\Local\Temp\ccYocD5a.s:5376   .bss.ang_ctl_data.2:00000000 $d
C:\Users\HUAV\AppData\Local\Temp\ccYocD5a.s:5380   .bss.ang_ctl_data.2:00000000 ang_ctl_data.2
C:\Users\HUAV\AppData\Local\Temp\ccYocD5a.s:5383   .bss.att_alt_data.5:00000000 $d
C:\Users\HUAV\AppData\Local\Temp\ccYocD5a.s:5387   .bss.att_alt_data.5:00000000 att_alt_data.5
C:\Users\HUAV\AppData\Local\Temp\ccYocD5a.s:5390   .bss.att_ctl_data.0:00000000 $d
ARM GAS  C:\Users\HUAV\AppData\Local\Temp\ccYocD5a.s 			page 149


C:\Users\HUAV\AppData\Local\Temp\ccYocD5a.s:5394   .bss.att_ctl_data.0:00000000 att_ctl_data.0
C:\Users\HUAV\AppData\Local\Temp\ccYocD5a.s:5400   .bss.att_update.4:00000000 att_update.4
C:\Users\HUAV\AppData\Local\Temp\ccYocD5a.s:5401   .bss.att_update.4:00000000 $d
C:\Users\HUAV\AppData\Local\Temp\ccYocD5a.s:5403   .bss.baro_data.6:00000000 $d
C:\Users\HUAV\AppData\Local\Temp\ccYocD5a.s:5407   .bss.baro_data.6:00000000 baro_data.6
C:\Users\HUAV\AppData\Local\Temp\ccYocD5a.s:5413   .bss.ctl_update.1:00000000 ctl_update.1
C:\Users\HUAV\AppData\Local\Temp\ccYocD5a.s:5414   .bss.ctl_update.1:00000000 $d
C:\Users\HUAV\AppData\Local\Temp\ccYocD5a.s:5416   .bss.imu_data.8:00000000 $d
C:\Users\HUAV\AppData\Local\Temp\ccYocD5a.s:5420   .bss.imu_data.8:00000000 imu_data.8
C:\Users\HUAV\AppData\Local\Temp\ccYocD5a.s:5426   .bss.imu_update.7:00000000 imu_update.7
C:\Users\HUAV\AppData\Local\Temp\ccYocD5a.s:5427   .bss.imu_update.7:00000000 $d
C:\Users\HUAV\AppData\Local\Temp\ccYocD5a.s:5432   .bss.lst_state.9:00000000 lst_state.9
C:\Users\HUAV\AppData\Local\Temp\ccYocD5a.s:5433   .bss.lst_state.9:00000000 $d
C:\Users\HUAV\AppData\Local\Temp\ccYocD5a.s:5435   .bss.p_blackbox:00000000 $d
C:\Users\HUAV\AppData\Local\Temp\ccYocD5a.s:5439   .bss.p_blackbox:00000000 p_blackbox
C:\Users\HUAV\AppData\Local\Temp\ccYocD5a.s:5442   .rodata.shellCmdblackbox_disable:00000000 $d
C:\Users\HUAV\AppData\Local\Temp\ccYocD5a.s:5448   .rodata.shellCmdblackbox_enable:00000000 $d
C:\Users\HUAV\AppData\Local\Temp\ccYocD5a.s:5454   .rodata.shellCmdblackbox_info:00000000 $d
C:\Users\HUAV\AppData\Local\Temp\ccYocD5a.s:5460   .rodata.shellCmdblackbox_set:00000000 $d
C:\Users\HUAV\AppData\Local\Temp\ccYocD5a.s:5466   .rodata.shellCmdblackbox_type:00000000 $d
C:\Users\HUAV\AppData\Local\Temp\ccYocD5a.s:5472   .rodata.shellDescblackbox_disable:00000000 $d
C:\Users\HUAV\AppData\Local\Temp\ccYocD5a.s:5478   .rodata.shellDescblackbox_enable:00000000 $d
C:\Users\HUAV\AppData\Local\Temp\ccYocD5a.s:5484   .rodata.shellDescblackbox_info:00000000 $d
C:\Users\HUAV\AppData\Local\Temp\ccYocD5a.s:5490   .rodata.shellDescblackbox_set:00000000 $d
C:\Users\HUAV\AppData\Local\Temp\ccYocD5a.s:5496   .rodata.shellDescblackbox_type:00000000 $d
C:\Users\HUAV\AppData\Local\Temp\ccYocD5a.s:5502   shellCommand:00000000 $d
C:\Users\HUAV\AppData\Local\Temp\ccYocD5a.s:156    .text.TaskBlackBox_Get_LogType_Str:00000013 $d
C:\Users\HUAV\AppData\Local\Temp\ccYocD5a.s:156    .text.TaskBlackBox_Get_LogType_Str:00000014 $t

UNDEFINED SYMBOLS
osSemaphoreRelease
Queue
IMU_Log_DataPipe
Baro_Log_DataPipe
Attitude_Log_DataPipe
Altitude_Log_DataPipe
CtlData_Log_DataPipe
Shell_GetInstence
shellPrint
Storage
__aeabi_f2d
memcpy
memmove
memset
osSemaphoreCreate
SrvPort_BlackBox
SrvOsCommon
SrvChip_BlackBox
SrvCard_BlackBox
vTaskDelete
osSemaphoreWait
Led2
DevLED
