ARM GAS  C:\Users\HUAV\AppData\Local\Temp\ccteu8oL.s 			page 1


   1              		.cpu cortex-m7
   2              		.arch armv7e-m
   3              		.fpu fpv5-d16
   4              		.eabi_attribute 28, 1
   5              		.eabi_attribute 20, 1
   6              		.eabi_attribute 21, 1
   7              		.eabi_attribute 23, 3
   8              		.eabi_attribute 24, 1
   9              		.eabi_attribute 25, 1
  10              		.eabi_attribute 26, 1
  11              		.eabi_attribute 30, 1
  12              		.eabi_attribute 34, 1
  13              		.eabi_attribute 18, 4
  14              		.file	"Task_Protocol.c"
  15              		.text
  16              	.Ltext0:
  17              		.cfi_sections	.debug_frame
  18              		.section	.text.TaskFrameCTL_Set_RadioPort,"ax",%progbits
  19              		.align	1
  20              		.syntax unified
  21              		.thumb
  22              		.thumb_func
  24              	TaskFrameCTL_Set_RadioPort:
  25              	.LVL0:
  26              	.LFB2280:
  27              		.file 1 "Task/Task_Protocol.c"
   1:Task/Task_Protocol.c **** #include "Task_Protocol.h"
   2:Task/Task_Protocol.c **** #include "Srv_OsCommon.h"
   3:Task/Task_Protocol.c **** #include "HW_Def.h"
   4:Task/Task_Protocol.c **** #include "Srv_ComProto.h"
   5:Task/Task_Protocol.c **** #include "Srv_DataHub.h"
   6:Task/Task_Protocol.c **** #include "DataPipe.h"
   7:Task/Task_Protocol.c **** #include "Storage.h"
   8:Task/Task_Protocol.c **** #include "debug_util.h"
   9:Task/Task_Protocol.c **** #include "pid.h"
  10:Task/Task_Protocol.c **** 
  11:Task/Task_Protocol.c **** #define PROTO_STREAM_BUF_SIZE (1024 + 128)
  12:Task/Task_Protocol.c **** #define SLIENT_TIMEOUT 200              /* unit: ms 200ms */
  13:Task/Task_Protocol.c **** #define TUNNING_TIMEOUT 2000            /* unit: ms 1S */
  14:Task/Task_Protocol.c **** 
  15:Task/Task_Protocol.c **** #define CLI_FUNC_BUF_SIZE 512
  16:Task/Task_Protocol.c **** #define RADIO_BUFF_SIZE PROTO_STREAM_BUF_SIZE
  17:Task/Task_Protocol.c **** 
  18:Task/Task_Protocol.c **** #if (RADIO_UART_NUM > 0)
  19:Task/Task_Protocol.c **** static uint8_t RadioRxBuff[RADIO_UART_NUM][RADIO_BUFF_SIZE];
  20:Task/Task_Protocol.c **** 
  21:Task/Task_Protocol.c **** static BspUARTObj_TypeDef Radio_Port1_UartObj = {
  22:Task/Task_Protocol.c ****     .instance = RADIO_PORT,
  23:Task/Task_Protocol.c ****     .baudrate = RADIO_PORT_BAUD,
  24:Task/Task_Protocol.c ****     .tx_io = {
  25:Task/Task_Protocol.c ****         .init_state = RADIO_TX_PIN_INIT_STATE,
  26:Task/Task_Protocol.c ****         .pin = RADIO_TX_PIN,
  27:Task/Task_Protocol.c ****         .port = RADIO_TX_PORT,
  28:Task/Task_Protocol.c ****         .alternate = RADIO_TX_PIN_ALT,
  29:Task/Task_Protocol.c ****     }, 
  30:Task/Task_Protocol.c ****     .rx_io = {
  31:Task/Task_Protocol.c ****         .init_state = RADIO_RX_PIN_INIT_STATE,
ARM GAS  C:\Users\HUAV\AppData\Local\Temp\ccteu8oL.s 			page 2


  32:Task/Task_Protocol.c ****         .pin = RADIO_RX_PIN,
  33:Task/Task_Protocol.c ****         .port = RADIO_RX_PORT,
  34:Task/Task_Protocol.c ****         .alternate = RADIO_RX_PIN_ALT,
  35:Task/Task_Protocol.c ****     }, 
  36:Task/Task_Protocol.c ****     .pin_swap = false,
  37:Task/Task_Protocol.c ****     .rx_dma = RADIO_RX_DMA,
  38:Task/Task_Protocol.c ****     .rx_stream = RADIO_RX_DMA_STREAM,
  39:Task/Task_Protocol.c ****     .tx_dma = RADIO_TX_DMA,
  40:Task/Task_Protocol.c ****     .tx_stream = RADIO_TX_DMA_STREAM,
  41:Task/Task_Protocol.c ****     .rx_buf = RadioRxBuff[0],
  42:Task/Task_Protocol.c ****     .rx_size = RADIO_BUFF_SIZE,
  43:Task/Task_Protocol.c **** };
  44:Task/Task_Protocol.c **** 
  45:Task/Task_Protocol.c **** static FrameCTL_UartPortMonitor_TypeDef Radio_UartPort_List[RADIO_UART_NUM] = {
  46:Task/Task_Protocol.c ****     [0] = {.init_state = false,
  47:Task/Task_Protocol.c ****            .Obj = &Radio_Port1_UartObj},
  48:Task/Task_Protocol.c **** };
  49:Task/Task_Protocol.c **** #endif
  50:Task/Task_Protocol.c **** 
  51:Task/Task_Protocol.c **** typedef struct
  52:Task/Task_Protocol.c **** {
  53:Task/Task_Protocol.c ****     FrameCTL_MavATTIn_TypeDef exp_att;
  54:Task/Task_Protocol.c ****     FrameCTL_MavGyrIn_TypeDef exp_gyr;
  55:Task/Task_Protocol.c ****     FrameCTL_MavAltIn_TypeDef exp_alt;
  56:Task/Task_Protocol.c ****     
  57:Task/Task_Protocol.c ****     FrameCTL_MavPIDIn_TypeDef pid_roll;
  58:Task/Task_Protocol.c ****     FrameCTL_MavPIDIn_TypeDef pid_pitch;
  59:Task/Task_Protocol.c **** 
  60:Task/Task_Protocol.c ****     FrameCTL_MavPIDIn_TypeDef pid_gyr_x;
  61:Task/Task_Protocol.c ****     FrameCTL_MavPIDIn_TypeDef pid_gyr_y;
  62:Task/Task_Protocol.c ****     FrameCTL_MavPIDIn_TypeDef pid_gyr_z;
  63:Task/Task_Protocol.c **** } FrameCTL_MavTunningMonitor_TypeDef;
  64:Task/Task_Protocol.c **** 
  65:Task/Task_Protocol.c **** /* internal variable */
  66:Task/Task_Protocol.c **** FrameCTL_MavTunningMonitor_TypeDef InPut_MavData;
  67:Task/Task_Protocol.c **** 
  68:Task/Task_Protocol.c **** /* MAVLink message List */
  69:Task/Task_Protocol.c **** SrvComProto_MsgInfo_TypeDef TaskProto_MAV_RawIMU;
  70:Task/Task_Protocol.c **** SrvComProto_MsgInfo_TypeDef TaskProto_MAV_ScaledIMU;
  71:Task/Task_Protocol.c **** SrvComProto_MsgInfo_TypeDef TaskProto_MAV_RcChannel;
  72:Task/Task_Protocol.c **** SrvComProto_MsgInfo_TypeDef TaskProto_MAV_MotoChannel;
  73:Task/Task_Protocol.c **** SrvComProto_MsgInfo_TypeDef TaskProto_MAV_Attitude;
  74:Task/Task_Protocol.c **** SrvComProto_MsgInfo_TypeDef TaskProto_MAV_Exp_Attitude;
  75:Task/Task_Protocol.c **** SrvComProto_MsgInfo_TypeDef TaskProto_MAV_Altitude;
  76:Task/Task_Protocol.c **** 
  77:Task/Task_Protocol.c **** SrvComProto_MsgInfo_TypeDef RadioProto_MAV_RawIMU;
  78:Task/Task_Protocol.c **** SrvComProto_MsgInfo_TypeDef RadioProto_MAV_ScaledIMU;
  79:Task/Task_Protocol.c **** SrvComProto_MsgInfo_TypeDef RadioProto_MAV_RcChannel;
  80:Task/Task_Protocol.c **** SrvComProto_MsgInfo_TypeDef RadioProto_MAV_MotoChannel;
  81:Task/Task_Protocol.c **** SrvComProto_MsgInfo_TypeDef RadioProto_MAV_Attitude;
  82:Task/Task_Protocol.c **** SrvComProto_MsgInfo_TypeDef RadioProto_MAV_Altitude;
  83:Task/Task_Protocol.c **** 
  84:Task/Task_Protocol.c **** static SrvComProto_MsgObj_TypeDef *InUsePort_MavMsgInput_Obj;
  85:Task/Task_Protocol.c **** static SrvComProto_MsgObj_TypeDef DefaultPort_MavMsgInput_Obj;
  86:Task/Task_Protocol.c **** static SrvComProto_MsgObj_TypeDef RadioPort_MavMsgInput_Obj;
  87:Task/Task_Protocol.c **** 
  88:Task/Task_Protocol.c **** static bool FrameCTL_MavProto_Enable = false;
ARM GAS  C:\Users\HUAV\AppData\Local\Temp\ccteu8oL.s 			page 3


  89:Task/Task_Protocol.c **** static FrameCTL_PortMonitor_TypeDef PortMonitor = {.init = false};
  90:Task/Task_Protocol.c **** static uint32_t FrameCTL_Period = 0;
  91:Task/Task_Protocol.c **** static __attribute__((section(".Perph_Section"))) uint8_t MavShareBuf[1024];
  92:Task/Task_Protocol.c **** static __attribute__((section(".Perph_Section"))) uint8_t CLIRxBuf[CLI_FUNC_BUF_SIZE];
  93:Task/Task_Protocol.c **** static uint8_t CLIProcBuf[CLI_FUNC_BUF_SIZE];
  94:Task/Task_Protocol.c **** static uint8_t CLIPrintBuf[CLI_FUNC_BUF_SIZE];
  95:Task/Task_Protocol.c **** static uint8_t Uart_RxBuf_Tmp[PROTO_STREAM_BUF_SIZE];
  96:Task/Task_Protocol.c **** static uint8_t USB_RxBuf_Tmp[PROTO_STREAM_BUF_SIZE];
  97:Task/Task_Protocol.c **** static uint32_t Radio_Addr = 0;
  98:Task/Task_Protocol.c **** static uint32_t USB_VCP_Addr = 0;
  99:Task/Task_Protocol.c **** DataPipe_CreateDataObj(bool, VCP_Attach_State);
 100:Task/Task_Protocol.c **** 
 101:Task/Task_Protocol.c **** static SrvComProto_Stream_TypeDef UartRx_Stream = {
 102:Task/Task_Protocol.c ****     .p_buf = Uart_RxBuf_Tmp,
 103:Task/Task_Protocol.c ****     .size = 0,
 104:Task/Task_Protocol.c ****     .max_size = sizeof(Uart_RxBuf_Tmp),
 105:Task/Task_Protocol.c **** };
 106:Task/Task_Protocol.c **** 
 107:Task/Task_Protocol.c **** static SrvComProto_Stream_TypeDef USBRx_Stream = {
 108:Task/Task_Protocol.c ****     .p_buf = USB_RxBuf_Tmp,
 109:Task/Task_Protocol.c ****     .size = 0,
 110:Task/Task_Protocol.c ****     .max_size = sizeof(USB_RxBuf_Tmp),
 111:Task/Task_Protocol.c **** };
 112:Task/Task_Protocol.c **** 
 113:Task/Task_Protocol.c **** static SrvComProto_Stream_TypeDef MavStream = {
 114:Task/Task_Protocol.c ****     .p_buf = MavShareBuf,
 115:Task/Task_Protocol.c ****     .size = 0,
 116:Task/Task_Protocol.c ****     .max_size = sizeof(MavShareBuf),
 117:Task/Task_Protocol.c **** };
 118:Task/Task_Protocol.c **** 
 119:Task/Task_Protocol.c **** static SrvComProto_Stream_TypeDef CLI_RX_Stream = {
 120:Task/Task_Protocol.c ****     .p_buf = CLIRxBuf,
 121:Task/Task_Protocol.c ****     .size = 0,
 122:Task/Task_Protocol.c ****     .max_size = sizeof(CLIRxBuf),
 123:Task/Task_Protocol.c **** };
 124:Task/Task_Protocol.c **** 
 125:Task/Task_Protocol.c **** static SrvComProto_Stream_TypeDef CLI_Proc_Stream = {
 126:Task/Task_Protocol.c ****     .p_buf = CLIProcBuf,
 127:Task/Task_Protocol.c ****     .size = 0,
 128:Task/Task_Protocol.c ****     .max_size = sizeof(CLIProcBuf),
 129:Task/Task_Protocol.c **** };
 130:Task/Task_Protocol.c **** 
 131:Task/Task_Protocol.c **** static FrameCTL_CLIMonitor_TypeDef CLI_Monitor = {
 132:Task/Task_Protocol.c ****     .port_addr = 0,
 133:Task/Task_Protocol.c ****     .p_rx_stream = &CLI_RX_Stream,
 134:Task/Task_Protocol.c ****     .p_proc_stream = &CLI_Proc_Stream,
 135:Task/Task_Protocol.c ****     .slient_type = Slient_Disable,
 136:Task/Task_Protocol.c ****     .slient_timeout = 0,
 137:Task/Task_Protocol.c **** };
 138:Task/Task_Protocol.c **** 
 139:Task/Task_Protocol.c **** static FrameCTL_UpgradeMonitor_TypeDef Upgrade_Monitor = {
 140:Task/Task_Protocol.c ****     .is_enable = false,
 141:Task/Task_Protocol.c ****     .flash_enable = false,
 142:Task/Task_Protocol.c **** };
 143:Task/Task_Protocol.c **** 
 144:Task/Task_Protocol.c **** /* upgrade section */
 145:Task/Task_Protocol.c **** static bool TaskFrameCTL_Upgrade_Enable(bool state, uint32_t port_addr, uint8_t port_type);
ARM GAS  C:\Users\HUAV\AppData\Local\Temp\ccteu8oL.s 			page 4


 146:Task/Task_Protocol.c **** static void TaskFrameCTL_Upgrade_StatePolling(bool cli);
 147:Task/Task_Protocol.c **** 
 148:Task/Task_Protocol.c **** /* frame section */
 149:Task/Task_Protocol.c **** static void TaskFrameCTL_PortFrameOut_Process(void);
 150:Task/Task_Protocol.c **** static void TaskFrameCTL_MavMsg_Trans(FrameCTL_Monitor_TypeDef *Obj, uint8_t *p_data, uint16_t size
 151:Task/Task_Protocol.c **** 
 152:Task/Task_Protocol.c **** /* mavlinke frame decode callback */
 153:Task/Task_Protocol.c **** static bool TaskFrame_Mav_ExpAtt_Callback(void const *mav_data, void *cus_data);
 154:Task/Task_Protocol.c **** static bool TaskFrame_Mav_ExpGyro_Callback(void const *mav_data, void *cus_data);
 155:Task/Task_Protocol.c **** static bool TaskFrame_Mav_ExpAlt_Callback(void const *mav_data, void *cus_data);
 156:Task/Task_Protocol.c **** static bool TaskFrame_Mav_PID_Roll_Callback(void const *mav_data, void *cus_data);
 157:Task/Task_Protocol.c **** static bool TaskFrame_Mav_PID_Pitch_Callback(void const *mav_data, void *cus_data);
 158:Task/Task_Protocol.c **** static bool TaskFrame_Mav_PID_GyrX_Callback(void const *mav_data, void *cus_data);
 159:Task/Task_Protocol.c **** static bool TaskFrame_Mav_PID_GyrY_Callback(void const *mav_data, void *cus_data);
 160:Task/Task_Protocol.c **** static bool TaskFrame_Mav_PID_GyrZ_Callback(void const *mav_data, void *cus_data);
 161:Task/Task_Protocol.c **** 
 162:Task/Task_Protocol.c **** /* default vcp port section */
 163:Task/Task_Protocol.c **** static void TaskFrameCTL_DefaultPort_Init(FrameCTL_PortMonitor_TypeDef *monitor);
 164:Task/Task_Protocol.c **** static void TaskFrameCTL_RadioPort_Init(FrameCTL_PortMonitor_TypeDef *monitor);
 165:Task/Task_Protocol.c **** static bool TaskFrameCTL_MAV_Msg_Init(void);
 166:Task/Task_Protocol.c **** static void TaskFrameCTL_Port_Rx_Callback(uint32_t RecObj_addr, uint8_t *p_data, uint16_t size);
 167:Task/Task_Protocol.c **** static void TaskFrameCTL_Port_TxCplt_Callback(uint32_t RecObj_addr, uint8_t *p_data, uint32_t *size
 168:Task/Task_Protocol.c **** static void TaskFrameCTL_USB_VCP_Connect_Callback(uint32_t Obj_addr, uint32_t *time_stamp);
 169:Task/Task_Protocol.c **** static uint32_t TaskFrameCTL_Set_RadioPort(FrameCTL_PortType_List port_type, uint16_t index);
 170:Task/Task_Protocol.c **** static bool TaskFrameCTL_Port_Tx(uint32_t obj_addr, uint8_t *p_data, uint16_t size);
 171:Task/Task_Protocol.c **** static bool TaskFrameCTL_DefaultPort_Trans(uint8_t *p_data, uint16_t size);
 172:Task/Task_Protocol.c **** static void TaskFrameCTL_ConfigureStateCheck(void);
 173:Task/Task_Protocol.c **** static void TaskFrameCTL_CLI_Proc(void);
 174:Task/Task_Protocol.c **** static int TaskFrameCTL_CLI_Trans(const uint8_t *p_data, uint16_t size);
 175:Task/Task_Protocol.c **** 
 176:Task/Task_Protocol.c **** void TaskFrameCTL_Init(uint32_t period)
 177:Task/Task_Protocol.c **** {
 178:Task/Task_Protocol.c ****     FrameCTL_Period = FrameCTL_MAX_Period;
 179:Task/Task_Protocol.c **** 
 180:Task/Task_Protocol.c ****     /* USB VCP as defaut port to tune parameter and frame porotcol */
 181:Task/Task_Protocol.c ****     memset(&PortMonitor, 0, sizeof(PortMonitor));
 182:Task/Task_Protocol.c ****     memset(&DefaultPort_MavMsgInput_Obj, 0, sizeof(SrvComProto_MsgObj_TypeDef));
 183:Task/Task_Protocol.c ****     memset(&RadioPort_MavMsgInput_Obj, 0, sizeof(SrvComProto_MsgObj_TypeDef));
 184:Task/Task_Protocol.c **** 
 185:Task/Task_Protocol.c ****     /* param init */
 186:Task/Task_Protocol.c ****     memset(&InPut_MavData, 0, sizeof(FrameCTL_MavTunningMonitor_TypeDef));
 187:Task/Task_Protocol.c **** 
 188:Task/Task_Protocol.c ****     TaskFrameCTL_DefaultPort_Init(&PortMonitor);
 189:Task/Task_Protocol.c ****     TaskFrameCTL_RadioPort_Init(&PortMonitor);
 190:Task/Task_Protocol.c ****     Radio_Addr = TaskFrameCTL_Set_RadioPort(Port_Uart, 0);
 191:Task/Task_Protocol.c **** 
 192:Task/Task_Protocol.c ****     PortMonitor.init = true;
 193:Task/Task_Protocol.c ****     
 194:Task/Task_Protocol.c ****     /* init radio protocol*/
 195:Task/Task_Protocol.c ****     FrameCTL_MavProto_Enable = TaskFrameCTL_MAV_Msg_Init();
 196:Task/Task_Protocol.c **** 
 197:Task/Task_Protocol.c ****     if(period && (period <= FrameCTL_MAX_Period))
 198:Task/Task_Protocol.c ****     {
 199:Task/Task_Protocol.c ****         FrameCTL_Period = period;
 200:Task/Task_Protocol.c ****     }
 201:Task/Task_Protocol.c **** 
 202:Task/Task_Protocol.c ****     /* Shell Init */
ARM GAS  C:\Users\HUAV\AppData\Local\Temp\ccteu8oL.s 			page 5


 203:Task/Task_Protocol.c ****     Shell_Init(TaskFrameCTL_CLI_Trans, CLI_Monitor.p_proc_stream->p_buf, CLI_Monitor.p_proc_stream-
 204:Task/Task_Protocol.c **** 
 205:Task/Task_Protocol.c ****     memset(&VCP_Connect_smp_DataPipe, 0, sizeof(VCP_Connect_smp_DataPipe));
 206:Task/Task_Protocol.c ****     memset(DataPipe_DataObjAddr(VCP_Attach_State), 0, sizeof(DataPipe_DataObj(VCP_Attach_State)));
 207:Task/Task_Protocol.c **** 
 208:Task/Task_Protocol.c ****     VCP_Connect_smp_DataPipe.data_addr = (uint32_t)DataPipe_DataObjAddr(VCP_Attach_State);
 209:Task/Task_Protocol.c ****     VCP_Connect_smp_DataPipe.data_size = sizeof(DataPipe_DataObj(VCP_Attach_State));
 210:Task/Task_Protocol.c **** 
 211:Task/Task_Protocol.c ****     SrvOsCommon.delay_ms(50);
 212:Task/Task_Protocol.c ****     DataPipe_Enable(&VCP_Connect_smp_DataPipe);
 213:Task/Task_Protocol.c **** }
 214:Task/Task_Protocol.c **** 
 215:Task/Task_Protocol.c **** void TaskFrameCTL_Core(void const *arg)
 216:Task/Task_Protocol.c **** {
 217:Task/Task_Protocol.c ****     uint32_t per_time = SrvOsCommon.get_os_ms();
 218:Task/Task_Protocol.c ****     bool cli_state = false;
 219:Task/Task_Protocol.c **** 
 220:Task/Task_Protocol.c ****     while(1)
 221:Task/Task_Protocol.c ****     {
 222:Task/Task_Protocol.c ****         TaskFrameCTL_ConfigureStateCheck();
 223:Task/Task_Protocol.c ****         SrvDataHub.get_cli_state(&cli_state);
 224:Task/Task_Protocol.c **** 
 225:Task/Task_Protocol.c ****         if (!Upgrade_Monitor.is_enable)
 226:Task/Task_Protocol.c ****         {
 227:Task/Task_Protocol.c ****             if (!cli_state)
 228:Task/Task_Protocol.c ****             {
 229:Task/Task_Protocol.c ****                 /* frame protocol process */
 230:Task/Task_Protocol.c ****                 TaskFrameCTL_PortFrameOut_Process();
 231:Task/Task_Protocol.c ****             }
 232:Task/Task_Protocol.c ****             else
 233:Task/Task_Protocol.c ****                 /* command line process */
 234:Task/Task_Protocol.c ****                 TaskFrameCTL_CLI_Proc();
 235:Task/Task_Protocol.c ****         }
 236:Task/Task_Protocol.c ****         else
 237:Task/Task_Protocol.c ****             /* upgrade process */
 238:Task/Task_Protocol.c ****             TaskFrameCTL_Upgrade_StatePolling(cli_state);
 239:Task/Task_Protocol.c **** 
 240:Task/Task_Protocol.c ****         SrvOsCommon.precise_delay(&per_time, FrameCTL_Period);
 241:Task/Task_Protocol.c ****     }
 242:Task/Task_Protocol.c **** }
 243:Task/Task_Protocol.c **** 
 244:Task/Task_Protocol.c **** /*************************** ByPass Mode is still in developping *********************************/
 245:Task/Task_Protocol.c **** /************************************** radio section ********************************************/
 246:Task/Task_Protocol.c **** static void TaskFrameCTL_DefaultPort_Init(FrameCTL_PortMonitor_TypeDef *monitor)
 247:Task/Task_Protocol.c **** {
 248:Task/Task_Protocol.c ****     if(monitor)
 249:Task/Task_Protocol.c ****     {
 250:Task/Task_Protocol.c ****         if(BspUSB_VCP.init((uint32_t)&(monitor->VCP_Port.RecObj)) != BspUSB_Error_None)
 251:Task/Task_Protocol.c ****         {
 252:Task/Task_Protocol.c ****             /* init default port VCP first */
 253:Task/Task_Protocol.c ****             monitor->VCP_Port.init_state = false;
 254:Task/Task_Protocol.c ****             return;
 255:Task/Task_Protocol.c ****         }
 256:Task/Task_Protocol.c ****         else
 257:Task/Task_Protocol.c ****             monitor->VCP_Port.init_state = true;
 258:Task/Task_Protocol.c **** 
 259:Task/Task_Protocol.c ****         /* create USB VCP Tx semaphore */
ARM GAS  C:\Users\HUAV\AppData\Local\Temp\ccteu8oL.s 			page 6


 260:Task/Task_Protocol.c ****         osSemaphoreDef(DefaultPort_Tx);
 261:Task/Task_Protocol.c ****         monitor->VCP_Port.p_tx_semphr = osSemaphoreCreate(osSemaphore(DefaultPort_Tx), 1);
 262:Task/Task_Protocol.c **** 
 263:Task/Task_Protocol.c ****         if(monitor->VCP_Port.p_tx_semphr == NULL)
 264:Task/Task_Protocol.c ****         {
 265:Task/Task_Protocol.c ****             monitor->VCP_Port.init_state = false;
 266:Task/Task_Protocol.c ****             return;
 267:Task/Task_Protocol.c ****         }
 268:Task/Task_Protocol.c **** 
 269:Task/Task_Protocol.c ****         BspUSB_VCP.set_tx_cpl_callback(TaskFrameCTL_Port_TxCplt_Callback);
 270:Task/Task_Protocol.c ****         BspUSB_VCP.set_rx_callback(TaskFrameCTL_Port_Rx_Callback);
 271:Task/Task_Protocol.c ****         BspUSB_VCP.set_connect_callback(TaskFrameCTL_USB_VCP_Connect_Callback);
 272:Task/Task_Protocol.c **** 
 273:Task/Task_Protocol.c ****         monitor->VCP_Port.RecObj.PortObj_addr = (uint32_t)&(monitor->VCP_Port);
 274:Task/Task_Protocol.c ****         monitor->VCP_Port.RecObj.type = Port_USB;
 275:Task/Task_Protocol.c **** 
 276:Task/Task_Protocol.c ****         USB_VCP_Addr = (uint32_t)&(monitor->VCP_Port);
 277:Task/Task_Protocol.c ****     }
 278:Task/Task_Protocol.c **** }
 279:Task/Task_Protocol.c **** 
 280:Task/Task_Protocol.c **** static bool TaskFrameCTL_DefaultPort_Trans(uint8_t *p_data, uint16_t size)
 281:Task/Task_Protocol.c **** {
 282:Task/Task_Protocol.c ****     bool state = false;
 283:Task/Task_Protocol.c **** 
 284:Task/Task_Protocol.c ****     /* when attach to host device then send data */
 285:Task/Task_Protocol.c ****     if (PortMonitor.VCP_Port.init_state && \
 286:Task/Task_Protocol.c ****         PortMonitor.vcp_connect_state && \
 287:Task/Task_Protocol.c ****         PortMonitor.VCP_Port.p_tx_semphr && \
 288:Task/Task_Protocol.c ****         p_data && size)
 289:Task/Task_Protocol.c ****     {
 290:Task/Task_Protocol.c ****         state = true;
 291:Task/Task_Protocol.c ****         osSemaphoreWait(PortMonitor.VCP_Port.p_tx_semphr, 0);
 292:Task/Task_Protocol.c ****         if ((BspUSB_VCP.send(p_data, size) != BspUSB_Error_None) || \
 293:Task/Task_Protocol.c ****             (osSemaphoreWait(PortMonitor.VCP_Port.p_tx_semphr, FrameCTL_Port_Tx_TimeOut) != osOK))
 294:Task/Task_Protocol.c ****             state = false;
 295:Task/Task_Protocol.c ****     }
 296:Task/Task_Protocol.c **** 
 297:Task/Task_Protocol.c ****     return state;
 298:Task/Task_Protocol.c **** }
 299:Task/Task_Protocol.c **** 
 300:Task/Task_Protocol.c **** /************************************** radio port section *************************/
 301:Task/Task_Protocol.c **** static void TaskFrameCTL_RadioPort_Init(FrameCTL_PortMonitor_TypeDef *monitor)
 302:Task/Task_Protocol.c **** {
 303:Task/Task_Protocol.c ****     if(monitor)
 304:Task/Task_Protocol.c ****     {
 305:Task/Task_Protocol.c **** #if (RADIO_UART_NUM > 0)
 306:Task/Task_Protocol.c ****         monitor->uart_port_num = RADIO_UART_NUM;
 307:Task/Task_Protocol.c ****         monitor->Uart_Port = Radio_UartPort_List;
 308:Task/Task_Protocol.c ****         
 309:Task/Task_Protocol.c ****         for(uint8_t i = 0; i < monitor->uart_port_num; i++)
 310:Task/Task_Protocol.c ****         {
 311:Task/Task_Protocol.c **** #if defined STM32H743xx
 312:Task/Task_Protocol.c ****             /* create port obj element */
 313:Task/Task_Protocol.c ****             monitor->Uart_Port[i].Obj->hdl = SrvOsCommon.malloc(UART_HandleType_Size);
 314:Task/Task_Protocol.c ****             if(monitor->Uart_Port[i].Obj->hdl == NULL)
 315:Task/Task_Protocol.c ****             {
 316:Task/Task_Protocol.c ****                 SrvOsCommon.free(monitor->Uart_Port[i].Obj->hdl);
ARM GAS  C:\Users\HUAV\AppData\Local\Temp\ccteu8oL.s 			page 7


 317:Task/Task_Protocol.c ****                 return;
 318:Task/Task_Protocol.c ****             }
 319:Task/Task_Protocol.c **** 
 320:Task/Task_Protocol.c ****             monitor->Uart_Port[i].Obj->rx_dma_hdl = SrvOsCommon.malloc(UART_DMA_Handle_Size);
 321:Task/Task_Protocol.c ****             if(monitor->Uart_Port[i].Obj->rx_dma_hdl == NULL)
 322:Task/Task_Protocol.c ****             {
 323:Task/Task_Protocol.c ****                 SrvOsCommon.free(monitor->Uart_Port[i].Obj->rx_dma_hdl);
 324:Task/Task_Protocol.c ****                 SrvOsCommon.free(monitor->Uart_Port[i].Obj->hdl);
 325:Task/Task_Protocol.c ****                 return;
 326:Task/Task_Protocol.c ****             }
 327:Task/Task_Protocol.c **** 
 328:Task/Task_Protocol.c ****             monitor->Uart_Port[i].Obj->tx_dma_hdl = SrvOsCommon.malloc(UART_DMA_Handle_Size);
 329:Task/Task_Protocol.c ****             if(monitor->Uart_Port[i].Obj->tx_dma_hdl == NULL)
 330:Task/Task_Protocol.c ****             {
 331:Task/Task_Protocol.c ****                 SrvOsCommon.free(monitor->Uart_Port[i].Obj->rx_dma_hdl);
 332:Task/Task_Protocol.c ****                 SrvOsCommon.free(monitor->Uart_Port[i].Obj->tx_dma_hdl);
 333:Task/Task_Protocol.c ****                 SrvOsCommon.free(monitor->Uart_Port[i].Obj->hdl);
 334:Task/Task_Protocol.c ****                 return;
 335:Task/Task_Protocol.c ****             }
 336:Task/Task_Protocol.c **** #endif
 337:Task/Task_Protocol.c **** 
 338:Task/Task_Protocol.c ****             if(BspUart.init(monitor->Uart_Port[i].Obj))
 339:Task/Task_Protocol.c ****             {
 340:Task/Task_Protocol.c ****                 monitor->Uart_Port[i].init_state = true;
 341:Task/Task_Protocol.c ****                 memset(&monitor->Uart_Port[i].RecObj, 0, sizeof(FrameCTL_PortProtoObj_TypeDef));
 342:Task/Task_Protocol.c ****                 memset(&monitor->Uart_Port[i].ByPass_Mode, 0, sizeof(Port_Bypass_TypeDef));
 343:Task/Task_Protocol.c ****                 
 344:Task/Task_Protocol.c ****                 monitor->Uart_Port[i].RecObj.type = Port_Uart;
 345:Task/Task_Protocol.c ****                 monitor->Uart_Port[i].RecObj.port_index = i;
 346:Task/Task_Protocol.c ****                 
 347:Task/Task_Protocol.c ****                 monitor->Uart_Port[i].Obj->cust_data_addr = (uint32_t)&(monitor->Uart_Port[i].RecOb
 348:Task/Task_Protocol.c ****             
 349:Task/Task_Protocol.c ****                 /* create semaphore for send */
 350:Task/Task_Protocol.c ****                 osSemaphoreDef(Uart_Port_Tmp);
 351:Task/Task_Protocol.c ****                 monitor->Uart_Port[i].p_tx_semphr = osSemaphoreCreate(osSemaphore(Uart_Port_Tmp), 1
 352:Task/Task_Protocol.c **** 
 353:Task/Task_Protocol.c ****                 if(monitor->Uart_Port[i].p_tx_semphr)
 354:Task/Task_Protocol.c ****                 {
 355:Task/Task_Protocol.c ****                     /* set callback */
 356:Task/Task_Protocol.c ****                     BspUart.set_rx_callback(monitor->Uart_Port[i].Obj, (BspUART_Callback)TaskFrameC
 357:Task/Task_Protocol.c ****                     BspUart.set_tx_callback(monitor->Uart_Port[i].Obj, (BspUART_Callback)TaskFrameC
 358:Task/Task_Protocol.c **** 
 359:Task/Task_Protocol.c ****                     monitor->Uart_Port[i].RecObj.PortObj_addr = (uint32_t)&(monitor->Uart_Port[i]);
 360:Task/Task_Protocol.c ****                     monitor->Uart_Port[i].init_state = true;
 361:Task/Task_Protocol.c ****                 }
 362:Task/Task_Protocol.c ****                 else
 363:Task/Task_Protocol.c ****                 {
 364:Task/Task_Protocol.c ****                     monitor->Uart_Port[i].init_state = false;
 365:Task/Task_Protocol.c ****                     monitor->uart_port_num --;
 366:Task/Task_Protocol.c ****                 }
 367:Task/Task_Protocol.c ****             }
 368:Task/Task_Protocol.c ****             else
 369:Task/Task_Protocol.c ****             {
 370:Task/Task_Protocol.c ****                 monitor->Uart_Port[i].init_state = false;
 371:Task/Task_Protocol.c ****                 monitor->uart_port_num --;
 372:Task/Task_Protocol.c ****             }
 373:Task/Task_Protocol.c ****         }
ARM GAS  C:\Users\HUAV\AppData\Local\Temp\ccteu8oL.s 			page 8


 374:Task/Task_Protocol.c **** #else
 375:Task/Task_Protocol.c ****         monitor->uart_port_num = 0;
 376:Task/Task_Protocol.c **** #endif
 377:Task/Task_Protocol.c ****     }
 378:Task/Task_Protocol.c **** }
 379:Task/Task_Protocol.c **** 
 380:Task/Task_Protocol.c **** static uint32_t TaskFrameCTL_Set_RadioPort(FrameCTL_PortType_List port_type, uint16_t index)
 381:Task/Task_Protocol.c **** {
  28              		.loc 1 381 1 view -0
  29              		.cfi_startproc
  30              		@ args = 0, pretend = 0, frame = 0
  31              		@ frame_needed = 0, uses_anonymous_args = 0
  32              		@ link register save eliminated.
 382:Task/Task_Protocol.c ****     uint32_t port_hdl = 0;
  33              		.loc 1 382 5 view .LVU1
 383:Task/Task_Protocol.c **** 
 384:Task/Task_Protocol.c ****     switch((uint8_t) port_type)
  34              		.loc 1 384 5 view .LVU2
  35 0000 0228     		cmp	r0, #2
  36 0002 01D0     		beq	.L6
 382:Task/Task_Protocol.c ****     uint32_t port_hdl = 0;
  37              		.loc 1 382 14 is_stmt 0 view .LVU3
  38 0004 0020     		movs	r0, #0
  39              	.LVL1:
 382:Task/Task_Protocol.c ****     uint32_t port_hdl = 0;
  40              		.loc 1 382 14 view .LVU4
  41 0006 7047     		bx	lr
  42              	.LVL2:
  43              	.L6:
 385:Task/Task_Protocol.c ****     {
 386:Task/Task_Protocol.c ****         case Port_Uart:
 387:Task/Task_Protocol.c ****             if((index < PortMonitor.uart_port_num) && PortMonitor.Uart_Port[index].init_state)
  44              		.loc 1 387 13 is_stmt 1 view .LVU5
  45              		.loc 1 387 36 is_stmt 0 view .LVU6
  46 0008 084B     		ldr	r3, .L7
  47 000a 9B78     		ldrb	r3, [r3, #2]	@ zero_extendqisi2
  48              		.loc 1 387 15 view .LVU7
  49 000c 8B42     		cmp	r3, r1
  50 000e 09D9     		bls	.L4
  51              		.loc 1 387 66 discriminator 1 view .LVU8
  52 0010 064B     		ldr	r3, .L7
  53 0012 9B6B     		ldr	r3, [r3, #56]
  54              		.loc 1 387 76 discriminator 1 view .LVU9
  55 0014 01EBC101 		add	r1, r1, r1, lsl #3
  56              	.LVL3:
  57              		.loc 1 387 76 discriminator 1 view .LVU10
  58 0018 03EB8100 		add	r0, r3, r1, lsl #2
  59              	.LVL4:
  60              		.loc 1 387 83 discriminator 1 view .LVU11
  61 001c 13F82130 		ldrb	r3, [r3, r1, lsl #2]	@ zero_extendqisi2
  62              		.loc 1 387 52 discriminator 1 view .LVU12
  63 0020 13B1     		cbz	r3, .L5
 388:Task/Task_Protocol.c ****             {
 389:Task/Task_Protocol.c ****                 port_hdl = (uint32_t)&(PortMonitor.Uart_Port[index]);
  64              		.loc 1 389 17 is_stmt 1 view .LVU13
  65              	.LVL5:
  66              		.loc 1 389 17 is_stmt 0 view .LVU14
ARM GAS  C:\Users\HUAV\AppData\Local\Temp\ccteu8oL.s 			page 9


  67 0022 7047     		bx	lr
  68              	.LVL6:
  69              	.L4:
 382:Task/Task_Protocol.c **** 
  70              		.loc 1 382 14 view .LVU15
  71 0024 0020     		movs	r0, #0
  72              	.LVL7:
 382:Task/Task_Protocol.c **** 
  73              		.loc 1 382 14 view .LVU16
  74 0026 7047     		bx	lr
  75              	.LVL8:
  76              	.L5:
 382:Task/Task_Protocol.c **** 
  77              		.loc 1 382 14 view .LVU17
  78 0028 0020     		movs	r0, #0
 390:Task/Task_Protocol.c ****             }
 391:Task/Task_Protocol.c ****             break;
 392:Task/Task_Protocol.c **** 
 393:Task/Task_Protocol.c ****         default: break;
 394:Task/Task_Protocol.c ****     }
 395:Task/Task_Protocol.c **** 
 396:Task/Task_Protocol.c ****     return port_hdl;
  79              		.loc 1 396 5 is_stmt 1 view .LVU18
 397:Task/Task_Protocol.c **** }
  80              		.loc 1 397 1 is_stmt 0 view .LVU19
  81 002a 7047     		bx	lr
  82              	.L8:
  83              		.align	2
  84              	.L7:
  85 002c 00000000 		.word	.LANCHOR0
  86              		.cfi_endproc
  87              	.LFE2280:
  89              		.section	.text.TaskFrameCTL_USB_VCP_Connect_Callback,"ax",%progbits
  90              		.align	1
  91              		.syntax unified
  92              		.thumb
  93              		.thumb_func
  95              	TaskFrameCTL_USB_VCP_Connect_Callback:
  96              	.LVL9:
  97              	.LFB2284:
 398:Task/Task_Protocol.c **** 
 399:Task/Task_Protocol.c **** /************************************** receive process callback section *************************/
 400:Task/Task_Protocol.c **** static bool TaskFrameCTL_Port_Tx(uint32_t obj_addr, uint8_t *p_data, uint16_t size)
 401:Task/Task_Protocol.c **** {
 402:Task/Task_Protocol.c ****     bool state = false;
 403:Task/Task_Protocol.c **** 
 404:Task/Task_Protocol.c ****     FrameCTL_UartPortMonitor_TypeDef *p_UartPort = NULL;
 405:Task/Task_Protocol.c **** 
 406:Task/Task_Protocol.c ****     if(obj_addr && p_data && size)
 407:Task/Task_Protocol.c ****     {
 408:Task/Task_Protocol.c ****         state = true;
 409:Task/Task_Protocol.c ****         p_UartPort = (FrameCTL_UartPortMonitor_TypeDef *)obj_addr;
 410:Task/Task_Protocol.c **** 
 411:Task/Task_Protocol.c ****         /* when FC attach to some host usb device then send nothing through the radio */
 412:Task/Task_Protocol.c ****         if(p_UartPort->init_state && p_UartPort->Obj && p_UartPort->p_tx_semphr && !PortMonitor.vcp
 413:Task/Task_Protocol.c ****         {
 414:Task/Task_Protocol.c ****             osSemaphoreWait(p_UartPort->p_tx_semphr, 0);
ARM GAS  C:\Users\HUAV\AppData\Local\Temp\ccteu8oL.s 			page 10


 415:Task/Task_Protocol.c ****             if ((!BspUart.send(p_UartPort->Obj, p_data, size)) || \
 416:Task/Task_Protocol.c ****                 (osSemaphoreWait(p_UartPort->p_tx_semphr, FrameCTL_Port_Tx_TimeOut) != osOK))
 417:Task/Task_Protocol.c ****                 state = false;
 418:Task/Task_Protocol.c ****         }
 419:Task/Task_Protocol.c ****         else
 420:Task/Task_Protocol.c ****             state = false;
 421:Task/Task_Protocol.c ****     }
 422:Task/Task_Protocol.c **** 
 423:Task/Task_Protocol.c ****     return state;
 424:Task/Task_Protocol.c **** }
 425:Task/Task_Protocol.c **** 
 426:Task/Task_Protocol.c **** static void TaskFrameCTL_Port_Rx_Callback(uint32_t RecObj_addr, uint8_t *p_data, uint16_t size)
 427:Task/Task_Protocol.c **** {
 428:Task/Task_Protocol.c ****     SrvComProto_Msg_StreamIn_TypeDef stream_in;
 429:Task/Task_Protocol.c ****     SrvComProto_Stream_TypeDef *p_stream = NULL;
 430:Task/Task_Protocol.c ****     FrameCTL_PortProtoObj_TypeDef *p_RecObj = NULL;
 431:Task/Task_Protocol.c ****     InUsePort_MavMsgInput_Obj = NULL;
 432:Task/Task_Protocol.c ****     bool cli_state = false;
 433:Task/Task_Protocol.c **** 
 434:Task/Task_Protocol.c ****     /* use mavlink protocol tuning the flight parameter */
 435:Task/Task_Protocol.c ****     if(p_data && size && RecObj_addr)
 436:Task/Task_Protocol.c ****     {
 437:Task/Task_Protocol.c ****         SrvDataHub.get_cli_state(&cli_state);
 438:Task/Task_Protocol.c **** 
 439:Task/Task_Protocol.c ****         p_RecObj = (FrameCTL_PortProtoObj_TypeDef *)RecObj_addr;
 440:Task/Task_Protocol.c ****         p_RecObj->time_stamp = SrvOsCommon.get_os_ms();
 441:Task/Task_Protocol.c **** 
 442:Task/Task_Protocol.c ****         switch((uint8_t) p_RecObj->type)
 443:Task/Task_Protocol.c ****         {
 444:Task/Task_Protocol.c ****             case Port_USB:
 445:Task/Task_Protocol.c ****                 p_stream = &USBRx_Stream;
 446:Task/Task_Protocol.c ****                 InUsePort_MavMsgInput_Obj = &DefaultPort_MavMsgInput_Obj;
 447:Task/Task_Protocol.c **** 
 448:Task/Task_Protocol.c ****                 if (cli_state && !Upgrade_Monitor.is_enable)
 449:Task/Task_Protocol.c ****                     TaskFrameCTL_DefaultPort_Trans(p_data, size);
 450:Task/Task_Protocol.c ****                 break;
 451:Task/Task_Protocol.c **** 
 452:Task/Task_Protocol.c ****             case Port_Uart:
 453:Task/Task_Protocol.c ****                 p_stream = &UartRx_Stream;
 454:Task/Task_Protocol.c ****                 InUsePort_MavMsgInput_Obj = &RadioPort_MavMsgInput_Obj;
 455:Task/Task_Protocol.c ****                 
 456:Task/Task_Protocol.c ****                 if (cli_state && !Upgrade_Monitor.is_enable)
 457:Task/Task_Protocol.c ****                     TaskFrameCTL_Port_Tx(p_RecObj->PortObj_addr, p_data, size);
 458:Task/Task_Protocol.c ****                 break;
 459:Task/Task_Protocol.c **** 
 460:Task/Task_Protocol.c ****             default:
 461:Task/Task_Protocol.c ****                 return;
 462:Task/Task_Protocol.c ****         }
 463:Task/Task_Protocol.c **** 
 464:Task/Task_Protocol.c ****         if ((p_stream->size + size) <= p_stream->max_size)
 465:Task/Task_Protocol.c ****         {
 466:Task/Task_Protocol.c ****             memcpy(p_stream->p_buf + p_stream->size, p_data, size);
 467:Task/Task_Protocol.c ****             p_stream->size += size;
 468:Task/Task_Protocol.c ****         }
 469:Task/Task_Protocol.c ****         else
 470:Task/Task_Protocol.c ****         {
 471:Task/Task_Protocol.c ****             memset(p_stream->p_buf, 0, p_stream->size);
ARM GAS  C:\Users\HUAV\AppData\Local\Temp\ccteu8oL.s 			page 11


 472:Task/Task_Protocol.c ****             p_stream->size = 0;
 473:Task/Task_Protocol.c ****             return;
 474:Task/Task_Protocol.c ****         }
 475:Task/Task_Protocol.c **** 
 476:Task/Task_Protocol.c ****         /* when file adapter is enable then halt cli and mavlink frame receive */
 477:Task/Task_Protocol.c ****         /* and check for upgrade data incoming */
 478:Task/Task_Protocol.c ****         if (Upgrade_Monitor.is_enable && (Upgrade_Monitor.port_addr == p_RecObj->PortObj_addr))
 479:Task/Task_Protocol.c ****         {
 480:Task/Task_Protocol.c ****             if (SrvUpgrade.push_data(SrvOsCommon.get_os_ms(), p_stream->p_buf, p_stream->size))
 481:Task/Task_Protocol.c ****             {
 482:Task/Task_Protocol.c ****                 memset(p_stream->p_buf, 0, p_stream->max_size);
 483:Task/Task_Protocol.c ****                 p_stream->size = 0;
 484:Task/Task_Protocol.c ****             }
 485:Task/Task_Protocol.c **** 
 486:Task/Task_Protocol.c ****             return;
 487:Task/Task_Protocol.c ****         }
 488:Task/Task_Protocol.c **** 
 489:Task/Task_Protocol.c ****         stream_in = SrvComProto.msg_decode(InUsePort_MavMsgInput_Obj, p_stream->p_buf, p_stream->si
 490:Task/Task_Protocol.c ****     
 491:Task/Task_Protocol.c ****         /* noticed when drone is under disarmed state we can`t tune or send cli to drone for safety
 492:Task/Task_Protocol.c ****         if(stream_in.valid)
 493:Task/Task_Protocol.c ****         {
 494:Task/Task_Protocol.c ****             /* tag on recive time stamp */
 495:Task/Task_Protocol.c ****             /* first come first serve */
 496:Task/Task_Protocol.c ****             /* in case two different port tuning the same function or same parameter at the same ti
 497:Task/Task_Protocol.c ****             /* if attach to configrator or in tunning then lock moto */
 498:Task/Task_Protocol.c ****             if(!cli_state)
 499:Task/Task_Protocol.c ****             {
 500:Task/Task_Protocol.c ****                 if (stream_in.pac_type == ComFrame_MavMsg)
 501:Task/Task_Protocol.c ****                 {
 502:Task/Task_Protocol.c ****                     /* check mavlink message frame type */
 503:Task/Task_Protocol.c ****                     /* only process mavlink message when cli is disabled */
 504:Task/Task_Protocol.c **** 
 505:Task/Task_Protocol.c ****                     /* after mavlink message processed */
 506:Task/Task_Protocol.c ****                     /* deal with stream buffer */
 507:Task/Task_Protocol.c ****                     if (p_stream->size > stream_in.size)
 508:Task/Task_Protocol.c ****                     {
 509:Task/Task_Protocol.c ****                         memmove(p_stream->p_buf, (stream_in.p_buf + stream_in.size), (p_stream->siz
 510:Task/Task_Protocol.c ****                     }
 511:Task/Task_Protocol.c ****                     else
 512:Task/Task_Protocol.c ****                         memset(p_stream->p_buf, 0, p_stream->size);
 513:Task/Task_Protocol.c **** 
 514:Task/Task_Protocol.c ****                     p_stream->size -= stream_in.size;
 515:Task/Task_Protocol.c ****                 }
 516:Task/Task_Protocol.c ****             }
 517:Task/Task_Protocol.c ****             
 518:Task/Task_Protocol.c ****             if(stream_in.pac_type == ComFrame_CLI)
 519:Task/Task_Protocol.c ****             {
 520:Task/Task_Protocol.c ****                 /* set current mode as cli mode */
 521:Task/Task_Protocol.c ****                 /* all command line end up with "\r\n" */
 522:Task/Task_Protocol.c ****                 /* push string into cli shared stream */
 523:Task/Task_Protocol.c ****                 if(((CLI_Monitor.port_addr == 0) || (CLI_Monitor.port_addr == p_RecObj->PortObj_add
 524:Task/Task_Protocol.c ****                    (CLI_Monitor.p_rx_stream->size + p_stream->size) <= CLI_Monitor.p_rx_stream->max
 525:Task/Task_Protocol.c ****                 {
 526:Task/Task_Protocol.c ****                     SrvDataHub.set_cli_state(true);
 527:Task/Task_Protocol.c **** 
 528:Task/Task_Protocol.c ****                     CLI_Monitor.type = p_RecObj->type;
ARM GAS  C:\Users\HUAV\AppData\Local\Temp\ccteu8oL.s 			page 12


 529:Task/Task_Protocol.c ****                     CLI_Monitor.port_addr = p_RecObj->PortObj_addr;
 530:Task/Task_Protocol.c ****                     memcpy(CLI_Monitor.p_rx_stream->p_buf + CLI_Monitor.p_rx_stream->size, stream_i
 531:Task/Task_Protocol.c ****                     CLI_Monitor.p_rx_stream->size += p_stream->size;
 532:Task/Task_Protocol.c **** 
 533:Task/Task_Protocol.c ****                     /* clear CLI command */
 534:Task/Task_Protocol.c ****                     p_stream->size = 0;
 535:Task/Task_Protocol.c ****                     memset(p_stream->p_buf, 0, p_stream->size);
 536:Task/Task_Protocol.c ****                 }
 537:Task/Task_Protocol.c ****             }
 538:Task/Task_Protocol.c ****         }
 539:Task/Task_Protocol.c ****     }
 540:Task/Task_Protocol.c **** }
 541:Task/Task_Protocol.c **** 
 542:Task/Task_Protocol.c **** static void TaskFrameCTL_Port_TxCplt_Callback(uint32_t Obj_addr, uint8_t *p_data, uint32_t *size)
 543:Task/Task_Protocol.c **** {
 544:Task/Task_Protocol.c ****     UNUSED(p_data);
 545:Task/Task_Protocol.c ****     UNUSED(size);
 546:Task/Task_Protocol.c **** 
 547:Task/Task_Protocol.c ****     FrameCTL_PortProtoObj_TypeDef *p_Obj = NULL;
 548:Task/Task_Protocol.c ****     FrameCTL_UartPortMonitor_TypeDef *p_UartPortObj = NULL;
 549:Task/Task_Protocol.c ****     FrameCTL_VCPPortMonitor_TypeDef *p_USBPortObj = NULL;
 550:Task/Task_Protocol.c ****     osSemaphoreId semID = NULL;
 551:Task/Task_Protocol.c ****     uint32_t *p_rls_err_cnt = NULL;
 552:Task/Task_Protocol.c **** 
 553:Task/Task_Protocol.c ****     if(Obj_addr)
 554:Task/Task_Protocol.c ****     {
 555:Task/Task_Protocol.c ****         p_Obj = (FrameCTL_PortProtoObj_TypeDef *)Obj_addr;
 556:Task/Task_Protocol.c **** 
 557:Task/Task_Protocol.c ****         if(p_Obj->PortObj_addr)
 558:Task/Task_Protocol.c ****         {
 559:Task/Task_Protocol.c ****             switch((uint8_t) p_Obj->type)
 560:Task/Task_Protocol.c ****             {
 561:Task/Task_Protocol.c ****                 case Port_USB:
 562:Task/Task_Protocol.c ****                     p_USBPortObj = (FrameCTL_VCPPortMonitor_TypeDef *)(p_Obj->PortObj_addr);
 563:Task/Task_Protocol.c **** 
 564:Task/Task_Protocol.c ****                     if(p_USBPortObj->init_state && p_USBPortObj->p_tx_semphr)
 565:Task/Task_Protocol.c ****                     {
 566:Task/Task_Protocol.c ****                         semID = p_USBPortObj->p_tx_semphr;
 567:Task/Task_Protocol.c ****                         p_rls_err_cnt = &p_USBPortObj->tx_semphr_rls_err;
 568:Task/Task_Protocol.c ****                     }
 569:Task/Task_Protocol.c ****                     break;
 570:Task/Task_Protocol.c **** 
 571:Task/Task_Protocol.c ****                 case Port_Uart:
 572:Task/Task_Protocol.c ****                     p_UartPortObj = (FrameCTL_UartPortMonitor_TypeDef *)(p_Obj->PortObj_addr);
 573:Task/Task_Protocol.c **** 
 574:Task/Task_Protocol.c ****                     if(p_UartPortObj->init_state && p_UartPortObj->p_tx_semphr)
 575:Task/Task_Protocol.c ****                     {
 576:Task/Task_Protocol.c ****                         semID = p_UartPortObj->p_tx_semphr;
 577:Task/Task_Protocol.c ****                         p_rls_err_cnt = &p_UartPortObj->tx_semphr_rls_err;
 578:Task/Task_Protocol.c ****                     }
 579:Task/Task_Protocol.c ****                     break;
 580:Task/Task_Protocol.c **** 
 581:Task/Task_Protocol.c ****                 default:
 582:Task/Task_Protocol.c ****                     return;
 583:Task/Task_Protocol.c ****             }
 584:Task/Task_Protocol.c ****             
 585:Task/Task_Protocol.c ****             if(semID && p_rls_err_cnt && (osSemaphoreRelease(semID) != osOK))
ARM GAS  C:\Users\HUAV\AppData\Local\Temp\ccteu8oL.s 			page 13


 586:Task/Task_Protocol.c ****                 (*p_rls_err_cnt) ++;
 587:Task/Task_Protocol.c ****         }
 588:Task/Task_Protocol.c ****     }
 589:Task/Task_Protocol.c **** }
 590:Task/Task_Protocol.c **** 
 591:Task/Task_Protocol.c **** /************************************** USB Only Callback section *********************************
 592:Task/Task_Protocol.c **** /*
 593:Task/Task_Protocol.c ****  * use usb sof interrupt
 594:Task/Task_Protocol.c ****  * as long as usb port attach to computer or other host device
 595:Task/Task_Protocol.c ****  * flight controller will receive sof interrupt
 596:Task/Task_Protocol.c ****  * if flight controller continue to receive this interrupt it must be attach to computer
 597:Task/Task_Protocol.c ****  */
 598:Task/Task_Protocol.c **** static void TaskFrameCTL_USB_VCP_Connect_Callback(uint32_t Obj_addr, uint32_t *time_stamp)
 599:Task/Task_Protocol.c **** {
  98              		.loc 1 599 1 is_stmt 1 view -0
  99              		.cfi_startproc
 100              		@ args = 0, pretend = 0, frame = 0
 101              		@ frame_needed = 0, uses_anonymous_args = 0
 600:Task/Task_Protocol.c ****     FrameCTL_PortProtoObj_TypeDef *p_Obj = NULL;
 102              		.loc 1 600 5 view .LVU21
 601:Task/Task_Protocol.c **** 
 602:Task/Task_Protocol.c ****     if (Obj_addr)
 103              		.loc 1 602 5 view .LVU22
 104              		.loc 1 602 8 is_stmt 0 view .LVU23
 105 0000 60B1     		cbz	r0, .L12
 599:Task/Task_Protocol.c ****     FrameCTL_PortProtoObj_TypeDef *p_Obj = NULL;
 106              		.loc 1 599 1 view .LVU24
 107 0002 10B5     		push	{r4, lr}
 108              	.LCFI0:
 109              		.cfi_def_cfa_offset 8
 110              		.cfi_offset 4, -8
 111              		.cfi_offset 14, -4
 112 0004 0C46     		mov	r4, r1
 603:Task/Task_Protocol.c ****     {
 604:Task/Task_Protocol.c ****         p_Obj = (FrameCTL_PortProtoObj_TypeDef *)Obj_addr;
 113              		.loc 1 604 9 is_stmt 1 view .LVU25
 114              	.LVL10:
 605:Task/Task_Protocol.c **** 
 606:Task/Task_Protocol.c ****         if (p_Obj->PortObj_addr && (p_Obj->type == Port_USB))
 115              		.loc 1 606 9 view .LVU26
 116              		.loc 1 606 18 is_stmt 0 view .LVU27
 117 0006 4268     		ldr	r2, [r0, #4]
 118              		.loc 1 606 12 view .LVU28
 119 0008 12B1     		cbz	r2, .L9
 120              		.loc 1 606 42 discriminator 1 view .LVU29
 121 000a 0378     		ldrb	r3, [r0]	@ zero_extendqisi2
 122              		.loc 1 606 33 discriminator 1 view .LVU30
 123 000c 012B     		cmp	r3, #1
 124 000e 00D0     		beq	.L15
 125              	.LVL11:
 126              	.L9:
 607:Task/Task_Protocol.c ****             *time_stamp = SrvOsCommon.get_os_ms();
 608:Task/Task_Protocol.c ****     }
 609:Task/Task_Protocol.c **** }
 127              		.loc 1 609 1 view .LVU31
 128 0010 10BD     		pop	{r4, pc}
 129              	.LVL12:
ARM GAS  C:\Users\HUAV\AppData\Local\Temp\ccteu8oL.s 			page 14


 130              	.L15:
 607:Task/Task_Protocol.c ****             *time_stamp = SrvOsCommon.get_os_ms();
 131              		.loc 1 607 13 is_stmt 1 view .LVU32
 607:Task/Task_Protocol.c ****             *time_stamp = SrvOsCommon.get_os_ms();
 132              		.loc 1 607 38 is_stmt 0 view .LVU33
 133 0012 034B     		ldr	r3, .L16
 134 0014 5B68     		ldr	r3, [r3, #4]
 607:Task/Task_Protocol.c ****             *time_stamp = SrvOsCommon.get_os_ms();
 135              		.loc 1 607 27 view .LVU34
 136 0016 9847     		blx	r3
 137              	.LVL13:
 607:Task/Task_Protocol.c ****             *time_stamp = SrvOsCommon.get_os_ms();
 138              		.loc 1 607 25 view .LVU35
 139 0018 2060     		str	r0, [r4]
 140              		.loc 1 609 1 view .LVU36
 141 001a F9E7     		b	.L9
 142              	.LVL14:
 143              	.L12:
 144              	.LCFI1:
 145              		.cfi_def_cfa_offset 0
 146              		.cfi_restore 4
 147              		.cfi_restore 14
 148              		.loc 1 609 1 view .LVU37
 149 001c 7047     		bx	lr
 150              	.L17:
 151 001e 00BF     		.align	2
 152              	.L16:
 153 0020 00000000 		.word	SrvOsCommon
 154              		.cfi_endproc
 155              	.LFE2284:
 157              		.section	.text.TaskFrameCTL_PortFrameOut_Process,"ax",%progbits
 158              		.align	1
 159              		.syntax unified
 160              		.thumb
 161              		.thumb_func
 163              	TaskFrameCTL_PortFrameOut_Process:
 164              	.LFB2289:
 610:Task/Task_Protocol.c **** 
 611:Task/Task_Protocol.c **** /************************************** upgrade protocol section **********************************
 612:Task/Task_Protocol.c **** static void TaskFrameCTL_Upgrade_Send(uint8_t *p_buf, uint16_t size)
 613:Task/Task_Protocol.c **** {
 614:Task/Task_Protocol.c ****     if ((Upgrade_Monitor.port_addr == 0) || \
 615:Task/Task_Protocol.c ****         (p_buf == NULL) || \
 616:Task/Task_Protocol.c ****         (size == 0))
 617:Task/Task_Protocol.c ****         return;
 618:Task/Task_Protocol.c **** 
 619:Task/Task_Protocol.c ****     switch ((uint8_t) Upgrade_Monitor.port_type)
 620:Task/Task_Protocol.c ****     {
 621:Task/Task_Protocol.c ****         case Port_Uart:
 622:Task/Task_Protocol.c ****             TaskFrameCTL_Port_Tx(Upgrade_Monitor.port_addr, (uint8_t *)p_buf, size);
 623:Task/Task_Protocol.c ****             break;
 624:Task/Task_Protocol.c ****     
 625:Task/Task_Protocol.c ****         case Port_USB:
 626:Task/Task_Protocol.c ****             TaskFrameCTL_DefaultPort_Trans((uint8_t *)p_buf, size);
 627:Task/Task_Protocol.c ****             break; 
 628:Task/Task_Protocol.c **** 
 629:Task/Task_Protocol.c ****         default:
ARM GAS  C:\Users\HUAV\AppData\Local\Temp\ccteu8oL.s 			page 15


 630:Task/Task_Protocol.c ****             break;
 631:Task/Task_Protocol.c ****     }
 632:Task/Task_Protocol.c **** }
 633:Task/Task_Protocol.c **** 
 634:Task/Task_Protocol.c **** static bool TaskFrameCTL_Upgrade_Enable(bool state, uint32_t port_addr, uint8_t port_type)
 635:Task/Task_Protocol.c **** {
 636:Task/Task_Protocol.c ****     bool arm_state = DRONE_ARM;
 637:Task/Task_Protocol.c **** 
 638:Task/Task_Protocol.c ****     /* check arm state first */
 639:Task/Task_Protocol.c ****     /* if is under disarm state then disable upgrade enabling */
 640:Task/Task_Protocol.c ****     if (SrvDataHub.get_arm_state(&arm_state) && (arm_state == DRONE_ARM))
 641:Task/Task_Protocol.c ****     {
 642:Task/Task_Protocol.c ****         Upgrade_Monitor.is_enable = state;
 643:Task/Task_Protocol.c ****         Upgrade_Monitor.port_addr = port_addr;
 644:Task/Task_Protocol.c ****         Upgrade_Monitor.port_type = port_type;
 645:Task/Task_Protocol.c ****         
 646:Task/Task_Protocol.c ****         if (!state)
 647:Task/Task_Protocol.c ****         {
 648:Task/Task_Protocol.c ****             Upgrade_Monitor.port_addr = 0;
 649:Task/Task_Protocol.c ****             Upgrade_Monitor.port_type = Port_None;
 650:Task/Task_Protocol.c **** 
 651:Task/Task_Protocol.c ****             SrvOsCommon.enter_critical();
 652:Task/Task_Protocol.c ****             SrvDataHub.set_upgrade_state(true);
 653:Task/Task_Protocol.c ****             SrvOsCommon.exit_critical();
 654:Task/Task_Protocol.c ****         }
 655:Task/Task_Protocol.c **** 
 656:Task/Task_Protocol.c ****         /* suspend Telemetry task */
 657:Task/Task_Protocol.c ****         /* when upgrade finish or abort resume telemtry task */
 658:Task/Task_Protocol.c **** 
 659:Task/Task_Protocol.c ****         return true;
 660:Task/Task_Protocol.c ****     }
 661:Task/Task_Protocol.c **** 
 662:Task/Task_Protocol.c ****     return false;
 663:Task/Task_Protocol.c **** }
 664:Task/Task_Protocol.c **** 
 665:Task/Task_Protocol.c **** static void TaskFrameCTL_Upgrade_StatePolling(bool cli)
 666:Task/Task_Protocol.c **** {
 667:Task/Task_Protocol.c ****     SrvUpgrade_Stage_List stage;
 668:Task/Task_Protocol.c ****     uint32_t sys_time = SrvOsCommon.get_os_ms();
 669:Task/Task_Protocol.c ****     Shell *shell_obj = Shell_GetInstence();
 670:Task/Task_Protocol.c ****     uint16_t logout_size = 0;
 671:Task/Task_Protocol.c **** 
 672:Task/Task_Protocol.c ****     stage = SrvUpgrade.polling(sys_time);
 673:Task/Task_Protocol.c **** 
 674:Task/Task_Protocol.c ****     switch ((uint8_t) stage)
 675:Task/Task_Protocol.c ****     {
 676:Task/Task_Protocol.c ****         case Stage_TimeOut:
 677:Task/Task_Protocol.c ****             if (cli && shell_obj)
 678:Task/Task_Protocol.c ****             {
 679:Task/Task_Protocol.c ****                 shellPrint(shell_obj, "\r\n");
 680:Task/Task_Protocol.c ****                 shellPrint(shell_obj, "[ Upgrade ] Communicate time out\r\n");
 681:Task/Task_Protocol.c ****             }
 682:Task/Task_Protocol.c ****         case Stage_Adapter_Error:
 683:Task/Task_Protocol.c ****             if (cli && shell_obj)
 684:Task/Task_Protocol.c ****                 shellPrint(shell_obj, "[ Upgrade ] Error\r\n");
 685:Task/Task_Protocol.c ****             
 686:Task/Task_Protocol.c ****             Upgrade_Monitor.is_enable = false;
ARM GAS  C:\Users\HUAV\AppData\Local\Temp\ccteu8oL.s 			page 16


 687:Task/Task_Protocol.c ****             Upgrade_Monitor.port_addr = 0;
 688:Task/Task_Protocol.c ****             SrvOsCommon.enter_critical();
 689:Task/Task_Protocol.c ****             SrvDataHub.set_upgrade_state(false);
 690:Task/Task_Protocol.c ****             SrvOsCommon.exit_critical();
 691:Task/Task_Protocol.c ****             break;
 692:Task/Task_Protocol.c **** 
 693:Task/Task_Protocol.c ****         case Stage_Reboot:
 694:Task/Task_Protocol.c ****             if (cli && shell_obj)
 695:Task/Task_Protocol.c ****             {
 696:Task/Task_Protocol.c ****                 SrvOsCommon.delay_ms(10);
 697:Task/Task_Protocol.c ****                 shellPrint(shell_obj, "[ Upgrade ] Firmware Updating\r\n");
 698:Task/Task_Protocol.c ****                 shellPrint(shell_obj, "[ Upgrade ] DO NOT POWER OFF\r\n");
 699:Task/Task_Protocol.c ****                 SrvOsCommon.delay_ms(20);
 700:Task/Task_Protocol.c ****             }
 701:Task/Task_Protocol.c **** 
 702:Task/Task_Protocol.c ****             Upgrade_Monitor.is_enable = false;
 703:Task/Task_Protocol.c ****             SrvOsCommon.reboot();
 704:Task/Task_Protocol.c ****             break;
 705:Task/Task_Protocol.c **** 
 706:Task/Task_Protocol.c ****         case Stage_Process_PortData:
 707:Task/Task_Protocol.c ****             break;
 708:Task/Task_Protocol.c **** 
 709:Task/Task_Protocol.c ****         default:
 710:Task/Task_Protocol.c ****             break;
 711:Task/Task_Protocol.c ****     }
 712:Task/Task_Protocol.c **** }
 713:Task/Task_Protocol.c **** 
 714:Task/Task_Protocol.c **** /************************************** frame protocol section ************************************
 715:Task/Task_Protocol.c **** static bool TaskFrameCTL_MAV_Msg_Init(void)
 716:Task/Task_Protocol.c **** {
 717:Task/Task_Protocol.c ****     if (SrvComProto.get_msg_type() == SrvComProto_Type_MAV)
 718:Task/Task_Protocol.c ****     {
 719:Task/Task_Protocol.c ****         SrvComProto_MavPackInfo_TypeDef PckInfo;
 720:Task/Task_Protocol.c ****         /* create mavlink output message object */
 721:Task/Task_Protocol.c ****         memset(&PckInfo, 0, sizeof(PckInfo));
 722:Task/Task_Protocol.c ****         memset(&TaskProto_MAV_RawIMU, 0, sizeof(TaskProto_MAV_RawIMU));
 723:Task/Task_Protocol.c ****         memset(&TaskProto_MAV_ScaledIMU, 0, sizeof(TaskProto_MAV_ScaledIMU));
 724:Task/Task_Protocol.c ****         memset(&TaskProto_MAV_RcChannel, 0, sizeof(TaskProto_MAV_RcChannel));
 725:Task/Task_Protocol.c ****         memset(&TaskProto_MAV_MotoChannel, 0, sizeof(TaskProto_MAV_MotoChannel));
 726:Task/Task_Protocol.c ****         memset(&TaskProto_MAV_Attitude, 0, sizeof(TaskProto_MAV_Attitude));
 727:Task/Task_Protocol.c ****  
 728:Task/Task_Protocol.c ****         memset(&PckInfo, 0, sizeof(PckInfo));
 729:Task/Task_Protocol.c ****         memset(&RadioProto_MAV_RawIMU, 0, sizeof(TaskProto_MAV_RawIMU));
 730:Task/Task_Protocol.c ****         memset(&RadioProto_MAV_ScaledIMU, 0, sizeof(TaskProto_MAV_ScaledIMU));
 731:Task/Task_Protocol.c ****         memset(&RadioProto_MAV_RcChannel, 0, sizeof(TaskProto_MAV_RcChannel));
 732:Task/Task_Protocol.c ****         memset(&RadioProto_MAV_MotoChannel, 0, sizeof(TaskProto_MAV_MotoChannel));
 733:Task/Task_Protocol.c ****         memset(&RadioProto_MAV_Attitude, 0, sizeof(TaskProto_MAV_Attitude));
 734:Task/Task_Protocol.c ****  
 735:Task/Task_Protocol.c ****         // period 10Ms 100Hz
 736:Task/Task_Protocol.c ****         PckInfo.system_id = MAV_SysID_Drone;
 737:Task/Task_Protocol.c ****         PckInfo.component_id = MAV_CompoID_Raw_IMU;
 738:Task/Task_Protocol.c ****         PckInfo.chan = 0;
 739:Task/Task_Protocol.c ****         SrvComProto.mav_msg_obj_init(&TaskProto_MAV_RawIMU, PckInfo, 10);
 740:Task/Task_Protocol.c ****         SrvComProto.mav_msg_enable_ctl(&TaskProto_MAV_RawIMU, false);
 741:Task/Task_Protocol.c ****  
 742:Task/Task_Protocol.c ****         SrvComProto.mav_msg_obj_init(&RadioProto_MAV_RawIMU, PckInfo, 10);
 743:Task/Task_Protocol.c ****         SrvComProto.mav_msg_enable_ctl(&RadioProto_MAV_RawIMU, false);
ARM GAS  C:\Users\HUAV\AppData\Local\Temp\ccteu8oL.s 			page 17


 744:Task/Task_Protocol.c ****              
 745:Task/Task_Protocol.c ****         // period 10Ms 100Hz
 746:Task/Task_Protocol.c ****         PckInfo.system_id = MAV_SysID_Drone;
 747:Task/Task_Protocol.c ****         PckInfo.component_id = MAV_CompoID_Scaled_IMU;
 748:Task/Task_Protocol.c ****         PckInfo.chan = 0;
 749:Task/Task_Protocol.c ****         SrvComProto.mav_msg_obj_init(&TaskProto_MAV_ScaledIMU, PckInfo, 10);
 750:Task/Task_Protocol.c ****         SrvComProto.mav_msg_enable_ctl(&TaskProto_MAV_ScaledIMU, true);
 751:Task/Task_Protocol.c **** 
 752:Task/Task_Protocol.c ****         SrvComProto.mav_msg_obj_init(&RadioProto_MAV_ScaledIMU, PckInfo, 10);
 753:Task/Task_Protocol.c ****         SrvComProto.mav_msg_enable_ctl(&RadioProto_MAV_ScaledIMU, true);
 754:Task/Task_Protocol.c ****         
 755:Task/Task_Protocol.c ****         // period 20Ms 50Hz
 756:Task/Task_Protocol.c ****         PckInfo.system_id = MAV_SysID_Drone;
 757:Task/Task_Protocol.c ****         PckInfo.component_id = MAV_CompoID_RC_Channel;
 758:Task/Task_Protocol.c ****         PckInfo.chan = 0;
 759:Task/Task_Protocol.c ****         SrvComProto.mav_msg_obj_init(&TaskProto_MAV_RcChannel, PckInfo, 20);
 760:Task/Task_Protocol.c ****         SrvComProto.mav_msg_enable_ctl(&TaskProto_MAV_RcChannel, true);
 761:Task/Task_Protocol.c **** 
 762:Task/Task_Protocol.c ****         SrvComProto.mav_msg_obj_init(&RadioProto_MAV_RcChannel, PckInfo, 20);
 763:Task/Task_Protocol.c ****         SrvComProto.mav_msg_enable_ctl(&RadioProto_MAV_RcChannel, true);
 764:Task/Task_Protocol.c ****         
 765:Task/Task_Protocol.c ****         // period 10Ms 100Hz
 766:Task/Task_Protocol.c ****         PckInfo.system_id = MAV_SysID_Drone;
 767:Task/Task_Protocol.c ****         PckInfo.component_id = MAV_CompoID_MotoCtl;
 768:Task/Task_Protocol.c ****         PckInfo.chan = 0;
 769:Task/Task_Protocol.c ****         SrvComProto.mav_msg_obj_init(&TaskProto_MAV_MotoChannel, PckInfo, 10);
 770:Task/Task_Protocol.c ****         SrvComProto.mav_msg_enable_ctl(&TaskProto_MAV_MotoChannel, false);
 771:Task/Task_Protocol.c **** 
 772:Task/Task_Protocol.c ****         SrvComProto.mav_msg_obj_init(&RadioProto_MAV_MotoChannel, PckInfo, 10);
 773:Task/Task_Protocol.c ****         SrvComProto.mav_msg_enable_ctl(&RadioProto_MAV_MotoChannel, false);
 774:Task/Task_Protocol.c ****         
 775:Task/Task_Protocol.c ****         // period 20Ms 50Hz
 776:Task/Task_Protocol.c ****         PckInfo.system_id = MAV_SysID_Drone;
 777:Task/Task_Protocol.c ****         PckInfo.component_id = MAV_CompoID_Attitude;
 778:Task/Task_Protocol.c ****         PckInfo.chan = 0;
 779:Task/Task_Protocol.c ****         SrvComProto.mav_msg_obj_init(&TaskProto_MAV_Attitude, PckInfo, 20);
 780:Task/Task_Protocol.c ****         SrvComProto.mav_msg_enable_ctl(&TaskProto_MAV_Attitude, true);
 781:Task/Task_Protocol.c **** 
 782:Task/Task_Protocol.c ****         SrvComProto.mav_msg_obj_init(&RadioProto_MAV_Attitude, PckInfo, 20);
 783:Task/Task_Protocol.c ****         SrvComProto.mav_msg_enable_ctl(&RadioProto_MAV_Attitude, true);
 784:Task/Task_Protocol.c ****                
 785:Task/Task_Protocol.c ****         // period 20Ms 50Hz
 786:Task/Task_Protocol.c ****         PckInfo.system_id = MAV_SysID_Drone;
 787:Task/Task_Protocol.c ****         PckInfo.component_id = MAV_CompoID_Exp_Attitude;
 788:Task/Task_Protocol.c ****         PckInfo.chan = 0;
 789:Task/Task_Protocol.c ****         SrvComProto.mav_msg_obj_init(&TaskProto_MAV_Exp_Attitude, PckInfo, 20);
 790:Task/Task_Protocol.c ****         SrvComProto.mav_msg_enable_ctl(&TaskProto_MAV_Exp_Attitude, true);
 791:Task/Task_Protocol.c ****  
 792:Task/Task_Protocol.c ****         // period 100MS 10Hz
 793:Task/Task_Protocol.c ****         PckInfo.system_id = MAV_SysID_Drone;
 794:Task/Task_Protocol.c ****         PckInfo.component_id = MAV_CompoID_Altitude;
 795:Task/Task_Protocol.c ****         PckInfo.chan = 0;
 796:Task/Task_Protocol.c ****         SrvComProto.mav_msg_obj_init(&TaskProto_MAV_Altitude, PckInfo, 100);
 797:Task/Task_Protocol.c ****         SrvComProto.mav_msg_enable_ctl(&TaskProto_MAV_Altitude, true);
 798:Task/Task_Protocol.c **** 
 799:Task/Task_Protocol.c ****         SrvComProto.mav_msg_obj_init(&RadioProto_MAV_Altitude, PckInfo, 100);
 800:Task/Task_Protocol.c ****         SrvComProto.mav_msg_enable_ctl(&RadioProto_MAV_Altitude, true);
ARM GAS  C:\Users\HUAV\AppData\Local\Temp\ccteu8oL.s 			page 18


 801:Task/Task_Protocol.c **** 
 802:Task/Task_Protocol.c ****         /* create mavlink input message object */
 803:Task/Task_Protocol.c ****         /* default(VCP) port */
 804:Task/Task_Protocol.c ****         /* when VCP port is been attached only can do parameter tunning function */
 805:Task/Task_Protocol.c ****         SrvComProto.mav_msg_set_input_callback(&DefaultPort_MavMsgInput_Obj, MavIn_Msg_PID_Para_Rol
 806:Task/Task_Protocol.c ****         SrvComProto.mav_msg_set_input_callback(&DefaultPort_MavMsgInput_Obj, MavIn_Msg_PID_Para_Pit
 807:Task/Task_Protocol.c ****         SrvComProto.mav_msg_set_input_callback(&DefaultPort_MavMsgInput_Obj, MavIn_Msg_PID_Para_Gyr
 808:Task/Task_Protocol.c ****         SrvComProto.mav_msg_set_input_callback(&DefaultPort_MavMsgInput_Obj, MavIn_Msg_PID_Para_Gyr
 809:Task/Task_Protocol.c ****         SrvComProto.mav_msg_set_input_callback(&DefaultPort_MavMsgInput_Obj, MavIn_Msg_PID_Para_Gyr
 810:Task/Task_Protocol.c **** 
 811:Task/Task_Protocol.c ****         /* radio port */
 812:Task/Task_Protocol.c ****         /* radio control mode can be used */
 813:Task/Task_Protocol.c ****         SrvComProto.mav_msg_set_input_callback(&RadioPort_MavMsgInput_Obj, MavIn_Msg_Att,          
 814:Task/Task_Protocol.c ****         SrvComProto.mav_msg_set_input_callback(&RadioPort_MavMsgInput_Obj, MavIn_Msg_Gyr,          
 815:Task/Task_Protocol.c ****         SrvComProto.mav_msg_set_input_callback(&RadioPort_MavMsgInput_Obj, MavIn_Msg_Alt,          
 816:Task/Task_Protocol.c ****         SrvComProto.mav_msg_set_input_callback(&RadioPort_MavMsgInput_Obj, MavIn_Msg_PID_Para_Roll,
 817:Task/Task_Protocol.c ****         SrvComProto.mav_msg_set_input_callback(&RadioPort_MavMsgInput_Obj, MavIn_Msg_PID_Para_Pitch
 818:Task/Task_Protocol.c ****         SrvComProto.mav_msg_set_input_callback(&RadioPort_MavMsgInput_Obj, MavIn_Msg_PID_Para_GyrX,
 819:Task/Task_Protocol.c ****         SrvComProto.mav_msg_set_input_callback(&RadioPort_MavMsgInput_Obj, MavIn_Msg_PID_Para_GyrY,
 820:Task/Task_Protocol.c ****         SrvComProto.mav_msg_set_input_callback(&RadioPort_MavMsgInput_Obj, MavIn_Msg_PID_Para_GyrZ,
 821:Task/Task_Protocol.c ****         return true;
 822:Task/Task_Protocol.c ****     }
 823:Task/Task_Protocol.c **** 
 824:Task/Task_Protocol.c ****     return false;
 825:Task/Task_Protocol.c **** }
 826:Task/Task_Protocol.c **** 
 827:Task/Task_Protocol.c **** static void TaskFrameCTL_PortFrameOut_Process(void)
 828:Task/Task_Protocol.c **** {
 165              		.loc 1 828 1 is_stmt 1 view -0
 166              		.cfi_startproc
 167              		@ args = 0, pretend = 0, frame = 16
 168              		@ frame_needed = 0, uses_anonymous_args = 0
 169 0000 F0B5     		push	{r4, r5, r6, r7, lr}
 170              	.LCFI2:
 171              		.cfi_def_cfa_offset 20
 172              		.cfi_offset 4, -20
 173              		.cfi_offset 5, -16
 174              		.cfi_offset 6, -12
 175              		.cfi_offset 7, -8
 176              		.cfi_offset 14, -4
 177 0002 85B0     		sub	sp, sp, #20
 178              	.LCFI3:
 179              		.cfi_def_cfa_offset 40
 829:Task/Task_Protocol.c ****     FrameCTL_Monitor_TypeDef proto_monitor;
 180              		.loc 1 829 5 view .LVU39
 830:Task/Task_Protocol.c ****     void *proto_arg = (void *)&proto_monitor;
 181              		.loc 1 830 5 view .LVU40
 182              	.LVL15:
 831:Task/Task_Protocol.c ****     bool arm_state = false;
 183              		.loc 1 831 5 view .LVU41
 184              		.loc 1 831 10 is_stmt 0 view .LVU42
 185 0004 0023     		movs	r3, #0
 186 0006 8DF80730 		strb	r3, [sp, #7]
 832:Task/Task_Protocol.c ****     bool CLI_state = false;
 187              		.loc 1 832 5 is_stmt 1 view .LVU43
 188              		.loc 1 832 10 is_stmt 0 view .LVU44
 189 000a 8DF80630 		strb	r3, [sp, #6]
ARM GAS  C:\Users\HUAV\AppData\Local\Temp\ccteu8oL.s 			page 19


 833:Task/Task_Protocol.c **** 
 834:Task/Task_Protocol.c ****     proto_monitor.frame_type = ComFrame_MavMsg;
 190              		.loc 1 834 5 is_stmt 1 view .LVU45
 191              		.loc 1 834 30 is_stmt 0 view .LVU46
 192 000e 0223     		movs	r3, #2
 193 0010 8DF80830 		strb	r3, [sp, #8]
 835:Task/Task_Protocol.c ****     SrvDataHub.get_cli_state(&CLI_state);
 194              		.loc 1 835 5 is_stmt 1 view .LVU47
 195              		.loc 1 835 15 is_stmt 0 view .LVU48
 196 0014 344B     		ldr	r3, .L22
 197 0016 5B69     		ldr	r3, [r3, #20]
 198              		.loc 1 835 5 view .LVU49
 199 0018 0DF10600 		add	r0, sp, #6
 200 001c 9847     		blx	r3
 201              	.LVL16:
 836:Task/Task_Protocol.c **** 
 837:Task/Task_Protocol.c ****     if(FrameCTL_MavProto_Enable)
 202              		.loc 1 837 5 is_stmt 1 view .LVU50
 203              		.loc 1 837 8 is_stmt 0 view .LVU51
 204 001e 334B     		ldr	r3, .L22+4
 205 0020 1B78     		ldrb	r3, [r3]	@ zero_extendqisi2
 206              		.loc 1 837 7 view .LVU52
 207 0022 002B     		cmp	r3, #0
 208 0024 5ED0     		beq	.L18
 838:Task/Task_Protocol.c ****     {
 839:Task/Task_Protocol.c ****         /* when attach to configrator then disable radio port trans use default port trans mav data
 840:Task/Task_Protocol.c ****         /* check other port init state */
 841:Task/Task_Protocol.c **** 
 842:Task/Task_Protocol.c ****         /* if in tunning than halt general frame protocol */
 843:Task/Task_Protocol.c ****         SrvDataHub.get_arm_state(&arm_state);
 209              		.loc 1 843 9 is_stmt 1 view .LVU53
 210              		.loc 1 843 19 is_stmt 0 view .LVU54
 211 0026 304B     		ldr	r3, .L22
 212 0028 5B6D     		ldr	r3, [r3, #84]
 213              		.loc 1 843 9 view .LVU55
 214 002a 0DF10700 		add	r0, sp, #7
 215 002e 9847     		blx	r3
 216              	.LVL17:
 844:Task/Task_Protocol.c **** 
 845:Task/Task_Protocol.c ****         if (((FrameCTL_UartPortMonitor_TypeDef *)Radio_Addr)->init_state)
 217              		.loc 1 845 9 is_stmt 1 view .LVU56
 218              		.loc 1 845 14 is_stmt 0 view .LVU57
 219 0030 2F4B     		ldr	r3, .L22+8
 220 0032 1B68     		ldr	r3, [r3]
 221              		.loc 1 845 61 view .LVU58
 222 0034 1A78     		ldrb	r2, [r3]	@ zero_extendqisi2
 223              		.loc 1 845 12 view .LVU59
 224 0036 22B3     		cbz	r2, .L20
 846:Task/Task_Protocol.c ****         {
 847:Task/Task_Protocol.c ****             /* Proto mavlink message through Radio */
 848:Task/Task_Protocol.c ****             proto_monitor.port_type = Port_Uart;
 225              		.loc 1 848 13 is_stmt 1 view .LVU60
 226              		.loc 1 848 37 is_stmt 0 view .LVU61
 227 0038 0222     		movs	r2, #2
 228 003a 8DF80920 		strb	r2, [sp, #9]
 849:Task/Task_Protocol.c ****             proto_monitor.port_addr = Radio_Addr;
 229              		.loc 1 849 13 is_stmt 1 view .LVU62
ARM GAS  C:\Users\HUAV\AppData\Local\Temp\ccteu8oL.s 			page 20


 230              		.loc 1 849 37 is_stmt 0 view .LVU63
 231 003e 0393     		str	r3, [sp, #12]
 850:Task/Task_Protocol.c ****             SrvComProto.mav_msg_stream(&RadioProto_MAV_RawIMU,    &MavStream, proto_arg, (ComProto_
 232              		.loc 1 850 13 is_stmt 1 view .LVU64
 233              		.loc 1 850 24 is_stmt 0 view .LVU65
 234 0040 2C4E     		ldr	r6, .L22+12
 235              		.loc 1 850 13 view .LVU66
 236 0042 2D4D     		ldr	r5, .L22+16
 237 0044 2D4C     		ldr	r4, .L22+20
 238 0046 2B46     		mov	r3, r5
 239 0048 02AA     		add	r2, sp, #8
 240              	.LVL18:
 241              		.loc 1 850 13 view .LVU67
 242 004a 2146     		mov	r1, r4
 243 004c 2C48     		ldr	r0, .L22+24
 244 004e 7769     		ldr	r7, [r6, #20]
 245 0050 B847     		blx	r7
 246              	.LVL19:
 851:Task/Task_Protocol.c ****             SrvComProto.mav_msg_stream(&RadioProto_MAV_ScaledIMU, &MavStream, proto_arg, (ComProto_
 247              		.loc 1 851 13 is_stmt 1 view .LVU68
 248 0052 2B46     		mov	r3, r5
 249 0054 02AA     		add	r2, sp, #8
 250              	.LVL20:
 251              		.loc 1 851 13 is_stmt 0 view .LVU69
 252 0056 2146     		mov	r1, r4
 253 0058 2A48     		ldr	r0, .L22+28
 254 005a 7769     		ldr	r7, [r6, #20]
 255 005c B847     		blx	r7
 256              	.LVL21:
 852:Task/Task_Protocol.c ****             SrvComProto.mav_msg_stream(&RadioProto_MAV_Attitude,  &MavStream, proto_arg, (ComProto_
 257              		.loc 1 852 13 is_stmt 1 view .LVU70
 258 005e 2B46     		mov	r3, r5
 259 0060 02AA     		add	r2, sp, #8
 260              	.LVL22:
 261              		.loc 1 852 13 is_stmt 0 view .LVU71
 262 0062 2146     		mov	r1, r4
 263 0064 2848     		ldr	r0, .L22+32
 264 0066 7769     		ldr	r7, [r6, #20]
 265 0068 B847     		blx	r7
 266              	.LVL23:
 853:Task/Task_Protocol.c ****             SrvComProto.mav_msg_stream(&RadioProto_MAV_RcChannel, &MavStream, proto_arg, (ComProto_
 267              		.loc 1 853 13 is_stmt 1 view .LVU72
 268 006a 2B46     		mov	r3, r5
 269 006c 02AA     		add	r2, sp, #8
 270              	.LVL24:
 271              		.loc 1 853 13 is_stmt 0 view .LVU73
 272 006e 2146     		mov	r1, r4
 273 0070 2648     		ldr	r0, .L22+36
 274 0072 7769     		ldr	r7, [r6, #20]
 275 0074 B847     		blx	r7
 276              	.LVL25:
 854:Task/Task_Protocol.c ****             SrvComProto.mav_msg_stream(&RadioProto_MAV_Altitude,  &MavStream, proto_arg, (ComProto_
 277              		.loc 1 854 13 is_stmt 1 view .LVU74
 278              		.loc 1 854 24 is_stmt 0 view .LVU75
 279 0076 7669     		ldr	r6, [r6, #20]
 280              		.loc 1 854 13 view .LVU76
 281 0078 2B46     		mov	r3, r5
ARM GAS  C:\Users\HUAV\AppData\Local\Temp\ccteu8oL.s 			page 21


 282 007a 02AA     		add	r2, sp, #8
 283              	.LVL26:
 284              		.loc 1 854 13 view .LVU77
 285 007c 2146     		mov	r1, r4
 286 007e 2448     		ldr	r0, .L22+40
 287 0080 B047     		blx	r6
 288              	.LVL27:
 289              	.L20:
 855:Task/Task_Protocol.c ****         }
 856:Task/Task_Protocol.c **** 
 857:Task/Task_Protocol.c ****         if (PortMonitor.VCP_Port.init_state)
 290              		.loc 1 857 9 is_stmt 1 view .LVU78
 291              		.loc 1 857 33 is_stmt 0 view .LVU79
 292 0082 244B     		ldr	r3, .L22+44
 293 0084 1B7A     		ldrb	r3, [r3, #8]	@ zero_extendqisi2
 294              		.loc 1 857 12 view .LVU80
 295 0086 002B     		cmp	r3, #0
 296 0088 2CD0     		beq	.L18
 858:Task/Task_Protocol.c ****         {
 859:Task/Task_Protocol.c ****             /* Proto mavlink message through default port */
 860:Task/Task_Protocol.c ****             proto_monitor.port_type = Port_USB;
 297              		.loc 1 860 13 is_stmt 1 view .LVU81
 298              		.loc 1 860 37 is_stmt 0 view .LVU82
 299 008a 0123     		movs	r3, #1
 300 008c 8DF80930 		strb	r3, [sp, #9]
 861:Task/Task_Protocol.c ****             proto_monitor.port_addr = USB_VCP_Addr;
 301              		.loc 1 861 13 is_stmt 1 view .LVU83
 302              		.loc 1 861 37 is_stmt 0 view .LVU84
 303 0090 214B     		ldr	r3, .L22+48
 304 0092 1B68     		ldr	r3, [r3]
 305 0094 0393     		str	r3, [sp, #12]
 862:Task/Task_Protocol.c ****             SrvComProto.mav_msg_stream(&TaskProto_MAV_RawIMU,       &MavStream, proto_arg, (ComProt
 306              		.loc 1 862 13 is_stmt 1 view .LVU85
 307              		.loc 1 862 24 is_stmt 0 view .LVU86
 308 0096 174E     		ldr	r6, .L22+12
 309              		.loc 1 862 13 view .LVU87
 310 0098 174D     		ldr	r5, .L22+16
 311 009a 184C     		ldr	r4, .L22+20
 312 009c 2B46     		mov	r3, r5
 313 009e 02AA     		add	r2, sp, #8
 314              	.LVL28:
 315              		.loc 1 862 13 view .LVU88
 316 00a0 2146     		mov	r1, r4
 317 00a2 1E48     		ldr	r0, .L22+52
 318 00a4 7769     		ldr	r7, [r6, #20]
 319 00a6 B847     		blx	r7
 320              	.LVL29:
 863:Task/Task_Protocol.c ****             SrvComProto.mav_msg_stream(&TaskProto_MAV_ScaledIMU,    &MavStream, proto_arg, (ComProt
 321              		.loc 1 863 13 is_stmt 1 view .LVU89
 322 00a8 2B46     		mov	r3, r5
 323 00aa 02AA     		add	r2, sp, #8
 324              	.LVL30:
 325              		.loc 1 863 13 is_stmt 0 view .LVU90
 326 00ac 2146     		mov	r1, r4
 327 00ae 1C48     		ldr	r0, .L22+56
 328 00b0 7769     		ldr	r7, [r6, #20]
 329 00b2 B847     		blx	r7
ARM GAS  C:\Users\HUAV\AppData\Local\Temp\ccteu8oL.s 			page 22


 330              	.LVL31:
 864:Task/Task_Protocol.c ****             SrvComProto.mav_msg_stream(&TaskProto_MAV_Attitude,     &MavStream, proto_arg, (ComProt
 331              		.loc 1 864 13 is_stmt 1 view .LVU91
 332 00b4 2B46     		mov	r3, r5
 333 00b6 02AA     		add	r2, sp, #8
 334              	.LVL32:
 335              		.loc 1 864 13 is_stmt 0 view .LVU92
 336 00b8 2146     		mov	r1, r4
 337 00ba 1A48     		ldr	r0, .L22+60
 338 00bc 7769     		ldr	r7, [r6, #20]
 339 00be B847     		blx	r7
 340              	.LVL33:
 865:Task/Task_Protocol.c ****             SrvComProto.mav_msg_stream(&TaskProto_MAV_RcChannel,    &MavStream, proto_arg, (ComProt
 341              		.loc 1 865 13 is_stmt 1 view .LVU93
 342 00c0 2B46     		mov	r3, r5
 343 00c2 02AA     		add	r2, sp, #8
 344              	.LVL34:
 345              		.loc 1 865 13 is_stmt 0 view .LVU94
 346 00c4 2146     		mov	r1, r4
 347 00c6 1848     		ldr	r0, .L22+64
 348 00c8 7769     		ldr	r7, [r6, #20]
 349 00ca B847     		blx	r7
 350              	.LVL35:
 866:Task/Task_Protocol.c ****             SrvComProto.mav_msg_stream(&TaskProto_MAV_Altitude,     &MavStream, proto_arg, (ComProt
 351              		.loc 1 866 13 is_stmt 1 view .LVU95
 352 00cc 2B46     		mov	r3, r5
 353 00ce 02AA     		add	r2, sp, #8
 354              	.LVL36:
 355              		.loc 1 866 13 is_stmt 0 view .LVU96
 356 00d0 2146     		mov	r1, r4
 357 00d2 1648     		ldr	r0, .L22+68
 358 00d4 7769     		ldr	r7, [r6, #20]
 359 00d6 B847     		blx	r7
 360              	.LVL37:
 867:Task/Task_Protocol.c ****             SrvComProto.mav_msg_stream(&TaskProto_MAV_Exp_Attitude, &MavStream, proto_arg, (ComProt
 361              		.loc 1 867 13 is_stmt 1 view .LVU97
 362              		.loc 1 867 24 is_stmt 0 view .LVU98
 363 00d8 7669     		ldr	r6, [r6, #20]
 364              		.loc 1 867 13 view .LVU99
 365 00da 2B46     		mov	r3, r5
 366 00dc 02AA     		add	r2, sp, #8
 367              	.LVL38:
 368              		.loc 1 867 13 view .LVU100
 369 00de 2146     		mov	r1, r4
 370 00e0 1348     		ldr	r0, .L22+72
 371 00e2 B047     		blx	r6
 372              	.LVL39:
 373              	.L18:
 868:Task/Task_Protocol.c ****         }
 869:Task/Task_Protocol.c ****     }
 870:Task/Task_Protocol.c **** }
 374              		.loc 1 870 1 view .LVU101
 375 00e4 05B0     		add	sp, sp, #20
 376              	.LCFI4:
 377              		.cfi_def_cfa_offset 20
 378              		@ sp needed
 379 00e6 F0BD     		pop	{r4, r5, r6, r7, pc}
ARM GAS  C:\Users\HUAV\AppData\Local\Temp\ccteu8oL.s 			page 23


 380              	.LVL40:
 381              	.L23:
 382              		.loc 1 870 1 view .LVU102
 383              		.align	2
 384              	.L22:
 385 00e8 00000000 		.word	SrvDataHub
 386 00ec 00000000 		.word	.LANCHOR1
 387 00f0 00000000 		.word	.LANCHOR2
 388 00f4 00000000 		.word	SrvComProto
 389 00f8 00000000 		.word	TaskFrameCTL_MavMsg_Trans
 390 00fc 00000000 		.word	.LANCHOR3
 391 0100 00000000 		.word	.LANCHOR4
 392 0104 00000000 		.word	.LANCHOR5
 393 0108 00000000 		.word	.LANCHOR6
 394 010c 00000000 		.word	.LANCHOR7
 395 0110 00000000 		.word	.LANCHOR8
 396 0114 00000000 		.word	.LANCHOR0
 397 0118 00000000 		.word	.LANCHOR9
 398 011c 00000000 		.word	.LANCHOR10
 399 0120 00000000 		.word	.LANCHOR11
 400 0124 00000000 		.word	.LANCHOR12
 401 0128 00000000 		.word	.LANCHOR13
 402 012c 00000000 		.word	.LANCHOR14
 403 0130 00000000 		.word	.LANCHOR15
 404              		.cfi_endproc
 405              	.LFE2289:
 407              		.section	.text.TaskFrame_Mav_ExpAtt_Callback,"ax",%progbits
 408              		.align	1
 409              		.syntax unified
 410              		.thumb
 411              		.thumb_func
 413              	TaskFrame_Mav_ExpAtt_Callback:
 414              	.LVL41:
 415              	.LFB2293:
 871:Task/Task_Protocol.c **** 
 872:Task/Task_Protocol.c **** static void TaskFrameCTL_CLI_Proc(void)
 873:Task/Task_Protocol.c **** {
 874:Task/Task_Protocol.c ****     uint16_t rx_stream_size = 0;
 875:Task/Task_Protocol.c ****     bool arm_state;
 876:Task/Task_Protocol.c ****     Shell *shell_obj = Shell_GetInstence();
 877:Task/Task_Protocol.c **** 
 878:Task/Task_Protocol.c ****     /* check CLI stream */
 879:Task/Task_Protocol.c ****     if(shell_obj && CLI_Monitor.p_rx_stream->p_buf && CLI_Monitor.p_rx_stream->size)
 880:Task/Task_Protocol.c ****     {
 881:Task/Task_Protocol.c ****         rx_stream_size = CLI_Monitor.p_rx_stream->size;
 882:Task/Task_Protocol.c **** 
 883:Task/Task_Protocol.c ****         /* if drone is under disarm state then CLI disable */
 884:Task/Task_Protocol.c ****         SrvDataHub.get_arm_state(&arm_state);
 885:Task/Task_Protocol.c ****         if (arm_state == DRONE_DISARM)
 886:Task/Task_Protocol.c ****             return;
 887:Task/Task_Protocol.c **** 
 888:Task/Task_Protocol.c ****         for(uint16_t i = 0; i < rx_stream_size; i++)
 889:Task/Task_Protocol.c ****         {
 890:Task/Task_Protocol.c ****             shellHandler(shell_obj, CLI_Monitor.p_rx_stream->p_buf[i]);
 891:Task/Task_Protocol.c ****             CLI_Monitor.p_rx_stream->p_buf[i] = 0;
 892:Task/Task_Protocol.c ****             CLI_Monitor.p_rx_stream->size --;
 893:Task/Task_Protocol.c ****         }
ARM GAS  C:\Users\HUAV\AppData\Local\Temp\ccteu8oL.s 			page 24


 894:Task/Task_Protocol.c ****     }
 895:Task/Task_Protocol.c **** }
 896:Task/Task_Protocol.c **** 
 897:Task/Task_Protocol.c **** static void TaskFrameCTL_MavMsg_Trans(FrameCTL_Monitor_TypeDef *Obj, uint8_t *p_data, uint16_t size
 898:Task/Task_Protocol.c **** {
 899:Task/Task_Protocol.c ****     if(Obj && (Obj->frame_type == ComFrame_MavMsg) && Obj->port_addr && p_data && size)
 900:Task/Task_Protocol.c ****     {
 901:Task/Task_Protocol.c ****         switch((uint8_t)(Obj->port_type))
 902:Task/Task_Protocol.c ****         {
 903:Task/Task_Protocol.c ****             case Port_Uart:
 904:Task/Task_Protocol.c ****                 TaskFrameCTL_Port_Tx(Obj->port_addr, p_data, size);
 905:Task/Task_Protocol.c ****                 break;
 906:Task/Task_Protocol.c **** 
 907:Task/Task_Protocol.c ****             case Port_USB:
 908:Task/Task_Protocol.c ****                 TaskFrameCTL_DefaultPort_Trans(p_data, size);
 909:Task/Task_Protocol.c ****                 break;
 910:Task/Task_Protocol.c **** 
 911:Task/Task_Protocol.c ****             default:
 912:Task/Task_Protocol.c ****                 return;
 913:Task/Task_Protocol.c ****         }
 914:Task/Task_Protocol.c ****     }
 915:Task/Task_Protocol.c **** }
 916:Task/Task_Protocol.c **** 
 917:Task/Task_Protocol.c **** static void TaskFrameCTL_ConfigureStateCheck(void)
 918:Task/Task_Protocol.c **** {
 919:Task/Task_Protocol.c ****     uint32_t cur_time = SrvOsCommon.get_os_ms();
 920:Task/Task_Protocol.c ****     bool lst_vcp_state = false;
 921:Task/Task_Protocol.c **** 
 922:Task/Task_Protocol.c ****     PortMonitor.vcp_connect_state = false;
 923:Task/Task_Protocol.c **** 
 924:Task/Task_Protocol.c ****     /* check usb vcp attach state */
 925:Task/Task_Protocol.c ****     if (BspUSB_VCP.check_connect)
 926:Task/Task_Protocol.c ****         PortMonitor.vcp_connect_state = BspUSB_VCP.check_connect(cur_time, FrameCTL_Period);
 927:Task/Task_Protocol.c **** 
 928:Task/Task_Protocol.c ****     SrvDataHub.get_vcp_attach_state(&lst_vcp_state);
 929:Task/Task_Protocol.c **** 
 930:Task/Task_Protocol.c ****     /* if vcp connect state is change update vcp state to data hub */
 931:Task/Task_Protocol.c ****     if (lst_vcp_state != PortMonitor.vcp_connect_state)
 932:Task/Task_Protocol.c ****     {
 933:Task/Task_Protocol.c ****         DataPipe_DataObj(VCP_Attach_State) = PortMonitor.vcp_connect_state;
 934:Task/Task_Protocol.c ****         DataPipe_SendTo(&VCP_Connect_smp_DataPipe, &VCP_Connect_hub_DataPipe);
 935:Task/Task_Protocol.c ****     }
 936:Task/Task_Protocol.c **** }
 937:Task/Task_Protocol.c **** 
 938:Task/Task_Protocol.c **** /***************************************** Frame mavlink Receive Callback *************************
 939:Task/Task_Protocol.c **** static bool TaskFrame_Mav_ExpAtt_Callback(void const *mav_data, void *cus_data)
 940:Task/Task_Protocol.c **** {
 416              		.loc 1 940 1 is_stmt 1 view -0
 417              		.cfi_startproc
 418              		@ args = 0, pretend = 0, frame = 0
 419              		@ frame_needed = 0, uses_anonymous_args = 0
 420              		@ link register save eliminated.
 941:Task/Task_Protocol.c ****     if (mav_data == NULL)
 421              		.loc 1 941 5 view .LVU104
 422              		.loc 1 941 8 is_stmt 0 view .LVU105
 423 0000 08B1     		cbz	r0, .L26
 942:Task/Task_Protocol.c ****         return false;
ARM GAS  C:\Users\HUAV\AppData\Local\Temp\ccteu8oL.s 			page 25


 943:Task/Task_Protocol.c **** 
 944:Task/Task_Protocol.c ****     return true;
 424              		.loc 1 944 12 view .LVU106
 425 0002 0120     		movs	r0, #1
 426              	.LVL42:
 427              		.loc 1 944 12 view .LVU107
 428 0004 7047     		bx	lr
 429              	.LVL43:
 430              	.L26:
 942:Task/Task_Protocol.c ****         return false;
 431              		.loc 1 942 16 view .LVU108
 432 0006 0020     		movs	r0, #0
 433              	.LVL44:
 945:Task/Task_Protocol.c **** }
 434              		.loc 1 945 1 view .LVU109
 435 0008 7047     		bx	lr
 436              		.cfi_endproc
 437              	.LFE2293:
 439              		.section	.text.TaskFrame_Mav_ExpGyro_Callback,"ax",%progbits
 440              		.align	1
 441              		.syntax unified
 442              		.thumb
 443              		.thumb_func
 445              	TaskFrame_Mav_ExpGyro_Callback:
 446              	.LVL45:
 447              	.LFB2294:
 946:Task/Task_Protocol.c **** 
 947:Task/Task_Protocol.c **** static bool TaskFrame_Mav_ExpGyro_Callback(void const *mav_data, void *cus_data)
 948:Task/Task_Protocol.c **** {
 448              		.loc 1 948 1 is_stmt 1 view -0
 449              		.cfi_startproc
 450              		@ args = 0, pretend = 0, frame = 0
 451              		@ frame_needed = 0, uses_anonymous_args = 0
 452              		@ link register save eliminated.
 949:Task/Task_Protocol.c ****     if (mav_data == NULL)
 453              		.loc 1 949 5 view .LVU111
 454              		.loc 1 949 8 is_stmt 0 view .LVU112
 455 0000 08B1     		cbz	r0, .L29
 950:Task/Task_Protocol.c ****         return false;
 951:Task/Task_Protocol.c **** 
 952:Task/Task_Protocol.c ****     return true;
 456              		.loc 1 952 12 view .LVU113
 457 0002 0120     		movs	r0, #1
 458              	.LVL46:
 459              		.loc 1 952 12 view .LVU114
 460 0004 7047     		bx	lr
 461              	.LVL47:
 462              	.L29:
 950:Task/Task_Protocol.c ****         return false;
 463              		.loc 1 950 16 view .LVU115
 464 0006 0020     		movs	r0, #0
 465              	.LVL48:
 953:Task/Task_Protocol.c **** }
 466              		.loc 1 953 1 view .LVU116
 467 0008 7047     		bx	lr
 468              		.cfi_endproc
 469              	.LFE2294:
ARM GAS  C:\Users\HUAV\AppData\Local\Temp\ccteu8oL.s 			page 26


 471              		.section	.text.TaskFrame_Mav_ExpAlt_Callback,"ax",%progbits
 472              		.align	1
 473              		.syntax unified
 474              		.thumb
 475              		.thumb_func
 477              	TaskFrame_Mav_ExpAlt_Callback:
 478              	.LVL49:
 479              	.LFB2295:
 954:Task/Task_Protocol.c **** 
 955:Task/Task_Protocol.c **** static bool TaskFrame_Mav_ExpAlt_Callback(void const *mav_data, void *cus_data)
 956:Task/Task_Protocol.c **** {
 480              		.loc 1 956 1 is_stmt 1 view -0
 481              		.cfi_startproc
 482              		@ args = 0, pretend = 0, frame = 8
 483              		@ frame_needed = 0, uses_anonymous_args = 0
 484              		.loc 1 956 1 is_stmt 0 view .LVU118
 485 0000 00B5     		push	{lr}
 486              	.LCFI5:
 487              		.cfi_def_cfa_offset 4
 488              		.cfi_offset 14, -4
 489 0002 83B0     		sub	sp, sp, #12
 490              	.LCFI6:
 491              		.cfi_def_cfa_offset 16
 957:Task/Task_Protocol.c ****     bool arm_state = DRONE_ARM;
 492              		.loc 1 957 5 is_stmt 1 view .LVU119
 493              		.loc 1 957 10 is_stmt 0 view .LVU120
 494 0004 0123     		movs	r3, #1
 495 0006 8DF80730 		strb	r3, [sp, #7]
 958:Task/Task_Protocol.c **** 
 959:Task/Task_Protocol.c ****     if ((mav_data == NULL) || \
 496              		.loc 1 959 5 is_stmt 1 view .LVU121
 497              		.loc 1 959 8 is_stmt 0 view .LVU122
 498 000a 40B1     		cbz	r0, .L31
 960:Task/Task_Protocol.c ****         (SrvDataHub.get_arm_state(&arm_state)) || \
 499              		.loc 1 960 20 discriminator 1 view .LVU123
 500 000c 064B     		ldr	r3, .L34
 501 000e 5B6D     		ldr	r3, [r3, #84]
 502              		.loc 1 960 10 discriminator 1 view .LVU124
 503 0010 0DF10700 		add	r0, sp, #7
 504              	.LVL50:
 505              		.loc 1 960 10 discriminator 1 view .LVU125
 506 0014 9847     		blx	r3
 507              	.LVL51:
 959:Task/Task_Protocol.c ****         (SrvDataHub.get_arm_state(&arm_state)) || \
 508              		.loc 1 959 28 discriminator 1 view .LVU126
 509 0016 10B9     		cbnz	r0, .L31
 961:Task/Task_Protocol.c ****         (arm_state == DRONE_DISARM))
 510              		.loc 1 961 20 view .LVU127
 511 0018 9DF80700 		ldrb	r0, [sp, #7]	@ zero_extendqisi2
 960:Task/Task_Protocol.c ****         (SrvDataHub.get_arm_state(&arm_state)) || \
 512              		.loc 1 960 48 view .LVU128
 513 001c 00B9     		cbnz	r0, .L32
 514              	.L31:
 962:Task/Task_Protocol.c ****         return false;
 515              		.loc 1 962 9 is_stmt 1 view .LVU129
 516              		.loc 1 962 16 is_stmt 0 view .LVU130
 517 001e 0020     		movs	r0, #0
ARM GAS  C:\Users\HUAV\AppData\Local\Temp\ccteu8oL.s 			page 27


 518              	.L32:
 963:Task/Task_Protocol.c **** 
 964:Task/Task_Protocol.c ****     return true;
 965:Task/Task_Protocol.c **** }
 519              		.loc 1 965 1 view .LVU131
 520 0020 03B0     		add	sp, sp, #12
 521              	.LCFI7:
 522              		.cfi_def_cfa_offset 4
 523              		@ sp needed
 524 0022 5DF804FB 		ldr	pc, [sp], #4
 525              	.L35:
 526 0026 00BF     		.align	2
 527              	.L34:
 528 0028 00000000 		.word	SrvDataHub
 529              		.cfi_endproc
 530              	.LFE2295:
 532              		.section	.text.TaskFrame_Mav_PID_Roll_Callback,"ax",%progbits
 533              		.align	1
 534              		.syntax unified
 535              		.thumb
 536              		.thumb_func
 538              	TaskFrame_Mav_PID_Roll_Callback:
 539              	.LVL52:
 540              	.LFB2296:
 966:Task/Task_Protocol.c **** 
 967:Task/Task_Protocol.c **** static bool TaskFrame_Mav_PID_Roll_Callback(void const *mav_data, void *cus_data)
 968:Task/Task_Protocol.c **** {
 541              		.loc 1 968 1 is_stmt 1 view -0
 542              		.cfi_startproc
 543              		@ args = 0, pretend = 0, frame = 8
 544              		@ frame_needed = 0, uses_anonymous_args = 0
 545              		.loc 1 968 1 is_stmt 0 view .LVU133
 546 0000 00B5     		push	{lr}
 547              	.LCFI8:
 548              		.cfi_def_cfa_offset 4
 549              		.cfi_offset 14, -4
 550 0002 83B0     		sub	sp, sp, #12
 551              	.LCFI9:
 552              		.cfi_def_cfa_offset 16
 969:Task/Task_Protocol.c ****     bool arm_state = DRONE_ARM;
 553              		.loc 1 969 5 is_stmt 1 view .LVU134
 554              		.loc 1 969 10 is_stmt 0 view .LVU135
 555 0004 0123     		movs	r3, #1
 556 0006 8DF80730 		strb	r3, [sp, #7]
 970:Task/Task_Protocol.c **** 
 971:Task/Task_Protocol.c ****     if ((mav_data == NULL) || \
 557              		.loc 1 971 5 is_stmt 1 view .LVU136
 558              		.loc 1 971 8 is_stmt 0 view .LVU137
 559 000a 40B1     		cbz	r0, .L37
 972:Task/Task_Protocol.c ****         (SrvDataHub.get_arm_state(&arm_state)) || \
 560              		.loc 1 972 20 discriminator 1 view .LVU138
 561 000c 064B     		ldr	r3, .L40
 562 000e 5B6D     		ldr	r3, [r3, #84]
 563              		.loc 1 972 10 discriminator 1 view .LVU139
 564 0010 0DF10700 		add	r0, sp, #7
 565              	.LVL53:
 566              		.loc 1 972 10 discriminator 1 view .LVU140
ARM GAS  C:\Users\HUAV\AppData\Local\Temp\ccteu8oL.s 			page 28


 567 0014 9847     		blx	r3
 568              	.LVL54:
 971:Task/Task_Protocol.c ****         (SrvDataHub.get_arm_state(&arm_state)) || \
 569              		.loc 1 971 28 discriminator 1 view .LVU141
 570 0016 10B9     		cbnz	r0, .L37
 973:Task/Task_Protocol.c ****         (arm_state == DRONE_DISARM))
 571              		.loc 1 973 20 view .LVU142
 572 0018 9DF80700 		ldrb	r0, [sp, #7]	@ zero_extendqisi2
 972:Task/Task_Protocol.c ****         (SrvDataHub.get_arm_state(&arm_state)) || \
 573              		.loc 1 972 48 view .LVU143
 574 001c 00B9     		cbnz	r0, .L38
 575              	.L37:
 974:Task/Task_Protocol.c ****         return false;
 576              		.loc 1 974 9 is_stmt 1 view .LVU144
 577              		.loc 1 974 16 is_stmt 0 view .LVU145
 578 001e 0020     		movs	r0, #0
 579              	.L38:
 975:Task/Task_Protocol.c **** 
 976:Task/Task_Protocol.c ****     return true;
 977:Task/Task_Protocol.c **** }
 580              		.loc 1 977 1 view .LVU146
 581 0020 03B0     		add	sp, sp, #12
 582              	.LCFI10:
 583              		.cfi_def_cfa_offset 4
 584              		@ sp needed
 585 0022 5DF804FB 		ldr	pc, [sp], #4
 586              	.L41:
 587 0026 00BF     		.align	2
 588              	.L40:
 589 0028 00000000 		.word	SrvDataHub
 590              		.cfi_endproc
 591              	.LFE2296:
 593              		.section	.text.TaskFrame_Mav_PID_Pitch_Callback,"ax",%progbits
 594              		.align	1
 595              		.syntax unified
 596              		.thumb
 597              		.thumb_func
 599              	TaskFrame_Mav_PID_Pitch_Callback:
 600              	.LVL55:
 601              	.LFB2297:
 978:Task/Task_Protocol.c **** 
 979:Task/Task_Protocol.c **** static bool TaskFrame_Mav_PID_Pitch_Callback(void const *mav_data, void *cus_data)
 980:Task/Task_Protocol.c **** {
 602              		.loc 1 980 1 is_stmt 1 view -0
 603              		.cfi_startproc
 604              		@ args = 0, pretend = 0, frame = 8
 605              		@ frame_needed = 0, uses_anonymous_args = 0
 606              		.loc 1 980 1 is_stmt 0 view .LVU148
 607 0000 00B5     		push	{lr}
 608              	.LCFI11:
 609              		.cfi_def_cfa_offset 4
 610              		.cfi_offset 14, -4
 611 0002 83B0     		sub	sp, sp, #12
 612              	.LCFI12:
 613              		.cfi_def_cfa_offset 16
 981:Task/Task_Protocol.c ****     bool arm_state = DRONE_ARM;
 614              		.loc 1 981 5 is_stmt 1 view .LVU149
ARM GAS  C:\Users\HUAV\AppData\Local\Temp\ccteu8oL.s 			page 29


 615              		.loc 1 981 10 is_stmt 0 view .LVU150
 616 0004 0123     		movs	r3, #1
 617 0006 8DF80730 		strb	r3, [sp, #7]
 982:Task/Task_Protocol.c **** 
 983:Task/Task_Protocol.c ****     if ((mav_data == NULL) || \
 618              		.loc 1 983 5 is_stmt 1 view .LVU151
 619              		.loc 1 983 8 is_stmt 0 view .LVU152
 620 000a 40B1     		cbz	r0, .L43
 984:Task/Task_Protocol.c ****         (SrvDataHub.get_arm_state(&arm_state)) || \
 621              		.loc 1 984 20 discriminator 1 view .LVU153
 622 000c 064B     		ldr	r3, .L46
 623 000e 5B6D     		ldr	r3, [r3, #84]
 624              		.loc 1 984 10 discriminator 1 view .LVU154
 625 0010 0DF10700 		add	r0, sp, #7
 626              	.LVL56:
 627              		.loc 1 984 10 discriminator 1 view .LVU155
 628 0014 9847     		blx	r3
 629              	.LVL57:
 983:Task/Task_Protocol.c ****         (SrvDataHub.get_arm_state(&arm_state)) || \
 630              		.loc 1 983 28 discriminator 1 view .LVU156
 631 0016 10B9     		cbnz	r0, .L43
 985:Task/Task_Protocol.c ****         (arm_state == DRONE_DISARM))
 632              		.loc 1 985 20 view .LVU157
 633 0018 9DF80700 		ldrb	r0, [sp, #7]	@ zero_extendqisi2
 984:Task/Task_Protocol.c ****         (SrvDataHub.get_arm_state(&arm_state)) || \
 634              		.loc 1 984 48 view .LVU158
 635 001c 00B9     		cbnz	r0, .L44
 636              	.L43:
 986:Task/Task_Protocol.c ****         return false;
 637              		.loc 1 986 9 is_stmt 1 view .LVU159
 638              		.loc 1 986 16 is_stmt 0 view .LVU160
 639 001e 0020     		movs	r0, #0
 640              	.L44:
 987:Task/Task_Protocol.c **** 
 988:Task/Task_Protocol.c ****     return true;
 989:Task/Task_Protocol.c **** }
 641              		.loc 1 989 1 view .LVU161
 642 0020 03B0     		add	sp, sp, #12
 643              	.LCFI13:
 644              		.cfi_def_cfa_offset 4
 645              		@ sp needed
 646 0022 5DF804FB 		ldr	pc, [sp], #4
 647              	.L47:
 648 0026 00BF     		.align	2
 649              	.L46:
 650 0028 00000000 		.word	SrvDataHub
 651              		.cfi_endproc
 652              	.LFE2297:
 654              		.section	.text.TaskFrame_Mav_PID_GyrX_Callback,"ax",%progbits
 655              		.align	1
 656              		.syntax unified
 657              		.thumb
 658              		.thumb_func
 660              	TaskFrame_Mav_PID_GyrX_Callback:
 661              	.LVL58:
 662              	.LFB2298:
 990:Task/Task_Protocol.c **** 
ARM GAS  C:\Users\HUAV\AppData\Local\Temp\ccteu8oL.s 			page 30


 991:Task/Task_Protocol.c **** static bool TaskFrame_Mav_PID_GyrX_Callback(void const *mav_data, void *cus_data)
 992:Task/Task_Protocol.c **** {
 663              		.loc 1 992 1 is_stmt 1 view -0
 664              		.cfi_startproc
 665              		@ args = 0, pretend = 0, frame = 8
 666              		@ frame_needed = 0, uses_anonymous_args = 0
 667              		.loc 1 992 1 is_stmt 0 view .LVU163
 668 0000 00B5     		push	{lr}
 669              	.LCFI14:
 670              		.cfi_def_cfa_offset 4
 671              		.cfi_offset 14, -4
 672 0002 83B0     		sub	sp, sp, #12
 673              	.LCFI15:
 674              		.cfi_def_cfa_offset 16
 993:Task/Task_Protocol.c ****     bool arm_state = DRONE_ARM;
 675              		.loc 1 993 5 is_stmt 1 view .LVU164
 676              		.loc 1 993 10 is_stmt 0 view .LVU165
 677 0004 0123     		movs	r3, #1
 678 0006 8DF80730 		strb	r3, [sp, #7]
 994:Task/Task_Protocol.c **** 
 995:Task/Task_Protocol.c ****     if ((mav_data == NULL) || \
 679              		.loc 1 995 5 is_stmt 1 view .LVU166
 680              		.loc 1 995 8 is_stmt 0 view .LVU167
 681 000a 40B1     		cbz	r0, .L49
 996:Task/Task_Protocol.c ****         (SrvDataHub.get_arm_state(&arm_state)) || \
 682              		.loc 1 996 20 discriminator 1 view .LVU168
 683 000c 064B     		ldr	r3, .L52
 684 000e 5B6D     		ldr	r3, [r3, #84]
 685              		.loc 1 996 10 discriminator 1 view .LVU169
 686 0010 0DF10700 		add	r0, sp, #7
 687              	.LVL59:
 688              		.loc 1 996 10 discriminator 1 view .LVU170
 689 0014 9847     		blx	r3
 690              	.LVL60:
 995:Task/Task_Protocol.c ****         (SrvDataHub.get_arm_state(&arm_state)) || \
 691              		.loc 1 995 28 discriminator 1 view .LVU171
 692 0016 10B9     		cbnz	r0, .L49
 997:Task/Task_Protocol.c ****         (arm_state == DRONE_DISARM))
 693              		.loc 1 997 20 view .LVU172
 694 0018 9DF80700 		ldrb	r0, [sp, #7]	@ zero_extendqisi2
 996:Task/Task_Protocol.c ****         (SrvDataHub.get_arm_state(&arm_state)) || \
 695              		.loc 1 996 48 view .LVU173
 696 001c 00B9     		cbnz	r0, .L50
 697              	.L49:
 998:Task/Task_Protocol.c ****         return false;
 698              		.loc 1 998 9 is_stmt 1 view .LVU174
 699              		.loc 1 998 16 is_stmt 0 view .LVU175
 700 001e 0020     		movs	r0, #0
 701              	.L50:
 999:Task/Task_Protocol.c **** 
1000:Task/Task_Protocol.c ****     return true;
1001:Task/Task_Protocol.c **** }
 702              		.loc 1 1001 1 view .LVU176
 703 0020 03B0     		add	sp, sp, #12
 704              	.LCFI16:
 705              		.cfi_def_cfa_offset 4
 706              		@ sp needed
ARM GAS  C:\Users\HUAV\AppData\Local\Temp\ccteu8oL.s 			page 31


 707 0022 5DF804FB 		ldr	pc, [sp], #4
 708              	.L53:
 709 0026 00BF     		.align	2
 710              	.L52:
 711 0028 00000000 		.word	SrvDataHub
 712              		.cfi_endproc
 713              	.LFE2298:
 715              		.section	.text.TaskFrame_Mav_PID_GyrY_Callback,"ax",%progbits
 716              		.align	1
 717              		.syntax unified
 718              		.thumb
 719              		.thumb_func
 721              	TaskFrame_Mav_PID_GyrY_Callback:
 722              	.LVL61:
 723              	.LFB2299:
1002:Task/Task_Protocol.c **** 
1003:Task/Task_Protocol.c **** static bool TaskFrame_Mav_PID_GyrY_Callback(void const *mav_data, void *cus_data)
1004:Task/Task_Protocol.c **** {
 724              		.loc 1 1004 1 is_stmt 1 view -0
 725              		.cfi_startproc
 726              		@ args = 0, pretend = 0, frame = 8
 727              		@ frame_needed = 0, uses_anonymous_args = 0
 728              		.loc 1 1004 1 is_stmt 0 view .LVU178
 729 0000 00B5     		push	{lr}
 730              	.LCFI17:
 731              		.cfi_def_cfa_offset 4
 732              		.cfi_offset 14, -4
 733 0002 83B0     		sub	sp, sp, #12
 734              	.LCFI18:
 735              		.cfi_def_cfa_offset 16
1005:Task/Task_Protocol.c ****     bool arm_state = DRONE_ARM;
 736              		.loc 1 1005 5 is_stmt 1 view .LVU179
 737              		.loc 1 1005 10 is_stmt 0 view .LVU180
 738 0004 0123     		movs	r3, #1
 739 0006 8DF80730 		strb	r3, [sp, #7]
1006:Task/Task_Protocol.c **** 
1007:Task/Task_Protocol.c ****     if ((mav_data == NULL) || \
 740              		.loc 1 1007 5 is_stmt 1 view .LVU181
 741              		.loc 1 1007 8 is_stmt 0 view .LVU182
 742 000a 40B1     		cbz	r0, .L55
1008:Task/Task_Protocol.c ****         (SrvDataHub.get_arm_state(&arm_state)) || \
 743              		.loc 1 1008 20 discriminator 1 view .LVU183
 744 000c 064B     		ldr	r3, .L58
 745 000e 5B6D     		ldr	r3, [r3, #84]
 746              		.loc 1 1008 10 discriminator 1 view .LVU184
 747 0010 0DF10700 		add	r0, sp, #7
 748              	.LVL62:
 749              		.loc 1 1008 10 discriminator 1 view .LVU185
 750 0014 9847     		blx	r3
 751              	.LVL63:
1007:Task/Task_Protocol.c ****         (SrvDataHub.get_arm_state(&arm_state)) || \
 752              		.loc 1 1007 28 discriminator 1 view .LVU186
 753 0016 10B9     		cbnz	r0, .L55
1009:Task/Task_Protocol.c ****         (arm_state == DRONE_DISARM))
 754              		.loc 1 1009 20 view .LVU187
 755 0018 9DF80700 		ldrb	r0, [sp, #7]	@ zero_extendqisi2
1008:Task/Task_Protocol.c ****         (SrvDataHub.get_arm_state(&arm_state)) || \
ARM GAS  C:\Users\HUAV\AppData\Local\Temp\ccteu8oL.s 			page 32


 756              		.loc 1 1008 48 view .LVU188
 757 001c 00B9     		cbnz	r0, .L56
 758              	.L55:
1010:Task/Task_Protocol.c ****         return false;
 759              		.loc 1 1010 9 is_stmt 1 view .LVU189
 760              		.loc 1 1010 16 is_stmt 0 view .LVU190
 761 001e 0020     		movs	r0, #0
 762              	.L56:
1011:Task/Task_Protocol.c **** 
1012:Task/Task_Protocol.c ****     return true;
1013:Task/Task_Protocol.c **** }
 763              		.loc 1 1013 1 view .LVU191
 764 0020 03B0     		add	sp, sp, #12
 765              	.LCFI19:
 766              		.cfi_def_cfa_offset 4
 767              		@ sp needed
 768 0022 5DF804FB 		ldr	pc, [sp], #4
 769              	.L59:
 770 0026 00BF     		.align	2
 771              	.L58:
 772 0028 00000000 		.word	SrvDataHub
 773              		.cfi_endproc
 774              	.LFE2299:
 776              		.section	.text.TaskFrame_Mav_PID_GyrZ_Callback,"ax",%progbits
 777              		.align	1
 778              		.syntax unified
 779              		.thumb
 780              		.thumb_func
 782              	TaskFrame_Mav_PID_GyrZ_Callback:
 783              	.LVL64:
 784              	.LFB2300:
1014:Task/Task_Protocol.c **** 
1015:Task/Task_Protocol.c **** static bool TaskFrame_Mav_PID_GyrZ_Callback(void const *mav_data, void *cus_data)
1016:Task/Task_Protocol.c **** {
 785              		.loc 1 1016 1 is_stmt 1 view -0
 786              		.cfi_startproc
 787              		@ args = 0, pretend = 0, frame = 8
 788              		@ frame_needed = 0, uses_anonymous_args = 0
 789              		.loc 1 1016 1 is_stmt 0 view .LVU193
 790 0000 00B5     		push	{lr}
 791              	.LCFI20:
 792              		.cfi_def_cfa_offset 4
 793              		.cfi_offset 14, -4
 794 0002 83B0     		sub	sp, sp, #12
 795              	.LCFI21:
 796              		.cfi_def_cfa_offset 16
1017:Task/Task_Protocol.c ****     bool arm_state = DRONE_ARM;
 797              		.loc 1 1017 5 is_stmt 1 view .LVU194
 798              		.loc 1 1017 10 is_stmt 0 view .LVU195
 799 0004 0123     		movs	r3, #1
 800 0006 8DF80730 		strb	r3, [sp, #7]
1018:Task/Task_Protocol.c **** 
1019:Task/Task_Protocol.c ****     if ((mav_data == NULL) || \
 801              		.loc 1 1019 5 is_stmt 1 view .LVU196
 802              		.loc 1 1019 8 is_stmt 0 view .LVU197
 803 000a 40B1     		cbz	r0, .L61
1020:Task/Task_Protocol.c ****         (SrvDataHub.get_arm_state(&arm_state)) || \
ARM GAS  C:\Users\HUAV\AppData\Local\Temp\ccteu8oL.s 			page 33


 804              		.loc 1 1020 20 discriminator 1 view .LVU198
 805 000c 064B     		ldr	r3, .L64
 806 000e 5B6D     		ldr	r3, [r3, #84]
 807              		.loc 1 1020 10 discriminator 1 view .LVU199
 808 0010 0DF10700 		add	r0, sp, #7
 809              	.LVL65:
 810              		.loc 1 1020 10 discriminator 1 view .LVU200
 811 0014 9847     		blx	r3
 812              	.LVL66:
1019:Task/Task_Protocol.c ****         (SrvDataHub.get_arm_state(&arm_state)) || \
 813              		.loc 1 1019 28 discriminator 1 view .LVU201
 814 0016 10B9     		cbnz	r0, .L61
1021:Task/Task_Protocol.c ****         (arm_state == DRONE_DISARM))
 815              		.loc 1 1021 20 view .LVU202
 816 0018 9DF80700 		ldrb	r0, [sp, #7]	@ zero_extendqisi2
1020:Task/Task_Protocol.c ****         (SrvDataHub.get_arm_state(&arm_state)) || \
 817              		.loc 1 1020 48 view .LVU203
 818 001c 00B9     		cbnz	r0, .L62
 819              	.L61:
1022:Task/Task_Protocol.c ****         return false;
 820              		.loc 1 1022 9 is_stmt 1 view .LVU204
 821              		.loc 1 1022 16 is_stmt 0 view .LVU205
 822 001e 0020     		movs	r0, #0
 823              	.L62:
1023:Task/Task_Protocol.c **** 
1024:Task/Task_Protocol.c ****     return true;
1025:Task/Task_Protocol.c **** }
 824              		.loc 1 1025 1 view .LVU206
 825 0020 03B0     		add	sp, sp, #12
 826              	.LCFI22:
 827              		.cfi_def_cfa_offset 4
 828              		@ sp needed
 829 0022 5DF804FB 		ldr	pc, [sp], #4
 830              	.L65:
 831 0026 00BF     		.align	2
 832              	.L64:
 833 0028 00000000 		.word	SrvDataHub
 834              		.cfi_endproc
 835              	.LFE2300:
 837              		.section	.text.TaskFrameCTL_MAV_Msg_Init,"ax",%progbits
 838              		.align	1
 839              		.syntax unified
 840              		.thumb
 841              		.thumb_func
 843              	TaskFrameCTL_MAV_Msg_Init:
 844              	.LFB2288:
 716:Task/Task_Protocol.c ****     if (SrvComProto.get_msg_type() == SrvComProto_Type_MAV)
 845              		.loc 1 716 1 is_stmt 1 view -0
 846              		.cfi_startproc
 847              		@ args = 0, pretend = 0, frame = 8
 848              		@ frame_needed = 0, uses_anonymous_args = 0
 849 0000 2DE9F04F 		push	{r4, r5, r6, r7, r8, r9, r10, fp, lr}
 850              	.LCFI23:
 851              		.cfi_def_cfa_offset 36
 852              		.cfi_offset 4, -36
 853              		.cfi_offset 5, -32
 854              		.cfi_offset 6, -28
ARM GAS  C:\Users\HUAV\AppData\Local\Temp\ccteu8oL.s 			page 34


 855              		.cfi_offset 7, -24
 856              		.cfi_offset 8, -20
 857              		.cfi_offset 9, -16
 858              		.cfi_offset 10, -12
 859              		.cfi_offset 11, -8
 860              		.cfi_offset 14, -4
 861 0004 83B0     		sub	sp, sp, #12
 862              	.LCFI24:
 863              		.cfi_def_cfa_offset 48
 717:Task/Task_Protocol.c ****     {
 864              		.loc 1 717 5 view .LVU208
 717:Task/Task_Protocol.c ****     {
 865              		.loc 1 717 20 is_stmt 0 view .LVU209
 866 0006 044B     		ldr	r3, .L71
 867 0008 5B68     		ldr	r3, [r3, #4]
 717:Task/Task_Protocol.c ****     {
 868              		.loc 1 717 9 view .LVU210
 869 000a 9847     		blx	r3
 870              	.LVL67:
 717:Task/Task_Protocol.c ****     {
 871              		.loc 1 717 8 view .LVU211
 872 000c 0228     		cmp	r0, #2
 873 000e 05D0     		beq	.L70
 824:Task/Task_Protocol.c **** }
 874              		.loc 1 824 12 view .LVU212
 875 0010 0020     		movs	r0, #0
 876              	.L67:
 825:Task/Task_Protocol.c **** 
 877              		.loc 1 825 1 discriminator 1 view .LVU213
 878 0012 03B0     		add	sp, sp, #12
 879              	.LCFI25:
 880              		.cfi_remember_state
 881              		.cfi_def_cfa_offset 36
 882              		@ sp needed
 883 0014 BDE8F08F 		pop	{r4, r5, r6, r7, r8, r9, r10, fp, pc}
 884              	.L72:
 885              		.align	2
 886              	.L71:
 887 0018 00000000 		.word	SrvComProto
 888              	.L70:
 889              	.LCFI26:
 890              		.cfi_restore_state
 891              	.LBB4:
 719:Task/Task_Protocol.c ****         /* create mavlink output message object */
 892              		.loc 1 719 9 is_stmt 1 view .LVU214
 721:Task/Task_Protocol.c ****         memset(&TaskProto_MAV_RawIMU, 0, sizeof(TaskProto_MAV_RawIMU));
 893              		.loc 1 721 9 view .LVU215
 894 001c 0024     		movs	r4, #0
 895 001e ADF80440 		strh	r4, [sp, #4]	@ movhi
 896 0022 8DF80640 		strb	r4, [sp, #6]
 722:Task/Task_Protocol.c ****         memset(&TaskProto_MAV_ScaledIMU, 0, sizeof(TaskProto_MAV_ScaledIMU));
 897              		.loc 1 722 9 view .LVU216
 898 0026 DFF83CB3 		ldr	fp, .L73+104
 899 002a CBF80040 		str	r4, [fp]
 900 002e CBF80440 		str	r4, [fp, #4]
 901 0032 CBF80840 		str	r4, [fp, #8]
 902 0036 CBF80C40 		str	r4, [fp, #12]
ARM GAS  C:\Users\HUAV\AppData\Local\Temp\ccteu8oL.s 			page 35


 903 003a CBF81040 		str	r4, [fp, #16]
 904 003e CBF81440 		str	r4, [fp, #20]
 905 0042 CBF81840 		str	r4, [fp, #24]
 723:Task/Task_Protocol.c ****         memset(&TaskProto_MAV_RcChannel, 0, sizeof(TaskProto_MAV_RcChannel));
 906              		.loc 1 723 9 view .LVU217
 907 0046 DFF82093 		ldr	r9, .L73+108
 908 004a C9F80040 		str	r4, [r9]
 909 004e C9F80440 		str	r4, [r9, #4]
 910 0052 C9F80840 		str	r4, [r9, #8]
 911 0056 C9F80C40 		str	r4, [r9, #12]
 912 005a C9F81040 		str	r4, [r9, #16]
 913 005e C9F81440 		str	r4, [r9, #20]
 914 0062 C9F81840 		str	r4, [r9, #24]
 724:Task/Task_Protocol.c ****         memset(&TaskProto_MAV_MotoChannel, 0, sizeof(TaskProto_MAV_MotoChannel));
 915              		.loc 1 724 9 view .LVU218
 916 0066 A54F     		ldr	r7, .L73
 917 0068 3C60     		str	r4, [r7]
 918 006a 7C60     		str	r4, [r7, #4]
 919 006c BC60     		str	r4, [r7, #8]
 920 006e FC60     		str	r4, [r7, #12]
 921 0070 3C61     		str	r4, [r7, #16]
 922 0072 7C61     		str	r4, [r7, #20]
 923 0074 BC61     		str	r4, [r7, #24]
 725:Task/Task_Protocol.c ****         memset(&TaskProto_MAV_Attitude, 0, sizeof(TaskProto_MAV_Attitude));
 924              		.loc 1 725 9 view .LVU219
 925 0076 A24B     		ldr	r3, .L73+4
 926 0078 1C60     		str	r4, [r3]
 927 007a 5C60     		str	r4, [r3, #4]
 928 007c 9C60     		str	r4, [r3, #8]
 929 007e DC60     		str	r4, [r3, #12]
 930 0080 1C61     		str	r4, [r3, #16]
 931 0082 5C61     		str	r4, [r3, #20]
 932 0084 9C61     		str	r4, [r3, #24]
 726:Task/Task_Protocol.c ****  
 933              		.loc 1 726 9 view .LVU220
 934 0086 9F4B     		ldr	r3, .L73+8
 935 0088 1C60     		str	r4, [r3]
 936 008a 5C60     		str	r4, [r3, #4]
 937 008c 9C60     		str	r4, [r3, #8]
 938 008e DC60     		str	r4, [r3, #12]
 939 0090 1C61     		str	r4, [r3, #16]
 940 0092 5C61     		str	r4, [r3, #20]
 941 0094 9C61     		str	r4, [r3, #24]
 728:Task/Task_Protocol.c ****         memset(&RadioProto_MAV_RawIMU, 0, sizeof(TaskProto_MAV_RawIMU));
 942              		.loc 1 728 9 view .LVU221
 729:Task/Task_Protocol.c ****         memset(&RadioProto_MAV_ScaledIMU, 0, sizeof(TaskProto_MAV_ScaledIMU));
 943              		.loc 1 729 9 view .LVU222
 944 0096 9C4B     		ldr	r3, .L73+12
 945 0098 1C60     		str	r4, [r3]
 946 009a 5C60     		str	r4, [r3, #4]
 947 009c 9C60     		str	r4, [r3, #8]
 948 009e DC60     		str	r4, [r3, #12]
 949 00a0 1C61     		str	r4, [r3, #16]
 950 00a2 5C61     		str	r4, [r3, #20]
 951 00a4 9C61     		str	r4, [r3, #24]
 730:Task/Task_Protocol.c ****         memset(&RadioProto_MAV_RcChannel, 0, sizeof(TaskProto_MAV_RcChannel));
 952              		.loc 1 730 9 view .LVU223
ARM GAS  C:\Users\HUAV\AppData\Local\Temp\ccteu8oL.s 			page 36


 953 00a6 DFF8C482 		ldr	r8, .L73+112
 954 00aa C8F80040 		str	r4, [r8]
 955 00ae C8F80440 		str	r4, [r8, #4]
 956 00b2 C8F80840 		str	r4, [r8, #8]
 957 00b6 C8F80C40 		str	r4, [r8, #12]
 958 00ba C8F81040 		str	r4, [r8, #16]
 959 00be C8F81440 		str	r4, [r8, #20]
 960 00c2 C8F81840 		str	r4, [r8, #24]
 731:Task/Task_Protocol.c ****         memset(&RadioProto_MAV_MotoChannel, 0, sizeof(TaskProto_MAV_MotoChannel));
 961              		.loc 1 731 9 view .LVU224
 962 00c6 914E     		ldr	r6, .L73+16
 963 00c8 3460     		str	r4, [r6]
 964 00ca 7460     		str	r4, [r6, #4]
 965 00cc B460     		str	r4, [r6, #8]
 966 00ce F460     		str	r4, [r6, #12]
 967 00d0 3461     		str	r4, [r6, #16]
 968 00d2 7461     		str	r4, [r6, #20]
 969 00d4 B461     		str	r4, [r6, #24]
 732:Task/Task_Protocol.c ****         memset(&RadioProto_MAV_Attitude, 0, sizeof(TaskProto_MAV_Attitude));
 970              		.loc 1 732 9 view .LVU225
 971 00d6 8E4B     		ldr	r3, .L73+20
 972 00d8 1C60     		str	r4, [r3]
 973 00da 5C60     		str	r4, [r3, #4]
 974 00dc 9C60     		str	r4, [r3, #8]
 975 00de DC60     		str	r4, [r3, #12]
 976 00e0 1C61     		str	r4, [r3, #16]
 977 00e2 5C61     		str	r4, [r3, #20]
 978 00e4 9C61     		str	r4, [r3, #24]
 733:Task/Task_Protocol.c ****  
 979              		.loc 1 733 9 view .LVU226
 980 00e6 8B4B     		ldr	r3, .L73+24
 981 00e8 1C60     		str	r4, [r3]
 982 00ea 5C60     		str	r4, [r3, #4]
 983 00ec 9C60     		str	r4, [r3, #8]
 984 00ee DC60     		str	r4, [r3, #12]
 985 00f0 1C61     		str	r4, [r3, #16]
 986 00f2 5C61     		str	r4, [r3, #20]
 987 00f4 9C61     		str	r4, [r3, #24]
 736:Task/Task_Protocol.c ****         PckInfo.component_id = MAV_CompoID_Raw_IMU;
 988              		.loc 1 736 9 view .LVU227
 736:Task/Task_Protocol.c ****         PckInfo.component_id = MAV_CompoID_Raw_IMU;
 989              		.loc 1 736 27 is_stmt 0 view .LVU228
 990 00f6 4FF0010A 		mov	r10, #1
 991 00fa 8DF804A0 		strb	r10, [sp, #4]
 737:Task/Task_Protocol.c ****         PckInfo.chan = 0;
 992              		.loc 1 737 9 is_stmt 1 view .LVU229
 737:Task/Task_Protocol.c ****         PckInfo.chan = 0;
 993              		.loc 1 737 30 is_stmt 0 view .LVU230
 994 00fe 8DF805A0 		strb	r10, [sp, #5]
 738:Task/Task_Protocol.c ****         SrvComProto.mav_msg_obj_init(&TaskProto_MAV_RawIMU, PckInfo, 10);
 995              		.loc 1 738 9 is_stmt 1 view .LVU231
 739:Task/Task_Protocol.c ****         SrvComProto.mav_msg_enable_ctl(&TaskProto_MAV_RawIMU, false);
 996              		.loc 1 739 9 view .LVU232
 739:Task/Task_Protocol.c ****         SrvComProto.mav_msg_enable_ctl(&TaskProto_MAV_RawIMU, false);
 997              		.loc 1 739 20 is_stmt 0 view .LVU233
 998 0102 854D     		ldr	r5, .L73+28
 999 0104 EB68     		ldr	r3, [r5, #12]
ARM GAS  C:\Users\HUAV\AppData\Local\Temp\ccteu8oL.s 			page 37


 739:Task/Task_Protocol.c ****         SrvComProto.mav_msg_enable_ctl(&TaskProto_MAV_RawIMU, false);
 1000              		.loc 1 739 9 view .LVU234
 1001 0106 0A22     		movs	r2, #10
 1002 0108 0199     		ldr	r1, [sp, #4]
 1003 010a 5846     		mov	r0, fp
 1004 010c 9847     		blx	r3
 1005              	.LVL68:
 740:Task/Task_Protocol.c ****  
 1006              		.loc 1 740 9 is_stmt 1 view .LVU235
 740:Task/Task_Protocol.c ****  
 1007              		.loc 1 740 20 is_stmt 0 view .LVU236
 1008 010e 2B69     		ldr	r3, [r5, #16]
 740:Task/Task_Protocol.c ****  
 1009              		.loc 1 740 9 view .LVU237
 1010 0110 2146     		mov	r1, r4
 1011 0112 5846     		mov	r0, fp
 1012 0114 9847     		blx	r3
 1013              	.LVL69:
 742:Task/Task_Protocol.c ****         SrvComProto.mav_msg_enable_ctl(&RadioProto_MAV_RawIMU, false);
 1014              		.loc 1 742 9 is_stmt 1 view .LVU238
 742:Task/Task_Protocol.c ****         SrvComProto.mav_msg_enable_ctl(&RadioProto_MAV_RawIMU, false);
 1015              		.loc 1 742 20 is_stmt 0 view .LVU239
 1016 0116 EB68     		ldr	r3, [r5, #12]
 742:Task/Task_Protocol.c ****         SrvComProto.mav_msg_enable_ctl(&RadioProto_MAV_RawIMU, false);
 1017              		.loc 1 742 9 view .LVU240
 1018 0118 0A22     		movs	r2, #10
 1019 011a 0199     		ldr	r1, [sp, #4]
 1020 011c 7A48     		ldr	r0, .L73+12
 1021 011e 9847     		blx	r3
 1022              	.LVL70:
 743:Task/Task_Protocol.c ****              
 1023              		.loc 1 743 9 is_stmt 1 view .LVU241
 743:Task/Task_Protocol.c ****              
 1024              		.loc 1 743 20 is_stmt 0 view .LVU242
 1025 0120 2B69     		ldr	r3, [r5, #16]
 743:Task/Task_Protocol.c ****              
 1026              		.loc 1 743 9 view .LVU243
 1027 0122 2146     		mov	r1, r4
 1028 0124 7848     		ldr	r0, .L73+12
 1029 0126 9847     		blx	r3
 1030              	.LVL71:
 746:Task/Task_Protocol.c ****         PckInfo.component_id = MAV_CompoID_Scaled_IMU;
 1031              		.loc 1 746 9 is_stmt 1 view .LVU244
 746:Task/Task_Protocol.c ****         PckInfo.component_id = MAV_CompoID_Scaled_IMU;
 1032              		.loc 1 746 27 is_stmt 0 view .LVU245
 1033 0128 8DF804A0 		strb	r10, [sp, #4]
 747:Task/Task_Protocol.c ****         PckInfo.chan = 0;
 1034              		.loc 1 747 9 is_stmt 1 view .LVU246
 747:Task/Task_Protocol.c ****         PckInfo.chan = 0;
 1035              		.loc 1 747 30 is_stmt 0 view .LVU247
 1036 012c 4FF00203 		mov	r3, #2
 1037 0130 8DF80530 		strb	r3, [sp, #5]
 748:Task/Task_Protocol.c ****         SrvComProto.mav_msg_obj_init(&TaskProto_MAV_ScaledIMU, PckInfo, 10);
 1038              		.loc 1 748 9 is_stmt 1 view .LVU248
 748:Task/Task_Protocol.c ****         SrvComProto.mav_msg_obj_init(&TaskProto_MAV_ScaledIMU, PckInfo, 10);
 1039              		.loc 1 748 22 is_stmt 0 view .LVU249
 1040 0134 8DF80640 		strb	r4, [sp, #6]
ARM GAS  C:\Users\HUAV\AppData\Local\Temp\ccteu8oL.s 			page 38


 749:Task/Task_Protocol.c ****         SrvComProto.mav_msg_enable_ctl(&TaskProto_MAV_ScaledIMU, true);
 1041              		.loc 1 749 9 is_stmt 1 view .LVU250
 749:Task/Task_Protocol.c ****         SrvComProto.mav_msg_enable_ctl(&TaskProto_MAV_ScaledIMU, true);
 1042              		.loc 1 749 20 is_stmt 0 view .LVU251
 1043 0138 EB68     		ldr	r3, [r5, #12]
 749:Task/Task_Protocol.c ****         SrvComProto.mav_msg_enable_ctl(&TaskProto_MAV_ScaledIMU, true);
 1044              		.loc 1 749 9 view .LVU252
 1045 013a 0A22     		movs	r2, #10
 1046 013c 0199     		ldr	r1, [sp, #4]
 1047 013e 4846     		mov	r0, r9
 1048 0140 9847     		blx	r3
 1049              	.LVL72:
 750:Task/Task_Protocol.c **** 
 1050              		.loc 1 750 9 is_stmt 1 view .LVU253
 750:Task/Task_Protocol.c **** 
 1051              		.loc 1 750 20 is_stmt 0 view .LVU254
 1052 0142 2B69     		ldr	r3, [r5, #16]
 750:Task/Task_Protocol.c **** 
 1053              		.loc 1 750 9 view .LVU255
 1054 0144 5146     		mov	r1, r10
 1055 0146 4846     		mov	r0, r9
 1056 0148 9847     		blx	r3
 1057              	.LVL73:
 752:Task/Task_Protocol.c ****         SrvComProto.mav_msg_enable_ctl(&RadioProto_MAV_ScaledIMU, true);
 1058              		.loc 1 752 9 is_stmt 1 view .LVU256
 752:Task/Task_Protocol.c ****         SrvComProto.mav_msg_enable_ctl(&RadioProto_MAV_ScaledIMU, true);
 1059              		.loc 1 752 20 is_stmt 0 view .LVU257
 1060 014a EB68     		ldr	r3, [r5, #12]
 752:Task/Task_Protocol.c ****         SrvComProto.mav_msg_enable_ctl(&RadioProto_MAV_ScaledIMU, true);
 1061              		.loc 1 752 9 view .LVU258
 1062 014c 0A22     		movs	r2, #10
 1063 014e 0199     		ldr	r1, [sp, #4]
 1064 0150 4046     		mov	r0, r8
 1065 0152 9847     		blx	r3
 1066              	.LVL74:
 753:Task/Task_Protocol.c ****         
 1067              		.loc 1 753 9 is_stmt 1 view .LVU259
 753:Task/Task_Protocol.c ****         
 1068              		.loc 1 753 20 is_stmt 0 view .LVU260
 1069 0154 2B69     		ldr	r3, [r5, #16]
 753:Task/Task_Protocol.c ****         
 1070              		.loc 1 753 9 view .LVU261
 1071 0156 5146     		mov	r1, r10
 1072 0158 4046     		mov	r0, r8
 1073 015a 9847     		blx	r3
 1074              	.LVL75:
 756:Task/Task_Protocol.c ****         PckInfo.component_id = MAV_CompoID_RC_Channel;
 1075              		.loc 1 756 9 is_stmt 1 view .LVU262
 756:Task/Task_Protocol.c ****         PckInfo.component_id = MAV_CompoID_RC_Channel;
 1076              		.loc 1 756 27 is_stmt 0 view .LVU263
 1077 015c 8DF804A0 		strb	r10, [sp, #4]
 757:Task/Task_Protocol.c ****         PckInfo.chan = 0;
 1078              		.loc 1 757 9 is_stmt 1 view .LVU264
 757:Task/Task_Protocol.c ****         PckInfo.chan = 0;
 1079              		.loc 1 757 30 is_stmt 0 view .LVU265
 1080 0160 4FF00803 		mov	r3, #8
 1081 0164 8DF80530 		strb	r3, [sp, #5]
ARM GAS  C:\Users\HUAV\AppData\Local\Temp\ccteu8oL.s 			page 39


 758:Task/Task_Protocol.c ****         SrvComProto.mav_msg_obj_init(&TaskProto_MAV_RcChannel, PckInfo, 20);
 1082              		.loc 1 758 9 is_stmt 1 view .LVU266
 758:Task/Task_Protocol.c ****         SrvComProto.mav_msg_obj_init(&TaskProto_MAV_RcChannel, PckInfo, 20);
 1083              		.loc 1 758 22 is_stmt 0 view .LVU267
 1084 0168 8DF80640 		strb	r4, [sp, #6]
 759:Task/Task_Protocol.c ****         SrvComProto.mav_msg_enable_ctl(&TaskProto_MAV_RcChannel, true);
 1085              		.loc 1 759 9 is_stmt 1 view .LVU268
 759:Task/Task_Protocol.c ****         SrvComProto.mav_msg_enable_ctl(&TaskProto_MAV_RcChannel, true);
 1086              		.loc 1 759 20 is_stmt 0 view .LVU269
 1087 016c EB68     		ldr	r3, [r5, #12]
 759:Task/Task_Protocol.c ****         SrvComProto.mav_msg_enable_ctl(&TaskProto_MAV_RcChannel, true);
 1088              		.loc 1 759 9 view .LVU270
 1089 016e 1422     		movs	r2, #20
 1090 0170 0199     		ldr	r1, [sp, #4]
 1091 0172 3846     		mov	r0, r7
 1092 0174 9847     		blx	r3
 1093              	.LVL76:
 760:Task/Task_Protocol.c **** 
 1094              		.loc 1 760 9 is_stmt 1 view .LVU271
 760:Task/Task_Protocol.c **** 
 1095              		.loc 1 760 20 is_stmt 0 view .LVU272
 1096 0176 2B69     		ldr	r3, [r5, #16]
 760:Task/Task_Protocol.c **** 
 1097              		.loc 1 760 9 view .LVU273
 1098 0178 5146     		mov	r1, r10
 1099 017a 3846     		mov	r0, r7
 1100 017c 9847     		blx	r3
 1101              	.LVL77:
 762:Task/Task_Protocol.c ****         SrvComProto.mav_msg_enable_ctl(&RadioProto_MAV_RcChannel, true);
 1102              		.loc 1 762 9 is_stmt 1 view .LVU274
 762:Task/Task_Protocol.c ****         SrvComProto.mav_msg_enable_ctl(&RadioProto_MAV_RcChannel, true);
 1103              		.loc 1 762 20 is_stmt 0 view .LVU275
 1104 017e EB68     		ldr	r3, [r5, #12]
 762:Task/Task_Protocol.c ****         SrvComProto.mav_msg_enable_ctl(&RadioProto_MAV_RcChannel, true);
 1105              		.loc 1 762 9 view .LVU276
 1106 0180 1422     		movs	r2, #20
 1107 0182 0199     		ldr	r1, [sp, #4]
 1108 0184 3046     		mov	r0, r6
 1109 0186 9847     		blx	r3
 1110              	.LVL78:
 763:Task/Task_Protocol.c ****         
 1111              		.loc 1 763 9 is_stmt 1 view .LVU277
 763:Task/Task_Protocol.c ****         
 1112              		.loc 1 763 20 is_stmt 0 view .LVU278
 1113 0188 2B69     		ldr	r3, [r5, #16]
 763:Task/Task_Protocol.c ****         
 1114              		.loc 1 763 9 view .LVU279
 1115 018a 5146     		mov	r1, r10
 1116 018c 3046     		mov	r0, r6
 1117 018e 9847     		blx	r3
 1118              	.LVL79:
 766:Task/Task_Protocol.c ****         PckInfo.component_id = MAV_CompoID_MotoCtl;
 1119              		.loc 1 766 9 is_stmt 1 view .LVU280
 766:Task/Task_Protocol.c ****         PckInfo.component_id = MAV_CompoID_MotoCtl;
 1120              		.loc 1 766 27 is_stmt 0 view .LVU281
 1121 0190 8DF804A0 		strb	r10, [sp, #4]
 767:Task/Task_Protocol.c ****         PckInfo.chan = 0;
ARM GAS  C:\Users\HUAV\AppData\Local\Temp\ccteu8oL.s 			page 40


 1122              		.loc 1 767 9 is_stmt 1 view .LVU282
 767:Task/Task_Protocol.c ****         PckInfo.chan = 0;
 1123              		.loc 1 767 30 is_stmt 0 view .LVU283
 1124 0194 4FF00903 		mov	r3, #9
 1125 0198 8DF80530 		strb	r3, [sp, #5]
 768:Task/Task_Protocol.c ****         SrvComProto.mav_msg_obj_init(&TaskProto_MAV_MotoChannel, PckInfo, 10);
 1126              		.loc 1 768 9 is_stmt 1 view .LVU284
 768:Task/Task_Protocol.c ****         SrvComProto.mav_msg_obj_init(&TaskProto_MAV_MotoChannel, PckInfo, 10);
 1127              		.loc 1 768 22 is_stmt 0 view .LVU285
 1128 019c 8DF80640 		strb	r4, [sp, #6]
 769:Task/Task_Protocol.c ****         SrvComProto.mav_msg_enable_ctl(&TaskProto_MAV_MotoChannel, false);
 1129              		.loc 1 769 9 is_stmt 1 view .LVU286
 769:Task/Task_Protocol.c ****         SrvComProto.mav_msg_enable_ctl(&TaskProto_MAV_MotoChannel, false);
 1130              		.loc 1 769 20 is_stmt 0 view .LVU287
 1131 01a0 EB68     		ldr	r3, [r5, #12]
 769:Task/Task_Protocol.c ****         SrvComProto.mav_msg_enable_ctl(&TaskProto_MAV_MotoChannel, false);
 1132              		.loc 1 769 9 view .LVU288
 1133 01a2 0A22     		movs	r2, #10
 1134 01a4 0199     		ldr	r1, [sp, #4]
 1135 01a6 5648     		ldr	r0, .L73+4
 1136 01a8 9847     		blx	r3
 1137              	.LVL80:
 770:Task/Task_Protocol.c **** 
 1138              		.loc 1 770 9 is_stmt 1 view .LVU289
 770:Task/Task_Protocol.c **** 
 1139              		.loc 1 770 20 is_stmt 0 view .LVU290
 1140 01aa 2B69     		ldr	r3, [r5, #16]
 770:Task/Task_Protocol.c **** 
 1141              		.loc 1 770 9 view .LVU291
 1142 01ac 2146     		mov	r1, r4
 1143 01ae 5448     		ldr	r0, .L73+4
 1144 01b0 9847     		blx	r3
 1145              	.LVL81:
 772:Task/Task_Protocol.c ****         SrvComProto.mav_msg_enable_ctl(&RadioProto_MAV_MotoChannel, false);
 1146              		.loc 1 772 9 is_stmt 1 view .LVU292
 772:Task/Task_Protocol.c ****         SrvComProto.mav_msg_enable_ctl(&RadioProto_MAV_MotoChannel, false);
 1147              		.loc 1 772 20 is_stmt 0 view .LVU293
 1148 01b2 EB68     		ldr	r3, [r5, #12]
 772:Task/Task_Protocol.c ****         SrvComProto.mav_msg_enable_ctl(&RadioProto_MAV_MotoChannel, false);
 1149              		.loc 1 772 9 view .LVU294
 1150 01b4 0A22     		movs	r2, #10
 1151 01b6 0199     		ldr	r1, [sp, #4]
 1152 01b8 5548     		ldr	r0, .L73+20
 1153 01ba 9847     		blx	r3
 1154              	.LVL82:
 773:Task/Task_Protocol.c ****         
 1155              		.loc 1 773 9 is_stmt 1 view .LVU295
 773:Task/Task_Protocol.c ****         
 1156              		.loc 1 773 20 is_stmt 0 view .LVU296
 1157 01bc 2B69     		ldr	r3, [r5, #16]
 773:Task/Task_Protocol.c ****         
 1158              		.loc 1 773 9 view .LVU297
 1159 01be 2146     		mov	r1, r4
 1160 01c0 5348     		ldr	r0, .L73+20
 1161 01c2 9847     		blx	r3
 1162              	.LVL83:
 776:Task/Task_Protocol.c ****         PckInfo.component_id = MAV_CompoID_Attitude;
ARM GAS  C:\Users\HUAV\AppData\Local\Temp\ccteu8oL.s 			page 41


 1163              		.loc 1 776 9 is_stmt 1 view .LVU298
 776:Task/Task_Protocol.c ****         PckInfo.component_id = MAV_CompoID_Attitude;
 1164              		.loc 1 776 27 is_stmt 0 view .LVU299
 1165 01c4 8DF804A0 		strb	r10, [sp, #4]
 777:Task/Task_Protocol.c ****         PckInfo.chan = 0;
 1166              		.loc 1 777 9 is_stmt 1 view .LVU300
 777:Task/Task_Protocol.c ****         PckInfo.chan = 0;
 1167              		.loc 1 777 30 is_stmt 0 view .LVU301
 1168 01c8 4FF00503 		mov	r3, #5
 1169 01cc 8DF80530 		strb	r3, [sp, #5]
 778:Task/Task_Protocol.c ****         SrvComProto.mav_msg_obj_init(&TaskProto_MAV_Attitude, PckInfo, 20);
 1170              		.loc 1 778 9 is_stmt 1 view .LVU302
 778:Task/Task_Protocol.c ****         SrvComProto.mav_msg_obj_init(&TaskProto_MAV_Attitude, PckInfo, 20);
 1171              		.loc 1 778 22 is_stmt 0 view .LVU303
 1172 01d0 8DF80640 		strb	r4, [sp, #6]
 779:Task/Task_Protocol.c ****         SrvComProto.mav_msg_enable_ctl(&TaskProto_MAV_Attitude, true);
 1173              		.loc 1 779 9 is_stmt 1 view .LVU304
 779:Task/Task_Protocol.c ****         SrvComProto.mav_msg_enable_ctl(&TaskProto_MAV_Attitude, true);
 1174              		.loc 1 779 20 is_stmt 0 view .LVU305
 1175 01d4 EB68     		ldr	r3, [r5, #12]
 779:Task/Task_Protocol.c ****         SrvComProto.mav_msg_enable_ctl(&TaskProto_MAV_Attitude, true);
 1176              		.loc 1 779 9 view .LVU306
 1177 01d6 1422     		movs	r2, #20
 1178 01d8 0199     		ldr	r1, [sp, #4]
 1179 01da 4A48     		ldr	r0, .L73+8
 1180 01dc 9847     		blx	r3
 1181              	.LVL84:
 780:Task/Task_Protocol.c **** 
 1182              		.loc 1 780 9 is_stmt 1 view .LVU307
 780:Task/Task_Protocol.c **** 
 1183              		.loc 1 780 20 is_stmt 0 view .LVU308
 1184 01de 2B69     		ldr	r3, [r5, #16]
 780:Task/Task_Protocol.c **** 
 1185              		.loc 1 780 9 view .LVU309
 1186 01e0 5146     		mov	r1, r10
 1187 01e2 4848     		ldr	r0, .L73+8
 1188 01e4 9847     		blx	r3
 1189              	.LVL85:
 782:Task/Task_Protocol.c ****         SrvComProto.mav_msg_enable_ctl(&RadioProto_MAV_Attitude, true);
 1190              		.loc 1 782 9 is_stmt 1 view .LVU310
 782:Task/Task_Protocol.c ****         SrvComProto.mav_msg_enable_ctl(&RadioProto_MAV_Attitude, true);
 1191              		.loc 1 782 20 is_stmt 0 view .LVU311
 1192 01e6 EB68     		ldr	r3, [r5, #12]
 782:Task/Task_Protocol.c ****         SrvComProto.mav_msg_enable_ctl(&RadioProto_MAV_Attitude, true);
 1193              		.loc 1 782 9 view .LVU312
 1194 01e8 1422     		movs	r2, #20
 1195 01ea 0199     		ldr	r1, [sp, #4]
 1196 01ec 4948     		ldr	r0, .L73+24
 1197 01ee 9847     		blx	r3
 1198              	.LVL86:
 783:Task/Task_Protocol.c ****                
 1199              		.loc 1 783 9 is_stmt 1 view .LVU313
 783:Task/Task_Protocol.c ****                
 1200              		.loc 1 783 20 is_stmt 0 view .LVU314
 1201 01f0 2B69     		ldr	r3, [r5, #16]
 783:Task/Task_Protocol.c ****                
 1202              		.loc 1 783 9 view .LVU315
ARM GAS  C:\Users\HUAV\AppData\Local\Temp\ccteu8oL.s 			page 42


 1203 01f2 5146     		mov	r1, r10
 1204 01f4 4748     		ldr	r0, .L73+24
 1205 01f6 9847     		blx	r3
 1206              	.LVL87:
 786:Task/Task_Protocol.c ****         PckInfo.component_id = MAV_CompoID_Exp_Attitude;
 1207              		.loc 1 786 9 is_stmt 1 view .LVU316
 786:Task/Task_Protocol.c ****         PckInfo.component_id = MAV_CompoID_Exp_Attitude;
 1208              		.loc 1 786 27 is_stmt 0 view .LVU317
 1209 01f8 8DF804A0 		strb	r10, [sp, #4]
 787:Task/Task_Protocol.c ****         PckInfo.chan = 0;
 1210              		.loc 1 787 9 is_stmt 1 view .LVU318
 787:Task/Task_Protocol.c ****         PckInfo.chan = 0;
 1211              		.loc 1 787 30 is_stmt 0 view .LVU319
 1212 01fc 4FF0060B 		mov	fp, #6
 1213 0200 8DF805B0 		strb	fp, [sp, #5]
 788:Task/Task_Protocol.c ****         SrvComProto.mav_msg_obj_init(&TaskProto_MAV_Exp_Attitude, PckInfo, 20);
 1214              		.loc 1 788 9 is_stmt 1 view .LVU320
 788:Task/Task_Protocol.c ****         SrvComProto.mav_msg_obj_init(&TaskProto_MAV_Exp_Attitude, PckInfo, 20);
 1215              		.loc 1 788 22 is_stmt 0 view .LVU321
 1216 0204 8DF80640 		strb	r4, [sp, #6]
 789:Task/Task_Protocol.c ****         SrvComProto.mav_msg_enable_ctl(&TaskProto_MAV_Exp_Attitude, true);
 1217              		.loc 1 789 9 is_stmt 1 view .LVU322
 789:Task/Task_Protocol.c ****         SrvComProto.mav_msg_enable_ctl(&TaskProto_MAV_Exp_Attitude, true);
 1218              		.loc 1 789 20 is_stmt 0 view .LVU323
 1219 0208 EB68     		ldr	r3, [r5, #12]
 789:Task/Task_Protocol.c ****         SrvComProto.mav_msg_enable_ctl(&TaskProto_MAV_Exp_Attitude, true);
 1220              		.loc 1 789 9 view .LVU324
 1221 020a 444E     		ldr	r6, .L73+32
 1222 020c 1422     		movs	r2, #20
 1223 020e 0199     		ldr	r1, [sp, #4]
 1224 0210 3046     		mov	r0, r6
 1225 0212 9847     		blx	r3
 1226              	.LVL88:
 790:Task/Task_Protocol.c ****  
 1227              		.loc 1 790 9 is_stmt 1 view .LVU325
 790:Task/Task_Protocol.c ****  
 1228              		.loc 1 790 20 is_stmt 0 view .LVU326
 1229 0214 2B69     		ldr	r3, [r5, #16]
 790:Task/Task_Protocol.c ****  
 1230              		.loc 1 790 9 view .LVU327
 1231 0216 5146     		mov	r1, r10
 1232 0218 3046     		mov	r0, r6
 1233 021a 9847     		blx	r3
 1234              	.LVL89:
 793:Task/Task_Protocol.c ****         PckInfo.component_id = MAV_CompoID_Altitude;
 1235              		.loc 1 793 9 is_stmt 1 view .LVU328
 793:Task/Task_Protocol.c ****         PckInfo.component_id = MAV_CompoID_Altitude;
 1236              		.loc 1 793 27 is_stmt 0 view .LVU329
 1237 021c 8DF804A0 		strb	r10, [sp, #4]
 794:Task/Task_Protocol.c ****         PckInfo.chan = 0;
 1238              		.loc 1 794 9 is_stmt 1 view .LVU330
 794:Task/Task_Protocol.c ****         PckInfo.chan = 0;
 1239              		.loc 1 794 30 is_stmt 0 view .LVU331
 1240 0220 4FF00709 		mov	r9, #7
 1241 0224 8DF80590 		strb	r9, [sp, #5]
 795:Task/Task_Protocol.c ****         SrvComProto.mav_msg_obj_init(&TaskProto_MAV_Altitude, PckInfo, 100);
 1242              		.loc 1 795 9 is_stmt 1 view .LVU332
ARM GAS  C:\Users\HUAV\AppData\Local\Temp\ccteu8oL.s 			page 43


 795:Task/Task_Protocol.c ****         SrvComProto.mav_msg_obj_init(&TaskProto_MAV_Altitude, PckInfo, 100);
 1243              		.loc 1 795 22 is_stmt 0 view .LVU333
 1244 0228 8DF80640 		strb	r4, [sp, #6]
 796:Task/Task_Protocol.c ****         SrvComProto.mav_msg_enable_ctl(&TaskProto_MAV_Altitude, true);
 1245              		.loc 1 796 9 is_stmt 1 view .LVU334
 796:Task/Task_Protocol.c ****         SrvComProto.mav_msg_enable_ctl(&TaskProto_MAV_Altitude, true);
 1246              		.loc 1 796 20 is_stmt 0 view .LVU335
 1247 022c EB68     		ldr	r3, [r5, #12]
 796:Task/Task_Protocol.c ****         SrvComProto.mav_msg_enable_ctl(&TaskProto_MAV_Altitude, true);
 1248              		.loc 1 796 9 view .LVU336
 1249 022e 3C4E     		ldr	r6, .L73+36
 1250 0230 6422     		movs	r2, #100
 1251 0232 0199     		ldr	r1, [sp, #4]
 1252 0234 3046     		mov	r0, r6
 1253 0236 9847     		blx	r3
 1254              	.LVL90:
 797:Task/Task_Protocol.c **** 
 1255              		.loc 1 797 9 is_stmt 1 view .LVU337
 797:Task/Task_Protocol.c **** 
 1256              		.loc 1 797 20 is_stmt 0 view .LVU338
 1257 0238 2B69     		ldr	r3, [r5, #16]
 797:Task/Task_Protocol.c **** 
 1258              		.loc 1 797 9 view .LVU339
 1259 023a 5146     		mov	r1, r10
 1260 023c 3046     		mov	r0, r6
 1261 023e 9847     		blx	r3
 1262              	.LVL91:
 799:Task/Task_Protocol.c ****         SrvComProto.mav_msg_enable_ctl(&RadioProto_MAV_Altitude, true);
 1263              		.loc 1 799 9 is_stmt 1 view .LVU340
 799:Task/Task_Protocol.c ****         SrvComProto.mav_msg_enable_ctl(&RadioProto_MAV_Altitude, true);
 1264              		.loc 1 799 20 is_stmt 0 view .LVU341
 1265 0240 EB68     		ldr	r3, [r5, #12]
 799:Task/Task_Protocol.c ****         SrvComProto.mav_msg_enable_ctl(&RadioProto_MAV_Altitude, true);
 1266              		.loc 1 799 9 view .LVU342
 1267 0242 384E     		ldr	r6, .L73+40
 1268 0244 6422     		movs	r2, #100
 1269 0246 0199     		ldr	r1, [sp, #4]
 1270 0248 3046     		mov	r0, r6
 1271 024a 9847     		blx	r3
 1272              	.LVL92:
 800:Task/Task_Protocol.c **** 
 1273              		.loc 1 800 9 is_stmt 1 view .LVU343
 800:Task/Task_Protocol.c **** 
 1274              		.loc 1 800 20 is_stmt 0 view .LVU344
 1275 024c 2B69     		ldr	r3, [r5, #16]
 800:Task/Task_Protocol.c **** 
 1276              		.loc 1 800 9 view .LVU345
 1277 024e 5146     		mov	r1, r10
 1278 0250 3046     		mov	r0, r6
 1279 0252 9847     		blx	r3
 1280              	.LVL93:
 805:Task/Task_Protocol.c ****         SrvComProto.mav_msg_set_input_callback(&DefaultPort_MavMsgInput_Obj, MavIn_Msg_PID_Para_Pit
 1281              		.loc 1 805 9 is_stmt 1 view .LVU346
 1282 0254 344E     		ldr	r6, .L73+44
 1283 0256 354B     		ldr	r3, .L73+48
 1284 0258 354A     		ldr	r2, .L73+52
 1285 025a 0821     		movs	r1, #8
ARM GAS  C:\Users\HUAV\AppData\Local\Temp\ccteu8oL.s 			page 44


 1286 025c 3046     		mov	r0, r6
 1287 025e AF69     		ldr	r7, [r5, #24]
 1288 0260 B847     		blx	r7
 1289              	.LVL94:
 806:Task/Task_Protocol.c ****         SrvComProto.mav_msg_set_input_callback(&DefaultPort_MavMsgInput_Obj, MavIn_Msg_PID_Para_Gyr
 1290              		.loc 1 806 9 view .LVU347
 1291 0262 344B     		ldr	r3, .L73+56
 1292 0264 344A     		ldr	r2, .L73+60
 1293 0266 0921     		movs	r1, #9
 1294 0268 3046     		mov	r0, r6
 1295 026a AF69     		ldr	r7, [r5, #24]
 1296 026c B847     		blx	r7
 1297              	.LVL95:
 807:Task/Task_Protocol.c ****         SrvComProto.mav_msg_set_input_callback(&DefaultPort_MavMsgInput_Obj, MavIn_Msg_PID_Para_Gyr
 1298              		.loc 1 807 9 view .LVU348
 1299 026e 334B     		ldr	r3, .L73+64
 1300 0270 334A     		ldr	r2, .L73+68
 1301 0272 0521     		movs	r1, #5
 1302 0274 3046     		mov	r0, r6
 1303 0276 AF69     		ldr	r7, [r5, #24]
 1304 0278 B847     		blx	r7
 1305              	.LVL96:
 808:Task/Task_Protocol.c ****         SrvComProto.mav_msg_set_input_callback(&DefaultPort_MavMsgInput_Obj, MavIn_Msg_PID_Para_Gyr
 1306              		.loc 1 808 9 view .LVU349
 1307 027a 324B     		ldr	r3, .L73+72
 1308 027c 324A     		ldr	r2, .L73+76
 1309 027e 5946     		mov	r1, fp
 1310 0280 3046     		mov	r0, r6
 1311 0282 AF69     		ldr	r7, [r5, #24]
 1312 0284 B847     		blx	r7
 1313              	.LVL97:
 809:Task/Task_Protocol.c **** 
 1314              		.loc 1 809 9 view .LVU350
 1315 0286 DFF8E880 		ldr	r8, .L73+116
 1316 028a 304B     		ldr	r3, .L73+80
 1317 028c 4246     		mov	r2, r8
 1318 028e 4946     		mov	r1, r9
 1319 0290 3046     		mov	r0, r6
 1320 0292 AE69     		ldr	r6, [r5, #24]
 1321 0294 B047     		blx	r6
 1322              	.LVL98:
 813:Task/Task_Protocol.c ****         SrvComProto.mav_msg_set_input_callback(&RadioPort_MavMsgInput_Obj, MavIn_Msg_Gyr,          
 1323              		.loc 1 813 9 view .LVU351
 1324 0296 2E4E     		ldr	r6, .L73+84
 1325 0298 2E4B     		ldr	r3, .L73+88
 1326 029a 2F4A     		ldr	r2, .L73+92
 1327 029c 5146     		mov	r1, r10
 1328 029e 3046     		mov	r0, r6
 1329 02a0 AF69     		ldr	r7, [r5, #24]
 1330 02a2 B847     		blx	r7
 1331              	.LVL99:
 814:Task/Task_Protocol.c ****         SrvComProto.mav_msg_set_input_callback(&RadioPort_MavMsgInput_Obj, MavIn_Msg_Alt,          
 1332              		.loc 1 814 9 view .LVU352
 1333 02a4 2B4F     		ldr	r7, .L73+88
 1334 02a6 07F11003 		add	r3, r7, #16
 1335 02aa 2C4A     		ldr	r2, .L73+96
 1336 02ac 2146     		mov	r1, r4
ARM GAS  C:\Users\HUAV\AppData\Local\Temp\ccteu8oL.s 			page 45


 1337 02ae 3046     		mov	r0, r6
 1338 02b0 AC69     		ldr	r4, [r5, #24]
 1339 02b2 A047     		blx	r4
 1340              	.LVL100:
 815:Task/Task_Protocol.c ****         SrvComProto.mav_msg_set_input_callback(&RadioPort_MavMsgInput_Obj, MavIn_Msg_PID_Para_Roll,
 1341              		.loc 1 815 9 view .LVU353
 815:Task/Task_Protocol.c ****         SrvComProto.mav_msg_set_input_callback(&RadioPort_MavMsgInput_Obj, MavIn_Msg_PID_Para_Roll,
 1342              		.loc 1 815 20 is_stmt 0 view .LVU354
 1343 02b4 AC69     		ldr	r4, [r5, #24]
 815:Task/Task_Protocol.c ****         SrvComProto.mav_msg_set_input_callback(&RadioPort_MavMsgInput_Obj, MavIn_Msg_PID_Para_Roll,
 1344              		.loc 1 815 9 view .LVU355
 1345 02b6 07F11C03 		add	r3, r7, #28
 1346 02ba 294A     		ldr	r2, .L73+100
 1347 02bc 0221     		movs	r1, #2
 1348 02be 3046     		mov	r0, r6
 1349 02c0 A047     		blx	r4
 1350              	.LVL101:
 816:Task/Task_Protocol.c ****         SrvComProto.mav_msg_set_input_callback(&RadioPort_MavMsgInput_Obj, MavIn_Msg_PID_Para_Pitch
 1351              		.loc 1 816 9 is_stmt 1 view .LVU356
 816:Task/Task_Protocol.c ****         SrvComProto.mav_msg_set_input_callback(&RadioPort_MavMsgInput_Obj, MavIn_Msg_PID_Para_Pitch
 1352              		.loc 1 816 20 is_stmt 0 view .LVU357
 1353 02c2 AC69     		ldr	r4, [r5, #24]
 816:Task/Task_Protocol.c ****         SrvComProto.mav_msg_set_input_callback(&RadioPort_MavMsgInput_Obj, MavIn_Msg_PID_Para_Pitch
 1354              		.loc 1 816 9 view .LVU358
 1355 02c4 07F12403 		add	r3, r7, #36
 1356 02c8 194A     		ldr	r2, .L73+52
 1357 02ca 0821     		movs	r1, #8
 1358 02cc 3046     		mov	r0, r6
 1359 02ce A047     		blx	r4
 1360              	.LVL102:
 817:Task/Task_Protocol.c ****         SrvComProto.mav_msg_set_input_callback(&RadioPort_MavMsgInput_Obj, MavIn_Msg_PID_Para_GyrX,
 1361              		.loc 1 817 9 is_stmt 1 view .LVU359
 817:Task/Task_Protocol.c ****         SrvComProto.mav_msg_set_input_callback(&RadioPort_MavMsgInput_Obj, MavIn_Msg_PID_Para_GyrX,
 1362              		.loc 1 817 20 is_stmt 0 view .LVU360
 1363 02d0 AC69     		ldr	r4, [r5, #24]
 817:Task/Task_Protocol.c ****         SrvComProto.mav_msg_set_input_callback(&RadioPort_MavMsgInput_Obj, MavIn_Msg_PID_Para_GyrX,
 1364              		.loc 1 817 9 view .LVU361
 1365 02d2 07F14003 		add	r3, r7, #64
 1366 02d6 184A     		ldr	r2, .L73+60
 1367 02d8 0921     		movs	r1, #9
 1368 02da 3046     		mov	r0, r6
 1369 02dc A047     		blx	r4
 1370              	.LVL103:
 818:Task/Task_Protocol.c ****         SrvComProto.mav_msg_set_input_callback(&RadioPort_MavMsgInput_Obj, MavIn_Msg_PID_Para_GyrY,
 1371              		.loc 1 818 9 is_stmt 1 view .LVU362
 818:Task/Task_Protocol.c ****         SrvComProto.mav_msg_set_input_callback(&RadioPort_MavMsgInput_Obj, MavIn_Msg_PID_Para_GyrY,
 1372              		.loc 1 818 20 is_stmt 0 view .LVU363
 1373 02de AC69     		ldr	r4, [r5, #24]
 818:Task/Task_Protocol.c ****         SrvComProto.mav_msg_set_input_callback(&RadioPort_MavMsgInput_Obj, MavIn_Msg_PID_Para_GyrY,
 1374              		.loc 1 818 9 view .LVU364
 1375 02e0 07F15C03 		add	r3, r7, #92
 1376 02e4 164A     		ldr	r2, .L73+68
 1377 02e6 0521     		movs	r1, #5
 1378 02e8 3046     		mov	r0, r6
 1379 02ea A047     		blx	r4
 1380              	.LVL104:
 819:Task/Task_Protocol.c ****         SrvComProto.mav_msg_set_input_callback(&RadioPort_MavMsgInput_Obj, MavIn_Msg_PID_Para_GyrZ,
ARM GAS  C:\Users\HUAV\AppData\Local\Temp\ccteu8oL.s 			page 46


 1381              		.loc 1 819 9 is_stmt 1 view .LVU365
 819:Task/Task_Protocol.c ****         SrvComProto.mav_msg_set_input_callback(&RadioPort_MavMsgInput_Obj, MavIn_Msg_PID_Para_GyrZ,
 1382              		.loc 1 819 20 is_stmt 0 view .LVU366
 1383 02ec AC69     		ldr	r4, [r5, #24]
 819:Task/Task_Protocol.c ****         SrvComProto.mav_msg_set_input_callback(&RadioPort_MavMsgInput_Obj, MavIn_Msg_PID_Para_GyrZ,
 1384              		.loc 1 819 9 view .LVU367
 1385 02ee 07F17803 		add	r3, r7, #120
 1386 02f2 154A     		ldr	r2, .L73+76
 1387 02f4 5946     		mov	r1, fp
 1388 02f6 3046     		mov	r0, r6
 1389 02f8 3CE0     		b	.L74
 1390              	.L75:
 1391 02fa 00BF     		.align	2
 1392              	.L73:
 1393 02fc 00000000 		.word	.LANCHOR13
 1394 0300 00000000 		.word	.LANCHOR16
 1395 0304 00000000 		.word	.LANCHOR12
 1396 0308 00000000 		.word	.LANCHOR4
 1397 030c 00000000 		.word	.LANCHOR7
 1398 0310 00000000 		.word	.LANCHOR17
 1399 0314 00000000 		.word	.LANCHOR6
 1400 0318 00000000 		.word	SrvComProto
 1401 031c 00000000 		.word	.LANCHOR15
 1402 0320 00000000 		.word	.LANCHOR14
 1403 0324 00000000 		.word	.LANCHOR8
 1404 0328 00000000 		.word	.LANCHOR19
 1405 032c 24000000 		.word	.LANCHOR18+36
 1406 0330 00000000 		.word	TaskFrame_Mav_PID_Roll_Callback
 1407 0334 40000000 		.word	.LANCHOR18+64
 1408 0338 00000000 		.word	TaskFrame_Mav_PID_Pitch_Callback
 1409 033c 5C000000 		.word	.LANCHOR18+92
 1410 0340 00000000 		.word	TaskFrame_Mav_PID_GyrX_Callback
 1411 0344 78000000 		.word	.LANCHOR18+120
 1412 0348 00000000 		.word	TaskFrame_Mav_PID_GyrY_Callback
 1413 034c 94000000 		.word	.LANCHOR18+148
 1414 0350 00000000 		.word	.LANCHOR20
 1415 0354 00000000 		.word	.LANCHOR18
 1416 0358 00000000 		.word	TaskFrame_Mav_ExpAtt_Callback
 1417 035c 00000000 		.word	TaskFrame_Mav_ExpGyro_Callback
 1418 0360 00000000 		.word	TaskFrame_Mav_ExpAlt_Callback
 1419 0364 00000000 		.word	.LANCHOR10
 1420 0368 00000000 		.word	.LANCHOR11
 1421 036c 00000000 		.word	.LANCHOR5
 1422 0370 00000000 		.word	TaskFrame_Mav_PID_GyrZ_Callback
 1423              	.L74:
 1424 0374 A047     		blx	r4
 1425              	.LVL105:
 820:Task/Task_Protocol.c ****         return true;
 1426              		.loc 1 820 9 is_stmt 1 view .LVU368
 820:Task/Task_Protocol.c ****         return true;
 1427              		.loc 1 820 20 is_stmt 0 view .LVU369
 1428 0376 AC69     		ldr	r4, [r5, #24]
 820:Task/Task_Protocol.c ****         return true;
 1429              		.loc 1 820 9 view .LVU370
 1430 0378 07F19403 		add	r3, r7, #148
 1431 037c 4246     		mov	r2, r8
 1432 037e 4946     		mov	r1, r9
ARM GAS  C:\Users\HUAV\AppData\Local\Temp\ccteu8oL.s 			page 47


 1433 0380 3046     		mov	r0, r6
 1434 0382 A047     		blx	r4
 1435              	.LVL106:
 821:Task/Task_Protocol.c ****     }
 1436              		.loc 1 821 9 is_stmt 1 view .LVU371
 821:Task/Task_Protocol.c ****     }
 1437              		.loc 1 821 16 is_stmt 0 view .LVU372
 1438 0384 5046     		mov	r0, r10
 1439 0386 44E6     		b	.L67
 1440              	.LBE4:
 1441              		.cfi_endproc
 1442              	.LFE2288:
 1444              		.section	.text.TaskFrameCTL_Port_Tx,"ax",%progbits
 1445              		.align	1
 1446              		.syntax unified
 1447              		.thumb
 1448              		.thumb_func
 1450              	TaskFrameCTL_Port_Tx:
 1451              	.LVL107:
 1452              	.LFB2281:
 401:Task/Task_Protocol.c ****     bool state = false;
 1453              		.loc 1 401 1 is_stmt 1 view -0
 1454              		.cfi_startproc
 1455              		@ args = 0, pretend = 0, frame = 0
 1456              		@ frame_needed = 0, uses_anonymous_args = 0
 401:Task/Task_Protocol.c ****     bool state = false;
 1457              		.loc 1 401 1 is_stmt 0 view .LVU374
 1458 0000 2DE9F041 		push	{r4, r5, r6, r7, r8, lr}
 1459              	.LCFI27:
 1460              		.cfi_def_cfa_offset 24
 1461              		.cfi_offset 4, -24
 1462              		.cfi_offset 5, -20
 1463              		.cfi_offset 6, -16
 1464              		.cfi_offset 7, -12
 1465              		.cfi_offset 8, -8
 1466              		.cfi_offset 14, -4
 402:Task/Task_Protocol.c **** 
 1467              		.loc 1 402 5 is_stmt 1 view .LVU375
 1468              	.LVL108:
 404:Task/Task_Protocol.c **** 
 1469              		.loc 1 404 5 view .LVU376
 406:Task/Task_Protocol.c ****     {
 1470              		.loc 1 406 5 view .LVU377
 406:Task/Task_Protocol.c ****     {
 1471              		.loc 1 406 7 is_stmt 0 view .LVU378
 1472 0004 0028     		cmp	r0, #0
 1473 0006 18BF     		it	ne
 1474 0008 0029     		cmpne	r1, #0
 1475 000a 14BF     		ite	ne
 1476 000c 0124     		movne	r4, #1
 1477 000e 0024     		moveq	r4, #0
 1478 0010 24D0     		beq	.L77
 1479 0012 1546     		mov	r5, r2
 1480 0014 0646     		mov	r6, r0
 1481 0016 0F46     		mov	r7, r1
 406:Task/Task_Protocol.c ****     {
 1482              		.loc 1 406 27 discriminator 1 view .LVU379
ARM GAS  C:\Users\HUAV\AppData\Local\Temp\ccteu8oL.s 			page 48


 1483 0018 FAB1     		cbz	r2, .L78
 408:Task/Task_Protocol.c ****         p_UartPort = (FrameCTL_UartPortMonitor_TypeDef *)obj_addr;
 1484              		.loc 1 408 9 is_stmt 1 view .LVU380
 1485              	.LVL109:
 409:Task/Task_Protocol.c **** 
 1486              		.loc 1 409 9 view .LVU381
 412:Task/Task_Protocol.c ****         {
 1487              		.loc 1 412 9 view .LVU382
 412:Task/Task_Protocol.c ****         {
 1488              		.loc 1 412 22 is_stmt 0 view .LVU383
 1489 001a 0478     		ldrb	r4, [r0]	@ zero_extendqisi2
 412:Task/Task_Protocol.c ****         {
 1490              		.loc 1 412 11 view .LVU384
 1491 001c F4B1     		cbz	r4, .L77
 412:Task/Task_Protocol.c ****         {
 1492              		.loc 1 412 48 discriminator 1 view .LVU385
 1493 001e 036A     		ldr	r3, [r0, #32]
 412:Task/Task_Protocol.c ****         {
 1494              		.loc 1 412 35 discriminator 1 view .LVU386
 1495 0020 FBB1     		cbz	r3, .L79
 412:Task/Task_Protocol.c ****         {
 1496              		.loc 1 412 67 discriminator 2 view .LVU387
 1497 0022 8069     		ldr	r0, [r0, #24]
 1498              	.LVL110:
 412:Task/Task_Protocol.c ****         {
 1499              		.loc 1 412 54 discriminator 2 view .LVU388
 1500 0024 F8B1     		cbz	r0, .L80
 412:Task/Task_Protocol.c ****         {
 1501              		.loc 1 412 96 discriminator 3 view .LVU389
 1502 0026 114B     		ldr	r3, .L85
 1503 0028 93F80180 		ldrb	r8, [r3, #1]	@ zero_extendqisi2
 412:Task/Task_Protocol.c ****         {
 1504              		.loc 1 412 81 discriminator 3 view .LVU390
 1505 002c B8F1000F 		cmp	r8, #0
 1506 0030 01D0     		beq	.L84
 420:Task/Task_Protocol.c ****     }
 1507              		.loc 1 420 19 view .LVU391
 1508 0032 0024     		movs	r4, #0
 1509 0034 12E0     		b	.L77
 1510              	.L84:
 414:Task/Task_Protocol.c ****             if ((!BspUart.send(p_UartPort->Obj, p_data, size)) || \
 1511              		.loc 1 414 13 is_stmt 1 view .LVU392
 1512 0036 0021     		movs	r1, #0
 1513              	.LVL111:
 414:Task/Task_Protocol.c ****             if ((!BspUart.send(p_UartPort->Obj, p_data, size)) || \
 1514              		.loc 1 414 13 is_stmt 0 view .LVU393
 1515 0038 FFF7FEFF 		bl	osSemaphoreWait
 1516              	.LVL112:
 415:Task/Task_Protocol.c ****                 (osSemaphoreWait(p_UartPort->p_tx_semphr, FrameCTL_Port_Tx_TimeOut) != osOK))
 1517              		.loc 1 415 13 is_stmt 1 view .LVU394
 415:Task/Task_Protocol.c ****                 (osSemaphoreWait(p_UartPort->p_tx_semphr, FrameCTL_Port_Tx_TimeOut) != osOK))
 1518              		.loc 1 415 26 is_stmt 0 view .LVU395
 1519 003c 0C4B     		ldr	r3, .L85+4
 1520 003e DB69     		ldr	r3, [r3, #28]
 415:Task/Task_Protocol.c ****                 (osSemaphoreWait(p_UartPort->p_tx_semphr, FrameCTL_Port_Tx_TimeOut) != osOK))
 1521              		.loc 1 415 19 view .LVU396
 1522 0040 2A46     		mov	r2, r5
ARM GAS  C:\Users\HUAV\AppData\Local\Temp\ccteu8oL.s 			page 49


 1523 0042 3946     		mov	r1, r7
 1524 0044 306A     		ldr	r0, [r6, #32]
 1525 0046 9847     		blx	r3
 1526              	.LVL113:
 415:Task/Task_Protocol.c ****                 (osSemaphoreWait(p_UartPort->p_tx_semphr, FrameCTL_Port_Tx_TimeOut) != osOK))
 1527              		.loc 1 415 16 view .LVU397
 1528 0048 0446     		mov	r4, r0
 1529 004a 38B1     		cbz	r0, .L77
 416:Task/Task_Protocol.c ****                 state = false;
 1530              		.loc 1 416 18 discriminator 1 view .LVU398
 1531 004c 0521     		movs	r1, #5
 1532 004e B069     		ldr	r0, [r6, #24]
 1533 0050 FFF7FEFF 		bl	osSemaphoreWait
 1534              	.LVL114:
 415:Task/Task_Protocol.c ****                 (osSemaphoreWait(p_UartPort->p_tx_semphr, FrameCTL_Port_Tx_TimeOut) != osOK))
 1535              		.loc 1 415 64 discriminator 1 view .LVU399
 1536 0054 10B1     		cbz	r0, .L77
 417:Task/Task_Protocol.c ****         }
 1537              		.loc 1 417 23 view .LVU400
 1538 0056 4446     		mov	r4, r8
 1539 0058 00E0     		b	.L77
 1540              	.LVL115:
 1541              	.L78:
 402:Task/Task_Protocol.c **** 
 1542              		.loc 1 402 10 view .LVU401
 1543 005a 0024     		movs	r4, #0
 1544              	.LVL116:
 1545              	.L77:
 423:Task/Task_Protocol.c **** }
 1546              		.loc 1 423 5 is_stmt 1 view .LVU402
 424:Task/Task_Protocol.c **** 
 1547              		.loc 1 424 1 is_stmt 0 view .LVU403
 1548 005c 2046     		mov	r0, r4
 1549 005e BDE8F081 		pop	{r4, r5, r6, r7, r8, pc}
 1550              	.LVL117:
 1551              	.L79:
 420:Task/Task_Protocol.c ****     }
 1552              		.loc 1 420 19 view .LVU404
 1553 0062 0024     		movs	r4, #0
 1554 0064 FAE7     		b	.L77
 1555              	.LVL118:
 1556              	.L80:
 420:Task/Task_Protocol.c ****     }
 1557              		.loc 1 420 19 view .LVU405
 1558 0066 0024     		movs	r4, #0
 1559 0068 F8E7     		b	.L77
 1560              	.L86:
 1561 006a 00BF     		.align	2
 1562              	.L85:
 1563 006c 00000000 		.word	.LANCHOR0
 1564 0070 00000000 		.word	BspUart
 1565              		.cfi_endproc
 1566              	.LFE2281:
 1568              		.section	.text.TaskFrameCTL_DefaultPort_Trans,"ax",%progbits
 1569              		.align	1
 1570              		.syntax unified
 1571              		.thumb
ARM GAS  C:\Users\HUAV\AppData\Local\Temp\ccteu8oL.s 			page 50


 1572              		.thumb_func
 1574              	TaskFrameCTL_DefaultPort_Trans:
 1575              	.LVL119:
 1576              	.LFB2278:
 281:Task/Task_Protocol.c ****     bool state = false;
 1577              		.loc 1 281 1 is_stmt 1 view -0
 1578              		.cfi_startproc
 1579              		@ args = 0, pretend = 0, frame = 0
 1580              		@ frame_needed = 0, uses_anonymous_args = 0
 281:Task/Task_Protocol.c ****     bool state = false;
 1581              		.loc 1 281 1 is_stmt 0 view .LVU407
 1582 0000 70B5     		push	{r4, r5, r6, lr}
 1583              	.LCFI28:
 1584              		.cfi_def_cfa_offset 16
 1585              		.cfi_offset 4, -16
 1586              		.cfi_offset 5, -12
 1587              		.cfi_offset 6, -8
 1588              		.cfi_offset 14, -4
 282:Task/Task_Protocol.c **** 
 1589              		.loc 1 282 5 is_stmt 1 view .LVU408
 1590              	.LVL120:
 285:Task/Task_Protocol.c ****         PortMonitor.vcp_connect_state && \
 1591              		.loc 1 285 5 view .LVU409
 285:Task/Task_Protocol.c ****         PortMonitor.vcp_connect_state && \
 1592              		.loc 1 285 29 is_stmt 0 view .LVU410
 1593 0002 144B     		ldr	r3, .L95
 1594 0004 1C7A     		ldrb	r4, [r3, #8]	@ zero_extendqisi2
 285:Task/Task_Protocol.c ****         PortMonitor.vcp_connect_state && \
 1595              		.loc 1 285 8 view .LVU411
 1596 0006 64B1     		cbz	r4, .L88
 1597 0008 0646     		mov	r6, r0
 1598 000a 0D46     		mov	r5, r1
 286:Task/Task_Protocol.c ****         PortMonitor.VCP_Port.p_tx_semphr && \
 1599              		.loc 1 286 20 discriminator 1 view .LVU412
 1600 000c 5C78     		ldrb	r4, [r3, #1]	@ zero_extendqisi2
 285:Task/Task_Protocol.c ****         PortMonitor.vcp_connect_state && \
 1601              		.loc 1 285 41 discriminator 1 view .LVU413
 1602 000e 44B1     		cbz	r4, .L88
 287:Task/Task_Protocol.c ****         p_data && size)
 1603              		.loc 1 287 29 view .LVU414
 1604 0010 9869     		ldr	r0, [r3, #24]
 1605              	.LVL121:
 286:Task/Task_Protocol.c ****         PortMonitor.VCP_Port.p_tx_semphr && \
 1606              		.loc 1 286 39 view .LVU415
 1607 0012 E0B1     		cbz	r0, .L89
 288:Task/Task_Protocol.c ****     {
 1608              		.loc 1 288 16 view .LVU416
 1609 0014 002E     		cmp	r6, #0
 1610 0016 18BF     		it	ne
 1611 0018 0029     		cmpne	r1, #0
 1612 001a 14BF     		ite	ne
 1613 001c 0124     		movne	r4, #1
 1614 001e 0024     		moveq	r4, #0
 1615 0020 01D1     		bne	.L93
 1616              	.LVL122:
 1617              	.L88:
 297:Task/Task_Protocol.c **** }
ARM GAS  C:\Users\HUAV\AppData\Local\Temp\ccteu8oL.s 			page 51


 1618              		.loc 1 297 5 is_stmt 1 view .LVU417
 298:Task/Task_Protocol.c **** 
 1619              		.loc 1 298 1 is_stmt 0 view .LVU418
 1620 0022 2046     		mov	r0, r4
 1621 0024 70BD     		pop	{r4, r5, r6, pc}
 1622              	.LVL123:
 1623              	.L93:
 290:Task/Task_Protocol.c ****         osSemaphoreWait(PortMonitor.VCP_Port.p_tx_semphr, 0);
 1624              		.loc 1 290 9 is_stmt 1 view .LVU419
 291:Task/Task_Protocol.c ****         if ((BspUSB_VCP.send(p_data, size) != BspUSB_Error_None) || \
 1625              		.loc 1 291 9 view .LVU420
 1626 0026 0021     		movs	r1, #0
 1627              	.LVL124:
 291:Task/Task_Protocol.c ****         if ((BspUSB_VCP.send(p_data, size) != BspUSB_Error_None) || \
 1628              		.loc 1 291 9 is_stmt 0 view .LVU421
 1629 0028 FFF7FEFF 		bl	osSemaphoreWait
 1630              	.LVL125:
 292:Task/Task_Protocol.c ****             (osSemaphoreWait(PortMonitor.VCP_Port.p_tx_semphr, FrameCTL_Port_Tx_TimeOut) != osOK))
 1631              		.loc 1 292 9 is_stmt 1 view .LVU422
 292:Task/Task_Protocol.c ****             (osSemaphoreWait(PortMonitor.VCP_Port.p_tx_semphr, FrameCTL_Port_Tx_TimeOut) != osOK))
 1632              		.loc 1 292 24 is_stmt 0 view .LVU423
 1633 002c 0A4B     		ldr	r3, .L95+4
 1634 002e 9B68     		ldr	r3, [r3, #8]
 292:Task/Task_Protocol.c ****             (osSemaphoreWait(PortMonitor.VCP_Port.p_tx_semphr, FrameCTL_Port_Tx_TimeOut) != osOK))
 1635              		.loc 1 292 14 view .LVU424
 1636 0030 2946     		mov	r1, r5
 1637 0032 3046     		mov	r0, r6
 1638 0034 9847     		blx	r3
 1639              	.LVL126:
 292:Task/Task_Protocol.c ****             (osSemaphoreWait(PortMonitor.VCP_Port.p_tx_semphr, FrameCTL_Port_Tx_TimeOut) != osOK))
 1640              		.loc 1 292 12 view .LVU425
 1641 0036 08B1     		cbz	r0, .L94
 294:Task/Task_Protocol.c ****     }
 1642              		.loc 1 294 19 view .LVU426
 1643 0038 0024     		movs	r4, #0
 1644 003a F2E7     		b	.L88
 1645              	.L94:
 293:Task/Task_Protocol.c ****             state = false;
 1646              		.loc 1 293 14 discriminator 1 view .LVU427
 1647 003c 0521     		movs	r1, #5
 1648 003e 054B     		ldr	r3, .L95
 1649 0040 9869     		ldr	r0, [r3, #24]
 1650 0042 FFF7FEFF 		bl	osSemaphoreWait
 1651              	.LVL127:
 292:Task/Task_Protocol.c ****             (osSemaphoreWait(PortMonitor.VCP_Port.p_tx_semphr, FrameCTL_Port_Tx_TimeOut) != osOK))
 1652              		.loc 1 292 66 discriminator 1 view .LVU428
 1653 0046 0028     		cmp	r0, #0
 1654 0048 EBD0     		beq	.L88
 294:Task/Task_Protocol.c ****     }
 1655              		.loc 1 294 19 view .LVU429
 1656 004a 0024     		movs	r4, #0
 1657 004c E9E7     		b	.L88
 1658              	.LVL128:
 1659              	.L89:
 282:Task/Task_Protocol.c **** 
 1660              		.loc 1 282 10 view .LVU430
 1661 004e 0024     		movs	r4, #0
ARM GAS  C:\Users\HUAV\AppData\Local\Temp\ccteu8oL.s 			page 52


 1662 0050 E7E7     		b	.L88
 1663              	.L96:
 1664 0052 00BF     		.align	2
 1665              	.L95:
 1666 0054 00000000 		.word	.LANCHOR0
 1667 0058 00000000 		.word	BspUSB_VCP
 1668              		.cfi_endproc
 1669              	.LFE2278:
 1671              		.section	.text.TaskFrameCTL_CLI_Trans,"ax",%progbits
 1672              		.align	1
 1673              		.syntax unified
 1674              		.thumb
 1675              		.thumb_func
 1677              	TaskFrameCTL_CLI_Trans:
 1678              	.LVL129:
 1679              	.LFB2301:
1026:Task/Task_Protocol.c **** 
1027:Task/Task_Protocol.c **** /***************************************** CLI Section ********************************************
1028:Task/Task_Protocol.c **** static int TaskFrameCTL_CLI_Trans(const uint8_t *p_data, uint16_t size)
1029:Task/Task_Protocol.c **** {
 1680              		.loc 1 1029 1 is_stmt 1 view -0
 1681              		.cfi_startproc
 1682              		@ args = 0, pretend = 0, frame = 0
 1683              		@ frame_needed = 0, uses_anonymous_args = 0
1030:Task/Task_Protocol.c ****     if(p_data && size)
 1684              		.loc 1 1030 5 view .LVU432
 1685              		.loc 1 1030 7 is_stmt 0 view .LVU433
 1686 0000 0028     		cmp	r0, #0
 1687 0002 18BF     		it	ne
 1688 0004 0029     		cmpne	r1, #0
 1689 0006 11D0     		beq	.L101
1029:Task/Task_Protocol.c ****     if(p_data && size)
 1690              		.loc 1 1029 1 view .LVU434
 1691 0008 08B5     		push	{r3, lr}
 1692              	.LCFI29:
 1693              		.cfi_def_cfa_offset 8
 1694              		.cfi_offset 3, -8
 1695              		.cfi_offset 14, -4
 1696 000a 0A46     		mov	r2, r1
1031:Task/Task_Protocol.c ****     {
1032:Task/Task_Protocol.c ****         switch ((uint8_t) CLI_Monitor.type)
 1697              		.loc 1 1032 9 is_stmt 1 view .LVU435
 1698              		.loc 1 1032 38 is_stmt 0 view .LVU436
 1699 000c 084B     		ldr	r3, .L104
 1700 000e 1B78     		ldrb	r3, [r3]	@ zero_extendqisi2
 1701              		.loc 1 1032 9 view .LVU437
 1702 0010 012B     		cmp	r3, #1
 1703 0012 08D0     		beq	.L99
 1704 0014 022B     		cmp	r3, #2
 1705 0016 04D1     		bne	.L98
1033:Task/Task_Protocol.c ****         {
1034:Task/Task_Protocol.c ****             case Port_Uart:
1035:Task/Task_Protocol.c ****                 TaskFrameCTL_Port_Tx(CLI_Monitor.port_addr, (uint8_t *)p_data, size);
 1706              		.loc 1 1035 17 is_stmt 1 view .LVU438
 1707 0018 0146     		mov	r1, r0
 1708              	.LVL130:
 1709              		.loc 1 1035 17 is_stmt 0 view .LVU439
ARM GAS  C:\Users\HUAV\AppData\Local\Temp\ccteu8oL.s 			page 53


 1710 001a 054B     		ldr	r3, .L104
 1711 001c 5868     		ldr	r0, [r3, #4]
 1712              	.LVL131:
 1713              		.loc 1 1035 17 view .LVU440
 1714 001e FFF7FEFF 		bl	TaskFrameCTL_Port_Tx
 1715              	.LVL132:
1036:Task/Task_Protocol.c ****                 break;
 1716              		.loc 1 1036 17 is_stmt 1 view .LVU441
 1717              	.L98:
1037:Task/Task_Protocol.c ****             
1038:Task/Task_Protocol.c ****             case Port_USB:
1039:Task/Task_Protocol.c ****                 TaskFrameCTL_DefaultPort_Trans((uint8_t *)p_data, size);
1040:Task/Task_Protocol.c ****                 break; 
1041:Task/Task_Protocol.c **** 
1042:Task/Task_Protocol.c ****             default:
1043:Task/Task_Protocol.c ****                 break;
1044:Task/Task_Protocol.c ****         }
1045:Task/Task_Protocol.c ****     }
1046:Task/Task_Protocol.c **** 
1047:Task/Task_Protocol.c ****     return 0;
 1718              		.loc 1 1047 5 view .LVU442
1048:Task/Task_Protocol.c **** }
 1719              		.loc 1 1048 1 is_stmt 0 view .LVU443
 1720 0022 0020     		movs	r0, #0
 1721 0024 08BD     		pop	{r3, pc}
 1722              	.LVL133:
 1723              	.L99:
1039:Task/Task_Protocol.c ****                 break; 
 1724              		.loc 1 1039 17 is_stmt 1 view .LVU444
 1725 0026 FFF7FEFF 		bl	TaskFrameCTL_DefaultPort_Trans
 1726              	.LVL134:
1040:Task/Task_Protocol.c **** 
 1727              		.loc 1 1040 17 view .LVU445
 1728 002a FAE7     		b	.L98
 1729              	.LVL135:
 1730              	.L101:
 1731              	.LCFI30:
 1732              		.cfi_def_cfa_offset 0
 1733              		.cfi_restore 3
 1734              		.cfi_restore 14
1047:Task/Task_Protocol.c **** }
 1735              		.loc 1 1047 5 view .LVU446
 1736              		.loc 1 1048 1 is_stmt 0 view .LVU447
 1737 002c 0020     		movs	r0, #0
 1738              	.LVL136:
 1739              		.loc 1 1048 1 view .LVU448
 1740 002e 7047     		bx	lr
 1741              	.L105:
 1742              		.align	2
 1743              	.L104:
 1744 0030 00000000 		.word	.LANCHOR21
 1745              		.cfi_endproc
 1746              	.LFE2301:
 1748              		.section	.text.TaskFrameCTL_MavMsg_Trans,"ax",%progbits
 1749              		.align	1
 1750              		.syntax unified
 1751              		.thumb
ARM GAS  C:\Users\HUAV\AppData\Local\Temp\ccteu8oL.s 			page 54


 1752              		.thumb_func
 1754              	TaskFrameCTL_MavMsg_Trans:
 1755              	.LVL137:
 1756              	.LFB2291:
 898:Task/Task_Protocol.c ****     if(Obj && (Obj->frame_type == ComFrame_MavMsg) && Obj->port_addr && p_data && size)
 1757              		.loc 1 898 1 is_stmt 1 view -0
 1758              		.cfi_startproc
 1759              		@ args = 0, pretend = 0, frame = 0
 1760              		@ frame_needed = 0, uses_anonymous_args = 0
 899:Task/Task_Protocol.c ****     {
 1761              		.loc 1 899 5 view .LVU450
 899:Task/Task_Protocol.c ****     {
 1762              		.loc 1 899 7 is_stmt 0 view .LVU451
 1763 0000 20B1     		cbz	r0, .L110
 1764 0002 0B46     		mov	r3, r1
 1765 0004 0146     		mov	r1, r0
 1766              	.LVL138:
 899:Task/Task_Protocol.c ****     {
 1767              		.loc 1 899 19 discriminator 1 view .LVU452
 1768 0006 0078     		ldrb	r0, [r0]	@ zero_extendqisi2
 1769              	.LVL139:
 899:Task/Task_Protocol.c ****     {
 1770              		.loc 1 899 12 discriminator 1 view .LVU453
 1771 0008 0228     		cmp	r0, #2
 1772 000a 00D0     		beq	.L113
 1773              	.LVL140:
 1774              	.L110:
 899:Task/Task_Protocol.c ****     {
 1775              		.loc 1 899 12 discriminator 1 view .LVU454
 1776 000c 7047     		bx	lr
 1777              	.LVL141:
 1778              	.L113:
 899:Task/Task_Protocol.c ****     {
 1779              		.loc 1 899 58 discriminator 2 view .LVU455
 1780 000e 4868     		ldr	r0, [r1, #4]
 899:Task/Task_Protocol.c ****     {
 1781              		.loc 1 899 52 discriminator 2 view .LVU456
 1782 0010 0028     		cmp	r0, #0
 1783 0012 FBD0     		beq	.L110
 898:Task/Task_Protocol.c ****     if(Obj && (Obj->frame_type == ComFrame_MavMsg) && Obj->port_addr && p_data && size)
 1784              		.loc 1 898 1 discriminator 3 view .LVU457
 1785 0014 10B5     		push	{r4, lr}
 1786              	.LCFI31:
 1787              		.cfi_def_cfa_offset 8
 1788              		.cfi_offset 4, -8
 1789              		.cfi_offset 14, -4
 899:Task/Task_Protocol.c ****     {
 1790              		.loc 1 899 70 discriminator 3 view .LVU458
 1791 0016 1C1E     		subs	r4, r3, #0
 1792 0018 18BF     		it	ne
 1793 001a 0124     		movne	r4, #1
 899:Task/Task_Protocol.c ****     {
 1794              		.loc 1 899 80 discriminator 3 view .LVU459
 1795 001c 42B1     		cbz	r2, .L106
 1796 001e 3CB1     		cbz	r4, .L106
 901:Task/Task_Protocol.c ****         {
 1797              		.loc 1 901 9 is_stmt 1 view .LVU460
ARM GAS  C:\Users\HUAV\AppData\Local\Temp\ccteu8oL.s 			page 55


 901:Task/Task_Protocol.c ****         {
 1798              		.loc 1 901 29 is_stmt 0 view .LVU461
 1799 0020 4978     		ldrb	r1, [r1, #1]	@ zero_extendqisi2
 1800              	.LVL142:
 901:Task/Task_Protocol.c ****         {
 1801              		.loc 1 901 9 view .LVU462
 1802 0022 0129     		cmp	r1, #1
 1803 0024 05D0     		beq	.L108
 1804 0026 0229     		cmp	r1, #2
 1805 0028 02D1     		bne	.L106
 904:Task/Task_Protocol.c ****                 break;
 1806              		.loc 1 904 17 is_stmt 1 view .LVU463
 1807 002a 1946     		mov	r1, r3
 1808 002c FFF7FEFF 		bl	TaskFrameCTL_Port_Tx
 1809              	.LVL143:
 905:Task/Task_Protocol.c **** 
 1810              		.loc 1 905 17 view .LVU464
 1811              	.L106:
 915:Task/Task_Protocol.c **** 
 1812              		.loc 1 915 1 is_stmt 0 view .LVU465
 1813 0030 10BD     		pop	{r4, pc}
 1814              	.LVL144:
 1815              	.L108:
 908:Task/Task_Protocol.c ****                 break;
 1816              		.loc 1 908 17 is_stmt 1 view .LVU466
 1817 0032 1146     		mov	r1, r2
 1818 0034 1846     		mov	r0, r3
 1819 0036 FFF7FEFF 		bl	TaskFrameCTL_DefaultPort_Trans
 1820              	.LVL145:
 909:Task/Task_Protocol.c **** 
 1821              		.loc 1 909 17 view .LVU467
 1822 003a F9E7     		b	.L106
 1823              		.cfi_endproc
 1824              	.LFE2291:
 1826              		.section	.text.TaskFrameCTL_DefaultPort_Init,"ax",%progbits
 1827              		.align	1
 1828              		.syntax unified
 1829              		.thumb
 1830              		.thumb_func
 1832              	TaskFrameCTL_DefaultPort_Init:
 1833              	.LVL146:
 1834              	.LFB2277:
 247:Task/Task_Protocol.c ****     if(monitor)
 1835              		.loc 1 247 1 view -0
 1836              		.cfi_startproc
 1837              		@ args = 0, pretend = 0, frame = 8
 1838              		@ frame_needed = 0, uses_anonymous_args = 0
 248:Task/Task_Protocol.c ****     {
 1839              		.loc 1 248 5 view .LVU469
 248:Task/Task_Protocol.c ****     {
 1840              		.loc 1 248 7 is_stmt 0 view .LVU470
 1841 0000 50B3     		cbz	r0, .L120
 247:Task/Task_Protocol.c ****     if(monitor)
 1842              		.loc 1 247 1 view .LVU471
 1843 0002 30B5     		push	{r4, r5, lr}
 1844              	.LCFI32:
 1845              		.cfi_def_cfa_offset 12
ARM GAS  C:\Users\HUAV\AppData\Local\Temp\ccteu8oL.s 			page 56


 1846              		.cfi_offset 4, -12
 1847              		.cfi_offset 5, -8
 1848              		.cfi_offset 14, -4
 1849 0004 83B0     		sub	sp, sp, #12
 1850              	.LCFI33:
 1851              		.cfi_def_cfa_offset 24
 1852 0006 0446     		mov	r4, r0
 1853              	.LBB5:
 250:Task/Task_Protocol.c ****         {
 1854              		.loc 1 250 9 is_stmt 1 view .LVU472
 250:Task/Task_Protocol.c ****         {
 1855              		.loc 1 250 22 is_stmt 0 view .LVU473
 1856 0008 144B     		ldr	r3, .L124
 1857 000a 1B68     		ldr	r3, [r3]
 250:Task/Task_Protocol.c ****         {
 1858              		.loc 1 250 12 view .LVU474
 1859 000c 0C30     		adds	r0, r0, #12
 1860              	.LVL147:
 250:Task/Task_Protocol.c ****         {
 1861              		.loc 1 250 12 view .LVU475
 1862 000e 9847     		blx	r3
 1863              	.LVL148:
 250:Task/Task_Protocol.c ****         {
 1864              		.loc 1 250 11 view .LVU476
 1865 0010 18B1     		cbz	r0, .L116
 253:Task/Task_Protocol.c ****             return;
 1866              		.loc 1 253 13 is_stmt 1 view .LVU477
 253:Task/Task_Protocol.c ****             return;
 1867              		.loc 1 253 42 is_stmt 0 view .LVU478
 1868 0012 0023     		movs	r3, #0
 1869 0014 2372     		strb	r3, [r4, #8]
 254:Task/Task_Protocol.c ****         }
 1870              		.loc 1 254 13 is_stmt 1 view .LVU479
 1871              	.L114:
 1872              	.LBE5:
 278:Task/Task_Protocol.c **** 
 1873              		.loc 1 278 1 is_stmt 0 view .LVU480
 1874 0016 03B0     		add	sp, sp, #12
 1875              	.LCFI34:
 1876              		.cfi_remember_state
 1877              		.cfi_def_cfa_offset 12
 1878              		@ sp needed
 1879 0018 30BD     		pop	{r4, r5, pc}
 1880              	.LVL149:
 1881              	.L116:
 1882              	.LCFI35:
 1883              		.cfi_restore_state
 1884              	.LBB6:
 257:Task/Task_Protocol.c **** 
 1885              		.loc 1 257 13 is_stmt 1 view .LVU481
 257:Task/Task_Protocol.c **** 
 1886              		.loc 1 257 42 is_stmt 0 view .LVU482
 1887 001a 0121     		movs	r1, #1
 1888 001c 2172     		strb	r1, [r4, #8]
 260:Task/Task_Protocol.c ****         monitor->VCP_Port.p_tx_semphr = osSemaphoreCreate(osSemaphore(DefaultPort_Tx), 1);
 1889              		.loc 1 260 9 is_stmt 1 view .LVU483
 1890 001e 0023     		movs	r3, #0
ARM GAS  C:\Users\HUAV\AppData\Local\Temp\ccteu8oL.s 			page 57


 1891 0020 0093     		str	r3, [sp]
 1892 0022 0193     		str	r3, [sp, #4]
 261:Task/Task_Protocol.c **** 
 1893              		.loc 1 261 9 view .LVU484
 261:Task/Task_Protocol.c **** 
 1894              		.loc 1 261 41 is_stmt 0 view .LVU485
 1895 0024 6846     		mov	r0, sp
 1896 0026 FFF7FEFF 		bl	osSemaphoreCreate
 1897              	.LVL150:
 261:Task/Task_Protocol.c **** 
 1898              		.loc 1 261 39 view .LVU486
 1899 002a A061     		str	r0, [r4, #24]
 263:Task/Task_Protocol.c ****         {
 1900              		.loc 1 263 9 is_stmt 1 view .LVU487
 263:Task/Task_Protocol.c ****         {
 1901              		.loc 1 263 11 is_stmt 0 view .LVU488
 1902 002c 88B1     		cbz	r0, .L123
 269:Task/Task_Protocol.c ****         BspUSB_VCP.set_rx_callback(TaskFrameCTL_Port_Rx_Callback);
 1903              		.loc 1 269 9 is_stmt 1 view .LVU489
 269:Task/Task_Protocol.c ****         BspUSB_VCP.set_rx_callback(TaskFrameCTL_Port_Rx_Callback);
 1904              		.loc 1 269 19 is_stmt 0 view .LVU490
 1905 002e 0B4D     		ldr	r5, .L124
 1906 0030 2B69     		ldr	r3, [r5, #16]
 269:Task/Task_Protocol.c ****         BspUSB_VCP.set_rx_callback(TaskFrameCTL_Port_Rx_Callback);
 1907              		.loc 1 269 9 view .LVU491
 1908 0032 0B48     		ldr	r0, .L124+4
 1909 0034 9847     		blx	r3
 1910              	.LVL151:
 270:Task/Task_Protocol.c ****         BspUSB_VCP.set_connect_callback(TaskFrameCTL_USB_VCP_Connect_Callback);
 1911              		.loc 1 270 9 is_stmt 1 view .LVU492
 270:Task/Task_Protocol.c ****         BspUSB_VCP.set_connect_callback(TaskFrameCTL_USB_VCP_Connect_Callback);
 1912              		.loc 1 270 19 is_stmt 0 view .LVU493
 1913 0036 EB68     		ldr	r3, [r5, #12]
 270:Task/Task_Protocol.c ****         BspUSB_VCP.set_connect_callback(TaskFrameCTL_USB_VCP_Connect_Callback);
 1914              		.loc 1 270 9 view .LVU494
 1915 0038 0A48     		ldr	r0, .L124+8
 1916 003a 9847     		blx	r3
 1917              	.LVL152:
 271:Task/Task_Protocol.c **** 
 1918              		.loc 1 271 9 is_stmt 1 view .LVU495
 271:Task/Task_Protocol.c **** 
 1919              		.loc 1 271 19 is_stmt 0 view .LVU496
 1920 003c 6B69     		ldr	r3, [r5, #20]
 271:Task/Task_Protocol.c **** 
 1921              		.loc 1 271 9 view .LVU497
 1922 003e 0A48     		ldr	r0, .L124+12
 1923 0040 9847     		blx	r3
 1924              	.LVL153:
 273:Task/Task_Protocol.c ****         monitor->VCP_Port.RecObj.type = Port_USB;
 1925              		.loc 1 273 9 is_stmt 1 view .LVU498
 273:Task/Task_Protocol.c ****         monitor->VCP_Port.RecObj.type = Port_USB;
 1926              		.loc 1 273 59 is_stmt 0 view .LVU499
 1927 0042 04F10803 		add	r3, r4, #8
 273:Task/Task_Protocol.c ****         monitor->VCP_Port.RecObj.type = Port_USB;
 1928              		.loc 1 273 47 view .LVU500
 1929 0046 2361     		str	r3, [r4, #16]
 274:Task/Task_Protocol.c **** 
ARM GAS  C:\Users\HUAV\AppData\Local\Temp\ccteu8oL.s 			page 58


 1930              		.loc 1 274 9 is_stmt 1 view .LVU501
 274:Task/Task_Protocol.c **** 
 1931              		.loc 1 274 39 is_stmt 0 view .LVU502
 1932 0048 0122     		movs	r2, #1
 1933 004a 2273     		strb	r2, [r4, #12]
 276:Task/Task_Protocol.c ****     }
 1934              		.loc 1 276 9 is_stmt 1 view .LVU503
 276:Task/Task_Protocol.c ****     }
 1935              		.loc 1 276 22 is_stmt 0 view .LVU504
 1936 004c 074A     		ldr	r2, .L124+16
 1937 004e 1360     		str	r3, [r2]
 1938 0050 E1E7     		b	.L114
 1939              	.L123:
 265:Task/Task_Protocol.c ****             return;
 1940              		.loc 1 265 13 is_stmt 1 view .LVU505
 265:Task/Task_Protocol.c ****             return;
 1941              		.loc 1 265 42 is_stmt 0 view .LVU506
 1942 0052 0023     		movs	r3, #0
 1943 0054 2372     		strb	r3, [r4, #8]
 266:Task/Task_Protocol.c ****         }
 1944              		.loc 1 266 13 is_stmt 1 view .LVU507
 1945 0056 DEE7     		b	.L114
 1946              	.LVL154:
 1947              	.L120:
 1948              	.LCFI36:
 1949              		.cfi_def_cfa_offset 0
 1950              		.cfi_restore 4
 1951              		.cfi_restore 5
 1952              		.cfi_restore 14
 266:Task/Task_Protocol.c ****         }
 1953              		.loc 1 266 13 is_stmt 0 view .LVU508
 1954 0058 7047     		bx	lr
 1955              	.L125:
 1956 005a 00BF     		.align	2
 1957              	.L124:
 1958 005c 00000000 		.word	BspUSB_VCP
 1959 0060 00000000 		.word	TaskFrameCTL_Port_TxCplt_Callback
 1960 0064 00000000 		.word	TaskFrameCTL_Port_Rx_Callback
 1961 0068 00000000 		.word	TaskFrameCTL_USB_VCP_Connect_Callback
 1962 006c 00000000 		.word	.LANCHOR9
 1963              	.LBE6:
 1964              		.cfi_endproc
 1965              	.LFE2277:
 1967              		.section	.text.TaskFrameCTL_RadioPort_Init,"ax",%progbits
 1968              		.align	1
 1969              		.syntax unified
 1970              		.thumb
 1971              		.thumb_func
 1973              	TaskFrameCTL_RadioPort_Init:
 1974              	.LVL155:
 1975              	.LFB2279:
 302:Task/Task_Protocol.c ****     if(monitor)
 1976              		.loc 1 302 1 is_stmt 1 view -0
 1977              		.cfi_startproc
 1978              		@ args = 0, pretend = 0, frame = 8
 1979              		@ frame_needed = 0, uses_anonymous_args = 0
 303:Task/Task_Protocol.c ****     {
ARM GAS  C:\Users\HUAV\AppData\Local\Temp\ccteu8oL.s 			page 59


 1980              		.loc 1 303 5 view .LVU510
 303:Task/Task_Protocol.c ****     {
 1981              		.loc 1 303 7 is_stmt 0 view .LVU511
 1982 0000 0028     		cmp	r0, #0
 1983 0002 00F09F80 		beq	.L138
 302:Task/Task_Protocol.c ****     if(monitor)
 1984              		.loc 1 302 1 view .LVU512
 1985 0006 F0B5     		push	{r4, r5, r6, r7, lr}
 1986              	.LCFI37:
 1987              		.cfi_def_cfa_offset 20
 1988              		.cfi_offset 4, -20
 1989              		.cfi_offset 5, -16
 1990              		.cfi_offset 6, -12
 1991              		.cfi_offset 7, -8
 1992              		.cfi_offset 14, -4
 1993 0008 83B0     		sub	sp, sp, #12
 1994              	.LCFI38:
 1995              		.cfi_def_cfa_offset 32
 1996 000a 0446     		mov	r4, r0
 306:Task/Task_Protocol.c ****         monitor->Uart_Port = Radio_UartPort_List;
 1997              		.loc 1 306 9 is_stmt 1 view .LVU513
 306:Task/Task_Protocol.c ****         monitor->Uart_Port = Radio_UartPort_List;
 1998              		.loc 1 306 32 is_stmt 0 view .LVU514
 1999 000c 0123     		movs	r3, #1
 2000 000e 8370     		strb	r3, [r0, #2]
 307:Task/Task_Protocol.c ****         
 2001              		.loc 1 307 9 is_stmt 1 view .LVU515
 307:Task/Task_Protocol.c ****         
 2002              		.loc 1 307 28 is_stmt 0 view .LVU516
 2003 0010 4D4B     		ldr	r3, .L144
 2004 0012 8363     		str	r3, [r0, #56]
 309:Task/Task_Protocol.c ****         {
 2005              		.loc 1 309 9 is_stmt 1 view .LVU517
 2006              	.LBB7:
 309:Task/Task_Protocol.c ****         {
 2007              		.loc 1 309 13 view .LVU518
 2008              	.LVL156:
 309:Task/Task_Protocol.c ****         {
 2009              		.loc 1 309 21 is_stmt 0 view .LVU519
 2010 0014 0026     		movs	r6, #0
 309:Task/Task_Protocol.c ****         {
 2011              		.loc 1 309 9 view .LVU520
 2012 0016 2DE0     		b	.L128
 2013              	.LVL157:
 2014              	.L141:
 316:Task/Task_Protocol.c ****                 return;
 2015              		.loc 1 316 17 is_stmt 1 view .LVU521
 316:Task/Task_Protocol.c ****                 return;
 2016              		.loc 1 316 28 is_stmt 0 view .LVU522
 2017 0018 4C4B     		ldr	r3, .L144+4
 2018 001a 1B6B     		ldr	r3, [r3, #48]
 316:Task/Task_Protocol.c ****                 return;
 2019              		.loc 1 316 17 view .LVU523
 2020 001c 9847     		blx	r3
 2021              	.LVL158:
 317:Task/Task_Protocol.c ****             }
 2022              		.loc 1 317 17 is_stmt 1 view .LVU524
ARM GAS  C:\Users\HUAV\AppData\Local\Temp\ccteu8oL.s 			page 60


 2023              	.L126:
 317:Task/Task_Protocol.c ****             }
 2024              		.loc 1 317 17 is_stmt 0 view .LVU525
 2025              	.LBE7:
 378:Task/Task_Protocol.c **** 
 2026              		.loc 1 378 1 view .LVU526
 2027 001e 03B0     		add	sp, sp, #12
 2028              	.LCFI39:
 2029              		.cfi_remember_state
 2030              		.cfi_def_cfa_offset 20
 2031              		@ sp needed
 2032 0020 F0BD     		pop	{r4, r5, r6, r7, pc}
 2033              	.LVL159:
 2034              	.L142:
 2035              	.LCFI40:
 2036              		.cfi_restore_state
 2037              	.LBB10:
 323:Task/Task_Protocol.c ****                 SrvOsCommon.free(monitor->Uart_Port[i].Obj->hdl);
 2038              		.loc 1 323 17 is_stmt 1 view .LVU527
 323:Task/Task_Protocol.c ****                 SrvOsCommon.free(monitor->Uart_Port[i].Obj->hdl);
 2039              		.loc 1 323 28 is_stmt 0 view .LVU528
 2040 0022 4A4E     		ldr	r6, .L144+4
 2041              	.LVL160:
 323:Task/Task_Protocol.c ****                 SrvOsCommon.free(monitor->Uart_Port[i].Obj->hdl);
 2042              		.loc 1 323 28 view .LVU529
 2043 0024 336B     		ldr	r3, [r6, #48]
 323:Task/Task_Protocol.c ****                 SrvOsCommon.free(monitor->Uart_Port[i].Obj->hdl);
 2044              		.loc 1 323 17 view .LVU530
 2045 0026 9847     		blx	r3
 2046              	.LVL161:
 324:Task/Task_Protocol.c ****                 return;
 2047              		.loc 1 324 17 is_stmt 1 view .LVU531
 324:Task/Task_Protocol.c ****                 return;
 2048              		.loc 1 324 28 is_stmt 0 view .LVU532
 2049 0028 326B     		ldr	r2, [r6, #48]
 324:Task/Task_Protocol.c ****                 return;
 2050              		.loc 1 324 41 view .LVU533
 2051 002a A36B     		ldr	r3, [r4, #56]
 324:Task/Task_Protocol.c ****                 return;
 2052              		.loc 1 324 52 view .LVU534
 2053 002c 1D44     		add	r5, r5, r3
 324:Task/Task_Protocol.c ****                 return;
 2054              		.loc 1 324 55 view .LVU535
 2055 002e 2B6A     		ldr	r3, [r5, #32]
 324:Task/Task_Protocol.c ****                 return;
 2056              		.loc 1 324 17 view .LVU536
 2057 0030 D868     		ldr	r0, [r3, #12]
 2058 0032 9047     		blx	r2
 2059              	.LVL162:
 325:Task/Task_Protocol.c ****             }
 2060              		.loc 1 325 17 is_stmt 1 view .LVU537
 2061 0034 F3E7     		b	.L126
 2062              	.LVL163:
 2063              	.L143:
 331:Task/Task_Protocol.c ****                 SrvOsCommon.free(monitor->Uart_Port[i].Obj->tx_dma_hdl);
 2064              		.loc 1 331 17 view .LVU538
 331:Task/Task_Protocol.c ****                 SrvOsCommon.free(monitor->Uart_Port[i].Obj->tx_dma_hdl);
ARM GAS  C:\Users\HUAV\AppData\Local\Temp\ccteu8oL.s 			page 61


 2065              		.loc 1 331 28 is_stmt 0 view .LVU539
 2066 0036 454E     		ldr	r6, .L144+4
 2067              	.LVL164:
 331:Task/Task_Protocol.c ****                 SrvOsCommon.free(monitor->Uart_Port[i].Obj->tx_dma_hdl);
 2068              		.loc 1 331 28 view .LVU540
 2069 0038 336B     		ldr	r3, [r6, #48]
 331:Task/Task_Protocol.c ****                 SrvOsCommon.free(monitor->Uart_Port[i].Obj->tx_dma_hdl);
 2070              		.loc 1 331 17 view .LVU541
 2071 003a C069     		ldr	r0, [r0, #28]
 2072 003c 9847     		blx	r3
 2073              	.LVL165:
 332:Task/Task_Protocol.c ****                 SrvOsCommon.free(monitor->Uart_Port[i].Obj->hdl);
 2074              		.loc 1 332 17 is_stmt 1 view .LVU542
 332:Task/Task_Protocol.c ****                 SrvOsCommon.free(monitor->Uart_Port[i].Obj->hdl);
 2075              		.loc 1 332 28 is_stmt 0 view .LVU543
 2076 003e 326B     		ldr	r2, [r6, #48]
 332:Task/Task_Protocol.c ****                 SrvOsCommon.free(monitor->Uart_Port[i].Obj->hdl);
 2077              		.loc 1 332 41 view .LVU544
 2078 0040 A36B     		ldr	r3, [r4, #56]
 332:Task/Task_Protocol.c ****                 SrvOsCommon.free(monitor->Uart_Port[i].Obj->hdl);
 2079              		.loc 1 332 52 view .LVU545
 2080 0042 2B44     		add	r3, r3, r5
 332:Task/Task_Protocol.c ****                 SrvOsCommon.free(monitor->Uart_Port[i].Obj->hdl);
 2081              		.loc 1 332 55 view .LVU546
 2082 0044 1B6A     		ldr	r3, [r3, #32]
 332:Task/Task_Protocol.c ****                 SrvOsCommon.free(monitor->Uart_Port[i].Obj->hdl);
 2083              		.loc 1 332 17 view .LVU547
 2084 0046 5869     		ldr	r0, [r3, #20]
 2085 0048 9047     		blx	r2
 2086              	.LVL166:
 333:Task/Task_Protocol.c ****                 return;
 2087              		.loc 1 333 17 is_stmt 1 view .LVU548
 333:Task/Task_Protocol.c ****                 return;
 2088              		.loc 1 333 28 is_stmt 0 view .LVU549
 2089 004a 326B     		ldr	r2, [r6, #48]
 333:Task/Task_Protocol.c ****                 return;
 2090              		.loc 1 333 41 view .LVU550
 2091 004c A36B     		ldr	r3, [r4, #56]
 333:Task/Task_Protocol.c ****                 return;
 2092              		.loc 1 333 52 view .LVU551
 2093 004e 1D44     		add	r5, r5, r3
 333:Task/Task_Protocol.c ****                 return;
 2094              		.loc 1 333 55 view .LVU552
 2095 0050 2B6A     		ldr	r3, [r5, #32]
 333:Task/Task_Protocol.c ****                 return;
 2096              		.loc 1 333 17 view .LVU553
 2097 0052 D868     		ldr	r0, [r3, #12]
 2098 0054 9047     		blx	r2
 2099              	.LVL167:
 334:Task/Task_Protocol.c ****             }
 2100              		.loc 1 334 17 is_stmt 1 view .LVU554
 2101 0056 E2E7     		b	.L126
 2102              	.LVL168:
 2103              	.L133:
 2104              	.LBB8:
 364:Task/Task_Protocol.c ****                     monitor->uart_port_num --;
 2105              		.loc 1 364 21 view .LVU555
ARM GAS  C:\Users\HUAV\AppData\Local\Temp\ccteu8oL.s 			page 62


 364:Task/Task_Protocol.c ****                     monitor->uart_port_num --;
 2106              		.loc 1 364 54 is_stmt 0 view .LVU556
 2107 0058 0023     		movs	r3, #0
 2108 005a 5355     		strb	r3, [r2, r5]
 365:Task/Task_Protocol.c ****                 }
 2109              		.loc 1 365 21 is_stmt 1 view .LVU557
 365:Task/Task_Protocol.c ****                 }
 2110              		.loc 1 365 28 is_stmt 0 view .LVU558
 2111 005c A378     		ldrb	r3, [r4, #2]	@ zero_extendqisi2
 365:Task/Task_Protocol.c ****                 }
 2112              		.loc 1 365 44 view .LVU559
 2113 005e 013B     		subs	r3, r3, #1
 2114 0060 A370     		strb	r3, [r4, #2]
 2115 0062 05E0     		b	.L135
 2116              	.L132:
 365:Task/Task_Protocol.c ****                 }
 2117              		.loc 1 365 44 view .LVU560
 2118              	.LBE8:
 370:Task/Task_Protocol.c ****                 monitor->uart_port_num --;
 2119              		.loc 1 370 17 is_stmt 1 view .LVU561
 370:Task/Task_Protocol.c ****                 monitor->uart_port_num --;
 2120              		.loc 1 370 24 is_stmt 0 view .LVU562
 2121 0064 A36B     		ldr	r3, [r4, #56]
 370:Task/Task_Protocol.c ****                 monitor->uart_port_num --;
 2122              		.loc 1 370 50 view .LVU563
 2123 0066 0022     		movs	r2, #0
 2124 0068 5A55     		strb	r2, [r3, r5]
 371:Task/Task_Protocol.c ****             }
 2125              		.loc 1 371 17 is_stmt 1 view .LVU564
 371:Task/Task_Protocol.c ****             }
 2126              		.loc 1 371 24 is_stmt 0 view .LVU565
 2127 006a A378     		ldrb	r3, [r4, #2]	@ zero_extendqisi2
 371:Task/Task_Protocol.c ****             }
 2128              		.loc 1 371 40 view .LVU566
 2129 006c 013B     		subs	r3, r3, #1
 2130 006e A370     		strb	r3, [r4, #2]
 2131              	.L135:
 309:Task/Task_Protocol.c ****         {
 2132              		.loc 1 309 56 is_stmt 1 discriminator 2 view .LVU567
 309:Task/Task_Protocol.c ****         {
 2133              		.loc 1 309 57 is_stmt 0 discriminator 2 view .LVU568
 2134 0070 0136     		adds	r6, r6, #1
 2135              	.LVL169:
 309:Task/Task_Protocol.c ****         {
 2136              		.loc 1 309 57 discriminator 2 view .LVU569
 2137 0072 F6B2     		uxtb	r6, r6
 2138              	.LVL170:
 2139              	.L128:
 309:Task/Task_Protocol.c ****         {
 2140              		.loc 1 309 28 is_stmt 1 discriminator 1 view .LVU570
 309:Task/Task_Protocol.c ****         {
 2141              		.loc 1 309 39 is_stmt 0 discriminator 1 view .LVU571
 2142 0074 A378     		ldrb	r3, [r4, #2]	@ zero_extendqisi2
 309:Task/Task_Protocol.c ****         {
 2143              		.loc 1 309 9 discriminator 1 view .LVU572
 2144 0076 B342     		cmp	r3, r6
 2145 0078 D1D9     		bls	.L126
ARM GAS  C:\Users\HUAV\AppData\Local\Temp\ccteu8oL.s 			page 63


 313:Task/Task_Protocol.c ****             if(monitor->Uart_Port[i].Obj->hdl == NULL)
 2146              		.loc 1 313 13 is_stmt 1 view .LVU573
 313:Task/Task_Protocol.c ****             if(monitor->Uart_Port[i].Obj->hdl == NULL)
 2147              		.loc 1 313 57 is_stmt 0 view .LVU574
 2148 007a 344B     		ldr	r3, .L144+4
 2149 007c D96A     		ldr	r1, [r3, #44]
 313:Task/Task_Protocol.c ****             if(monitor->Uart_Port[i].Obj->hdl == NULL)
 2150              		.loc 1 313 20 view .LVU575
 2151 007e A36B     		ldr	r3, [r4, #56]
 313:Task/Task_Protocol.c ****             if(monitor->Uart_Port[i].Obj->hdl == NULL)
 2152              		.loc 1 313 31 view .LVU576
 2153 0080 06EBC602 		add	r2, r6, r6, lsl #3
 2154 0084 9500     		lsls	r5, r2, #2
 2155 0086 03EB8203 		add	r3, r3, r2, lsl #2
 313:Task/Task_Protocol.c ****             if(monitor->Uart_Port[i].Obj->hdl == NULL)
 2156              		.loc 1 313 34 view .LVU577
 2157 008a 1F6A     		ldr	r7, [r3, #32]
 313:Task/Task_Protocol.c ****             if(monitor->Uart_Port[i].Obj->hdl == NULL)
 2158              		.loc 1 313 46 view .LVU578
 2159 008c 9020     		movs	r0, #144
 2160 008e 8847     		blx	r1
 2161              	.LVL171:
 313:Task/Task_Protocol.c ****             if(monitor->Uart_Port[i].Obj->hdl == NULL)
 2162              		.loc 1 313 44 view .LVU579
 2163 0090 F860     		str	r0, [r7, #12]
 314:Task/Task_Protocol.c ****             {
 2164              		.loc 1 314 13 is_stmt 1 view .LVU580
 314:Task/Task_Protocol.c ****             {
 2165              		.loc 1 314 23 is_stmt 0 view .LVU581
 2166 0092 A36B     		ldr	r3, [r4, #56]
 314:Task/Task_Protocol.c ****             {
 2167              		.loc 1 314 34 view .LVU582
 2168 0094 2B44     		add	r3, r3, r5
 314:Task/Task_Protocol.c ****             {
 2169              		.loc 1 314 37 view .LVU583
 2170 0096 1F6A     		ldr	r7, [r3, #32]
 314:Task/Task_Protocol.c ****             {
 2171              		.loc 1 314 41 view .LVU584
 2172 0098 F868     		ldr	r0, [r7, #12]
 314:Task/Task_Protocol.c ****             {
 2173              		.loc 1 314 15 view .LVU585
 2174 009a 0028     		cmp	r0, #0
 2175 009c BCD0     		beq	.L141
 320:Task/Task_Protocol.c ****             if(monitor->Uart_Port[i].Obj->rx_dma_hdl == NULL)
 2176              		.loc 1 320 13 is_stmt 1 view .LVU586
 320:Task/Task_Protocol.c ****             if(monitor->Uart_Port[i].Obj->rx_dma_hdl == NULL)
 2177              		.loc 1 320 64 is_stmt 0 view .LVU587
 2178 009e 2B4B     		ldr	r3, .L144+4
 2179 00a0 DB6A     		ldr	r3, [r3, #44]
 320:Task/Task_Protocol.c ****             if(monitor->Uart_Port[i].Obj->rx_dma_hdl == NULL)
 2180              		.loc 1 320 53 view .LVU588
 2181 00a2 7820     		movs	r0, #120
 2182 00a4 9847     		blx	r3
 2183              	.LVL172:
 320:Task/Task_Protocol.c ****             if(monitor->Uart_Port[i].Obj->rx_dma_hdl == NULL)
 2184              		.loc 1 320 51 view .LVU589
 2185 00a6 F861     		str	r0, [r7, #28]
ARM GAS  C:\Users\HUAV\AppData\Local\Temp\ccteu8oL.s 			page 64


 321:Task/Task_Protocol.c ****             {
 2186              		.loc 1 321 13 is_stmt 1 view .LVU590
 321:Task/Task_Protocol.c ****             {
 2187              		.loc 1 321 23 is_stmt 0 view .LVU591
 2188 00a8 A36B     		ldr	r3, [r4, #56]
 321:Task/Task_Protocol.c ****             {
 2189              		.loc 1 321 34 view .LVU592
 2190 00aa 2B44     		add	r3, r3, r5
 321:Task/Task_Protocol.c ****             {
 2191              		.loc 1 321 37 view .LVU593
 2192 00ac 1F6A     		ldr	r7, [r3, #32]
 321:Task/Task_Protocol.c ****             {
 2193              		.loc 1 321 41 view .LVU594
 2194 00ae F869     		ldr	r0, [r7, #28]
 321:Task/Task_Protocol.c ****             {
 2195              		.loc 1 321 15 view .LVU595
 2196 00b0 0028     		cmp	r0, #0
 2197 00b2 B6D0     		beq	.L142
 328:Task/Task_Protocol.c ****             if(monitor->Uart_Port[i].Obj->tx_dma_hdl == NULL)
 2198              		.loc 1 328 13 is_stmt 1 view .LVU596
 328:Task/Task_Protocol.c ****             if(monitor->Uart_Port[i].Obj->tx_dma_hdl == NULL)
 2199              		.loc 1 328 64 is_stmt 0 view .LVU597
 2200 00b4 254B     		ldr	r3, .L144+4
 2201 00b6 DB6A     		ldr	r3, [r3, #44]
 328:Task/Task_Protocol.c ****             if(monitor->Uart_Port[i].Obj->tx_dma_hdl == NULL)
 2202              		.loc 1 328 53 view .LVU598
 2203 00b8 7820     		movs	r0, #120
 2204 00ba 9847     		blx	r3
 2205              	.LVL173:
 328:Task/Task_Protocol.c ****             if(monitor->Uart_Port[i].Obj->tx_dma_hdl == NULL)
 2206              		.loc 1 328 51 view .LVU599
 2207 00bc 7861     		str	r0, [r7, #20]
 329:Task/Task_Protocol.c ****             {
 2208              		.loc 1 329 13 is_stmt 1 view .LVU600
 329:Task/Task_Protocol.c ****             {
 2209              		.loc 1 329 23 is_stmt 0 view .LVU601
 2210 00be A36B     		ldr	r3, [r4, #56]
 329:Task/Task_Protocol.c ****             {
 2211              		.loc 1 329 34 view .LVU602
 2212 00c0 2B44     		add	r3, r3, r5
 329:Task/Task_Protocol.c ****             {
 2213              		.loc 1 329 37 view .LVU603
 2214 00c2 186A     		ldr	r0, [r3, #32]
 329:Task/Task_Protocol.c ****             {
 2215              		.loc 1 329 41 view .LVU604
 2216 00c4 4369     		ldr	r3, [r0, #20]
 329:Task/Task_Protocol.c ****             {
 2217              		.loc 1 329 15 view .LVU605
 2218 00c6 002B     		cmp	r3, #0
 2219 00c8 B5D0     		beq	.L143
 338:Task/Task_Protocol.c ****             {
 2220              		.loc 1 338 13 is_stmt 1 view .LVU606
 338:Task/Task_Protocol.c ****             {
 2221              		.loc 1 338 23 is_stmt 0 view .LVU607
 2222 00ca 214B     		ldr	r3, .L144+8
 2223 00cc 1B68     		ldr	r3, [r3]
 338:Task/Task_Protocol.c ****             {
ARM GAS  C:\Users\HUAV\AppData\Local\Temp\ccteu8oL.s 			page 65


 2224              		.loc 1 338 16 view .LVU608
 2225 00ce 9847     		blx	r3
 2226              	.LVL174:
 338:Task/Task_Protocol.c ****             {
 2227              		.loc 1 338 15 view .LVU609
 2228 00d0 0028     		cmp	r0, #0
 2229 00d2 C7D0     		beq	.L132
 2230              	.LBB9:
 340:Task/Task_Protocol.c ****                 memset(&monitor->Uart_Port[i].RecObj, 0, sizeof(FrameCTL_PortProtoObj_TypeDef));
 2231              		.loc 1 340 17 is_stmt 1 view .LVU610
 340:Task/Task_Protocol.c ****                 memset(&monitor->Uart_Port[i].RecObj, 0, sizeof(FrameCTL_PortProtoObj_TypeDef));
 2232              		.loc 1 340 24 is_stmt 0 view .LVU611
 2233 00d4 A36B     		ldr	r3, [r4, #56]
 340:Task/Task_Protocol.c ****                 memset(&monitor->Uart_Port[i].RecObj, 0, sizeof(FrameCTL_PortProtoObj_TypeDef));
 2234              		.loc 1 340 50 view .LVU612
 2235 00d6 0121     		movs	r1, #1
 2236 00d8 5955     		strb	r1, [r3, r5]
 341:Task/Task_Protocol.c ****                 memset(&monitor->Uart_Port[i].ByPass_Mode, 0, sizeof(Port_Bypass_TypeDef));
 2237              		.loc 1 341 17 is_stmt 1 view .LVU613
 341:Task/Task_Protocol.c ****                 memset(&monitor->Uart_Port[i].ByPass_Mode, 0, sizeof(Port_Bypass_TypeDef));
 2238              		.loc 1 341 32 is_stmt 0 view .LVU614
 2239 00da A26B     		ldr	r2, [r4, #56]
 341:Task/Task_Protocol.c ****                 memset(&monitor->Uart_Port[i].ByPass_Mode, 0, sizeof(Port_Bypass_TypeDef));
 2240              		.loc 1 341 43 view .LVU615
 2241 00dc 2A44     		add	r2, r2, r5
 341:Task/Task_Protocol.c ****                 memset(&monitor->Uart_Port[i].ByPass_Mode, 0, sizeof(Port_Bypass_TypeDef));
 2242              		.loc 1 341 17 view .LVU616
 2243 00de 0023     		movs	r3, #0
 2244 00e0 5360     		str	r3, [r2, #4]	@ unaligned
 2245 00e2 9360     		str	r3, [r2, #8]	@ unaligned
 2246 00e4 D360     		str	r3, [r2, #12]	@ unaligned
 342:Task/Task_Protocol.c ****                 
 2247              		.loc 1 342 17 is_stmt 1 view .LVU617
 342:Task/Task_Protocol.c ****                 
 2248              		.loc 1 342 32 is_stmt 0 view .LVU618
 2249 00e6 A26B     		ldr	r2, [r4, #56]
 342:Task/Task_Protocol.c ****                 
 2250              		.loc 1 342 43 view .LVU619
 2251 00e8 2A44     		add	r2, r2, r5
 342:Task/Task_Protocol.c ****                 
 2252              		.loc 1 342 17 view .LVU620
 2253 00ea 1361     		str	r3, [r2, #16]	@ unaligned
 2254 00ec 5361     		str	r3, [r2, #20]	@ unaligned
 344:Task/Task_Protocol.c ****                 monitor->Uart_Port[i].RecObj.port_index = i;
 2255              		.loc 1 344 17 is_stmt 1 view .LVU621
 344:Task/Task_Protocol.c ****                 monitor->Uart_Port[i].RecObj.port_index = i;
 2256              		.loc 1 344 24 is_stmt 0 view .LVU622
 2257 00ee A26B     		ldr	r2, [r4, #56]
 344:Task/Task_Protocol.c ****                 monitor->Uart_Port[i].RecObj.port_index = i;
 2258              		.loc 1 344 35 view .LVU623
 2259 00f0 2A44     		add	r2, r2, r5
 344:Task/Task_Protocol.c ****                 monitor->Uart_Port[i].RecObj.port_index = i;
 2260              		.loc 1 344 51 view .LVU624
 2261 00f2 0220     		movs	r0, #2
 2262 00f4 1071     		strb	r0, [r2, #4]
 345:Task/Task_Protocol.c ****                 
 2263              		.loc 1 345 17 is_stmt 1 view .LVU625
ARM GAS  C:\Users\HUAV\AppData\Local\Temp\ccteu8oL.s 			page 66


 345:Task/Task_Protocol.c ****                 
 2264              		.loc 1 345 24 is_stmt 0 view .LVU626
 2265 00f6 A26B     		ldr	r2, [r4, #56]
 345:Task/Task_Protocol.c ****                 
 2266              		.loc 1 345 35 view .LVU627
 2267 00f8 2A44     		add	r2, r2, r5
 345:Task/Task_Protocol.c ****                 
 2268              		.loc 1 345 57 view .LVU628
 2269 00fa 5671     		strb	r6, [r2, #5]
 347:Task/Task_Protocol.c ****             
 2270              		.loc 1 347 17 is_stmt 1 view .LVU629
 347:Task/Task_Protocol.c ****             
 2271              		.loc 1 347 80 is_stmt 0 view .LVU630
 2272 00fc A26B     		ldr	r2, [r4, #56]
 347:Task/Task_Protocol.c ****             
 2273              		.loc 1 347 91 view .LVU631
 2274 00fe 2A44     		add	r2, r2, r5
 347:Task/Task_Protocol.c ****             
 2275              		.loc 1 347 71 view .LVU632
 2276 0100 101D     		adds	r0, r2, #4
 347:Task/Task_Protocol.c ****             
 2277              		.loc 1 347 38 view .LVU633
 2278 0102 126A     		ldr	r2, [r2, #32]
 347:Task/Task_Protocol.c ****             
 2279              		.loc 1 347 59 view .LVU634
 2280 0104 9064     		str	r0, [r2, #72]
 350:Task/Task_Protocol.c ****                 monitor->Uart_Port[i].p_tx_semphr = osSemaphoreCreate(osSemaphore(Uart_Port_Tmp), 1
 2281              		.loc 1 350 17 is_stmt 1 view .LVU635
 2282 0106 0093     		str	r3, [sp]
 2283 0108 0193     		str	r3, [sp, #4]
 351:Task/Task_Protocol.c **** 
 2284              		.loc 1 351 17 view .LVU636
 351:Task/Task_Protocol.c **** 
 2285              		.loc 1 351 24 is_stmt 0 view .LVU637
 2286 010a A76B     		ldr	r7, [r4, #56]
 351:Task/Task_Protocol.c **** 
 2287              		.loc 1 351 35 view .LVU638
 2288 010c 2F44     		add	r7, r7, r5
 351:Task/Task_Protocol.c **** 
 2289              		.loc 1 351 53 view .LVU639
 2290 010e 6846     		mov	r0, sp
 2291 0110 FFF7FEFF 		bl	osSemaphoreCreate
 2292              	.LVL175:
 351:Task/Task_Protocol.c **** 
 2293              		.loc 1 351 51 view .LVU640
 2294 0114 B861     		str	r0, [r7, #24]
 353:Task/Task_Protocol.c ****                 {
 2295              		.loc 1 353 17 is_stmt 1 view .LVU641
 353:Task/Task_Protocol.c ****                 {
 2296              		.loc 1 353 27 is_stmt 0 view .LVU642
 2297 0116 A26B     		ldr	r2, [r4, #56]
 353:Task/Task_Protocol.c ****                 {
 2298              		.loc 1 353 38 view .LVU643
 2299 0118 5319     		adds	r3, r2, r5
 353:Task/Task_Protocol.c ****                 {
 2300              		.loc 1 353 41 view .LVU644
 2301 011a 9969     		ldr	r1, [r3, #24]
ARM GAS  C:\Users\HUAV\AppData\Local\Temp\ccteu8oL.s 			page 67


 353:Task/Task_Protocol.c ****                 {
 2302              		.loc 1 353 19 view .LVU645
 2303 011c 0029     		cmp	r1, #0
 2304 011e 9BD0     		beq	.L133
 356:Task/Task_Protocol.c ****                     BspUart.set_tx_callback(monitor->Uart_Port[i].Obj, (BspUART_Callback)TaskFrameC
 2305              		.loc 1 356 21 is_stmt 1 view .LVU646
 356:Task/Task_Protocol.c ****                     BspUart.set_tx_callback(monitor->Uart_Port[i].Obj, (BspUART_Callback)TaskFrameC
 2306              		.loc 1 356 28 is_stmt 0 view .LVU647
 2307 0120 0B4F     		ldr	r7, .L144+8
 2308 0122 3A6A     		ldr	r2, [r7, #32]
 356:Task/Task_Protocol.c ****                     BspUart.set_tx_callback(monitor->Uart_Port[i].Obj, (BspUART_Callback)TaskFrameC
 2309              		.loc 1 356 21 view .LVU648
 2310 0124 0B49     		ldr	r1, .L144+12
 2311 0126 186A     		ldr	r0, [r3, #32]
 2312 0128 9047     		blx	r2
 2313              	.LVL176:
 357:Task/Task_Protocol.c **** 
 2314              		.loc 1 357 21 is_stmt 1 view .LVU649
 357:Task/Task_Protocol.c **** 
 2315              		.loc 1 357 28 is_stmt 0 view .LVU650
 2316 012a 7A6A     		ldr	r2, [r7, #36]
 357:Task/Task_Protocol.c **** 
 2317              		.loc 1 357 52 view .LVU651
 2318 012c A36B     		ldr	r3, [r4, #56]
 357:Task/Task_Protocol.c **** 
 2319              		.loc 1 357 63 view .LVU652
 2320 012e 2B44     		add	r3, r3, r5
 357:Task/Task_Protocol.c **** 
 2321              		.loc 1 357 21 view .LVU653
 2322 0130 0949     		ldr	r1, .L144+16
 2323 0132 186A     		ldr	r0, [r3, #32]
 2324 0134 9047     		blx	r2
 2325              	.LVL177:
 359:Task/Task_Protocol.c ****                     monitor->Uart_Port[i].init_state = true;
 2326              		.loc 1 359 21 is_stmt 1 view .LVU654
 359:Task/Task_Protocol.c ****                     monitor->Uart_Port[i].init_state = true;
 2327              		.loc 1 359 84 is_stmt 0 view .LVU655
 2328 0136 A36B     		ldr	r3, [r4, #56]
 359:Task/Task_Protocol.c ****                     monitor->Uart_Port[i].init_state = true;
 2329              		.loc 1 359 75 view .LVU656
 2330 0138 2B44     		add	r3, r3, r5
 359:Task/Task_Protocol.c ****                     monitor->Uart_Port[i].init_state = true;
 2331              		.loc 1 359 63 view .LVU657
 2332 013a 9B60     		str	r3, [r3, #8]
 360:Task/Task_Protocol.c ****                 }
 2333              		.loc 1 360 21 is_stmt 1 view .LVU658
 360:Task/Task_Protocol.c ****                 }
 2334              		.loc 1 360 28 is_stmt 0 view .LVU659
 2335 013c A36B     		ldr	r3, [r4, #56]
 360:Task/Task_Protocol.c ****                 }
 2336              		.loc 1 360 54 view .LVU660
 2337 013e 0122     		movs	r2, #1
 2338 0140 5A55     		strb	r2, [r3, r5]
 2339 0142 95E7     		b	.L135
 2340              	.LVL178:
 2341              	.L138:
 2342              	.LCFI41:
ARM GAS  C:\Users\HUAV\AppData\Local\Temp\ccteu8oL.s 			page 68


 2343              		.cfi_def_cfa_offset 0
 2344              		.cfi_restore 4
 2345              		.cfi_restore 5
 2346              		.cfi_restore 6
 2347              		.cfi_restore 7
 2348              		.cfi_restore 14
 360:Task/Task_Protocol.c ****                 }
 2349              		.loc 1 360 54 view .LVU661
 2350 0144 7047     		bx	lr
 2351              	.L145:
 2352 0146 00BF     		.align	2
 2353              	.L144:
 2354 0148 00000000 		.word	.LANCHOR22
 2355 014c 00000000 		.word	SrvOsCommon
 2356 0150 00000000 		.word	BspUart
 2357 0154 00000000 		.word	TaskFrameCTL_Port_Rx_Callback
 2358 0158 00000000 		.word	TaskFrameCTL_Port_TxCplt_Callback
 2359              	.LBE9:
 2360              	.LBE10:
 2361              		.cfi_endproc
 2362              	.LFE2279:
 2364              		.section	.text.TaskFrameCTL_Port_Rx_Callback,"ax",%progbits
 2365              		.align	1
 2366              		.syntax unified
 2367              		.thumb
 2368              		.thumb_func
 2370              	TaskFrameCTL_Port_Rx_Callback:
 2371              	.LVL179:
 2372              	.LFB2282:
 427:Task/Task_Protocol.c ****     SrvComProto_Msg_StreamIn_TypeDef stream_in;
 2373              		.loc 1 427 1 is_stmt 1 view -0
 2374              		.cfi_startproc
 2375              		@ args = 0, pretend = 0, frame = 16
 2376              		@ frame_needed = 0, uses_anonymous_args = 0
 427:Task/Task_Protocol.c ****     SrvComProto_Msg_StreamIn_TypeDef stream_in;
 2377              		.loc 1 427 1 is_stmt 0 view .LVU663
 2378 0000 F0B5     		push	{r4, r5, r6, r7, lr}
 2379              	.LCFI42:
 2380              		.cfi_def_cfa_offset 20
 2381              		.cfi_offset 4, -20
 2382              		.cfi_offset 5, -16
 2383              		.cfi_offset 6, -12
 2384              		.cfi_offset 7, -8
 2385              		.cfi_offset 14, -4
 2386 0002 85B0     		sub	sp, sp, #20
 2387              	.LCFI43:
 2388              		.cfi_def_cfa_offset 40
 2389 0004 0446     		mov	r4, r0
 428:Task/Task_Protocol.c ****     SrvComProto_Stream_TypeDef *p_stream = NULL;
 2390              		.loc 1 428 5 is_stmt 1 view .LVU664
 429:Task/Task_Protocol.c ****     FrameCTL_PortProtoObj_TypeDef *p_RecObj = NULL;
 2391              		.loc 1 429 5 view .LVU665
 2392              	.LVL180:
 430:Task/Task_Protocol.c ****     InUsePort_MavMsgInput_Obj = NULL;
 2393              		.loc 1 430 5 view .LVU666
 431:Task/Task_Protocol.c ****     bool cli_state = false;
 2394              		.loc 1 431 5 view .LVU667
ARM GAS  C:\Users\HUAV\AppData\Local\Temp\ccteu8oL.s 			page 69


 431:Task/Task_Protocol.c ****     bool cli_state = false;
 2395              		.loc 1 431 31 is_stmt 0 view .LVU668
 2396 0006 0023     		movs	r3, #0
 2397 0008 6248     		ldr	r0, .L169
 2398              	.LVL181:
 431:Task/Task_Protocol.c ****     bool cli_state = false;
 2399              		.loc 1 431 31 view .LVU669
 2400 000a 0360     		str	r3, [r0]
 432:Task/Task_Protocol.c **** 
 2401              		.loc 1 432 5 is_stmt 1 view .LVU670
 432:Task/Task_Protocol.c **** 
 2402              		.loc 1 432 10 is_stmt 0 view .LVU671
 2403 000c 8DF80330 		strb	r3, [sp, #3]
 435:Task/Task_Protocol.c ****     {
 2404              		.loc 1 435 5 is_stmt 1 view .LVU672
 435:Task/Task_Protocol.c ****     {
 2405              		.loc 1 435 7 is_stmt 0 view .LVU673
 2406 0010 9942     		cmp	r1, r3
 2407 0012 18BF     		it	ne
 2408 0014 9A42     		cmpne	r2, r3
 2409 0016 10D0     		beq	.L146
 2410 0018 0E46     		mov	r6, r1
 2411 001a 1546     		mov	r5, r2
 435:Task/Task_Protocol.c ****     {
 2412              		.loc 1 435 23 discriminator 1 view .LVU674
 2413 001c 6CB1     		cbz	r4, .L146
 437:Task/Task_Protocol.c **** 
 2414              		.loc 1 437 9 is_stmt 1 view .LVU675
 437:Task/Task_Protocol.c **** 
 2415              		.loc 1 437 19 is_stmt 0 view .LVU676
 2416 001e 5E4B     		ldr	r3, .L169+4
 2417 0020 5B69     		ldr	r3, [r3, #20]
 437:Task/Task_Protocol.c **** 
 2418              		.loc 1 437 9 view .LVU677
 2419 0022 0DF10300 		add	r0, sp, #3
 2420 0026 9847     		blx	r3
 2421              	.LVL182:
 439:Task/Task_Protocol.c ****         p_RecObj->time_stamp = SrvOsCommon.get_os_ms();
 2422              		.loc 1 439 9 is_stmt 1 view .LVU678
 440:Task/Task_Protocol.c **** 
 2423              		.loc 1 440 9 view .LVU679
 440:Task/Task_Protocol.c **** 
 2424              		.loc 1 440 43 is_stmt 0 view .LVU680
 2425 0028 5C4B     		ldr	r3, .L169+8
 2426 002a 5B68     		ldr	r3, [r3, #4]
 440:Task/Task_Protocol.c **** 
 2427              		.loc 1 440 32 view .LVU681
 2428 002c 9847     		blx	r3
 2429              	.LVL183:
 440:Task/Task_Protocol.c **** 
 2430              		.loc 1 440 30 view .LVU682
 2431 002e A060     		str	r0, [r4, #8]
 442:Task/Task_Protocol.c ****         {
 2432              		.loc 1 442 9 is_stmt 1 view .LVU683
 442:Task/Task_Protocol.c ****         {
 2433              		.loc 1 442 34 is_stmt 0 view .LVU684
 2434 0030 2378     		ldrb	r3, [r4]	@ zero_extendqisi2
ARM GAS  C:\Users\HUAV\AppData\Local\Temp\ccteu8oL.s 			page 70


 442:Task/Task_Protocol.c ****         {
 2435              		.loc 1 442 9 view .LVU685
 2436 0032 012B     		cmp	r3, #1
 2437 0034 03D0     		beq	.L148
 2438 0036 022B     		cmp	r3, #2
 2439 0038 12D0     		beq	.L149
 2440              	.LVL184:
 2441              	.L146:
 540:Task/Task_Protocol.c **** 
 2442              		.loc 1 540 1 view .LVU686
 2443 003a 05B0     		add	sp, sp, #20
 2444              	.LCFI44:
 2445              		.cfi_remember_state
 2446              		.cfi_def_cfa_offset 20
 2447              		@ sp needed
 2448 003c F0BD     		pop	{r4, r5, r6, r7, pc}
 2449              	.LVL185:
 2450              	.L148:
 2451              	.LCFI45:
 2452              		.cfi_restore_state
 445:Task/Task_Protocol.c ****                 InUsePort_MavMsgInput_Obj = &DefaultPort_MavMsgInput_Obj;
 2453              		.loc 1 445 17 is_stmt 1 view .LVU687
 446:Task/Task_Protocol.c **** 
 2454              		.loc 1 446 17 view .LVU688
 446:Task/Task_Protocol.c **** 
 2455              		.loc 1 446 43 is_stmt 0 view .LVU689
 2456 003e 554B     		ldr	r3, .L169
 2457 0040 574A     		ldr	r2, .L169+12
 2458 0042 1A60     		str	r2, [r3]
 448:Task/Task_Protocol.c ****                     TaskFrameCTL_DefaultPort_Trans(p_data, size);
 2459              		.loc 1 448 17 is_stmt 1 view .LVU690
 448:Task/Task_Protocol.c ****                     TaskFrameCTL_DefaultPort_Trans(p_data, size);
 2460              		.loc 1 448 21 is_stmt 0 view .LVU691
 2461 0044 9DF80330 		ldrb	r3, [sp, #3]	@ zero_extendqisi2
 448:Task/Task_Protocol.c ****                     TaskFrameCTL_DefaultPort_Trans(p_data, size);
 2462              		.loc 1 448 20 view .LVU692
 2463 0048 EBB1     		cbz	r3, .L161
 448:Task/Task_Protocol.c ****                     TaskFrameCTL_DefaultPort_Trans(p_data, size);
 2464              		.loc 1 448 50 discriminator 1 view .LVU693
 2465 004a 564B     		ldr	r3, .L169+16
 2466 004c 1B78     		ldrb	r3, [r3]	@ zero_extendqisi2
 448:Task/Task_Protocol.c ****                     TaskFrameCTL_DefaultPort_Trans(p_data, size);
 2467              		.loc 1 448 31 discriminator 1 view .LVU694
 2468 004e 0BB1     		cbz	r3, .L166
 445:Task/Task_Protocol.c ****                 InUsePort_MavMsgInput_Obj = &DefaultPort_MavMsgInput_Obj;
 2469              		.loc 1 445 26 view .LVU695
 2470 0050 554F     		ldr	r7, .L169+20
 2471 0052 19E0     		b	.L151
 2472              	.L166:
 449:Task/Task_Protocol.c ****                 break;
 2473              		.loc 1 449 21 is_stmt 1 view .LVU696
 2474 0054 2946     		mov	r1, r5
 2475 0056 3046     		mov	r0, r6
 2476 0058 FFF7FEFF 		bl	TaskFrameCTL_DefaultPort_Trans
 2477              	.LVL186:
 445:Task/Task_Protocol.c ****                 InUsePort_MavMsgInput_Obj = &DefaultPort_MavMsgInput_Obj;
 2478              		.loc 1 445 26 is_stmt 0 view .LVU697
ARM GAS  C:\Users\HUAV\AppData\Local\Temp\ccteu8oL.s 			page 71


 2479 005c 524F     		ldr	r7, .L169+20
 2480 005e 13E0     		b	.L151
 2481              	.LVL187:
 2482              	.L149:
 453:Task/Task_Protocol.c ****                 InUsePort_MavMsgInput_Obj = &RadioPort_MavMsgInput_Obj;
 2483              		.loc 1 453 17 is_stmt 1 view .LVU698
 454:Task/Task_Protocol.c ****                 
 2484              		.loc 1 454 17 view .LVU699
 454:Task/Task_Protocol.c ****                 
 2485              		.loc 1 454 43 is_stmt 0 view .LVU700
 2486 0060 4C4B     		ldr	r3, .L169
 2487 0062 524A     		ldr	r2, .L169+24
 2488 0064 1A60     		str	r2, [r3]
 456:Task/Task_Protocol.c ****                     TaskFrameCTL_Port_Tx(p_RecObj->PortObj_addr, p_data, size);
 2489              		.loc 1 456 17 is_stmt 1 view .LVU701
 456:Task/Task_Protocol.c ****                     TaskFrameCTL_Port_Tx(p_RecObj->PortObj_addr, p_data, size);
 2490              		.loc 1 456 21 is_stmt 0 view .LVU702
 2491 0066 9DF80330 		ldrb	r3, [sp, #3]	@ zero_extendqisi2
 456:Task/Task_Protocol.c ****                     TaskFrameCTL_Port_Tx(p_RecObj->PortObj_addr, p_data, size);
 2492              		.loc 1 456 20 view .LVU703
 2493 006a 002B     		cmp	r3, #0
 2494 006c 5CD0     		beq	.L163
 456:Task/Task_Protocol.c ****                     TaskFrameCTL_Port_Tx(p_RecObj->PortObj_addr, p_data, size);
 2495              		.loc 1 456 50 discriminator 1 view .LVU704
 2496 006e 4D4B     		ldr	r3, .L169+16
 2497 0070 1B78     		ldrb	r3, [r3]	@ zero_extendqisi2
 456:Task/Task_Protocol.c ****                     TaskFrameCTL_Port_Tx(p_RecObj->PortObj_addr, p_data, size);
 2498              		.loc 1 456 31 discriminator 1 view .LVU705
 2499 0072 0BB1     		cbz	r3, .L167
 453:Task/Task_Protocol.c ****                 InUsePort_MavMsgInput_Obj = &RadioPort_MavMsgInput_Obj;
 2500              		.loc 1 453 26 view .LVU706
 2501 0074 4E4F     		ldr	r7, .L169+28
 2502 0076 07E0     		b	.L151
 2503              	.L167:
 457:Task/Task_Protocol.c ****                 break;
 2504              		.loc 1 457 21 is_stmt 1 view .LVU707
 2505 0078 2A46     		mov	r2, r5
 2506 007a 3146     		mov	r1, r6
 2507 007c 6068     		ldr	r0, [r4, #4]
 2508 007e FFF7FEFF 		bl	TaskFrameCTL_Port_Tx
 2509              	.LVL188:
 453:Task/Task_Protocol.c ****                 InUsePort_MavMsgInput_Obj = &RadioPort_MavMsgInput_Obj;
 2510              		.loc 1 453 26 is_stmt 0 view .LVU708
 2511 0082 4B4F     		ldr	r7, .L169+28
 2512 0084 00E0     		b	.L151
 2513              	.LVL189:
 2514              	.L161:
 445:Task/Task_Protocol.c ****                 InUsePort_MavMsgInput_Obj = &DefaultPort_MavMsgInput_Obj;
 2515              		.loc 1 445 26 view .LVU709
 2516 0086 484F     		ldr	r7, .L169+20
 2517              	.LVL190:
 2518              	.L151:
 464:Task/Task_Protocol.c ****         {
 2519              		.loc 1 464 9 is_stmt 1 view .LVU710
 464:Task/Task_Protocol.c ****         {
 2520              		.loc 1 464 22 is_stmt 0 view .LVU711
 2521 0088 BB88     		ldrh	r3, [r7, #4]
ARM GAS  C:\Users\HUAV\AppData\Local\Temp\ccteu8oL.s 			page 72


 464:Task/Task_Protocol.c ****         {
 2522              		.loc 1 464 29 view .LVU712
 2523 008a E918     		adds	r1, r5, r3
 464:Task/Task_Protocol.c ****         {
 2524              		.loc 1 464 48 view .LVU713
 2525 008c FA88     		ldrh	r2, [r7, #6]
 464:Task/Task_Protocol.c ****         {
 2526              		.loc 1 464 12 view .LVU714
 2527 008e 9142     		cmp	r1, r2
 2528 0090 4CDC     		bgt	.L152
 466:Task/Task_Protocol.c ****             p_stream->size += size;
 2529              		.loc 1 466 13 is_stmt 1 view .LVU715
 466:Task/Task_Protocol.c ****             p_stream->size += size;
 2530              		.loc 1 466 28 is_stmt 0 view .LVU716
 2531 0092 3868     		ldr	r0, [r7]
 466:Task/Task_Protocol.c ****             p_stream->size += size;
 2532              		.loc 1 466 13 view .LVU717
 2533 0094 2A46     		mov	r2, r5
 2534 0096 3146     		mov	r1, r6
 2535 0098 1844     		add	r0, r0, r3
 2536 009a FFF7FEFF 		bl	memcpy
 2537              	.LVL191:
 467:Task/Task_Protocol.c ****         }
 2538              		.loc 1 467 13 is_stmt 1 view .LVU718
 467:Task/Task_Protocol.c ****         }
 2539              		.loc 1 467 28 is_stmt 0 view .LVU719
 2540 009e BB88     		ldrh	r3, [r7, #4]
 2541 00a0 2B44     		add	r3, r3, r5
 2542 00a2 9BB2     		uxth	r3, r3
 2543 00a4 BB80     		strh	r3, [r7, #4]	@ movhi
 478:Task/Task_Protocol.c ****         {
 2544              		.loc 1 478 9 is_stmt 1 view .LVU720
 478:Task/Task_Protocol.c ****         {
 2545              		.loc 1 478 28 is_stmt 0 view .LVU721
 2546 00a6 3F4A     		ldr	r2, .L169+16
 2547 00a8 1278     		ldrb	r2, [r2]	@ zero_extendqisi2
 478:Task/Task_Protocol.c ****         {
 2548              		.loc 1 478 12 view .LVU722
 2549 00aa 002A     		cmp	r2, #0
 2550 00ac 46D1     		bne	.L153
 2551              	.L154:
 489:Task/Task_Protocol.c ****     
 2552              		.loc 1 489 9 is_stmt 1 view .LVU723
 489:Task/Task_Protocol.c ****     
 2553              		.loc 1 489 32 is_stmt 0 view .LVU724
 2554 00ae 414A     		ldr	r2, .L169+32
 2555 00b0 9568     		ldr	r5, [r2, #8]
 489:Task/Task_Protocol.c ****     
 2556              		.loc 1 489 21 view .LVU725
 2557 00b2 3A68     		ldr	r2, [r7]
 2558 00b4 3749     		ldr	r1, .L169
 2559 00b6 0968     		ldr	r1, [r1]
 2560 00b8 01A8     		add	r0, sp, #4
 2561 00ba A847     		blx	r5
 2562              	.LVL192:
 492:Task/Task_Protocol.c ****         {
 2563              		.loc 1 492 9 is_stmt 1 view .LVU726
ARM GAS  C:\Users\HUAV\AppData\Local\Temp\ccteu8oL.s 			page 73


 492:Task/Task_Protocol.c ****         {
 2564              		.loc 1 492 21 is_stmt 0 view .LVU727
 2565 00bc 9DF80430 		ldrb	r3, [sp, #4]	@ zero_extendqisi2
 492:Task/Task_Protocol.c ****         {
 2566              		.loc 1 492 11 view .LVU728
 2567 00c0 002B     		cmp	r3, #0
 2568 00c2 BAD0     		beq	.L146
 498:Task/Task_Protocol.c ****             {
 2569              		.loc 1 498 13 is_stmt 1 view .LVU729
 498:Task/Task_Protocol.c ****             {
 2570              		.loc 1 498 16 is_stmt 0 view .LVU730
 2571 00c4 9DF80330 		ldrb	r3, [sp, #3]	@ zero_extendqisi2
 498:Task/Task_Protocol.c ****             {
 2572              		.loc 1 498 15 view .LVU731
 2573 00c8 1BB9     		cbnz	r3, .L156
 500:Task/Task_Protocol.c ****                 {
 2574              		.loc 1 500 17 is_stmt 1 view .LVU732
 500:Task/Task_Protocol.c ****                 {
 2575              		.loc 1 500 30 is_stmt 0 view .LVU733
 2576 00ca 9DF80530 		ldrb	r3, [sp, #5]	@ zero_extendqisi2
 500:Task/Task_Protocol.c ****                 {
 2577              		.loc 1 500 20 view .LVU734
 2578 00ce 022B     		cmp	r3, #2
 2579 00d0 4CD0     		beq	.L168
 2580              	.L156:
 518:Task/Task_Protocol.c ****             {
 2581              		.loc 1 518 13 is_stmt 1 view .LVU735
 518:Task/Task_Protocol.c ****             {
 2582              		.loc 1 518 25 is_stmt 0 view .LVU736
 2583 00d2 9DF80530 		ldrb	r3, [sp, #5]	@ zero_extendqisi2
 518:Task/Task_Protocol.c ****             {
 2584              		.loc 1 518 15 view .LVU737
 2585 00d6 012B     		cmp	r3, #1
 2586 00d8 AFD1     		bne	.L146
 523:Task/Task_Protocol.c ****                    (CLI_Monitor.p_rx_stream->size + p_stream->size) <= CLI_Monitor.p_rx_stream->max
 2587              		.loc 1 523 17 is_stmt 1 view .LVU738
 523:Task/Task_Protocol.c ****                    (CLI_Monitor.p_rx_stream->size + p_stream->size) <= CLI_Monitor.p_rx_stream->max
 2588              		.loc 1 523 33 is_stmt 0 view .LVU739
 2589 00da 374B     		ldr	r3, .L169+36
 2590 00dc 5B68     		ldr	r3, [r3, #4]
 523:Task/Task_Protocol.c ****                    (CLI_Monitor.p_rx_stream->size + p_stream->size) <= CLI_Monitor.p_rx_stream->max
 2591              		.loc 1 523 19 view .LVU740
 2592 00de 13B1     		cbz	r3, .L159
 523:Task/Task_Protocol.c ****                    (CLI_Monitor.p_rx_stream->size + p_stream->size) <= CLI_Monitor.p_rx_stream->max
 2593              		.loc 1 523 87 discriminator 2 view .LVU741
 2594 00e0 6268     		ldr	r2, [r4, #4]
 523:Task/Task_Protocol.c ****                    (CLI_Monitor.p_rx_stream->size + p_stream->size) <= CLI_Monitor.p_rx_stream->max
 2595              		.loc 1 523 50 discriminator 2 view .LVU742
 2596 00e2 9342     		cmp	r3, r2
 2597 00e4 A9D1     		bne	.L146
 2598              	.L159:
 524:Task/Task_Protocol.c ****                 {
 2599              		.loc 1 524 32 discriminator 3 view .LVU743
 2600 00e6 344B     		ldr	r3, .L169+36
 2601 00e8 9A68     		ldr	r2, [r3, #8]
 524:Task/Task_Protocol.c ****                 {
 2602              		.loc 1 524 44 discriminator 3 view .LVU744
ARM GAS  C:\Users\HUAV\AppData\Local\Temp\ccteu8oL.s 			page 74


 2603 00ea 9388     		ldrh	r3, [r2, #4]
 524:Task/Task_Protocol.c ****                 {
 2604              		.loc 1 524 61 discriminator 3 view .LVU745
 2605 00ec B988     		ldrh	r1, [r7, #4]
 524:Task/Task_Protocol.c ****                 {
 2606              		.loc 1 524 51 discriminator 3 view .LVU746
 2607 00ee 0B44     		add	r3, r3, r1
 524:Task/Task_Protocol.c ****                 {
 2608              		.loc 1 524 95 discriminator 3 view .LVU747
 2609 00f0 D288     		ldrh	r2, [r2, #6]
 523:Task/Task_Protocol.c ****                    (CLI_Monitor.p_rx_stream->size + p_stream->size) <= CLI_Monitor.p_rx_stream->max
 2610              		.loc 1 523 104 discriminator 3 view .LVU748
 2611 00f2 9342     		cmp	r3, r2
 2612 00f4 A1DC     		bgt	.L146
 526:Task/Task_Protocol.c **** 
 2613              		.loc 1 526 21 is_stmt 1 view .LVU749
 526:Task/Task_Protocol.c **** 
 2614              		.loc 1 526 31 is_stmt 0 view .LVU750
 2615 00f6 284B     		ldr	r3, .L169+4
 2616 00f8 9B68     		ldr	r3, [r3, #8]
 526:Task/Task_Protocol.c **** 
 2617              		.loc 1 526 21 view .LVU751
 2618 00fa 0120     		movs	r0, #1
 2619 00fc 9847     		blx	r3
 2620              	.LVL193:
 528:Task/Task_Protocol.c ****                     CLI_Monitor.port_addr = p_RecObj->PortObj_addr;
 2621              		.loc 1 528 21 is_stmt 1 view .LVU752
 528:Task/Task_Protocol.c ****                     CLI_Monitor.port_addr = p_RecObj->PortObj_addr;
 2622              		.loc 1 528 48 is_stmt 0 view .LVU753
 2623 00fe 2278     		ldrb	r2, [r4]	@ zero_extendqisi2
 528:Task/Task_Protocol.c ****                     CLI_Monitor.port_addr = p_RecObj->PortObj_addr;
 2624              		.loc 1 528 38 view .LVU754
 2625 0100 2D4B     		ldr	r3, .L169+36
 2626 0102 1A70     		strb	r2, [r3]
 529:Task/Task_Protocol.c ****                     memcpy(CLI_Monitor.p_rx_stream->p_buf + CLI_Monitor.p_rx_stream->size, stream_i
 2627              		.loc 1 529 21 is_stmt 1 view .LVU755
 529:Task/Task_Protocol.c ****                     memcpy(CLI_Monitor.p_rx_stream->p_buf + CLI_Monitor.p_rx_stream->size, stream_i
 2628              		.loc 1 529 53 is_stmt 0 view .LVU756
 2629 0104 6268     		ldr	r2, [r4, #4]
 529:Task/Task_Protocol.c ****                     memcpy(CLI_Monitor.p_rx_stream->p_buf + CLI_Monitor.p_rx_stream->size, stream_i
 2630              		.loc 1 529 43 view .LVU757
 2631 0106 5A60     		str	r2, [r3, #4]
 530:Task/Task_Protocol.c ****                     CLI_Monitor.p_rx_stream->size += p_stream->size;
 2632              		.loc 1 530 21 is_stmt 1 view .LVU758
 530:Task/Task_Protocol.c ****                     CLI_Monitor.p_rx_stream->size += p_stream->size;
 2633              		.loc 1 530 39 is_stmt 0 view .LVU759
 2634 0108 9C68     		ldr	r4, [r3, #8]
 2635              	.LVL194:
 530:Task/Task_Protocol.c ****                     CLI_Monitor.p_rx_stream->size += p_stream->size;
 2636              		.loc 1 530 51 view .LVU760
 2637 010a 2068     		ldr	r0, [r4]
 530:Task/Task_Protocol.c ****                     CLI_Monitor.p_rx_stream->size += p_stream->size;
 2638              		.loc 1 530 84 view .LVU761
 2639 010c A388     		ldrh	r3, [r4, #4]
 530:Task/Task_Protocol.c ****                     CLI_Monitor.p_rx_stream->size += p_stream->size;
 2640              		.loc 1 530 21 view .LVU762
 2641 010e BDF80C20 		ldrh	r2, [sp, #12]
ARM GAS  C:\Users\HUAV\AppData\Local\Temp\ccteu8oL.s 			page 75


 2642 0112 0299     		ldr	r1, [sp, #8]
 2643 0114 1844     		add	r0, r0, r3
 2644 0116 FFF7FEFF 		bl	memcpy
 2645              	.LVL195:
 531:Task/Task_Protocol.c **** 
 2646              		.loc 1 531 21 is_stmt 1 view .LVU763
 531:Task/Task_Protocol.c **** 
 2647              		.loc 1 531 62 is_stmt 0 view .LVU764
 2648 011a BB88     		ldrh	r3, [r7, #4]
 531:Task/Task_Protocol.c **** 
 2649              		.loc 1 531 51 view .LVU765
 2650 011c A288     		ldrh	r2, [r4, #4]
 2651 011e 1344     		add	r3, r3, r2
 2652 0120 A380     		strh	r3, [r4, #4]	@ movhi
 534:Task/Task_Protocol.c ****                     memset(p_stream->p_buf, 0, p_stream->size);
 2653              		.loc 1 534 21 is_stmt 1 view .LVU766
 534:Task/Task_Protocol.c ****                     memset(p_stream->p_buf, 0, p_stream->size);
 2654              		.loc 1 534 36 is_stmt 0 view .LVU767
 2655 0122 0023     		movs	r3, #0
 2656 0124 BB80     		strh	r3, [r7, #4]	@ movhi
 535:Task/Task_Protocol.c ****                 }
 2657              		.loc 1 535 21 is_stmt 1 view .LVU768
 2658 0126 88E7     		b	.L146
 2659              	.LVL196:
 2660              	.L163:
 453:Task/Task_Protocol.c ****                 InUsePort_MavMsgInput_Obj = &RadioPort_MavMsgInput_Obj;
 2661              		.loc 1 453 26 is_stmt 0 view .LVU769
 2662 0128 214F     		ldr	r7, .L169+28
 2663 012a ADE7     		b	.L151
 2664              	.LVL197:
 2665              	.L152:
 471:Task/Task_Protocol.c ****             p_stream->size = 0;
 2666              		.loc 1 471 13 is_stmt 1 view .LVU770
 2667 012c 1A46     		mov	r2, r3
 2668 012e 0021     		movs	r1, #0
 2669 0130 3868     		ldr	r0, [r7]
 2670 0132 FFF7FEFF 		bl	memset
 2671              	.LVL198:
 472:Task/Task_Protocol.c ****             return;
 2672              		.loc 1 472 13 view .LVU771
 472:Task/Task_Protocol.c ****             return;
 2673              		.loc 1 472 28 is_stmt 0 view .LVU772
 2674 0136 0023     		movs	r3, #0
 2675 0138 BB80     		strh	r3, [r7, #4]	@ movhi
 473:Task/Task_Protocol.c ****         }
 2676              		.loc 1 473 13 is_stmt 1 view .LVU773
 2677 013a 7EE7     		b	.L146
 2678              	.L153:
 478:Task/Task_Protocol.c ****         {
 2679              		.loc 1 478 58 is_stmt 0 discriminator 1 view .LVU774
 2680 013c 194A     		ldr	r2, .L169+16
 2681 013e 5168     		ldr	r1, [r2, #4]
 478:Task/Task_Protocol.c ****         {
 2682              		.loc 1 478 80 discriminator 1 view .LVU775
 2683 0140 6268     		ldr	r2, [r4, #4]
 478:Task/Task_Protocol.c ****         {
 2684              		.loc 1 478 39 discriminator 1 view .LVU776
ARM GAS  C:\Users\HUAV\AppData\Local\Temp\ccteu8oL.s 			page 76


 2685 0142 9142     		cmp	r1, r2
 2686 0144 B3D1     		bne	.L154
 480:Task/Task_Protocol.c ****             {
 2687              		.loc 1 480 13 is_stmt 1 view .LVU777
 480:Task/Task_Protocol.c ****             {
 2688              		.loc 1 480 27 is_stmt 0 view .LVU778
 2689 0146 1D4B     		ldr	r3, .L169+40
 2690 0148 9C68     		ldr	r4, [r3, #8]
 2691              	.LVL199:
 480:Task/Task_Protocol.c ****             {
 2692              		.loc 1 480 49 view .LVU779
 2693 014a 144B     		ldr	r3, .L169+8
 2694 014c 5B68     		ldr	r3, [r3, #4]
 480:Task/Task_Protocol.c ****             {
 2695              		.loc 1 480 17 view .LVU780
 2696 014e 9847     		blx	r3
 2697              	.LVL200:
 2698 0150 BA88     		ldrh	r2, [r7, #4]
 2699 0152 3968     		ldr	r1, [r7]
 2700 0154 A047     		blx	r4
 2701              	.LVL201:
 480:Task/Task_Protocol.c ****             {
 2702              		.loc 1 480 16 view .LVU781
 2703 0156 0028     		cmp	r0, #0
 2704 0158 3FF46FAF 		beq	.L146
 482:Task/Task_Protocol.c ****                 p_stream->size = 0;
 2705              		.loc 1 482 17 is_stmt 1 view .LVU782
 2706 015c FA88     		ldrh	r2, [r7, #6]
 2707 015e 0021     		movs	r1, #0
 2708 0160 3868     		ldr	r0, [r7]
 2709 0162 FFF7FEFF 		bl	memset
 2710              	.LVL202:
 483:Task/Task_Protocol.c ****             }
 2711              		.loc 1 483 17 view .LVU783
 483:Task/Task_Protocol.c ****             }
 2712              		.loc 1 483 32 is_stmt 0 view .LVU784
 2713 0166 0023     		movs	r3, #0
 2714 0168 BB80     		strh	r3, [r7, #4]	@ movhi
 486:Task/Task_Protocol.c ****         }
 2715              		.loc 1 486 13 is_stmt 1 view .LVU785
 2716 016a 66E7     		b	.L146
 2717              	.LVL203:
 2718              	.L168:
 507:Task/Task_Protocol.c ****                     {
 2719              		.loc 1 507 21 view .LVU786
 507:Task/Task_Protocol.c ****                     {
 2720              		.loc 1 507 33 is_stmt 0 view .LVU787
 2721 016c BA88     		ldrh	r2, [r7, #4]
 507:Task/Task_Protocol.c ****                     {
 2722              		.loc 1 507 51 view .LVU788
 2723 016e BDF80C50 		ldrh	r5, [sp, #12]
 507:Task/Task_Protocol.c ****                     {
 2724              		.loc 1 507 24 view .LVU789
 2725 0172 AA42     		cmp	r2, r5
 2726 0174 09D9     		bls	.L157
 509:Task/Task_Protocol.c ****                     }
 2727              		.loc 1 509 25 is_stmt 1 view .LVU790
ARM GAS  C:\Users\HUAV\AppData\Local\Temp\ccteu8oL.s 			page 77


 2728 0176 521B     		subs	r2, r2, r5
 2729 0178 0299     		ldr	r1, [sp, #8]
 2730 017a 2944     		add	r1, r1, r5
 2731 017c 3868     		ldr	r0, [r7]
 2732 017e FFF7FEFF 		bl	memmove
 2733              	.LVL204:
 2734              	.L158:
 514:Task/Task_Protocol.c ****                 }
 2735              		.loc 1 514 21 view .LVU791
 514:Task/Task_Protocol.c ****                 }
 2736              		.loc 1 514 36 is_stmt 0 view .LVU792
 2737 0182 BB88     		ldrh	r3, [r7, #4]
 2738 0184 5B1B     		subs	r3, r3, r5
 2739 0186 BB80     		strh	r3, [r7, #4]	@ movhi
 2740 0188 A3E7     		b	.L156
 2741              	.L157:
 512:Task/Task_Protocol.c **** 
 2742              		.loc 1 512 25 is_stmt 1 view .LVU793
 2743 018a 0021     		movs	r1, #0
 2744 018c 3868     		ldr	r0, [r7]
 2745 018e FFF7FEFF 		bl	memset
 2746              	.LVL205:
 2747 0192 F6E7     		b	.L158
 2748              	.L170:
 2749              		.align	2
 2750              	.L169:
 2751 0194 00000000 		.word	.LANCHOR25
 2752 0198 00000000 		.word	SrvDataHub
 2753 019c 00000000 		.word	SrvOsCommon
 2754 01a0 00000000 		.word	.LANCHOR19
 2755 01a4 00000000 		.word	.LANCHOR26
 2756 01a8 00000000 		.word	.LANCHOR23
 2757 01ac 00000000 		.word	.LANCHOR20
 2758 01b0 00000000 		.word	.LANCHOR24
 2759 01b4 00000000 		.word	SrvComProto
 2760 01b8 00000000 		.word	.LANCHOR21
 2761 01bc 00000000 		.word	SrvUpgrade
 2762              		.cfi_endproc
 2763              	.LFE2282:
 2765              		.section	.text.TaskFrameCTL_Port_TxCplt_Callback,"ax",%progbits
 2766              		.align	1
 2767              		.syntax unified
 2768              		.thumb
 2769              		.thumb_func
 2771              	TaskFrameCTL_Port_TxCplt_Callback:
 2772              	.LVL206:
 2773              	.LFB2283:
 543:Task/Task_Protocol.c ****     UNUSED(p_data);
 2774              		.loc 1 543 1 view -0
 2775              		.cfi_startproc
 2776              		@ args = 0, pretend = 0, frame = 0
 2777              		@ frame_needed = 0, uses_anonymous_args = 0
 544:Task/Task_Protocol.c ****     UNUSED(size);
 2778              		.loc 1 544 5 view .LVU795
 545:Task/Task_Protocol.c **** 
 2779              		.loc 1 545 5 view .LVU796
 547:Task/Task_Protocol.c ****     FrameCTL_UartPortMonitor_TypeDef *p_UartPortObj = NULL;
ARM GAS  C:\Users\HUAV\AppData\Local\Temp\ccteu8oL.s 			page 78


 2780              		.loc 1 547 5 view .LVU797
 548:Task/Task_Protocol.c ****     FrameCTL_VCPPortMonitor_TypeDef *p_USBPortObj = NULL;
 2781              		.loc 1 548 5 view .LVU798
 549:Task/Task_Protocol.c ****     osSemaphoreId semID = NULL;
 2782              		.loc 1 549 5 view .LVU799
 550:Task/Task_Protocol.c ****     uint32_t *p_rls_err_cnt = NULL;
 2783              		.loc 1 550 5 view .LVU800
 551:Task/Task_Protocol.c **** 
 2784              		.loc 1 551 5 view .LVU801
 553:Task/Task_Protocol.c ****     {
 2785              		.loc 1 553 5 view .LVU802
 553:Task/Task_Protocol.c ****     {
 2786              		.loc 1 553 7 is_stmt 0 view .LVU803
 2787 0000 48B3     		cbz	r0, .L181
 543:Task/Task_Protocol.c ****     UNUSED(p_data);
 2788              		.loc 1 543 1 view .LVU804
 2789 0002 10B5     		push	{r4, lr}
 2790              	.LCFI46:
 2791              		.cfi_def_cfa_offset 8
 2792              		.cfi_offset 4, -8
 2793              		.cfi_offset 14, -4
 555:Task/Task_Protocol.c **** 
 2794              		.loc 1 555 9 is_stmt 1 view .LVU805
 2795              	.LVL207:
 557:Task/Task_Protocol.c ****         {
 2796              		.loc 1 557 9 view .LVU806
 557:Task/Task_Protocol.c ****         {
 2797              		.loc 1 557 17 is_stmt 0 view .LVU807
 2798 0004 4468     		ldr	r4, [r0, #4]
 557:Task/Task_Protocol.c ****         {
 2799              		.loc 1 557 11 view .LVU808
 2800 0006 24B1     		cbz	r4, .L171
 559:Task/Task_Protocol.c ****             {
 2801              		.loc 1 559 13 is_stmt 1 view .LVU809
 559:Task/Task_Protocol.c ****             {
 2802              		.loc 1 559 35 is_stmt 0 view .LVU810
 2803 0008 0278     		ldrb	r2, [r0]	@ zero_extendqisi2
 2804              	.LVL208:
 559:Task/Task_Protocol.c ****             {
 2805              		.loc 1 559 13 view .LVU811
 2806 000a 012A     		cmp	r2, #1
 2807 000c 02D0     		beq	.L173
 2808 000e 022A     		cmp	r2, #2
 2809 0010 06D0     		beq	.L174
 2810              	.LVL209:
 2811              	.L171:
 589:Task/Task_Protocol.c **** 
 2812              		.loc 1 589 1 view .LVU812
 2813 0012 10BD     		pop	{r4, pc}
 2814              	.LVL210:
 2815              	.L173:
 562:Task/Task_Protocol.c **** 
 2816              		.loc 1 562 21 is_stmt 1 view .LVU813
 564:Task/Task_Protocol.c ****                     {
 2817              		.loc 1 564 21 view .LVU814
 564:Task/Task_Protocol.c ****                     {
 2818              		.loc 1 564 36 is_stmt 0 view .LVU815
ARM GAS  C:\Users\HUAV\AppData\Local\Temp\ccteu8oL.s 			page 79


 2819 0014 2278     		ldrb	r2, [r4]	@ zero_extendqisi2
 564:Task/Task_Protocol.c ****                     {
 2820              		.loc 1 564 23 view .LVU816
 2821 0016 4AB1     		cbz	r2, .L176
 564:Task/Task_Protocol.c ****                     {
 2822              		.loc 1 564 64 discriminator 1 view .LVU817
 2823 0018 2069     		ldr	r0, [r4, #16]
 2824              	.LVL211:
 564:Task/Task_Protocol.c ****                     {
 2825              		.loc 1 564 49 discriminator 1 view .LVU818
 2826 001a A8B1     		cbz	r0, .L177
 566:Task/Task_Protocol.c ****                         p_rls_err_cnt = &p_USBPortObj->tx_semphr_rls_err;
 2827              		.loc 1 566 25 is_stmt 1 view .LVU819
 2828              	.LVL212:
 567:Task/Task_Protocol.c ****                     }
 2829              		.loc 1 567 25 view .LVU820
 567:Task/Task_Protocol.c ****                     }
 2830              		.loc 1 567 39 is_stmt 0 view .LVU821
 2831 001c 1434     		adds	r4, r4, #20
 2832              	.LVL213:
 567:Task/Task_Protocol.c ****                     }
 2833              		.loc 1 567 39 view .LVU822
 2834 001e 07E0     		b	.L175
 2835              	.LVL214:
 2836              	.L174:
 572:Task/Task_Protocol.c **** 
 2837              		.loc 1 572 21 is_stmt 1 view .LVU823
 574:Task/Task_Protocol.c ****                     {
 2838              		.loc 1 574 21 view .LVU824
 574:Task/Task_Protocol.c ****                     {
 2839              		.loc 1 574 37 is_stmt 0 view .LVU825
 2840 0020 2278     		ldrb	r2, [r4]	@ zero_extendqisi2
 574:Task/Task_Protocol.c ****                     {
 2841              		.loc 1 574 23 view .LVU826
 2842 0022 9AB1     		cbz	r2, .L178
 574:Task/Task_Protocol.c ****                     {
 2843              		.loc 1 574 66 discriminator 1 view .LVU827
 2844 0024 A069     		ldr	r0, [r4, #24]
 2845              	.LVL215:
 574:Task/Task_Protocol.c ****                     {
 2846              		.loc 1 574 50 discriminator 1 view .LVU828
 2847 0026 A0B1     		cbz	r0, .L179
 576:Task/Task_Protocol.c ****                         p_rls_err_cnt = &p_UartPortObj->tx_semphr_rls_err;
 2848              		.loc 1 576 25 is_stmt 1 view .LVU829
 2849              	.LVL216:
 577:Task/Task_Protocol.c ****                     }
 2850              		.loc 1 577 25 view .LVU830
 577:Task/Task_Protocol.c ****                     }
 2851              		.loc 1 577 39 is_stmt 0 view .LVU831
 2852 0028 1C34     		adds	r4, r4, #28
 2853              	.LVL217:
 577:Task/Task_Protocol.c ****                     }
 2854              		.loc 1 577 39 view .LVU832
 2855 002a 01E0     		b	.L175
 2856              	.LVL218:
 2857              	.L176:
 551:Task/Task_Protocol.c **** 
ARM GAS  C:\Users\HUAV\AppData\Local\Temp\ccteu8oL.s 			page 80


 2858              		.loc 1 551 15 view .LVU833
 2859 002c 0024     		movs	r4, #0
 2860              	.LVL219:
 550:Task/Task_Protocol.c ****     uint32_t *p_rls_err_cnt = NULL;
 2861              		.loc 1 550 19 view .LVU834
 2862 002e 2046     		mov	r0, r4
 2863              	.LVL220:
 2864              	.L175:
 585:Task/Task_Protocol.c ****                 (*p_rls_err_cnt) ++;
 2865              		.loc 1 585 13 is_stmt 1 view .LVU835
 585:Task/Task_Protocol.c ****                 (*p_rls_err_cnt) ++;
 2866              		.loc 1 585 15 is_stmt 0 view .LVU836
 2867 0030 0028     		cmp	r0, #0
 2868 0032 18BF     		it	ne
 2869 0034 002C     		cmpne	r4, #0
 2870 0036 ECD0     		beq	.L171
 585:Task/Task_Protocol.c ****                 (*p_rls_err_cnt) ++;
 2871              		.loc 1 585 43 discriminator 1 view .LVU837
 2872 0038 FFF7FEFF 		bl	osSemaphoreRelease
 2873              	.LVL221:
 585:Task/Task_Protocol.c ****                 (*p_rls_err_cnt) ++;
 2874              		.loc 1 585 39 discriminator 1 view .LVU838
 2875 003c 0028     		cmp	r0, #0
 2876 003e E8D0     		beq	.L171
 586:Task/Task_Protocol.c ****         }
 2877              		.loc 1 586 17 is_stmt 1 view .LVU839
 586:Task/Task_Protocol.c ****         }
 2878              		.loc 1 586 18 is_stmt 0 view .LVU840
 2879 0040 2368     		ldr	r3, [r4]
 586:Task/Task_Protocol.c ****         }
 2880              		.loc 1 586 34 view .LVU841
 2881 0042 0133     		adds	r3, r3, #1
 2882 0044 2360     		str	r3, [r4]
 2883 0046 E4E7     		b	.L171
 2884              	.LVL222:
 2885              	.L177:
 551:Task/Task_Protocol.c **** 
 2886              		.loc 1 551 15 view .LVU842
 2887 0048 0446     		mov	r4, r0
 2888              	.LVL223:
 551:Task/Task_Protocol.c **** 
 2889              		.loc 1 551 15 view .LVU843
 2890 004a F1E7     		b	.L175
 2891              	.LVL224:
 2892              	.L178:
 551:Task/Task_Protocol.c **** 
 2893              		.loc 1 551 15 view .LVU844
 2894 004c 0024     		movs	r4, #0
 2895              	.LVL225:
 550:Task/Task_Protocol.c ****     uint32_t *p_rls_err_cnt = NULL;
 2896              		.loc 1 550 19 view .LVU845
 2897 004e 2046     		mov	r0, r4
 2898              	.LVL226:
 550:Task/Task_Protocol.c ****     uint32_t *p_rls_err_cnt = NULL;
 2899              		.loc 1 550 19 view .LVU846
 2900 0050 EEE7     		b	.L175
 2901              	.LVL227:
ARM GAS  C:\Users\HUAV\AppData\Local\Temp\ccteu8oL.s 			page 81


 2902              	.L179:
 551:Task/Task_Protocol.c **** 
 2903              		.loc 1 551 15 view .LVU847
 2904 0052 0446     		mov	r4, r0
 2905              	.LVL228:
 551:Task/Task_Protocol.c **** 
 2906              		.loc 1 551 15 view .LVU848
 2907 0054 ECE7     		b	.L175
 2908              	.LVL229:
 2909              	.L181:
 2910              	.LCFI47:
 2911              		.cfi_def_cfa_offset 0
 2912              		.cfi_restore 4
 2913              		.cfi_restore 14
 551:Task/Task_Protocol.c **** 
 2914              		.loc 1 551 15 view .LVU849
 2915 0056 7047     		bx	lr
 2916              		.cfi_endproc
 2917              	.LFE2283:
 2919              		.section	.text.TaskFrameCTL_ConfigureStateCheck,"ax",%progbits
 2920              		.align	1
 2921              		.syntax unified
 2922              		.thumb
 2923              		.thumb_func
 2925              	TaskFrameCTL_ConfigureStateCheck:
 2926              	.LFB2292:
 918:Task/Task_Protocol.c ****     uint32_t cur_time = SrvOsCommon.get_os_ms();
 2927              		.loc 1 918 1 is_stmt 1 view -0
 2928              		.cfi_startproc
 2929              		@ args = 0, pretend = 0, frame = 8
 2930              		@ frame_needed = 0, uses_anonymous_args = 0
 2931 0000 00B5     		push	{lr}
 2932              	.LCFI48:
 2933              		.cfi_def_cfa_offset 4
 2934              		.cfi_offset 14, -4
 2935 0002 83B0     		sub	sp, sp, #12
 2936              	.LCFI49:
 2937              		.cfi_def_cfa_offset 16
 919:Task/Task_Protocol.c ****     bool lst_vcp_state = false;
 2938              		.loc 1 919 5 view .LVU851
 919:Task/Task_Protocol.c ****     bool lst_vcp_state = false;
 2939              		.loc 1 919 36 is_stmt 0 view .LVU852
 2940 0004 124B     		ldr	r3, .L189
 2941 0006 5B68     		ldr	r3, [r3, #4]
 919:Task/Task_Protocol.c ****     bool lst_vcp_state = false;
 2942              		.loc 1 919 25 view .LVU853
 2943 0008 9847     		blx	r3
 2944              	.LVL230:
 920:Task/Task_Protocol.c **** 
 2945              		.loc 1 920 5 is_stmt 1 view .LVU854
 920:Task/Task_Protocol.c **** 
 2946              		.loc 1 920 10 is_stmt 0 view .LVU855
 2947 000a 0023     		movs	r3, #0
 2948 000c 8DF80730 		strb	r3, [sp, #7]
 922:Task/Task_Protocol.c **** 
 2949              		.loc 1 922 5 is_stmt 1 view .LVU856
 922:Task/Task_Protocol.c **** 
ARM GAS  C:\Users\HUAV\AppData\Local\Temp\ccteu8oL.s 			page 82


 2950              		.loc 1 922 35 is_stmt 0 view .LVU857
 2951 0010 104A     		ldr	r2, .L189+4
 2952 0012 5370     		strb	r3, [r2, #1]
 925:Task/Task_Protocol.c ****         PortMonitor.vcp_connect_state = BspUSB_VCP.check_connect(cur_time, FrameCTL_Period);
 2953              		.loc 1 925 5 is_stmt 1 view .LVU858
 925:Task/Task_Protocol.c ****         PortMonitor.vcp_connect_state = BspUSB_VCP.check_connect(cur_time, FrameCTL_Period);
 2954              		.loc 1 925 19 is_stmt 0 view .LVU859
 2955 0014 104B     		ldr	r3, .L189+8
 2956 0016 DB69     		ldr	r3, [r3, #28]
 925:Task/Task_Protocol.c ****         PortMonitor.vcp_connect_state = BspUSB_VCP.check_connect(cur_time, FrameCTL_Period);
 2957              		.loc 1 925 8 view .LVU860
 2958 0018 23B1     		cbz	r3, .L185
 926:Task/Task_Protocol.c **** 
 2959              		.loc 1 926 9 is_stmt 1 view .LVU861
 926:Task/Task_Protocol.c **** 
 2960              		.loc 1 926 41 is_stmt 0 view .LVU862
 2961 001a 104A     		ldr	r2, .L189+12
 2962 001c 1168     		ldr	r1, [r2]
 2963 001e 9847     		blx	r3
 2964              	.LVL231:
 926:Task/Task_Protocol.c **** 
 2965              		.loc 1 926 39 view .LVU863
 2966 0020 0C4B     		ldr	r3, .L189+4
 2967 0022 5870     		strb	r0, [r3, #1]
 2968              	.L185:
 928:Task/Task_Protocol.c **** 
 2969              		.loc 1 928 5 is_stmt 1 view .LVU864
 928:Task/Task_Protocol.c **** 
 2970              		.loc 1 928 15 is_stmt 0 view .LVU865
 2971 0024 0E4B     		ldr	r3, .L189+16
 2972 0026 9B69     		ldr	r3, [r3, #24]
 928:Task/Task_Protocol.c **** 
 2973              		.loc 1 928 5 view .LVU866
 2974 0028 0DF10700 		add	r0, sp, #7
 2975 002c 9847     		blx	r3
 2976              	.LVL232:
 931:Task/Task_Protocol.c ****     {
 2977              		.loc 1 931 5 is_stmt 1 view .LVU867
 931:Task/Task_Protocol.c ****     {
 2978              		.loc 1 931 37 is_stmt 0 view .LVU868
 2979 002e 094B     		ldr	r3, .L189+4
 2980 0030 5B78     		ldrb	r3, [r3, #1]	@ zero_extendqisi2
 931:Task/Task_Protocol.c ****     {
 2981              		.loc 1 931 23 view .LVU869
 2982 0032 9DF80720 		ldrb	r2, [sp, #7]	@ zero_extendqisi2
 931:Task/Task_Protocol.c ****     {
 2983              		.loc 1 931 8 view .LVU870
 2984 0036 9342     		cmp	r3, r2
 2985 0038 02D1     		bne	.L188
 2986              	.L184:
 936:Task/Task_Protocol.c **** 
 2987              		.loc 1 936 1 view .LVU871
 2988 003a 03B0     		add	sp, sp, #12
 2989              	.LCFI50:
 2990              		.cfi_remember_state
 2991              		.cfi_def_cfa_offset 4
 2992              		@ sp needed
ARM GAS  C:\Users\HUAV\AppData\Local\Temp\ccteu8oL.s 			page 83


 2993 003c 5DF804FB 		ldr	pc, [sp], #4
 2994              	.L188:
 2995              	.LCFI51:
 2996              		.cfi_restore_state
 933:Task/Task_Protocol.c ****         DataPipe_SendTo(&VCP_Connect_smp_DataPipe, &VCP_Connect_hub_DataPipe);
 2997              		.loc 1 933 9 is_stmt 1 view .LVU872
 933:Task/Task_Protocol.c ****         DataPipe_SendTo(&VCP_Connect_smp_DataPipe, &VCP_Connect_hub_DataPipe);
 2998              		.loc 1 933 44 is_stmt 0 view .LVU873
 2999 0040 084A     		ldr	r2, .L189+20
 3000 0042 1370     		strb	r3, [r2]
 934:Task/Task_Protocol.c ****     }
 3001              		.loc 1 934 9 is_stmt 1 view .LVU874
 3002 0044 0849     		ldr	r1, .L189+24
 3003 0046 0948     		ldr	r0, .L189+28
 3004 0048 FFF7FEFF 		bl	DataPipe_SendTo
 3005              	.LVL233:
 936:Task/Task_Protocol.c **** 
 3006              		.loc 1 936 1 is_stmt 0 view .LVU875
 3007 004c F5E7     		b	.L184
 3008              	.L190:
 3009 004e 00BF     		.align	2
 3010              	.L189:
 3011 0050 00000000 		.word	SrvOsCommon
 3012 0054 00000000 		.word	.LANCHOR0
 3013 0058 00000000 		.word	BspUSB_VCP
 3014 005c 00000000 		.word	.LANCHOR27
 3015 0060 00000000 		.word	SrvDataHub
 3016 0064 00000000 		.word	.LANCHOR28
 3017 0068 00000000 		.word	VCP_Connect_hub_DataPipe
 3018 006c 00000000 		.word	VCP_Connect_smp_DataPipe
 3019              		.cfi_endproc
 3020              	.LFE2292:
 3022              		.section	.text.TaskFrameCTL_CLI_Proc,"ax",%progbits
 3023              		.align	1
 3024              		.syntax unified
 3025              		.thumb
 3026              		.thumb_func
 3028              	TaskFrameCTL_CLI_Proc:
 3029              	.LFB2290:
 873:Task/Task_Protocol.c ****     uint16_t rx_stream_size = 0;
 3030              		.loc 1 873 1 is_stmt 1 view -0
 3031              		.cfi_startproc
 3032              		@ args = 0, pretend = 0, frame = 8
 3033              		@ frame_needed = 0, uses_anonymous_args = 0
 3034 0000 F0B5     		push	{r4, r5, r6, r7, lr}
 3035              	.LCFI52:
 3036              		.cfi_def_cfa_offset 20
 3037              		.cfi_offset 4, -20
 3038              		.cfi_offset 5, -16
 3039              		.cfi_offset 6, -12
 3040              		.cfi_offset 7, -8
 3041              		.cfi_offset 14, -4
 3042 0002 83B0     		sub	sp, sp, #12
 3043              	.LCFI53:
 3044              		.cfi_def_cfa_offset 32
 874:Task/Task_Protocol.c ****     bool arm_state;
 3045              		.loc 1 874 5 view .LVU877
ARM GAS  C:\Users\HUAV\AppData\Local\Temp\ccteu8oL.s 			page 84


 3046              	.LVL234:
 875:Task/Task_Protocol.c ****     Shell *shell_obj = Shell_GetInstence();
 3047              		.loc 1 875 5 view .LVU878
 876:Task/Task_Protocol.c **** 
 3048              		.loc 1 876 5 view .LVU879
 876:Task/Task_Protocol.c **** 
 3049              		.loc 1 876 24 is_stmt 0 view .LVU880
 3050 0004 FFF7FEFF 		bl	Shell_GetInstence
 3051              	.LVL235:
 879:Task/Task_Protocol.c ****     {
 3052              		.loc 1 879 5 is_stmt 1 view .LVU881
 879:Task/Task_Protocol.c ****     {
 3053              		.loc 1 879 7 is_stmt 0 view .LVU882
 3054 0008 10B3     		cbz	r0, .L191
 3055 000a 0646     		mov	r6, r0
 879:Task/Task_Protocol.c ****     {
 3056              		.loc 1 879 32 discriminator 1 view .LVU883
 3057 000c 114B     		ldr	r3, .L198
 3058 000e 9B68     		ldr	r3, [r3, #8]
 879:Task/Task_Protocol.c ****     {
 3059              		.loc 1 879 44 discriminator 1 view .LVU884
 3060 0010 1A68     		ldr	r2, [r3]
 879:Task/Task_Protocol.c ****     {
 3061              		.loc 1 879 18 discriminator 1 view .LVU885
 3062 0012 EAB1     		cbz	r2, .L191
 879:Task/Task_Protocol.c ****     {
 3063              		.loc 1 879 78 discriminator 2 view .LVU886
 3064 0014 9F88     		ldrh	r7, [r3, #4]
 879:Task/Task_Protocol.c ****     {
 3065              		.loc 1 879 52 discriminator 2 view .LVU887
 3066 0016 DFB1     		cbz	r7, .L191
 881:Task/Task_Protocol.c **** 
 3067              		.loc 1 881 9 is_stmt 1 view .LVU888
 3068              	.LVL236:
 884:Task/Task_Protocol.c ****         if (arm_state == DRONE_DISARM)
 3069              		.loc 1 884 9 view .LVU889
 884:Task/Task_Protocol.c ****         if (arm_state == DRONE_DISARM)
 3070              		.loc 1 884 19 is_stmt 0 view .LVU890
 3071 0018 0F4B     		ldr	r3, .L198+4
 3072 001a 5B6D     		ldr	r3, [r3, #84]
 884:Task/Task_Protocol.c ****         if (arm_state == DRONE_DISARM)
 3073              		.loc 1 884 9 view .LVU891
 3074 001c 0DF10700 		add	r0, sp, #7
 3075              	.LVL237:
 884:Task/Task_Protocol.c ****         if (arm_state == DRONE_DISARM)
 3076              		.loc 1 884 9 view .LVU892
 3077 0020 9847     		blx	r3
 3078              	.LVL238:
 885:Task/Task_Protocol.c ****             return;
 3079              		.loc 1 885 9 is_stmt 1 view .LVU893
 885:Task/Task_Protocol.c ****             return;
 3080              		.loc 1 885 23 is_stmt 0 view .LVU894
 3081 0022 9DF80730 		ldrb	r3, [sp, #7]	@ zero_extendqisi2
 885:Task/Task_Protocol.c ****             return;
 3082              		.loc 1 885 12 view .LVU895
 3083 0026 9BB1     		cbz	r3, .L191
 3084              	.LBB11:
ARM GAS  C:\Users\HUAV\AppData\Local\Temp\ccteu8oL.s 			page 85


 888:Task/Task_Protocol.c ****         {
 3085              		.loc 1 888 22 view .LVU896
 3086 0028 0024     		movs	r4, #0
 3087 002a 0FE0     		b	.L193
 3088              	.LVL239:
 3089              	.L195:
 890:Task/Task_Protocol.c ****             CLI_Monitor.p_rx_stream->p_buf[i] = 0;
 3090              		.loc 1 890 13 is_stmt 1 discriminator 3 view .LVU897
 890:Task/Task_Protocol.c ****             CLI_Monitor.p_rx_stream->p_buf[i] = 0;
 3091              		.loc 1 890 48 is_stmt 0 discriminator 3 view .LVU898
 3092 002c 094D     		ldr	r5, .L198
 3093 002e AB68     		ldr	r3, [r5, #8]
 890:Task/Task_Protocol.c ****             CLI_Monitor.p_rx_stream->p_buf[i] = 0;
 3094              		.loc 1 890 60 discriminator 3 view .LVU899
 3095 0030 1B68     		ldr	r3, [r3]
 890:Task/Task_Protocol.c ****             CLI_Monitor.p_rx_stream->p_buf[i] = 0;
 3096              		.loc 1 890 13 discriminator 3 view .LVU900
 3097 0032 195D     		ldrb	r1, [r3, r4]	@ zero_extendqisi2
 3098 0034 3046     		mov	r0, r6
 3099 0036 FFF7FEFF 		bl	shellHandler
 3100              	.LVL240:
 891:Task/Task_Protocol.c ****             CLI_Monitor.p_rx_stream->size --;
 3101              		.loc 1 891 13 is_stmt 1 discriminator 3 view .LVU901
 891:Task/Task_Protocol.c ****             CLI_Monitor.p_rx_stream->size --;
 3102              		.loc 1 891 24 is_stmt 0 discriminator 3 view .LVU902
 3103 003a AB68     		ldr	r3, [r5, #8]
 891:Task/Task_Protocol.c ****             CLI_Monitor.p_rx_stream->size --;
 3104              		.loc 1 891 36 discriminator 3 view .LVU903
 3105 003c 1A68     		ldr	r2, [r3]
 891:Task/Task_Protocol.c ****             CLI_Monitor.p_rx_stream->size --;
 3106              		.loc 1 891 47 discriminator 3 view .LVU904
 3107 003e 0021     		movs	r1, #0
 3108 0040 1155     		strb	r1, [r2, r4]
 892:Task/Task_Protocol.c ****         }
 3109              		.loc 1 892 13 is_stmt 1 discriminator 3 view .LVU905
 892:Task/Task_Protocol.c ****         }
 3110              		.loc 1 892 36 is_stmt 0 discriminator 3 view .LVU906
 3111 0042 9A88     		ldrh	r2, [r3, #4]
 892:Task/Task_Protocol.c ****         }
 3112              		.loc 1 892 43 discriminator 3 view .LVU907
 3113 0044 013A     		subs	r2, r2, #1
 3114 0046 9A80     		strh	r2, [r3, #4]	@ movhi
 888:Task/Task_Protocol.c ****         {
 3115              		.loc 1 888 49 is_stmt 1 discriminator 3 view .LVU908
 888:Task/Task_Protocol.c ****         {
 3116              		.loc 1 888 50 is_stmt 0 discriminator 3 view .LVU909
 3117 0048 0134     		adds	r4, r4, #1
 3118              	.LVL241:
 888:Task/Task_Protocol.c ****         {
 3119              		.loc 1 888 50 discriminator 3 view .LVU910
 3120 004a A4B2     		uxth	r4, r4
 3121              	.LVL242:
 3122              	.L193:
 888:Task/Task_Protocol.c ****         {
 3123              		.loc 1 888 29 is_stmt 1 discriminator 1 view .LVU911
 888:Task/Task_Protocol.c ****         {
 3124              		.loc 1 888 9 is_stmt 0 discriminator 1 view .LVU912
ARM GAS  C:\Users\HUAV\AppData\Local\Temp\ccteu8oL.s 			page 86


 3125 004c A742     		cmp	r7, r4
 3126 004e EDD8     		bhi	.L195
 3127              	.LVL243:
 3128              	.L191:
 888:Task/Task_Protocol.c ****         {
 3129              		.loc 1 888 9 discriminator 1 view .LVU913
 3130              	.LBE11:
 895:Task/Task_Protocol.c **** 
 3131              		.loc 1 895 1 view .LVU914
 3132 0050 03B0     		add	sp, sp, #12
 3133              	.LCFI54:
 3134              		.cfi_def_cfa_offset 20
 3135              		@ sp needed
 3136 0052 F0BD     		pop	{r4, r5, r6, r7, pc}
 3137              	.L199:
 3138              		.align	2
 3139              	.L198:
 3140 0054 00000000 		.word	.LANCHOR21
 3141 0058 00000000 		.word	SrvDataHub
 3142              		.cfi_endproc
 3143              	.LFE2290:
 3145              		.section	.rodata.TaskFrameCTL_Upgrade_StatePolling.str1.4,"aMS",%progbits,1
 3146              		.align	2
 3147              	.LC0:
 3148 0000 0D0A00   		.ascii	"\015\012\000"
 3149 0003 00       		.align	2
 3150              	.LC1:
 3151 0004 5B205570 		.ascii	"[ Upgrade ] Communicate time out\015\012\000"
 3151      67726164 
 3151      65205D20 
 3151      436F6D6D 
 3151      756E6963 
 3152 0027 00       		.align	2
 3153              	.LC2:
 3154 0028 5B205570 		.ascii	"[ Upgrade ] Error\015\012\000"
 3154      67726164 
 3154      65205D20 
 3154      4572726F 
 3154      720D0A00 
 3155              		.align	2
 3156              	.LC3:
 3157 003c 5B205570 		.ascii	"[ Upgrade ] Firmware Updating\015\012\000"
 3157      67726164 
 3157      65205D20 
 3157      4669726D 
 3157      77617265 
 3158              		.align	2
 3159              	.LC4:
 3160 005c 5B205570 		.ascii	"[ Upgrade ] DO NOT POWER OFF\015\012\000"
 3160      67726164 
 3160      65205D20 
 3160      444F204E 
 3160      4F542050 
 3161              		.section	.text.TaskFrameCTL_Upgrade_StatePolling,"ax",%progbits
 3162              		.align	1
 3163              		.syntax unified
 3164              		.thumb
ARM GAS  C:\Users\HUAV\AppData\Local\Temp\ccteu8oL.s 			page 87


 3165              		.thumb_func
 3167              	TaskFrameCTL_Upgrade_StatePolling:
 3168              	.LVL244:
 3169              	.LFB2287:
 666:Task/Task_Protocol.c ****     SrvUpgrade_Stage_List stage;
 3170              		.loc 1 666 1 is_stmt 1 view -0
 3171              		.cfi_startproc
 3172              		@ args = 0, pretend = 0, frame = 0
 3173              		@ frame_needed = 0, uses_anonymous_args = 0
 666:Task/Task_Protocol.c ****     SrvUpgrade_Stage_List stage;
 3174              		.loc 1 666 1 is_stmt 0 view .LVU916
 3175 0000 70B5     		push	{r4, r5, r6, lr}
 3176              	.LCFI55:
 3177              		.cfi_def_cfa_offset 16
 3178              		.cfi_offset 4, -16
 3179              		.cfi_offset 5, -12
 3180              		.cfi_offset 6, -8
 3181              		.cfi_offset 14, -4
 3182 0002 0446     		mov	r4, r0
 667:Task/Task_Protocol.c ****     uint32_t sys_time = SrvOsCommon.get_os_ms();
 3183              		.loc 1 667 5 is_stmt 1 view .LVU917
 668:Task/Task_Protocol.c ****     Shell *shell_obj = Shell_GetInstence();
 3184              		.loc 1 668 5 view .LVU918
 668:Task/Task_Protocol.c ****     Shell *shell_obj = Shell_GetInstence();
 3185              		.loc 1 668 36 is_stmt 0 view .LVU919
 3186 0004 2A4B     		ldr	r3, .L211
 3187 0006 5B68     		ldr	r3, [r3, #4]
 668:Task/Task_Protocol.c ****     Shell *shell_obj = Shell_GetInstence();
 3188              		.loc 1 668 25 view .LVU920
 3189 0008 9847     		blx	r3
 3190              	.LVL245:
 668:Task/Task_Protocol.c ****     Shell *shell_obj = Shell_GetInstence();
 3191              		.loc 1 668 25 view .LVU921
 3192 000a 0646     		mov	r6, r0
 3193              	.LVL246:
 669:Task/Task_Protocol.c ****     uint16_t logout_size = 0;
 3194              		.loc 1 669 5 is_stmt 1 view .LVU922
 669:Task/Task_Protocol.c ****     uint16_t logout_size = 0;
 3195              		.loc 1 669 24 is_stmt 0 view .LVU923
 3196 000c FFF7FEFF 		bl	Shell_GetInstence
 3197              	.LVL247:
 669:Task/Task_Protocol.c ****     uint16_t logout_size = 0;
 3198              		.loc 1 669 24 view .LVU924
 3199 0010 0546     		mov	r5, r0
 3200              	.LVL248:
 670:Task/Task_Protocol.c **** 
 3201              		.loc 1 670 5 is_stmt 1 view .LVU925
 672:Task/Task_Protocol.c **** 
 3202              		.loc 1 672 5 view .LVU926
 672:Task/Task_Protocol.c **** 
 3203              		.loc 1 672 23 is_stmt 0 view .LVU927
 3204 0012 284B     		ldr	r3, .L211+4
 3205 0014 5B68     		ldr	r3, [r3, #4]
 672:Task/Task_Protocol.c **** 
 3206              		.loc 1 672 13 view .LVU928
 3207 0016 3046     		mov	r0, r6
 3208              	.LVL249:
ARM GAS  C:\Users\HUAV\AppData\Local\Temp\ccteu8oL.s 			page 88


 672:Task/Task_Protocol.c **** 
 3209              		.loc 1 672 13 view .LVU929
 3210 0018 9847     		blx	r3
 3211              	.LVL250:
 674:Task/Task_Protocol.c ****     {
 3212              		.loc 1 674 5 is_stmt 1 view .LVU930
 3213 001a 0328     		cmp	r0, #3
 3214 001c 0AD0     		beq	.L201
 3215 001e 0828     		cmp	r0, #8
 3216 0020 02D0     		beq	.L202
 3217 0022 0128     		cmp	r0, #1
 3218 0024 28D0     		beq	.L208
 3219              	.LVL251:
 3220              	.L200:
 712:Task/Task_Protocol.c **** 
 3221              		.loc 1 712 1 is_stmt 0 view .LVU931
 3222 0026 70BD     		pop	{r4, r5, r6, pc}
 3223              	.LVL252:
 3224              	.L202:
 677:Task/Task_Protocol.c ****             {
 3225              		.loc 1 677 13 is_stmt 1 view .LVU932
 677:Task/Task_Protocol.c ****             {
 3226              		.loc 1 677 21 is_stmt 0 view .LVU933
 3227 0028 002D     		cmp	r5, #0
 3228 002a 0CBF     		ite	eq
 3229 002c 0023     		moveq	r3, #0
 3230 002e 04F00103 		andne	r3, r4, #1
 677:Task/Task_Protocol.c ****             {
 3231              		.loc 1 677 16 view .LVU934
 3232 0032 9BB9     		cbnz	r3, .L209
 3233              	.LVL253:
 3234              	.L201:
 683:Task/Task_Protocol.c ****                 shellPrint(shell_obj, "[ Upgrade ] Error\r\n");
 3235              		.loc 1 683 13 is_stmt 1 view .LVU935
 683:Task/Task_Protocol.c ****                 shellPrint(shell_obj, "[ Upgrade ] Error\r\n");
 3236              		.loc 1 683 21 is_stmt 0 view .LVU936
 3237 0034 002D     		cmp	r5, #0
 3238 0036 0CBF     		ite	eq
 3239 0038 0024     		moveq	r4, #0
 3240 003a 04F00104 		andne	r4, r4, #1
 683:Task/Task_Protocol.c ****                 shellPrint(shell_obj, "[ Upgrade ] Error\r\n");
 3241              		.loc 1 683 16 view .LVU937
 3242 003e B4B9     		cbnz	r4, .L210
 3243              	.L205:
 686:Task/Task_Protocol.c ****             Upgrade_Monitor.port_addr = 0;
 3244              		.loc 1 686 13 is_stmt 1 view .LVU938
 686:Task/Task_Protocol.c ****             Upgrade_Monitor.port_addr = 0;
 3245              		.loc 1 686 39 is_stmt 0 view .LVU939
 3246 0040 1D4B     		ldr	r3, .L211+8
 3247 0042 0024     		movs	r4, #0
 3248 0044 1C70     		strb	r4, [r3]
 687:Task/Task_Protocol.c ****             SrvOsCommon.enter_critical();
 3249              		.loc 1 687 13 is_stmt 1 view .LVU940
 687:Task/Task_Protocol.c ****             SrvOsCommon.enter_critical();
 3250              		.loc 1 687 39 is_stmt 0 view .LVU941
 3251 0046 5C60     		str	r4, [r3, #4]
 688:Task/Task_Protocol.c ****             SrvDataHub.set_upgrade_state(false);
ARM GAS  C:\Users\HUAV\AppData\Local\Temp\ccteu8oL.s 			page 89


 3252              		.loc 1 688 13 is_stmt 1 view .LVU942
 688:Task/Task_Protocol.c ****             SrvDataHub.set_upgrade_state(false);
 3253              		.loc 1 688 24 is_stmt 0 view .LVU943
 3254 0048 194D     		ldr	r5, .L211
 3255              	.LVL254:
 688:Task/Task_Protocol.c ****             SrvDataHub.set_upgrade_state(false);
 3256              		.loc 1 688 24 view .LVU944
 3257 004a 6B6B     		ldr	r3, [r5, #52]
 688:Task/Task_Protocol.c ****             SrvDataHub.set_upgrade_state(false);
 3258              		.loc 1 688 13 view .LVU945
 3259 004c 9847     		blx	r3
 3260              	.LVL255:
 689:Task/Task_Protocol.c ****             SrvOsCommon.exit_critical();
 3261              		.loc 1 689 13 is_stmt 1 view .LVU946
 689:Task/Task_Protocol.c ****             SrvOsCommon.exit_critical();
 3262              		.loc 1 689 23 is_stmt 0 view .LVU947
 3263 004e 1B4B     		ldr	r3, .L211+12
 3264 0050 DB68     		ldr	r3, [r3, #12]
 689:Task/Task_Protocol.c ****             SrvOsCommon.exit_critical();
 3265              		.loc 1 689 13 view .LVU948
 3266 0052 2046     		mov	r0, r4
 3267 0054 9847     		blx	r3
 3268              	.LVL256:
 690:Task/Task_Protocol.c ****             break;
 3269              		.loc 1 690 13 is_stmt 1 view .LVU949
 690:Task/Task_Protocol.c ****             break;
 3270              		.loc 1 690 24 is_stmt 0 view .LVU950
 3271 0056 AB6B     		ldr	r3, [r5, #56]
 690:Task/Task_Protocol.c ****             break;
 3272              		.loc 1 690 13 view .LVU951
 3273 0058 9847     		blx	r3
 3274              	.LVL257:
 691:Task/Task_Protocol.c **** 
 3275              		.loc 1 691 13 is_stmt 1 view .LVU952
 3276 005a E4E7     		b	.L200
 3277              	.LVL258:
 3278              	.L209:
 679:Task/Task_Protocol.c ****                 shellPrint(shell_obj, "[ Upgrade ] Communicate time out\r\n");
 3279              		.loc 1 679 17 view .LVU953
 3280 005c 1849     		ldr	r1, .L211+16
 3281 005e 2846     		mov	r0, r5
 3282              	.LVL259:
 679:Task/Task_Protocol.c ****                 shellPrint(shell_obj, "[ Upgrade ] Communicate time out\r\n");
 3283              		.loc 1 679 17 is_stmt 0 view .LVU954
 3284 0060 FFF7FEFF 		bl	shellPrint
 3285              	.LVL260:
 680:Task/Task_Protocol.c ****             }
 3286              		.loc 1 680 17 is_stmt 1 view .LVU955
 3287 0064 1749     		ldr	r1, .L211+20
 3288 0066 2846     		mov	r0, r5
 3289 0068 FFF7FEFF 		bl	shellPrint
 3290              	.LVL261:
 3291 006c E2E7     		b	.L201
 3292              	.L210:
 684:Task/Task_Protocol.c ****             
 3293              		.loc 1 684 17 view .LVU956
 3294 006e 1649     		ldr	r1, .L211+24
ARM GAS  C:\Users\HUAV\AppData\Local\Temp\ccteu8oL.s 			page 90


 3295 0070 2846     		mov	r0, r5
 3296 0072 FFF7FEFF 		bl	shellPrint
 3297              	.LVL262:
 3298 0076 E3E7     		b	.L205
 3299              	.LVL263:
 3300              	.L208:
 694:Task/Task_Protocol.c ****             {
 3301              		.loc 1 694 13 view .LVU957
 694:Task/Task_Protocol.c ****             {
 3302              		.loc 1 694 21 is_stmt 0 view .LVU958
 3303 0078 002D     		cmp	r5, #0
 3304 007a 0CBF     		ite	eq
 3305 007c 0024     		moveq	r4, #0
 3306 007e 04F00104 		andne	r4, r4, #1
 694:Task/Task_Protocol.c ****             {
 3307              		.loc 1 694 16 view .LVU959
 3308 0082 74B1     		cbz	r4, .L206
 696:Task/Task_Protocol.c ****                 shellPrint(shell_obj, "[ Upgrade ] Firmware Updating\r\n");
 3309              		.loc 1 696 17 is_stmt 1 view .LVU960
 696:Task/Task_Protocol.c ****                 shellPrint(shell_obj, "[ Upgrade ] Firmware Updating\r\n");
 3310              		.loc 1 696 28 is_stmt 0 view .LVU961
 3311 0084 0A4C     		ldr	r4, .L211
 3312 0086 A368     		ldr	r3, [r4, #8]
 696:Task/Task_Protocol.c ****                 shellPrint(shell_obj, "[ Upgrade ] Firmware Updating\r\n");
 3313              		.loc 1 696 17 view .LVU962
 3314 0088 0A20     		movs	r0, #10
 3315              	.LVL264:
 696:Task/Task_Protocol.c ****                 shellPrint(shell_obj, "[ Upgrade ] Firmware Updating\r\n");
 3316              		.loc 1 696 17 view .LVU963
 3317 008a 9847     		blx	r3
 3318              	.LVL265:
 697:Task/Task_Protocol.c ****                 shellPrint(shell_obj, "[ Upgrade ] DO NOT POWER OFF\r\n");
 3319              		.loc 1 697 17 is_stmt 1 view .LVU964
 3320 008c 0F49     		ldr	r1, .L211+28
 3321 008e 2846     		mov	r0, r5
 3322 0090 FFF7FEFF 		bl	shellPrint
 3323              	.LVL266:
 698:Task/Task_Protocol.c ****                 SrvOsCommon.delay_ms(20);
 3324              		.loc 1 698 17 view .LVU965
 3325 0094 0E49     		ldr	r1, .L211+32
 3326 0096 2846     		mov	r0, r5
 3327 0098 FFF7FEFF 		bl	shellPrint
 3328              	.LVL267:
 699:Task/Task_Protocol.c ****             }
 3329              		.loc 1 699 17 view .LVU966
 699:Task/Task_Protocol.c ****             }
 3330              		.loc 1 699 28 is_stmt 0 view .LVU967
 3331 009c A368     		ldr	r3, [r4, #8]
 699:Task/Task_Protocol.c ****             }
 3332              		.loc 1 699 17 view .LVU968
 3333 009e 1420     		movs	r0, #20
 3334 00a0 9847     		blx	r3
 3335              	.LVL268:
 3336              	.L206:
 702:Task/Task_Protocol.c ****             SrvOsCommon.reboot();
 3337              		.loc 1 702 13 is_stmt 1 view .LVU969
 702:Task/Task_Protocol.c ****             SrvOsCommon.reboot();
ARM GAS  C:\Users\HUAV\AppData\Local\Temp\ccteu8oL.s 			page 91


 3338              		.loc 1 702 39 is_stmt 0 view .LVU970
 3339 00a2 054B     		ldr	r3, .L211+8
 3340 00a4 0022     		movs	r2, #0
 3341 00a6 1A70     		strb	r2, [r3]
 703:Task/Task_Protocol.c ****             break;
 3342              		.loc 1 703 13 is_stmt 1 view .LVU971
 703:Task/Task_Protocol.c ****             break;
 3343              		.loc 1 703 24 is_stmt 0 view .LVU972
 3344 00a8 014B     		ldr	r3, .L211
 3345 00aa 9B6C     		ldr	r3, [r3, #72]
 703:Task/Task_Protocol.c ****             break;
 3346              		.loc 1 703 13 view .LVU973
 3347 00ac 9847     		blx	r3
 3348              	.LVL269:
 704:Task/Task_Protocol.c **** 
 3349              		.loc 1 704 13 is_stmt 1 view .LVU974
 712:Task/Task_Protocol.c **** 
 3350              		.loc 1 712 1 is_stmt 0 view .LVU975
 3351 00ae BAE7     		b	.L200
 3352              	.L212:
 3353              		.align	2
 3354              	.L211:
 3355 00b0 00000000 		.word	SrvOsCommon
 3356 00b4 00000000 		.word	SrvUpgrade
 3357 00b8 00000000 		.word	.LANCHOR26
 3358 00bc 00000000 		.word	SrvDataHub
 3359 00c0 00000000 		.word	.LC0
 3360 00c4 04000000 		.word	.LC1
 3361 00c8 28000000 		.word	.LC2
 3362 00cc 3C000000 		.word	.LC3
 3363 00d0 5C000000 		.word	.LC4
 3364              		.cfi_endproc
 3365              	.LFE2287:
 3367              		.section	.rodata.TaskFermeCTL_CLI_DisableControl.str1.4,"aMS",%progbits,1
 3368              		.align	2
 3369              	.LC5:
 3370 0000 0D0A0D0A 		.ascii	"\015\012\015\012\000"
 3370      00
 3371 0005 000000   		.align	2
 3372              	.LC6:
 3373 0008 5B20434C 		.ascii	"[ CLI Disabled ]\015\012\000"
 3373      49204469 
 3373      7361626C 
 3373      6564205D 
 3373      0D0A00
 3374              		.section	.text.TaskFermeCTL_CLI_DisableControl,"ax",%progbits
 3375              		.align	1
 3376              		.syntax unified
 3377              		.thumb
 3378              		.thumb_func
 3380              	TaskFermeCTL_CLI_DisableControl:
 3381              	.LFB2302:
1049:Task/Task_Protocol.c **** 
1050:Task/Task_Protocol.c **** static void TaskFermeCTL_CLI_DisableControl(void)
1051:Task/Task_Protocol.c **** {
 3382              		.loc 1 1051 1 is_stmt 1 view -0
 3383              		.cfi_startproc
ARM GAS  C:\Users\HUAV\AppData\Local\Temp\ccteu8oL.s 			page 92


 3384              		@ args = 0, pretend = 0, frame = 0
 3385              		@ frame_needed = 0, uses_anonymous_args = 0
 3386 0000 38B5     		push	{r3, r4, r5, lr}
 3387              	.LCFI56:
 3388              		.cfi_def_cfa_offset 16
 3389              		.cfi_offset 3, -16
 3390              		.cfi_offset 4, -12
 3391              		.cfi_offset 5, -8
 3392              		.cfi_offset 14, -4
1052:Task/Task_Protocol.c ****     Shell *shell_obj = Shell_GetInstence();
 3393              		.loc 1 1052 5 view .LVU977
 3394              		.loc 1 1052 24 is_stmt 0 view .LVU978
 3395 0002 FFF7FEFF 		bl	Shell_GetInstence
 3396              	.LVL270:
1053:Task/Task_Protocol.c ****     
1054:Task/Task_Protocol.c ****     if (shell_obj)
 3397              		.loc 1 1054 5 is_stmt 1 view .LVU979
 3398              		.loc 1 1054 8 is_stmt 0 view .LVU980
 3399 0006 98B1     		cbz	r0, .L213
 3400 0008 0446     		mov	r4, r0
1055:Task/Task_Protocol.c ****     {
1056:Task/Task_Protocol.c ****         shellPrint(shell_obj, "\r\n\r\n");
 3401              		.loc 1 1056 9 is_stmt 1 view .LVU981
 3402 000a 0A49     		ldr	r1, .L216
 3403 000c FFF7FEFF 		bl	shellPrint
 3404              	.LVL271:
1057:Task/Task_Protocol.c ****         
1058:Task/Task_Protocol.c ****         SrvOsCommon.enter_critical();
 3405              		.loc 1 1058 9 view .LVU982
 3406              		.loc 1 1058 20 is_stmt 0 view .LVU983
 3407 0010 094D     		ldr	r5, .L216+4
 3408 0012 6B6B     		ldr	r3, [r5, #52]
 3409              		.loc 1 1058 9 view .LVU984
 3410 0014 9847     		blx	r3
 3411              	.LVL272:
1059:Task/Task_Protocol.c ****         SrvDataHub.set_cli_state(false);
 3412              		.loc 1 1059 9 is_stmt 1 view .LVU985
 3413              		.loc 1 1059 19 is_stmt 0 view .LVU986
 3414 0016 094B     		ldr	r3, .L216+8
 3415 0018 9B68     		ldr	r3, [r3, #8]
 3416              		.loc 1 1059 9 view .LVU987
 3417 001a 0020     		movs	r0, #0
 3418 001c 9847     		blx	r3
 3419              	.LVL273:
1060:Task/Task_Protocol.c ****         SrvOsCommon.exit_critical();
 3420              		.loc 1 1060 9 is_stmt 1 view .LVU988
 3421              		.loc 1 1060 20 is_stmt 0 view .LVU989
 3422 001e AB6B     		ldr	r3, [r5, #56]
 3423              		.loc 1 1060 9 view .LVU990
 3424 0020 9847     		blx	r3
 3425              	.LVL274:
1061:Task/Task_Protocol.c **** 
1062:Task/Task_Protocol.c ****         shellPrint(shell_obj, "[ CLI Disabled ]\r\n");
 3426              		.loc 1 1062 9 is_stmt 1 view .LVU991
 3427 0022 0749     		ldr	r1, .L216+12
 3428 0024 2046     		mov	r0, r4
 3429 0026 FFF7FEFF 		bl	shellPrint
ARM GAS  C:\Users\HUAV\AppData\Local\Temp\ccteu8oL.s 			page 93


 3430              	.LVL275:
1063:Task/Task_Protocol.c ****         CLI_Monitor.port_addr = 0;
 3431              		.loc 1 1063 9 view .LVU992
 3432              		.loc 1 1063 31 is_stmt 0 view .LVU993
 3433 002a 064B     		ldr	r3, .L216+16
 3434 002c 0022     		movs	r2, #0
 3435 002e 5A60     		str	r2, [r3, #4]
 3436              	.LVL276:
 3437              	.L213:
1064:Task/Task_Protocol.c ****     }
1065:Task/Task_Protocol.c **** }
 3438              		.loc 1 1065 1 view .LVU994
 3439 0030 38BD     		pop	{r3, r4, r5, pc}
 3440              	.L217:
 3441 0032 00BF     		.align	2
 3442              	.L216:
 3443 0034 00000000 		.word	.LC5
 3444 0038 00000000 		.word	SrvOsCommon
 3445 003c 00000000 		.word	SrvDataHub
 3446 0040 08000000 		.word	.LC6
 3447 0044 00000000 		.word	.LANCHOR21
 3448              		.cfi_endproc
 3449              	.LFE2302:
 3451              		.section	.text.TaskFrameCTL_Init,"ax",%progbits
 3452              		.align	1
 3453              		.global	TaskFrameCTL_Init
 3454              		.syntax unified
 3455              		.thumb
 3456              		.thumb_func
 3458              	TaskFrameCTL_Init:
 3459              	.LVL277:
 3460              	.LFB2275:
 177:Task/Task_Protocol.c ****     FrameCTL_Period = FrameCTL_MAX_Period;
 3461              		.loc 1 177 1 is_stmt 1 view -0
 3462              		.cfi_startproc
 3463              		@ args = 0, pretend = 0, frame = 0
 3464              		@ frame_needed = 0, uses_anonymous_args = 0
 177:Task/Task_Protocol.c ****     FrameCTL_Period = FrameCTL_MAX_Period;
 3465              		.loc 1 177 1 is_stmt 0 view .LVU996
 3466 0000 70B5     		push	{r4, r5, r6, lr}
 3467              	.LCFI57:
 3468              		.cfi_def_cfa_offset 16
 3469              		.cfi_offset 4, -16
 3470              		.cfi_offset 5, -12
 3471              		.cfi_offset 6, -8
 3472              		.cfi_offset 14, -4
 3473 0002 0546     		mov	r5, r0
 178:Task/Task_Protocol.c **** 
 3474              		.loc 1 178 5 is_stmt 1 view .LVU997
 178:Task/Task_Protocol.c **** 
 3475              		.loc 1 178 21 is_stmt 0 view .LVU998
 3476 0004 254B     		ldr	r3, .L221
 3477 0006 0522     		movs	r2, #5
 3478 0008 1A60     		str	r2, [r3]
 181:Task/Task_Protocol.c ****     memset(&DefaultPort_MavMsgInput_Obj, 0, sizeof(SrvComProto_MsgObj_TypeDef));
 3479              		.loc 1 181 5 is_stmt 1 view .LVU999
 3480 000a 254C     		ldr	r4, .L221+4
ARM GAS  C:\Users\HUAV\AppData\Local\Temp\ccteu8oL.s 			page 94


 3481 000c 3C22     		movs	r2, #60
 3482 000e 0021     		movs	r1, #0
 3483 0010 2046     		mov	r0, r4
 3484              	.LVL278:
 181:Task/Task_Protocol.c ****     memset(&DefaultPort_MavMsgInput_Obj, 0, sizeof(SrvComProto_MsgObj_TypeDef));
 3485              		.loc 1 181 5 is_stmt 0 view .LVU1000
 3486 0012 FFF7FEFF 		bl	memset
 3487              	.LVL279:
 182:Task/Task_Protocol.c ****     memset(&RadioPort_MavMsgInput_Obj, 0, sizeof(SrvComProto_MsgObj_TypeDef));
 3488              		.loc 1 182 5 is_stmt 1 view .LVU1001
 3489 0016 9026     		movs	r6, #144
 3490 0018 3246     		mov	r2, r6
 3491 001a 0021     		movs	r1, #0
 3492 001c 2148     		ldr	r0, .L221+8
 3493 001e FFF7FEFF 		bl	memset
 3494              	.LVL280:
 183:Task/Task_Protocol.c **** 
 3495              		.loc 1 183 5 view .LVU1002
 3496 0022 3246     		mov	r2, r6
 3497 0024 0021     		movs	r1, #0
 3498 0026 2048     		ldr	r0, .L221+12
 3499 0028 FFF7FEFF 		bl	memset
 3500              	.LVL281:
 186:Task/Task_Protocol.c **** 
 3501              		.loc 1 186 5 view .LVU1003
 3502 002c B022     		movs	r2, #176
 3503 002e 0021     		movs	r1, #0
 3504 0030 1E48     		ldr	r0, .L221+16
 3505 0032 FFF7FEFF 		bl	memset
 3506              	.LVL282:
 188:Task/Task_Protocol.c ****     TaskFrameCTL_RadioPort_Init(&PortMonitor);
 3507              		.loc 1 188 5 view .LVU1004
 3508 0036 2046     		mov	r0, r4
 3509 0038 FFF7FEFF 		bl	TaskFrameCTL_DefaultPort_Init
 3510              	.LVL283:
 189:Task/Task_Protocol.c ****     Radio_Addr = TaskFrameCTL_Set_RadioPort(Port_Uart, 0);
 3511              		.loc 1 189 5 view .LVU1005
 3512 003c 2046     		mov	r0, r4
 3513 003e FFF7FEFF 		bl	TaskFrameCTL_RadioPort_Init
 3514              	.LVL284:
 190:Task/Task_Protocol.c **** 
 3515              		.loc 1 190 5 view .LVU1006
 190:Task/Task_Protocol.c **** 
 3516              		.loc 1 190 18 is_stmt 0 view .LVU1007
 3517 0042 0021     		movs	r1, #0
 3518 0044 0220     		movs	r0, #2
 3519 0046 FFF7FEFF 		bl	TaskFrameCTL_Set_RadioPort
 3520              	.LVL285:
 190:Task/Task_Protocol.c **** 
 3521              		.loc 1 190 16 view .LVU1008
 3522 004a 194B     		ldr	r3, .L221+20
 3523 004c 1860     		str	r0, [r3]
 192:Task/Task_Protocol.c ****     
 3524              		.loc 1 192 5 is_stmt 1 view .LVU1009
 192:Task/Task_Protocol.c ****     
 3525              		.loc 1 192 22 is_stmt 0 view .LVU1010
 3526 004e 0123     		movs	r3, #1
ARM GAS  C:\Users\HUAV\AppData\Local\Temp\ccteu8oL.s 			page 95


 3527 0050 2370     		strb	r3, [r4]
 195:Task/Task_Protocol.c **** 
 3528              		.loc 1 195 5 is_stmt 1 view .LVU1011
 195:Task/Task_Protocol.c **** 
 3529              		.loc 1 195 32 is_stmt 0 view .LVU1012
 3530 0052 FFF7FEFF 		bl	TaskFrameCTL_MAV_Msg_Init
 3531              	.LVL286:
 195:Task/Task_Protocol.c **** 
 3532              		.loc 1 195 30 view .LVU1013
 3533 0056 174B     		ldr	r3, .L221+24
 3534 0058 1870     		strb	r0, [r3]
 197:Task/Task_Protocol.c ****     {
 3535              		.loc 1 197 5 is_stmt 1 view .LVU1014
 197:Task/Task_Protocol.c ****     {
 3536              		.loc 1 197 15 is_stmt 0 view .LVU1015
 3537 005a 6B1E     		subs	r3, r5, #1
 197:Task/Task_Protocol.c ****     {
 3538              		.loc 1 197 7 view .LVU1016
 3539 005c 042B     		cmp	r3, #4
 3540 005e 01D8     		bhi	.L219
 199:Task/Task_Protocol.c ****     }
 3541              		.loc 1 199 9 is_stmt 1 view .LVU1017
 199:Task/Task_Protocol.c ****     }
 3542              		.loc 1 199 25 is_stmt 0 view .LVU1018
 3543 0060 0E4B     		ldr	r3, .L221
 3544 0062 1D60     		str	r5, [r3]
 3545              	.L219:
 203:Task/Task_Protocol.c **** 
 3546              		.loc 1 203 5 is_stmt 1 view .LVU1019
 203:Task/Task_Protocol.c **** 
 3547              		.loc 1 203 51 is_stmt 0 view .LVU1020
 3548 0064 144B     		ldr	r3, .L221+28
 3549 0066 DB68     		ldr	r3, [r3, #12]
 203:Task/Task_Protocol.c **** 
 3550              		.loc 1 203 5 view .LVU1021
 3551 0068 DA88     		ldrh	r2, [r3, #6]
 3552 006a 1968     		ldr	r1, [r3]
 3553 006c 1348     		ldr	r0, .L221+32
 3554 006e FFF7FEFF 		bl	Shell_Init
 3555              	.LVL287:
 205:Task/Task_Protocol.c ****     memset(DataPipe_DataObjAddr(VCP_Attach_State), 0, sizeof(DataPipe_DataObj(VCP_Attach_State)));
 3556              		.loc 1 205 5 is_stmt 1 view .LVU1022
 3557 0072 134C     		ldr	r4, .L221+36
 3558 0074 2722     		movs	r2, #39
 3559 0076 0021     		movs	r1, #0
 3560 0078 2046     		mov	r0, r4
 3561 007a FFF7FEFF 		bl	memset
 3562              	.LVL288:
 206:Task/Task_Protocol.c **** 
 3563              		.loc 1 206 5 view .LVU1023
 3564 007e 114A     		ldr	r2, .L221+40
 3565 0080 0023     		movs	r3, #0
 3566 0082 1370     		strb	r3, [r2]
 208:Task/Task_Protocol.c ****     VCP_Connect_smp_DataPipe.data_size = sizeof(DataPipe_DataObj(VCP_Attach_State));
 3567              		.loc 1 208 5 view .LVU1024
 208:Task/Task_Protocol.c ****     VCP_Connect_smp_DataPipe.data_size = sizeof(DataPipe_DataObj(VCP_Attach_State));
 3568              		.loc 1 208 40 is_stmt 0 view .LVU1025
ARM GAS  C:\Users\HUAV\AppData\Local\Temp\ccteu8oL.s 			page 96


 3569 0084 C4F80D20 		str	r2, [r4, #13]	@ unaligned
 209:Task/Task_Protocol.c **** 
 3570              		.loc 1 209 5 is_stmt 1 view .LVU1026
 209:Task/Task_Protocol.c **** 
 3571              		.loc 1 209 40 is_stmt 0 view .LVU1027
 3572 0088 0122     		movs	r2, #1
 3573 008a 6274     		strb	r2, [r4, #17]
 3574 008c A374     		strb	r3, [r4, #18]
 211:Task/Task_Protocol.c ****     DataPipe_Enable(&VCP_Connect_smp_DataPipe);
 3575              		.loc 1 211 5 is_stmt 1 view .LVU1028
 211:Task/Task_Protocol.c ****     DataPipe_Enable(&VCP_Connect_smp_DataPipe);
 3576              		.loc 1 211 16 is_stmt 0 view .LVU1029
 3577 008e 0E4B     		ldr	r3, .L221+44
 3578 0090 9B68     		ldr	r3, [r3, #8]
 211:Task/Task_Protocol.c ****     DataPipe_Enable(&VCP_Connect_smp_DataPipe);
 3579              		.loc 1 211 5 view .LVU1030
 3580 0092 3220     		movs	r0, #50
 3581 0094 9847     		blx	r3
 3582              	.LVL289:
 212:Task/Task_Protocol.c **** }
 3583              		.loc 1 212 5 is_stmt 1 view .LVU1031
 3584              	.LBB12:
 3585              	.LBI12:
 3586              		.file 2 "System/DataPipe/DataPipe.h"
   1:System/DataPipe/DataPipe.h **** #ifndef __DATAPIPE_H
   2:System/DataPipe/DataPipe.h **** #define __DATAPIPE_H
   3:System/DataPipe/DataPipe.h **** 
   4:System/DataPipe/DataPipe.h **** #ifdef __cplusplus
   5:System/DataPipe/DataPipe.h **** extern "C" {
   6:System/DataPipe/DataPipe.h **** #endif
   7:System/DataPipe/DataPipe.h **** 
   8:System/DataPipe/DataPipe.h **** #include <stdint.h>
   9:System/DataPipe/DataPipe.h **** #include <string.h>
  10:System/DataPipe/DataPipe.h **** #include <stdbool.h>
  11:System/DataPipe/DataPipe.h **** #include "../../FCHW_Config.h"
  12:System/DataPipe/DataPipe.h **** 
  13:System/DataPipe/DataPipe.h **** typedef void (*Pipe_TransFinish_Callback)(void *pipe_obj);
  14:System/DataPipe/DataPipe.h **** typedef void (*Pipe_TransError_Callback)(void *pipe_obj);
  15:System/DataPipe/DataPipe.h **** typedef void (*Pipe_TimeOutProc_Callback)(void *pipe_obj);
  16:System/DataPipe/DataPipe.h **** 
  17:System/DataPipe/DataPipe.h **** #define DataPipeHandleToObj(x) ((DataPipeObj_TypeDef *)x)
  18:System/DataPipe/DataPipe.h **** #define DataPipe_CreateDataObj(type, name) static type name##_##PipeDataObj __attribute__((section(
  19:System/DataPipe/DataPipe.h **** #define DataPipe_DataObjAddr(name) (&name##_##PipeDataObj)
  20:System/DataPipe/DataPipe.h **** #define DataPipe_DataObj(name) name##_##PipeDataObj
  21:System/DataPipe/DataPipe.h **** #define DataPipe_DataSize(name) sizeof(name##_##PipeDataObj)
  22:System/DataPipe/DataPipe.h **** 
  23:System/DataPipe/DataPipe.h **** typedef enum
  24:System/DataPipe/DataPipe.h **** {
  25:System/DataPipe/DataPipe.h ****     Pipe_UnReady = 0,
  26:System/DataPipe/DataPipe.h ****     Pipe_Ready,
  27:System/DataPipe/DataPipe.h ****     Pipe_Busy,
  28:System/DataPipe/DataPipe.h ****     Pipe_Error,
  29:System/DataPipe/DataPipe.h **** } DataPipe_State_List;
  30:System/DataPipe/DataPipe.h **** 
  31:System/DataPipe/DataPipe.h **** #pragma pack(1)
  32:System/DataPipe/DataPipe.h **** typedef struct
  33:System/DataPipe/DataPipe.h **** {
ARM GAS  C:\Users\HUAV\AppData\Local\Temp\ccteu8oL.s 			page 97


  34:System/DataPipe/DataPipe.h ****     uint32_t min_rx_interval;
  35:System/DataPipe/DataPipe.h ****     uint32_t detect_interval;
  36:System/DataPipe/DataPipe.h ****     uint32_t rx_ms_rt;
  37:System/DataPipe/DataPipe.h **** 
  38:System/DataPipe/DataPipe.h ****     bool enable;
  39:System/DataPipe/DataPipe.h **** 
  40:System/DataPipe/DataPipe.h ****     uint32_t data_addr;
  41:System/DataPipe/DataPipe.h ****     uint16_t data_size;
  42:System/DataPipe/DataPipe.h **** 
  43:System/DataPipe/DataPipe.h ****     Pipe_TransFinish_Callback trans_finish_cb;
  44:System/DataPipe/DataPipe.h ****     Pipe_TransError_Callback trans_error_cb;
  45:System/DataPipe/DataPipe.h **** 
  46:System/DataPipe/DataPipe.h ****     uint32_t tx_cnt;
  47:System/DataPipe/DataPipe.h ****     uint32_t rx_cnt;
  48:System/DataPipe/DataPipe.h ****     uint32_t er_cnt;
  49:System/DataPipe/DataPipe.h **** } DataPipeObj_TypeDef;
  50:System/DataPipe/DataPipe.h **** #pragma pack()
  51:System/DataPipe/DataPipe.h **** 
  52:System/DataPipe/DataPipe.h **** typedef struct
  53:System/DataPipe/DataPipe.h **** {
  54:System/DataPipe/DataPipe.h ****     DataPipeObj_TypeDef *org;
  55:System/DataPipe/DataPipe.h ****     DataPipeObj_TypeDef *dst;
  56:System/DataPipe/DataPipe.h **** } Data_PlugedPipeObj_TypeDef;
  57:System/DataPipe/DataPipe.h **** 
  58:System/DataPipe/DataPipe.h **** bool DataPipe_Init(void);
  59:System/DataPipe/DataPipe.h **** bool DataPipe_DeInit(void);
  60:System/DataPipe/DataPipe.h **** bool DataPipe_SendTo(DataPipeObj_TypeDef *p_org, DataPipeObj_TypeDef *p_dst);
  61:System/DataPipe/DataPipe.h **** bool DataPipe_DealError(void);
  62:System/DataPipe/DataPipe.h **** 
  63:System/DataPipe/DataPipe.h **** inline bool DataPipe_Enable(DataPipeObj_TypeDef *obj)
 3587              		.loc 2 63 13 view .LVU1032
 3588              	.LBB13:
  64:System/DataPipe/DataPipe.h **** {
  65:System/DataPipe/DataPipe.h ****     if (obj == NULL)
 3589              		.loc 2 65 5 view .LVU1033
  66:System/DataPipe/DataPipe.h ****         return false;
  67:System/DataPipe/DataPipe.h **** 
  68:System/DataPipe/DataPipe.h ****     obj->enable = true;
 3590              		.loc 2 68 5 view .LVU1034
 3591              		.loc 2 68 17 is_stmt 0 view .LVU1035
 3592 0096 0123     		movs	r3, #1
 3593 0098 2373     		strb	r3, [r4, #12]
  69:System/DataPipe/DataPipe.h **** 
  70:System/DataPipe/DataPipe.h ****     return true;
 3594              		.loc 2 70 5 is_stmt 1 view .LVU1036
 3595              	.LVL290:
 3596              		.loc 2 70 5 is_stmt 0 view .LVU1037
 3597              	.LBE13:
 3598              	.LBE12:
 213:Task/Task_Protocol.c **** 
 3599              		.loc 1 213 1 view .LVU1038
 3600 009a 70BD     		pop	{r4, r5, r6, pc}
 3601              	.LVL291:
 3602              	.L222:
 213:Task/Task_Protocol.c **** 
 3603              		.loc 1 213 1 view .LVU1039
 3604              		.align	2
ARM GAS  C:\Users\HUAV\AppData\Local\Temp\ccteu8oL.s 			page 98


 3605              	.L221:
 3606 009c 00000000 		.word	.LANCHOR27
 3607 00a0 00000000 		.word	.LANCHOR0
 3608 00a4 00000000 		.word	.LANCHOR19
 3609 00a8 00000000 		.word	.LANCHOR20
 3610 00ac 00000000 		.word	.LANCHOR18
 3611 00b0 00000000 		.word	.LANCHOR2
 3612 00b4 00000000 		.word	.LANCHOR1
 3613 00b8 00000000 		.word	.LANCHOR21
 3614 00bc 00000000 		.word	TaskFrameCTL_CLI_Trans
 3615 00c0 00000000 		.word	VCP_Connect_smp_DataPipe
 3616 00c4 00000000 		.word	.LANCHOR28
 3617 00c8 00000000 		.word	SrvOsCommon
 3618              		.cfi_endproc
 3619              	.LFE2275:
 3621              		.section	.text.TaskFrameCTL_Core,"ax",%progbits
 3622              		.align	1
 3623              		.global	TaskFrameCTL_Core
 3624              		.syntax unified
 3625              		.thumb
 3626              		.thumb_func
 3628              	TaskFrameCTL_Core:
 3629              	.LVL292:
 3630              	.LFB2276:
 216:Task/Task_Protocol.c ****     uint32_t per_time = SrvOsCommon.get_os_ms();
 3631              		.loc 1 216 1 is_stmt 1 view -0
 3632              		.cfi_startproc
 3633              		@ Volatile: function does not return.
 3634              		@ args = 0, pretend = 0, frame = 8
 3635              		@ frame_needed = 0, uses_anonymous_args = 0
 216:Task/Task_Protocol.c ****     uint32_t per_time = SrvOsCommon.get_os_ms();
 3636              		.loc 1 216 1 is_stmt 0 view .LVU1041
 3637 0000 00B5     		push	{lr}
 3638              	.LCFI58:
 3639              		.cfi_def_cfa_offset 4
 3640              		.cfi_offset 14, -4
 3641 0002 83B0     		sub	sp, sp, #12
 3642              	.LCFI59:
 3643              		.cfi_def_cfa_offset 16
 217:Task/Task_Protocol.c ****     bool cli_state = false;
 3644              		.loc 1 217 5 is_stmt 1 view .LVU1042
 217:Task/Task_Protocol.c ****     bool cli_state = false;
 3645              		.loc 1 217 36 is_stmt 0 view .LVU1043
 3646 0004 134B     		ldr	r3, .L229
 3647 0006 5B68     		ldr	r3, [r3, #4]
 217:Task/Task_Protocol.c ****     bool cli_state = false;
 3648              		.loc 1 217 25 view .LVU1044
 3649 0008 9847     		blx	r3
 3650              	.LVL293:
 217:Task/Task_Protocol.c ****     bool cli_state = false;
 3651              		.loc 1 217 14 view .LVU1045
 3652 000a 0190     		str	r0, [sp, #4]
 218:Task/Task_Protocol.c **** 
 3653              		.loc 1 218 5 is_stmt 1 view .LVU1046
 218:Task/Task_Protocol.c **** 
 3654              		.loc 1 218 10 is_stmt 0 view .LVU1047
 3655 000c 0023     		movs	r3, #0
ARM GAS  C:\Users\HUAV\AppData\Local\Temp\ccteu8oL.s 			page 99


 3656 000e 8DF80330 		strb	r3, [sp, #3]
 3657 0012 0CE0     		b	.L227
 3658              	.L225:
 234:Task/Task_Protocol.c ****         }
 3659              		.loc 1 234 17 is_stmt 1 view .LVU1048
 3660 0014 FFF7FEFF 		bl	TaskFrameCTL_CLI_Proc
 3661              	.LVL294:
 3662 0018 03E0     		b	.L226
 3663              	.L224:
 238:Task/Task_Protocol.c **** 
 3664              		.loc 1 238 13 view .LVU1049
 3665 001a 9DF80300 		ldrb	r0, [sp, #3]	@ zero_extendqisi2
 3666 001e FFF7FEFF 		bl	TaskFrameCTL_Upgrade_StatePolling
 3667              	.LVL295:
 3668              	.L226:
 240:Task/Task_Protocol.c ****     }
 3669              		.loc 1 240 9 view .LVU1050
 240:Task/Task_Protocol.c ****     }
 3670              		.loc 1 240 20 is_stmt 0 view .LVU1051
 3671 0022 0C4B     		ldr	r3, .L229
 3672 0024 DB68     		ldr	r3, [r3, #12]
 240:Task/Task_Protocol.c ****     }
 3673              		.loc 1 240 9 view .LVU1052
 3674 0026 0C4A     		ldr	r2, .L229+4
 3675 0028 1168     		ldr	r1, [r2]
 3676 002a 01A8     		add	r0, sp, #4
 3677 002c 9847     		blx	r3
 3678              	.LVL296:
 220:Task/Task_Protocol.c ****     {
 3679              		.loc 1 220 10 is_stmt 1 view .LVU1053
 3680              	.L227:
 220:Task/Task_Protocol.c ****     {
 3681              		.loc 1 220 5 view .LVU1054
 222:Task/Task_Protocol.c ****         SrvDataHub.get_cli_state(&cli_state);
 3682              		.loc 1 222 9 view .LVU1055
 3683 002e FFF7FEFF 		bl	TaskFrameCTL_ConfigureStateCheck
 3684              	.LVL297:
 223:Task/Task_Protocol.c **** 
 3685              		.loc 1 223 9 view .LVU1056
 223:Task/Task_Protocol.c **** 
 3686              		.loc 1 223 19 is_stmt 0 view .LVU1057
 3687 0032 0A4B     		ldr	r3, .L229+8
 3688 0034 5B69     		ldr	r3, [r3, #20]
 223:Task/Task_Protocol.c **** 
 3689              		.loc 1 223 9 view .LVU1058
 3690 0036 0DF10300 		add	r0, sp, #3
 3691 003a 9847     		blx	r3
 3692              	.LVL298:
 225:Task/Task_Protocol.c ****         {
 3693              		.loc 1 225 9 is_stmt 1 view .LVU1059
 225:Task/Task_Protocol.c ****         {
 3694              		.loc 1 225 29 is_stmt 0 view .LVU1060
 3695 003c 084B     		ldr	r3, .L229+12
 3696 003e 1B78     		ldrb	r3, [r3]	@ zero_extendqisi2
 225:Task/Task_Protocol.c ****         {
 3697              		.loc 1 225 12 view .LVU1061
 3698 0040 002B     		cmp	r3, #0
ARM GAS  C:\Users\HUAV\AppData\Local\Temp\ccteu8oL.s 			page 100


 3699 0042 EAD1     		bne	.L224
 227:Task/Task_Protocol.c ****             {
 3700              		.loc 1 227 13 is_stmt 1 view .LVU1062
 227:Task/Task_Protocol.c ****             {
 3701              		.loc 1 227 17 is_stmt 0 view .LVU1063
 3702 0044 9DF80330 		ldrb	r3, [sp, #3]	@ zero_extendqisi2
 227:Task/Task_Protocol.c ****             {
 3703              		.loc 1 227 16 view .LVU1064
 3704 0048 002B     		cmp	r3, #0
 3705 004a E3D1     		bne	.L225
 230:Task/Task_Protocol.c ****             }
 3706              		.loc 1 230 17 is_stmt 1 view .LVU1065
 3707 004c FFF7FEFF 		bl	TaskFrameCTL_PortFrameOut_Process
 3708              	.LVL299:
 3709 0050 E7E7     		b	.L226
 3710              	.L230:
 3711 0052 00BF     		.align	2
 3712              	.L229:
 3713 0054 00000000 		.word	SrvOsCommon
 3714 0058 00000000 		.word	.LANCHOR27
 3715 005c 00000000 		.word	SrvDataHub
 3716 0060 00000000 		.word	.LANCHOR26
 3717              		.cfi_endproc
 3718              	.LFE2276:
 3720              		.global	shellCommandCLI_Disable
 3721              		.global	shellDescCLI_Disable
 3722              		.global	shellCmdCLI_Disable
 3723              		.global	RadioProto_MAV_Altitude
 3724              		.global	RadioProto_MAV_Attitude
 3725              		.global	RadioProto_MAV_MotoChannel
 3726              		.global	RadioProto_MAV_RcChannel
 3727              		.global	RadioProto_MAV_ScaledIMU
 3728              		.global	RadioProto_MAV_RawIMU
 3729              		.global	TaskProto_MAV_Altitude
 3730              		.global	TaskProto_MAV_Exp_Attitude
 3731              		.global	TaskProto_MAV_Attitude
 3732              		.global	TaskProto_MAV_MotoChannel
 3733              		.global	TaskProto_MAV_RcChannel
 3734              		.global	TaskProto_MAV_ScaledIMU
 3735              		.global	TaskProto_MAV_RawIMU
 3736              		.global	InPut_MavData
 3737              		.section	.Perph_Section,"aw"
 3738              		.align	2
 3739              		.set	.LANCHOR28,. + 0
 3742              	VCP_Attach_State_PipeDataObj:
 3743 0000 00       		.space	1
 3744 0001 000000   		.space	3
 3747              	CLIRxBuf:
 3748 0004 00000000 		.space	512
 3748      00000000 
 3748      00000000 
 3748      00000000 
 3748      00000000 
 3751              	MavShareBuf:
 3752 0204 00000000 		.space	1024
 3752      00000000 
 3752      00000000 
ARM GAS  C:\Users\HUAV\AppData\Local\Temp\ccteu8oL.s 			page 101


 3752      00000000 
 3752      00000000 
 3753              		.section	.bss.CLIProcBuf,"aw",%nobits
 3754              		.align	2
 3757              	CLIProcBuf:
 3758 0000 00000000 		.space	512
 3758      00000000 
 3758      00000000 
 3758      00000000 
 3758      00000000 
 3759              		.section	.bss.DefaultPort_MavMsgInput_Obj,"aw",%nobits
 3760              		.align	2
 3761              		.set	.LANCHOR19,. + 0
 3764              	DefaultPort_MavMsgInput_Obj:
 3765 0000 00000000 		.space	144
 3765      00000000 
 3765      00000000 
 3765      00000000 
 3765      00000000 
 3766              		.section	.bss.FrameCTL_MavProto_Enable,"aw",%nobits
 3767              		.set	.LANCHOR1,. + 0
 3770              	FrameCTL_MavProto_Enable:
 3771 0000 00       		.space	1
 3772              		.section	.bss.FrameCTL_Period,"aw",%nobits
 3773              		.align	2
 3774              		.set	.LANCHOR27,. + 0
 3777              	FrameCTL_Period:
 3778 0000 00000000 		.space	4
 3779              		.section	.bss.InPut_MavData,"aw",%nobits
 3780              		.align	2
 3781              		.set	.LANCHOR18,. + 0
 3784              	InPut_MavData:
 3785 0000 00000000 		.space	176
 3785      00000000 
 3785      00000000 
 3785      00000000 
 3785      00000000 
 3786              		.section	.bss.InUsePort_MavMsgInput_Obj,"aw",%nobits
 3787              		.align	2
 3788              		.set	.LANCHOR25,. + 0
 3791              	InUsePort_MavMsgInput_Obj:
 3792 0000 00000000 		.space	4
 3793              		.section	.bss.PortMonitor,"aw",%nobits
 3794              		.align	2
 3795              		.set	.LANCHOR0,. + 0
 3798              	PortMonitor:
 3799 0000 00000000 		.space	60
 3799      00000000 
 3799      00000000 
 3799      00000000 
 3799      00000000 
 3800              		.section	.bss.RadioPort_MavMsgInput_Obj,"aw",%nobits
 3801              		.align	2
 3802              		.set	.LANCHOR20,. + 0
 3805              	RadioPort_MavMsgInput_Obj:
 3806 0000 00000000 		.space	144
 3806      00000000 
ARM GAS  C:\Users\HUAV\AppData\Local\Temp\ccteu8oL.s 			page 102


 3806      00000000 
 3806      00000000 
 3806      00000000 
 3807              		.section	.bss.RadioProto_MAV_Altitude,"aw",%nobits
 3808              		.align	2
 3809              		.set	.LANCHOR8,. + 0
 3812              	RadioProto_MAV_Altitude:
 3813 0000 00000000 		.space	28
 3813      00000000 
 3813      00000000 
 3813      00000000 
 3813      00000000 
 3814              		.section	.bss.RadioProto_MAV_Attitude,"aw",%nobits
 3815              		.align	2
 3816              		.set	.LANCHOR6,. + 0
 3819              	RadioProto_MAV_Attitude:
 3820 0000 00000000 		.space	28
 3820      00000000 
 3820      00000000 
 3820      00000000 
 3820      00000000 
 3821              		.section	.bss.RadioProto_MAV_MotoChannel,"aw",%nobits
 3822              		.align	2
 3823              		.set	.LANCHOR17,. + 0
 3826              	RadioProto_MAV_MotoChannel:
 3827 0000 00000000 		.space	28
 3827      00000000 
 3827      00000000 
 3827      00000000 
 3827      00000000 
 3828              		.section	.bss.RadioProto_MAV_RawIMU,"aw",%nobits
 3829              		.align	2
 3830              		.set	.LANCHOR4,. + 0
 3833              	RadioProto_MAV_RawIMU:
 3834 0000 00000000 		.space	28
 3834      00000000 
 3834      00000000 
 3834      00000000 
 3834      00000000 
 3835              		.section	.bss.RadioProto_MAV_RcChannel,"aw",%nobits
 3836              		.align	2
 3837              		.set	.LANCHOR7,. + 0
 3840              	RadioProto_MAV_RcChannel:
 3841 0000 00000000 		.space	28
 3841      00000000 
 3841      00000000 
 3841      00000000 
 3841      00000000 
 3842              		.section	.bss.RadioProto_MAV_ScaledIMU,"aw",%nobits
 3843              		.align	2
 3844              		.set	.LANCHOR5,. + 0
 3847              	RadioProto_MAV_ScaledIMU:
 3848 0000 00000000 		.space	28
 3848      00000000 
 3848      00000000 
 3848      00000000 
 3848      00000000 
ARM GAS  C:\Users\HUAV\AppData\Local\Temp\ccteu8oL.s 			page 103


 3849              		.section	.bss.RadioRxBuff,"aw",%nobits
 3850              		.align	2
 3853              	RadioRxBuff:
 3854 0000 00000000 		.space	1152
 3854      00000000 
 3854      00000000 
 3854      00000000 
 3854      00000000 
 3855              		.section	.bss.Radio_Addr,"aw",%nobits
 3856              		.align	2
 3857              		.set	.LANCHOR2,. + 0
 3860              	Radio_Addr:
 3861 0000 00000000 		.space	4
 3862              		.section	.bss.TaskProto_MAV_Altitude,"aw",%nobits
 3863              		.align	2
 3864              		.set	.LANCHOR14,. + 0
 3867              	TaskProto_MAV_Altitude:
 3868 0000 00000000 		.space	28
 3868      00000000 
 3868      00000000 
 3868      00000000 
 3868      00000000 
 3869              		.section	.bss.TaskProto_MAV_Attitude,"aw",%nobits
 3870              		.align	2
 3871              		.set	.LANCHOR12,. + 0
 3874              	TaskProto_MAV_Attitude:
 3875 0000 00000000 		.space	28
 3875      00000000 
 3875      00000000 
 3875      00000000 
 3875      00000000 
 3876              		.section	.bss.TaskProto_MAV_Exp_Attitude,"aw",%nobits
 3877              		.align	2
 3878              		.set	.LANCHOR15,. + 0
 3881              	TaskProto_MAV_Exp_Attitude:
 3882 0000 00000000 		.space	28
 3882      00000000 
 3882      00000000 
 3882      00000000 
 3882      00000000 
 3883              		.section	.bss.TaskProto_MAV_MotoChannel,"aw",%nobits
 3884              		.align	2
 3885              		.set	.LANCHOR16,. + 0
 3888              	TaskProto_MAV_MotoChannel:
 3889 0000 00000000 		.space	28
 3889      00000000 
 3889      00000000 
 3889      00000000 
 3889      00000000 
 3890              		.section	.bss.TaskProto_MAV_RawIMU,"aw",%nobits
 3891              		.align	2
 3892              		.set	.LANCHOR10,. + 0
 3895              	TaskProto_MAV_RawIMU:
 3896 0000 00000000 		.space	28
 3896      00000000 
 3896      00000000 
 3896      00000000 
ARM GAS  C:\Users\HUAV\AppData\Local\Temp\ccteu8oL.s 			page 104


 3896      00000000 
 3897              		.section	.bss.TaskProto_MAV_RcChannel,"aw",%nobits
 3898              		.align	2
 3899              		.set	.LANCHOR13,. + 0
 3902              	TaskProto_MAV_RcChannel:
 3903 0000 00000000 		.space	28
 3903      00000000 
 3903      00000000 
 3903      00000000 
 3903      00000000 
 3904              		.section	.bss.TaskProto_MAV_ScaledIMU,"aw",%nobits
 3905              		.align	2
 3906              		.set	.LANCHOR11,. + 0
 3909              	TaskProto_MAV_ScaledIMU:
 3910 0000 00000000 		.space	28
 3910      00000000 
 3910      00000000 
 3910      00000000 
 3910      00000000 
 3911              		.section	.bss.USB_RxBuf_Tmp,"aw",%nobits
 3912              		.align	2
 3915              	USB_RxBuf_Tmp:
 3916 0000 00000000 		.space	1152
 3916      00000000 
 3916      00000000 
 3916      00000000 
 3916      00000000 
 3917              		.section	.bss.USB_VCP_Addr,"aw",%nobits
 3918              		.align	2
 3919              		.set	.LANCHOR9,. + 0
 3922              	USB_VCP_Addr:
 3923 0000 00000000 		.space	4
 3924              		.section	.bss.Uart_RxBuf_Tmp,"aw",%nobits
 3925              		.align	2
 3928              	Uart_RxBuf_Tmp:
 3929 0000 00000000 		.space	1152
 3929      00000000 
 3929      00000000 
 3929      00000000 
 3929      00000000 
 3930              		.section	.bss.Upgrade_Monitor,"aw",%nobits
 3931              		.align	2
 3932              		.set	.LANCHOR26,. + 0
 3935              	Upgrade_Monitor:
 3936 0000 00000000 		.space	12
 3936      00000000 
 3936      00000000 
 3937              		.section	.data.CLI_Monitor,"aw"
 3938              		.align	2
 3939              		.set	.LANCHOR21,. + 0
 3942              	CLI_Monitor:
 3943 0000 00000000 		.space	4
 3944 0004 00000000 		.word	0
 3945 0008 00000000 		.word	CLI_RX_Stream
 3946 000c 00000000 		.word	CLI_Proc_Stream
 3947 0010 00       		.byte	0
 3948 0011 00       		.space	1
ARM GAS  C:\Users\HUAV\AppData\Local\Temp\ccteu8oL.s 			page 105


 3949 0012 0000     		.short	0
 3950              		.section	.data.CLI_Proc_Stream,"aw"
 3951              		.align	2
 3954              	CLI_Proc_Stream:
 3955 0000 00000000 		.word	CLIProcBuf
 3956 0004 0000     		.short	0
 3957 0006 0002     		.short	512
 3958              		.section	.data.CLI_RX_Stream,"aw"
 3959              		.align	2
 3962              	CLI_RX_Stream:
 3963 0000 04000000 		.word	CLIRxBuf
 3964 0004 0000     		.short	0
 3965 0006 0002     		.short	512
 3966              		.section	.data.MavStream,"aw"
 3967              		.align	2
 3968              		.set	.LANCHOR3,. + 0
 3971              	MavStream:
 3972 0000 04020000 		.word	MavShareBuf
 3973 0004 0000     		.short	0
 3974 0006 0004     		.short	1024
 3975              		.section	.data.Radio_Port1_UartObj,"aw"
 3976              		.align	2
 3979              	Radio_Port1_UartObj:
 3980 0000 00080700 		.word	460800
 3981 0004 00       		.byte	0
 3982 0005 000000   		.space	3
 3983 0008 00000000 		.word	0
 3984 000c 00000000 		.space	4
 3985 0010 01       		.byte	1
 3986 0011 00       		.byte	0
 3987 0012 00000000 		.space	6
 3987      0000
 3988 0018 01       		.byte	1
 3989 0019 01       		.byte	1
 3990 001a 00000000 		.space	6
 3990      0000
 3991 0020 00000258 		.word	1476526080
 3992 0024 0002     		.short	512
 3993 0026 00       		.byte	0
 3994 0027 00       		.space	1
 3995 0028 07000000 		.word	7
 3996 002c 00000258 		.word	1476526080
 3997 0030 0004     		.short	1024
 3998 0032 00       		.byte	0
 3999 0033 00       		.space	1
 4000 0034 07000000 		.word	7
 4001 0038 00000000 		.space	8
 4001      00000000 
 4002 0040 00000000 		.word	RadioRxBuff
 4003 0044 8004     		.short	1152
 4004 0046 00000000 		.space	42
 4004      00000000 
 4004      00000000 
 4004      00000000 
 4004      00000000 
 4005              		.section	.data.Radio_UartPort_List,"aw"
 4006              		.align	2
ARM GAS  C:\Users\HUAV\AppData\Local\Temp\ccteu8oL.s 			page 106


 4007              		.set	.LANCHOR22,. + 0
 4010              	Radio_UartPort_List:
 4011 0000 00       		.byte	0
 4012 0001 00000000 		.space	31
 4012      00000000 
 4012      00000000 
 4012      00000000 
 4012      00000000 
 4013 0020 00000000 		.word	Radio_Port1_UartObj
 4014              		.section	.data.USBRx_Stream,"aw"
 4015              		.align	2
 4016              		.set	.LANCHOR23,. + 0
 4019              	USBRx_Stream:
 4020 0000 00000000 		.word	USB_RxBuf_Tmp
 4021 0004 0000     		.short	0
 4022 0006 8004     		.short	1152
 4023              		.section	.data.UartRx_Stream,"aw"
 4024              		.align	2
 4025              		.set	.LANCHOR24,. + 0
 4028              	UartRx_Stream:
 4029 0000 00000000 		.word	Uart_RxBuf_Tmp
 4030 0004 0000     		.short	0
 4031 0006 8004     		.short	1152
 4032              		.section	.rodata.shellCmdCLI_Disable,"a"
 4033              		.align	2
 4036              	shellCmdCLI_Disable:
 4037 0000 434C495F 		.ascii	"CLI_Disable\000"
 4037      44697361 
 4037      626C6500 
 4038              		.section	.rodata.shellDescCLI_Disable,"a"
 4039              		.align	2
 4042              	shellDescCLI_Disable:
 4043 0000 434C4920 		.ascii	"CLI Enable Control\000"
 4043      456E6162 
 4043      6C652043 
 4043      6F6E7472 
 4043      6F6C00
 4044              		.section	shellCommand,"a"
 4045              		.align	2
 4048              	shellCommandCLI_Disable:
 4049 0000 00210000 		.word	8448
 4050 0004 00000000 		.word	shellCmdCLI_Disable
 4051 0008 00000000 		.word	TaskFermeCTL_CLI_DisableControl
 4052 000c 00000000 		.word	shellDescCLI_Disable
 4053              		.text
 4054              	.Letext0:
 4055              		.file 3 "d:\\hpm-compile-tool\\gcc-arm-none-eabi-10.3-win\\lib\\gcc\\arm-none-eabi\\10.3.1\\includ
 4056              		.file 4 "d:\\hpm-compile-tool\\gcc-arm-none-eabi-10.3-win\\arm-none-eabi\\include\\machine\\_defau
 4057              		.file 5 "d:\\hpm-compile-tool\\gcc-arm-none-eabi-10.3-win\\arm-none-eabi\\include\\sys\\_stdint.h"
 4058              		.file 6 "System/FreeRTOS/portable/GCC/ARM_CM4F/portmacro.h"
 4059              		.file 7 "System/FreeRTOS/include/portable.h"
 4060              		.file 8 "System/FreeRTOS/include/FreeRTOS.h"
 4061              		.file 9 "System/FreeRTOS/include/queue.h"
 4062              		.file 10 "System/FreeRTOS/include/semphr.h"
 4063              		.file 11 "System/FreeRTOS/CMSIS_RTOS/cmsis_os.h"
 4064              		.file 12 "Service/Srv_OsCommon.h"
 4065              		.file 13 "Service/../MAVLink/common/../mavlink_types.h"
ARM GAS  C:\Users\HUAV\AppData\Local\Temp\ccteu8oL.s 			page 107


 4066              		.file 14 "Service/Srv_ComProto.h"
 4067              		.file 15 "HW_Lib/PortApi_Def/Bsp_USB_Port_Def.h"
 4068              		.file 16 "HW_Lib/STM32H7/HAL_Lib/CMSIS/Device/ST/STM32H7xx/Include/stm32h743xx.h"
 4069              		.file 17 "HW_Lib/STM32H7/BSP/Bsp_USB.h"
 4070              		.file 18 "HW_Lib/PortApi_Def/Bsp_GPIO_Port_Def.h"
 4071              		.file 19 "HW_Lib/PortApi_Def/Bsp_Uart_Port_Def.h"
 4072              		.file 20 "HW_Lib/STM32H7/BSP/Bsp_DMA.h"
 4073              		.file 21 "HW_Lib/STM32H7/BSP/Bsp_Uart.h"
 4074              		.file 22 "System/shell/shell.h"
 4075              		.file 23 "Service/Srv_Upgrade.h"
 4076              		.file 24 "Task/Task_Protocol.h"
 4077              		.file 25 "common/Error_Log/../../common/gen_physic_def/imu_data.h"
 4078              		.file 26 "Device/Dev_Dshot.h"
 4079              		.file 27 "Service/control_data.h"
 4080              		.file 28 "Service/Srv_DataHub.h"
 4081              		.file 29 "System/shell/shell_port.h"
 4082              		.file 30 "<built-in>"
 4083              		.file 31 "d:\\hpm-compile-tool\\gcc-arm-none-eabi-10.3-win\\arm-none-eabi\\include\\string.h"
ARM GAS  C:\Users\HUAV\AppData\Local\Temp\ccteu8oL.s 			page 108


DEFINED SYMBOLS
                            *ABS*:00000000 Task_Protocol.c
C:\Users\HUAV\AppData\Local\Temp\ccteu8oL.s:19     .text.TaskFrameCTL_Set_RadioPort:00000000 $t
C:\Users\HUAV\AppData\Local\Temp\ccteu8oL.s:24     .text.TaskFrameCTL_Set_RadioPort:00000000 TaskFrameCTL_Set_RadioPort
C:\Users\HUAV\AppData\Local\Temp\ccteu8oL.s:85     .text.TaskFrameCTL_Set_RadioPort:0000002c $d
C:\Users\HUAV\AppData\Local\Temp\ccteu8oL.s:90     .text.TaskFrameCTL_USB_VCP_Connect_Callback:00000000 $t
C:\Users\HUAV\AppData\Local\Temp\ccteu8oL.s:95     .text.TaskFrameCTL_USB_VCP_Connect_Callback:00000000 TaskFrameCTL_USB_VCP_Connect_Callback
C:\Users\HUAV\AppData\Local\Temp\ccteu8oL.s:153    .text.TaskFrameCTL_USB_VCP_Connect_Callback:00000020 $d
C:\Users\HUAV\AppData\Local\Temp\ccteu8oL.s:158    .text.TaskFrameCTL_PortFrameOut_Process:00000000 $t
C:\Users\HUAV\AppData\Local\Temp\ccteu8oL.s:163    .text.TaskFrameCTL_PortFrameOut_Process:00000000 TaskFrameCTL_PortFrameOut_Process
C:\Users\HUAV\AppData\Local\Temp\ccteu8oL.s:385    .text.TaskFrameCTL_PortFrameOut_Process:000000e8 $d
C:\Users\HUAV\AppData\Local\Temp\ccteu8oL.s:1754   .text.TaskFrameCTL_MavMsg_Trans:00000000 TaskFrameCTL_MavMsg_Trans
C:\Users\HUAV\AppData\Local\Temp\ccteu8oL.s:408    .text.TaskFrame_Mav_ExpAtt_Callback:00000000 $t
C:\Users\HUAV\AppData\Local\Temp\ccteu8oL.s:413    .text.TaskFrame_Mav_ExpAtt_Callback:00000000 TaskFrame_Mav_ExpAtt_Callback
C:\Users\HUAV\AppData\Local\Temp\ccteu8oL.s:440    .text.TaskFrame_Mav_ExpGyro_Callback:00000000 $t
C:\Users\HUAV\AppData\Local\Temp\ccteu8oL.s:445    .text.TaskFrame_Mav_ExpGyro_Callback:00000000 TaskFrame_Mav_ExpGyro_Callback
C:\Users\HUAV\AppData\Local\Temp\ccteu8oL.s:472    .text.TaskFrame_Mav_ExpAlt_Callback:00000000 $t
C:\Users\HUAV\AppData\Local\Temp\ccteu8oL.s:477    .text.TaskFrame_Mav_ExpAlt_Callback:00000000 TaskFrame_Mav_ExpAlt_Callback
C:\Users\HUAV\AppData\Local\Temp\ccteu8oL.s:528    .text.TaskFrame_Mav_ExpAlt_Callback:00000028 $d
C:\Users\HUAV\AppData\Local\Temp\ccteu8oL.s:533    .text.TaskFrame_Mav_PID_Roll_Callback:00000000 $t
C:\Users\HUAV\AppData\Local\Temp\ccteu8oL.s:538    .text.TaskFrame_Mav_PID_Roll_Callback:00000000 TaskFrame_Mav_PID_Roll_Callback
C:\Users\HUAV\AppData\Local\Temp\ccteu8oL.s:589    .text.TaskFrame_Mav_PID_Roll_Callback:00000028 $d
C:\Users\HUAV\AppData\Local\Temp\ccteu8oL.s:594    .text.TaskFrame_Mav_PID_Pitch_Callback:00000000 $t
C:\Users\HUAV\AppData\Local\Temp\ccteu8oL.s:599    .text.TaskFrame_Mav_PID_Pitch_Callback:00000000 TaskFrame_Mav_PID_Pitch_Callback
C:\Users\HUAV\AppData\Local\Temp\ccteu8oL.s:650    .text.TaskFrame_Mav_PID_Pitch_Callback:00000028 $d
C:\Users\HUAV\AppData\Local\Temp\ccteu8oL.s:655    .text.TaskFrame_Mav_PID_GyrX_Callback:00000000 $t
C:\Users\HUAV\AppData\Local\Temp\ccteu8oL.s:660    .text.TaskFrame_Mav_PID_GyrX_Callback:00000000 TaskFrame_Mav_PID_GyrX_Callback
C:\Users\HUAV\AppData\Local\Temp\ccteu8oL.s:711    .text.TaskFrame_Mav_PID_GyrX_Callback:00000028 $d
C:\Users\HUAV\AppData\Local\Temp\ccteu8oL.s:716    .text.TaskFrame_Mav_PID_GyrY_Callback:00000000 $t
C:\Users\HUAV\AppData\Local\Temp\ccteu8oL.s:721    .text.TaskFrame_Mav_PID_GyrY_Callback:00000000 TaskFrame_Mav_PID_GyrY_Callback
C:\Users\HUAV\AppData\Local\Temp\ccteu8oL.s:772    .text.TaskFrame_Mav_PID_GyrY_Callback:00000028 $d
C:\Users\HUAV\AppData\Local\Temp\ccteu8oL.s:777    .text.TaskFrame_Mav_PID_GyrZ_Callback:00000000 $t
C:\Users\HUAV\AppData\Local\Temp\ccteu8oL.s:782    .text.TaskFrame_Mav_PID_GyrZ_Callback:00000000 TaskFrame_Mav_PID_GyrZ_Callback
C:\Users\HUAV\AppData\Local\Temp\ccteu8oL.s:833    .text.TaskFrame_Mav_PID_GyrZ_Callback:00000028 $d
C:\Users\HUAV\AppData\Local\Temp\ccteu8oL.s:838    .text.TaskFrameCTL_MAV_Msg_Init:00000000 $t
C:\Users\HUAV\AppData\Local\Temp\ccteu8oL.s:843    .text.TaskFrameCTL_MAV_Msg_Init:00000000 TaskFrameCTL_MAV_Msg_Init
C:\Users\HUAV\AppData\Local\Temp\ccteu8oL.s:887    .text.TaskFrameCTL_MAV_Msg_Init:00000018 $d
C:\Users\HUAV\AppData\Local\Temp\ccteu8oL.s:894    .text.TaskFrameCTL_MAV_Msg_Init:0000001c $t
C:\Users\HUAV\AppData\Local\Temp\ccteu8oL.s:1393   .text.TaskFrameCTL_MAV_Msg_Init:000002fc $d
C:\Users\HUAV\AppData\Local\Temp\ccteu8oL.s:1424   .text.TaskFrameCTL_MAV_Msg_Init:00000374 $t
C:\Users\HUAV\AppData\Local\Temp\ccteu8oL.s:1445   .text.TaskFrameCTL_Port_Tx:00000000 $t
C:\Users\HUAV\AppData\Local\Temp\ccteu8oL.s:1450   .text.TaskFrameCTL_Port_Tx:00000000 TaskFrameCTL_Port_Tx
C:\Users\HUAV\AppData\Local\Temp\ccteu8oL.s:1563   .text.TaskFrameCTL_Port_Tx:0000006c $d
C:\Users\HUAV\AppData\Local\Temp\ccteu8oL.s:1569   .text.TaskFrameCTL_DefaultPort_Trans:00000000 $t
C:\Users\HUAV\AppData\Local\Temp\ccteu8oL.s:1574   .text.TaskFrameCTL_DefaultPort_Trans:00000000 TaskFrameCTL_DefaultPort_Trans
C:\Users\HUAV\AppData\Local\Temp\ccteu8oL.s:1666   .text.TaskFrameCTL_DefaultPort_Trans:00000054 $d
C:\Users\HUAV\AppData\Local\Temp\ccteu8oL.s:1672   .text.TaskFrameCTL_CLI_Trans:00000000 $t
C:\Users\HUAV\AppData\Local\Temp\ccteu8oL.s:1677   .text.TaskFrameCTL_CLI_Trans:00000000 TaskFrameCTL_CLI_Trans
C:\Users\HUAV\AppData\Local\Temp\ccteu8oL.s:1744   .text.TaskFrameCTL_CLI_Trans:00000030 $d
C:\Users\HUAV\AppData\Local\Temp\ccteu8oL.s:1749   .text.TaskFrameCTL_MavMsg_Trans:00000000 $t
C:\Users\HUAV\AppData\Local\Temp\ccteu8oL.s:1827   .text.TaskFrameCTL_DefaultPort_Init:00000000 $t
C:\Users\HUAV\AppData\Local\Temp\ccteu8oL.s:1832   .text.TaskFrameCTL_DefaultPort_Init:00000000 TaskFrameCTL_DefaultPort_Init
C:\Users\HUAV\AppData\Local\Temp\ccteu8oL.s:1958   .text.TaskFrameCTL_DefaultPort_Init:0000005c $d
C:\Users\HUAV\AppData\Local\Temp\ccteu8oL.s:2771   .text.TaskFrameCTL_Port_TxCplt_Callback:00000000 TaskFrameCTL_Port_TxCplt_Callback
C:\Users\HUAV\AppData\Local\Temp\ccteu8oL.s:2370   .text.TaskFrameCTL_Port_Rx_Callback:00000000 TaskFrameCTL_Port_Rx_Callback
C:\Users\HUAV\AppData\Local\Temp\ccteu8oL.s:1968   .text.TaskFrameCTL_RadioPort_Init:00000000 $t
C:\Users\HUAV\AppData\Local\Temp\ccteu8oL.s:1973   .text.TaskFrameCTL_RadioPort_Init:00000000 TaskFrameCTL_RadioPort_Init
ARM GAS  C:\Users\HUAV\AppData\Local\Temp\ccteu8oL.s 			page 109


C:\Users\HUAV\AppData\Local\Temp\ccteu8oL.s:2354   .text.TaskFrameCTL_RadioPort_Init:00000148 $d
C:\Users\HUAV\AppData\Local\Temp\ccteu8oL.s:2365   .text.TaskFrameCTL_Port_Rx_Callback:00000000 $t
C:\Users\HUAV\AppData\Local\Temp\ccteu8oL.s:2751   .text.TaskFrameCTL_Port_Rx_Callback:00000194 $d
C:\Users\HUAV\AppData\Local\Temp\ccteu8oL.s:2766   .text.TaskFrameCTL_Port_TxCplt_Callback:00000000 $t
C:\Users\HUAV\AppData\Local\Temp\ccteu8oL.s:2920   .text.TaskFrameCTL_ConfigureStateCheck:00000000 $t
C:\Users\HUAV\AppData\Local\Temp\ccteu8oL.s:2925   .text.TaskFrameCTL_ConfigureStateCheck:00000000 TaskFrameCTL_ConfigureStateCheck
C:\Users\HUAV\AppData\Local\Temp\ccteu8oL.s:3011   .text.TaskFrameCTL_ConfigureStateCheck:00000050 $d
C:\Users\HUAV\AppData\Local\Temp\ccteu8oL.s:3023   .text.TaskFrameCTL_CLI_Proc:00000000 $t
C:\Users\HUAV\AppData\Local\Temp\ccteu8oL.s:3028   .text.TaskFrameCTL_CLI_Proc:00000000 TaskFrameCTL_CLI_Proc
C:\Users\HUAV\AppData\Local\Temp\ccteu8oL.s:3140   .text.TaskFrameCTL_CLI_Proc:00000054 $d
C:\Users\HUAV\AppData\Local\Temp\ccteu8oL.s:3146   .rodata.TaskFrameCTL_Upgrade_StatePolling.str1.4:00000000 $d
C:\Users\HUAV\AppData\Local\Temp\ccteu8oL.s:3162   .text.TaskFrameCTL_Upgrade_StatePolling:00000000 $t
C:\Users\HUAV\AppData\Local\Temp\ccteu8oL.s:3167   .text.TaskFrameCTL_Upgrade_StatePolling:00000000 TaskFrameCTL_Upgrade_StatePolling
C:\Users\HUAV\AppData\Local\Temp\ccteu8oL.s:3355   .text.TaskFrameCTL_Upgrade_StatePolling:000000b0 $d
C:\Users\HUAV\AppData\Local\Temp\ccteu8oL.s:3368   .rodata.TaskFermeCTL_CLI_DisableControl.str1.4:00000000 $d
C:\Users\HUAV\AppData\Local\Temp\ccteu8oL.s:3375   .text.TaskFermeCTL_CLI_DisableControl:00000000 $t
C:\Users\HUAV\AppData\Local\Temp\ccteu8oL.s:3380   .text.TaskFermeCTL_CLI_DisableControl:00000000 TaskFermeCTL_CLI_DisableControl
C:\Users\HUAV\AppData\Local\Temp\ccteu8oL.s:3443   .text.TaskFermeCTL_CLI_DisableControl:00000034 $d
C:\Users\HUAV\AppData\Local\Temp\ccteu8oL.s:3452   .text.TaskFrameCTL_Init:00000000 $t
C:\Users\HUAV\AppData\Local\Temp\ccteu8oL.s:3458   .text.TaskFrameCTL_Init:00000000 TaskFrameCTL_Init
C:\Users\HUAV\AppData\Local\Temp\ccteu8oL.s:3606   .text.TaskFrameCTL_Init:0000009c $d
C:\Users\HUAV\AppData\Local\Temp\ccteu8oL.s:3622   .text.TaskFrameCTL_Core:00000000 $t
C:\Users\HUAV\AppData\Local\Temp\ccteu8oL.s:3628   .text.TaskFrameCTL_Core:00000000 TaskFrameCTL_Core
C:\Users\HUAV\AppData\Local\Temp\ccteu8oL.s:3713   .text.TaskFrameCTL_Core:00000054 $d
C:\Users\HUAV\AppData\Local\Temp\ccteu8oL.s:4048   shellCommand:00000000 shellCommandCLI_Disable
C:\Users\HUAV\AppData\Local\Temp\ccteu8oL.s:4042   .rodata.shellDescCLI_Disable:00000000 shellDescCLI_Disable
C:\Users\HUAV\AppData\Local\Temp\ccteu8oL.s:4036   .rodata.shellCmdCLI_Disable:00000000 shellCmdCLI_Disable
C:\Users\HUAV\AppData\Local\Temp\ccteu8oL.s:3812   .bss.RadioProto_MAV_Altitude:00000000 RadioProto_MAV_Altitude
C:\Users\HUAV\AppData\Local\Temp\ccteu8oL.s:3819   .bss.RadioProto_MAV_Attitude:00000000 RadioProto_MAV_Attitude
C:\Users\HUAV\AppData\Local\Temp\ccteu8oL.s:3826   .bss.RadioProto_MAV_MotoChannel:00000000 RadioProto_MAV_MotoChannel
C:\Users\HUAV\AppData\Local\Temp\ccteu8oL.s:3840   .bss.RadioProto_MAV_RcChannel:00000000 RadioProto_MAV_RcChannel
C:\Users\HUAV\AppData\Local\Temp\ccteu8oL.s:3847   .bss.RadioProto_MAV_ScaledIMU:00000000 RadioProto_MAV_ScaledIMU
C:\Users\HUAV\AppData\Local\Temp\ccteu8oL.s:3833   .bss.RadioProto_MAV_RawIMU:00000000 RadioProto_MAV_RawIMU
C:\Users\HUAV\AppData\Local\Temp\ccteu8oL.s:3867   .bss.TaskProto_MAV_Altitude:00000000 TaskProto_MAV_Altitude
C:\Users\HUAV\AppData\Local\Temp\ccteu8oL.s:3881   .bss.TaskProto_MAV_Exp_Attitude:00000000 TaskProto_MAV_Exp_Attitude
C:\Users\HUAV\AppData\Local\Temp\ccteu8oL.s:3874   .bss.TaskProto_MAV_Attitude:00000000 TaskProto_MAV_Attitude
C:\Users\HUAV\AppData\Local\Temp\ccteu8oL.s:3888   .bss.TaskProto_MAV_MotoChannel:00000000 TaskProto_MAV_MotoChannel
C:\Users\HUAV\AppData\Local\Temp\ccteu8oL.s:3902   .bss.TaskProto_MAV_RcChannel:00000000 TaskProto_MAV_RcChannel
C:\Users\HUAV\AppData\Local\Temp\ccteu8oL.s:3909   .bss.TaskProto_MAV_ScaledIMU:00000000 TaskProto_MAV_ScaledIMU
C:\Users\HUAV\AppData\Local\Temp\ccteu8oL.s:3895   .bss.TaskProto_MAV_RawIMU:00000000 TaskProto_MAV_RawIMU
C:\Users\HUAV\AppData\Local\Temp\ccteu8oL.s:3784   .bss.InPut_MavData:00000000 InPut_MavData
C:\Users\HUAV\AppData\Local\Temp\ccteu8oL.s:3738   .Perph_Section:00000000 $d
C:\Users\HUAV\AppData\Local\Temp\ccteu8oL.s:3742   .Perph_Section:00000000 VCP_Attach_State_PipeDataObj
C:\Users\HUAV\AppData\Local\Temp\ccteu8oL.s:3747   .Perph_Section:00000004 CLIRxBuf
C:\Users\HUAV\AppData\Local\Temp\ccteu8oL.s:3751   .Perph_Section:00000204 MavShareBuf
C:\Users\HUAV\AppData\Local\Temp\ccteu8oL.s:3754   .bss.CLIProcBuf:00000000 $d
C:\Users\HUAV\AppData\Local\Temp\ccteu8oL.s:3757   .bss.CLIProcBuf:00000000 CLIProcBuf
C:\Users\HUAV\AppData\Local\Temp\ccteu8oL.s:3760   .bss.DefaultPort_MavMsgInput_Obj:00000000 $d
C:\Users\HUAV\AppData\Local\Temp\ccteu8oL.s:3764   .bss.DefaultPort_MavMsgInput_Obj:00000000 DefaultPort_MavMsgInput_Obj
C:\Users\HUAV\AppData\Local\Temp\ccteu8oL.s:3770   .bss.FrameCTL_MavProto_Enable:00000000 FrameCTL_MavProto_Enable
C:\Users\HUAV\AppData\Local\Temp\ccteu8oL.s:3771   .bss.FrameCTL_MavProto_Enable:00000000 $d
C:\Users\HUAV\AppData\Local\Temp\ccteu8oL.s:3773   .bss.FrameCTL_Period:00000000 $d
C:\Users\HUAV\AppData\Local\Temp\ccteu8oL.s:3777   .bss.FrameCTL_Period:00000000 FrameCTL_Period
C:\Users\HUAV\AppData\Local\Temp\ccteu8oL.s:3780   .bss.InPut_MavData:00000000 $d
C:\Users\HUAV\AppData\Local\Temp\ccteu8oL.s:3787   .bss.InUsePort_MavMsgInput_Obj:00000000 $d
C:\Users\HUAV\AppData\Local\Temp\ccteu8oL.s:3791   .bss.InUsePort_MavMsgInput_Obj:00000000 InUsePort_MavMsgInput_Obj
C:\Users\HUAV\AppData\Local\Temp\ccteu8oL.s:3794   .bss.PortMonitor:00000000 $d
ARM GAS  C:\Users\HUAV\AppData\Local\Temp\ccteu8oL.s 			page 110


C:\Users\HUAV\AppData\Local\Temp\ccteu8oL.s:3798   .bss.PortMonitor:00000000 PortMonitor
C:\Users\HUAV\AppData\Local\Temp\ccteu8oL.s:3801   .bss.RadioPort_MavMsgInput_Obj:00000000 $d
C:\Users\HUAV\AppData\Local\Temp\ccteu8oL.s:3805   .bss.RadioPort_MavMsgInput_Obj:00000000 RadioPort_MavMsgInput_Obj
C:\Users\HUAV\AppData\Local\Temp\ccteu8oL.s:3808   .bss.RadioProto_MAV_Altitude:00000000 $d
C:\Users\HUAV\AppData\Local\Temp\ccteu8oL.s:3815   .bss.RadioProto_MAV_Attitude:00000000 $d
C:\Users\HUAV\AppData\Local\Temp\ccteu8oL.s:3822   .bss.RadioProto_MAV_MotoChannel:00000000 $d
C:\Users\HUAV\AppData\Local\Temp\ccteu8oL.s:3829   .bss.RadioProto_MAV_RawIMU:00000000 $d
C:\Users\HUAV\AppData\Local\Temp\ccteu8oL.s:3836   .bss.RadioProto_MAV_RcChannel:00000000 $d
C:\Users\HUAV\AppData\Local\Temp\ccteu8oL.s:3843   .bss.RadioProto_MAV_ScaledIMU:00000000 $d
C:\Users\HUAV\AppData\Local\Temp\ccteu8oL.s:3850   .bss.RadioRxBuff:00000000 $d
C:\Users\HUAV\AppData\Local\Temp\ccteu8oL.s:3853   .bss.RadioRxBuff:00000000 RadioRxBuff
C:\Users\HUAV\AppData\Local\Temp\ccteu8oL.s:3856   .bss.Radio_Addr:00000000 $d
C:\Users\HUAV\AppData\Local\Temp\ccteu8oL.s:3860   .bss.Radio_Addr:00000000 Radio_Addr
C:\Users\HUAV\AppData\Local\Temp\ccteu8oL.s:3863   .bss.TaskProto_MAV_Altitude:00000000 $d
C:\Users\HUAV\AppData\Local\Temp\ccteu8oL.s:3870   .bss.TaskProto_MAV_Attitude:00000000 $d
C:\Users\HUAV\AppData\Local\Temp\ccteu8oL.s:3877   .bss.TaskProto_MAV_Exp_Attitude:00000000 $d
C:\Users\HUAV\AppData\Local\Temp\ccteu8oL.s:3884   .bss.TaskProto_MAV_MotoChannel:00000000 $d
C:\Users\HUAV\AppData\Local\Temp\ccteu8oL.s:3891   .bss.TaskProto_MAV_RawIMU:00000000 $d
C:\Users\HUAV\AppData\Local\Temp\ccteu8oL.s:3898   .bss.TaskProto_MAV_RcChannel:00000000 $d
C:\Users\HUAV\AppData\Local\Temp\ccteu8oL.s:3905   .bss.TaskProto_MAV_ScaledIMU:00000000 $d
C:\Users\HUAV\AppData\Local\Temp\ccteu8oL.s:3912   .bss.USB_RxBuf_Tmp:00000000 $d
C:\Users\HUAV\AppData\Local\Temp\ccteu8oL.s:3915   .bss.USB_RxBuf_Tmp:00000000 USB_RxBuf_Tmp
C:\Users\HUAV\AppData\Local\Temp\ccteu8oL.s:3918   .bss.USB_VCP_Addr:00000000 $d
C:\Users\HUAV\AppData\Local\Temp\ccteu8oL.s:3922   .bss.USB_VCP_Addr:00000000 USB_VCP_Addr
C:\Users\HUAV\AppData\Local\Temp\ccteu8oL.s:3925   .bss.Uart_RxBuf_Tmp:00000000 $d
C:\Users\HUAV\AppData\Local\Temp\ccteu8oL.s:3928   .bss.Uart_RxBuf_Tmp:00000000 Uart_RxBuf_Tmp
C:\Users\HUAV\AppData\Local\Temp\ccteu8oL.s:3931   .bss.Upgrade_Monitor:00000000 $d
C:\Users\HUAV\AppData\Local\Temp\ccteu8oL.s:3935   .bss.Upgrade_Monitor:00000000 Upgrade_Monitor
C:\Users\HUAV\AppData\Local\Temp\ccteu8oL.s:3938   .data.CLI_Monitor:00000000 $d
C:\Users\HUAV\AppData\Local\Temp\ccteu8oL.s:3942   .data.CLI_Monitor:00000000 CLI_Monitor
C:\Users\HUAV\AppData\Local\Temp\ccteu8oL.s:3962   .data.CLI_RX_Stream:00000000 CLI_RX_Stream
C:\Users\HUAV\AppData\Local\Temp\ccteu8oL.s:3954   .data.CLI_Proc_Stream:00000000 CLI_Proc_Stream
C:\Users\HUAV\AppData\Local\Temp\ccteu8oL.s:3951   .data.CLI_Proc_Stream:00000000 $d
C:\Users\HUAV\AppData\Local\Temp\ccteu8oL.s:3959   .data.CLI_RX_Stream:00000000 $d
C:\Users\HUAV\AppData\Local\Temp\ccteu8oL.s:3967   .data.MavStream:00000000 $d
C:\Users\HUAV\AppData\Local\Temp\ccteu8oL.s:3971   .data.MavStream:00000000 MavStream
C:\Users\HUAV\AppData\Local\Temp\ccteu8oL.s:3976   .data.Radio_Port1_UartObj:00000000 $d
C:\Users\HUAV\AppData\Local\Temp\ccteu8oL.s:3979   .data.Radio_Port1_UartObj:00000000 Radio_Port1_UartObj
C:\Users\HUAV\AppData\Local\Temp\ccteu8oL.s:4006   .data.Radio_UartPort_List:00000000 $d
C:\Users\HUAV\AppData\Local\Temp\ccteu8oL.s:4010   .data.Radio_UartPort_List:00000000 Radio_UartPort_List
C:\Users\HUAV\AppData\Local\Temp\ccteu8oL.s:4015   .data.USBRx_Stream:00000000 $d
C:\Users\HUAV\AppData\Local\Temp\ccteu8oL.s:4019   .data.USBRx_Stream:00000000 USBRx_Stream
C:\Users\HUAV\AppData\Local\Temp\ccteu8oL.s:4024   .data.UartRx_Stream:00000000 $d
C:\Users\HUAV\AppData\Local\Temp\ccteu8oL.s:4028   .data.UartRx_Stream:00000000 UartRx_Stream
C:\Users\HUAV\AppData\Local\Temp\ccteu8oL.s:4033   .rodata.shellCmdCLI_Disable:00000000 $d
C:\Users\HUAV\AppData\Local\Temp\ccteu8oL.s:4039   .rodata.shellDescCLI_Disable:00000000 $d
C:\Users\HUAV\AppData\Local\Temp\ccteu8oL.s:4045   shellCommand:00000000 $d

UNDEFINED SYMBOLS
SrvOsCommon
SrvDataHub
SrvComProto
osSemaphoreWait
BspUart
BspUSB_VCP
osSemaphoreCreate
memcpy
ARM GAS  C:\Users\HUAV\AppData\Local\Temp\ccteu8oL.s 			page 111


memset
memmove
SrvUpgrade
osSemaphoreRelease
DataPipe_SendTo
VCP_Connect_hub_DataPipe
VCP_Connect_smp_DataPipe
Shell_GetInstence
shellHandler
shellPrint
Shell_Init
