[ ---- PITCH ---- ]	P = 1.2		I = 0.2		D = 0.5
[ ---- ROLL ----- ]	P = 1.2		I = 0.2		D = 0.5
[ ---- GyroX ---- ]	P = 1.3		I = 1.6		D = 1.0
[ ---- GyroY ---- ]	P = 1.3		I = 1.6		D = 1.0
[ ---- GyroZ ---- ]	P = 0.8		I = 0.6		D = 0.2
[ ---- Type ----- ]	AngularPID
-----------------------------------------------------------------------------
29750 0 0.000000 0.000000 0.000000 0.182927 -4.207317 0.365854
29755 0 0.000000 0.000000 0.000000 -0.060976 -3.475610 0.792683
29760 0 0.000000 0.000000 0.000000 -1.036585 -2.865854 0.182927
29765 0 0.000000 0.000000 0.000000 -0.670732 -1.768293 0.243902
29770 0 0.000000 0.000000 0.000000 -1.158537 -1.280488 0.000000
29775 0 0.000000 0.000000 0.000000 -0.609756 -0.487805 -0.426829
29780 0 0.000000 0.000000 0.000000 0.243902 0.243902 -1.036585
29785 0 0.000000 0.000000 0.000000 0.365854 0.609756 -1.280488
29790 0 0.000000 0.000000 0.000000 2.317073 1.280488 -1.158537
29795 0 0.000000 0.000000 0.000000 3.414634 1.463415 -1.280488
29800 0 0.000000 0.000000 0.000000 4.695122 1.707317 -1.402439
29805 0 0.000000 0.000000 0.000000 7.195122 2.195122 -1.707317
29810 0 0.000000 0.000000 0.000000 8.658537 2.134146 -1.524390
29815 0 0.000000 0.000000 0.000000 11.280488 2.378049 -0.914634
29820 0 0.000000 0.000000 0.000000 13.109756 2.317073 -0.792683
29825 0 0.000000 0.000000 0.000000 13.902439 1.707317 -0.426829
29830 0 0.000000 0.000000 0.000000 15.426829 1.524390 -0.304878
29835 0 0.000000 0.000000 0.000000 15.914635 1.097561 0.182927
29840 0 0.000000 0.000000 0.000000 17.012196 0.792683 0.731707
29845 0 0.000000 0.000000 0.000000 18.170732 0.914634 1.158537
29850 0 0.000000 0.000000 0.000000 18.109756 0.914634 1.829268
29855 0 0.000000 0.000000 0.000000 17.500000 0.975610 1.829268
29860 0 0.000000 0.000000 0.000000 15.548780 0.975610 2.134146
29865 0 0.000000 0.000000 0.000000 14.146341 1.280488 1.951220
29870 0 0.000000 0.000000 0.000000 11.829268 1.524390 1.707317
29875 0 0.000000 0.000000 0.000000 9.390244 1.707317 1.707317
29880 0 0.000000 0.000000 0.000000 7.500000 2.195122 1.402439
29885 0 0.000000 0.000000 0.000000 4.817073 2.804878 1.524390
29890 0 0.000000 0.000000 0.000000 3.231707 3.170732 1.463415
29895 0 0.000000 0.000000 0.000000 1.280488 3.536585 1.768293
29900 0 0.000000 0.000000 0.000000 -0.487805 3.780488 1.829268
29905 0 0.000000 0.000000 0.000000 -2.134146 4.512195 0.487805
29910 0 0.000000 0.000000 0.000000 -3.536585 4.939024 0.670732
29915 0 0.000000 0.000000 0.000000 -4.146341 5.304878 0.487805
29920 0 0.000000 0.000000 0.000000 -4.939024 5.243903 0.060976
29925 0 0.000000 0.000000 0.000000 -6.158537 3.719512 0.792683
29930 0 0.000000 0.000000 0.000000 -6.280488 3.719512 0.670732
29935 0 0.000000 0.000000 0.000000 -6.524390 3.597561 0.365854
29940 0 0.000000 0.000000 0.000000 -6.036585 2.621951 0.121951
29945 0 0.000000 0.000000 0.000000 -4.573171 2.134146 0.304878
29950 0 0.000000 0.000000 0.000000 -2.926829 0.975610 0.365854
29955 0 0.000000 0.000000 0.000000 -1.402439 0.121951 1.219512
29960 0 0.000000 0.000000 0.000000 0.000000 -0.487805 1.463415
29965 0 0.000000 0.000000 0.000000 1.097561 -2.012195 0.609756
29970 0 0.000000 0.000000 0.000000 2.439024 -2.743902 0.548781
29975 0 0.000000 0.000000 0.000000 3.170732 -3.475610 -0.060976
29980 0 0.000000 0.000000 0.000000 3.475610 -4.512195 -0.365854
29985 0 0.000000 0.000000 0.000000 3.658537 -5.060976 0.000000
29990 0 0.000000 0.000000 0.000000 2.621951 -5.304878 -0.243902
29995 0 0.000000 0.000000 0.000000 1.341463 -5.243903 0.060976
30000 0 0.000000 0.000000 0.000000 0.182927 -5.243903 -0.121951
30005 0 0.000000 0.000000 0.000000 -1.341463 -5.182927 -0.548781
30010 0 0.000000 0.000000 0.000000 -2.682927 -4.756098 -0.731707
30015 0 0.000000 0.000000 0.000000 -3.841464 -4.573171 -1.951220
30020 0 0.000000 0.000000 0.000000 -4.756098 -4.695122 -2.073171
30025 0 0.000000 0.000000 0.000000 -4.939024 -4.695122 -2.073171
30030 0 0.000000 0.000000 0.000000 -4.390244 -4.878049 -2.378049
30035 0 0.000000 0.000000 0.000000 -3.231707 -5.060976 -1.463415
30040 0 0.000000 0.000000 0.000000 -1.402439 -4.756098 -1.524390
30045 0 0.000000 0.000000 0.000000 0.609756 -4.939024 -1.341463
30050 0 0.000000 0.000000 0.000000 2.560976 -4.268293 -0.670732
30055 0 0.000000 0.000000 0.000000 4.024390 -3.963415 -0.731707
30060 0 0.000000 0.000000 0.000000 5.548780 -3.963415 -0.609756
30065 0 0.000000 0.000000 0.000000 6.646342 -3.536585 0.121951
30070 0 0.000000 0.000000 0.000000 7.073171 -3.536585 0.426829
30075 0 0.000000 0.000000 0.000000 6.951220 -3.048780 0.487805
30080 0 0.000000 0.000000 0.000000 6.036585 -2.134146 0.426829
30085 0 0.000000 0.000000 0.000000 4.756098 -2.560976 -0.060976
30090 0 0.000000 0.000000 0.000000 2.987805 -1.707317 -0.304878
30095 0 0.000000 0.000000 0.000000 0.609756 -1.280488 -0.243902
30100 0 0.000000 0.000000 0.000000 -1.585366 -0.914634 -0.670732
30105 0 0.000000 0.000000 0.000000 -4.207317 0.121951 -0.609756
30110 0 0.000000 0.000000 0.000000 -5.670732 0.182927 -0.853659
30115 0 0.000000 0.000000 0.000000 -6.524390 0.487805 -0.670732
30120 0 0.000000 0.000000 0.000000 -7.987805 0.914634 -0.182927
30125 0 0.000000 0.000000 0.000000 -8.536586 1.036585 -1.280488
30130 0 0.000000 0.000000 0.000000 -8.475610 1.341463 -1.219512
30135 0 0.000000 0.000000 0.000000 -8.109756 1.036585 -0.731707
30140 0 0.000000 0.000000 0.000000 -7.012195 0.975610 -1.402439
30145 0 0.000000 0.000000 0.000000 -6.829268 1.341463 -0.792683
30150 0 0.000000 0.000000 0.000000 -5.487805 1.036585 -0.914634
30155 0 0.000000 0.000000 0.000000 -2.926829 0.914634 -0.853659
30160 0 0.000000 0.000000 0.000000 -1.219512 0.792683 -0.243902
30165 0 0.000000 0.000000 0.000000 0.914634 -0.121951 -0.792683
30170 0 0.000000 0.000000 0.000000 2.500000 -0.487805 -0.487805
30175 0 0.000000 0.000000 0.000000 3.597561 -1.463415 0.304878
30180 0 0.000000 0.000000 0.000000 4.817073 -2.256098 0.304878
30185 0 0.000000 0.000000 0.000000 5.365854 -2.134146 0.243902
30190 0 0.000000 0.000000 0.000000 5.914634 -2.621951 0.121951
30195 0 0.000000 0.000000 0.000000 5.792683 -2.560976 0.121951
30200 0 0.000000 0.000000 0.000000 4.451220 -2.317073 0.548781
30205 0 0.000000 0.000000 0.000000 3.780488 -2.560976 -0.121951
30210 0 0.000000 0.000000 0.000000 2.500000 -2.195122 -0.182927
30215 0 0.000000 0.000000 0.000000 0.975610 -2.500000 0.121951
30220 0 0.000000 0.000000 0.000000 0.121951 -2.378049 -0.304878
30225 0 0.000000 0.000000 0.000000 -1.097561 -1.646341 0.121951
30230 0 0.000000 0.000000 0.000000 -0.914634 -1.646341 0.121951
30235 0 0.000000 0.000000 0.000000 -0.365854 -1.036585 0.121951
30240 0 0.000000 0.000000 0.000000 -0.304878 -0.792683 0.609756
30245 0 0.000000 0.000000 0.000000 1.036585 -0.365854 0.426829
30250 0 0.000000 0.000000 0.000000 1.402439 -0.243902 1.280488
30255 0 0.000000 0.000000 0.000000 1.707317 -0.792683 1.707317
30260 0 0.000000 0.000000 0.000000 2.987805 -0.365854 1.707317
30265 0 0.000000 0.000000 0.000000 2.500000 -0.121951 2.134146
30270 0 0.000000 0.000000 0.000000 2.439024 0.365854 1.829268
30275 0 0.000000 0.000000 0.000000 2.134146 1.036585 2.195122
30280 0 0.000000 0.000000 0.000000 1.097561 1.158537 2.500000
30285 0 0.000000 0.000000 0.000000 1.158537 1.951220 1.951220
30290 0 0.000000 0.000000 0.000000 0.000000 2.134146 2.134146
30295 0 0.000000 0.000000 0.000000 -1.097561 2.621951 1.890244
30300 0 0.000000 0.000000 0.000000 -2.073171 4.329268 1.829268
30305 0 0.000000 0.000000 0.000000 -4.146341 4.146341 1.463415
30310 0 0.000000 0.000000 0.000000 -5.060976 4.329268 1.280488
30315 0 0.000000 0.000000 0.000000 -6.402439 4.329268 2.195122
30320 0 0.000000 0.000000 0.000000 -6.402439 4.695122 1.646341
30325 0 0.000000 0.000000 0.000000 -5.914634 5.000000 1.219512
30330 0 0.000000 0.000000 0.000000 -6.463415 4.329268 0.975610
30335 0 0.000000 0.000000 0.000000 -6.585366 3.780488 0.548781
30340 0 0.000000 0.000000 0.000000 -6.036585 3.170732 1.219512
30345 0 0.000000 0.000000 0.000000 -5.243903 2.621951 0.365854
30350 0 0.000000 0.000000 0.000000 -4.573171 1.951220 0.670732
30355 0 0.000000 0.000000 0.000000 -4.207317 1.829268 1.158537
30360 0 0.000000 0.000000 0.000000 -3.780488 1.890244 0.487805
30365 0 0.000000 0.000000 0.000000 -2.621951 2.134146 0.853659
30370 0 0.000000 0.000000 0.000000 -1.280488 2.256098 0.000000
30375 0 0.000000 0.000000 0.000000 -0.304878 1.829268 -0.121951
30380 0 0.000000 0.000000 0.000000 -0.121951 0.975610 0.853659
30385 0 0.000000 0.000000 0.000000 0.670732 0.487805 0.000000
30390 0 0.000000 0.000000 0.000000 1.646341 0.609756 0.487805
30395 0 0.000000 0.000000 0.000000 3.048780 1.463415 0.548781
30400 0 0.000000 0.000000 0.000000 4.695122 1.951220 0.304878
30405 0 0.000000 0.000000 0.000000 5.670732 2.682927 0.182927
30410 0 0.000000 0.000000 0.000000 6.768293 2.560976 -0.182927
30415 0 0.000000 0.000000 0.000000 7.378049 1.646341 0.426829
30420 0 0.000000 0.000000 0.000000 7.256098 1.341463 0.731707
30425 0 0.000000 0.000000 0.000000 7.256098 1.463415 0.487805
30430 0 0.000000 0.000000 0.000000 7.195122 2.256098 0.243902
30435 0 0.000000 0.000000 0.000000 7.378049 2.439024 -0.853659
30440 0 0.000000 0.000000 0.000000 6.524390 2.256098 -1.341463
30445 0 0.000000 0.000000 0.000000 5.487805 2.439024 -1.097561
30450 0 0.000000 0.000000 0.000000 4.756098 2.134146 -1.524390
30455 0 0.000000 0.000000 0.000000 3.292683 1.280488 -1.524390
30460 0 0.000000 0.000000 0.000000 2.682927 1.036585 -1.463415
30465 0 0.000000 0.000000 0.000000 2.073171 0.853659 -2.317073
30470 0 0.000000 0.000000 0.000000 1.524390 0.487805 -2.256098
30475 0 0.000000 0.000000 0.000000 1.829268 0.609756 -1.768293
30480 0 0.000000 0.000000 0.000000 1.036585 0.426829 -1.585366
30485 0 0.000000 0.000000 0.000000 0.304878 0.182927 -1.524390
30490 0 0.000000 0.000000 0.000000 0.000000 0.121951 -1.585366
30495 0 0.000000 0.000000 0.000000 -0.487805 -0.304878 -1.280488
30500 0 0.000000 0.000000 0.000000 -0.121951 -0.365854 -0.914634
30505 0 0.000000 0.000000 0.000000 0.304878 -0.304878 -0.853659
30510 0 0.000000 0.000000 0.000000 0.670732 -0.121951 -0.792683
30515 0 0.000000 0.000000 0.000000 0.975610 0.000000 -0.609756
30520 0 0.000000 0.000000 0.000000 0.609756 0.000000 -0.487805
30525 0 0.000000 0.000000 0.000000 0.365854 0.060976 -0.670732
30530 0 0.000000 0.000000 0.000000 0.182927 0.243902 -0.609756
30535 0 0.000000 0.000000 0.000000 0.000000 0.426829 -0.548781
30540 0 0.000000 0.000000 0.000000 -0.487805 0.487805 -0.121951
30545 0 0.000000 0.000000 0.000000 -1.097561 0.426829 0.243902
30550 0 0.000000 0.000000 0.000000 -1.219512 0.731707 0.000000
30555 0 0.000000 0.000000 0.000000 -0.853659 0.792683 0.060976
30560 0 0.000000 0.000000 0.000000 -0.121951 1.036585 0.000000
30565 0 0.000000 0.000000 0.000000 0.182927 1.036585 -0.121951
30570 0 0.000000 0.000000 0.000000 0.975610 0.914634 0.121951
30575 0 0.000000 0.000000 0.000000 1.951220 1.158537 -0.121951
30580 0 0.000000 0.000000 0.000000 3.475610 1.097561 -0.121951
30585 0 0.000000 0.000000 0.000000 4.878049 0.548781 0.426829
30590 0 0.000000 0.000000 0.000000 5.365854 0.060976 0.487805
30595 0 0.000000 0.000000 0.000000 6.036585 -0.182927 0.670732
30600 0 0.000000 0.000000 0.000000 6.097561 -0.426829 0.426829
30605 0 0.000000 0.000000 0.000000 5.731708 -0.792683 0.000000
30610 0 0.000000 0.000000 0.000000 5.426829 -0.548781 0.121951
30615 0 0.000000 0.000000 0.000000 4.207317 -0.304878 0.121951
30620 0 0.000000 0.000000 0.000000 2.500000 -0.243902 0.304878
30625 0 0.000000 0.000000 0.000000 0.670732 -0.365854 0.548781
30630 0 0.000000 0.000000 0.000000 -1.341463 -0.975610 0.792683
30635 0 0.000000 0.000000 0.000000 -2.195122 -1.280488 0.853659
30640 0 0.000000 0.000000 0.000000 -3.963415 -1.402439 0.426829
30645 0 0.000000 0.000000 0.000000 -5.731708 -1.646341 0.060976
30650 0 0.000000 0.000000 0.000000 -6.280488 -1.097561 0.243902
30655 0 0.000000 0.000000 0.000000 -6.890244 -1.036585 0.243902
30660 0 0.000000 0.000000 0.000000 -7.134147 -1.768293 0.304878
30665 0 0.000000 0.000000 0.000000 -6.890244 -1.585366 0.121951
30670 0 0.000000 0.000000 0.000000 -6.524390 -2.317073 0.060976
30675 0 0.000000 0.000000 0.000000 -5.487805 -3.048780 0.365854
30680 0 0.000000 0.000000 0.000000 -4.390244 -2.682927 0.548781
30685 0 0.000000 0.000000 0.000000 -3.963415 -3.475610 0.731707
30690 0 0.000000 0.000000 0.000000 -3.292683 -2.987805 0.853659
30695 0 0.000000 0.000000 0.000000 -3.048780 -3.048780 0.792683
30700 0 0.000000 0.000000 0.000000 -2.317073 -3.109756 0.426829
30705 0 0.000000 0.000000 0.000000 -1.402439 -2.926829 0.243902
30710 0 0.000000 0.000000 0.000000 -1.890244 -3.597561 0.487805
30715 0 0.000000 0.000000 0.000000 -2.317073 -3.292683 0.548781
30720 0 0.000000 0.000000 0.000000 -2.378049 -2.073171 0.548781
30725 1 0.000000 0.000000 0.000000 -3.414634 -2.317073 0.853659
30730 3 0.000000 0.000000 0.000000 -3.414634 -1.646341 0.243902
30735 4 0.000000 0.000000 0.000000 -3.963415 -1.463415 -0.243902
30740 4 0.000000 0.000000 0.000000 -5.000000 -1.646341 0.060976
30745 6 0.000000 0.000000 0.000000 -5.243903 -0.731707 -0.548781
30750 6 0.000000 0.000000 0.000000 -6.585366 -0.304878 -0.426829
30755 7 0.000000 0.000000 0.000000 -8.292683 0.304878 -0.487805
30760 7 0.000000 0.000000 0.000000 -10.000000 0.609756 -0.670732
30765 7 0.000000 0.000000 0.000000 -11.707317 0.548781 -0.853659
30770 8 0.000000 0.000000 0.000000 -13.170732 0.914634 -1.585366
30775 8 0.000000 0.000000 0.000000 -14.695123 1.036585 -1.890244
30780 8 0.000000 0.000000 0.000000 -16.219513 1.402439 -1.707317
30785 8 0.000000 0.000000 0.000000 -17.560976 1.829268 -1.768293
30790 8 0.000000 0.000000 0.000000 -18.414635 2.195122 -2.317073
30795 8 0.000000 0.000000 0.000000 -18.780489 2.560976 -2.682927
30800 8 0.000000 0.000000 0.000000 -19.451220 2.865854 -2.317073
30805 8 0.000000 0.000000 0.000000 -20.365854 4.024390 -2.134146
30810 8 0.000000 0.000000 0.000000 -20.426830 4.573171 -2.560976
30815 8 0.000000 0.000000 0.000000 -19.695122 3.414634 -2.560976
30820 8 0.000000 0.000000 0.000000 -18.231709 2.865854 -1.829268
30825 8 0.000000 0.000000 0.000000 -16.829269 2.682927 -1.951220
30830 8 0.000000 0.000000 0.000000 -14.451220 2.073171 -1.768293
30835 8 0.000000 0.000000 0.000000 -12.073171 1.646341 -1.524390
30840 8 0.000000 0.000000 0.000000 -11.219512 0.731707 -1.890244
30845 9 0.000000 0.000000 0.000000 -7.926829 0.182927 -1.341463
30850 9 0.000000 0.000000 0.000000 -4.634146 0.426829 -0.609756
30855 9 0.000000 0.000000 0.000000 -2.195122 0.914634 -0.121951
30860 9 0.000000 0.000000 0.000000 -3.475610 -0.609756 -1.280488
30865 9 0.000000 0.000000 0.000000 -2.987805 -0.548781 -0.548781
30870 9 0.000000 0.000000 0.000000 -2.378049 -0.060976 0.243902
30875 9 0.000000 0.000000 0.000000 -2.865854 -0.121951 -0.060976
30880 9 0.000000 0.000000 0.000000 -1.768293 0.670732 -0.426829
30885 9 0.000000 0.000000 0.000000 -2.621951 0.609756 -0.914634
30890 9 0.000000 0.000000 0.000000 -6.402439 -1.341463 -2.256098
30895 9 0.000000 0.000000 0.000000 -9.268292 -2.134146 -1.951220
30900 9 0.000000 0.000000 0.000000 -10.000000 -0.304878 -0.609756
30905 9 0.000000 0.000000 0.000000 -9.878049 -0.060976 -0.914634
30910 9 0.000000 0.000000 0.000000 -9.573171 -0.670732 -1.585366
30915 9 0.000000 0.000000 0.000000 -10.304878 -1.219512 -1.219512
30920 9 0.000000 0.000000 0.000000 -10.426829 -0.548781 0.000000
30925 9 0.000000 0.000000 0.000000 -9.329268 -0.121951 0.000000
30930 9 0.000000 0.000000 0.000000 -7.743903 0.243902 0.000000
30935 9 0.000000 0.000000 0.000000 -5.670732 1.280488 0.243902
30940 9 0.000000 0.000000 0.000000 -5.853659 1.219512 0.304878
30945 9 0.000000 0.000000 0.000000 -3.780488 2.378049 0.548781
30950 9 0.000000 0.000000 0.000000 -2.317073 2.987805 0.609756
30955 9 0.000000 0.000000 0.000000 -2.073171 2.926829 -0.243902
30960 9 0.000000 0.000000 0.000000 -2.378049 2.378049 -0.182927
30965 9 0.000000 0.000000 0.000000 -3.048780 1.951220 -0.731707
30970 9 0.000000 0.000000 0.000000 -4.085366 1.280488 -1.768293
30975 10 0.000000 0.000000 0.000000 -3.658537 1.341463 -2.195122
30980 10 0.000000 0.000000 0.000000 -3.231707 1.402439 -2.804878
30985 10 0.000000 0.000000 0.000000 -3.658537 1.646341 -3.414634
30990 10 0.000000 0.000000 0.000000 -3.536585 2.682927 -2.439024
30995 11 0.000000 0.000000 0.000000 -2.560976 3.597561 -1.646341
31000 11 0.000000 0.000000 0.000000 -5.426829 2.012195 -2.743902
31005 11 0.000000 0.000000 0.000000 -4.085366 3.353659 -1.646341
31010 12 0.000000 0.000000 0.000000 -2.500000 4.878049 -0.670732
31015 12 0.000000 0.000000 0.000000 -3.231707 5.060976 -0.731707
31020 12 0.000000 0.000000 0.000000 -5.792683 4.085366 -1.036585
31025 12 0.000000 0.000000 0.000000 -7.378049 3.353659 -1.036585
31030 13 0.000000 0.000000 0.000000 -8.658537 2.439024 -1.890244
31035 13 0.000000 0.000000 0.000000 -10.000000 1.219512 -2.682927
31040 13 0.000000 0.000000 0.000000 -11.219512 0.182927 -2.439024
31045 13 0.000000 0.000000 0.000000 -10.548780 0.548781 -3.231707
31050 14 0.000000 0.000000 0.000000 -8.841464 1.768293 -3.902439
31055 14 0.000000 0.000000 0.000000 -6.707317 3.353659 -4.024390
31060 14 0.000000 0.000000 0.000000 -6.463415 2.012195 -3.353659
31065 14 0.000000 0.000000 0.000000 -2.926829 1.951220 -3.658537
31070 14 0.000000 0.000000 0.000000 -1.402439 1.829268 -2.804878
31075 15 0.000000 0.000000 0.000000 -3.353659 1.463415 -1.158537
31080 15 0.000000 0.000000 0.000000 -2.987805 2.621951 -1.768293
31085 15 0.000000 0.000000 0.000000 -5.670732 2.012195 -3.231707
31090 15 0.000000 0.000000 0.000000 -4.390244 2.317073 -3.536585
31095 15 0.000000 0.000000 0.000000 -1.463415 3.597561 -2.500000
31100 15 0.000000 0.000000 0.000000 -1.646341 3.780488 -1.646341
31105 15 0.000000 0.000000 0.000000 -6.463415 2.317073 -1.158537
31110 15 0.000000 0.000000 0.000000 -7.256098 2.073171 -0.670732
31115 15 0.000000 0.000000 0.000000 -5.792683 2.743902 -0.243902
31120 15 0.000000 0.000000 0.000000 -6.585366 3.353659 -0.487805
31125 15 0.000000 0.000000 0.000000 -8.780488 2.926829 -1.158537
31130 15 0.000000 0.000000 0.000000 -8.902439 3.353659 -1.585366
31135 15 0.000000 0.000000 0.000000 -7.439024 6.829268 -1.768293
31140 15 0.000000 0.000000 0.000000 -8.597561 10.853659 -3.597561
31145 16 0.000000 0.000000 0.000000 -11.097561 8.658537 -2.256098
31150 16 0.000000 0.000000 0.000000 -14.634147 5.121951 -2.073171
31155 16 0.000000 0.000000 0.000000 -18.658537 3.048780 -3.536585
31160 16 0.000000 0.000000 0.000000 -20.000000 2.195122 -4.207317
31165 16 0.000000 0.000000 0.000000 -18.902439 2.317073 -2.560976
31170 16 0.000000 0.000000 0.000000 -16.646341 4.878049 -2.804878
31175 16 0.000000 0.000000 0.000000 -15.426829 8.231708 -2.134146
31180 16 0.000000 0.000000 0.000000 -16.951220 7.743903 -2.073171
31185 16 0.000000 0.000000 0.000000 -17.926830 4.573171 -3.536585
31190 16 0.000000 0.000000 0.000000 -17.073172 3.841464 -2.682927
31195 16 0.000000 0.000000 0.000000 -14.451220 4.146341 -1.402439
31200 16 0.000000 0.000000 0.000000 -13.414635 4.573171 -1.585366
31205 16 0.000000 0.000000 0.000000 -13.597561 4.085366 -1.219512
31210 16 0.000000 0.000000 0.000000 -10.121951 4.085366 -1.219512
31215 16 0.000000 0.000000 0.000000 -5.365854 7.195122 -1.341463
31220 16 0.000000 0.000000 0.000000 -3.902439 8.414635 -2.500000
31225 16 0.000000 0.000000 0.000000 -6.219512 3.963415 -1.341463
31230 16 0.000000 0.000000 0.000000 -8.048780 1.158537 -0.304878
31235 16 0.000000 0.000000 0.000000 -7.439024 2.682927 0.731707
31240 16 0.000000 0.000000 0.000000 -6.036585 3.536585 -0.182927
31245 16 0.000000 0.000000 0.000000 -7.317073 1.585366 -2.743902
31250 16 0.000000 0.000000 0.000000 -6.585366 0.914634 -1.951220
31255 16 0.000000 0.000000 0.000000 -5.121951 1.036585 -1.036585
31260 16 0.000000 0.000000 0.000000 -4.085366 1.463415 -0.243902
31265 16 0.000000 0.000000 0.000000 -4.634146 2.256098 -0.121951
31270 16 0.000000 0.000000 0.000000 -3.841464 0.914634 0.121951
31275 16 0.000000 0.000000 0.000000 -3.841464 -0.853659 0.182927
31280 16 0.000000 0.000000 0.000000 -3.597561 -0.853659 1.341463
31285 16 0.000000 0.000000 0.000000 -2.134146 1.402439 1.646341
31290 16 0.000000 0.000000 0.000000 -2.987805 1.463415 0.853659
31295 16 0.000000 0.000000 0.000000 -5.548780 0.914634 -1.341463
31300 16 0.000000 0.000000 0.000000 -6.524390 0.000000 -1.890244
31305 17 0.000000 0.000000 0.000000 -3.048780 -0.182927 -0.548781
31310 17 0.000000 0.000000 0.000000 -1.341463 0.853659 -1.219512
31315 17 0.000000 0.000000 0.000000 -0.243902 2.865854 -2.256098
31320 17 0.000000 0.000000 0.000000 0.000000 2.439024 -3.170732
31325 17 0.000000 0.000000 0.000000 -1.707317 0.000000 -2.500000
31330 17 0.000000 0.000000 0.000000 -0.304878 0.609756 -1.524390
31335 18 0.000000 0.000000 0.000000 1.890244 2.804878 -0.731707
31340 18 0.000000 0.000000 0.000000 1.829268 4.085366 -0.792683
31345 18 0.000000 0.000000 0.000000 -0.609756 3.719512 -0.975610
31350 18 0.000000 0.000000 0.000000 -4.146341 2.987805 -1.158537
31355 18 0.000000 0.000000 0.000000 -7.378049 1.707317 -1.890244
31360 18 0.000000 0.000000 0.000000 -8.353659 3.597561 -1.768293
31365 18 0.000000 0.000000 0.000000 -7.743903 9.146341 -1.585366
31370 18 0.000000 0.000000 0.000000 -10.000000 10.609756 -2.804878
31375 18 0.000000 0.000000 0.000000 -9.451220 8.292683 -2.500000
31380 18 0.000000 0.000000 0.000000 -11.158537 4.512195 -0.975610
31385 18 0.000000 0.000000 0.000000 -15.914635 2.560976 -0.548781
31390 18 0.000000 0.000000 0.000000 -14.817074 2.926829 -1.036585
31395 18 0.000000 0.000000 0.000000 -11.219512 3.719512 -2.439024
31400 18 0.000000 0.000000 0.000000 -6.524390 5.304878 -3.353659
31405 19 0.000000 0.000000 0.000000 -2.500000 6.219512 -3.109756
31410 19 0.000000 0.000000 0.000000 -3.353659 5.853659 -3.841464
31415 19 0.000000 0.000000 0.000000 -4.024390 4.268293 -4.207317
31420 20 0.000000 0.000000 0.000000 -3.658537 0.853659 -4.329268
31425 20 0.000000 0.000000 0.000000 -2.560976 -1.890244 -3.719512
31430 20 0.000000 0.000000 0.000000 0.304878 -0.853659 -0.304878
31435 20 0.000000 0.000000 0.000000 0.609756 0.304878 1.707317
31440 21 0.000000 0.000000 0.000000 0.670732 0.914634 2.134146
31445 21 0.000000 0.000000 0.000000 2.926829 1.463415 2.743902
31450 21 0.000000 0.000000 0.000000 2.987805 0.426829 1.158537
31455 21 0.000000 0.000000 0.000000 2.560976 1.341463 0.914634
31460 21 0.000000 0.000000 0.000000 2.256098 2.439024 1.219512
31465 21 0.000000 0.000000 0.000000 0.548781 2.987805 1.829268
31470 21 0.000000 0.000000 0.000000 -2.500000 0.609756 1.768293
31475 21 0.000000 0.000000 0.000000 -5.792683 -0.243902 1.036585
31480 21 0.000000 0.000000 0.000000 -7.195122 2.682927 0.365854
31485 21 0.000000 0.000000 0.000000 -8.353659 3.902439 0.548781
31490 21 0.000000 0.000000 0.000000 -10.121951 4.085366 0.304878
31495 21 0.000000 0.000000 0.000000 -12.256098 4.024390 -0.792683
31500 21 0.000000 0.000000 0.000000 -15.243903 3.292683 -1.646341
31505 21 0.000000 0.000000 0.000000 -16.219513 2.743902 -1.707317
31510 21 0.000000 0.000000 0.000000 -15.670732 3.170732 -1.646341
31515 20 0.000000 0.000000 0.000000 -14.695123 1.829268 -1.585366
31520 20 0.000000 0.000000 0.000000 -14.268293 1.036585 -1.951220
31525 20 0.000000 0.000000 0.000000 -12.804878 2.621951 -2.804878
31530 20 0.000000 0.000000 0.000000 -9.207317 4.634146 -3.780488
31535 20 0.000000 0.000000 0.000000 -4.024390 4.756098 -2.682927
31540 21 0.000000 0.000000 0.000000 1.219512 4.024390 -0.182927
31545 21 0.000000 0.000000 0.000000 3.048780 3.841464 0.121951
31550 21 0.000000 0.000000 0.000000 3.536585 2.195122 -3.536585
31555 20 0.000000 0.000000 0.000000 6.219512 3.048780 -2.987805
31560 20 0.000000 0.000000 0.000000 9.573171 4.817073 1.829268
31565 20 0.000000 0.000000 0.000000 9.817074 3.780488 3.292683
31570 20 0.000000 0.000000 0.000000 7.317073 0.060976 0.365854
31575 20 0.000000 0.000000 0.000000 7.256098 -0.975610 -0.304878
31580 20 0.000000 0.000000 0.000000 8.536586 -0.487805 1.463415
31585 21 0.000000 0.000000 0.000000 7.256098 -1.646341 2.073171
31590 21 0.000000 0.000000 0.000000 4.939024 -3.353659 0.304878
31595 20 0.000000 0.000000 0.000000 3.170732 -2.378049 -0.609756
31600 20 0.000000 0.000000 0.000000 3.109756 1.036585 -1.402439
31605 20 0.000000 0.000000 0.000000 3.475610 4.207317 -2.865854
31610 20 0.000000 0.000000 0.000000 3.109756 3.597561 -3.536585
31615 20 0.000000 0.000000 0.000000 7.073171 -0.243902 -3.536585
31620 21 0.000000 0.000000 0.000000 14.146341 -3.902439 -3.780488
31625 20 0.000000 0.000000 0.000000 18.475611 -6.585366 -4.573171
31630 20 0.000000 0.000000 0.000000 18.231709 -7.560976 -4.634146
31635 21 0.000000 0.000000 0.000000 21.036587 -5.243903 -5.182927
31640 20 0.000000 0.000000 0.000000 28.048780 -1.707317 -5.670732
31645 21 0.000000 0.000000 0.000000 33.414635 -0.792683 -6.280488
31650 21 0.000000 0.000000 0.000000 37.378048 -2.621951 -8.414635
31655 20 0.000000 0.000000 0.000000 41.463417 -2.926829 -8.963415
31660 20 0.000000 0.000000 0.000000 45.243904 -3.597561 -7.012195
31665 20 0.000000 0.000000 0.000000 50.182926 -8.048780 -5.914634
31670 20 0.000000 0.000000 0.000000 55.060978 -11.707317 -4.146341
31675 20 0.000000 0.000000 0.000000 57.195122 -13.902439 -4.329268
31680 20 0.000000 0.000000 0.000000 61.463417 -15.609756 -9.634147
31685 20 0.000000 0.000000 0.000000 68.780487 -15.365854 -15.426829
31690 20 0.000000 0.000000 0.000000 70.914635 -17.621952 -17.439024
31695 20 0.000000 0.000000 0.000000 59.451221 -30.365854 -10.487805
31700 20 0.000000 0.000000 0.000000 49.573174 -40.000000 1.524390
31705 20 0.000000 0.000000 0.000000 47.073174 -29.207317 3.292683
31710 20 0.000000 0.000000 0.000000 36.158539 -22.378050 8.292683
31715 20 0.000000 0.000000 0.000000 12.439025 -38.658539 11.524390
31720 20 0.000000 0.000000 0.000000 -13.963415 -74.146339 3.963415
31725 20 0.000000 0.000000 0.000000 -36.707317 -115.243904 3.048780
31730 20 0.000000 0.000000 0.000000 -44.329269 -138.292679 4.573171
31735 20 0.000000 0.000000 0.000000 -41.707317 -144.817078 -0.304878
31740 20 0.000000 0.000000 0.000000 -43.780487 -131.280487 -29.512196
31745 20 0.000000 0.000000 0.000000 -36.890244 -124.146347 -61.219513
31750 20 0.000000 0.000000 0.000000 -16.341463 -118.231712 -78.231712
31755 20 0.000000 0.000000 0.000000 4.695122 -111.280487 -80.060974
31760 20 0.000000 0.000000 0.000000 27.073172 -82.073174 -76.768295
31765 20 0.000000 0.000000 0.000000 64.695122 -35.792683 -71.158539
31770 20 0.000000 0.000000 0.000000 96.463417 0.182927 -63.841465
31775 20 0.000000 0.000000 0.000000 99.573174 1.768293 -49.573174
31780 20 0.000000 0.000000 0.000000 98.475609 -21.524391 -22.500000
31785 20 0.000000 0.000000 0.000000 107.500000 -18.231709 -6.829268
31790 20 0.000000 0.000000 0.000000 106.829269 -3.780488 -1.951220
31795 21 0.000000 0.000000 0.000000 99.817078 2.256098 1.463415
31800 20 0.000000 0.000000 0.000000 94.878052 3.719512 7.743903
31805 20 0.000000 0.000000 0.000000 94.085365 -1.158537 14.695123
31810 20 0.000000 0.000000 0.000000 91.585365 -4.085366 14.085366
31815 20 0.000000 0.000000 0.000000 80.792686 -5.670732 7.987805
31820 20 0.000000 0.000000 0.000000 69.024391 -10.853659 -0.426829
31825 20 0.000000 0.000000 0.000000 58.231709 -11.463415 -2.926829
31830 20 0.000000 0.000000 0.000000 44.573174 -7.621952 -1.646341
31835 20 0.000000 0.000000 0.000000 28.780489 -3.536585 -4.878049
31840 20 0.000000 0.000000 0.000000 12.926829 -0.426829 -12.621951
31845 20 0.000000 0.000000 0.000000 5.426829 -4.329268 -15.426829
31850 20 0.000000 0.000000 0.000000 0.365854 -11.097561 -15.548780
31855 20 0.000000 0.000000 0.000000 -5.426829 -13.353659 -14.695123
31860 20 0.000000 0.000000 0.000000 -12.743903 -14.390244 -13.353659
31865 20 0.000000 0.000000 0.000000 -11.524390 -15.609756 -16.768293
31870 20 0.000000 0.000000 0.000000 -2.804878 -15.365854 -18.292683
31875 20 0.000000 0.000000 0.000000 2.256098 -17.560976 -17.926830
31880 20 0.000000 0.000000 0.000000 7.987805 -19.573172 -19.451220
31885 21 0.000000 0.000000 0.000000 13.292684 -21.036587 -15.487805
31890 21 0.000000 0.000000 0.000000 15.060976 -19.512196 -12.500000
31895 20 0.000000 0.000000 0.000000 13.597561 -11.524390 -15.243903
31900 20 0.000000 0.000000 0.000000 11.890244 -9.085366 -12.621951
31905 21 0.000000 0.000000 0.000000 16.402439 -6.219512 -9.329268
31910 21 0.000000 0.000000 0.000000 17.195122 -4.329268 -8.780488
31915 20 0.000000 0.000000 0.000000 11.524390 -4.451220 -12.804878
31920 20 0.000000 0.000000 0.000000 7.560976 -3.414634 -17.195122
31925 20 0.000000 0.000000 0.000000 12.256098 -3.292683 -11.524390
31930 20 0.000000 0.000000 0.000000 17.378050 -3.109756 -6.890244
31935 20 0.000000 0.000000 0.000000 19.634148 -6.646342 -7.560976
31940 20 0.000000 0.000000 0.000000 21.707317 -11.036586 -7.500000
31945 20 0.000000 0.000000 0.000000 22.865854 -7.987805 -7.926829
31950 20 0.000000 0.000000 0.000000 22.865854 -4.207317 -6.768293
31955 20 0.000000 0.000000 0.000000 19.146341 -7.439024 -8.597561
31960 20 0.000000 0.000000 0.000000 17.195122 -11.158537 -12.012196
31965 20 0.000000 0.000000 0.000000 20.670732 -7.987805 -9.207317
31970 20 0.000000 0.000000 0.000000 21.951220 -4.573171 -4.939024
31975 20 0.000000 0.000000 0.000000 19.451220 -4.634146 -2.987805
31980 20 0.000000 0.000000 0.000000 17.439024 -6.524390 -0.243902
31985 20 0.000000 0.000000 0.000000 18.231709 -5.060976 -0.914634
31990 20 0.000000 0.000000 0.000000 20.304878 -2.317073 0.182927
31995 20 0.000000 0.000000 0.000000 17.987804 -1.402439 -1.951220
32000 20 0.000000 0.000000 0.000000 13.109756 -1.280488 -8.231708
32005 20 0.000000 0.000000 0.000000 11.402439 -1.768293 -8.536586
32010 20 0.000000 0.000000 0.000000 9.573171 -4.207317 -4.756098
32015 20 0.000000 0.000000 0.000000 6.524390 -8.292683 -3.719512
32020 20 0.000000 0.000000 0.000000 8.414635 -9.573171 -2.987805
32025 20 0.000000 0.000000 0.000000 12.865854 -6.646342 -1.646341
32030 20 0.000000 0.000000 0.000000 12.621951 -6.768293 -4.085366
32035 20 0.000000 0.000000 0.000000 12.865854 -8.719512 -6.524390
32040 20 0.000000 0.000000 0.000000 14.939025 -8.780488 -7.012195
32045 20 0.000000 0.000000 0.000000 15.243903 -8.353659 -5.792683
32050 21 0.000000 0.000000 0.000000 16.219513 -7.439024 -5.182927
32055 21 0.000000 0.000000 0.000000 18.109756 -5.304878 -4.390244
32060 21 0.000000 0.000000 0.000000 17.804878 -3.414634 -7.195122
32065 21 0.000000 0.000000 0.000000 13.048780 -1.951220 -10.365854
32070 20 0.000000 0.000000 0.000000 12.256098 0.487805 -8.597561
32075 20 0.000000 0.000000 0.000000 11.768293 0.121951 -7.317073
32080 20 0.000000 0.000000 0.000000 10.000000 -3.597561 -8.292683
32085 20 0.000000 0.000000 0.000000 7.987805 -8.231708 -6.829268
32090 21 0.000000 0.000000 0.000000 7.682927 -9.756098 -5.487805
32095 20 0.000000 0.000000 0.000000 10.731708 -6.707317 -3.902439
32100 21 0.000000 0.000000 0.000000 9.024390 -5.243903 -0.670732
32105 21 0.000000 0.000000 0.000000 6.646342 -3.780488 -2.378049
32110 20 0.000000 0.000000 0.000000 5.853659 -5.853659 -4.329268
32115 20 0.000000 0.000000 0.000000 6.219512 -8.292683 -3.353659
32120 21 0.000000 0.000000 0.000000 8.841464 -7.195122 -2.560976
32125 21 0.000000 0.000000 0.000000 9.268292 -6.890244 -3.231707
32130 20 0.000000 0.000000 0.000000 6.463415 -5.487805 -3.963415
32135 20 0.000000 0.000000 0.000000 4.329268 -2.073171 -3.170732
32140 20 0.000000 0.000000 0.000000 2.134146 0.731707 -1.585366
32145 20 0.000000 0.000000 0.000000 0.975610 2.804878 -1.158537
32150 20 0.000000 0.000000 0.000000 0.792683 3.353659 -3.475610
32155 20 0.000000 0.000000 0.000000 0.304878 0.670732 -2.804878
32160 21 0.000000 0.000000 0.000000 3.292683 0.365854 -2.256098
32165 21 0.000000 0.000000 0.000000 7.378049 0.121951 -3.780488
32170 21 0.000000 0.000000 0.000000 7.926829 -2.865854 -5.060976
32175 21 0.000000 0.000000 0.000000 10.121951 -6.097561 -7.560976
32180 20 0.000000 0.000000 0.000000 13.963415 -5.914634 -8.109756
32185 20 0.000000 0.000000 0.000000 14.817074 -6.768293 -6.829268
32190 21 0.000000 0.000000 0.000000 13.780488 -8.780488 -5.426829
32195 21 0.000000 0.000000 0.000000 14.756098 -7.134147 -2.195122
32200 21 0.000000 0.000000 0.000000 14.817074 -4.451220 1.402439
32205 21 0.000000 0.000000 0.000000 12.560976 -2.987805 1.707317
32210 21 0.000000 0.000000 0.000000 9.512196 -1.768293 -1.402439
32215 21 0.000000 0.000000 0.000000 8.963415 1.585366 -1.524390
32220 21 0.000000 0.000000 0.000000 9.451220 5.060976 0.609756
32225 21 0.000000 0.000000 0.000000 8.048780 4.878049 -0.609756
32230 21 0.000000 0.000000 0.000000 8.292683 2.865854 -1.341463
32235 21 0.000000 0.000000 0.000000 7.439024 -0.975610 -0.731707
32240 21 0.000000 0.000000 0.000000 9.207317 -3.414634 -0.548781
32245 21 0.000000 0.000000 0.000000 10.670732 -3.963415 -0.426829
32250 21 0.000000 0.000000 0.000000 7.743903 -3.109756 -1.829268
32255 21 0.000000 0.000000 0.000000 5.792683 -0.670732 -1.402439
32260 21 0.000000 0.000000 0.000000 5.304878 1.036585 0.182927
32265 21 0.000000 0.000000 0.000000 2.439024 1.585366 -1.280488
32270 21 0.000000 0.000000 0.000000 -0.914634 0.975610 -3.475610
32275 21 0.000000 0.000000 0.000000 -2.987805 -1.585366 -3.109756
32280 21 0.000000 0.000000 0.000000 -4.207317 -2.195122 -1.280488
32285 21 0.000000 0.000000 0.000000 -5.000000 -2.439024 -0.731707
32290 21 0.000000 0.000000 0.000000 -3.475610 -3.963415 -1.341463
32295 21 0.000000 0.000000 0.000000 -3.597561 -5.060976 -1.036585
32300 21 0.000000 0.000000 0.000000 -4.756098 -6.219512 -0.792683
32305 21 0.000000 0.000000 0.000000 -2.012195 -7.012195 -0.731707
32310 21 0.000000 0.000000 0.000000 2.134146 -5.975610 -2.317073
32315 21 0.000000 0.000000 0.000000 3.414634 -6.707317 -2.317073
32320 21 0.000000 0.000000 0.000000 1.890244 -7.987805 -1.402439
32325 21 0.000000 0.000000 0.000000 3.353659 -7.317073 -1.951220
32330 21 0.000000 0.000000 0.000000 5.731708 -5.853659 -3.719512
32335 21 0.000000 0.000000 0.000000 6.280488 -5.487805 -2.500000
32340 21 0.000000 0.000000 0.000000 5.304878 -6.524390 0.182927
32345 21 0.000000 0.000000 0.000000 6.341464 -5.000000 -0.609756
32350 21 0.000000 0.000000 0.000000 6.951220 -2.073171 -2.865854
32355 21 0.000000 0.000000 0.000000 7.865854 -2.134146 -2.439024
32360 21 0.000000 0.000000 0.000000 8.109756 -3.048780 -0.365854
32365 21 0.000000 0.000000 0.000000 7.256098 -1.829268 0.182927
32370 21 0.000000 0.000000 0.000000 5.731708 -0.426829 0.182927
32375 21 0.000000 0.000000 0.000000 4.939024 1.402439 1.585366
32380 21 0.000000 0.000000 0.000000 3.902439 2.012195 2.804878
32385 21 0.000000 0.000000 0.000000 3.963415 1.585366 2.500000
32390 21 0.000000 0.000000 0.000000 3.353659 1.524390 -0.060976
32395 21 0.000000 0.000000 0.000000 3.719512 2.317073 0.121951
32400 21 0.000000 0.000000 0.000000 5.121951 2.317073 1.158537
32405 21 0.000000 0.000000 0.000000 5.060976 -1.036585 0.548781
32410 21 0.000000 0.000000 0.000000 2.865854 -5.670732 -3.719512
32415 21 0.000000 0.000000 0.000000 3.963415 -6.707317 -4.207317
32420 21 0.000000 0.000000 0.000000 5.914634 -5.426829 -2.500000
32425 21 0.000000 0.000000 0.000000 7.012195 -5.548780 -2.621951
32430 21 0.000000 0.000000 0.000000 6.036585 -6.463415 -3.597561
32435 21 0.000000 0.000000 0.000000 5.670732 -6.463415 -2.560976
32440 21 0.000000 0.000000 0.000000 5.853659 -4.634146 -1.951220
32445 21 0.000000 0.000000 0.000000 2.560976 -2.987805 -1.402439
32450 21 0.000000 0.000000 0.000000 1.463415 -1.585366 -1.585366
32455 21 0.000000 0.000000 0.000000 1.646341 -0.121951 0.182927
32460 21 0.000000 0.000000 0.000000 0.000000 1.158537 0.000000
32465 21 0.000000 0.000000 0.000000 0.853659 0.243902 -0.670732
32470 21 0.000000 0.000000 0.000000 1.402439 0.670732 -1.463415
32475 21 0.000000 0.000000 0.000000 1.036585 1.036585 -1.768293
32480 21 0.000000 0.000000 0.000000 -0.792683 -0.914634 -3.109756
32485 21 0.000000 0.000000 0.000000 1.036585 -1.280488 -3.719512
32490 21 0.000000 0.000000 0.000000 2.012195 -1.219512 -3.536585
32495 21 0.000000 0.000000 0.000000 4.573171 -0.975610 -4.695122
32500 21 0.000000 0.000000 0.000000 4.878049 -2.378049 -6.280488
32505 21 0.000000 0.000000 0.000000 4.146341 -2.256098 -5.670732
32510 21 0.000000 0.000000 0.000000 2.865854 -0.609756 -3.109756
32515 21 0.000000 0.000000 0.000000 3.353659 0.853659 -2.865854
32520 21 0.000000 0.000000 0.000000 2.073171 0.670732 -3.109756
32525 21 0.000000 0.000000 0.000000 0.365854 1.585366 -1.951220
32530 21 0.000000 0.000000 0.000000 -0.060976 1.280488 -1.158537
32535 21 0.000000 0.000000 0.000000 -0.304878 1.707317 -0.060976
32540 21 0.000000 0.000000 0.000000 -0.792683 0.853659 0.670732
32545 21 0.000000 0.000000 0.000000 -0.487805 0.365854 0.975610
32550 21 0.000000 0.000000 0.000000 0.304878 -0.975610 0.365854
32555 21 0.000000 0.000000 0.000000 0.426829 -0.243902 2.134146
32560 21 0.000000 0.000000 0.000000 0.731707 0.365854 4.634146
32565 21 0.000000 0.000000 0.000000 2.439024 -0.914634 3.597561
32570 21 0.000000 0.000000 0.000000 5.121951 -2.987805 0.487805
32575 21 0.000000 0.000000 0.000000 5.670732 -3.780488 1.768293
32580 21 0.000000 0.000000 0.000000 5.792683 -3.414634 4.451220
32585 21 0.000000 0.000000 0.000000 6.463415 -3.597561 3.902439
32590 21 0.000000 0.000000 0.000000 7.804878 -3.902439 0.548781
32595 21 0.000000 0.000000 0.000000 6.707317 -3.170732 1.036585
32600 21 0.000000 0.000000 0.000000 4.695122 0.000000 1.829268
32605 21 0.000000 0.000000 0.000000 4.390244 0.000000 3.597561
32610 22 0.000000 0.000000 0.000000 5.365854 -0.548781 2.317073
32615 22 0.000000 0.000000 0.000000 5.243903 -1.524390 2.073171
32620 22 0.000000 0.000000 0.000000 5.182927 -2.378049 1.890244
32625 22 0.000000 0.000000 0.000000 5.792683 -1.890244 0.243902
32630 22 0.000000 0.000000 0.000000 5.792683 -0.609756 0.426829
32635 23 0.000000 0.000000 0.000000 1.036585 -2.134146 -0.975610
32640 23 0.000000 0.000000 0.000000 -2.195122 -3.963415 -2.926829
32645 23 0.000000 0.000000 0.000000 0.548781 -3.231707 -2.012195
32650 23 0.000000 0.000000 0.000000 2.682927 -2.865854 -0.426829
32655 23 0.000000 0.000000 0.000000 2.012195 -3.231707 -0.853659
32660 23 0.000000 0.000000 0.000000 0.365854 -3.780488 -1.463415
32665 23 0.000000 0.000000 0.000000 0.548781 -3.719512 -1.707317
32670 23 0.000000 0.000000 0.000000 0.121951 -2.987805 -0.792683
32675 23 0.000000 0.000000 0.000000 0.182927 -1.768293 -0.548781
32680 23 0.000000 0.000000 0.000000 0.487805 -0.731707 -1.951220
32685 23 0.000000 0.000000 0.000000 -1.280488 -0.426829 -1.951220
32690 23 0.000000 0.000000 0.000000 -3.170732 -2.073171 -1.524390
32695 23 0.000000 0.000000 0.000000 -3.109756 -1.951220 -1.646341
32700 23 0.000000 0.000000 0.000000 -2.500000 -2.804878 -1.219512
32705 23 0.000000 0.000000 0.000000 -4.756098 -3.658537 -0.792683
32710 23 0.000000 0.000000 0.000000 -5.548780 -3.719512 -0.914634
32715 23 0.000000 0.000000 0.000000 -5.670732 -4.207317 -0.487805
32720 23 0.000000 0.000000 0.000000 -7.378049 -4.939024 0.426829
32725 23 0.000000 0.000000 0.000000 -7.621952 -4.634146 0.182927
32730 23 0.000000 0.000000 0.000000 -8.231708 -4.085366 -1.341463
32735 23 0.000000 0.000000 0.000000 -10.304878 -4.756098 0.060976
32740 23 0.000000 0.000000 0.000000 -13.475610 -5.000000 3.292683
32745 23 0.000000 0.000000 0.000000 -12.804878 -4.146341 3.414634
32750 23 0.000000 0.000000 0.000000 -10.426829 -3.109756 1.341463
32755 23 0.000000 0.000000 0.000000 -8.414635 -0.792683 2.804878
32760 23 0.000000 0.000000 0.000000 -6.829268 1.768293 2.682927
32765 23 0.000000 0.000000 0.000000 -5.792683 1.036585 0.792683
32770 23 0.000000 0.000000 0.000000 -4.939024 -0.487805 -0.792683
32775 23 0.000000 0.000000 0.000000 -3.963415 -1.158537 -2.256098
32780 23 0.000000 0.000000 0.000000 -4.085366 -3.170732 -3.902439
32785 23 0.000000 0.000000 0.000000 -4.817073 -4.024390 -2.865854
32790 23 0.000000 0.000000 0.000000 -4.512195 -2.743902 -1.463415
32795 23 0.000000 0.000000 0.000000 -4.695122 -3.292683 -0.121951
32800 23 0.000000 0.000000 0.000000 -6.158537 -4.146341 3.292683
32805 23 0.000000 0.000000 0.000000 -4.512195 -0.792683 5.000000
32810 23 0.000000 0.000000 0.000000 -2.256098 1.341463 3.109756
32815 23 0.000000 0.000000 0.000000 -1.097561 2.378049 4.878049
32820 23 0.000000 0.000000 0.000000 0.182927 2.682927 9.573171
32825 24 0.000000 0.000000 0.000000 0.304878 1.890244 8.475610
32830 24 0.000000 0.000000 0.000000 0.000000 1.280488 3.780488
32835 24 0.000000 0.000000 0.000000 0.365854 1.524390 4.268293
32840 24 0.000000 0.000000 0.000000 -0.304878 2.317073 4.878049
32845 24 0.000000 0.000000 0.000000 -2.134146 1.280488 3.170732
32850 24 0.000000 0.000000 0.000000 -3.536585 0.731707 1.402439
32855 25 0.000000 0.000000 0.000000 -4.512195 0.060976 0.792683
32860 25 0.000000 0.000000 0.000000 -7.439024 -1.341463 -1.646341
32865 25 0.000000 0.000000 0.000000 -7.926829 -2.378049 -3.292683
32870 25 0.000000 0.000000 0.000000 -6.768293 -3.231707 -2.621951
32875 25 0.000000 0.000000 0.000000 -6.585366 -3.475610 -2.987805
32880 25 0.000000 0.000000 0.000000 -5.060976 -3.719512 -5.000000
32885 25 0.000000 0.000000 0.000000 -4.451220 -1.402439 -3.841464
32890 25 0.000000 0.000000 0.000000 -5.548780 0.792683 -0.792683
32895 25 0.000000 0.000000 0.000000 -3.902439 2.378049 -0.914634
32900 26 0.000000 0.000000 0.000000 -1.402439 4.146341 -1.890244
32905 26 0.000000 0.000000 0.000000 -5.365854 1.585366 -0.975610
32910 26 0.000000 0.000000 0.000000 -9.146341 -2.134146 -1.097561
32915 26 0.000000 0.000000 0.000000 -11.341464 -3.902439 -1.646341
32920 26 0.000000 0.000000 0.000000 -15.792684 -5.243903 0.792683
32925 26 0.000000 0.000000 0.000000 -14.634147 -6.280488 1.951220
32930 26 0.000000 0.000000 0.000000 -11.890244 -7.682927 1.036585
32935 26 0.000000 0.000000 0.000000 -11.280488 -8.109756 1.951220
32940 26 0.000000 0.000000 0.000000 -11.036586 -6.707317 4.268293
32945 26 0.000000 0.000000 0.000000 -13.597561 -7.195122 2.378049
32950 26 0.000000 0.000000 0.000000 -15.426829 -6.890244 0.548781
32955 26 0.000000 0.000000 0.000000 -18.475611 -5.548780 0.000000
32960 26 0.000000 0.000000 0.000000 -20.365854 -3.536585 -0.060976
32965 26 0.000000 0.000000 0.000000 -18.414635 -3.109756 -1.280488
32970 26 0.000000 0.000000 0.000000 -17.134148 -4.268293 -0.426829
32975 26 0.000000 0.000000 0.000000 -17.073172 -6.219512 -4.207317
32980 26 0.000000 0.000000 0.000000 -16.585365 -7.073171 -6.707317
32985 26 0.000000 0.000000 0.000000 -12.439025 -4.268293 0.304878
32990 26 0.000000 0.000000 0.000000 -10.182927 -3.048780 3.902439
32995 26 0.000000 0.000000 0.000000 -12.195122 -3.475610 -1.097561
33000 26 0.000000 0.000000 0.000000 -17.804878 -3.109756 -11.707317
33005 26 0.000000 0.000000 0.000000 -18.292683 1.646341 -6.402439
33010 26 0.000000 0.000000 0.000000 -13.963415 5.975610 2.500000
33015 26 0.000000 0.000000 0.000000 -9.085366 5.975610 6.951220
33020 26 0.000000 0.000000 0.000000 -6.402439 1.280488 7.256098
33025 26 0.000000 0.000000 0.000000 -8.109756 -4.329268 1.890244
33030 26 0.000000 0.000000 0.000000 -10.914635 -4.878049 -3.109756
33035 26 0.000000 0.000000 0.000000 -9.451220 -0.853659 2.256098
33040 26 0.000000 0.000000 0.000000 -2.256098 5.731708 16.097561
33045 26 0.000000 0.000000 0.000000 -1.585366 5.792683 12.621951
33050 26 0.000000 0.000000 0.000000 -4.146341 1.036585 2.073171
33055 26 0.000000 0.000000 0.000000 -7.012195 -4.146341 -2.073171
33060 26 0.000000 0.000000 0.000000 -9.390244 -5.609756 -4.817073
33065 26 0.000000 0.000000 0.000000 -7.560976 -2.743902 -2.256098
33070 26 0.000000 0.000000 0.000000 -7.378049 -0.121951 2.134146
33075 26 0.000000 0.000000 0.000000 -8.597561 1.646341 0.731707
33080 26 0.000000 0.000000 0.000000 -10.060976 1.585366 -6.402439
33085 26 0.000000 0.000000 0.000000 -10.548780 0.426829 -4.756098
33090 26 0.000000 0.000000 0.000000 -9.512196 0.304878 -1.341463
33095 26 0.000000 0.000000 0.000000 -6.341464 0.548781 4.146341
33100 26 0.000000 0.000000 0.000000 -1.707317 2.134146 14.146341
33105 26 0.000000 0.000000 0.000000 -2.987805 2.256098 11.524390
33110 26 0.000000 0.000000 0.000000 -6.341464 2.134146 4.207317
33115 26 0.000000 0.000000 0.000000 -10.426829 -0.243902 -2.317073
33120 26 0.000000 0.000000 0.000000 -13.780488 -3.170732 -6.341464
33125 26 0.000000 0.000000 0.000000 -10.670732 -2.012195 -2.804878
33130 26 0.000000 0.000000 0.000000 -7.317073 0.548781 0.792683
33135 26 0.000000 0.000000 0.000000 -6.402439 2.621951 -0.426829
33140 26 0.000000 0.000000 0.000000 -7.682927 2.743902 -5.975610
33145 26 0.000000 0.000000 0.000000 -9.451220 0.304878 -6.280488
33150 26 0.000000 0.000000 0.000000 -8.231708 -0.487805 -3.048780
33155 26 0.000000 0.000000 0.000000 -5.975610 0.304878 1.646341
33160 26 0.000000 0.000000 0.000000 -3.536585 2.256098 10.853659
33165 26 0.000000 0.000000 0.000000 -4.756098 1.646341 3.597561
33170 26 0.000000 0.000000 0.000000 -6.829268 1.341463 -3.536585
33175 26 0.000000 0.000000 0.000000 -7.987805 1.341463 -2.439024
33180 26 0.000000 0.000000 0.000000 -10.243902 -2.500000 -6.951220
33185 26 0.000000 0.000000 0.000000 -8.963415 -3.109756 -7.073171
33190 26 0.000000 0.000000 0.000000 -6.646342 -1.951220 -4.390244
33195 26 0.000000 0.000000 0.000000 -5.975610 0.000000 -2.560976
33200 26 0.000000 0.000000 0.000000 -7.926829 2.682927 -3.170732
33205 26 0.000000 0.000000 0.000000 -10.792684 0.487805 -4.634146
33210 26 0.000000 0.000000 0.000000 -11.158537 -0.975610 -4.146341
33215 26 0.000000 0.000000 0.000000 -10.792684 -1.402439 0.304878
33220 26 0.000000 0.000000 0.000000 -8.902439 -1.219512 11.036586
33225 26 0.000000 0.000000 0.000000 -5.121951 0.670732 12.012196
33230 26 0.000000 0.000000 0.000000 -4.329268 2.865854 7.682927
33235 26 0.000000 0.000000 0.000000 -5.670732 2.804878 0.609756
33240 26 0.000000 0.000000 0.000000 -7.378049 -0.609756 -9.695122
33245 26 0.000000 0.000000 0.000000 -6.646342 -2.560976 -8.353659
33250 26 0.000000 0.000000 0.000000 -4.634146 -3.719512 -4.817073
33255 26 0.000000 0.000000 0.000000 -3.170732 -1.707317 -0.731707
33260 26 0.000000 0.000000 0.000000 -2.073171 2.134146 5.243903
33265 26 0.000000 0.000000 0.000000 -3.170732 1.768293 3.414634
33270 26 0.000000 0.000000 0.000000 -3.658537 0.548781 1.341463
33275 26 0.000000 0.000000 0.000000 -6.463415 -1.829268 -0.060976
33280 26 0.000000 0.000000 0.000000 -11.646341 -5.365854 -0.914634
33285 26 0.000000 0.000000 0.000000 -8.475610 -2.012195 1.524390
33290 26 0.000000 0.000000 0.000000 -4.817073 1.341463 3.109756
33295 26 0.000000 0.000000 0.000000 -0.121951 2.073171 2.439024
33300 26 0.000000 0.000000 0.000000 6.402439 1.219512 -0.487805
33305 26 0.000000 0.000000 0.000000 2.317073 -1.158537 -2.073171
33310 26 0.000000 0.000000 0.000000 -2.926829 -1.646341 -0.853659
33315 26 0.000000 0.000000 0.000000 -5.121951 -1.951220 1.036585
33320 26 0.000000 0.000000 0.000000 -5.182927 -1.585366 4.146341
33325 26 0.000000 0.000000 0.000000 -2.073171 0.000000 5.487805
33330 26 0.000000 0.000000 0.000000 -1.219512 0.609756 4.329268
33335 26 0.000000 0.000000 0.000000 0.731707 -0.426829 0.975610
33340 26 0.000000 0.000000 0.000000 4.268293 -3.109756 -3.048780
33345 26 0.000000 0.000000 0.000000 2.012195 -2.926829 -1.890244
33350 26 0.000000 0.000000 0.000000 -2.134146 -1.402439 0.060976
33355 26 0.000000 0.000000 0.000000 -4.146341 0.853659 4.268293
33360 26 0.000000 0.000000 0.000000 -4.390244 3.780488 9.756098
33365 26 0.000000 0.000000 0.000000 -6.097561 2.865854 8.353659
33370 26 0.000000 0.000000 0.000000 -9.146341 2.804878 6.341464
33375 26 0.000000 0.000000 0.000000 -9.634147 0.792683 3.963415
33380 26 0.000000 0.000000 0.000000 -5.975610 -2.134146 1.524390
33385 26 0.000000 0.000000 0.000000 -3.719512 -0.304878 3.963415
33390 26 0.000000 0.000000 0.000000 -4.268293 1.402439 5.487805
33395 26 0.000000 0.000000 0.000000 -4.085366 1.646341 6.829268
33400 26 0.000000 0.000000 0.000000 -2.560976 3.841464 8.597561
33405 26 0.000000 0.000000 0.000000 -4.329268 4.329268 6.829268
33410 26 0.000000 0.000000 0.000000 -4.024390 4.268293 4.512195
33415 26 0.000000 0.000000 0.000000 -0.121951 2.012195 2.621951
33420 26 0.000000 0.000000 0.000000 6.402439 -0.365854 1.951220
33425 26 0.000000 0.000000 0.000000 11.219512 0.243902 4.390244
33430 26 0.000000 0.000000 0.000000 11.768293 -0.365854 3.170732
33435 26 0.000000 0.000000 0.000000 10.609756 0.548781 1.585366
33440 26 0.000000 0.000000 0.000000 8.231708 3.597561 0.060976
33445 26 0.000000 0.000000 0.000000 4.878049 1.463415 -3.292683
33450 26 0.000000 0.000000 0.000000 4.146341 -1.829268 -4.146341
33455 26 0.000000 0.000000 0.000000 5.548780 -3.475610 -0.243902
33460 26 0.000000 0.000000 0.000000 8.353659 -3.109756 7.682927
33465 26 0.000000 0.000000 0.000000 8.597561 1.341463 9.573171
33470 26 0.000000 0.000000 0.000000 5.121951 4.024390 8.170732
33475 26 0.000000 0.000000 0.000000 1.280488 5.609756 4.085366
33480 26 0.000000 0.000000 0.000000 -3.658537 6.646342 -5.000000
33485 26 0.000000 0.000000 0.000000 -7.317073 3.414634 -5.853659
33490 26 0.000000 0.000000 0.000000 -7.195122 1.036585 -3.170732
33495 26 0.000000 0.000000 0.000000 -6.829268 1.219512 3.353659
33500 26 0.000000 0.000000 0.000000 -7.804878 4.268293 12.865854
33505 26 0.000000 0.000000 0.000000 -6.768293 6.097561 6.951220
33510 26 0.000000 0.000000 0.000000 -4.939024 5.000000 -0.487805
33515 26 0.000000 0.000000 0.000000 -3.841464 3.963415 -5.731708
33520 26 0.000000 0.000000 0.000000 -3.597561 3.475610 -12.195122
33525 26 0.000000 0.000000 0.000000 -5.853659 2.439024 -8.231708
33530 26 0.000000 0.000000 0.000000 -6.280488 2.500000 -3.475610
33535 26 0.000000 0.000000 0.000000 -8.780488 2.134146 -1.768293
33540 26 0.000000 0.000000 0.000000 -12.987805 1.280488 -1.036585
33545 26 0.000000 0.000000 0.000000 -9.756098 2.317073 -2.378049
33550 26 0.000000 0.000000 0.000000 -7.682927 4.207317 -4.085366
33555 26 0.000000 0.000000 0.000000 -4.756098 5.487805 -3.658537
33560 26 0.000000 0.000000 0.000000 0.487805 6.463415 -2.195122
33565 26 0.000000 0.000000 0.000000 -3.048780 5.853659 -4.390244
33570 26 0.000000 0.000000 0.000000 -5.792683 5.304878 -4.207317
33575 26 0.000000 0.000000 0.000000 -6.890244 4.451220 -5.487805
33580 26 0.000000 0.000000 0.000000 -10.426829 2.804878 -10.914635
33585 26 0.000000 0.000000 0.000000 -8.475610 3.902439 -6.768293
33590 26 0.000000 0.000000 0.000000 -5.121951 4.085366 -4.634146
33595 26 0.000000 0.000000 0.000000 -1.402439 3.536585 -0.670732
33600 26 0.000000 0.000000 0.000000 2.682927 2.865854 5.914634
33605 26 0.000000 0.000000 0.000000 1.280488 1.097561 1.463415
33610 26 0.000000 0.000000 0.000000 -0.304878 -0.731707 -4.268293
33615 26 0.000000 0.000000 0.000000 -1.341463 -2.073171 -6.219512
33620 26 0.000000 0.000000 0.000000 -4.573171 -3.109756 -7.804878
33625 26 0.000000 0.000000 0.000000 -4.207317 -4.817073 -8.902439
33630 26 0.000000 0.000000 0.000000 -3.780488 -5.243903 -7.682927
33635 26 0.000000 0.000000 0.000000 -3.536585 -1.951220 -4.878049
33640 26 0.000000 0.000000 0.000000 -5.975610 0.609756 -0.365854
33645 26 0.000000 0.000000 0.000000 -9.573171 0.304878 2.560976
33650 26 0.000000 0.000000 0.000000 -9.878049 -0.609756 1.585366
33655 26 0.000000 0.000000 0.000000 -12.256098 0.975610 1.158537
33660 26 0.000000 0.000000 0.000000 -17.012196 4.146341 1.646341
33665 26 0.000000 0.000000 0.000000 -15.182927 3.231707 -1.280488
33670 26 0.000000 0.000000 0.000000 -11.585366 0.426829 -2.317073
33675 26 0.000000 0.000000 0.000000 -10.426829 -4.268293 -3.109756
33680 26 0.000000 0.000000 0.000000 -9.451220 -8.109756 -5.548780
33685 26 0.000000 0.000000 0.000000 -7.560976 -5.000000 0.304878
33690 26 0.000000 0.000000 0.000000 -6.036585 -1.341463 3.292683
33695 26 0.000000 0.000000 0.000000 -2.804878 2.012195 6.097561
33700 26 0.000000 0.000000 0.000000 2.378049 5.487805 8.536586
33705 26 0.000000 0.000000 0.000000 3.048780 4.756098 4.146341
33710 26 0.000000 0.000000 0.000000 5.304878 3.292683 2.317073
33715 26 0.000000 0.000000 0.000000 7.987805 2.500000 2.682927
33720 26 0.000000 0.000000 0.000000 9.268292 1.768293 1.707317
33725 26 0.000000 0.000000 0.000000 14.268293 -0.670732 -0.731707
33730 26 0.000000 0.000000 0.000000 15.975610 -3.109756 -1.463415
33735 26 -10.000000 0.000000 0.000000 15.060976 -3.597561 -0.670732
33740 26 -20.000000 0.000000 0.000000 6.707317 -4.268293 5.365854
33745 26 -20.000000 0.000000 0.000000 2.500000 -3.536585 5.853659
33750 26 -20.000000 0.000000 0.000000 3.841464 -1.829268 3.109756
33755 26 -30.000000 0.000000 0.000000 2.317073 1.219512 2.073171
33760 26 -30.000000 0.000000 0.000000 -2.682927 3.231707 1.280488
33765 26 -40.000000 0.000000 0.000000 -9.634147 2.317073 3.658537
33770 26 -40.000000 0.000000 0.000000 -16.768293 1.768293 1.707317
33775 26 -40.000000 0.000000 0.000000 -19.634148 6.829268 2.256098
33780 26 -40.000000 0.000000 0.000000 -19.756098 14.268293 2.621951
33785 26 -50.000000 0.000000 0.000000 -25.853659 13.597561 3.048780
33790 26 -50.000000 0.000000 0.000000 -36.158539 8.292683 3.536585
33795 26 -50.000000 0.000000 0.000000 -41.402439 7.682927 2.317073
33800 26 -50.000000 0.000000 0.000000 -41.585365 12.743903 -0.121951
33805 26 -50.000000 0.000000 0.000000 -47.012196 11.707317 -0.853659
33810 26 -50.000000 0.000000 0.000000 -52.926830 6.280488 0.243902
33815 26 -50.000000 0.000000 0.000000 -53.231709 1.524390 -0.792683
33820 26 -50.000000 0.000000 0.000000 -50.426830 -0.060976 -2.378049
33825 26 -50.000000 0.000000 0.000000 -47.804878 -2.134146 -2.500000
33830 26 -50.000000 0.000000 0.000000 -46.524391 -7.195122 -0.609756
33835 26 -60.000000 0.000000 0.000000 -47.378052 -10.792684 -5.304878
33840 26 -70.000000 0.000000 0.000000 -47.865856 -10.853659 -14.756098
33845 26 -70.000000 0.000000 0.000000 -46.341465 -9.756098 -9.695122
33850 26 -70.000000 0.000000 0.000000 -47.317074 -8.048780 -2.560976
33855 26 -70.000000 0.000000 0.000000 -50.975613 -4.878049 -0.426829
33860 26 -80.000000 0.000000 0.000000 -56.097561 1.158537 -0.121951
33865 26 -80.000000 0.000000 0.000000 -61.768295 2.378049 -2.804878
33870 26 -80.000000 0.000000 0.000000 -62.621952 3.597561 -2.134146
33875 26 -80.000000 0.000000 0.000000 -61.768295 7.012195 4.451220
33880 26 -90.000000 0.000000 0.000000 -60.121952 11.402439 13.536586
33885 26 -90.000000 0.000000 0.000000 -63.597561 12.134147 9.573171
33890 26 -90.000000 0.000000 0.000000 -67.682930 9.756098 3.170732
33895 26 -90.000000 0.000000 0.000000 -67.012199 9.817074 6.097561
33900 26 -90.000000 0.000000 0.000000 -60.609756 14.451220 16.219513
33905 26 -90.000000 0.000000 0.000000 -62.682930 15.304878 13.475610
33910 26 -90.000000 0.000000 0.000000 -66.890244 12.134147 6.280488
33915 26 -90.000000 0.000000 0.000000 -67.865852 6.768293 5.792683
33920 26 -90.000000 0.000000 0.000000 -67.195122 3.902439 12.682927
33925 26 -90.000000 0.000000 0.000000 -64.024391 7.804878 11.890244
33930 26 -90.000000 0.000000 0.000000 -60.792683 10.853659 6.707317
33935 26 -90.000000 0.000000 0.000000 -63.414635 7.317073 3.536585
33940 26 -90.000000 0.000000 0.000000 -71.219513 -0.914634 3.048780
33945 26 -90.000000 0.000000 0.000000 -67.926834 0.243902 1.951220
33950 26 -90.000000 0.000000 0.000000 -60.914635 5.304878 3.353659
33955 26 -90.000000 0.000000 0.000000 -61.768295 5.853659 2.500000
33960 26 -90.000000 0.000000 0.000000 -68.475609 1.463415 -4.451220
33965 26 -90.000000 0.000000 0.000000 -66.585365 -1.158537 -3.048780
33970 26 -90.000000 0.000000 0.000000 -62.682930 -0.609756 0.000000
33975 26 -90.000000 0.000000 0.000000 -62.439026 1.707317 -0.060976
33980 26 -100.000000 0.000000 0.000000 -63.963417 3.597561 -4.085366
33985 26 -100.000000 0.000000 0.000000 -68.841469 0.121951 -7.682927
33990 26 -100.000000 0.000000 0.000000 -70.609756 -1.829268 -7.682927
33995 26 -100.000000 0.000000 0.000000 -68.963417 0.304878 -2.926829
34000 26 -100.000000 0.000000 0.000000 -66.890244 6.219512 5.304878
34005 26 -100.000000 0.000000 0.000000 -68.536591 5.426829 1.768293
34010 26 -110.000000 0.000000 0.000000 -67.987808 4.390244 -1.219512
34015 26 -110.000000 0.000000 0.000000 -65.426834 6.219512 3.902439
34020 26 -110.000000 0.000000 0.000000 -65.548782 12.012196 7.926829
34025 26 -110.000000 0.000000 0.000000 -67.621956 7.134147 7.195122
34030 26 -120.000000 0.000000 0.000000 -68.719513 5.853659 7.012195
34035 26 -130.000000 0.000000 0.000000 -64.512199 12.439025 10.182927
34040 26 -130.000000 0.000000 0.000000 -66.219513 13.597561 14.695123
34045 26 -130.000000 0.000000 0.000000 -68.658539 10.670732 13.536586
34050 26 -140.000000 0.000000 0.000000 -72.804878 8.414635 12.560976
34055 26 -140.000000 0.000000 0.000000 -75.731712 10.670732 15.792684
34060 26 -150.000000 0.000000 0.000000 -77.500000 11.951220 15.426829
34065 26 -150.000000 0.000000 0.000000 -78.170731 17.134148 18.292683
34070 26 -160.000000 0.000000 0.000000 -77.256096 17.134148 19.024391
34075 26 -170.000000 0.000000 0.000000 -78.597565 7.926829 17.682928
34080 26 -170.000000 0.000000 0.000000 -78.048782 -1.707317 15.000000
34085 26 -170.000000 0.000000 0.000000 -79.146347 -9.390244 17.926830
34090 26 -180.000000 0.000000 0.000000 -81.036591 -15.060976 19.268293
34095 26 -190.000000 0.000000 0.000000 -88.048782 -16.707317 17.865854
34100 26 -190.000000 0.000000 0.000000 -97.134148 -13.658537 16.402439
34105 26 -190.000000 0.000000 0.000000 -103.231712 -5.426829 13.475610
34110 26 -200.000000 0.000000 0.000000 -113.231712 1.341463 10.182927
34115 26 -200.000000 0.000000 0.000000 -124.451225 2.804878 0.609756
34120 26 -200.000000 0.000000 0.000000 -136.768295 1.219512 -5.000000
34125 26 -210.000000 0.000000 0.000000 -140.121948 -0.426829 -9.329268
34130 26 -210.000000 0.000000 0.000000 -140.365860 -5.365854 -11.402439
34135 26 -220.000000 0.000000 0.000000 -146.280487 -12.865854 -15.000000
34140 26 -220.000000 0.000000 0.000000 -155.060974 -11.890244 -15.548780
34145 26 -220.000000 0.000000 0.000000 -160.609756 -8.902439 -15.975610
34150 26 -220.000000 0.000000 0.000000 -165.182938 -8.719512 -17.987804
34155 26 -220.000000 0.000000 0.000000 -168.170731 -7.439024 -17.926830
34160 26 -220.000000 0.000000 0.000000 -170.853668 -5.000000 -17.560976
34165 26 -230.000000 0.000000 0.000000 -171.280487 -4.390244 -17.926830
34170 26 -230.000000 0.000000 0.000000 -172.317078 -5.670732 -19.146341
34175 26 -230.000000 0.000000 0.000000 -174.268295 -6.036585 -21.829269
34180 26 -230.000000 0.000000 0.000000 -173.475616 -2.865854 -21.036587
34185 26 -230.000000 0.000000 0.000000 -167.987808 0.060976 -21.646341
34190 26 -230.000000 0.000000 0.000000 -164.695129 2.073171 -21.280489
34195 26 -230.000000 0.000000 0.000000 -163.048782 2.926829 -21.829269
34200 26 -230.000000 0.000000 0.000000 -161.402435 1.036585 -20.426830
34205 26 -220.000000 0.000000 0.000000 -157.134155 0.548781 -7.500000
34210 26 -220.000000 0.000000 0.000000 -152.317078 -0.426829 3.475610
34215 26 -220.000000 0.000000 0.000000 -151.036591 -4.451220 5.121951
34220 26 -220.000000 0.000000 0.000000 -151.219513 -6.890244 -0.060976
34225 26 -220.000000 0.000000 0.000000 -152.073181 -12.439025 6.158537
34230 26 -220.000000 0.000000 0.000000 -153.780487 -16.341463 18.841463
34235 26 -210.000000 0.000000 0.000000 -154.451218 -14.268293 25.000000
34240 26 -210.000000 0.000000 0.000000 -152.621948 -10.487805 23.048780
34245 26 -210.000000 0.000000 0.000000 -151.463425 -15.182927 22.987806
34250 26 -200.000000 0.000000 0.000000 -147.500000 -21.219513 24.756098
34255 26 -190.000000 0.000000 0.000000 -141.097565 -22.560976 25.548780
34260 26 -190.000000 0.000000 0.000000 -137.073181 -21.890244 26.707317
34265 26 -190.000000 0.000000 0.000000 -134.085373 -18.841463 26.585367
34270 26 -180.000000 0.000000 0.000000 -129.939026 -17.439024 23.780489
34275 26 -170.000000 0.000000 0.000000 -127.073174 -16.585365 21.036587
34280 26 -170.000000 0.000000 0.000000 -121.402443 -14.817074 18.353659
34285 26 -160.000000 0.000000 0.000000 -112.743904 -16.158537 19.634148
34290 26 -150.000000 0.000000 0.000000 -107.256104 -21.280489 25.060976
34295 26 -130.000000 0.000000 0.000000 -102.500000 -21.890244 28.048780
34300 26 -130.000000 0.000000 0.000000 -94.451225 -17.743902 28.719513
34305 26 -120.000000 0.000000 0.000000 -86.524391 -14.268293 26.158537
34310 26 -110.000000 0.000000 0.000000 -77.317078 -14.146341 23.963415
34315 26 -90.000000 0.000000 0.000000 -69.512199 -18.109756 21.646341
34320 26 -90.000000 0.000000 0.000000 -57.073174 -21.036587 22.317074
34325 26 -80.000000 0.000000 0.000000 -48.963417 -19.268293 24.268293
34330 26 -60.000000 0.000000 0.000000 -39.207317 -14.329268 25.365854
34335 26 -50.000000 0.000000 0.000000 -27.682928 -10.853659 24.878050
34340 26 -50.000000 0.000000 0.000000 -12.317074 -5.243903 25.000000
34345 26 -30.000000 0.000000 0.000000 4.634146 -2.560976 21.951220
34350 26 -10.000000 0.000000 0.000000 19.329269 -1.036585 21.524391
34355 26 0.000000 0.000000 0.000000 29.329269 1.402439 25.853659
34360 26 0.000000 0.000000 0.000000 43.780487 4.329268 33.963417
34365 26 0.000000 0.000000 0.000000 53.841465 -3.170732 29.512196
34370 26 0.000000 0.000000 0.000000 59.268295 -14.329268 20.304878
34375 26 0.000000 0.000000 0.000000 66.707321 -15.670732 18.719513
34380 26 0.000000 0.000000 0.000000 81.890244 -8.414635 17.378050
34385 26 0.000000 0.000000 0.000000 92.865852 -5.000000 21.402439
34390 26 0.000000 0.000000 0.000000 99.573174 -4.451220 20.670732
34395 26 0.000000 0.000000 0.000000 102.621956 -2.926829 17.317074
34400 26 0.000000 0.000000 0.000000 104.329269 -2.073171 25.487806
34405 26 0.000000 0.000000 0.000000 106.463417 -1.707317 20.487804
34410 26 0.000000 0.000000 0.000000 108.048782 -2.865854 11.097561
34415 26 0.000000 0.000000 0.000000 106.951225 -4.756098 8.109756
34420 26 0.000000 0.000000 0.000000 101.768295 -8.231708 8.475610
34425 26 0.000000 0.000000 0.000000 91.341469 -9.512196 6.341464
34430 26 0.000000 0.000000 0.000000 89.146347 -0.670732 3.963415
34435 26 0.000000 0.000000 0.000000 86.890244 6.646342 4.146341
34440 26 0.000000 0.000000 0.000000 79.329269 6.768293 2.073171
34445 26 0.000000 0.000000 0.000000 70.426834 4.146341 -0.121951
34450 26 0.000000 0.000000 0.000000 61.463417 2.682927 -1.890244
34455 26 0.000000 0.000000 0.000000 51.707317 2.743902 -2.012195
34460 26 0.000000 0.000000 0.000000 47.317074 1.219512 -2.195122
34465 26 0.000000 0.000000 0.000000 39.085365 1.097561 -1.341463
34470 26 0.000000 0.000000 0.000000 32.317074 3.231707 -0.792683
34475 26 0.000000 0.000000 0.000000 30.853659 3.231707 -0.731707
34480 26 0.000000 0.000000 0.000000 31.158537 0.609756 -1.768293
34485 26 0.000000 0.000000 0.000000 27.317074 2.073171 -1.951220
34490 26 0.000000 0.000000 0.000000 27.378050 2.926829 -0.121951
34495 26 0.000000 0.000000 0.000000 33.414635 3.475610 2.317073
34500 26 0.000000 0.000000 0.000000 33.902439 3.414634 1.219512
34505 26 0.000000 0.000000 0.000000 36.890244 2.378049 -0.365854
34510 26 0.000000 0.000000 0.000000 43.536587 2.439024 -0.060976
34515 26 0.000000 0.000000 0.000000 50.182926 1.402439 -0.487805
34520 26 0.000000 0.000000 0.000000 61.829269 0.731707 2.804878
34525 26 0.000000 0.000000 0.000000 63.597561 2.804878 3.902439
34530 26 0.000000 0.000000 0.000000 62.378052 3.841464 1.707317
34535 26 0.000000 0.000000 0.000000 62.621952 2.926829 0.060976
34540 26 0.000000 0.000000 0.000000 58.963417 3.048780 -1.036585
34545 26 0.000000 0.000000 0.000000 62.804878 3.414634 1.951220
34550 26 0.000000 0.000000 0.000000 65.182930 3.109756 3.841464
34555 26 0.000000 0.000000 0.000000 65.121956 2.073171 5.182927
34560 26 0.000000 0.000000 0.000000 60.487804 3.536585 2.865854
34565 26 0.000000 0.000000 0.000000 57.621952 1.829268 0.426829
34570 26 0.000000 0.000000 0.000000 56.280491 0.426829 1.158537
34575 26 0.000000 0.000000 0.000000 56.158539 -0.182927 3.963415
34580 26 0.000000 0.000000 0.000000 56.219513 1.890244 6.768293
34585 26 0.000000 0.000000 0.000000 51.219513 2.134146 2.926829
34590 26 0.000000 0.000000 0.000000 47.560978 1.341463 1.219512
34595 26 0.000000 0.000000 0.000000 46.402439 1.707317 1.890244
34600 26 0.000000 0.000000 0.000000 43.353661 0.487805 6.463415
34605 26 0.000000 0.000000 0.000000 40.304878 0.487805 3.109756
34610 26 0.000000 0.000000 0.000000 39.695122 0.914634 0.792683
34615 26 0.000000 0.000000 0.000000 42.256100 0.365854 -1.341463
34620 26 0.000000 0.000000 0.000000 40.487804 1.097561 -4.024390
34625 26 0.000000 0.000000 0.000000 38.902439 0.792683 0.792683
34630 26 0.000000 0.000000 0.000000 39.756100 -0.548781 2.317073
34635 26 0.000000 0.000000 0.000000 38.353661 0.121951 2.073171
34640 26 0.000000 0.000000 0.000000 41.341465 -0.426829 -0.426829
34645 26 0.000000 0.000000 0.000000 44.390244 -0.609756 -2.865854
34650 26 0.000000 0.000000 0.000000 43.536587 1.829268 -1.158537
34655 26 0.000000 0.000000 0.000000 45.365856 3.597561 -2.256098
34660 26 0.000000 0.000000 0.000000 46.890244 4.878049 -2.926829
34665 26 0.000000 0.000000 0.000000 46.219513 3.353659 -2.621951
34670 26 0.000000 0.000000 0.000000 47.073174 2.378049 -1.402439
34675 26 0.000000 0.000000 0.000000 45.609756 2.012195 -0.487805
34680 26 0.000000 0.000000 0.000000 46.036587 0.000000 -1.829268
34685 26 0.000000 0.000000 0.000000 49.756100 1.158537 -2.317073
34690 26 0.000000 0.000000 0.000000 47.073174 2.134146 -0.548781
34695 26 0.000000 0.000000 0.000000 44.207317 2.317073 0.000000
34700 26 0.000000 0.000000 0.000000 41.829269 3.353659 -0.670732
34705 26 0.000000 0.000000 0.000000 41.280487 1.646341 -0.365854
34710 26 0.000000 0.000000 0.000000 42.743904 0.792683 0.975610
34715 26 0.000000 0.000000 0.000000 43.658539 0.853659 0.914634
34720 26 0.000000 0.000000 0.000000 43.658539 -1.158537 1.951220
34725 26 0.000000 0.000000 0.000000 42.743904 -0.182927 0.731707
34730 26 0.000000 0.000000 0.000000 41.524391 1.097561 -0.121951
34735 26 0.000000 0.000000 0.000000 40.000000 1.707317 -0.731707
34740 26 0.000000 0.000000 0.000000 37.073170 3.109756 -2.987805
34745 26 0.000000 0.000000 0.000000 41.036587 0.914634 -1.768293
34750 26 0.000000 0.000000 0.000000 43.170734 0.670732 -0.060976
34755 26 0.000000 0.000000 0.000000 42.682926 1.036585 -0.243902
34760 26 0.000000 0.000000 0.000000 44.878048 0.182927 0.914634
34765 26 0.000000 0.000000 0.000000 41.524391 0.304878 0.548781
34770 26 0.000000 0.000000 0.000000 39.024391 1.219512 -2.317073
34775 26 0.000000 0.000000 0.000000 39.939026 1.036585 -3.963415
34780 26 0.000000 0.000000 0.000000 39.695122 2.621951 -4.512195
34785 26 0.000000 0.000000 0.000000 42.073174 1.036585 -3.658537
34790 26 0.000000 0.000000 0.000000 41.951221 1.158537 -2.560976
34795 26 0.000000 0.000000 0.000000 41.097561 0.243902 -2.317073
34800 26 0.000000 0.000000 0.000000 40.000000 -0.548781 -1.768293
34805 26 0.000000 0.000000 0.000000 38.963417 0.000000 -1.951220
34810 26 0.000000 0.000000 0.000000 39.268295 1.036585 -3.597561
34815 26 0.000000 0.000000 0.000000 40.548782 -0.121951 -3.658537
34820 26 0.000000 0.000000 0.000000 40.060978 -0.731707 -6.768293
34825 26 0.000000 0.000000 0.000000 37.987804 -1.585366 -5.548780
34830 26 0.000000 0.000000 0.000000 37.682926 -1.585366 -1.280488
34835 26 0.000000 0.000000 0.000000 38.292683 -0.304878 -0.365854
34840 26 0.000000 0.000000 0.000000 35.670734 -1.097561 2.560976
34845 26 0.000000 0.000000 0.000000 36.280487 -1.036585 0.609756
34850 26 0.000000 0.000000 0.000000 38.353661 -1.951220 -4.268293
34855 26 0.000000 0.000000 0.000000 36.524391 -1.280488 -4.390244
34860 26 0.000000 0.000000 0.000000 38.292683 -2.256098 -5.853659
34865 26 0.000000 0.000000 0.000000 39.512196 -0.609756 -6.463415
34870 26 0.000000 0.000000 0.000000 37.378048 1.890244 -2.682927
34875 26 0.000000 0.000000 0.000000 37.926830 1.158537 -5.000000
34880 26 0.000000 0.000000 0.000000 38.902439 0.548781 -5.121951
34885 26 0.000000 0.000000 0.000000 37.195122 0.000000 -4.390244
34890 26 0.000000 0.000000 0.000000 37.317074 0.487805 -6.158537
34895 26 0.000000 0.000000 0.000000 36.341465 2.134146 -3.048780
34900 26 0.000000 0.000000 0.000000 34.146343 2.621951 0.182927
34905 26 0.000000 0.000000 0.000000 36.036587 1.097561 -3.414634
34910 26 0.000000 0.000000 0.000000 38.048782 0.000000 -6.402439
34915 26 0.000000 0.000000 0.000000 37.682926 -2.134146 -5.609756
34920 26 0.000000 0.000000 0.000000 36.890244 -2.865854 -8.048780
34925 26 0.000000 0.000000 0.000000 36.280487 -1.097561 -4.756098
34930 26 0.000000 0.000000 0.000000 32.195122 0.548781 -0.853659
34935 26 0.000000 0.000000 0.000000 30.365854 0.609756 -4.024390
34940 26 0.000000 0.000000 0.000000 27.987806 -0.060976 -0.609756
34945 26 0.000000 0.000000 0.000000 26.829269 1.036585 -0.426829
34950 26 0.000000 0.000000 0.000000 27.621952 -0.426829 -3.536585
34955 26 0.000000 0.000000 0.000000 26.463415 -1.768293 -0.792683
34960 26 0.000000 0.000000 0.000000 25.975611 -1.585366 1.829268
34965 26 0.000000 0.000000 0.000000 25.060976 0.000000 0.792683
34970 26 0.000000 0.000000 0.000000 24.695122 0.670732 -0.975610
34975 26 0.000000 0.000000 0.000000 25.731709 -2.865854 -0.365854
34980 26 0.000000 0.000000 0.000000 26.707317 -1.463415 -2.743902
34985 26 0.000000 0.000000 0.000000 26.219513 -1.036585 -3.719512
34990 26 0.000000 0.000000 0.000000 28.902439 0.121951 -3.780488
34995 26 0.000000 0.000000 0.000000 29.329269 1.951220 -6.524390
35000 26 0.000000 0.000000 0.000000 27.682928 -1.402439 -12.012196
35005 26 0.000000 0.000000 0.000000 30.548780 -2.987805 -9.268292
35010 26 0.000000 0.000000 0.000000 32.987804 1.524390 -4.451220
35015 26 0.000000 0.000000 0.000000 33.719513 0.121951 -7.256098
35020 26 0.000000 0.000000 0.000000 32.560978 -3.292683 -9.268292
35025 26 0.000000 0.000000 0.000000 33.597561 0.000000 -7.317073
35030 26 0.000000 0.000000 0.000000 32.012196 1.158537 -4.939024
35035 26 0.000000 0.000000 0.000000 29.695122 -1.097561 -4.024390
35040 26 0.000000 0.000000 0.000000 31.402439 -2.865854 -4.512195
35045 26 0.000000 0.000000 0.000000 28.536587 -0.792683 -6.097561
35050 26 0.000000 0.000000 0.000000 25.000000 0.487805 -3.536585
35055 26 0.000000 0.000000 0.000000 22.621952 0.609756 -2.378049
35060 26 0.000000 0.000000 0.000000 21.585367 1.463415 -2.865854
35065 26 0.000000 0.000000 0.000000 20.365854 -0.243902 1.280488
35070 26 0.000000 0.000000 0.000000 19.329269 -4.390244 5.304878
35075 26 0.000000 0.000000 0.000000 18.902439 -6.585366 6.158537
35080 26 0.000000 0.000000 0.000000 17.865854 -3.719512 3.414634
35085 26 0.000000 0.000000 0.000000 15.182927 -4.878049 4.024390
35090 26 0.000000 0.000000 0.000000 16.585365 -8.536586 5.243903
35095 26 0.000000 0.000000 0.000000 20.182928 -8.048780 5.426829
35100 26 0.000000 0.000000 0.000000 21.463415 -5.670732 5.000000
35105 26 0.000000 0.000000 0.000000 23.780489 -5.000000 4.817073
35110 26 0.000000 0.000000 0.000000 25.243902 -4.817073 4.268293
35115 26 0.000000 0.000000 0.000000 25.975611 -4.817073 5.731708
35120 26 0.000000 0.000000 0.000000 25.731709 -4.878049 9.573171
35125 26 0.000000 0.000000 0.000000 28.414635 -6.890244 10.060976
35130 26 0.000000 0.000000 0.000000 29.695122 -6.158537 6.829268
35135 26 0.000000 0.000000 0.000000 31.280489 2.378049 4.817073
35140 26 0.000000 0.000000 0.000000 32.439026 5.670732 2.378049
35145 26 0.000000 0.000000 0.000000 33.414635 5.121951 -5.487805
35150 26 0.000000 0.000000 0.000000 31.341465 6.341464 -11.768293
35155 26 0.000000 0.000000 0.000000 26.097561 7.256098 -10.792684
35160 26 0.000000 0.000000 0.000000 25.426830 5.304878 -7.012195
35165 26 0.000000 0.000000 0.000000 24.329269 6.341464 -9.695122
35170 26 0.000000 0.000000 0.000000 21.524391 4.268293 -11.585366
35175 26 0.000000 0.000000 0.000000 23.353659 0.304878 -10.304878
35180 26 0.000000 0.000000 0.000000 27.682928 -2.012195 -10.121951
35185 26 0.000000 0.000000 0.000000 25.487806 -2.682927 -9.207317
35190 26 0.000000 0.000000 0.000000 20.731709 -2.987805 -6.463415
35195 26 0.000000 0.000000 0.000000 17.256098 2.134146 -1.707317
35200 26 0.000000 0.000000 0.000000 15.548780 6.463415 -0.670732
35205 26 0.000000 0.000000 0.000000 14.634147 2.804878 -0.487805
35210 26 0.000000 0.000000 0.000000 14.329268 -1.036585 -1.829268
35215 26 0.000000 0.000000 0.000000 13.841464 1.829268 -1.585366
35220 26 0.000000 0.000000 0.000000 15.914635 4.512195 -2.743902
35225 26 0.000000 0.000000 0.000000 16.097561 3.597561 -5.365854
35230 26 0.000000 0.000000 0.000000 16.768293 2.012195 -9.207317
35235 26 0.000000 0.000000 0.000000 16.219513 1.829268 -7.317073
35240 26 0.000000 0.000000 0.000000 18.719513 3.841464 -3.292683
35245 26 0.000000 0.000000 0.000000 18.780489 4.207317 -2.926829
35250 26 0.000000 0.000000 0.000000 18.353659 2.073171 -5.609756
35255 26 0.000000 0.000000 0.000000 18.536585 -2.134146 -6.951220
35260 26 0.000000 0.000000 0.000000 25.000000 -1.402439 -4.573171
35265 26 0.000000 0.000000 0.000000 25.243902 1.585366 -5.365854
35270 26 0.000000 0.000000 0.000000 21.341463 4.634146 -10.060976
35275 26 0.000000 0.000000 0.000000 19.512196 2.865854 -12.073171
35280 26 0.000000 0.000000 0.000000 26.463415 2.621951 -6.890244
35285 26 0.000000 0.000000 0.000000 23.902439 6.524390 -2.926829
35290 26 0.000000 0.000000 0.000000 16.707317 6.402439 -3.658537
35295 26 0.000000 0.000000 0.000000 16.219513 1.951220 -4.695122
35300 26 0.000000 0.000000 0.000000 22.500000 0.609756 2.560976
35305 26 0.000000 0.000000 0.000000 20.731709 2.621951 5.304878
35310 26 0.000000 0.000000 0.000000 15.000000 -0.670732 0.000000
35315 26 0.000000 0.000000 0.000000 13.475610 -5.121951 -0.426829
35320 26 0.000000 0.000000 0.000000 17.621952 -5.609756 8.353659
35325 26 0.000000 0.000000 0.000000 19.024391 -2.500000 5.853659
35330 26 0.000000 0.000000 0.000000 16.341463 -2.073171 -1.707317
35335 26 0.000000 0.000000 0.000000 13.414635 2.378049 -1.097561
35340 26 0.000000 0.000000 0.000000 12.317074 5.853659 6.585366
35345 26 0.000000 0.000000 0.000000 9.878049 7.743903 4.756098
35350 26 0.000000 0.000000 0.000000 8.109756 8.414635 0.060976
35355 26 0.000000 0.000000 0.000000 7.134147 8.658537 -1.646341
35360 26 0.000000 0.000000 0.000000 8.963415 5.914634 -1.707317
35365 26 0.000000 0.000000 0.000000 13.780488 3.292683 -5.670732
35370 26 0.000000 0.000000 0.000000 16.524391 0.487805 -7.926829
35375 26 0.000000 0.000000 0.000000 17.621952 -2.439024 -11.097561
35380 26 0.000000 0.000000 0.000000 15.548780 -7.378049 -17.073172
35385 26 0.000000 0.000000 0.000000 15.365854 -9.329268 -18.170732
35390 26 0.000000 0.000000 0.000000 16.402439 -5.853659 -13.719513
35395 26 0.000000 0.000000 0.000000 14.634147 -5.000000 -11.097561
35400 26 0.000000 0.000000 0.000000 5.914634 -6.158537 -12.073171
35405 26 0.000000 0.000000 0.000000 5.365854 -2.317073 -15.426829
35410 26 0.000000 0.000000 0.000000 9.268292 2.560976 -15.975610
35415 26 0.000000 0.000000 0.000000 9.878049 3.536585 -11.341464
35420 26 0.000000 0.000000 0.000000 5.975610 -0.182927 -3.475610
35425 26 0.000000 0.000000 0.000000 7.378049 0.365854 -1.219512
35430 26 0.000000 0.000000 0.000000 10.975610 2.073171 -4.817073
35435 26 0.000000 0.000000 0.000000 11.829268 2.987805 -6.158537
35440 26 0.000000 0.000000 0.000000 9.451220 2.621951 -4.390244
35445 26 0.000000 0.000000 0.000000 10.975610 0.000000 -2.804878
35450 26 0.000000 0.000000 0.000000 15.182927 -3.658537 -5.609756
35455 26 0.000000 0.000000 0.000000 21.219513 -1.097561 -11.341464
35460 26 0.000000 0.000000 0.000000 26.402439 3.048780 -17.865854
35465 26 0.000000 0.000000 0.000000 21.097561 1.097561 -16.646341
35470 26 0.000000 0.000000 0.000000 13.841464 0.853659 -12.621951
35475 26 0.000000 0.000000 0.000000 15.000000 2.682927 -12.439025
35480 26 -10.000000 0.000000 0.000000 20.000000 6.463415 -16.341463
35485 26 -10.000000 0.000000 0.000000 16.341463 3.536585 -14.024390
35490 26 -10.000000 0.000000 0.000000 11.951220 -0.487805 -8.963415
35495 26 -10.000000 0.000000 0.000000 11.524390 0.548781 -7.195122
35500 26 -10.000000 0.000000 0.000000 11.707317 5.853659 -9.756098
35505 26 -10.000000 0.000000 0.000000 7.621952 2.926829 -9.085366
35510 26 -10.000000 0.000000 0.000000 3.475610 -0.060976 -6.158537
35515 26 -10.000000 0.000000 0.000000 1.280488 0.792683 -6.646342
35520 26 -20.000000 0.000000 0.000000 3.170732 2.926829 -10.426829
35525 26 -20.000000 0.000000 0.000000 1.158537 0.304878 -9.024390
35530 26 -20.000000 0.000000 0.000000 -0.670732 -0.853659 -5.914634
35535 26 -20.000000 0.000000 0.000000 -3.170732 -1.890244 -8.414635
35540 26 -20.000000 0.000000 0.000000 -3.170732 -0.548781 -12.865854
35545 26 -20.000000 0.000000 0.000000 -4.939024 1.219512 -10.000000
35550 26 -20.000000 0.000000 0.000000 -8.414635 3.170732 -5.121951
35555 26 -20.000000 0.000000 0.000000 -11.585366 3.048780 -7.195122
35560 26 -20.000000 0.000000 0.000000 -12.256098 3.414634 -11.097561
35565 26 -30.000000 0.000000 0.000000 -12.500000 3.109756 -8.475610
35570 26 -30.000000 0.000000 0.000000 -11.280488 1.707317 -4.817073
35575 26 -30.000000 0.000000 0.000000 -10.792684 -1.707317 -2.134146
35580 26 -30.000000 0.000000 0.000000 -11.036586 -3.841464 -0.182927
35585 26 -30.000000 0.000000 0.000000 -12.804878 -2.621951 -0.792683
35590 26 -30.000000 0.000000 0.000000 -12.195122 -0.182927 -0.792683
35595 26 -30.000000 0.000000 0.000000 -14.756098 -2.682927 0.975610
35600 26 -30.000000 0.000000 0.000000 -18.292683 -6.341464 1.036585
35605 26 -30.000000 0.000000 0.000000 -15.182927 -3.841464 -2.134146
35610 26 -30.000000 0.000000 0.000000 -10.487805 -0.487805 -4.390244
35615 26 -40.000000 0.000000 0.000000 -10.975610 -1.402439 -3.231707
35620 26 -40.000000 0.000000 0.000000 -15.426829 -5.670732 -2.134146
35625 26 -40.000000 0.000000 0.000000 -13.353659 -2.256098 -2.012195
35630 26 -40.000000 0.000000 0.000000 -12.012196 2.012195 -2.012195
35635 26 -40.000000 0.000000 0.000000 -14.939025 2.865854 -0.304878
35640 26 -40.000000 0.000000 0.000000 -17.378050 2.865854 0.243902
35645 26 -40.000000 0.000000 0.000000 -15.060976 6.158537 0.487805
35650 26 -40.000000 0.000000 0.000000 -17.378050 7.378049 1.951220
35655 26 -50.000000 0.000000 0.000000 -22.804878 6.585366 0.731707
35660 26 -50.000000 0.000000 0.000000 -25.975611 4.085366 -5.060976
35665 26 -50.000000 0.000000 0.000000 -22.195122 4.512195 -1.036585
35670 26 -50.000000 0.000000 0.000000 -24.207317 4.512195 5.487805
35675 26 -50.000000 0.000000 0.000000 -28.231709 2.682927 2.134146
35680 26 -50.000000 0.000000 0.000000 -29.817074 -0.975610 -6.158537
35685 26 -60.000000 0.000000 0.000000 -28.353659 -1.097561 1.707317
35690 26 -60.000000 0.000000 0.000000 -28.780489 0.000000 9.329268
35695 26 -60.000000 0.000000 0.000000 -29.939026 1.280488 6.158537
35700 26 -60.000000 0.000000 0.000000 -31.768293 0.365854 5.487805
35705 26 -60.000000 0.000000 0.000000 -33.719513 0.000000 9.146341
35710 26 -60.000000 0.000000 0.000000 -37.195122 1.829268 10.670732
35715 26 -60.000000 0.000000 0.000000 -38.963417 4.146341 10.609756
35720 26 -70.000000 0.000000 0.000000 -43.902439 2.378049 8.719512
35725 26 -70.000000 0.000000 0.000000 -41.768295 0.731707 5.914634
35730 26 -70.000000 0.000000 0.000000 -40.731709 1.707317 7.256098
35735 26 -70.000000 0.000000 0.000000 -43.597561 1.768293 7.317073
35740 26 -70.000000 0.000000 0.000000 -47.987804 -2.256098 1.646341
35745 26 -70.000000 0.000000 0.000000 -44.207317 -3.963415 6.768293
35750 26 -70.000000 0.000000 0.000000 -40.792683 -2.134146 12.500000
35755 26 -80.000000 0.000000 0.000000 -42.439026 -3.902439 9.329268
35760 26 -80.000000 0.000000 0.000000 -43.902439 -10.609756 6.280488
35765 26 -80.000000 0.000000 0.000000 -40.975609 -7.560976 10.548780
35770 26 -80.000000 0.000000 0.000000 -41.890244 -0.792683 12.743903
35775 26 -80.000000 0.000000 0.000000 -46.768295 -0.182927 15.000000
35780 26 -80.000000 0.000000 0.000000 -49.268295 -5.243903 17.317074
35785 26 -80.000000 0.000000 0.000000 -47.682926 -4.329268 13.048780
35790 26 -80.000000 0.000000 0.000000 -44.512196 -4.329268 8.292683
35795 26 -80.000000 0.000000 0.000000 -41.890244 -7.378049 9.390244
35800 26 -90.000000 0.000000 0.000000 -41.219513 -4.512195 10.304878
35805 26 -90.000000 0.000000 0.000000 -44.085365 -3.841464 12.987805
35810 26 -90.000000 0.000000 0.000000 -45.182926 -7.378049 12.317074
35815 26 -90.000000 0.000000 0.000000 -45.609756 -5.365854 8.963415
35820 26 -90.000000 0.000000 0.000000 -46.829269 -0.548781 5.426829
35825 26 -90.000000 0.000000 0.000000 -48.536587 -4.390244 7.317073
35830 26 -90.000000 0.000000 0.000000 -48.536587 -7.073171 8.414635
35835 26 -100.000000 0.000000 0.000000 -47.378052 -10.487805 10.487805
35840 26 -100.000000 0.000000 0.000000 -47.256100 -14.390244 15.975610
35845 26 -100.000000 0.000000 0.000000 -47.560978 -12.560976 10.853659
35850 26 -100.000000 0.000000 0.000000 -50.182926 -9.695122 5.853659
35855 26 -100.000000 0.000000 0.000000 -55.060978 -6.646342 4.878049
35860 26 -100.000000 0.000000 0.000000 -62.804878 -5.792683 -0.365854
35865 26 -100.000000 0.000000 0.000000 -63.414635 -5.426829 2.378049
35870 26 -110.000000 0.000000 0.000000 -61.768295 -4.634146 4.451220
35875 26 -110.000000 0.000000 0.000000 -60.487804 -7.134147 4.634146
35880 26 -110.000000 0.000000 0.000000 -56.585365 -9.024390 6.219512
35885 26 -110.000000 0.000000 0.000000 -61.890244 -6.585366 3.536585
35890 26 -110.000000 0.000000 0.000000 -67.500000 -2.439024 3.414634
35895 26 -110.000000 0.000000 0.000000 -70.975609 -2.073171 5.182927
35900 26 -110.000000 0.000000 0.000000 -69.268295 -3.597561 3.658537
35905 26 -110.000000 0.000000 0.000000 -66.890244 -4.695122 2.926829
35910 26 -110.000000 0.000000 0.000000 -66.646339 -3.902439 3.902439
35915 26 -110.000000 0.000000 0.000000 -66.829269 -3.231707 2.073171
35920 26 -120.000000 0.000000 0.000000 -65.792686 -1.280488 3.475610
35925 26 -120.000000 0.000000 0.000000 -64.451218 -2.804878 2.073171
35930 26 -120.000000 0.000000 0.000000 -63.780491 -3.475610 0.670732
35935 26 -120.000000 0.000000 0.000000 -61.829269 -5.487805 2.560976
35940 26 -120.000000 0.000000 0.000000 -59.329269 -9.085366 0.243902
35945 26 -120.000000 0.000000 0.000000 -59.451221 -9.939025 1.402439
35950 26 -120.000000 0.000000 0.000000 -61.707317 -6.829268 3.292683
35955 26 -120.000000 0.000000 0.000000 -62.743904 -2.073171 3.841464
35960 26 -120.000000 0.000000 0.000000 -67.500000 0.487805 8.414635
35965 26 -120.000000 0.000000 0.000000 -69.756096 -0.243902 3.597561
35970 26 -120.000000 0.000000 0.000000 -66.097565 -1.646341 -1.524390
35975 26 -120.000000 0.000000 0.000000 -64.146339 -2.743902 -2.743902
35980 26 -120.000000 0.000000 0.000000 -66.158539 -3.841464 -2.256098
35985 26 -120.000000 0.000000 0.000000 -67.195122 -4.634146 -0.243902
35990 26 -120.000000 0.000000 0.000000 -67.500000 -5.426829 1.829268
35995 26 -120.000000 0.000000 0.000000 -65.609756 -4.207317 1.707317
36000 26 -120.000000 0.000000 0.000000 -61.097561 -3.536585 -2.682927
36005 26 -120.000000 0.000000 0.000000 -61.646343 -1.646341 -1.219512
36010 26 -120.000000 0.000000 0.000000 -63.231709 0.365854 2.317073
36015 26 -120.000000 0.000000 0.000000 -66.158539 2.012195 5.548780
36020 26 -120.000000 0.000000 0.000000 -62.378052 1.097561 5.426829
36025 26 -120.000000 0.000000 0.000000 -57.682930 0.121951 4.451220
36030 26 -110.000000 0.000000 0.000000 -57.134148 -2.500000 3.658537
36035 26 -110.000000 0.000000 0.000000 -57.378052 -4.939024 2.804878
36040 26 -110.000000 0.000000 0.000000 -57.926830 -2.987805 4.451220
36045 26 -110.000000 0.000000 0.000000 -54.695122 0.609756 5.853659
36050 26 -100.000000 0.000000 0.000000 -54.451221 2.378049 4.573171
36055 26 -100.000000 0.000000 0.000000 -54.878052 1.341463 2.804878
36060 26 -100.000000 0.000000 0.000000 -50.060978 1.402439 3.170732
36065 26 -100.000000 0.000000 0.000000 -45.182926 1.829268 0.487805
36070 26 -90.000000 0.000000 0.000000 -43.048782 2.926829 -2.256098
36075 26 -90.000000 0.000000 0.000000 -39.451221 6.768293 -2.743902
36080 26 -90.000000 0.000000 0.000000 -39.756100 6.524390 -0.548781
36085 26 -80.000000 0.000000 0.000000 -38.658539 5.000000 -3.048780
36090 26 -80.000000 0.000000 0.000000 -35.182926 3.109756 -1.890244
36095 26 -70.000000 0.000000 0.000000 -29.451220 -0.731707 -0.731707
36100 26 -70.000000 0.000000 0.000000 -22.012196 -2.195122 -2.317073
36105 26 -70.000000 0.000000 0.000000 -22.865854 -0.975610 2.073171
36110 26 -60.000000 0.000000 0.000000 -23.231709 -0.060976 3.353659
36115 26 -50.000000 0.000000 0.000000 -20.548780 0.121951 1.951220
36120 26 -50.000000 0.000000 0.000000 -16.280489 -0.792683 -0.304878
36125 26 -40.000000 0.000000 0.000000 -9.390244 -0.182927 -0.792683
36130 26 -40.000000 0.000000 0.000000 -1.341463 1.463415 1.768293
36135 26 -30.000000 0.000000 0.000000 5.060976 0.182927 1.402439
36140 26 -30.000000 0.000000 0.000000 12.439025 0.365854 1.768293
36145 26 -20.000000 0.000000 0.000000 15.914635 1.341463 1.707317
36150 26 -20.000000 0.000000 0.000000 20.426830 1.646341 0.914634
36155 26 -10.000000 0.000000 0.000000 24.939026 1.951220 1.768293
36160 26 -10.000000 0.000000 0.000000 29.207317 2.682927 1.097561
36165 26 -10.000000 0.000000 0.000000 36.524391 1.280488 0.000000
36170 26 0.000000 0.000000 0.000000 43.963417 2.317073 0.975610
36175 26 0.000000 0.000000 0.000000 47.317074 2.317073 0.304878
36180 26 0.000000 0.000000 0.000000 52.195122 2.865854 0.548781
36185 26 0.000000 0.000000 0.000000 56.585365 4.085366 0.548781
36190 26 0.000000 0.000000 0.000000 58.597561 2.987805 0.243902
36195 26 0.000000 0.000000 0.000000 61.585369 4.390244 2.621951
36200 26 0.000000 0.000000 0.000000 62.987808 4.634146 2.256098
36205 26 0.000000 0.000000 0.000000 64.085365 3.475610 2.195122
36210 26 0.000000 0.000000 0.000000 63.963417 2.500000 2.682927
36215 26 0.000000 0.000000 0.000000 65.670731 1.524390 1.951220
36220 26 0.000000 0.000000 0.000000 67.500000 2.378049 1.829268
36225 26 0.000000 0.000000 0.000000 64.329269 2.926829 1.890244
36230 26 0.000000 0.000000 0.000000 60.914635 2.500000 0.304878
36235 26 0.000000 0.000000 0.000000 58.414635 2.500000 -0.792683
36240 26 0.000000 0.000000 0.000000 57.500000 1.524390 0.487805
36245 26 0.000000 0.000000 0.000000 51.219513 1.402439 0.548781
36250 26 0.000000 0.000000 0.000000 47.621952 1.463415 0.548781
36255 26 0.000000 0.000000 0.000000 45.182926 0.609756 0.792683
36260 26 0.000000 0.000000 0.000000 40.731709 -0.670732 0.731707
36265 26 0.000000 0.000000 0.000000 39.695122 0.304878 -1.097561
36270 26 0.000000 0.000000 0.000000 37.621952 1.707317 -1.402439
36275 26 0.000000 0.000000 0.000000 35.853661 3.231707 -1.951220
36280 26 0.000000 0.000000 0.000000 34.146343 2.317073 -5.060976
36285 26 0.000000 0.000000 0.000000 32.317074 0.060976 -2.012195
36290 26 0.000000 0.000000 0.000000 31.280489 0.000000 1.036585
36295 26 0.000000 0.000000 0.000000 33.292683 0.487805 1.158537
36300 26 0.000000 0.000000 0.000000 34.451221 1.646341 1.890244
36305 26 0.000000 0.000000 0.000000 35.487804 2.621951 1.036585
36310 26 0.000000 0.000000 0.000000 36.707317 2.926829 0.000000
36315 26 0.000000 0.000000 0.000000 36.646343 1.585366 -1.219512
36320 26 0.000000 0.000000 0.000000 39.939026 0.731707 -1.036585
36325 26 0.000000 0.000000 0.000000 41.402439 0.914634 1.463415
36330 26 0.000000 0.000000 0.000000 41.036587 0.975610 1.463415
36335 26 0.000000 0.000000 0.000000 44.939026 3.475610 3.780488
36340 26 0.000000 0.000000 0.000000 45.426830 5.792683 3.292683
36345 26 0.000000 0.000000 0.000000 45.304878 1.951220 0.914634
36350 26 0.000000 0.000000 0.000000 45.609756 0.914634 -0.731707
36355 26 0.000000 0.000000 0.000000 42.439026 2.621951 -3.780488
36360 26 0.000000 0.000000 0.000000 40.853661 -0.243902 -2.682927
36365 26 0.000000 0.000000 0.000000 44.634148 -0.243902 -0.487805
36370 26 0.000000 0.000000 0.000000 45.914635 2.256098 0.609756
36375 26 0.000000 0.000000 0.000000 45.792683 2.317073 1.707317
36380 26 0.000000 0.000000 0.000000 47.134148 3.292683 -2.256098
36385 26 0.000000 0.000000 0.000000 41.402439 1.768293 -0.121951
36390 26 0.000000 0.000000 0.000000 38.536587 -0.914634 1.097561
36395 26 0.000000 0.000000 0.000000 37.317074 -1.524390 -2.865854
36400 26 0.000000 0.000000 0.000000 32.804878 -1.219512 1.280488
36405 26 0.000000 0.000000 0.000000 33.048782 -0.975610 -0.365854
36410 26 0.000000 0.000000 0.000000 34.146343 0.121951 -1.158537
36415 26 0.000000 0.000000 0.000000 33.048782 0.060976 2.804878
36420 26 0.000000 0.000000 0.000000 33.963417 0.243902 -2.621951
36425 26 0.000000 0.000000 0.000000 29.756098 -0.304878 -1.585366
36430 26 0.000000 0.000000 0.000000 27.987806 -1.158537 0.000000
36435 26 0.000000 0.000000 0.000000 28.475611 -2.804878 -0.243902
36440 26 0.000000 0.000000 0.000000 26.646341 -2.987805 2.926829
36445 26 0.000000 0.000000 0.000000 28.902439 -3.963415 2.500000
36450 26 0.000000 0.000000 0.000000 32.073170 -3.475610 0.060976
36455 26 0.000000 0.000000 0.000000 32.743904 -3.536585 0.426829
36460 26 0.000000 0.000000 0.000000 31.402439 -7.012195 2.987805
36465 26 0.000000 0.000000 0.000000 32.073170 -6.646342 0.731707
36470 26 0.000000 0.000000 0.000000 32.073170 -4.451220 2.743902
36475 26 0.000000 0.000000 0.000000 33.292683 -2.317073 5.731708
36480 26 0.000000 0.000000 0.000000 36.097561 -2.134146 -1.890244
36485 26 0.000000 0.000000 0.000000 35.121952 -4.329268 -0.304878
36490 26 0.000000 0.000000 0.000000 32.012196 -5.792683 3.414634
36495 26 0.000000 0.000000 0.000000 31.524391 -4.024390 4.085366
36500 26 0.000000 0.000000 0.000000 32.804878 -4.085366 4.756098
36505 26 0.000000 0.000000 0.000000 34.085365 -11.280488 4.390244
36510 26 0.000000 0.000000 0.000000 34.939026 -12.073171 4.512195
36515 26 0.000000 0.000000 0.000000 36.463417 -10.121951 5.609756
36520 26 0.000000 0.000000 0.000000 32.682926 -9.817074 9.756098
36525 26 0.000000 0.000000 0.000000 29.207317 -5.792683 7.195122
36530 26 0.000000 0.000000 0.000000 30.365854 -5.792683 5.487805
36535 26 0.000000 0.000000 0.000000 29.390245 -9.146341 7.256098
36540 26 0.000000 0.000000 0.000000 34.268295 -5.000000 2.865854
36545 26 0.000000 0.000000 0.000000 35.243904 -0.304878 0.060976
36550 26 0.000000 0.000000 0.000000 32.743904 0.487805 -2.560976
36555 26 0.000000 0.000000 0.000000 30.000000 1.524390 -6.158537
36560 26 0.000000 0.000000 0.000000 27.743902 3.475610 -7.500000
36565 26 0.000000 0.000000 0.000000 24.451220 0.914634 -7.500000
36570 26 0.000000 0.000000 0.000000 24.268293 1.890244 -5.731708
36575 26 0.000000 0.000000 0.000000 25.670732 0.304878 -6.585366
36580 26 0.000000 0.000000 0.000000 23.170732 -1.829268 -3.231707
36585 26 0.000000 0.000000 0.000000 22.926830 -0.914634 -5.000000
36590 26 0.000000 0.000000 0.000000 26.524391 2.621951 -7.317073
36595 26 0.000000 0.000000 0.000000 25.365854 2.195122 -7.804878
36600 26 0.000000 0.000000 0.000000 18.353659 0.914634 -8.658537
36605 26 0.000000 0.000000 0.000000 22.256098 3.292683 -9.207317
36610 26 0.000000 0.000000 0.000000 25.975611 4.024390 -7.926829
36615 26 0.000000 0.000000 0.000000 24.512196 6.036585 -6.707317
36620 26 0.000000 0.000000 0.000000 20.731709 6.707317 -10.060976
36625 26 10.000000 0.000000 0.000000 21.524391 7.560976 -9.390244
36630 26 10.000000 0.000000 0.000000 21.829269 9.207317 -6.585366
36635 26 20.000000 0.000000 0.000000 20.792683 10.731708 -8.353659
36640 26 20.000000 0.000000 0.000000 21.158537 8.170732 -12.012196
36645 26 20.000000 0.000000 0.000000 25.487806 9.024390 -6.646342
36650 26 30.000000 0.000000 0.000000 28.231709 6.219512 -2.804878
36655 26 40.000000 0.000000 0.000000 31.280489 0.487805 -7.378049
36660 26 40.000000 0.000000 0.000000 43.109756 -6.402439 -13.963415
36665 26 40.000000 0.000000 0.000000 51.951221 -4.817073 -8.414635
36670 26 50.000000 0.000000 0.000000 53.048782 -5.121951 -5.182927
36675 26 50.000000 0.000000 0.000000 52.439026 -6.890244 -10.365854
36680 26 50.000000 0.000000 0.000000 49.512196 -6.219512 -18.414635
36685 26 60.000000 0.000000 0.000000 48.597561 7.134147 -15.243903
36690 26 60.000000 0.000000 0.000000 48.780487 13.780488 -10.914635
36695 26 70.000000 0.000000 0.000000 43.963417 7.378049 -16.768293
36700 26 70.000000 0.000000 0.000000 41.219513 -3.902439 -31.036587
36705 26 70.000000 0.000000 0.000000 53.719513 -7.560976 -30.426830
36710 26 80.000000 0.000000 0.000000 69.817078 -4.268293 -25.000000
36715 26 80.000000 0.000000 0.000000 80.243904 4.329268 -18.353659
36720 26 80.000000 0.000000 0.000000 89.939026 14.634147 -7.621952
36725 26 90.000000 0.000000 0.000000 90.487808 13.231708 -12.134147
36730 26 90.000000 0.000000 0.000000 87.378052 6.402439 -19.146341
36735 26 90.000000 0.000000 0.000000 90.121956 5.487805 -20.000000
36740 26 90.000000 0.000000 0.000000 95.792686 6.219512 -21.829269
36745 26 100.000000 0.000000 0.000000 103.353661 1.829268 -21.585367
36750 26 100.000000 0.000000 0.000000 108.658539 0.487805 -18.475611
36755 26 100.000000 0.000000 0.000000 110.487808 0.548781 -16.524391
36760 26 100.000000 0.000000 0.000000 110.975609 0.731707 -10.121951
36765 26 110.000000 0.000000 0.000000 112.378052 1.402439 -13.048780
36770 26 110.000000 0.000000 0.000000 116.097565 -0.670732 -21.280489
36775 26 110.000000 0.000000 0.000000 115.670731 -7.987805 -25.975611
36780 26 110.000000 0.000000 0.000000 107.560982 -8.292683 -20.975611
36785 26 120.000000 0.000000 0.000000 115.426834 0.121951 -12.804878
36790 26 120.000000 0.000000 0.000000 117.682930 -2.682927 -8.902439
36795 26 120.000000 0.000000 0.000000 114.451225 -7.682927 -2.682927
36800 26 120.000000 0.000000 0.000000 115.121956 -2.317073 -2.987805
36805 26 120.000000 0.000000 0.000000 108.780487 1.463415 -5.670732
36810 26 120.000000 0.000000 0.000000 100.670731 -5.975610 -2.195122
36815 26 120.000000 0.000000 0.000000 92.073174 -14.634147 1.585366
36820 26 120.000000 0.000000 0.000000 89.573174 -9.268292 4.207317
36825 26 120.000000 0.000000 0.000000 95.060974 -2.195122 5.731708
36830 26 120.000000 0.000000 0.000000 96.524391 -4.756098 8.109756
36835 26 120.000000 0.000000 0.000000 96.158539 -4.085366 6.341464
36840 26 120.000000 0.000000 0.000000 91.951225 -1.341463 4.085366
36845 26 120.000000 0.000000 0.000000 89.573174 0.304878 14.024390
36850 26 120.000000 0.000000 0.000000 91.951225 0.853659 23.048780
36855 26 120.000000 0.000000 0.000000 96.158539 -6.097561 25.060976
36860 26 120.000000 0.000000 0.000000 88.658539 -14.207317 21.768293
36865 26 120.000000 0.000000 0.000000 78.292686 2.073171 19.878050
36870 26 120.000000 0.000000 0.000000 77.621956 20.792683 14.756098
36875 26 120.000000 0.000000 0.000000 79.390244 16.341463 16.829269
36880 26 120.000000 0.000000 0.000000 74.512199 5.487805 19.756098
36885 26 120.000000 0.000000 0.000000 74.756096 11.219512 28.231709
36890 26 120.000000 0.000000 0.000000 76.158539 19.207317 33.597561
36895 26 120.000000 0.000000 0.000000 72.682930 20.731709 34.512196
36900 26 120.000000 0.000000 0.000000 70.182930 20.121952 37.926830
36905 26 120.000000 0.000000 0.000000 66.280487 14.390244 37.256100
36910 26 120.000000 0.000000 0.000000 60.487804 11.768293 36.341465
36915 26 120.000000 0.000000 0.000000 59.817074 16.097561 29.878050
36920 26 120.000000 0.000000 0.000000 58.048782 11.951220 19.146341
36925 26 120.000000 0.000000 0.000000 58.536587 7.378049 19.817074
36930 26 120.000000 0.000000 0.000000 59.451221 9.207317 19.573172
36935 26 120.000000 0.000000 0.000000 59.329269 11.585366 12.256098
36940 26 120.000000 0.000000 0.000000 60.365856 12.256098 10.060976
36945 26 110.000000 0.000000 0.000000 58.597561 7.195122 8.353659
36950 26 110.000000 0.000000 0.000000 58.536587 4.451220 6.463415
36955 26 110.000000 0.000000 0.000000 59.085369 3.109756 3.109756
36960 26 110.000000 0.000000 0.000000 55.975613 0.731707 -1.829268
36965 26 110.000000 0.000000 0.000000 57.256100 3.170732 -2.378049
36970 26 110.000000 0.000000 0.000000 57.256100 2.743902 -0.670732
36975 26 110.000000 0.000000 0.000000 55.548782 2.134146 1.097561
36980 26 110.000000 0.000000 0.000000 57.012196 1.524390 6.341464
36985 26 100.000000 0.000000 0.000000 50.853661 -1.951220 -1.158537
36990 26 100.000000 0.000000 0.000000 44.329269 -2.500000 -6.707317
36995 26 100.000000 0.000000 0.000000 41.890244 -0.609756 -7.134147
37000 26 100.000000 0.000000 0.000000 36.890244 0.914634 -7.439024
37005 26 90.000000 0.000000 0.000000 36.524391 3.597561 -1.402439
37010 26 90.000000 0.000000 0.000000 37.195122 5.304878 4.329268
37015 26 90.000000 0.000000 0.000000 39.024391 6.463415 9.146341
37020 26 80.000000 0.000000 0.000000 35.243904 4.451220 11.646341
37025 26 80.000000 0.000000 0.000000 33.658539 6.219512 9.024390
37030 26 80.000000 0.000000 0.000000 33.536587 8.963415 6.036585
37035 26 70.000000 0.000000 0.000000 33.170731 12.012196 2.317073
37040 26 60.000000 0.000000 0.000000 35.609756 16.341463 7.256098
37045 26 50.000000 0.000000 0.000000 26.097561 9.939025 9.268292
37050 26 50.000000 0.000000 0.000000 17.073172 4.878049 3.231707
37055 26 30.000000 0.000000 0.000000 13.048780 5.731708 2.378049
37060 26 10.000000 0.000000 0.000000 3.841464 3.170732 -1.341463
37065 26 0.000000 0.000000 0.000000 -4.085366 1.829268 -2.682927
37070 26 0.000000 0.000000 0.000000 -11.219512 0.670732 -3.597561
37075 26 0.000000 0.000000 0.000000 -21.402439 -5.487805 -5.731708
37080 26 0.000000 0.000000 0.000000 -34.939026 -11.646341 -12.256098
37085 26 0.000000 0.000000 0.000000 -44.024391 -8.597561 -10.792684
37090 26 0.000000 0.000000 0.000000 -52.195122 -5.792683 -12.134147
37095 26 0.000000 0.000000 0.000000 -58.475613 -8.353659 -15.853659
37100 26 0.000000 0.000000 0.000000 -62.743904 -8.780488 -16.097561
37105 26 0.000000 0.000000 0.000000 -60.243904 -3.597561 -8.414635
37110 26 0.000000 0.000000 0.000000 -54.817074 -0.670732 -3.902439
37115 26 0.000000 0.000000 0.000000 -52.012196 -0.060976 -7.134147
37120 26 0.000000 0.000000 0.000000 -49.695122 1.341463 -6.585366
37125 26 0.000000 0.000000 0.000000 -47.682926 1.341463 -6.463415
37130 26 0.000000 0.000000 0.000000 -40.121952 0.060976 -9.268292
37135 26 0.000000 0.000000 0.000000 -34.451221 -2.682927 -8.841464
37140 26 0.000000 0.000000 0.000000 -32.134148 -3.597561 -11.280488
37145 26 0.000000 0.000000 0.000000 -31.158537 -1.219512 -8.597561
37150 26 0.000000 0.000000 0.000000 -31.829269 -1.707317 -8.780488
37155 26 0.000000 0.000000 0.000000 -34.329269 -3.292683 -11.097561
37160 26 0.000000 0.000000 0.000000 -34.207317 -0.365854 -6.524390
37165 26 0.000000 0.000000 0.000000 -37.195122 -2.865854 -7.804878
37170 26 0.000000 0.000000 0.000000 -37.804878 -3.475610 -11.280488
37175 26 0.000000 0.000000 0.000000 -33.292683 -1.463415 -7.439024
37180 26 0.000000 0.000000 0.000000 -32.621952 -2.560976 -8.902439
37185 26 0.000000 0.000000 0.000000 -33.231709 -0.792683 -9.085366
37190 26 0.000000 0.000000 0.000000 -30.853659 -0.426829 -6.524390
37195 26 0.000000 0.000000 0.000000 -30.975611 -1.280488 -9.939025
37200 26 0.000000 0.000000 0.000000 -30.426830 -3.658537 -17.865854
37205 26 0.000000 0.000000 0.000000 -24.756098 -3.170732 -13.780488
37210 26 0.000000 0.000000 0.000000 -23.597561 -2.987805 -4.207317
37215 26 0.000000 0.000000 0.000000 -24.390244 -6.036585 -3.109756
37220 26 0.000000 0.000000 0.000000 -20.365854 -4.451220 -0.304878
37225 26 0.000000 0.000000 0.000000 -20.304878 -4.390244 -2.134146
37230 26 0.000000 0.000000 0.000000 -21.829269 -5.365854 -8.353659
37235 26 0.000000 0.000000 0.000000 -19.146341 -2.682927 -4.146341
37240 26 0.000000 0.000000 0.000000 -14.329268 3.231707 7.317073
37245 26 0.000000 0.000000 0.000000 -18.902439 2.500000 2.987805
37250 26 0.000000 0.000000 0.000000 -23.475611 -0.121951 -2.012195
37255 26 0.000000 0.000000 0.000000 -21.890244 0.792683 -0.426829
37260 26 0.000000 0.000000 0.000000 -17.987804 2.012195 2.865854
37265 26 0.000000 0.000000 0.000000 -23.902439 -1.036585 -1.707317
37270 26 0.000000 0.000000 0.000000 -27.378050 -3.658537 -4.390244
37275 26 0.000000 0.000000 0.000000 -21.585367 0.792683 -0.853659
37280 26 0.000000 0.000000 0.000000 -11.829268 5.000000 1.646341
37285 26 0.000000 0.000000 0.000000 -15.731708 -0.365854 -4.512195
37290 26 0.000000 0.000000 0.000000 -22.012196 -3.292683 -6.158537
37295 26 0.000000 0.000000 0.000000 -17.256098 2.134146 -0.548781
37300 26 0.000000 0.000000 0.000000 -6.646342 5.670732 1.219512
37305 26 0.000000 0.000000 0.000000 -8.597561 -3.048780 -8.780488
37310 26 0.000000 0.000000 0.000000 -16.646341 -10.060976 -12.865854
37315 26 0.000000 0.000000 0.000000 -20.426830 -6.829268 -6.463415
37320 26 0.000000 0.000000 0.000000 -12.378049 1.402439 3.536585
37325 26 0.000000 0.000000 0.000000 -11.585366 0.609756 -1.280488
37330 26 0.000000 0.000000 0.000000 -14.634147 -8.231708 -10.426829
37335 26 0.000000 0.000000 0.000000 -21.219513 -13.353659 -10.304878
37340 26 0.000000 0.000000 0.000000 -25.792683 -9.939025 0.426829
37345 26 0.000000 0.000000 0.000000 -25.304878 -3.475610 0.975610
37350 26 0.000000 0.000000 0.000000 -21.097561 -0.670732 -3.353659
37355 26 0.000000 0.000000 0.000000 -19.390244 -0.548781 -5.121951
37360 26 0.000000 0.000000 0.000000 -18.414635 -1.463415 -4.146341
37365 26 0.000000 0.000000 0.000000 -14.329268 -5.304878 -6.890244
37370 26 0.000000 0.000000 0.000000 -18.048780 -6.951220 -7.439024
37375 26 0.000000 0.000000 0.000000 -25.000000 -5.365854 -7.195122
37380 26 0.000000 0.000000 0.000000 -24.817074 -0.487805 -10.304878
37385 26 0.000000 0.000000 0.000000 -15.975610 0.243902 -9.390244
37390 26 0.000000 0.000000 0.000000 -12.926829 -2.865854 -5.487805
37395 26 0.000000 0.000000 0.000000 -21.280489 -5.609756 -8.719512
37400 26 0.000000 0.000000 0.000000 -30.000000 -1.829268 -10.060976
37405 26 0.000000 0.000000 0.000000 -19.085367 3.536585 -3.292683
37410 26 0.000000 0.000000 0.000000 -9.207317 1.524390 0.121951
37415 26 0.000000 0.000000 0.000000 -11.524390 -3.231707 -3.353659
37420 26 0.000000 0.000000 0.000000 -19.573172 -3.536585 -5.182927
37425 26 0.000000 0.000000 0.000000 -15.365854 1.402439 0.304878
37430 26 0.000000 0.000000 0.000000 -9.512196 3.170732 2.804878
37435 26 0.000000 0.000000 0.000000 -9.878049 -0.609756 -1.890244
37440 26 0.000000 0.000000 0.000000 -11.280488 -4.207317 -6.158537
37445 26 0.000000 0.000000 0.000000 -4.573171 -1.219512 -0.487805
37450 26 0.000000 0.000000 0.000000 -2.378049 -0.182927 2.378049
37455 26 0.000000 0.000000 0.000000 -6.158537 -2.682927 -4.085366
37460 26 0.000000 0.000000 0.000000 -11.158537 -4.695122 -10.792684
37465 26 0.000000 0.000000 0.000000 -9.939025 -0.121951 -3.536585
37470 26 0.000000 0.000000 0.000000 -6.585366 1.585366 0.670732
37475 26 0.000000 0.000000 0.000000 -4.634146 -1.951220 -5.548780
37480 26 0.000000 0.000000 0.000000 -6.280488 -11.951220 -13.658537
37485 26 0.000000 0.000000 0.000000 -5.609756 -14.207317 -7.317073
37490 26 0.000000 0.000000 0.000000 -5.975610 -7.195122 -2.987805
37495 26 0.000000 0.000000 0.000000 -1.036585 0.609756 2.378049
37500 26 0.000000 0.000000 0.000000 3.658537 3.841464 3.353659
37505 26 0.000000 0.000000 0.000000 -5.121951 0.853659 -4.085366
37510 26 0.000000 0.000000 0.000000 -12.804878 -1.585366 -5.914634
37515 26 0.000000 0.000000 0.000000 -14.329268 -0.792683 2.195122
37520 26 0.000000 0.000000 0.000000 -11.585366 1.646341 13.292684
37525 26 0.000000 0.000000 0.000000 -9.573171 -0.914634 7.378049
37530 26 0.000000 0.000000 0.000000 -8.658537 -4.390244 -0.731707
37535 26 0.000000 0.000000 0.000000 -6.585366 -4.573171 -5.853659
37540 26 0.000000 0.000000 0.000000 -3.719512 -1.829268 -8.231708
37545 26 0.000000 0.000000 0.000000 -5.365854 -0.243902 -4.573171
37550 26 0.000000 0.000000 0.000000 -11.890244 -1.463415 -1.707317
37555 26 0.000000 0.000000 0.000000 -19.573172 -4.695122 -3.719512
37560 26 0.000000 0.000000 0.000000 -24.939026 -7.743903 -4.939024
37565 26 0.000000 0.000000 0.000000 -20.487804 -4.695122 2.073171
37570 26 0.000000 0.000000 0.000000 -15.000000 -2.926829 3.109756
37575 26 0.000000 0.000000 0.000000 -13.658537 -2.682927 -0.121951
37580 26 0.000000 0.000000 0.000000 -14.695123 -3.109756 -4.878049
37585 26 0.000000 0.000000 0.000000 -13.780488 -3.658537 -7.987805
37590 26 0.000000 0.000000 0.000000 -11.036586 -4.512195 -6.402439
37595 26 0.000000 0.000000 0.000000 -11.585366 -5.670732 -5.060976
37600 26 0.000000 0.000000 0.000000 -15.853659 -6.890244 -5.182927
37605 26 0.000000 0.000000 0.000000 -14.878049 -4.878049 -6.097561
37610 26 0.000000 0.000000 0.000000 -10.487805 -2.682927 -5.975610
37615 26 0.000000 0.000000 0.000000 -4.756098 -1.219512 -2.500000
37620 26 0.000000 0.000000 0.000000 0.243902 -2.621951 0.670732
37625 26 0.000000 0.000000 0.000000 -2.256098 -4.207317 -1.646341
37630 26 0.000000 0.000000 0.000000 -3.353659 -6.158537 -3.841464
37635 26 0.000000 0.000000 0.000000 0.548781 -4.878049 -5.060976
37640 26 0.000000 0.000000 0.000000 6.158537 -2.256098 -4.390244
37645 26 0.000000 0.000000 0.000000 3.109756 -5.426829 -4.512195
37650 26 0.000000 0.000000 0.000000 -0.609756 -7.378049 -6.341464
37655 26 0.000000 0.000000 0.000000 -4.878049 -8.231708 -5.975610
37660 26 0.000000 0.000000 0.000000 -11.158537 -9.695122 -2.621951
37665 26 0.000000 0.000000 0.000000 -8.902439 -8.353659 -4.878049
37670 26 0.000000 0.000000 0.000000 -7.865854 -5.914634 -7.012195
37675 26 0.000000 0.000000 0.000000 -11.768293 -4.024390 -9.268292
37680 26 0.000000 0.000000 0.000000 -19.268293 -3.841464 -11.585366
37685 26 0.000000 0.000000 0.000000 -18.292683 -1.585366 -2.987805
37690 26 0.000000 0.000000 0.000000 -12.256098 2.256098 5.121951
37695 26 0.000000 0.000000 0.000000 -5.548780 3.902439 9.878049
37700 26 0.000000 0.000000 0.000000 0.914634 3.170732 10.731708
37705 26 0.000000 0.000000 0.000000 -1.707317 1.585366 4.573171
37710 26 0.000000 0.000000 0.000000 -4.695122 0.670732 0.000000
37715 26 0.000000 0.000000 0.000000 -4.939024 0.000000 -0.731707
37720 26 0.000000 0.000000 0.000000 -3.780488 -1.402439 -1.524390
37725 26 0.000000 0.000000 0.000000 -4.756098 -5.365854 -5.000000
37730 26 0.000000 0.000000 0.000000 -4.756098 -7.134147 -7.073171
37735 26 0.000000 0.000000 0.000000 -6.646342 -5.182927 -2.560976
37740 26 0.000000 0.000000 0.000000 -9.024390 -1.524390 7.256098
37745 26 0.000000 0.000000 0.000000 -7.682927 3.353659 10.853659
37750 26 0.000000 0.000000 0.000000 -8.170732 4.634146 8.536586
37755 26 0.000000 0.000000 0.000000 -10.426829 0.792683 -1.402439
37760 26 0.000000 0.000000 0.000000 -14.085366 -6.280488 -15.121951
37765 26 0.000000 0.000000 0.000000 -13.048780 -4.634146 -10.792684
37770 26 0.000000 0.000000 0.000000 -9.024390 -0.121951 -0.548781
37775 26 0.000000 0.000000 0.000000 -5.121951 1.951220 8.414635
37780 26 0.000000 0.000000 0.000000 -2.012195 2.134146 15.975610
37785 26 0.000000 0.000000 0.000000 -3.292683 -0.731707 7.621952
37790 26 0.000000 0.000000 0.000000 -4.329268 -2.743902 -0.792683
37795 26 0.000000 0.000000 0.000000 -4.695122 -2.987805 -3.475610
37800 26 0.000000 0.000000 0.000000 -3.780488 -1.463415 -3.841464
37805 26 0.000000 0.000000 0.000000 -3.353659 -3.231707 -2.682927
37810 26 0.000000 0.000000 0.000000 -3.536585 -3.719512 -1.341463
37815 26 0.000000 0.000000 0.000000 -5.548780 -5.609756 -3.109756
37820 26 0.000000 0.000000 0.000000 -8.109756 -8.353659 -6.585366
37825 26 0.000000 0.000000 0.000000 -5.182927 -3.170732 -0.243902
37830 26 0.000000 0.000000 0.000000 -2.560976 0.975610 5.182927
37835 26 0.000000 0.000000 0.000000 -0.182927 3.048780 6.463415
37840 26 0.000000 0.000000 0.000000 1.158537 6.402439 5.304878
37845 26 0.000000 0.000000 0.000000 -0.731707 3.902439 2.195122
37850 26 0.000000 0.000000 0.000000 -1.707317 0.304878 0.121951
37855 26 0.000000 0.000000 0.000000 -1.646341 -2.073171 0.000000
37860 26 0.000000 0.000000 0.000000 0.609756 -2.621951 2.256098
37865 26 0.000000 0.000000 0.000000 1.402439 -0.975610 2.073171
37870 26 0.000000 0.000000 0.000000 2.134146 -0.975610 0.670732
37875 26 0.000000 0.000000 0.000000 -3.658537 -0.548781 -1.646341
37880 26 0.000000 0.000000 0.000000 -15.853659 1.707317 -6.402439
37885 26 0.000000 0.000000 0.000000 -13.841464 0.609756 -4.390244
37890 26 0.000000 0.000000 0.000000 -8.597561 -1.707317 -2.743902
37895 26 0.000000 0.000000 0.000000 -2.256098 -0.914634 -0.426829
37900 26 0.000000 0.000000 0.000000 5.121951 1.768293 6.280488
37905 26 0.000000 0.000000 0.000000 -1.829268 3.902439 3.780488
37910 26 0.000000 0.000000 0.000000 -8.902439 3.719512 2.378049
37915 26 0.000000 0.000000 0.000000 -12.865854 2.134146 1.707317
37920 26 0.000000 0.000000 0.000000 -12.012196 -1.036585 -0.487805
37925 26 0.000000 0.000000 0.000000 -8.292683 -0.609756 -0.121951
37930 26 0.000000 0.000000 0.000000 -8.414635 0.304878 0.304878
37935 26 0.000000 0.000000 0.000000 -6.951220 0.548781 0.548781
37940 26 0.000000 0.000000 0.000000 -5.975610 0.731707 1.951220
37945 26 0.000000 0.000000 0.000000 -4.512195 -0.914634 0.060976
37950 26 0.000000 0.000000 0.000000 -1.707317 -2.743902 -2.134146
37955 26 0.000000 0.000000 0.000000 0.365854 -3.719512 -5.243903
37960 26 0.000000 0.000000 0.000000 1.097561 -5.365854 -10.000000
37965 26 -10.000000 0.000000 0.000000 -0.060976 -5.975610 -8.536586
37970 26 -10.000000 0.000000 0.000000 -2.560976 -3.719512 -6.097561
37975 26 -10.000000 0.000000 0.000000 -3.475610 -2.012195 -0.304878
37980 26 -10.000000 0.000000 0.000000 -0.304878 -0.914634 7.195122
37985 26 -20.000000 0.000000 0.000000 -0.182927 1.707317 5.304878
37990 26 -20.000000 0.000000 0.000000 -3.292683 3.536585 2.500000
37995 26 -30.000000 0.000000 0.000000 -6.585366 3.475610 -4.146341
38000 26 -30.000000 0.000000 0.000000 -12.500000 -0.731707 -11.280488
38005 26 -30.000000 0.000000 0.000000 -14.756098 -1.402439 -4.268293
38010 26 -30.000000 0.000000 0.000000 -16.646341 2.317073 2.134146
38015 26 -30.000000 0.000000 0.000000 -22.560976 6.585366 4.878049
38020 26 -30.000000 0.000000 0.000000 -34.024391 10.182927 3.841464
38025 26 -40.000000 0.000000 0.000000 -35.975609 8.292683 1.951220
38030 26 -40.000000 0.000000 0.000000 -33.048782 5.365854 0.975610
38035 26 -40.000000 0.000000 0.000000 -29.085367 4.512195 4.817073
38040 26 -40.000000 0.000000 0.000000 -25.548780 4.756098 10.304878
38045 26 -40.000000 0.000000 0.000000 -25.609756 4.451220 5.548780
38050 26 -50.000000 0.000000 0.000000 -28.353659 1.951220 -0.426829
38055 26 -50.000000 0.000000 0.000000 -32.134148 0.487805 0.121951
38060 26 -50.000000 0.000000 0.000000 -37.804878 -0.304878 3.231707
38065 26 -50.000000 0.000000 0.000000 -42.073174 0.487805 -1.646341
38070 26 -50.000000 0.000000 0.000000 -46.646343 2.378049 -5.182927
38075 26 -50.000000 0.000000 0.000000 -49.024391 2.195122 -8.048780
38080 26 -50.000000 0.000000 0.000000 -51.829269 -0.548781 -9.695122
38085 26 -60.000000 0.000000 0.000000 -54.756100 -0.731707 -7.256098
38090 26 -60.000000 0.000000 0.000000 -56.036587 0.548781 -5.609756
38095 26 -60.000000 0.000000 0.000000 -57.621952 0.121951 -6.890244
38100 26 -60.000000 0.000000 0.000000 -59.207317 0.060976 -9.695122
38105 26 -60.000000 0.000000 0.000000 -60.182930 -1.097561 -9.512196
38110 26 -60.000000 0.000000 0.000000 -59.512196 -3.536585 -6.097561
38115 26 -70.000000 0.000000 0.000000 -51.890244 -2.195122 -0.060976
38120 26 -70.000000 0.000000 0.000000 -41.829269 2.926829 5.060976
38125 26 -70.000000 0.000000 0.000000 -42.378048 1.585366 3.231707
38130 26 -70.000000 0.000000 0.000000 -44.329269 -1.036585 4.634146
38135 26 -70.000000 0.000000 0.000000 -44.817074 -1.402439 6.402439
38140 26 -70.000000 0.000000 0.000000 -47.012196 -1.707317 5.182927
38145 26 -70.000000 0.000000 0.000000 -48.780487 0.121951 2.317073
38150 26 -80.000000 0.000000 0.000000 -50.304878 2.256098 -0.304878
38155 26 -80.000000 0.000000 0.000000 -57.378052 2.560976 -0.243902
38160 26 -80.000000 0.000000 0.000000 -66.219513 0.243902 0.548781
38165 26 -80.000000 0.000000 0.000000 -62.987808 3.597561 2.743902
38170 26 -80.000000 0.000000 0.000000 -57.500000 8.292683 8.231708
38175 26 -80.000000 0.000000 0.000000 -55.487804 11.463415 14.634147
38180 26 -80.000000 0.000000 0.000000 -59.512196 9.634147 13.841464
38185 26 -80.000000 0.000000 0.000000 -58.109756 4.634146 13.353659
38190 26 -90.000000 0.000000 0.000000 -55.060978 -0.609756 14.268293
38195 26 -90.000000 0.000000 0.000000 -50.304878 0.914634 15.060976
38200 26 -90.000000 0.000000 0.000000 -48.048782 4.573171 8.658537
38205 26 -90.000000 0.000000 0.000000 -51.219513 3.658537 2.865854
38210 26 -90.000000 0.000000 0.000000 -57.195122 5.731708 1.646341
38215 26 -90.000000 0.000000 0.000000 -63.353661 9.085366 0.487805
38220 26 -90.000000 0.000000 0.000000 -69.085365 12.073171 -4.451220
38225 26 -90.000000 0.000000 0.000000 -69.329269 8.780488 -5.243903
38230 26 -90.000000 0.000000 0.000000 -66.524391 -1.951220 -7.195122
38235 26 -90.000000 0.000000 0.000000 -64.756096 -5.304878 -7.926829
38240 26 -90.000000 0.000000 0.000000 -61.463417 0.548781 -2.012195
38245 26 -100.000000 0.000000 0.000000 -63.902439 -2.012195 -3.292683
38250 26 -100.000000 0.000000 0.000000 -64.146339 -9.207317 -6.951220
38255 26 -100.000000 0.000000 0.000000 -61.707317 -9.329268 -2.804878
38260 26 -100.000000 0.000000 0.000000 -68.353661 -6.768293 1.646341
38265 26 -100.000000 0.000000 0.000000 -67.073174 -4.268293 -3.719512
38270 26 -100.000000 0.000000 0.000000 -59.634148 -5.182927 -9.817074
38275 26 -110.000000 0.000000 0.000000 -58.902439 -11.768293 -9.451220
38280 26 -110.000000 0.000000 0.000000 -57.621952 -20.731709 -16.890244
38285 26 -110.000000 0.000000 0.000000 -54.939026 -10.914635 -16.585365
38290 26 -110.000000 0.000000 0.000000 -55.182930 5.548780 -13.292684
38295 26 -110.000000 0.000000 0.000000 -62.926830 -1.951220 -21.036587
38300 26 -110.000000 0.000000 0.000000 -67.195122 -11.585366 -33.719513
38305 26 -110.000000 0.000000 0.000000 -56.585365 -5.304878 -29.146341
38310 26 -120.000000 0.000000 0.000000 -51.280491 2.926829 -22.134148
38315 26 -120.000000 0.000000 0.000000 -56.036587 -2.134146 -25.121952
38320 26 -120.000000 0.000000 0.000000 -59.268295 -8.963415 -29.329269
38325 26 -120.000000 0.000000 0.000000 -62.926830 -2.134146 -25.487806
38330 26 -120.000000 0.000000 0.000000 -65.792686 0.487805 -23.414635
38335 26 -130.000000 0.000000 0.000000 -69.573174 -5.670732 -25.548780
38340 26 -130.000000 0.000000 0.000000 -71.707321 -4.573171 -22.317074
38345 26 -130.000000 0.000000 0.000000 -72.926834 0.609756 -21.585367
38350 26 -130.000000 0.000000 0.000000 -77.804878 2.804878 -21.036587
38355 26 -130.000000 0.000000 0.000000 -89.268295 6.646342 -17.500000
38360 26 -130.000000 0.000000 0.000000 -95.914635 14.573171 -7.804878
38365 26 -130.000000 0.000000 0.000000 -99.512199 19.329269 1.768293
38370 26 -130.000000 0.000000 0.000000 -100.548782 12.560976 -1.341463
38375 26 -130.000000 0.000000 0.000000 -95.853661 7.439024 -2.987805
38380 26 -130.000000 0.000000 0.000000 -90.731712 2.439024 1.951220
38385 26 -140.000000 0.000000 0.000000 -81.768295 -4.817073 4.634146
38390 26 -140.000000 0.000000 0.000000 -78.780487 -5.487805 10.853659
38395 26 -140.000000 0.000000 0.000000 -78.658539 -6.036585 12.195122
38400 26 -140.000000 0.000000 0.000000 -78.963417 -9.939025 16.707317
38405 26 -140.000000 0.000000 0.000000 -81.341469 -2.439024 28.475611
38410 26 -140.000000 0.000000 0.000000 -79.695122 -0.426829 31.890245
38415 26 -140.000000 0.000000 0.000000 -77.439026 -4.085366 29.390245
38420 26 -140.000000 0.000000 0.000000 -75.426834 -4.207317 27.804878
38425 26 -140.000000 0.000000 0.000000 -70.670731 -5.426829 30.609756
38430 26 -140.000000 0.000000 0.000000 -65.243904 -17.012196 25.914635
38435 26 -140.000000 0.000000 0.000000 -64.939026 -24.329269 23.109756
38440 26 -140.000000 0.000000 0.000000 -63.292683 -24.878050 22.378050
38445 26 -140.000000 0.000000 0.000000 -66.036591 -14.756098 23.414635
38450 26 -140.000000 0.000000 0.000000 -72.743904 -5.000000 22.256098
38455 26 -140.000000 0.000000 0.000000 -77.317078 -3.475610 21.463415
38460 26 -140.000000 0.000000 0.000000 -82.378052 -5.182927 17.682928
38465 26 -140.000000 0.000000 0.000000 -81.524391 -5.304878 12.073171
38470 26 -140.000000 0.000000 0.000000 -78.048782 -3.109756 8.597561
38475 26 -140.000000 0.000000 0.000000 -76.097565 -2.378049 6.646342
38480 26 -140.000000 0.000000 0.000000 -77.865852 -2.865854 1.463415
38485 26 -140.000000 0.000000 0.000000 -77.865852 -2.134146 2.804878
38490 26 -130.000000 0.000000 0.000000 -77.804878 -0.548781 4.634146
38495 26 -130.000000 0.000000 0.000000 -81.097565 -0.792683 4.512195
38500 26 -130.000000 0.000000 0.000000 -79.756096 0.182927 5.609756
38505 26 -130.000000 0.000000 0.000000 -75.609756 -0.365854 5.060976
38510 26 -120.000000 0.000000 0.000000 -72.743904 3.353659 2.195122
38515 26 -120.000000 0.000000 0.000000 -71.219513 7.317073 -2.195122
38520 26 -120.000000 0.000000 0.000000 -68.841469 7.804878 -0.060976
38525 26 -110.000000 0.000000 0.000000 -65.426834 8.719512 -6.402439
38530 26 -110.000000 0.000000 0.000000 -60.365856 9.695122 -10.548780
38535 26 -100.000000 0.000000 0.000000 -55.365856 10.000000 -11.646341
38540 26 -100.000000 0.000000 0.000000 -52.439026 10.060976 -11.829268
38545 26 -100.000000 0.000000 0.000000 -48.963417 10.000000 -10.731708
38550 26 -90.000000 0.000000 0.000000 -42.195122 6.524390 -8.536586
38555 26 -80.000000 0.000000 0.000000 -36.524391 0.365854 -5.609756
38560 26 -80.000000 0.000000 0.000000 -29.939026 -4.817073 -4.634146
38565 26 -70.000000 0.000000 0.000000 -28.536587 -3.780488 1.707317
38570 26 -60.000000 0.000000 0.000000 -24.939026 -2.865854 4.146341
38575 26 -40.000000 0.000000 0.000000 -19.329269 -1.585366 5.060976
38580 26 -40.000000 0.000000 0.000000 -16.219513 0.365854 7.317073
38585 26 -10.000000 0.000000 0.000000 -4.512195 -0.487805 3.780488
38590 26 0.000000 0.000000 0.000000 5.548780 -0.670732 1.219512
38595 26 0.000000 0.000000 0.000000 13.109756 -0.121951 -0.487805
38600 26 0.000000 0.000000 0.000000 25.060976 0.426829 -3.658537
38605 26 0.000000 0.000000 0.000000 34.878048 5.243903 -1.036585
38610 26 0.000000 0.000000 0.000000 42.317074 6.402439 0.426829
38615 26 0.000000 0.000000 0.000000 52.682926 6.951220 -1.036585
38620 26 0.000000 0.000000 0.000000 66.036591 8.292683 0.914634
38625 26 0.000000 0.000000 0.000000 71.524391 7.134147 3.109756
38630 26 0.000000 0.000000 0.000000 77.012199 4.512195 0.914634
38635 26 0.000000 0.000000 0.000000 81.463417 4.268293 3.109756
38640 26 0.000000 0.000000 0.000000 81.402443 6.158537 6.158537
38645 26 0.000000 0.000000 0.000000 87.621956 5.548780 3.658537
38650 26 0.000000 0.000000 0.000000 91.036591 3.658537 2.195122
38655 26 0.000000 0.000000 0.000000 87.804878 2.195122 2.012195
38660 26 0.000000 0.000000 0.000000 83.719513 3.292683 2.012195
38665 26 0.000000 0.000000 0.000000 80.487808 3.170732 0.243902
38670 26 0.000000 0.000000 0.000000 77.560974 4.207317 -0.060976
38675 26 0.000000 0.000000 0.000000 70.609756 3.231707 0.670732
38680 26 0.000000 0.000000 0.000000 65.792686 1.585366 2.804878
38685 26 0.000000 0.000000 0.000000 55.670734 0.609756 2.012195
38690 26 0.000000 0.000000 0.000000 47.926830 1.463415 0.487805
38695 26 0.000000 0.000000 0.000000 41.402439 1.280488 3.719512
38700 26 0.000000 0.000000 0.000000 37.987804 0.000000 5.914634
38705 26 0.000000 0.000000 0.000000 32.926830 -0.243902 2.378049
38710 26 0.000000 0.000000 0.000000 30.000000 -0.609756 -0.548781
38715 26 0.000000 0.000000 0.000000 28.719513 -0.121951 1.036585
38720 26 0.000000 0.000000 0.000000 25.365854 1.646341 3.536585
38725 26 0.000000 0.000000 0.000000 27.926830 0.609756 -1.036585
38730 26 0.000000 0.000000 0.000000 32.134148 -0.182927 -1.890244
38735 26 0.000000 0.000000 0.000000 33.963417 -0.121951 -1.402439
38740 26 0.000000 0.000000 0.000000 39.573174 -0.060976 -2.439024
38745 26 0.000000 0.000000 0.000000 40.426830 2.682927 0.487805
38750 26 0.000000 0.000000 0.000000 39.634148 3.353659 0.426829
38755 26 0.000000 0.000000 0.000000 41.951221 3.414634 1.585366
38760 26 0.000000 0.000000 0.000000 45.182926 4.390244 2.317073
38765 26 0.000000 0.000000 0.000000 46.341465 2.560976 -2.195122
38770 26 0.000000 0.000000 0.000000 46.646343 0.731707 -1.585366
38775 26 0.000000 0.000000 0.000000 47.195122 1.280488 -1.402439
38780 26 0.000000 0.000000 0.000000 46.585365 0.670732 -3.353659
38785 26 0.000000 0.000000 0.000000 49.756100 2.500000 0.487805
38790 26 0.000000 0.000000 0.000000 51.890244 0.975610 0.487805
38795 26 0.000000 0.000000 0.000000 50.000000 -0.060976 2.865854
38800 26 0.000000 0.000000 0.000000 49.939026 -1.646341 5.487805
38805 26 0.000000 0.000000 0.000000 50.548782 -2.682927 2.682927
38810 26 0.000000 0.000000 0.000000 47.256100 -3.109756 2.865854
38815 26 0.000000 0.000000 0.000000 44.268295 -2.378049 3.658537
38820 26 0.000000 0.000000 0.000000 40.000000 -2.804878 6.097561
38825 26 0.000000 0.000000 0.000000 39.146343 -6.829268 5.487805
38830 26 0.000000 0.000000 0.000000 39.939026 -6.768293 3.963415
38835 26 0.000000 0.000000 0.000000 38.841465 -5.243903 4.207317
38840 26 0.000000 0.000000 0.000000 38.048782 -6.890244 0.487805
38845 26 0.000000 0.000000 0.000000 35.426830 -5.060976 1.890244
38850 26 0.000000 0.000000 0.000000 33.109756 -3.719512 5.000000
38855 26 0.000000 0.000000 0.000000 31.219513 -2.195122 7.987805
38860 26 0.000000 0.000000 0.000000 27.134148 -0.670732 13.353659
38865 26 0.000000 0.000000 0.000000 27.743902 -4.024390 9.695122
38870 26 0.000000 0.000000 0.000000 32.317074 -7.621952 3.231707
38875 26 0.000000 0.000000 0.000000 34.695122 -7.500000 2.439024
38880 26 0.000000 0.000000 0.000000 32.743904 -7.439024 2.378049
38885 26 0.000000 0.000000 0.000000 35.121952 -5.487805 0.304878
38890 26 0.000000 0.000000 0.000000 38.109756 -2.743902 0.914634
38895 26 0.000000 0.000000 0.000000 37.926830 -4.939024 2.256098
38900 26 0.000000 0.000000 0.000000 41.585365 -10.670732 -1.036585
38905 26 0.000000 0.000000 0.000000 41.402439 -10.304878 5.121951
38910 26 0.000000 0.000000 0.000000 40.487804 -7.195122 8.414635
38915 26 0.000000 0.000000 0.000000 42.134148 -5.548780 4.085366
38920 26 0.000000 0.000000 0.000000 40.731709 -2.743902 4.817073
38925 26 0.000000 0.000000 0.000000 38.109756 -4.024390 5.609756
38930 26 0.000000 0.000000 0.000000 36.646343 -5.182927 3.475610
38935 26 0.000000 0.000000 0.000000 36.829269 1.036585 2.195122
38940 26 0.000000 0.000000 0.000000 38.170734 6.646342 0.609756
38945 26 0.000000 0.000000 0.000000 33.414635 7.134147 -5.548780
38950 26 0.000000 0.000000 0.000000 29.329269 0.487805 -8.048780
38955 26 0.000000 0.000000 0.000000 28.048780 -1.768293 -4.878049
38960 26 0.000000 0.000000 0.000000 25.182928 1.585366 -4.634146
38965 26 0.000000 0.000000 0.000000 23.902439 -3.170732 -3.719512
38970 26 0.000000 0.000000 0.000000 26.524391 -3.048780 -2.743902
38975 26 0.000000 0.000000 0.000000 24.390244 -1.951220 -3.536585
38980 26 0.000000 0.000000 0.000000 21.219513 -2.439024 -3.109756
38985 26 0.000000 0.000000 0.000000 24.329269 -2.317073 -0.792683
38990 26 0.000000 0.000000 0.000000 25.731709 -0.243902 -0.914634
38995 26 0.000000 0.000000 0.000000 26.585367 2.317073 -0.060976
39000 26 0.000000 0.000000 0.000000 26.951220 -1.097561 3.109756
39005 26 0.000000 0.000000 0.000000 25.121952 0.182927 -0.060976
39010 26 0.000000 0.000000 0.000000 24.695122 1.585366 -2.378049
39015 26 0.000000 0.000000 0.000000 26.036587 2.560976 -1.341463
39020 26 0.000000 0.000000 0.000000 30.731709 6.402439 -1.158537
39025 26 0.000000 0.000000 0.000000 28.536587 6.097561 -3.170732
39030 26 0.000000 0.000000 0.000000 24.024391 1.646341 -3.719512
39035 26 0.000000 0.000000 0.000000 25.426830 1.158537 -4.207317
39040 26 0.000000 0.000000 0.000000 30.853659 5.365854 -4.573171
39045 26 0.000000 0.000000 0.000000 30.914635 4.817073 -0.365854
39050 26 0.000000 0.000000 0.000000 26.585367 1.768293 0.914634
39055 26 0.000000 0.000000 0.000000 25.487806 1.036585 -1.829268
39060 26 0.000000 0.000000 0.000000 29.329269 4.329268 -0.670732
39065 26 0.000000 0.000000 0.000000 25.487806 2.987805 -1.585366
39070 26 0.000000 0.000000 0.000000 19.756098 3.414634 -4.634146
39075 26 0.000000 0.000000 0.000000 18.963415 4.390244 -3.658537
39080 26 0.000000 0.000000 0.000000 22.012196 6.951220 4.451220
39085 26 0.000000 0.000000 0.000000 20.548780 -0.731707 0.548781
39090 26 0.000000 0.000000 0.000000 20.304878 -6.890244 -3.292683
39095 26 0.000000 0.000000 0.000000 20.914635 -5.792683 1.036585
39100 26 0.000000 0.000000 0.000000 19.329269 2.195122 1.524390
39105 26 0.000000 0.000000 0.000000 15.670732 1.524390 -1.219512
39110 26 0.000000 0.000000 0.000000 12.134147 -2.743902 -1.951220
39115 26 0.000000 0.000000 0.000000 13.780488 -2.317073 -3.170732
39120 26 0.000000 0.000000 0.000000 19.817074 0.426829 -4.390244
39125 26 0.000000 0.000000 0.000000 18.231709 -0.121951 -3.536585
39130 26 0.000000 0.000000 0.000000 15.000000 1.890244 -2.926829
39135 26 0.000000 0.000000 0.000000 15.792684 1.829268 -1.219512
39140 26 0.000000 0.000000 0.000000 19.878050 1.951220 6.463415
39145 26 0.000000 0.000000 0.000000 17.804878 0.426829 4.634146
39150 26 0.000000 0.000000 0.000000 17.073172 0.853659 -3.231707
39155 26 0.000000 0.000000 0.000000 19.146341 1.036585 -4.512195
39160 26 0.000000 0.000000 0.000000 22.378050 5.000000 5.670732
39165 26 0.000000 0.000000 0.000000 19.573172 6.768293 5.182927
39170 26 0.000000 0.000000 0.000000 19.085367 4.146341 -3.353659
39175 26 0.000000 0.000000 0.000000 20.853659 0.548781 -3.170732
39180 26 0.000000 0.000000 0.000000 27.317074 1.341463 8.902439
39185 26 0.000000 0.000000 0.000000 25.365854 2.743902 7.500000
39190 26 0.000000 0.000000 0.000000 24.024391 2.439024 -2.926829
39195 26 0.000000 0.000000 0.000000 23.658537 -0.121951 -3.536585
39200 26 0.000000 0.000000 0.000000 23.292683 2.073171 6.768293
39205 26 0.000000 0.000000 0.000000 18.231709 7.439024 6.463415
39210 26 0.000000 0.000000 0.000000 16.463415 8.841464 -1.951220
39215 26 0.000000 0.000000 0.000000 16.646341 3.902439 -4.695122
39220 26 0.000000 0.000000 0.000000 17.012196 2.621951 1.524390
39225 26 0.000000 0.000000 0.000000 13.780488 4.268293 -0.182927
39230 26 0.000000 0.000000 0.000000 13.841464 1.402439 -6.158537
39235 26 0.000000 0.000000 0.000000 17.073172 -3.658537 -5.731708
39240 26 0.000000 0.000000 0.000000 20.731709 -2.987805 1.707317
39245 26 0.000000 0.000000 0.000000 16.829269 -1.036585 -0.548781
39250 26 0.000000 0.000000 0.000000 12.743903 -1.768293 -5.914634
39255 26 0.000000 0.000000 0.000000 14.390244 -2.682927 -1.280488
39260 26 0.000000 0.000000 0.000000 18.109756 -1.097561 10.487805
39265 26 0.000000 0.000000 0.000000 15.426829 0.487805 9.085366
39270 26 0.000000 0.000000 0.000000 13.109756 -2.195122 0.731707
39275 26 0.000000 0.000000 0.000000 13.414635 -7.073171 2.682927
39280 26 0.000000 0.000000 0.000000 17.987804 -5.365854 11.951220
39285 26 0.000000 0.000000 0.000000 16.890244 -1.524390 5.792683
39290 26 0.000000 0.000000 0.000000 12.621951 1.097561 2.012195
39295 26 0.000000 0.000000 0.000000 12.378049 1.463415 4.939024
39300 26 0.000000 0.000000 0.000000 18.475611 1.768293 13.048780
39305 26 0.000000 0.000000 0.000000 18.841463 4.451220 11.585366
39310 26 0.000000 0.000000 0.000000 15.121951 6.036585 6.463415
39315 26 0.000000 0.000000 0.000000 12.073171 3.841464 2.073171
39320 26 0.000000 0.000000 0.000000 11.158537 -1.280488 1.097561
39325 26 0.000000 0.000000 0.000000 9.268292 -1.829268 -2.012195
39330 26 0.000000 0.000000 0.000000 10.060976 -2.926829 -2.378049
39335 26 0.000000 0.000000 0.000000 9.756098 -8.475610 -3.902439
39340 26 0.000000 0.000000 0.000000 5.060976 -14.390244 -6.707317
39345 26 0.000000 0.000000 0.000000 6.280488 -11.280488 -7.195122
39350 26 0.000000 0.000000 0.000000 8.170732 -4.756098 -6.463415
39355 26 0.000000 0.000000 0.000000 7.682927 -1.219512 -5.426829
39360 26 0.000000 0.000000 0.000000 4.878049 -1.646341 -2.500000
39365 26 0.000000 0.000000 0.000000 6.646342 -2.865854 -3.780488
39370 26 0.000000 0.000000 0.000000 11.402439 -2.073171 -6.707317
39375 26 0.000000 0.000000 0.000000 17.378050 3.048780 -6.646342
39380 26 0.000000 0.000000 0.000000 20.182928 8.597561 -6.219512
39385 26 0.000000 0.000000 0.000000 12.865854 5.792683 -7.621952
39390 26 0.000000 0.000000 0.000000 6.646342 0.975610 -9.268292
39395 26 0.000000 0.000000 0.000000 6.951220 -2.134146 -13.597561
39400 26 0.000000 0.000000 0.000000 9.512196 -2.378049 -18.719513
39405 26 0.000000 0.000000 0.000000 12.987805 -4.268293 -15.731708
39410 26 0.000000 0.000000 0.000000 16.280489 -4.695122 -10.365854
39415 26 0.000000 0.000000 0.000000 16.707317 -5.182927 -6.951220
39420 26 0.000000 0.000000 0.000000 16.219513 -3.170732 -6.280488
39425 26 0.000000 0.000000 0.000000 13.414635 3.109756 -5.426829
39430 26 0.000000 0.000000 0.000000 9.268292 7.621952 -8.231708
39435 26 0.000000 0.000000 0.000000 12.865854 5.365854 -5.609756
39440 26 0.000000 0.000000 0.000000 21.707317 6.158537 2.012195
39445 26 0.000000 0.000000 0.000000 20.487804 8.292683 -2.926829
39450 26 0.000000 0.000000 0.000000 14.512196 5.000000 -7.134147
39455 26 0.000000 0.000000 0.000000 12.500000 1.402439 -6.402439
39460 26 0.000000 0.000000 0.000000 13.719513 0.914634 -2.560976
39465 26 0.000000 0.000000 0.000000 11.951220 5.914634 -1.036585
39470 26 0.000000 0.000000 0.000000 9.329268 5.853659 -0.121951
39475 26 0.000000 0.000000 0.000000 8.597561 -0.182927 -3.719512
39480 26 0.000000 0.000000 0.000000 11.951220 -7.378049 -9.024390
39485 26 0.000000 0.000000 0.000000 13.048780 -3.170732 -6.890244
39490 26 0.000000 0.000000 0.000000 12.439025 1.768293 -2.926829
39495 26 0.000000 0.000000 0.000000 8.170732 -1.402439 -4.756098
39500 26 0.000000 0.000000 0.000000 2.073171 -10.000000 -7.134147
39505 26 0.000000 0.000000 0.000000 6.158537 -7.682927 0.792683
39510 26 0.000000 0.000000 0.000000 11.646341 -2.439024 4.634146
39515 26 0.000000 0.000000 0.000000 9.146341 -0.243902 1.524390
39520 26 0.000000 0.000000 0.000000 3.841464 -0.670732 -2.195122
39525 26 0.000000 0.000000 0.000000 10.914635 -2.500000 -0.182927
39530 26 0.000000 0.000000 0.000000 14.695123 -3.902439 3.109756
39535 26 0.000000 0.000000 0.000000 16.219513 -0.731707 6.463415
39540 26 0.000000 0.000000 0.000000 16.768293 4.390244 4.329268
39545 26 0.000000 0.000000 0.000000 11.951220 1.036585 -1.402439
39550 26 0.000000 0.000000 0.000000 7.621952 -0.914634 -2.012195
39555 26 0.000000 0.000000 0.000000 8.658537 2.134146 -0.304878
39560 26 0.000000 0.000000 0.000000 7.073171 7.195122 0.243902
39565 26 0.000000 0.000000 0.000000 4.634146 4.695122 -2.987805
39570 26 0.000000 0.000000 0.000000 5.487805 -1.280488 -3.414634
39575 26 0.000000 0.000000 0.000000 8.109756 -6.341464 1.951220
39580 26 0.000000 0.000000 0.000000 14.268293 -7.439024 15.975610
39585 26 0.000000 0.000000 0.000000 13.963415 -4.207317 12.804878
39590 26 0.000000 0.000000 0.000000 8.292683 -2.317073 2.073171
39595 26 0.000000 0.000000 0.000000 4.329268 -4.573171 -4.207317
39600 26 0.000000 0.000000 0.000000 7.439024 -8.902439 -1.951220
39605 26 0.000000 0.000000 0.000000 11.158537 -3.597561 2.743902
39610 26 0.000000 0.000000 0.000000 10.731708 2.134146 4.207317
39615 26 0.000000 0.000000 0.000000 7.804878 3.048780 -1.768293
39620 26 0.000000 0.000000 0.000000 4.268293 -1.219512 -13.170732
39625 26 0.000000 0.000000 0.000000 4.695122 -2.987805 -8.841464
39630 26 0.000000 0.000000 0.000000 4.939024 -0.670732 -2.682927
39635 26 0.000000 0.000000 0.000000 2.804878 2.317073 -4.085366
39640 26 0.000000 0.000000 0.000000 -0.426829 2.134146 -10.304878
39645 26 0.000000 0.000000 0.000000 1.768293 -0.731707 -8.475610
39650 26 0.000000 0.000000 0.000000 6.951220 -1.097561 -4.146341
39655 26 0.000000 0.000000 0.000000 13.841464 -0.121951 5.000000
39660 26 0.000000 0.000000 0.000000 22.378050 3.658537 17.195122
39665 26 0.000000 0.000000 0.000000 23.536587 2.378049 9.085366
39670 26 0.000000 0.000000 0.000000 21.097561 -1.951220 -0.060976
39675 26 0.000000 0.000000 0.000000 16.707317 -8.353659 -3.292683
39680 26 0.000000 0.000000 0.000000 12.439025 -12.560976 -1.463415
39685 26 0.000000 0.000000 0.000000 8.597561 -6.036585 0.792683
39690 26 0.000000 0.000000 0.000000 7.134147 3.292683 0.853659
39695 26 0.000000 0.000000 0.000000 2.926829 5.914634 -2.560976
39700 26 0.000000 0.000000 0.000000 -2.317073 0.487805 -1.707317
39705 26 0.000000 0.000000 0.000000 1.158537 1.463415 7.012195
39710 26 0.000000 0.000000 0.000000 6.646342 0.548781 10.609756
39715 26 0.000000 0.000000 0.000000 7.621952 -0.243902 10.121951
39720 26 0.000000 0.000000 0.000000 4.085366 -1.219512 8.048780
39725 26 0.000000 0.000000 0.000000 6.829268 -5.000000 6.524390
39730 26 0.000000 0.000000 0.000000 12.317074 -6.707317 6.585366
39735 26 0.000000 0.000000 0.000000 15.182927 -4.329268 4.695122
39740 26 0.000000 0.000000 0.000000 13.292684 -1.524390 -2.500000
39745 26 0.000000 0.000000 0.000000 8.353659 -0.060976 -3.719512
39750 26 0.000000 0.000000 0.000000 3.719512 1.585366 -0.914634
39755 26 0.000000 0.000000 0.000000 5.304878 1.524390 3.414634
39760 26 0.000000 0.000000 0.000000 12.134147 5.548780 12.560976
39765 26 0.000000 0.000000 0.000000 9.878049 6.097561 9.817074
39770 26 0.000000 0.000000 0.000000 6.524390 4.207317 3.353659
39775 26 0.000000 0.000000 0.000000 6.036585 1.280488 2.012195
39780 26 0.000000 0.000000 0.000000 9.634147 -0.426829 2.682927
39785 26 0.000000 0.000000 0.000000 8.780488 -0.670732 2.012195
39790 26 0.000000 0.000000 0.000000 8.353659 -0.914634 1.280488
39795 26 0.000000 0.000000 0.000000 1.890244 -6.768293 -5.487805
39800 26 0.000000 0.000000 0.000000 -5.792683 -14.390244 -13.170732
39805 26 0.000000 0.000000 0.000000 0.853659 -9.451220 -7.012195
39810 26 0.000000 0.000000 0.000000 5.365854 -2.865854 -2.926829
39815 26 0.000000 0.000000 0.000000 6.280488 3.292683 -1.707317
39820 26 0.000000 0.000000 0.000000 5.609756 7.317073 -2.987805
39825 26 0.000000 0.000000 0.000000 2.439024 2.865854 -5.121951
39830 26 0.000000 0.000000 0.000000 1.524390 -0.365854 -5.426829
39835 26 0.000000 0.000000 0.000000 2.682927 -0.853659 -2.073171
39840 26 0.000000 0.000000 0.000000 4.146341 -0.121951 5.182927
39845 26 0.000000 0.000000 0.000000 3.475610 -0.853659 4.695122
39850 26 0.000000 0.000000 0.000000 2.743902 1.097561 0.548781
39855 26 0.000000 0.000000 0.000000 6.585366 0.000000 -0.792683
39860 26 0.000000 0.000000 0.000000 14.878049 -1.158537 -0.975610
39865 26 0.000000 0.000000 0.000000 12.439025 1.524390 -1.768293
39870 26 0.000000 0.000000 0.000000 5.792683 2.560976 -1.280488
39875 26 0.000000 0.000000 0.000000 0.121951 -0.609756 -3.231707
39880 26 0.000000 0.000000 0.000000 -5.182927 -6.219512 -6.402439
39885 26 0.000000 0.000000 0.000000 -1.402439 -3.780488 -4.695122
39890 26 0.000000 0.000000 0.000000 2.256098 -0.365854 -3.048780
39895 26 0.000000 0.000000 0.000000 4.634146 1.402439 -0.060976
39900 26 0.000000 0.000000 0.000000 7.500000 3.414634 2.256098
39905 26 0.000000 0.000000 0.000000 6.951220 2.134146 -0.670732
39910 26 0.000000 0.000000 0.000000 4.817073 0.487805 -0.487805
39915 26 0.000000 0.000000 0.000000 4.085366 -1.280488 -0.731707
39920 26 0.000000 0.000000 0.000000 5.853659 -1.158537 -1.402439
39925 26 0.000000 0.000000 0.000000 6.402439 0.060976 0.792683
39930 26 0.000000 0.000000 0.000000 5.609756 -0.182927 2.439024
39935 26 0.000000 0.000000 0.000000 4.512195 -0.121951 4.939024
39940 26 0.000000 0.000000 0.000000 4.695122 1.585366 7.439024
39945 26 0.000000 0.000000 0.000000 8.536586 1.036585 4.512195
39950 26 0.000000 0.000000 0.000000 11.890244 1.219512 2.256098
39955 26 0.000000 0.000000 0.000000 12.500000 2.256098 -0.365854
39960 26 0.000000 0.000000 0.000000 5.060976 0.975610 -4.024390
39965 26 0.000000 0.000000 0.000000 0.853659 -2.256098 -3.841464
39970 26 0.000000 0.000000 0.000000 2.317073 -1.829268 -2.987805
39975 26 0.000000 0.000000 0.000000 3.109756 0.487805 -0.731707
39980 26 0.000000 0.000000 0.000000 3.780488 3.414634 3.170732
39985 26 0.000000 0.000000 0.000000 2.682927 -0.609756 3.170732
39990 26 0.000000 0.000000 0.000000 1.585366 -2.865854 2.134146
39995 26 0.000000 0.000000 0.000000 1.280488 -2.804878 0.060976
40000 26 0.000000 0.000000 0.000000 1.219512 0.548781 -1.707317
40005 26 0.000000 0.000000 0.000000 0.975610 2.134146 -1.402439
40010 26 0.000000 0.000000 0.000000 1.585366 0.792683 -0.731707
40015 26 0.000000 0.000000 0.000000 -1.585366 -1.524390 -0.853659
40020 26 0.000000 0.000000 0.000000 -8.231708 -3.658537 -0.182927
40025 26 0.000000 0.000000 0.000000 -5.609756 -2.378049 0.182927
40030 26 0.000000 0.000000 0.000000 1.097561 -2.195122 0.000000
40035 26 0.000000 0.000000 0.000000 8.536586 -1.646341 1.341463
40040 26 0.000000 0.000000 0.000000 12.500000 2.500000 2.500000
40045 26 0.000000 0.000000 0.000000 7.926829 3.292683 2.378049
40050 26 0.000000 0.000000 0.000000 4.634146 0.914634 2.317073
40055 26 0.000000 0.000000 0.000000 0.000000 -2.195122 2.865854
40060 26 0.000000 0.000000 0.000000 -2.378049 -4.146341 5.914634
40065 26 0.000000 0.000000 0.000000 3.963415 -1.768293 7.926829
40070 26 0.000000 0.000000 0.000000 8.231708 0.000000 7.926829
40075 26 0.000000 0.000000 0.000000 9.451220 3.292683 6.280488
40080 26 0.000000 0.000000 0.000000 6.951220 5.182927 0.975610
40085 26 0.000000 0.000000 0.000000 4.512195 1.951220 -0.792683
40090 26 0.000000 0.000000 0.000000 4.390244 0.060976 -0.914634
40095 26 0.000000 0.000000 0.000000 3.902439 -1.890244 1.463415
40100 26 0.000000 0.000000 0.000000 2.195122 -1.951220 5.609756
40105 26 0.000000 0.000000 0.000000 -0.243902 1.402439 2.804878
40110 26 0.000000 0.000000 0.000000 -2.926829 3.963415 0.243902
40115 26 0.000000 0.000000 0.000000 0.000000 -0.548781 0.853659
40120 26 0.000000 0.000000 0.000000 7.743903 -5.548780 4.634146
40125 26 0.000000 0.000000 0.000000 8.902439 -2.560976 4.939024
40130 26 0.000000 0.000000 0.000000 7.195122 -0.060976 3.353659
40135 26 0.000000 0.000000 0.000000 4.207317 1.829268 -2.500000
40140 26 0.000000 0.000000 0.000000 0.792683 1.158537 -8.902439
40145 26 0.000000 0.000000 0.000000 -0.121951 -2.256098 -3.292683
40150 26 0.000000 0.000000 0.000000 0.000000 -1.097561 3.292683
40155 26 0.000000 0.000000 0.000000 1.768293 -0.121951 9.878049
40160 26 0.000000 0.000000 0.000000 9.695122 0.853659 12.621951
40165 26 0.000000 0.000000 0.000000 13.231708 3.780488 3.109756
40170 26 0.000000 0.000000 0.000000 11.890244 5.426829 -3.780488
40175 26 0.000000 0.000000 0.000000 9.573171 3.841464 -5.731708
40180 26 0.000000 0.000000 0.000000 6.280488 1.524390 -2.804878
40185 26 0.000000 0.000000 0.000000 8.597561 2.682927 0.853659
40190 26 0.000000 0.000000 0.000000 12.073171 4.878049 1.646341
40195 26 0.000000 0.000000 0.000000 14.024390 7.012195 -0.060976
40200 26 0.000000 0.000000 0.000000 15.487805 4.878049 -2.743902
40205 26 0.000000 0.000000 0.000000 15.487805 3.353659 1.097561
40210 26 0.000000 0.000000 0.000000 14.695123 4.817073 5.670732
40215 26 0.000000 0.000000 0.000000 17.560976 9.512196 7.926829
40220 26 0.000000 0.000000 0.000000 20.304878 14.573171 5.304878
40225 26 0.000000 0.000000 0.000000 14.146341 11.463415 6.036585
40230 26 0.000000 0.000000 0.000000 6.890244 9.451220 7.195122
40235 26 0.000000 0.000000 0.000000 5.000000 11.036586 7.134147
40240 26 0.000000 0.000000 0.000000 8.170732 11.402439 4.939024
40245 26 0.000000 0.000000 0.000000 6.402439 11.524390 4.268293
40250 26 0.000000 0.000000 0.000000 6.280488 10.975610 5.731708
40255 26 0.000000 0.000000 0.000000 5.548780 4.695122 -0.121951
40260 26 0.000000 0.000000 0.000000 4.268293 1.463415 -9.573171
40265 26 0.000000 0.000000 0.000000 4.268293 9.512196 -3.963415
40270 26 0.000000 0.000000 0.000000 5.121951 13.719513 4.329268
40275 26 0.000000 0.000000 0.000000 6.036585 15.060976 3.170732
40280 26 0.000000 0.000000 0.000000 8.475610 14.756098 -0.365854
40285 26 0.000000 0.000000 0.000000 6.524390 12.987805 0.975610
40290 26 0.000000 0.000000 0.000000 6.585366 13.048780 3.414634
40295 26 0.000000 0.000000 0.000000 7.560976 10.000000 2.256098
40300 26 0.000000 0.000000 0.000000 9.512196 7.682927 0.792683
40305 26 0.000000 0.000000 0.000000 13.536586 11.890244 2.073171
40310 26 0.000000 0.000000 0.000000 18.475611 14.146341 1.463415
40315 26 0.000000 0.000000 0.000000 19.756098 12.012196 -0.426829
40320 26 0.000000 0.000000 0.000000 17.865854 9.207317 0.000000
40325 26 0.000000 0.000000 0.000000 18.841463 5.060976 -1.280488
40330 26 0.000000 0.000000 0.000000 21.463415 2.926829 -3.963415
40335 26 0.000000 0.000000 0.000000 22.317074 -0.182927 -2.012195
40340 26 0.000000 0.000000 0.000000 22.804878 2.682927 5.975610
40345 26 0.000000 0.000000 0.000000 21.219513 3.841464 3.719512
40350 26 0.000000 0.000000 0.000000 18.719513 -0.670732 -2.378049
40355 26 0.000000 0.000000 0.000000 14.024390 -2.012195 -3.048780
40360 26 0.000000 0.000000 0.000000 3.780488 -5.304878 1.768293
40365 26 0.000000 0.000000 0.000000 -1.341463 -6.646342 -0.426829
40370 26 0.000000 0.000000 0.000000 -4.756098 -1.158537 -8.231708
40375 26 0.000000 0.000000 0.000000 -12.621951 2.256098 -10.670732
40380 26 0.000000 0.000000 0.000000 -22.987806 -1.341463 -10.975610
40385 26 0.000000 0.000000 0.000000 -21.097561 -9.024390 -10.853659
40390 26 0.000000 0.000000 0.000000 -17.621952 -7.865854 -12.560976
40395 26 0.000000 0.000000 0.000000 -17.256098 -2.378049 -12.926829
40400 26 0.000000 0.000000 0.000000 -20.365854 0.304878 -14.817074
40405 26 0.000000 0.000000 0.000000 -26.585367 -3.902439 -20.182928
40410 26 0.000000 0.000000 0.000000 -26.524391 -5.731708 -24.329269
40415 26 0.000000 0.000000 0.000000 -24.390244 -6.402439 -24.634148
40420 26 0.000000 0.000000 0.000000 -18.597561 -7.987805 -23.109756
40425 26 0.000000 0.000000 0.000000 -13.109756 -6.646342 -23.658537
40430 26 0.000000 0.000000 0.000000 -9.512196 -3.719512 -21.280489
40435 26 0.000000 0.000000 0.000000 -9.451220 -4.024390 -20.609756
40440 26 0.000000 0.000000 0.000000 -17.195122 -3.597561 -23.292683
40445 26 0.000000 0.000000 0.000000 -8.475610 -2.621951 -16.890244
40450 26 0.000000 0.000000 0.000000 0.304878 -5.365854 -9.634147
40455 26 0.000000 0.000000 0.000000 -2.134146 1.951220 -9.329268
40460 26 0.000000 0.000000 0.000000 0.914634 5.121951 -12.500000
40465 26 0.000000 0.000000 0.000000 -4.146341 5.243903 -8.597561
40470 26 0.000000 0.000000 0.000000 -8.719512 4.390244 2.134146
40475 26 0.000000 0.000000 0.000000 -9.329268 8.109756 6.646342
40480 26 0.000000 0.000000 0.000000 -4.451220 12.378049 7.256098
40485 26 0.000000 0.000000 0.000000 -4.512195 11.036586 8.170732
40490 26 0.000000 0.000000 0.000000 -6.646342 9.207317 10.060976
40495 26 0.000000 0.000000 0.000000 -10.243902 11.158537 6.097561
40500 26 0.000000 0.000000 0.000000 -16.402439 11.951220 2.743902
40505 26 0.000000 0.000000 0.000000 -16.829269 14.207317 3.414634
40510 26 0.000000 0.000000 0.000000 -15.853659 15.487805 3.048780
40515 26 0.000000 0.000000 0.000000 -13.536586 11.097561 0.243902
40520 26 0.000000 0.000000 0.000000 -11.158537 7.195122 -5.487805
40525 26 0.000000 0.000000 0.000000 -8.658537 4.939024 -2.439024
40530 26 0.000000 0.000000 0.000000 -5.121951 3.658537 2.865854
40535 26 0.000000 0.000000 0.000000 -2.865854 3.658537 6.097561
40540 26 0.000000 0.000000 0.000000 -3.536585 3.353659 8.963415
40545 26 0.000000 0.000000 0.000000 5.304878 3.231707 11.829268
40550 26 0.000000 0.000000 0.000000 13.353659 5.060976 15.304878
40555 26 0.000000 0.000000 0.000000 23.536587 4.573171 14.390244
40560 26 0.000000 0.000000 0.000000 35.000000 1.951220 9.634147
40565 26 0.000000 0.000000 0.000000 32.378048 2.073171 8.963415
40570 26 0.000000 0.000000 0.000000 25.060976 3.841464 11.463415
40575 26 0.000000 0.000000 0.000000 15.426829 4.878049 11.707317
40580 26 0.000000 0.000000 0.000000 6.463415 4.390244 10.487805
40585 26 0.000000 0.000000 0.000000 5.365854 4.573171 15.914635
40590 26 0.000000 0.000000 0.000000 7.500000 6.951220 19.085367
40595 26 0.000000 0.000000 0.000000 7.439024 10.975610 19.878050
40600 26 0.000000 0.000000 0.000000 5.426829 17.926830 19.329269
40605 26 0.000000 0.000000 0.000000 5.365854 15.853659 20.000000
40610 26 0.000000 0.000000 0.000000 5.914634 8.048780 20.609756
40615 26 0.000000 0.000000 0.000000 4.451220 7.560976 16.768293
40620 26 0.000000 0.000000 0.000000 7.865854 8.536586 11.524390
40625 26 0.000000 0.000000 0.000000 10.975610 9.634147 10.853659
40630 26 0.000000 0.000000 0.000000 16.097561 2.560976 12.926829
40635 26 0.000000 0.000000 0.000000 10.792684 -1.646341 9.024390
40640 26 0.000000 0.000000 0.000000 6.646342 1.097561 -1.646341
40645 26 0.000000 0.000000 0.000000 5.365854 -4.390244 1.280488
40650 26 0.000000 0.000000 0.000000 7.073171 -4.756098 6.890244
40655 26 0.000000 0.000000 0.000000 14.207317 -4.268293 8.536586
40660 26 0.000000 0.000000 0.000000 18.109756 -6.463415 10.548780
40665 26 0.000000 0.000000 0.000000 18.292683 -0.121951 12.621951
40670 26 0.000000 0.000000 0.000000 16.341463 4.268293 11.463415
40675 26 0.000000 0.000000 0.000000 12.256098 2.926829 8.109756
40680 26 0.000000 0.000000 0.000000 12.621951 -2.134146 8.841464
40685 26 0.000000 0.000000 0.000000 9.207317 -1.463415 11.280488
40690 26 0.000000 0.000000 0.000000 5.914634 -0.121951 9.024390
40695 26 0.000000 0.000000 0.000000 0.000000 4.695122 1.341463
40700 26 0.000000 0.000000 0.000000 -5.182927 2.621951 -6.951220
40705 26 0.000000 0.000000 0.000000 -12.012196 -6.280488 -4.695122
40710 26 0.000000 0.000000 0.000000 -16.524391 -5.182927 -3.963415
40715 26 0.000000 0.000000 0.000000 -13.109756 1.463415 -6.585366
40720 26 0.000000 0.000000 0.000000 -3.597561 2.378049 -7.073171
40725 26 0.000000 0.000000 0.000000 -1.829268 1.097561 -7.865854
40730 26 0.000000 0.000000 0.000000 -5.121951 0.000000 -8.780488
40735 26 0.000000 0.000000 0.000000 -5.426829 -1.280488 -11.585366
40740 26 0.000000 0.000000 0.000000 -7.134147 -6.158537 -17.378050
40745 26 0.000000 0.000000 0.000000 -5.000000 -7.621952 -13.963415
40750 26 0.000000 0.000000 0.000000 0.121951 -4.939024 -8.353659
40755 26 0.000000 0.000000 0.000000 9.634147 -2.073171 -3.048780
40760 26 0.000000 0.000000 0.000000 23.109756 -0.609756 0.914634
40765 26 0.000000 0.000000 0.000000 19.329269 -1.463415 -4.268293
40770 26 0.000000 0.000000 0.000000 10.975610 -3.414634 -7.560976
40775 26 0.000000 0.000000 0.000000 0.548781 -6.097561 -6.707317
40780 26 0.000000 0.000000 0.000000 -13.048780 -7.195122 -5.853659
40785 26 0.000000 0.000000 0.000000 -10.548780 -2.804878 -2.256098
40790 26 0.000000 0.000000 0.000000 -7.743903 0.853659 -0.365854
40795 26 0.000000 0.000000 0.000000 -6.890244 6.280488 2.012195
40800 26 0.000000 0.000000 0.000000 -5.609756 8.536586 2.926829
40805 26 0.000000 0.000000 0.000000 -8.353659 4.756098 0.000000
40810 26 0.000000 0.000000 0.000000 -11.463415 4.390244 0.914634
40815 26 0.000000 0.000000 0.000000 -8.170732 3.597561 5.060976
40820 26 0.000000 0.000000 0.000000 -0.243902 2.987805 8.902439
40825 26 0.000000 0.000000 0.000000 5.914634 4.573171 9.573171
40830 26 0.000000 0.000000 0.000000 7.987805 4.390244 7.560976
40835 26 0.000000 0.000000 0.000000 8.902439 2.804878 1.402439
40840 26 0.000000 0.000000 0.000000 7.804878 0.975610 -7.621952
40845 26 0.000000 0.000000 0.000000 5.975610 -0.975610 -7.256098
40850 26 0.000000 0.000000 0.000000 8.292683 -0.731707 -6.158537
40855 26 0.000000 0.000000 0.000000 11.036586 -0.060976 1.768293
40860 26 0.000000 0.000000 0.000000 13.170732 4.085366 16.890244
40865 26 0.000000 0.000000 0.000000 14.878049 10.121951 13.780488
40870 26 0.000000 0.000000 0.000000 15.548780 5.731708 7.134147
40875 26 0.000000 0.000000 0.000000 9.146341 -3.170732 -0.914634
40880 26 0.000000 0.000000 0.000000 1.646341 -6.524390 -13.536586
40885 26 0.000000 0.000000 0.000000 -1.829268 -0.548781 -8.170732
40890 26 0.000000 0.000000 0.000000 -0.548781 1.036585 -1.097561
40895 26 0.000000 0.000000 0.000000 -2.804878 2.012195 -0.731707
40900 26 0.000000 0.000000 0.000000 -4.817073 3.109756 -2.804878
40905 26 0.000000 0.000000 0.000000 -4.390244 4.695122 0.304878
40910 26 0.000000 0.000000 0.000000 -4.024390 4.146341 1.402439
40915 26 0.000000 0.000000 0.000000 0.792683 3.780488 4.573171
40920 26 0.000000 0.000000 0.000000 12.073171 5.365854 7.682927
40925 26 0.000000 0.000000 0.000000 12.865854 3.292683 2.926829
40930 26 0.000000 0.000000 0.000000 7.134147 -0.304878 0.609756
40935 26 0.000000 0.000000 0.000000 3.109756 -1.280488 -0.609756
40940 26 0.000000 0.000000 0.000000 -3.353659 -2.500000 0.365854
40945 26 0.000000 0.000000 0.000000 -4.573171 -2.682927 2.439024
40950 26 0.000000 0.000000 0.000000 -5.487805 -1.829268 0.670732
40955 26 0.000000 0.000000 0.000000 -0.487805 1.036585 0.853659
40960 26 0.000000 0.000000 0.000000 10.914635 2.073171 0.975610
40965 26 0.000000 0.000000 0.000000 7.256098 0.365854 -0.975610
40970 26 0.000000 0.000000 0.000000 0.670732 0.731707 -1.646341
40975 26 0.000000 0.000000 0.000000 -5.426829 -1.036585 -2.560976
40980 26 0.000000 0.000000 0.000000 -12.926829 -4.695122 -4.024390
40985 26 0.000000 0.000000 0.000000 -8.231708 -1.585366 0.792683
40990 26 0.000000 0.000000 0.000000 -2.256098 2.195122 2.621951
40995 26 0.000000 0.000000 0.000000 4.329268 5.060976 4.390244
41000 26 0.000000 0.000000 0.000000 14.878049 8.353659 6.463415
41005 26 0.000000 0.000000 0.000000 9.390244 5.609756 0.121951
41010 26 0.000000 0.000000 0.000000 5.975610 2.012195 -0.609756
41015 26 0.000000 0.000000 0.000000 3.841464 -0.670732 0.121951
41020 26 0.000000 0.000000 0.000000 -0.670732 -2.195122 3.536585
41025 26 0.000000 0.000000 0.000000 1.158537 1.585366 9.878049
41030 26 0.000000 0.000000 0.000000 4.512195 0.670732 7.073171
41035 26 0.000000 0.000000 0.000000 6.524390 -0.060976 -0.792683
41040 26 0.000000 0.000000 0.000000 10.365854 4.329268 -8.292683
41045 26 0.000000 0.000000 0.000000 9.634147 3.780488 -6.585366
41050 26 0.000000 0.000000 0.000000 7.682927 0.243902 -3.231707
41055 26 0.000000 0.000000 0.000000 1.707317 -2.073171 -2.378049
41060 26 0.000000 0.000000 0.000000 -7.804878 -3.231707 -2.256098
41065 26 0.000000 0.000000 0.000000 -5.975610 -2.134146 -1.951220
41070 26 0.000000 0.000000 0.000000 0.487805 0.121951 -0.548781
41075 26 0.000000 0.000000 0.000000 4.573171 5.853659 3.170732
41080 26 0.000000 0.000000 0.000000 8.292683 10.609756 5.914634
41085 26 0.000000 0.000000 0.000000 5.243903 7.256098 2.621951
41090 26 0.000000 0.000000 0.000000 6.646342 1.158537 -0.365854
41095 26 0.000000 0.000000 0.000000 7.439024 -2.195122 -1.890244
41100 26 0.000000 0.000000 0.000000 5.426829 -2.134146 -2.195122
41105 26 0.000000 0.000000 0.000000 6.036585 -2.439024 0.853659
41110 26 0.000000 0.000000 0.000000 8.719512 -1.463415 0.487805
41115 26 0.000000 0.000000 0.000000 8.780488 0.731707 -3.292683
41120 26 0.000000 0.000000 0.000000 4.512195 0.914634 -5.609756
41125 26 10.000000 0.000000 0.000000 5.182927 0.121951 -1.097561
41130 26 10.000000 0.000000 0.000000 6.463415 -0.670732 2.378049
41135 26 10.000000 0.000000 0.000000 7.926829 1.280488 4.695122
41140 26 10.000000 0.000000 0.000000 8.719512 6.585366 4.512195
41145 26 20.000000 0.000000 0.000000 1.280488 6.097561 -1.341463
41150 26 20.000000 0.000000 0.000000 -1.951220 2.682927 -1.951220
41155 26 20.000000 0.000000 0.000000 -2.682927 -1.463415 -0.487805
41160 26 20.000000 0.000000 0.000000 0.304878 -0.731707 7.439024
41165 26 20.000000 0.000000 0.000000 7.134147 4.451220 12.012196
41170 26 20.000000 0.000000 0.000000 9.573171 4.573171 6.829268
41175 26 20.000000 0.000000 0.000000 8.597561 0.548781 0.670732
41180 26 30.000000 0.000000 0.000000 1.219512 1.280488 -7.317073
41185 26 30.000000 0.000000 0.000000 7.500000 -3.414634 -9.146341
41190 26 30.000000 0.000000 0.000000 14.390244 -8.658537 -4.390244
41195 26 30.000000 0.000000 0.000000 19.573172 -6.646342 -2.987805
41200 26 40.000000 0.000000 0.000000 25.060976 -6.829268 -4.756098
41205 26 40.000000 0.000000 0.000000 23.048780 -6.585366 -7.073171
41210 26 40.000000 0.000000 0.000000 24.756098 -6.280488 -6.768293
41215 26 40.000000 0.000000 0.000000 31.402439 -6.707317 -4.634146
41220 26 40.000000 0.000000 0.000000 35.731709 -5.975610 -5.060976
41225 26 50.000000 0.000000 0.000000 35.304878 -5.304878 -6.219512
41230 26 50.000000 0.000000 0.000000 35.914635 -2.012195 -4.390244
41235 26 50.000000 0.000000 0.000000 39.085365 -0.670732 -0.365854
41240 26 50.000000 0.000000 0.000000 43.963417 0.609756 0.182927
41245 26 50.000000 0.000000 0.000000 40.000000 -0.792683 -9.024390
41250 26 50.000000 0.000000 0.000000 36.280487 0.000000 -11.341464
41255 26 50.000000 0.000000 0.000000 39.085365 5.853659 -4.634146
41260 26 60.000000 0.000000 0.000000 43.963417 12.378049 2.621951
41265 26 60.000000 0.000000 0.000000 44.207317 8.475610 -1.341463
41270 26 60.000000 0.000000 0.000000 40.426830 1.890244 -6.768293
41275 26 60.000000 0.000000 0.000000 34.756100 -2.317073 -5.731708
41280 26 60.000000 0.000000 0.000000 31.219513 0.426829 0.731707
41285 26 60.000000 0.000000 0.000000 41.402439 4.573171 3.597561
41290 26 60.000000 0.000000 0.000000 50.487804 4.024390 -0.914634
41295 26 70.000000 0.000000 0.000000 50.243904 -1.402439 -3.841464
41300 26 70.000000 0.000000 0.000000 46.707317 -8.841464 -3.780488
41305 26 70.000000 0.000000 0.000000 52.743904 -7.195122 -0.975610
41310 26 70.000000 0.000000 0.000000 57.500000 -3.048780 -0.060976
41315 26 80.000000 0.000000 0.000000 59.451221 -0.792683 -3.414634
41320 26 80.000000 0.000000 0.000000 57.804878 -2.987805 -5.792683
41325 26 80.000000 0.000000 0.000000 61.524391 -0.914634 -0.609756
41330 26 80.000000 0.000000 0.000000 64.268295 1.158537 -0.365854
41335 26 80.000000 0.000000 0.000000 62.134148 1.524390 -7.012195
41340 26 80.000000 0.000000 0.000000 59.085369 0.060976 -13.292684
41345 26 90.000000 0.000000 0.000000 61.890244 2.378049 -5.243903
41350 26 90.000000 0.000000 0.000000 63.414635 1.890244 -1.402439
41355 26 90.000000 0.000000 0.000000 59.756100 -1.951220 -7.560976
41360 26 90.000000 0.000000 0.000000 51.707317 -8.841464 -17.682928
41365 26 90.000000 0.000000 0.000000 50.548782 -7.926829 -13.780488
41370 26 90.000000 0.000000 0.000000 55.304878 -4.695122 -8.048780
41375 26 90.000000 0.000000 0.000000 56.768295 -3.780488 -8.292683
41380 26 100.000000 0.000000 0.000000 54.512196 -7.256098 -11.829268
41385 26 100.000000 0.000000 0.000000 58.353661 -3.841464 -8.536586
41390 26 100.000000 0.000000 0.000000 62.926830 -0.121951 -6.280488
41395 26 100.000000 0.000000 0.000000 64.573174 -0.243902 -7.743903
41400 26 100.000000 0.000000 0.000000 59.329269 -4.268293 -12.987805
41405 26 100.000000 0.000000 0.000000 59.268295 -2.682927 -11.829268
41410 26 100.000000 0.000000 0.000000 64.390244 -2.987805 -11.890244
41415 26 100.000000 0.000000 0.000000 62.682930 -5.914634 -17.195122
41420 26 110.000000 0.000000 0.000000 57.012196 -7.195122 -20.853659
41425 26 110.000000 0.000000 0.000000 62.439026 -6.097561 -19.695122
41430 26 110.000000 0.000000 0.000000 65.000000 -5.670732 -15.548780
41435 26 110.000000 0.000000 0.000000 63.048782 -4.085366 -14.695123
41440 26 110.000000 0.000000 0.000000 67.073174 -1.341463 -14.634147
41445 26 110.000000 0.000000 0.000000 67.378052 -0.609756 -13.231708
41450 26 110.000000 0.000000 0.000000 67.804878 0.853659 -13.048780
41455 26 110.000000 0.000000 0.000000 71.402443 -0.182927 -13.902439
41460 26 110.000000 0.000000 0.000000 67.500000 -3.658537 -13.841464
41465 26 110.000000 0.000000 0.000000 63.109756 -4.512195 -12.682927
41470 26 110.000000 0.000000 0.000000 62.743904 -4.329268 -14.146341
41475 26 120.000000 0.000000 0.000000 62.256100 -5.914634 -13.658537
41480 26 120.000000 0.000000 0.000000 62.317074 -7.500000 -16.524391
41485 26 120.000000 0.000000 0.000000 61.280491 -5.853659 -15.975610
41490 26 120.000000 0.000000 0.000000 59.207317 -7.073171 -15.060976
41495 26 120.000000 0.000000 0.000000 57.012196 -5.731708 -13.536586
41500 26 120.000000 0.000000 0.000000 58.841465 -2.987805 -9.756098
41505 26 120.000000 0.000000 0.000000 58.414635 -1.646341 -10.792684
41510 26 120.000000 0.000000 0.000000 55.853661 -1.707317 -10.914635
41515 26 120.000000 0.000000 0.000000 53.963417 -1.036585 -9.268292
41520 26 120.000000 0.000000 0.000000 52.439026 0.487805 -10.060976
41525 26 120.000000 0.000000 0.000000 52.743904 0.914634 -8.353659
41530 26 120.000000 0.000000 0.000000 54.085365 0.853659 -9.390244
41535 26 120.000000 0.000000 0.000000 54.573174 1.829268 -10.487805
41540 26 120.000000 0.000000 0.000000 52.987804 -0.121951 -12.743903
41545 26 120.000000 0.000000 0.000000 53.536587 -0.060976 -10.243902
41550 26 110.000000 0.000000 0.000000 52.926830 1.463415 -9.451220
41555 26 120.000000 0.000000 0.000000 51.341465 2.012195 -9.939025
41560 26 110.000000 0.000000 0.000000 52.317074 2.134146 -8.902439
41565 26 110.000000 0.000000 0.000000 50.121952 0.731707 -10.182927
41570 26 110.000000 0.000000 0.000000 46.951221 0.365854 -11.829268
41575 26 110.000000 0.000000 0.000000 44.573174 0.670732 -12.500000
41580 26 110.000000 0.000000 0.000000 46.463417 3.536585 -11.829268
41585 26 110.000000 0.000000 0.000000 44.268295 2.256098 -11.463415
41590 26 110.000000 0.000000 0.000000 40.426830 -0.670732 -11.951220
41595 26 110.000000 0.000000 0.000000 34.939026 -3.353659 -13.109756
41600 26 110.000000 0.000000 0.000000 31.646341 -2.500000 -16.219513
41605 26 110.000000 0.000000 0.000000 30.000000 -2.317073 -13.963415
41610 26 110.000000 0.000000 0.000000 31.036587 -0.182927 -10.487805
41615 26 110.000000 0.000000 0.000000 28.963415 0.182927 -9.390244
41620 26 110.000000 0.000000 0.000000 25.000000 -1.097561 -13.414635
41625 26 110.000000 0.000000 0.000000 25.060976 -0.121951 -12.500000
41630 26 110.000000 0.000000 0.000000 29.939026 5.121951 -9.878049
41635 26 110.000000 0.000000 0.000000 28.292683 3.109756 -11.097561
41640 26 110.000000 0.000000 0.000000 25.609756 -0.975610 -16.463415
41645 26 110.000000 0.000000 0.000000 23.902439 -2.865854 -16.951220
41650 26 100.000000 0.000000 0.000000 23.109756 -2.256098 -14.878049
41655 26 100.000000 0.000000 0.000000 22.256098 -4.085366 -15.243903
41660 26 100.000000 0.000000 0.000000 20.609756 -7.926829 -18.170732
41665 26 100.000000 0.000000 0.000000 22.195122 -10.426829 -17.378050
41670 26 90.000000 0.000000 0.000000 24.268293 -8.292683 -14.756098
41675 26 90.000000 0.000000 0.000000 25.060976 -7.378049 -13.231708
41680 26 90.000000 0.000000 0.000000 22.865854 -6.768293 -14.512196
41685 26 80.000000 0.000000 0.000000 21.585367 -6.524390 -12.195122
41690 26 70.000000 0.000000 0.000000 20.731709 -5.365854 -8.963415
41695 26 60.000000 0.000000 0.000000 17.378050 -4.756098 -8.902439
41700 26 40.000000 0.000000 0.000000 9.512196 -6.402439 -12.439025
41705 26 40.000000 0.000000 0.000000 8.048780 -4.390244 -11.463415
41710 26 30.000000 0.000000 0.000000 7.621952 -2.500000 -7.134147
41715 26 0.000000 0.000000 0.000000 4.085366 -1.463415 -0.914634
41720 26 0.000000 0.000000 0.000000 -8.170732 -1.463415 -1.768293
41725 26 0.000000 0.000000 0.000000 -22.012196 1.219512 -4.268293
41730 26 0.000000 0.000000 0.000000 -32.439026 -0.121951 -2.256098
41735 26 0.000000 0.000000 0.000000 -44.878048 -7.134147 -0.975610
41740 26 0.000000 0.000000 0.000000 -56.402439 -9.817074 -3.048780
41745 26 0.000000 0.000000 0.000000 -58.658539 -6.280488 2.073171
41750 26 0.000000 0.000000 0.000000 -64.695122 -1.951220 2.439024
41755 26 0.000000 0.000000 0.000000 -71.219513 -0.182927 -1.097561
41760 26 0.000000 0.000000 0.000000 -74.695122 0.975610 -0.548781
41765 26 0.000000 0.000000 0.000000 -78.658539 -1.219512 -4.451220
41770 26 0.000000 0.000000 0.000000 -79.024391 -0.853659 -5.243903
41775 26 0.000000 0.000000 0.000000 -75.182930 1.524390 -3.475610
41780 26 0.000000 0.000000 0.000000 -71.890244 2.256098 -4.878049
41785 26 0.000000 0.000000 0.000000 -67.621956 2.134146 -4.512195
41790 26 0.000000 0.000000 0.000000 -61.280491 2.560976 -5.121951
41795 26 0.000000 0.000000 0.000000 -54.878052 2.743902 -5.000000
41800 26 0.000000 0.000000 0.000000 -51.585365 0.914634 -7.195122
41805 26 0.000000 0.000000 0.000000 -48.963417 -0.426829 -9.817074
41810 26 0.000000 0.000000 0.000000 -45.792683 -0.914634 -10.487805
41815 26 0.000000 0.000000 0.000000 -42.865856 -0.731707 -10.426829
41820 26 0.000000 0.000000 0.000000 -38.475609 -0.792683 -9.512196
41825 26 0.000000 0.000000 0.000000 -39.634148 -2.682927 -13.475610
41830 26 0.000000 0.000000 0.000000 -38.963417 -3.780488 -13.109756
41835 26 0.000000 0.000000 0.000000 -37.256100 -3.963415 -10.609756
41840 26 0.000000 0.000000 0.000000 -39.817074 -3.536585 -10.182927
41845 26 0.000000 0.000000 0.000000 -40.609756 -0.304878 -6.524390
41850 26 0.000000 0.000000 0.000000 -41.463417 1.585366 -6.646342
41855 26 0.000000 0.000000 0.000000 -41.829269 0.670732 -8.231708
41860 26 0.000000 0.000000 0.000000 -41.402439 0.792683 -4.878049
41865 26 0.000000 0.000000 0.000000 -46.219513 -2.378049 -4.451220
41870 26 0.000000 0.000000 0.000000 -47.439026 -3.170732 -4.878049
41875 26 0.000000 0.000000 0.000000 -44.146343 -4.268293 -0.182927
41880 26 0.000000 0.000000 0.000000 -45.975613 -7.134147 -0.243902
41885 26 0.000000 0.000000 0.000000 -43.780487 -3.353659 -0.182927
41890 26 0.000000 0.000000 0.000000 -40.609756 -1.097561 0.365854
41895 26 0.000000 0.000000 0.000000 -38.170734 -2.926829 -1.829268
41900 26 0.000000 0.000000 0.000000 -35.304878 -0.548781 -0.548781
41905 26 0.000000 0.000000 0.000000 -37.560978 -3.658537 0.000000
41910 26 0.000000 0.000000 0.000000 -37.987804 -5.304878 -1.036585
41915 26 0.000000 0.000000 0.000000 -31.402439 -5.548780 1.158537
41920 26 0.000000 0.000000 0.000000 -35.000000 -7.987805 -2.500000
41925 26 0.000000 0.000000 0.000000 -32.500000 -4.085366 -0.853659
41930 26 0.000000 0.000000 0.000000 -28.902439 -1.219512 0.731707
41935 26 0.000000 0.000000 0.000000 -33.170731 -2.560976 -1.829268
41940 26 0.000000 0.000000 0.000000 -33.109756 -2.195122 -1.463415
41945 26 0.000000 0.000000 0.000000 -32.195122 -2.621951 0.000000
41950 26 0.000000 0.000000 0.000000 -32.743904 -2.560976 -0.609756
41955 26 0.000000 0.000000 0.000000 -30.304878 -0.609756 2.500000
41960 26 0.000000 0.000000 0.000000 -25.975611 2.560976 8.536586
41965 26 0.000000 0.000000 0.000000 -28.414635 -2.134146 1.280488
41970 26 0.000000 0.000000 0.000000 -30.182928 -4.390244 -6.219512
41975 26 0.000000 0.000000 0.000000 -27.743902 -2.195122 -4.268293
41980 26 0.000000 0.000000 0.000000 -27.926830 -6.219512 -11.280488
41985 26 0.000000 0.000000 0.000000 -29.573172 -4.939024 -11.219512
41990 26 0.000000 0.000000 0.000000 -27.500000 -3.902439 -2.926829
41995 26 0.000000 0.000000 0.000000 -26.341463 -6.951220 -8.658537
42000 26 0.000000 0.000000 0.000000 -31.890245 -9.451220 -17.987804
42005 26 0.000000 0.000000 0.000000 -26.890245 -6.646342 -10.731708
42010 26 0.000000 0.000000 0.000000 -20.487804 -5.609756 -4.512195
42015 26 0.000000 0.000000 0.000000 -23.780489 -5.548780 -6.585366
42020 26 0.000000 0.000000 0.000000 -22.378050 -2.073171 -4.390244
42025 26 0.000000 0.000000 0.000000 -16.280489 -1.890244 -1.707317
42030 26 0.000000 0.000000 0.000000 -15.121951 -3.963415 -2.682927
42035 26 0.000000 0.000000 0.000000 -19.329269 -6.280488 -4.268293
42040 26 0.000000 0.000000 0.000000 -17.195122 -3.292683 4.756098
42045 26 0.000000 0.000000 0.000000 -16.890244 -4.756098 3.536585
42050 26 0.000000 0.000000 0.000000 -20.731709 -8.719512 -2.621951
42055 26 0.000000 0.000000 0.000000 -22.195122 -10.000000 -0.853659
42060 26 0.000000 0.000000 0.000000 -16.768293 -3.536585 9.695122
42065 26 0.000000 0.000000 0.000000 -13.658537 0.000000 6.341464
42070 26 0.000000 0.000000 0.000000 -14.939025 -0.487805 1.524390
42075 26 0.000000 0.000000 0.000000 -18.048780 0.060976 6.280488
42080 26 0.000000 0.000000 0.000000 -14.756098 4.207317 18.170732
42085 26 0.000000 0.000000 0.000000 -13.597561 2.560976 14.207317
42090 26 0.000000 0.000000 0.000000 -15.731708 -1.341463 2.987805
42095 26 0.000000 0.000000 0.000000 -21.402439 -4.817073 0.000000
42100 26 0.000000 0.000000 0.000000 -22.560976 -3.658537 7.987805
42105 26 0.000000 0.000000 0.000000 -21.524391 -4.573171 8.231708
42110 26 0.000000 0.000000 0.000000 -23.353659 -6.463415 1.463415
42115 26 0.000000 0.000000 0.000000 -25.365854 -9.268292 -5.304878
42120 26 0.000000 0.000000 0.000000 -22.926830 -5.000000 -3.963415
42125 26 0.000000 0.000000 0.000000 -17.743902 -1.829268 2.073171
42130 26 0.000000 0.000000 0.000000 -15.304878 -1.585366 3.353659
42135 26 0.000000 0.000000 0.000000 -13.353659 -1.341463 0.000000
42140 26 0.000000 0.000000 0.000000 -7.012195 -0.426829 -3.170732
42145 26 0.000000 0.000000 0.000000 -6.768293 -2.560976 -5.426829
42150 26 0.000000 0.000000 0.000000 -7.865854 -7.865854 -5.487805
42155 26 0.000000 0.000000 0.000000 -8.719512 -9.817074 -5.487805
42160 26 0.000000 0.000000 0.000000 -4.573171 -9.451220 -5.304878
42165 26 0.000000 0.000000 0.000000 -4.329268 -12.073171 -8.780488
42170 26 0.000000 0.000000 0.000000 -12.134147 -12.378049 -10.609756
42175 26 0.000000 0.000000 0.000000 -18.048780 -10.670732 -9.695122
42180 26 0.000000 0.000000 0.000000 -20.487804 -5.365854 -2.195122
42185 26 0.000000 0.000000 0.000000 -17.682928 -2.378049 1.768293
42190 26 0.000000 0.000000 0.000000 -13.963415 -2.987805 0.548781
42195 26 0.000000 0.000000 0.000000 -13.963415 -5.548780 -1.036585
42200 26 0.000000 0.000000 0.000000 -17.987804 -4.756098 2.621951
42205 26 0.000000 0.000000 0.000000 -15.182927 -0.487805 9.146341
42210 26 0.000000 0.000000 0.000000 -11.951220 0.060976 7.804878
42215 26 0.000000 0.000000 0.000000 -11.890244 -1.036585 3.109756
42220 26 0.000000 0.000000 0.000000 -11.097561 -2.926829 -1.707317
42225 26 0.000000 0.000000 0.000000 -7.560976 -4.939024 -1.585366
42230 26 0.000000 0.000000 0.000000 -7.987805 -6.036585 -2.012195
42235 26 0.000000 0.000000 0.000000 -13.170732 -5.975610 -3.658537
42240 26 0.000000 0.000000 0.000000 -21.341463 -6.036585 -7.865854
42245 26 0.000000 0.000000 0.000000 -14.939025 -8.536586 -6.829268
42250 26 0.000000 0.000000 0.000000 -7.073171 -9.939025 -4.085366
42255 26 0.000000 0.000000 0.000000 -6.646342 -12.195122 -5.975610
42260 26 0.000000 0.000000 0.000000 -10.487805 -16.097561 -9.939025
42265 26 0.000000 0.000000 0.000000 -9.634147 -11.463415 -5.304878
42270 26 0.000000 0.000000 0.000000 -8.658537 -3.597561 1.524390
42275 26 0.000000 0.000000 0.000000 -7.987805 -1.036585 2.073171
42280 26 0.000000 0.000000 0.000000 -8.658537 -0.060976 -0.426829
42285 26 0.000000 0.000000 0.000000 -9.268292 1.219512 1.280488
42290 26 0.000000 0.000000 0.000000 -9.329268 0.365854 1.951220
42295 26 0.000000 0.000000 0.000000 -8.963415 0.243902 2.073171
42300 26 0.000000 0.000000 0.000000 -12.926829 -1.036585 0.487805
42305 26 0.000000 0.000000 0.000000 -15.914635 -4.573171 -2.073171
42310 26 0.000000 0.000000 0.000000 -15.000000 -6.219512 -2.560976
42315 26 0.000000 0.000000 0.000000 -11.768293 -5.609756 1.036585
42320 26 0.000000 0.000000 0.000000 -7.439024 -4.756098 6.524390
42325 26 0.000000 0.000000 0.000000 -9.573171 -4.817073 1.951220
42330 26 0.000000 0.000000 0.000000 -11.707317 -6.158537 -2.621951
42335 26 0.000000 0.000000 0.000000 -5.792683 -5.609756 -5.304878
42340 26 0.000000 0.000000 0.000000 3.292683 -3.902439 -7.439024
42345 26 0.000000 0.000000 0.000000 -0.914634 -6.402439 -7.134147
42350 26 0.000000 0.000000 0.000000 -8.414635 -8.841464 -5.609756
42355 26 0.000000 0.000000 0.000000 -14.634147 -7.987805 -2.621951
42360 26 0.000000 0.000000 0.000000 -19.817074 -3.902439 6.097561
42365 26 0.000000 0.000000 0.000000 -17.012196 -2.865854 7.804878
42370 26 0.000000 0.000000 0.000000 -12.926829 -3.963415 2.926829
42375 26 0.000000 0.000000 0.000000 -14.024390 -3.963415 -1.097561
42380 26 0.000000 0.000000 0.000000 -18.475611 -0.243902 -3.597561
42385 26 0.000000 0.000000 0.000000 -14.268293 4.207317 0.914634
42390 26 0.000000 0.000000 0.000000 -6.402439 5.914634 5.548780
42395 26 0.000000 0.000000 0.000000 -3.841464 2.682927 1.585366
42400 26 0.000000 0.000000 0.000000 -7.560976 -3.902439 -10.121951
42405 26 0.000000 0.000000 0.000000 -8.597561 -1.890244 -7.500000
42410 26 0.000000 0.000000 0.000000 -8.048780 2.134146 -0.243902
42415 26 0.000000 0.000000 0.000000 -4.695122 2.195122 4.024390
42420 26 0.000000 0.000000 0.000000 -0.182927 0.060976 5.609756
42425 26 0.000000 0.000000 0.000000 -3.841464 -3.353659 -0.060976
42430 26 0.000000 0.000000 0.000000 -7.134147 -4.085366 -3.841464
42435 26 0.000000 0.000000 0.000000 -5.792683 -2.012195 -1.585366
42440 26 0.000000 0.000000 0.000000 -2.134146 1.646341 4.207317
42445 26 0.000000 0.000000 0.000000 -1.707317 -0.426829 1.524390
42450 26 0.000000 0.000000 0.000000 -3.475610 -3.719512 -1.951220
42455 26 0.000000 0.000000 0.000000 -6.158537 -7.317073 -6.341464
42460 26 0.000000 0.000000 0.000000 -6.768293 -10.487805 -9.207317
42465 26 0.000000 0.000000 0.000000 -3.658537 -6.341464 -2.865854
42470 26 0.000000 0.000000 0.000000 -2.743902 -3.170732 0.000000
42475 26 0.000000 0.000000 0.000000 -2.926829 -1.219512 2.195122
42480 26 0.000000 0.000000 0.000000 -5.731708 2.317073 1.219512
42485 26 0.000000 0.000000 0.000000 -9.817074 2.682927 -2.378049
42490 26 0.000000 0.000000 0.000000 -9.878049 1.097561 -1.768293
42495 26 0.000000 0.000000 0.000000 -9.939025 0.487805 -0.121951
42500 26 0.000000 0.000000 0.000000 -9.390244 1.402439 2.134146
42505 26 0.000000 0.000000 0.000000 -8.109756 1.768293 2.865854
42510 26 0.000000 0.000000 0.000000 -6.646342 1.036585 1.768293
42515 26 0.000000 0.000000 0.000000 -4.817073 0.914634 2.317073
42520 26 0.000000 0.000000 0.000000 -1.768293 1.585366 5.487805
42525 26 0.000000 0.000000 0.000000 -0.182927 -0.487805 2.560976
42530 26 0.000000 0.000000 0.000000 -0.609756 -3.536585 -0.243902
42535 26 0.000000 0.000000 0.000000 -2.804878 -4.268293 -3.780488
42540 26 0.000000 0.000000 0.000000 -8.475610 -4.085366 -9.207317
42545 26 0.000000 0.000000 0.000000 -8.780488 -3.963415 -6.646342
42550 26 0.000000 0.000000 0.000000 -4.390244 -4.878049 -4.817073
42555 26 0.000000 0.000000 0.000000 0.182927 -5.060976 1.280488
42560 26 0.000000 0.000000 0.000000 3.780488 -1.280488 11.036586
42565 26 0.000000 0.000000 0.000000 1.402439 0.243902 6.585366
42570 26 0.000000 0.000000 0.000000 -2.012195 1.219512 0.000000
42575 26 0.000000 0.000000 0.000000 -5.731708 1.646341 -1.036585
42580 26 0.000000 0.000000 0.000000 -10.731708 2.621951 -3.475610
42585 26 0.000000 0.000000 0.000000 -6.890244 2.500000 -1.646341
42590 26 0.000000 0.000000 0.000000 -3.658537 2.865854 0.365854
42595 26 0.000000 0.000000 0.000000 -2.134146 1.890244 0.121951
42600 26 0.000000 0.000000 0.000000 -0.304878 -2.621951 1.036585
42605 26 0.000000 0.000000 0.000000 -1.707317 -2.317073 2.378049
42610 26 0.000000 0.000000 0.000000 -3.475610 0.000000 2.500000
42615 26 0.000000 0.000000 0.000000 -2.865854 4.024390 3.780488
42620 26 0.000000 0.000000 0.000000 -0.914634 6.524390 2.134146
42625 26 0.000000 0.000000 0.000000 -0.914634 1.829268 -1.829268
42630 26 0.000000 0.000000 0.000000 -3.170732 -2.012195 -2.134146
42635 26 0.000000 0.000000 0.000000 -4.329268 -4.085366 -1.097561
42640 26 0.000000 0.000000 0.000000 -3.170732 -4.451220 3.597561
42645 26 0.000000 0.000000 0.000000 -2.682927 0.000000 6.402439
42650 26 0.000000 0.000000 0.000000 -3.231707 1.707317 5.365854
42655 26 0.000000 0.000000 0.000000 -1.585366 1.402439 1.951220
42660 26 0.000000 0.000000 0.000000 1.280488 1.585366 -3.414634
42665 26 0.000000 0.000000 0.000000 0.731707 -1.890244 -6.402439
42670 26 0.000000 0.000000 0.000000 0.975610 -4.451220 -6.097561
42675 26 0.000000 0.000000 0.000000 -1.829268 -5.792683 -2.560976
42680 26 0.000000 0.000000 0.000000 -8.170732 -5.975610 4.390244
42685 26 0.000000 0.000000 0.000000 -5.487805 -1.524390 5.365854
42690 26 0.000000 0.000000 0.000000 -1.463415 0.792683 3.048780
42695 26 0.000000 0.000000 0.000000 0.060976 3.414634 -0.609756
42700 26 0.000000 0.000000 0.000000 -1.158537 5.914634 -7.195122
42705 26 0.000000 0.000000 0.000000 -5.731708 0.670732 -6.951220
42710 26 0.000000 0.000000 0.000000 -6.585366 -3.353659 -4.329268
42715 26 0.000000 0.000000 0.000000 -9.146341 -4.634146 -0.121951
42720 26 0.000000 0.000000 0.000000 -12.926829 -3.597561 8.841464
42725 26 0.000000 0.000000 0.000000 -9.390244 -0.182927 10.060976
42730 26 0.000000 0.000000 0.000000 -5.365854 0.914634 6.036585
42735 26 0.000000 0.000000 0.000000 -2.621951 2.500000 -0.060976
42740 26 0.000000 0.000000 0.000000 -3.719512 1.341463 -8.902439
42745 26 0.000000 0.000000 0.000000 -7.317073 -0.670732 -7.439024
42750 26 0.000000 0.000000 0.000000 -8.048780 -0.426829 -2.256098
42755 26 0.000000 0.000000 0.000000 -7.378049 -0.853659 3.658537
42760 26 0.000000 0.000000 0.000000 -3.902439 -1.951220 10.548780
42765 26 0.000000 0.000000 0.000000 -2.500000 -1.646341 6.585366
42770 26 0.000000 0.000000 0.000000 -2.317073 -0.304878 1.768293
42775 26 0.000000 0.000000 0.000000 -3.658537 -0.060976 -1.158537
42780 26 0.000000 0.000000 0.000000 -4.939024 -0.609756 -1.646341
42785 26 0.000000 0.000000 0.000000 0.609756 -0.243902 0.487805
42790 26 0.000000 0.000000 0.000000 4.634146 -0.975610 0.121951
42795 26 0.000000 0.000000 0.000000 5.121951 -1.097561 -2.256098
42800 26 0.000000 0.000000 0.000000 -0.182927 -1.951220 -7.073171
42805 26 0.000000 0.000000 0.000000 -5.792683 -4.634146 -7.378049
42810 26 0.000000 0.000000 0.000000 -4.756098 -3.780488 -4.268293
42815 26 0.000000 0.000000 0.000000 -3.658537 -1.707317 0.060976
42820 26 0.000000 0.000000 0.000000 -2.378049 1.158537 9.390244
42825 26 -10.000000 0.000000 0.000000 0.548781 4.634146 10.060976
42830 26 -10.000000 0.000000 0.000000 0.792683 4.878049 6.097561
42835 26 -10.000000 0.000000 0.000000 -2.926829 2.378049 2.743902
42840 26 -20.000000 0.000000 0.000000 -17.378050 -4.268293 -5.731708
42845 26 -20.000000 0.000000 0.000000 -19.390244 -4.207317 -6.951220
42850 26 -20.000000 0.000000 0.000000 -13.231708 -2.012195 -2.073171
42855 26 -30.000000 0.000000 0.000000 -14.329268 -2.439024 4.634146
42860 26 -30.000000 0.000000 0.000000 -20.487804 -1.341463 14.207317
42865 26 -40.000000 0.000000 0.000000 -18.353659 1.585366 11.951220
42870 26 -40.000000 0.000000 0.000000 -18.048780 1.951220 5.670732
42875 26 -40.000000 0.000000 0.000000 -20.365854 3.475610 -0.975610
42880 26 -50.000000 0.000000 0.000000 -21.768293 6.402439 -8.048780
42885 26 -50.000000 0.000000 0.000000 -28.658537 5.060976 -1.402439
42890 26 -50.000000 0.000000 0.000000 -34.085365 6.097561 7.621952
42895 26 -60.000000 0.000000 0.000000 -36.585365 9.390244 7.012195
42900 26 -70.000000 0.000000 0.000000 -41.524391 9.451220 -1.890244
42905 26 -70.000000 0.000000 0.000000 -51.463417 3.414634 0.304878
42910 26 -70.000000 0.000000 0.000000 -58.414635 0.670732 5.365854
42915 26 -80.000000 0.000000 0.000000 -65.426834 0.670732 10.426829
42920 26 -80.000000 0.000000 0.000000 -63.841465 3.536585 15.792684
42925 26 -90.000000 0.000000 0.000000 -63.597561 8.902439 19.390244
42930 26 -90.000000 0.000000 0.000000 -64.756096 11.524390 19.085367
42935 26 -100.000000 0.000000 0.000000 -69.512199 9.512196 21.951220
42940 26 -110.000000 0.000000 0.000000 -72.621956 8.414635 28.719513
42945 26 -110.000000 0.000000 0.000000 -71.890244 17.378050 32.743904
42950 26 -110.000000 0.000000 0.000000 -73.536591 23.414635 29.451220
42955 26 -120.000000 0.000000 0.000000 -81.524391 18.719513 27.256098
42960 26 -130.000000 0.000000 0.000000 -89.939026 10.670732 33.353661
42965 26 -140.000000 0.000000 0.000000 -89.512199 10.304878 33.475609
42970 26 -140.000000 0.000000 0.000000 -89.756096 12.926829 28.048780
42975 26 -140.000000 0.000000 0.000000 -98.414635 14.146341 26.524391
42980 26 -150.000000 0.000000 0.000000 -106.890244 9.573171 26.890245
42985 26 -150.000000 0.000000 0.000000 -104.817078 7.682927 33.963417
42990 26 -150.000000 0.000000 0.000000 -105.243904 15.304878 34.390244
42995 26 -160.000000 0.000000 0.000000 -115.670731 14.329268 31.951220
43000 26 -170.000000 0.000000 0.000000 -131.036591 -0.426829 31.646341
43005 26 -170.000000 0.000000 0.000000 -133.414642 -13.841464 35.914635
43010 26 -170.000000 0.000000 0.000000 -122.195122 -11.036586 38.353661
43015 26 -180.000000 0.000000 0.000000 -118.719513 -0.792683 41.585365
43020 26 -190.000000 0.000000 0.000000 -129.207321 6.524390 45.792683
43025 26 -200.000000 0.000000 0.000000 -141.097565 6.646342 47.317074
43030 26 -200.000000 0.000000 0.000000 -145.548782 6.097561 49.939026
43035 26 -210.000000 0.000000 0.000000 -151.646347 7.317073 55.426830
43040 26 -220.000000 0.000000 0.000000 -157.926834 7.500000 57.439026
43045 26 -230.000000 0.000000 0.000000 -162.439026 0.792683 53.597561
43050 26 -230.000000 0.000000 0.000000 -166.036591 -3.658537 51.524391
43055 26 -230.000000 0.000000 0.000000 -168.048782 -8.963415 48.841465
43060 26 -240.000000 0.000000 0.000000 -169.207321 -14.512196 42.317074
43065 26 -240.000000 0.000000 0.000000 -170.182938 -17.926830 36.219513
43070 26 -240.000000 0.000000 0.000000 -175.365860 -14.695123 29.207317
43075 26 -250.000000 0.000000 0.000000 -182.195129 -3.780488 25.609756
43080 26 -250.000000 0.000000 0.000000 -188.841461 3.963415 19.329269
43085 26 -250.000000 0.000000 0.000000 -200.182938 0.792683 16.219513
43090 26 -250.000000 0.000000 0.000000 -205.853668 -6.097561 12.073171
43095 26 -250.000000 0.000000 0.000000 -209.634155 -9.024390 9.939025
43100 26 -250.000000 0.000000 0.000000 -205.182938 -2.804878 10.548780
43105 26 -250.000000 0.000000 0.000000 -202.317078 4.573171 11.524390
43110 26 -250.000000 0.000000 0.000000 -205.792694 3.658537 12.987805
43115 26 -250.000000 0.000000 0.000000 -205.914642 0.792683 14.024390
43120 26 -250.000000 0.000000 0.000000 -204.695129 -0.731707 12.439025
43125 26 -250.000000 0.000000 0.000000 -202.743912 -6.219512 15.792684
43130 26 -250.000000 0.000000 0.000000 -194.085373 -5.548780 16.097561
43135 26 -250.000000 0.000000 0.000000 -183.475616 3.536585 20.243902
43140 26 -250.000000 0.000000 0.000000 -172.378052 10.000000 29.756098
43145 26 -250.000000 0.000000 0.000000 -160.792694 12.073171 28.353659
43150 26 -250.000000 0.000000 0.000000 -158.719513 12.012196 27.073172
43155 26 -240.000000 0.000000 0.000000 -159.634155 9.329268 28.658537
43160 26 -240.000000 0.000000 0.000000 -162.012192 5.243903 29.329269
43165 26 -240.000000 0.000000 0.000000 -161.158539 -0.731707 28.292683
43170 26 -240.000000 0.000000 0.000000 -156.036591 -3.292683 27.073172
43175 26 -230.000000 0.000000 0.000000 -149.817078 -1.097561 31.890245
43180 26 -230.000000 0.000000 0.000000 -136.890244 -1.280488 34.024391
43185 26 -220.000000 0.000000 0.000000 -128.292679 1.524390 30.365854
43190 26 -220.000000 0.000000 0.000000 -127.682930 3.048780 28.048780
43195 26 -220.000000 0.000000 0.000000 -128.414642 3.780488 23.963415
43200 26 -210.000000 0.000000 0.000000 -129.268295 2.865854 21.829269
43205 26 -200.000000 0.000000 0.000000 -123.658539 -0.914634 23.170732
43210 26 -200.000000 0.000000 0.000000 -118.109756 -4.085366 19.512196
43215 26 -190.000000 0.000000 0.000000 -110.121956 -8.475610 13.658537
43220 26 -180.000000 0.000000 0.000000 -106.768295 -12.317074 11.646341
43225 26 -170.000000 0.000000 0.000000 -118.841469 -9.512196 19.939024
43230 26 -170.000000 0.000000 0.000000 -133.048782 -1.524390 27.743902
43235 26 -140.000000 0.000000 0.000000 -134.085373 1.158537 29.207317
43240 26 -140.000000 0.000000 0.000000 -120.426834 -2.743902 26.036587
43245 26 -90.000000 0.000000 0.000000 -113.109756 -4.634146 29.817074
43250 26 -90.000000 0.000000 0.000000 -111.890244 -4.024390 36.463417
43255 26 -60.000000 0.000000 0.000000 -109.146347 -2.682927 39.085365
43260 26 -30.000000 0.000000 0.000000 -99.268295 1.890244 39.512196
43265 26 0.000000 0.000000 0.000000 -80.060974 2.317073 41.341465
43270 26 0.000000 0.000000 0.000000 -58.597561 -0.853659 46.402439
43275 26 0.000000 0.000000 0.000000 -22.682928 -12.560976 46.280487
43280 26 0.000000 0.000000 0.000000 32.195122 -33.109756 35.304878
43285 26 0.000000 0.000000 0.000000 76.951218 -41.219513 31.707317
43290 26 0.000000 0.000000 0.000000 99.573174 -36.829269 34.573170
43295 26 0.000000 0.000000 0.000000 112.621956 -29.817074 36.036587
43300 26 0.000000 0.000000 0.000000 124.756104 -22.804878 32.865856
43305 26 0.000000 0.000000 0.000000 133.780487 -18.658537 26.951220
43310 26 0.000000 0.000000 0.000000 153.841461 -20.182928 22.439024
43315 26 0.000000 0.000000 0.000000 181.585373 -22.987806 16.341463
43320 26 0.000000 0.000000 0.000000 201.158539 -19.268293 8.902439
43325 26 0.000000 0.000000 0.000000 201.097565 -15.426829 11.463415
43330 26 0.000000 0.000000 0.000000 197.560974 -10.243902 9.268292
43335 26 0.000000 0.000000 0.000000 199.268295 -6.707317 1.036585
43340 26 0.000000 0.000000 0.000000 204.390244 -4.451220 -3.292683
43345 26 0.000000 0.000000 0.000000 200.670731 -4.878049 -10.670732
43350 26 0.000000 0.000000 0.000000 190.792694 -4.207317 -17.134148
43355 26 0.000000 0.000000 0.000000 182.256104 -3.658537 -19.085367
43360 26 0.000000 0.000000 0.000000 172.073181 -3.841464 -20.548780
43365 26 0.000000 0.000000 0.000000 157.560974 -4.207317 -21.890244
43370 26 0.000000 0.000000 0.000000 142.256104 -1.341463 -24.695122
43375 26 0.000000 0.000000 0.000000 130.243912 3.048780 -29.268293
43380 26 0.000000 0.000000 0.000000 106.524391 1.524390 -31.585367
43385 26 0.000000 0.000000 0.000000 83.231712 0.792683 -31.280489
43390 26 0.000000 0.000000 0.000000 69.817078 2.865854 -30.853659
43395 26 0.000000 0.000000 0.000000 53.658539 7.195122 -31.463415
43400 26 0.000000 0.000000 0.000000 39.878048 9.878049 -31.829269
43405 26 0.000000 0.000000 0.000000 29.878050 11.768293 -32.012196
43410 26 0.000000 0.000000 0.000000 12.621951 15.060976 -32.500000
43415 26 0.000000 0.000000 0.000000 2.865854 12.804878 -32.195122
43420 26 0.000000 0.000000 0.000000 -5.121951 3.719512 -31.463415
43425 26 0.000000 0.000000 0.000000 -10.487805 0.670732 -31.768293
43430 26 0.000000 0.000000 0.000000 -7.682927 5.304878 -29.207317
43435 26 0.000000 0.000000 0.000000 -3.658537 5.853659 -26.890245
43440 26 0.000000 0.000000 0.000000 1.829268 3.109756 -24.939026
43445 26 0.000000 0.000000 0.000000 11.707317 2.621951 -20.792683
43450 26 0.000000 0.000000 0.000000 20.914635 2.682927 -16.951220
43455 26 0.000000 0.000000 0.000000 29.939026 0.243902 -18.536585
43460 26 0.000000 0.000000 0.000000 45.182926 1.524390 -18.475611
43465 26 0.000000 0.000000 0.000000 52.134148 3.170732 -15.304878
43470 26 0.000000 0.000000 0.000000 55.670734 2.743902 -13.475610
43475 26 0.000000 0.000000 0.000000 62.865856 3.536585 -14.878049
43480 26 0.000000 0.000000 0.000000 68.963417 -1.585366 -16.890244
43485 26 0.000000 0.000000 0.000000 66.829269 -4.939024 -16.829269
43490 26 0.000000 0.000000 0.000000 63.719513 -7.621952 -15.243903
43495 26 0.000000 0.000000 0.000000 63.536587 -8.841464 -13.536586
43500 26 0.000000 0.000000 0.000000 61.341465 -8.353659 -12.073171
43505 26 0.000000 0.000000 0.000000 60.000000 -9.085366 -12.743903
43510 26 0.000000 0.000000 0.000000 60.243904 -9.695122 -14.634147
43515 26 0.000000 0.000000 0.000000 61.341465 -8.902439 -19.207317
43520 26 0.000000 0.000000 0.000000 54.390244 -8.536586 -21.707317
43525 26 0.000000 0.000000 0.000000 48.353661 -7.682927 -22.621952
43530 26 0.000000 0.000000 0.000000 46.219513 -4.939024 -21.524391
43535 26 0.000000 0.000000 0.000000 46.036587 -0.182927 -21.707317
43540 26 0.000000 0.000000 0.000000 42.317074 1.402439 -28.902439
43545 26 0.000000 0.000000 0.000000 35.914635 -0.487805 -27.560976
43550 26 0.000000 0.000000 0.000000 30.426830 -3.292683 -23.170732
43555 26 0.000000 0.000000 0.000000 25.609756 -6.463415 -23.475611
43560 26 0.000000 0.000000 0.000000 24.512196 -5.548780 -22.012196
43565 26 0.000000 0.000000 0.000000 26.463415 -2.926829 -23.048780
43570 26 0.000000 0.000000 0.000000 29.268293 2.256098 -22.195122
43575 26 0.000000 0.000000 0.000000 33.292683 5.792683 -17.378050
43580 26 0.000000 0.000000 0.000000 35.792683 4.146341 -17.073172
43585 26 0.000000 0.000000 0.000000 34.695122 3.536585 -19.817074
43590 26 0.000000 0.000000 0.000000 32.987804 3.414634 -20.853659
43595 26 0.000000 0.000000 0.000000 31.524391 4.634146 -23.597561
43600 26 0.000000 0.000000 0.000000 29.756098 6.463415 -26.402439
43605 26 0.000000 0.000000 0.000000 35.548782 5.182927 -16.341463
43610 26 0.000000 0.000000 0.000000 40.731709 1.646341 -3.963415
43615 26 0.000000 0.000000 0.000000 41.707317 -3.353659 -4.634146
43620 26 0.000000 0.000000 0.000000 45.609756 -5.060976 -2.682927
43625 26 0.000000 0.000000 0.000000 38.841465 -3.841464 -0.609756
43630 26 0.000000 0.000000 0.000000 33.048782 -3.963415 1.585366
43635 26 0.000000 0.000000 0.000000 28.719513 -3.414634 4.695122
43640 26 0.000000 0.000000 0.000000 23.963415 -1.585366 7.682927
43645 26 0.000000 0.000000 0.000000 29.207317 -4.695122 8.536586
43650 26 0.000000 0.000000 0.000000 33.536587 -11.219512 10.365854
43655 26 0.000000 0.000000 0.000000 33.353661 -15.060976 12.804878
43660 26 0.000000 0.000000 0.000000 32.195122 -15.121951 14.756098
43665 26 0.000000 0.000000 0.000000 31.341465 -10.853659 16.951220
43670 26 0.000000 0.000000 0.000000 30.243902 2.256098 13.475610
43675 26 0.000000 0.000000 0.000000 31.524391 7.621952 9.329268
43680 26 0.000000 0.000000 0.000000 29.390245 3.841464 4.878049
43685 26 0.000000 0.000000 0.000000 26.646341 -5.121951 5.670732
43690 26 0.000000 0.000000 0.000000 23.963415 -10.060976 6.036585
43695 26 0.000000 0.000000 0.000000 24.878050 -4.695122 3.231707
43700 26 0.000000 0.000000 0.000000 29.634148 4.695122 2.621951
43705 26 0.000000 0.000000 0.000000 30.548780 4.024390 -0.670732
43710 26 0.000000 0.000000 0.000000 27.317074 -3.353659 -4.390244
43715 26 0.000000 0.000000 0.000000 26.036587 -5.000000 -2.378049
43720 26 0.000000 0.000000 0.000000 27.926830 -0.548781 -1.341463
43725 26 0.000000 0.000000 0.000000 26.951220 1.646341 -2.500000
43730 26 0.000000 0.000000 0.000000 23.231709 -0.792683 -5.548780
43735 26 0.000000 0.000000 0.000000 23.780489 -0.548781 -4.268293
43740 26 0.000000 0.000000 0.000000 25.731709 1.036585 1.585366
43745 26 0.000000 0.000000 0.000000 21.402439 1.463415 -4.817073
43750 26 0.000000 0.000000 0.000000 18.719513 1.646341 -9.878049
43755 26 0.000000 0.000000 0.000000 20.426830 1.585366 -4.512195
43760 26 0.000000 0.000000 0.000000 20.670732 3.414634 -6.890244
43765 26 0.000000 0.000000 0.000000 18.780489 5.487805 -7.682927
43770 26 0.000000 0.000000 0.000000 19.512196 3.048780 -4.512195
43775 26 0.000000 0.000000 0.000000 22.500000 -1.219512 -6.402439
43780 26 0.000000 0.000000 0.000000 25.121952 1.341463 -8.353659
43785 26 0.000000 0.000000 0.000000 24.817074 4.817073 -4.512195
43790 26 0.000000 0.000000 0.000000 25.792683 2.073171 -1.768293
43795 26 0.000000 0.000000 0.000000 29.756098 -0.731707 1.951220
43800 26 0.000000 0.000000 0.000000 30.853659 1.890244 6.585366
43805 26 0.000000 0.000000 0.000000 29.695122 4.451220 1.951220
43810 26 0.000000 0.000000 0.000000 30.548780 4.451220 -0.060976
43815 26 0.000000 0.000000 0.000000 31.585367 1.646341 6.463415
43820 26 0.000000 0.000000 0.000000 28.231709 4.268293 5.792683
43825 26 0.000000 0.000000 0.000000 27.926830 8.475610 3.841464
43830 26 0.000000 0.000000 0.000000 29.573172 4.878049 5.609756
43835 26 0.000000 0.000000 0.000000 28.292683 -0.121951 6.219512
43840 26 0.000000 0.000000 0.000000 24.878050 2.804878 1.036585
43845 26 0.000000 0.000000 0.000000 27.439026 4.817073 5.853659
43850 26 0.000000 0.000000 0.000000 27.621952 1.280488 6.768293
43855 26 0.000000 0.000000 0.000000 23.170732 0.304878 2.317073
43860 26 0.000000 0.000000 0.000000 18.109756 3.414634 5.792683
43865 26 0.000000 0.000000 0.000000 19.329269 1.707317 2.926829
43870 26 0.000000 0.000000 0.000000 20.487804 -1.707317 -2.256098
43875 26 0.000000 0.000000 0.000000 18.902439 1.219512 2.134146
43880 26 0.000000 0.000000 0.000000 16.951220 3.353659 6.646342
43885 26 0.000000 0.000000 0.000000 20.975611 -1.341463 2.804878
43890 26 0.000000 0.000000 0.000000 23.780489 -4.634146 -1.768293
43895 26 0.000000 0.000000 0.000000 21.036587 2.195122 -2.804878
43900 26 0.000000 0.000000 0.000000 16.768293 3.658537 -5.182927
43905 26 0.000000 0.000000 0.000000 17.500000 -0.792683 -3.719512
43910 26 0.000000 0.000000 0.000000 19.878050 -0.853659 -2.865854
43915 26 0.000000 0.000000 0.000000 19.878050 4.756098 -2.926829
43920 26 0.000000 0.000000 0.000000 19.146341 1.402439 -2.987805
43925 26 0.000000 0.000000 0.000000 20.487804 -2.804878 0.487805
43930 26 0.000000 0.000000 0.000000 21.524391 -4.146341 2.865854
43935 26 0.000000 0.000000 0.000000 22.012196 1.219512 2.317073
43940 26 0.000000 0.000000 0.000000 27.926830 2.560976 1.768293
43945 26 0.000000 0.000000 0.000000 29.512196 -0.975610 2.926829
43950 26 0.000000 0.000000 0.000000 24.634148 0.060976 3.719512
43955 26 0.000000 0.000000 0.000000 22.439024 6.036585 0.365854
43960 26 0.000000 0.000000 0.000000 26.463415 4.512195 0.548781
43965 26 0.000000 0.000000 0.000000 22.317074 1.646341 -1.463415
43970 26 0.000000 0.000000 0.000000 16.463415 2.500000 -2.195122
43975 26 0.000000 0.000000 0.000000 15.365854 4.939024 -1.707317
43980 26 0.000000 0.000000 0.000000 12.865854 3.170732 -1.707317
43985 26 0.000000 0.000000 0.000000 10.853659 0.182927 -3.048780
43990 26 0.000000 0.000000 0.000000 11.280488 4.756098 -1.341463
43995 26 0.000000 0.000000 0.000000 14.939025 5.670732 1.524390
44000 26 0.000000 0.000000 0.000000 17.317074 2.378049 0.182927
44005 26 0.000000 0.000000 0.000000 15.243903 0.853659 -3.231707
44010 26 0.000000 0.000000 0.000000 12.682927 0.975610 -2.621951
44015 26 0.000000 0.000000 0.000000 14.512196 2.378049 0.914634
44020 26 0.000000 0.000000 0.000000 17.500000 3.719512 0.548781
44025 26 0.000000 0.000000 0.000000 14.573171 -1.890244 -3.231707
44030 26 0.000000 0.000000 0.000000 11.524390 -4.085366 -3.902439
44035 26 0.000000 0.000000 0.000000 11.646341 -2.256098 -5.365854
44040 26 0.000000 0.000000 0.000000 14.695123 -1.463415 -11.036586
44045 26 0.000000 0.000000 0.000000 12.560976 -1.219512 -10.670732
44050 26 0.000000 0.000000 0.000000 8.841464 -4.451220 -6.707317
44055 26 0.000000 0.000000 0.000000 6.341464 -7.195122 -7.743903
44060 26 0.000000 0.000000 0.000000 6.829268 -5.243903 -10.243902
44065 26 0.000000 0.000000 0.000000 8.231708 -1.829268 -7.439024
44070 26 0.000000 0.000000 0.000000 8.231708 -1.585366 -5.060976
44075 26 0.000000 0.000000 0.000000 6.097561 -3.048780 -3.963415
44080 26 0.000000 0.000000 0.000000 9.329268 -5.548780 -0.548781
44085 26 0.000000 0.000000 0.000000 15.182927 -3.841464 3.780488
44090 26 0.000000 0.000000 0.000000 17.134148 -0.853659 2.682927
44095 26 0.000000 0.000000 0.000000 17.378050 0.304878 0.548781
44100 26 0.000000 0.000000 0.000000 18.963415 0.000000 -0.914634
44105 26 0.000000 0.000000 0.000000 25.121952 0.182927 0.548781
44110 26 0.000000 0.000000 0.000000 25.487806 -0.365854 2.256098
44115 26 0.000000 0.000000 0.000000 22.987806 2.317073 1.524390
44120 26 0.000000 0.000000 0.000000 19.878050 3.292683 -3.902439
44125 26 0.000000 0.000000 0.000000 22.134148 1.341463 -3.414634
44130 26 0.000000 0.000000 0.000000 22.012196 2.682927 -0.182927
44135 26 0.000000 0.000000 0.000000 16.402439 2.134146 -2.073171
44140 26 0.000000 0.000000 0.000000 8.719512 -5.060976 -7.500000
44145 26 0.000000 0.000000 0.000000 10.487805 -4.024390 -2.743902
44150 26 0.000000 0.000000 0.000000 13.902439 1.585366 1.219512
44155 26 0.000000 0.000000 0.000000 10.365854 0.000000 -0.975610
44160 26 0.000000 0.000000 0.000000 1.585366 -7.987805 -4.573171
44165 26 0.000000 0.000000 0.000000 2.317073 -6.951220 2.926829
44170 26 0.000000 0.000000 0.000000 5.304878 -1.402439 7.500000
44175 26 0.000000 0.000000 0.000000 3.353659 0.853659 4.146341
44180 26 0.000000 0.000000 0.000000 -1.280488 0.182927 -0.487805
44185 26 0.000000 0.000000 0.000000 5.548780 -1.707317 4.085366
44190 26 0.000000 0.000000 0.000000 11.402439 -2.256098 9.390244
44195 26 0.000000 0.000000 0.000000 14.695123 1.707317 7.987805
44200 26 0.000000 0.000000 0.000000 16.768293 4.939024 -0.548781
44205 26 0.000000 0.000000 0.000000 12.987805 2.560976 -0.548781
44210 26 0.000000 0.000000 0.000000 9.024390 0.914634 2.073171
44215 26 0.000000 0.000000 0.000000 8.963415 -1.158537 -1.585366
44220 26 0.000000 0.000000 0.000000 11.646341 -0.243902 -8.841464
44225 26 0.000000 0.000000 0.000000 12.073171 0.182927 -5.487805
44230 26 0.000000 0.000000 0.000000 13.292684 -2.378049 0.426829
44235 26 0.000000 0.000000 0.000000 11.402439 -3.414634 4.817073
44240 26 0.000000 0.000000 0.000000 13.109756 -2.012195 8.597561
44245 26 0.000000 0.000000 0.000000 15.792684 -1.097561 7.378049
44250 26 0.000000 0.000000 0.000000 14.634147 -1.463415 2.865854
44255 26 0.000000 0.000000 0.000000 14.817074 -1.036585 0.060976
44260 26 0.000000 0.000000 0.000000 20.121952 -0.487805 -1.829268
44265 26 0.000000 0.000000 0.000000 21.585367 1.768293 -0.182927
44270 26 0.000000 0.000000 0.000000 18.963415 2.012195 3.353659
44275 26 0.000000 0.000000 0.000000 13.536586 -0.975610 1.219512
44280 26 0.000000 0.000000 0.000000 8.170732 -4.329268 -6.707317
44285 26 0.000000 0.000000 0.000000 9.146341 -1.524390 -3.475610
44290 26 0.000000 0.000000 0.000000 13.048780 1.036585 1.890244
44295 26 0.000000 0.000000 0.000000 9.878049 -0.792683 0.975610
44300 26 0.000000 0.000000 0.000000 1.219512 -7.195122 -2.256098
44305 26 0.000000 0.000000 0.000000 4.939024 -4.512195 -0.670732
44310 26 0.000000 0.000000 0.000000 10.304878 0.975610 1.646341
44315 26 0.000000 0.000000 0.000000 9.939025 0.975610 3.414634
44320 26 0.000000 0.000000 0.000000 6.768293 -0.975610 4.878049
44325 26 0.000000 0.000000 0.000000 15.243903 0.975610 3.414634
44330 26 0.000000 0.000000 0.000000 21.585367 2.743902 5.060976
44335 26 0.000000 0.000000 0.000000 23.719513 1.402439 5.853659
44340 26 0.000000 0.000000 0.000000 23.475611 -2.987805 2.378049
44345 26 0.000000 0.000000 0.000000 18.353659 -3.658537 5.548780
44350 26 0.000000 0.000000 0.000000 16.036585 -2.987805 7.560976
44355 26 0.000000 0.000000 0.000000 14.024390 -1.463415 4.390244
44360 26 0.000000 0.000000 0.000000 13.048780 1.219512 4.207317
44365 26 0.000000 0.000000 0.000000 11.524390 2.743902 8.536586
44370 26 0.000000 0.000000 0.000000 12.073171 2.865854 10.121951
44375 26 0.000000 0.000000 0.000000 13.963415 4.329268 10.304878
44380 26 0.000000 0.000000 0.000000 13.597561 6.463415 9.573171
44385 26 0.000000 0.000000 0.000000 7.500000 1.890244 6.890244
44390 26 0.000000 0.000000 0.000000 2.378049 -1.219512 3.780488
44395 26 0.000000 0.000000 0.000000 2.987805 0.548781 -1.402439
44400 26 0.000000 0.000000 0.000000 0.792683 0.670732 -5.121951
44405 26 0.000000 0.000000 0.000000 -2.378049 -1.890244 -2.621951
44410 26 0.000000 0.000000 0.000000 -0.487805 -4.451220 0.243902
44415 26 0.000000 0.000000 0.000000 5.121951 -3.109756 3.231707
44420 26 0.000000 0.000000 0.000000 16.280489 3.231707 9.024390
44425 26 0.000000 0.000000 0.000000 15.914635 4.573171 7.987805
44430 26 0.000000 0.000000 0.000000 11.463415 1.707317 5.304878
44435 26 0.000000 0.000000 0.000000 4.268293 -1.036585 1.646341
44440 26 0.000000 0.000000 0.000000 -3.780488 -3.170732 -4.878049
44445 26 0.000000 0.000000 0.000000 -4.024390 0.121951 -1.951220
44450 26 0.000000 0.000000 0.000000 -1.280488 1.463415 -1.036585
44455 26 0.000000 0.000000 0.000000 -1.341463 1.707317 -7.256098
44460 26 0.000000 0.000000 0.000000 1.158537 -1.768293 -12.865854
44465 26 0.000000 0.000000 0.000000 6.524390 -2.682927 -7.195122
44470 26 0.000000 0.000000 0.000000 9.878049 -0.853659 -0.975610
44475 26 0.000000 0.000000 0.000000 12.317074 4.085366 2.012195
44480 26 0.000000 0.000000 0.000000 14.451220 4.451220 -0.426829
44485 26 0.000000 0.000000 0.000000 11.707317 -0.121951 -3.414634
44490 26 0.000000 0.000000 0.000000 12.621951 2.073171 -1.280488
44495 26 0.000000 0.000000 0.000000 16.646341 0.243902 6.097561
44500 26 0.000000 0.000000 0.000000 17.073172 -1.768293 13.963415
44505 26 0.000000 0.000000 0.000000 18.048780 2.865854 8.170732
44510 26 0.000000 0.000000 0.000000 15.000000 1.585366 0.548781
44515 26 0.000000 0.000000 0.000000 10.731708 2.195122 -2.987805
44520 26 0.000000 0.000000 0.000000 7.804878 3.048780 -3.048780
44525 26 0.000000 0.000000 0.000000 5.304878 1.036585 -5.914634
44530 26 0.000000 0.000000 0.000000 3.841464 0.182927 -7.073171
44535 26 0.000000 0.000000 0.000000 5.060976 2.378049 -7.195122
44540 26 0.000000 0.000000 0.000000 4.512195 -5.243903 -8.292683
44545 26 0.000000 0.000000 0.000000 8.109756 -7.012195 -5.000000
44550 26 0.000000 0.000000 0.000000 10.426829 -1.646341 -3.536585
44555 26 0.000000 0.000000 0.000000 7.012195 1.036585 -5.975610
44560 26 0.000000 0.000000 0.000000 4.024390 3.353659 -5.426829
44565 26 0.000000 0.000000 0.000000 2.317073 3.231707 1.158537
44570 26 0.000000 0.000000 0.000000 1.402439 0.914634 3.231707
44575 26 0.000000 0.000000 0.000000 3.292683 6.402439 1.280488
44580 26 0.000000 0.000000 0.000000 4.573171 13.475610 -1.463415
44585 26 0.000000 0.000000 0.000000 2.987805 2.865854 -4.451220
44590 26 0.000000 0.000000 0.000000 1.707317 -4.817073 -2.926829
44595 26 0.000000 0.000000 0.000000 0.487805 -6.341464 -1.341463
44600 26 0.000000 0.000000 0.000000 -1.951220 -3.414634 -2.682927
44605 26 0.000000 0.000000 0.000000 -2.865854 -0.243902 -5.000000
44610 26 0.000000 0.000000 0.000000 0.121951 -0.792683 -4.146341
44615 26 0.000000 0.000000 0.000000 1.585366 -0.060976 4.024390
44620 26 0.000000 0.000000 0.000000 5.487805 1.768293 15.000000
44625 26 0.000000 0.000000 0.000000 10.365854 2.012195 9.756098
44630 26 0.000000 0.000000 0.000000 13.719513 2.195122 4.756098
44635 26 0.000000 0.000000 0.000000 10.670732 1.158537 -0.975610
44640 26 0.000000 0.000000 0.000000 2.865854 -0.914634 -7.926829
44645 26 0.000000 0.000000 0.000000 3.841464 -0.731707 0.975610
44650 26 0.000000 0.000000 0.000000 5.853659 -0.975610 3.780488
44655 26 0.000000 0.000000 0.000000 6.646342 3.414634 1.951220
44660 26 0.000000 0.000000 0.000000 6.890244 10.426829 -1.280488
44665 26 0.000000 0.000000 0.000000 3.963415 4.939024 -3.902439
44670 26 0.000000 0.000000 0.000000 0.731707 -1.951220 -3.109756
44675 26 0.000000 0.000000 0.000000 -2.195122 -3.231707 -5.792683
44680 26 0.000000 0.000000 0.000000 -4.024390 -2.865854 -12.256098
44685 26 0.000000 0.000000 0.000000 -1.280488 -2.012195 -7.378049
44690 26 0.000000 0.000000 0.000000 2.317073 -1.158537 -1.951220
44695 26 0.000000 0.000000 0.000000 1.219512 0.792683 0.365854
44700 26 0.000000 0.000000 0.000000 -0.975610 2.439024 1.219512
44705 26 0.000000 0.000000 0.000000 5.426829 -0.243902 -3.292683
44710 26 0.000000 0.000000 0.000000 11.036586 -1.036585 -3.963415
44715 26 0.000000 0.000000 0.000000 10.853659 -1.097561 -4.573171
44720 26 0.000000 0.000000 0.000000 6.402439 -0.121951 -10.365854
44725 26 0.000000 0.000000 0.000000 4.207317 -0.853659 -9.085366
44730 26 0.000000 0.000000 0.000000 4.207317 -1.097561 -5.487805
44735 26 0.000000 0.000000 0.000000 10.060976 1.585366 1.280488
44740 26 0.000000 0.000000 0.000000 20.609756 6.158537 14.695123
44745 26 0.000000 0.000000 0.000000 19.512196 6.402439 9.756098
44750 26 0.000000 0.000000 0.000000 14.390244 3.170732 -0.609756
44755 26 0.000000 0.000000 0.000000 7.256098 -1.646341 -8.292683
44760 26 0.000000 0.000000 0.000000 0.000000 -5.609756 -10.731708
44765 26 0.000000 0.000000 0.000000 0.914634 -4.451220 -2.378049
44770 26 0.000000 0.000000 0.000000 4.146341 -4.451220 -0.487805
44775 26 0.000000 0.000000 0.000000 1.036585 -2.743902 -1.158537
44780 26 0.000000 0.000000 0.000000 -4.695122 -1.768293 4.268293
44785 26 0.000000 0.000000 0.000000 0.365854 0.975610 10.121951
44790 26 0.000000 0.000000 0.000000 5.487805 0.853659 10.000000
44795 26 0.000000 0.000000 0.000000 2.743902 -0.243902 2.804878
44800 26 0.000000 0.000000 0.000000 -5.000000 -4.329268 -10.731708
44805 26 0.000000 0.000000 0.000000 -7.378049 -6.341464 -9.207317
44810 26 0.000000 0.000000 0.000000 -2.378049 -3.353659 -0.609756
44815 26 0.000000 0.000000 0.000000 4.085366 5.182927 9.390244
44820 26 0.000000 0.000000 0.000000 7.682927 14.939025 16.707317
44825 26 0.000000 0.000000 0.000000 6.402439 9.390244 6.707317
44830 26 0.000000 0.000000 0.000000 5.975610 0.121951 2.073171
44835 26 0.000000 0.000000 0.000000 4.146341 -3.780488 2.378049
44840 26 0.000000 0.000000 0.000000 3.536585 -3.597561 4.817073
44845 26 0.000000 0.000000 0.000000 4.268293 0.487805 7.439024
44850 26 0.000000 0.000000 0.000000 3.048780 2.926829 2.560976
44855 26 0.000000 0.000000 0.000000 1.219512 3.109756 -3.353659
44860 26 0.000000 0.000000 0.000000 3.292683 0.304878 -4.268293
44865 26 0.000000 0.000000 0.000000 2.926829 -0.853659 -4.207317
44870 26 0.000000 0.000000 0.000000 -0.060976 -0.548781 -4.268293
44875 26 0.000000 0.000000 0.000000 -5.914634 -1.463415 -7.865854
44880 26 -10.000000 0.000000 0.000000 -12.865854 -4.268293 -13.048780
44885 26 -10.000000 0.000000 0.000000 -8.963415 -4.024390 -3.963415
44890 26 -10.000000 0.000000 0.000000 -4.451220 -2.560976 1.646341
44895 26 -10.000000 0.000000 0.000000 -1.646341 -0.487805 1.463415
44900 26 -10.000000 0.000000 0.000000 2.560976 3.231707 -0.548781
44905 26 -10.000000 0.000000 0.000000 -1.097561 0.914634 -5.975610
44910 26 -10.000000 0.000000 0.000000 -5.792683 -1.158537 -6.158537
44915 26 -20.000000 0.000000 0.000000 -5.914634 -1.524390 1.280488
44920 26 -20.000000 0.000000 0.000000 -3.963415 0.487805 13.841464
44925 26 -20.000000 0.000000 0.000000 -0.670732 0.853659 9.024390
44930 26 -20.000000 0.000000 0.000000 -5.853659 0.914634 -1.036585
44935 26 -20.000000 0.000000 0.000000 -8.353659 -0.487805 -4.695122
44940 26 -30.000000 0.000000 0.000000 -12.317074 -6.768293 -5.792683
44945 26 -30.000000 0.000000 0.000000 -13.841464 -5.121951 -7.195122
44950 26 -30.000000 0.000000 0.000000 -12.865854 -0.060976 -5.609756
44955 26 -30.000000 0.000000 0.000000 -15.609756 0.975610 -3.658537
44960 26 -30.000000 0.000000 0.000000 -22.073172 -2.073171 -2.073171
44965 26 -30.000000 0.000000 0.000000 -22.073172 -4.634146 0.060976
44970 26 -30.000000 0.000000 0.000000 -18.963415 -7.073171 -1.280488
44975 26 -40.000000 0.000000 0.000000 -14.573171 -2.865854 -0.243902
44980 26 -40.000000 0.000000 0.000000 -12.500000 3.292683 4.146341
44985 26 -40.000000 0.000000 0.000000 -19.390244 -0.243902 0.609756
44990 26 -40.000000 0.000000 0.000000 -25.731709 -1.646341 -2.134146
44995 26 -40.000000 0.000000 0.000000 -30.609756 -0.121951 -4.085366
45000 26 -40.000000 0.000000 0.000000 -36.768295 -0.426829 -5.975610
45005 26 -50.000000 0.000000 0.000000 -41.036587 -6.768293 -5.792683
45010 26 -50.000000 0.000000 0.000000 -39.024391 -9.024390 -4.451220
45015 26 -50.000000 0.000000 0.000000 -31.951220 -6.158537 -1.585366
45020 26 -50.000000 0.000000 0.000000 -27.012196 -4.146341 1.585366
45025 26 -50.000000 0.000000 0.000000 -32.317074 -1.585366 1.585366
45030 26 -50.000000 0.000000 0.000000 -38.658539 0.731707 -0.060976
45035 26 -50.000000 0.000000 0.000000 -36.890244 2.987805 -2.134146
45040 26 -50.000000 0.000000 0.000000 -32.865856 6.097561 -3.231707
45045 26 -50.000000 0.000000 0.000000 -35.060978 1.402439 -0.365854
45050 26 -50.000000 0.000000 0.000000 -35.304878 -5.670732 2.682927
45055 26 -60.000000 0.000000 0.000000 -34.695122 -7.560976 1.768293
45060 26 -60.000000 0.000000 0.000000 -34.817074 -4.451220 -0.670732
45065 26 -60.000000 0.000000 0.000000 -38.109756 -6.463415 4.146341
45070 26 -60.000000 0.000000 0.000000 -38.048782 -5.548780 7.195122
45075 26 -60.000000 0.000000 0.000000 -39.329269 0.792683 9.024390
45080 26 -60.000000 0.000000 0.000000 -45.365856 6.463415 12.256098
45085 26 -70.000000 0.000000 0.000000 -45.426830 4.695122 14.756098
45090 26 -70.000000 0.000000 0.000000 -39.939026 2.987805 12.743903
45095 26 -70.000000 0.000000 0.000000 -37.012196 2.378049 10.853659
45100 26 -70.000000 0.000000 0.000000 -36.890244 0.426829 8.475610
45105 26 -70.000000 0.000000 0.000000 -35.670734 -5.304878 8.902439
45110 26 -70.000000 0.000000 0.000000 -34.573170 -6.158537 14.146341
45115 26 -70.000000 0.000000 0.000000 -35.609756 -1.585366 13.048780
45120 26 -80.000000 0.000000 0.000000 -39.268295 1.585366 9.512196
45125 26 -80.000000 0.000000 0.000000 -39.512196 1.707317 5.182927
45130 26 -80.000000 0.000000 0.000000 -41.768295 1.402439 2.743902
45135 26 -80.000000 0.000000 0.000000 -46.036587 1.707317 4.817073
45140 26 -80.000000 0.000000 0.000000 -46.890244 -1.402439 6.829268
45145 26 -90.000000 0.000000 0.000000 -50.609756 -2.439024 3.597561
45150 26 -90.000000 0.000000 0.000000 -54.329269 -1.280488 3.109756
45155 26 -90.000000 0.000000 0.000000 -54.085365 0.365854 3.658537
45160 26 -90.000000 0.000000 0.000000 -56.036587 2.195122 -0.365854
45165 26 -90.000000 0.000000 0.000000 -63.475613 -0.670732 2.439024
45170 26 -90.000000 0.000000 0.000000 -65.365852 0.853659 1.219512
45175 26 -90.000000 0.000000 0.000000 -66.829269 2.439024 0.000000
45180 26 -100.000000 0.000000 0.000000 -67.378052 5.243903 1.890244
45185 26 -100.000000 0.000000 0.000000 -65.731712 4.878049 -1.646341
45190 26 -100.000000 0.000000 0.000000 -65.792686 0.914634 -4.573171
45195 26 -100.000000 0.000000 0.000000 -66.036591 -3.841464 -3.780488
45200 26 -100.000000 0.000000 0.000000 -64.268295 -6.768293 -2.195122
45205 26 -100.000000 0.000000 0.000000 -64.756096 -2.926829 -1.951220
45210 26 -100.000000 0.000000 0.000000 -65.670731 4.512195 -2.682927
45215 26 -100.000000 0.000000 0.000000 -70.731712 3.109756 -4.939024
45220 26 -100.000000 0.000000 0.000000 -74.268295 0.000000 -8.475610
45225 26 -100.000000 0.000000 0.000000 -75.487808 0.426829 -3.414634
45230 26 -100.000000 0.000000 0.000000 -71.829269 -0.670732 -0.182927
45235 26 -110.000000 0.000000 0.000000 -67.743904 0.487805 -0.426829
45240 26 -110.000000 0.000000 0.000000 -68.231712 1.036585 2.012195
45245 26 -110.000000 0.000000 0.000000 -68.414635 -3.963415 -2.073171
45250 26 -110.000000 0.000000 0.000000 -65.000000 -0.060976 -8.170732
45255 26 -110.000000 0.000000 0.000000 -63.475613 3.475610 -9.817074
45260 26 -110.000000 0.000000 0.000000 -67.865852 -1.402439 -9.512196
45265 26 -110.000000 0.000000 0.000000 -65.914635 -0.182927 -6.524390
45270 26 -110.000000 0.000000 0.000000 -63.719513 1.158537 -6.341464
45275 26 -110.000000 0.000000 0.000000 -61.707317 3.048780 -4.695122
45280 26 -110.000000 0.000000 0.000000 -58.963417 3.536585 -3.414634
45285 26 -110.000000 0.000000 0.000000 -61.463417 1.707317 -7.987805
45290 26 -110.000000 0.000000 0.000000 -63.475613 1.890244 -11.646341
45295 26 -110.000000 0.000000 0.000000 -64.817078 3.231707 -11.158537
45300 26 -120.000000 0.000000 0.000000 -67.926834 -0.548781 -15.365854
45305 26 -120.000000 0.000000 0.000000 -72.012199 -1.768293 -17.012196
45310 26 -120.000000 0.000000 0.000000 -67.682930 4.329268 -10.060976
45315 26 -120.000000 0.000000 0.000000 -60.548782 7.256098 -2.378049
45320 26 -120.000000 0.000000 0.000000 -64.817078 0.609756 -1.341463
45325 26 -120.000000 0.000000 0.000000 -72.073174 -4.695122 -7.560976
45330 26 -120.000000 0.000000 0.000000 -70.121956 3.658537 -8.475610
45335 26 -120.000000 0.000000 0.000000 -69.085365 6.890244 -5.853659
45340 26 -120.000000 0.000000 0.000000 -65.548782 -7.134147 -10.121951
45345 26 -120.000000 0.000000 0.000000 -59.634148 -11.402439 -17.256098
45350 26 -120.000000 0.000000 0.000000 -54.878052 0.182927 -10.853659
45355 26 -120.000000 0.000000 0.000000 -54.024391 8.292683 -1.524390
45360 26 -120.000000 0.000000 0.000000 -56.829269 7.560976 -3.353659
45365 26 -120.000000 0.000000 0.000000 -54.695122 3.719512 -1.768293
45370 26 -120.000000 0.000000 0.000000 -50.792683 0.609756 -1.768293
45375 26 -120.000000 0.000000 0.000000 -47.500000 -0.914634 -1.951220
45380 26 -120.000000 0.000000 0.000000 -44.390244 0.731707 -0.365854
45385 26 -120.000000 0.000000 0.000000 -48.841465 1.524390 4.207317
45390 26 -120.000000 0.000000 0.000000 -53.597561 -0.060976 3.658537
45395 26 -120.000000 0.000000 0.000000 -54.817074 -1.280488 3.170732
45400 26 -120.000000 0.000000 0.000000 -50.914635 -1.341463 2.012195
45405 26 -120.000000 0.000000 0.000000 -55.670734 0.243902 1.646341
45410 26 -120.000000 0.000000 0.000000 -60.365856 0.426829 0.792683
45415 26 -120.000000 0.000000 0.000000 -62.317074 0.914634 2.195122
45420 26 -120.000000 0.000000 0.000000 -59.695122 0.914634 1.402439
45425 26 -120.000000 0.000000 0.000000 -63.170734 1.402439 0.975610
45430 26 -120.000000 0.000000 0.000000 -66.280487 0.914634 -1.524390
45435 26 -120.000000 0.000000 0.000000 -67.621956 0.670732 -2.439024
45440 26 -120.000000 0.000000 0.000000 -65.792686 0.182927 -2.073171
45445 26 -120.000000 0.000000 0.000000 -65.487808 -0.060976 -4.817073
45450 26 -120.000000 0.000000 0.000000 -66.707321 1.341463 -7.195122
45455 26 -120.000000 0.000000 0.000000 -67.621956 3.536585 -6.646342
45460 26 -120.000000 0.000000 0.000000 -64.024391 4.634146 -3.292683
45465 26 -120.000000 0.000000 0.000000 -58.536587 4.329268 -8.536586
45470 26 -110.000000 0.000000 0.000000 -57.560978 5.060976 -12.012196
45475 26 -110.000000 0.000000 0.000000 -57.439026 6.585366 -10.975610
45480 26 -110.000000 0.000000 0.000000 -59.695122 7.134147 -5.000000
45485 26 -100.000000 0.000000 0.000000 -52.682926 6.463415 -4.268293
45490 26 -100.000000 0.000000 0.000000 -47.378052 5.792683 -3.841464
45495 26 -90.000000 0.000000 0.000000 -41.890244 5.182927 -4.207317
45500 26 -90.000000 0.000000 0.000000 -40.000000 3.536585 -6.585366
45505 26 -90.000000 0.000000 0.000000 -39.695122 4.817073 -4.634146
45510 26 -80.000000 0.000000 0.000000 -35.731709 4.817073 -0.487805
45515 26 -70.000000 0.000000 0.000000 -28.658537 2.195122 1.036585
45520 26 -70.000000 0.000000 0.000000 -21.524391 0.000000 -1.829268
45525 26 -70.000000 0.000000 0.000000 -23.353659 0.487805 0.731707
45530 26 -60.000000 0.000000 0.000000 -19.939024 1.646341 2.256098
45535 26 -50.000000 0.000000 0.000000 -12.865854 3.292683 0.060976
45540 26 -50.000000 0.000000 0.000000 -8.109756 3.414634 -1.341463
45545 26 -40.000000 0.000000 0.000000 -2.682927 2.560976 -1.829268
45550 26 -20.000000 0.000000 0.000000 3.658537 1.097561 0.060976
45555 26 0.000000 0.000000 0.000000 10.487805 -0.121951 5.426829
45560 26 0.000000 0.000000 0.000000 15.182927 -1.219512 9.817074
45565 26 0.000000 0.000000 0.000000 19.512196 -3.109756 8.170732
45570 26 0.000000 0.000000 0.000000 30.000000 -2.682927 4.573171
45575 26 0.000000 0.000000 0.000000 39.268295 -0.731707 3.231707
45580 26 0.000000 0.000000 0.000000 44.268295 0.060976 -0.731707
45585 26 0.000000 0.000000 0.000000 54.573174 0.975610 -0.060976
45590 26 0.000000 0.000000 0.000000 67.439026 4.268293 0.000000
45595 26 0.000000 0.000000 0.000000 76.829269 5.853659 -5.304878
45600 26 0.000000 0.000000 0.000000 81.158539 3.353659 -5.792683
45605 26 0.000000 0.000000 0.000000 87.804878 4.085366 -5.731708
45610 26 0.000000 0.000000 0.000000 88.292686 5.487805 -2.012195
45615 26 0.000000 0.000000 0.000000 85.487808 7.317073 -1.036585
45620 26 0.000000 0.000000 0.000000 83.353661 7.621952 -3.353659
45625 26 0.000000 0.000000 0.000000 81.951218 3.475610 -2.560976
45630 26 0.000000 0.000000 0.000000 77.134148 1.219512 -0.731707
45635 26 0.000000 0.000000 0.000000 72.439026 0.609756 -1.402439
45640 26 0.000000 0.000000 0.000000 66.463417 1.951220 -0.365854
45645 26 0.000000 0.000000 0.000000 61.402439 2.256098 0.304878
45650 26 0.000000 0.000000 0.000000 54.512196 2.439024 -1.463415
45655 26 0.000000 0.000000 0.000000 45.426830 1.280488 -2.378049
45660 26 0.000000 0.000000 0.000000 40.000000 -1.036585 0.853659
45665 26 0.000000 0.000000 0.000000 36.585365 -2.073171 2.073171
45670 26 0.000000 0.000000 0.000000 33.658539 -1.829268 -0.426829
45675 26 0.000000 0.000000 0.000000 28.902439 -2.682927 -0.853659
45680 26 0.000000 0.000000 0.000000 20.670732 -2.073171 3.658537
45685 26 0.000000 0.000000 0.000000 23.353659 -1.402439 3.231707
45690 26 0.000000 0.000000 0.000000 27.743902 -2.682927 0.731707
45695 26 0.000000 0.000000 0.000000 29.817074 -5.426829 -0.243902
45700 26 0.000000 0.000000 0.000000 35.304878 -5.000000 1.036585
45705 26 0.000000 0.000000 0.000000 34.878048 -1.524390 0.000000
45710 26 0.000000 0.000000 0.000000 34.573170 -1.402439 -2.073171
45715 26 0.000000 0.000000 0.000000 38.597561 -2.500000 -2.926829
45720 26 0.000000 0.000000 0.000000 38.719513 0.853659 -3.170732
45725 26 0.000000 0.000000 0.000000 42.195122 -1.890244 -2.012195
45730 26 0.000000 0.000000 0.000000 47.987804 -3.292683 -1.524390
45735 26 0.000000 0.000000 0.000000 47.987804 -3.048780 -4.085366
45740 26 0.000000 0.000000 0.000000 51.402439 -4.756098 -2.865854
45745 26 0.000000 0.000000 0.000000 57.317074 -3.292683 0.060976
45750 26 0.000000 0.000000 0.000000 55.914635 -1.463415 -1.036585
45755 26 0.000000 0.000000 0.000000 55.792683 0.243902 0.975610
45760 26 0.000000 0.000000 0.000000 53.048782 0.548781 -0.060976
45765 26 0.000000 0.000000 0.000000 51.402439 -1.036585 0.060976
45770 26 0.000000 0.000000 0.000000 50.060978 -1.890244 -0.365854
45775 26 0.000000 0.000000 0.000000 45.487804 -1.951220 -0.487805
45780 26 0.000000 0.000000 0.000000 44.573174 -4.329268 4.817073
45785 26 0.000000 0.000000 0.000000 40.000000 -4.146341 3.109756
45790 26 0.000000 0.000000 0.000000 32.743904 -3.414634 0.000000
45795 26 0.000000 0.000000 0.000000 30.670732 -3.597561 -0.853659
45800 26 0.000000 0.000000 0.000000 26.219513 -4.451220 -3.109756
45805 26 0.000000 0.000000 0.000000 25.365854 -2.621951 1.341463
45810 26 0.000000 0.000000 0.000000 26.402439 -3.536585 2.682927
45815 26 0.000000 0.000000 0.000000 28.231709 -5.365854 2.743902
45820 26 0.000000 0.000000 0.000000 29.634148 -3.048780 5.000000
45825 26 0.000000 0.000000 0.000000 28.170732 -0.975610 1.890244
45830 26 0.000000 0.000000 0.000000 31.463415 -3.963415 -1.219512
45835 26 0.000000 0.000000 0.000000 33.902439 -4.634146 -2.378049
45840 26 0.000000 0.000000 0.000000 28.780489 -6.341464 -4.695122
45845 26 0.000000 0.000000 0.000000 32.500000 -9.207317 -5.060976
45850 26 0.000000 0.000000 0.000000 39.756100 -0.365854 -1.890244
45855 26 0.000000 0.000000 0.000000 40.609756 4.024390 -5.548780
45860 26 0.000000 0.000000 0.000000 42.743904 -1.768293 -13.048780
45865 26 0.000000 0.000000 0.000000 42.073174 -2.439024 -9.207317
45870 26 0.000000 0.000000 0.000000 38.658539 -0.121951 -6.036585
45875 26 0.000000 0.000000 0.000000 39.878048 -0.121951 -8.353659
45880 26 0.000000 0.000000 0.000000 36.158539 -1.585366 -5.243903
45885 26 0.000000 0.000000 0.000000 33.048782 1.463415 -5.243903
45890 26 0.000000 0.000000 0.000000 31.951220 3.658537 -7.439024
45895 26 0.000000 0.000000 0.000000 31.768293 0.487805 -7.134147
45900 26 0.000000 0.000000 0.000000 32.378048 0.487805 -5.060976
45905 26 0.000000 0.000000 0.000000 30.670732 -0.243902 -5.243903
45910 26 0.000000 0.000000 0.000000 28.292683 -1.524390 -2.256098
45915 26 0.000000 0.000000 0.000000 25.609756 -0.975610 -2.500000
45920 26 0.000000 0.000000 0.000000 23.292683 0.426829 -4.939024
45925 26 0.000000 0.000000 0.000000 23.841463 4.207317 -3.963415
45930 26 0.000000 0.000000 0.000000 22.682928 4.634146 -2.439024
45935 26 0.000000 0.000000 0.000000 23.048780 4.756098 -2.378049
45940 26 0.000000 0.000000 0.000000 28.170732 2.317073 -1.707317
45945 26 0.000000 0.000000 0.000000 26.890245 2.256098 -3.048780
45950 26 0.000000 0.000000 0.000000 26.829269 0.914634 -4.756098
45955 26 0.000000 0.000000 0.000000 26.341463 -0.304878 -3.597561
45960 26 0.000000 0.000000 0.000000 25.304878 3.597561 -0.487805
45965 26 0.000000 0.000000 0.000000 27.500000 -0.121951 -2.317073
45970 26 0.000000 0.000000 0.000000 30.365854 -4.024390 -2.317073
45975 26 0.000000 0.000000 0.000000 29.573172 -0.365854 -0.853659
45980 26 0.000000 0.000000 0.000000 24.207317 -1.402439 -4.939024
45985 26 0.000000 0.000000 0.000000 23.658537 -2.378049 -1.951220
45990 26 0.000000 0.000000 0.000000 28.902439 4.085366 1.158537
45995 26 0.000000 0.000000 0.000000 25.609756 -0.121951 -1.768293
46000 26 0.000000 0.000000 0.000000 22.439024 -7.987805 -3.536585
46005 26 0.000000 0.000000 0.000000 27.134148 1.219512 -1.524390
46010 26 0.000000 0.000000 0.000000 27.560976 2.865854 -2.500000
46015 26 0.000000 0.000000 0.000000 25.060976 -4.878049 -3.597561
46020 26 0.000000 0.000000 0.000000 26.402439 -2.865854 -1.646341
46025 26 0.000000 0.000000 0.000000 27.560976 0.670732 -3.841464
46030 26 0.000000 0.000000 0.000000 27.012196 -4.939024 -4.634146
46035 26 0.000000 0.000000 0.000000 27.500000 -6.463415 -1.585366
46040 26 0.000000 0.000000 0.000000 28.292683 1.158537 -2.195122
46045 26 0.000000 0.000000 0.000000 27.012196 -2.073171 -3.902439
46050 26 0.000000 0.000000 0.000000 27.621952 -6.402439 -1.280488
46055 26 0.000000 0.000000 0.000000 26.707317 -0.670732 -0.365854
46060 26 0.000000 0.000000 0.000000 20.609756 1.768293 -6.219512
46065 26 0.000000 0.000000 0.000000 19.817074 -3.780488 -5.304878
46070 26 0.000000 0.000000 0.000000 24.085367 -0.914634 -1.158537
46075 26 0.000000 0.000000 0.000000 25.121952 1.768293 -1.768293
46080 26 0.000000 0.000000 0.000000 20.182928 -6.341464 -3.170732
46085 26 0.000000 0.000000 0.000000 21.341463 -5.060976 -0.670732
46090 26 0.000000 0.000000 0.000000 24.451220 3.170732 0.000000
46095 26 0.000000 0.000000 0.000000 19.024391 -3.780488 -1.036585
46100 26 0.000000 0.000000 0.000000 15.731708 -9.695122 2.987805
46105 26 0.000000 0.000000 0.000000 17.317074 0.426829 1.829268
46110 26 0.000000 0.000000 0.000000 16.707317 1.341463 -1.707317
46115 26 0.000000 0.000000 0.000000 10.975610 -8.780488 0.304878
46120 26 0.000000 0.000000 0.000000 11.463415 -5.426829 5.000000
46125 26 0.000000 0.000000 0.000000 16.097561 3.475610 1.646341
46130 26 0.000000 0.000000 0.000000 17.195122 -0.060976 -2.926829
46135 26 0.000000 0.000000 0.000000 16.402439 -6.280488 -0.548781
46140 26 0.000000 0.000000 0.000000 20.914635 -1.829268 2.317073
46145 26 0.000000 0.000000 0.000000 23.170732 3.292683 0.792683
46150 26 0.000000 0.000000 0.000000 20.548780 1.036585 -1.402439
46155 26 0.000000 0.000000 0.000000 19.634148 -1.524390 -4.939024
46160 26 0.000000 0.000000 0.000000 22.439024 -0.792683 -8.658537
46165 26 0.000000 0.000000 0.000000 18.536585 -1.402439 -4.207317
46170 26 0.000000 0.000000 0.000000 16.280489 -1.890244 -0.731707
46175 26 0.000000 0.000000 0.000000 16.463415 -2.195122 -4.939024
46180 26 0.000000 0.000000 0.000000 19.390244 -1.951220 -8.902439
46185 26 0.000000 0.000000 0.000000 15.365854 -1.951220 -3.170732
46190 26 0.000000 0.000000 0.000000 10.792684 -2.682927 2.134146
46195 26 0.000000 0.000000 0.000000 12.012196 -3.231707 0.182927
46200 26 0.000000 0.000000 0.000000 15.426829 -2.012195 0.609756
46205 26 0.000000 0.000000 0.000000 12.317074 0.000000 2.865854
46210 26 0.000000 0.000000 0.000000 10.670732 0.000000 1.951220
46215 26 0.000000 0.000000 0.000000 15.426829 -3.170732 2.682927
46220 26 0.000000 0.000000 0.000000 23.414635 0.365854 8.414635
46225 26 0.000000 0.000000 0.000000 23.597561 4.390244 7.378049
46230 26 0.000000 0.000000 0.000000 20.060976 3.414634 2.134146
46235 26 0.000000 0.000000 0.000000 20.609756 2.560976 -0.304878
46240 26 0.000000 0.000000 0.000000 24.390244 4.329268 -1.524390
46245 26 0.000000 0.000000 0.000000 20.121952 1.768293 -0.975610
46250 26 0.000000 0.000000 0.000000 15.670732 2.560976 0.609756
46255 26 0.000000 0.000000 0.000000 18.292683 3.292683 -2.256098
46260 26 0.000000 0.000000 0.000000 21.097561 3.658537 -5.731708
46265 26 0.000000 0.000000 0.000000 15.914635 -1.219512 -5.975610
46270 26 0.000000 0.000000 0.000000 11.402439 -3.902439 -4.878049
46275 26 0.000000 0.000000 0.000000 13.536586 -2.073171 -4.756098
46280 26 0.000000 0.000000 0.000000 14.756098 0.182927 -4.085366
46285 26 0.000000 0.000000 0.000000 7.256098 -2.256098 -5.914634
46290 26 0.000000 0.000000 0.000000 4.695122 -4.939024 -6.768293
46295 26 0.000000 0.000000 0.000000 8.902439 -3.292683 -1.829268
46300 26 0.000000 0.000000 0.000000 14.207317 3.292683 7.621952
46305 26 0.000000 0.000000 0.000000 13.475610 4.634146 5.975610
46310 26 0.000000 0.000000 0.000000 14.817074 -0.243902 1.097561
46315 26 0.000000 0.000000 0.000000 18.963415 -1.463415 3.109756
46320 26 0.000000 0.000000 0.000000 25.121952 4.085366 9.268292
46325 26 0.000000 0.000000 0.000000 20.000000 3.536585 2.926829
46330 26 0.000000 0.000000 0.000000 15.487805 1.158537 -4.817073
46335 26 0.000000 0.000000 0.000000 16.036585 0.365854 -8.048780
46340 26 0.000000 0.000000 0.000000 18.109756 3.475610 -9.390244
46345 26 0.000000 0.000000 0.000000 14.390244 0.426829 -7.378049
46350 26 0.000000 0.000000 0.000000 11.524390 -4.207317 -3.902439
46355 26 0.000000 0.000000 0.000000 13.048780 -1.463415 -0.731707
46360 26 0.000000 0.000000 0.000000 15.487805 2.621951 1.158537
46365 26 0.000000 0.000000 0.000000 10.609756 1.280488 1.646341
46370 26 0.000000 0.000000 0.000000 3.902439 -0.365854 0.365854
46375 26 0.000000 0.000000 0.000000 5.975610 -0.365854 3.048780
46380 26 0.000000 0.000000 0.000000 14.756098 -0.365854 10.487805
46385 26 0.000000 0.000000 0.000000 11.463415 0.243902 8.292683
46390 26 0.000000 0.000000 0.000000 8.353659 2.317073 2.073171
46395 26 0.000000 0.000000 0.000000 11.097561 3.170732 0.304878
46400 26 0.000000 0.000000 0.000000 16.158537 2.743902 3.841464
46405 26 0.000000 0.000000 0.000000 11.341464 -0.121951 3.048780
46410 26 0.000000 0.000000 0.000000 8.597561 -0.975610 2.500000
46415 26 0.000000 0.000000 0.000000 7.865854 -4.451220 -2.682927
46420 26 0.000000 0.000000 0.000000 7.378049 -7.134147 -7.926829
46425 26 0.000000 0.000000 0.000000 6.585366 -2.317073 -5.365854
46430 26 0.000000 0.000000 0.000000 6.524390 0.975610 -2.865854
46435 26 0.000000 0.000000 0.000000 4.817073 -2.012195 -1.341463
46440 26 0.000000 0.000000 0.000000 7.134147 -5.792683 2.743902
46445 26 0.000000 0.000000 0.000000 12.743903 -1.951220 8.231708
46450 26 0.000000 0.000000 0.000000 12.439025 1.585366 7.804878
46455 26 0.000000 0.000000 0.000000 11.707317 2.195122 2.560976
46460 26 0.000000 0.000000 0.000000 12.073171 -1.097561 -7.987805
46465 26 0.000000 0.000000 0.000000 15.000000 -2.378049 -7.865854
46470 26 0.000000 0.000000 0.000000 15.609756 -0.670732 -2.439024
46475 26 0.000000 0.000000 0.000000 11.524390 -0.853659 -4.939024
46480 26 0.000000 0.000000 0.000000 3.414634 -3.353659 -14.939025
46485 26 0.000000 0.000000 0.000000 6.463415 -3.170732 -10.243902
46490 26 0.000000 0.000000 0.000000 12.439025 -4.024390 -3.841464
46495 26 0.000000 0.000000 0.000000 13.902439 -0.609756 3.292683
46500 26 0.000000 0.000000 0.000000 10.975610 9.207317 8.475610
46505 26 0.000000 0.000000 0.000000 9.939025 7.926829 4.207317
46510 26 0.000000 0.000000 0.000000 9.268292 -0.792683 0.731707
46515 26 0.000000 0.000000 0.000000 11.768293 -1.707317 1.646341
46520 26 0.000000 0.000000 0.000000 16.951220 4.878049 -1.036585
46525 26 0.000000 0.000000 0.000000 13.902439 1.951220 -7.500000
46530 26 0.000000 0.000000 0.000000 11.524390 -2.134146 -8.048780
46535 26 0.000000 0.000000 0.000000 10.731708 -4.268293 -2.560976
46540 26 0.000000 0.000000 0.000000 10.975610 -0.304878 3.292683
46545 26 0.000000 0.000000 0.000000 8.841464 2.621951 1.036585
46550 26 0.000000 0.000000 0.000000 7.378049 -0.487805 -3.353659
46555 26 0.000000 0.000000 0.000000 8.109756 -0.731707 3.292683
46560 26 0.000000 0.000000 0.000000 10.304878 3.048780 19.085367
46565 26 0.000000 0.000000 0.000000 10.609756 5.243903 12.682927
46570 26 0.000000 0.000000 0.000000 10.182927 1.463415 3.719512
46575 26 0.000000 0.000000 0.000000 7.012195 -1.036585 1.219512
46580 26 0.000000 0.000000 0.000000 3.292683 -1.646341 -2.195122
46585 26 0.000000 0.000000 0.000000 2.682927 -0.060976 -4.634146
46590 26 0.000000 0.000000 0.000000 1.951220 0.731707 -5.609756
46595 26 0.000000 0.000000 0.000000 1.768293 -1.951220 -4.817073
46600 26 0.000000 0.000000 0.000000 -0.792683 -3.963415 0.060976
46605 26 0.000000 0.000000 0.000000 1.219512 -0.121951 3.048780
46610 26 0.000000 0.000000 0.000000 4.085366 0.487805 1.829268
46615 26 0.000000 0.000000 0.000000 11.768293 0.548781 -0.731707
46620 26 0.000000 0.000000 0.000000 22.804878 2.195122 -5.121951
46625 26 0.000000 0.000000 0.000000 15.548780 -0.426829 -7.743903
46630 26 0.000000 0.000000 0.000000 10.243902 -2.439024 -6.524390
46635 26 0.000000 0.000000 0.000000 9.085366 -3.841464 -3.658537
46640 26 0.000000 0.000000 0.000000 10.426829 -4.268293 0.487805
46645 26 0.000000 0.000000 0.000000 8.231708 2.621951 3.292683
46650 26 0.000000 0.000000 0.000000 4.878049 6.036585 2.682927
46655 26 0.000000 0.000000 0.000000 3.170732 3.536585 -2.317073
46660 26 0.000000 0.000000 0.000000 9.451220 -2.256098 -8.109756
46665 26 0.000000 0.000000 0.000000 12.987805 -1.158537 -5.548780
46670 26 0.000000 0.000000 0.000000 10.731708 0.975610 -0.304878
46675 26 0.000000 0.000000 0.000000 5.365854 1.280488 -2.987805
46680 26 0.000000 0.000000 0.000000 -3.414634 -6.219512 -9.146341
46685 26 0.000000 0.000000 0.000000 -0.426829 -10.000000 -0.304878
46690 26 0.000000 0.000000 0.000000 6.951220 -7.560976 8.658537
46695 26 0.000000 0.000000 0.000000 13.719513 0.853659 14.878049
46700 26 0.000000 0.000000 0.000000 18.963415 8.902439 17.804878
46705 26 0.000000 0.000000 0.000000 14.878049 0.060976 13.353659
46710 26 0.000000 0.000000 0.000000 9.695122 -5.365854 13.231708
46715 26 0.000000 0.000000 0.000000 11.646341 -0.121951 15.670732
46720 26 0.000000 0.000000 0.000000 12.865854 7.621952 18.658537
46725 26 0.000000 0.000000 0.000000 9.634147 7.317073 18.475611
46730 26 0.000000 0.000000 0.000000 9.512196 1.158537 16.646341
46735 26 0.000000 0.000000 0.000000 16.341463 -3.231707 20.670732
46740 26 0.000000 0.000000 0.000000 24.085367 -5.487805 30.731709
46745 26 0.000000 0.000000 0.000000 20.182928 0.609756 29.024391
46750 26 0.000000 0.000000 0.000000 14.756098 8.292683 23.902439
46755 26 0.000000 0.000000 0.000000 5.548780 -0.548781 19.695122
46760 26 0.000000 0.000000 0.000000 -5.121951 -15.365854 20.548780
46765 26 0.000000 0.000000 0.000000 -3.231707 -9.817074 24.634148
46770 26 0.000000 0.000000 0.000000 0.000000 2.073171 21.768293
46775 26 0.000000 0.000000 0.000000 1.280488 6.402439 15.487805
46780 26 0.000000 0.000000 0.000000 3.231707 4.329268 10.182927
46785 26 0.000000 0.000000 0.000000 -1.402439 -1.768293 5.121951
46790 26 0.000000 0.000000 0.000000 -6.768293 -2.682927 3.719512
46795 26 0.000000 0.000000 0.000000 -3.475610 0.060976 4.207317
46800 26 0.000000 0.000000 0.000000 4.634146 4.573171 10.975610
46805 26 0.000000 0.000000 0.000000 6.829268 6.219512 8.780488
46810 26 0.000000 0.000000 0.000000 4.146341 3.719512 1.585366
46815 26 0.000000 0.000000 0.000000 -1.890244 -0.548781 -5.487805
46820 26 0.000000 0.000000 0.000000 -8.231708 -4.817073 -10.487805
46825 26 0.000000 0.000000 0.000000 -7.682927 -4.817073 -8.475610
46830 26 0.000000 0.000000 0.000000 -1.219512 -0.853659 -5.487805
46835 26 0.000000 0.000000 0.000000 2.865854 2.439024 -10.609756
46840 26 0.000000 0.000000 0.000000 5.304878 5.182927 -20.548780
46845 26 0.000000 0.000000 0.000000 3.170732 -0.060976 -19.817074
46850 26 0.000000 0.000000 0.000000 1.402439 -3.536585 -14.207317
46855 26 0.000000 0.000000 0.000000 2.195122 -2.560976 -8.414635
46860 26 0.000000 0.000000 0.000000 7.317073 0.243902 -4.268293
46865 26 0.000000 0.000000 0.000000 11.524390 3.536585 -12.012196
46870 26 0.000000 0.000000 0.000000 8.597561 2.317073 -16.036585
46875 26 0.000000 0.000000 0.000000 5.304878 -1.463415 -15.853659
46880 26 0.000000 0.000000 0.000000 5.000000 -5.609756 -13.597561
46885 26 0.000000 0.000000 0.000000 4.451220 -1.280488 -11.036586
46890 26 0.000000 0.000000 0.000000 3.536585 2.682927 -11.585366
46895 26 0.000000 0.000000 0.000000 2.865854 -1.768293 -15.609756
46900 26 0.000000 0.000000 0.000000 5.426829 -7.134147 -18.902439
46905 26 0.000000 0.000000 0.000000 11.097561 -2.378049 -13.292684
46910 26 0.000000 0.000000 0.000000 13.536586 0.426829 -8.719512
46915 26 0.000000 0.000000 0.000000 14.817074 0.548781 -5.000000
46920 26 0.000000 0.000000 0.000000 9.878049 5.609756 -4.573171
46925 26 0.000000 0.000000 0.000000 3.841464 3.475610 -7.012195
46930 26 0.000000 0.000000 0.000000 2.682927 -3.048780 -5.609756
46935 26 0.000000 0.000000 0.000000 5.182927 -3.536585 -3.597561
46940 26 0.000000 0.000000 0.000000 6.768293 0.792683 -1.707317
46945 26 0.000000 0.000000 0.000000 2.804878 1.341463 -0.853659
46950 26 0.000000 0.000000 0.000000 -0.670732 -0.487805 -1.097561
46955 26 0.000000 0.000000 0.000000 1.036585 -0.182927 -2.134146
46960 26 0.000000 0.000000 0.000000 5.304878 3.231707 -5.914634
46965 26 0.000000 0.000000 0.000000 1.280488 0.975610 -5.731708
46970 26 0.000000 0.000000 0.000000 -0.853659 -0.975610 -2.378049
46975 26 0.000000 0.000000 0.000000 -1.097561 -3.475610 0.243902
46980 26 0.000000 0.000000 0.000000 0.060976 -3.231707 0.853659
46985 26 0.000000 0.000000 0.000000 0.914634 1.524390 -2.195122
46990 26 0.000000 0.000000 0.000000 0.487805 2.317073 -4.573171
46995 26 0.000000 0.000000 0.000000 0.487805 -0.792683 -0.060976
47000 26 0.000000 0.000000 0.000000 1.829268 -2.012195 7.012195
47005 26 0.000000 0.000000 0.000000 2.500000 0.548781 3.048780
47010 26 0.000000 0.000000 0.000000 4.878049 0.670732 0.000000
47015 26 0.000000 0.000000 0.000000 3.902439 0.914634 -2.317073
47020 26 0.000000 0.000000 0.000000 1.768293 -0.792683 -2.987805
47025 26 0.000000 0.000000 0.000000 7.621952 -0.609756 3.048780
47030 26 0.000000 0.000000 0.000000 12.012196 0.000000 5.975610
47035 26 0.000000 0.000000 0.000000 12.012196 2.317073 4.207317
47040 26 0.000000 0.000000 0.000000 7.804878 5.426829 -0.792683
47045 26 0.000000 0.000000 0.000000 5.609756 2.317073 -1.646341
47050 26 0.000000 0.000000 0.000000 6.036585 0.243902 2.743902
47055 26 0.000000 0.000000 0.000000 8.292683 2.256098 11.219512
47060 26 0.000000 0.000000 0.000000 11.280488 7.743903 22.317074
47065 26 0.000000 0.000000 0.000000 6.585366 7.804878 14.756098
47070 26 0.000000 0.000000 0.000000 -0.182927 4.817073 5.731708
47075 26 0.000000 0.000000 0.000000 -4.756098 1.829268 4.268293
47080 26 0.000000 0.000000 0.000000 -6.341464 -1.219512 7.012195
47085 26 0.000000 0.000000 0.000000 -6.036585 -1.341463 4.390244
47090 26 0.000000 0.000000 0.000000 -3.170732 0.365854 2.743902
47095 26 0.000000 0.000000 0.000000 -0.304878 1.219512 3.719512
47100 26 0.000000 0.000000 0.000000 -0.365854 2.195122 8.231708
47105 26 0.000000 0.000000 0.000000 -0.060976 2.317073 8.597561
47110 26 0.000000 0.000000 0.000000 0.000000 1.097561 3.719512
47115 26 0.000000 0.000000 0.000000 0.365854 -2.012195 -1.768293
47120 26 0.000000 0.000000 0.000000 2.743902 -5.243903 -6.768293
47125 26 0.000000 0.000000 0.000000 2.621951 -3.719512 -6.036585
47130 26 0.000000 0.000000 0.000000 1.280488 -2.195122 -5.060976
47135 26 0.000000 0.000000 0.000000 1.768293 0.548781 -4.878049
47140 26 0.000000 0.000000 0.000000 5.243903 3.963415 -3.109756
47145 26 0.000000 0.000000 0.000000 4.512195 1.890244 -1.219512
47150 26 0.000000 0.000000 0.000000 2.073171 0.304878 -1.341463
47155 26 0.000000 0.000000 0.000000 0.548781 -0.792683 -4.024390
47160 26 0.000000 0.000000 0.000000 0.000000 -3.231707 -9.024390
47165 26 0.000000 0.000000 0.000000 2.195122 -2.500000 -6.646342
47170 26 0.000000 0.000000 0.000000 3.963415 -0.670732 -3.170732
47175 26 0.000000 0.000000 0.000000 3.597561 0.548781 1.646341
47180 26 0.000000 0.000000 0.000000 0.243902 1.341463 6.829268
47185 26 0.000000 0.000000 0.000000 -0.609756 0.060976 2.256098
47190 26 0.000000 0.000000 0.000000 0.792683 -0.121951 -1.829268
47195 26 0.000000 0.000000 0.000000 1.158537 -0.121951 -2.378049
47200 26 0.000000 0.000000 0.000000 0.000000 1.280488 -0.487805
47205 26 0.000000 0.000000 0.000000 0.121951 1.280488 1.951220
47210 26 0.000000 0.000000 0.000000 1.890244 -0.853659 1.463415
47215 26 0.000000 0.000000 0.000000 2.987805 -1.890244 -1.341463
47220 26 0.000000 0.000000 0.000000 4.268293 -2.926829 -5.731708
47225 26 0.000000 0.000000 0.000000 3.536585 -2.621951 -5.182927
47230 26 0.000000 0.000000 0.000000 2.621951 -1.158537 -3.414634
47235 26 0.000000 0.000000 0.000000 1.280488 -0.060976 -1.707317
47240 26 0.000000 0.000000 0.000000 0.975610 0.670732 1.158537
47245 26 0.000000 0.000000 0.000000 3.414634 0.304878 1.341463
47250 26 0.000000 0.000000 0.000000 3.658537 -0.182927 0.426829
47255 26 0.000000 0.000000 0.000000 1.524390 0.426829 -1.951220
47260 26 0.000000 0.000000 0.000000 -2.621951 0.243902 -6.524390
47265 26 0.000000 0.000000 0.000000 -3.719512 -0.487805 -3.780488
47270 26 0.000000 0.000000 0.000000 -3.597561 -0.731707 -1.158537
47275 26 0.000000 0.000000 0.000000 2.012195 -0.670732 3.475610
47280 26 0.000000 0.000000 0.000000 12.500000 1.829268 10.975610
47285 26 0.000000 0.000000 0.000000 6.402439 0.426829 4.085366
47290 26 0.000000 0.000000 0.000000 1.402439 -0.609756 -2.439024
47295 26 0.000000 0.000000 0.000000 -1.768293 -3.780488 -7.743903
47300 26 0.000000 0.000000 0.000000 -3.658537 -6.280488 -10.548780
47305 26 0.000000 0.000000 0.000000 3.414634 -3.780488 -3.963415
47310 26 0.000000 0.000000 0.000000 7.804878 -2.439024 0.792683
47315 26 0.000000 0.000000 0.000000 6.341464 0.914634 1.463415
47320 26 0.000000 0.000000 0.000000 -3.292683 0.609756 -3.231707
47325 26 0.000000 0.000000 0.000000 -3.292683 -3.780488 -5.670732
47330 26 0.000000 0.000000 0.000000 2.195122 -5.609756 -4.756098
47335 26 0.000000 0.000000 0.000000 7.134147 -1.341463 -3.353659
47340 26 0.000000 0.000000 0.000000 10.487805 5.670732 -1.219512
47345 26 0.000000 0.000000 0.000000 8.780488 3.902439 1.768293
47350 26 0.000000 0.000000 0.000000 7.012195 -0.609756 2.317073
47355 26 0.000000 0.000000 0.000000 6.158537 -1.768293 1.707317
47360 26 0.000000 0.000000 0.000000 5.670732 0.304878 0.426829
47365 26 0.000000 0.000000 0.000000 4.512195 3.109756 -1.463415
47370 26 0.000000 0.000000 0.000000 5.060976 2.743902 0.792683
47375 26 0.000000 0.000000 0.000000 7.439024 0.975610 5.121951
47380 26 0.000000 0.000000 0.000000 15.914635 -0.914634 10.000000
47385 26 0.000000 0.000000 0.000000 13.109756 3.170732 7.804878
47390 26 0.000000 0.000000 0.000000 11.280488 5.426829 7.134147
47395 26 0.000000 0.000000 0.000000 4.146341 -1.463415 1.280488
47400 26 0.000000 0.000000 0.000000 -5.731708 -11.219512 -10.670732
47405 26 0.000000 0.000000 0.000000 -2.195122 -6.585366 -8.170732
47410 26 0.000000 0.000000 0.000000 1.097561 1.158537 -2.134146
47415 26 0.000000 0.000000 0.000000 -0.060976 2.804878 -0.304878
47420 26 0.000000 0.000000 0.000000 -3.597561 0.975610 0.426829
47425 26 0.000000 0.000000 0.000000 -4.817073 -0.304878 -0.426829
47430 26 0.000000 0.000000 0.000000 -5.426829 -0.487805 -1.097561
47435 26 0.000000 0.000000 0.000000 -7.256098 0.243902 -2.560976
47440 26 0.000000 0.000000 0.000000 -9.573171 -0.792683 -2.926829
47445 26 0.000000 0.000000 0.000000 -9.756098 -0.731707 1.585366
47450 26 0.000000 0.000000 0.000000 -8.475610 0.426829 4.146341
47455 26 0.000000 0.000000 0.000000 -5.000000 0.487805 3.048780
47460 26 0.000000 0.000000 0.000000 -2.256098 0.243902 0.000000
47465 26 0.000000 0.000000 0.000000 -3.780488 0.853659 -1.524390
47470 26 0.000000 0.000000 0.000000 -3.719512 1.097561 -0.487805
47475 26 0.000000 0.000000 0.000000 -1.463415 -0.121951 2.682927
47480 26 0.000000 0.000000 0.000000 -0.670732 0.243902 5.670732
47485 26 0.000000 0.000000 0.000000 1.280488 -1.341463 1.585366
47490 26 0.000000 0.000000 0.000000 3.109756 -2.439024 -2.134146
47495 26 -10.000000 0.000000 0.000000 3.109756 -2.012195 -2.987805
47500 26 -10.000000 0.000000 0.000000 4.878049 -0.365854 -2.012195
47505 26 -10.000000 0.000000 0.000000 6.158537 0.243902 -1.280488
47510 26 -10.000000 0.000000 0.000000 3.719512 -0.365854 -0.548781
47515 26 -10.000000 0.000000 0.000000 1.219512 -1.768293 -1.280488
47520 26 -10.000000 0.000000 0.000000 0.731707 -1.646341 -3.902439
47525 26 -10.000000 0.000000 0.000000 -1.219512 0.000000 -2.012195
47530 26 -10.000000 0.000000 0.000000 -4.878049 0.487805 2.012195
47535 26 -10.000000 0.000000 0.000000 -7.987805 -0.487805 5.670732
47540 26 -10.000000 0.000000 0.000000 -9.085366 -0.365854 9.146341
47545 26 -10.000000 0.000000 0.000000 -5.304878 0.731707 4.695122
47550 26 -20.000000 0.000000 0.000000 -2.134146 -2.073171 0.182927
47555 26 -20.000000 0.000000 0.000000 -3.902439 -2.926829 -3.475610
47560 26 -20.000000 0.000000 0.000000 -12.256098 -2.804878 -8.231708
47565 26 -20.000000 0.000000 0.000000 -16.036585 -3.109756 -5.853659
47570 26 -20.000000 0.000000 0.000000 -15.304878 -2.682927 -2.865854
47575 26 -20.000000 0.000000 0.000000 -15.609756 0.365854 -0.121951
47580 26 -20.000000 0.000000 0.000000 -18.170732 2.439024 5.243903
47585 26 -20.000000 0.000000 0.000000 -18.536585 -0.304878 5.304878
47590 26 -20.000000 0.000000 0.000000 -16.341463 -1.585366 2.134146
47595 26 -20.000000 0.000000 0.000000 -11.890244 -0.243902 0.000000
47600 26 -20.000000 0.000000 0.000000 -6.951220 1.524390 -5.182927
47605 26 -20.000000 0.000000 0.000000 -12.500000 0.000000 -5.792683
47610 26 -30.000000 0.000000 0.000000 -19.573172 -2.439024 -5.243903
47615 26 -30.000000 0.000000 0.000000 -24.024391 -4.451220 -5.487805
47620 26 -30.000000 0.000000 0.000000 -17.621952 -4.451220 2.012195
47625 26 -30.000000 0.000000 0.000000 -13.353659 -0.548781 7.500000
47630 26 -30.000000 0.000000 0.000000 -16.097561 5.426829 7.560976
47635 26 -30.000000 0.000000 0.000000 -20.853659 5.182927 2.439024
47640 26 -30.000000 0.000000 0.000000 -21.829269 0.426829 -5.792683
47645 26 -30.000000 0.000000 0.000000 -18.109756 -0.975610 -3.414634
47650 26 -30.000000 0.000000 0.000000 -17.317074 0.548781 1.280488
47655 26 -30.000000 0.000000 0.000000 -21.036587 1.646341 -1.951220
47660 26 -30.000000 0.000000 0.000000 -28.902439 -1.158537 -11.158537
47665 26 -30.000000 0.000000 0.000000 -28.048780 -2.804878 -4.634146
47670 26 -40.000000 0.000000 0.000000 -21.829269 -2.621951 3.536585
47675 26 -40.000000 0.000000 0.000000 -17.500000 0.060976 10.426829
47680 26 -40.000000 0.000000 0.000000 -15.975610 7.134147 9.390244
47685 26 -40.000000 0.000000 0.000000 -16.097561 6.646342 1.097561
47690 26 -40.000000 0.000000 0.000000 -17.743902 0.975610 -0.426829
47695 26 -40.000000 0.000000 0.000000 -18.658537 -0.609756 1.402439
47700 26 -40.000000 0.000000 0.000000 -17.317074 3.292683 -3.719512
47705 26 -40.000000 0.000000 0.000000 -21.158537 3.902439 -4.756098
47710 26 -40.000000 0.000000 0.000000 -26.829269 0.365854 0.243902
47715 26 -40.000000 0.000000 0.000000 -32.012196 -4.573171 1.402439
47720 26 -40.000000 0.000000 0.000000 -32.987804 -5.487805 -1.768293
47725 26 -40.000000 0.000000 0.000000 -34.512196 -2.439024 1.707317
47730 26 -40.000000 0.000000 0.000000 -37.134148 -0.914634 5.121951
47735 26 -40.000000 0.000000 0.000000 -42.439026 -4.939024 6.829268
47740 26 -40.000000 0.000000 0.000000 -42.012196 -7.743903 8.841464
47745 26 -40.000000 0.000000 0.000000 -33.353661 -1.463415 11.463415
47750 26 -40.000000 0.000000 0.000000 -28.902439 3.048780 12.195122
47755 26 -40.000000 0.000000 0.000000 -28.353659 0.914634 8.902439
47760 26 -40.000000 0.000000 0.000000 -27.743902 -4.634146 1.097561
47765 26 -40.000000 0.000000 0.000000 -25.304878 -4.268293 1.463415
47770 26 -40.000000 0.000000 0.000000 -23.719513 0.121951 5.609756
47775 26 -40.000000 0.000000 0.000000 -26.280489 0.853659 7.865854
47780 26 -40.000000 0.000000 0.000000 -32.743904 -3.231707 6.402439
47785 26 -40.000000 0.000000 0.000000 -26.463415 -4.939024 9.573171
47790 26 -40.000000 0.000000 0.000000 -17.682928 -5.365854 12.256098
47795 26 -40.000000 0.000000 0.000000 -14.390244 -2.865854 17.012196
47800 26 -40.000000 0.000000 0.000000 -16.951220 2.439024 19.085367
47805 26 -40.000000 0.000000 0.000000 -18.963415 -0.487805 10.914635
47810 26 -40.000000 0.000000 0.000000 -17.804878 -4.695122 6.646342
47815 26 -40.000000 0.000000 0.000000 -16.402439 -2.682927 6.951220
47820 26 -40.000000 0.000000 0.000000 -20.060976 6.890244 4.756098
47825 26 -40.000000 0.000000 0.000000 -26.158537 5.304878 0.731707
47830 26 -40.000000 0.000000 0.000000 -26.402439 2.073171 3.048780
47835 26 -40.000000 0.000000 0.000000 -22.682928 3.292683 9.024390
47840 26 -40.000000 0.000000 0.000000 -19.085367 5.914634 13.109756
47845 26 -40.000000 0.000000 0.000000 -15.548780 -0.731707 10.426829
47850 26 -40.000000 0.000000 0.000000 -10.182927 -6.585366 8.475610
47855 26 -40.000000 0.000000 0.000000 -7.439024 -7.743903 11.524390
47860 26 -40.000000 0.000000 0.000000 -6.219512 -3.963415 13.475610
47865 26 -40.000000 0.000000 0.000000 -7.865854 -4.268293 11.097561
47870 26 -40.000000 0.000000 0.000000 -11.341464 -5.792683 9.024390
47875 26 -40.000000 0.000000 0.000000 -11.341464 -3.109756 8.109756
47880 26 -40.000000 0.000000 0.000000 -11.646341 3.963415 4.939024
47885 26 -50.000000 0.000000 0.000000 -15.609756 0.914634 5.000000
47890 26 -50.000000 0.000000 0.000000 -19.390244 -8.536586 3.597561
47895 26 -50.000000 0.000000 0.000000 -19.817074 -7.378049 -1.280488
47900 26 -50.000000 0.000000 0.000000 -22.865854 -1.890244 -4.634146
47905 26 -50.000000 0.000000 0.000000 -28.414635 -1.890244 -7.926829
47910 26 -50.000000 0.000000 0.000000 -31.646341 1.158537 -10.853659
47915 26 -50.000000 0.000000 0.000000 -35.426830 4.634146 -8.414635
47920 26 -50.000000 0.000000 0.000000 -39.756100 1.036585 -4.634146
47925 26 -50.000000 0.000000 0.000000 -39.024391 -3.597561 -10.914635
47930 26 -50.000000 0.000000 0.000000 -36.158539 -2.317073 -12.621951
47935 26 -50.000000 0.000000 0.000000 -35.060978 -0.487805 -7.865854
47940 26 -50.000000 0.000000 0.000000 -33.719513 0.914634 -6.280488
47945 26 -50.000000 0.000000 0.000000 -33.902439 2.317073 -10.731708
47950 26 -50.000000 0.000000 0.000000 -36.829269 -0.365854 -9.207317
47955 26 -50.000000 0.000000 0.000000 -37.560978 -1.524390 -7.682927
47960 26 -50.000000 0.000000 0.000000 -36.585365 -0.121951 -9.878049
47965 26 -50.000000 0.000000 0.000000 -29.024391 2.317073 -9.878049
47970 26 -50.000000 0.000000 0.000000 -26.036587 -1.524390 -5.304878
47975 26 -50.000000 0.000000 0.000000 -24.451220 -5.304878 -3.536585
47980 26 -50.000000 0.000000 0.000000 -23.109756 -0.975610 -6.219512
47985 26 -50.000000 0.000000 0.000000 -21.768293 0.304878 -6.341464
47990 26 -50.000000 0.000000 0.000000 -20.914635 -0.853659 -1.280488
47995 26 -50.000000 0.000000 0.000000 -20.731709 -0.487805 2.317073
48000 26 -50.000000 0.000000 0.000000 -21.890244 1.280488 0.609756
48005 26 -50.000000 0.000000 0.000000 -18.292683 -1.036585 -0.670732
48010 26 -50.000000 0.000000 0.000000 -15.121951 -3.414634 0.182927
48015 26 -50.000000 0.000000 0.000000 -16.341463 -1.646341 -0.792683
48020 26 -50.000000 0.000000 0.000000 -19.085367 -2.134146 -3.170732
48025 26 -50.000000 0.000000 0.000000 -17.195122 -2.926829 -0.243902
48030 26 -50.000000 0.000000 0.000000 -15.304878 -0.121951 1.280488
48035 26 -50.000000 0.000000 0.000000 -16.951220 0.670732 -1.402439
48040 26 -50.000000 0.000000 0.000000 -17.439024 -4.573171 -1.585366
48045 26 -50.000000 0.000000 0.000000 -19.329269 -4.878049 1.280488
48050 26 -50.000000 0.000000 0.000000 -21.097561 -0.914634 -0.121951
48055 26 -50.000000 0.000000 0.000000 -21.097561 -0.914634 -1.341463
48060 26 -50.000000 0.000000 0.000000 -21.341463 1.829268 2.256098
48065 26 -50.000000 0.000000 0.000000 -20.975611 0.121951 -1.646341
48070 26 -50.000000 0.000000 0.000000 -19.573172 -3.597561 -3.719512
48075 26 -50.000000 0.000000 0.000000 -18.719513 -3.231707 -2.439024
48080 26 -50.000000 0.000000 0.000000 -22.256098 -4.817073 -6.097561
48085 26 -50.000000 0.000000 0.000000 -19.817074 -6.524390 -4.207317
48090 26 -50.000000 0.000000 0.000000 -15.914635 -1.158537 1.768293
48095 26 -50.000000 0.000000 0.000000 -17.560976 0.426829 0.182927
48100 26 -50.000000 0.000000 0.000000 -20.060976 -4.939024 -2.134146
48105 26 -50.000000 0.000000 0.000000 -18.841463 -0.670732 2.134146
48110 26 -50.000000 0.000000 0.000000 -15.487805 2.743902 4.695122
48115 26 -50.000000 0.000000 0.000000 -11.890244 -1.463415 5.365854
48120 26 -50.000000 0.000000 0.000000 -8.658537 -1.463415 8.414635
48125 26 -50.000000 0.000000 0.000000 -10.792684 -1.585366 4.634146
48130 26 -50.000000 0.000000 0.000000 -14.634147 -2.073171 1.707317
48135 26 -50.000000 0.000000 0.000000 -14.756098 1.524390 2.926829
48140 26 -50.000000 0.000000 0.000000 -15.670732 0.121951 0.243902
48145 26 -50.000000 0.000000 0.000000 -15.914635 -2.378049 1.585366
48150 26 -50.000000 0.000000 0.000000 -14.939025 1.951220 2.073171
48155 26 -50.000000 0.000000 0.000000 -14.085366 3.475610 0.731707
48160 26 -50.000000 0.000000 0.000000 -15.853659 -1.890244 3.902439
48165 26 -50.000000 0.000000 0.000000 -15.304878 -0.792683 1.951220
48170 26 -50.000000 0.000000 0.000000 -17.073172 0.000000 0.914634
48175 26 -50.000000 0.000000 0.000000 -15.670732 1.707317 -1.585366
48180 26 -50.000000 0.000000 0.000000 -14.634147 1.097561 -6.097561
48185 26 -50.000000 0.000000 0.000000 -20.548780 1.219512 -1.158537
48190 26 -50.000000 0.000000 0.000000 -23.170732 2.378049 4.634146
48195 26 -50.000000 0.000000 0.000000 -23.170732 1.219512 5.609756
48200 26 -50.000000 0.000000 0.000000 -22.743902 4.085366 6.402439
48205 26 -50.000000 0.000000 0.000000 -20.609756 3.536585 2.682927
48210 26 -50.000000 0.000000 0.000000 -18.536585 -1.402439 1.585366
48215 26 -50.000000 0.000000 0.000000 -19.268293 0.121951 1.158537
48220 26 -50.000000 0.000000 0.000000 -22.682928 1.707317 -2.926829
48225 26 -50.000000 0.000000 0.000000 -20.975611 -2.378049 -0.060976
48230 26 -50.000000 0.000000 0.000000 -15.731708 -0.304878 3.963415
48235 26 -50.000000 0.000000 0.000000 -13.780488 0.121951 5.426829
48240 26 -50.000000 0.000000 0.000000 -18.414635 -6.219512 7.926829
48245 26 -50.000000 0.000000 0.000000 -16.280489 -3.719512 4.573171
48250 26 -50.000000 0.000000 0.000000 -12.865854 3.292683 1.463415
48255 26 -50.000000 0.000000 0.000000 -12.743903 -0.853659 1.890244
48260 26 -50.000000 0.000000 0.000000 -11.585366 -4.268293 0.853659
48265 26 -50.000000 0.000000 0.000000 -14.512196 -1.341463 3.597561
48270 26 -50.000000 0.000000 0.000000 -17.682928 0.000000 3.841464
48275 26 -50.000000 0.000000 0.000000 -14.451220 3.292683 3.902439
48280 26 -50.000000 0.000000 0.000000 -13.353659 3.902439 5.914634
48285 26 -50.000000 0.000000 0.000000 -15.731708 0.182927 2.012195
48290 26 -50.000000 0.000000 0.000000 -14.268293 0.182927 -2.439024
48295 26 -50.000000 0.000000 0.000000 -13.048780 0.426829 -5.487805
48300 26 -50.000000 0.000000 0.000000 -15.243903 1.829268 -12.256098
48305 26 -50.000000 0.000000 0.000000 -12.073171 0.609756 -12.865854
48310 26 -50.000000 0.000000 0.000000 -12.195122 -1.463415 -9.573171
48315 26 -50.000000 0.000000 0.000000 -12.682927 -0.853659 -10.243902
48320 26 -50.000000 0.000000 0.000000 -8.536586 -2.378049 -9.695122
48325 26 -50.000000 0.000000 0.000000 -13.353659 -0.548781 -9.939025
48330 26 -50.000000 0.000000 0.000000 -14.573171 2.500000 -8.841464
48335 26 -60.000000 0.000000 0.000000 -15.121951 1.280488 -8.902439
48340 26 -60.000000 0.000000 0.000000 -16.463415 2.987805 -8.963415
48345 26 -60.000000 0.000000 0.000000 -11.890244 0.426829 -7.134147
48350 26 -60.000000 0.000000 0.000000 -10.548780 -1.097561 -4.695122
48355 26 -60.000000 0.000000 0.000000 -11.524390 -2.500000 -3.841464
48360 26 -60.000000 0.000000 0.000000 -11.463415 -2.560976 -2.134146
48365 26 -60.000000 0.000000 0.000000 -13.536586 2.195122 -1.097561
48370 26 -60.000000 0.000000 0.000000 -16.829269 3.231707 -4.573171
48375 26 -60.000000 0.000000 0.000000 -18.353659 3.353659 -4.939024
48380 26 -60.000000 0.000000 0.000000 -21.890244 4.878049 -5.365854
48385 26 -60.000000 0.000000 0.000000 -19.207317 0.487805 -6.585366
48390 26 -60.000000 0.000000 0.000000 -17.195122 -1.402439 -5.121951
48395 26 -60.000000 0.000000 0.000000 -17.804878 -0.914634 -4.085366
48400 26 -60.000000 0.000000 0.000000 -15.548780 -0.243902 -2.560976
48405 26 -60.000000 0.000000 0.000000 -19.939024 1.768293 -0.609756
48410 26 -60.000000 0.000000 0.000000 -25.000000 1.158537 -0.792683
48415 26 -60.000000 0.000000 0.000000 -25.243902 0.914634 0.609756
48420 26 -60.000000 0.000000 0.000000 -26.646341 1.585366 0.060976
48425 26 -60.000000 0.000000 0.000000 -22.621952 0.670732 1.158537
48430 26 -60.000000 0.000000 0.000000 -17.560976 -0.670732 0.243902
48435 26 -60.000000 0.000000 0.000000 -13.780488 -1.524390 -1.463415
48440 26 -60.000000 0.000000 0.000000 -8.109756 -2.682927 -0.792683
48445 26 -60.000000 0.000000 0.000000 -10.365854 -1.036585 -1.646341
48450 26 -60.000000 0.000000 0.000000 -16.707317 0.670732 -1.402439
48455 26 -60.000000 0.000000 0.000000 -20.243902 2.560976 -0.365854
48460 26 -60.000000 0.000000 0.000000 -24.390244 3.597561 0.243902
48465 26 -60.000000 0.000000 0.000000 -21.585367 2.560976 3.170732
48470 26 -60.000000 0.000000 0.000000 -17.987804 1.402439 3.475610
48475 26 -60.000000 0.000000 0.000000 -17.926830 0.792683 3.231707
48480 26 -60.000000 0.000000 0.000000 -19.207317 0.792683 5.121951
48485 26 -60.000000 0.000000 0.000000 -20.121952 0.304878 3.780488
48490 26 -60.000000 0.000000 0.000000 -19.878050 0.304878 2.500000
48495 26 -60.000000 0.000000 0.000000 -18.658537 0.243902 2.500000
48500 26 -60.000000 0.000000 0.000000 -21.036587 -0.975610 0.426829
48505 26 -60.000000 0.000000 0.000000 -23.231709 1.280488 2.987805
48510 26 -60.000000 0.000000 0.000000 -22.804878 2.256098 5.609756
48515 26 -60.000000 0.000000 0.000000 -19.939024 2.134146 8.658537
48520 26 -50.000000 0.000000 0.000000 -18.597561 2.560976 10.182927
48525 26 -50.000000 0.000000 0.000000 -17.317074 2.073171 9.207317
48530 26 -50.000000 0.000000 0.000000 -13.292684 -0.365854 3.780488
48535 26 -50.000000 0.000000 0.000000 -12.073171 -1.158537 0.243902
48540 26 -50.000000 0.000000 0.000000 -10.121951 -3.902439 -0.121951
48545 26 -50.000000 0.000000 0.000000 -3.475610 -2.560976 2.012195
48550 26 -50.000000 0.000000 0.000000 -4.268293 -0.121951 0.670732
48555 26 -50.000000 0.000000 0.000000 -4.146341 0.426829 0.182927
48560 26 -50.000000 0.000000 0.000000 1.158537 0.487805 -1.036585
48565 26 -50.000000 0.000000 0.000000 -2.560976 0.731707 -2.865854
48570 26 -50.000000 0.000000 0.000000 -2.012195 0.060976 -1.524390
48575 26 -50.000000 0.000000 0.000000 -2.012195 0.243902 -0.975610
48580 26 -50.000000 0.000000 0.000000 -5.609756 1.524390 3.536585
48585 26 -40.000000 0.000000 0.000000 -0.975610 -0.426829 3.048780
48590 26 -40.000000 0.000000 0.000000 3.170732 -1.036585 -1.341463
48595 26 -40.000000 0.000000 0.000000 3.353659 -0.975610 -2.500000
48600 26 -40.000000 0.000000 0.000000 7.682927 -2.073171 -2.500000
48605 26 -40.000000 0.000000 0.000000 4.634146 -1.402439 -0.914634
48610 26 -40.000000 0.000000 0.000000 0.182927 0.304878 0.182927
48615 26 -40.000000 0.000000 0.000000 -2.621951 2.804878 0.792683
48620 26 -40.000000 0.000000 0.000000 -5.792683 4.085366 -1.036585
48625 26 -40.000000 0.000000 0.000000 -0.670732 -0.121951 0.609756
48630 26 -40.000000 0.000000 0.000000 3.963415 -2.012195 1.707317
48635 26 -40.000000 0.000000 0.000000 4.573171 -2.682927 1.951220
48640 26 -30.000000 0.000000 0.000000 8.658537 -1.829268 6.463415
48645 26 -30.000000 0.000000 0.000000 7.621952 -1.036585 1.524390
48650 26 -30.000000 0.000000 0.000000 2.317073 0.365854 -2.317073
48655 26 -30.000000 0.000000 0.000000 2.500000 0.792683 -1.951220
48660 26 -30.000000 0.000000 0.000000 0.426829 0.853659 -5.731708
48665 26 -30.000000 0.000000 0.000000 1.829268 2.439024 -0.853659
48670 26 -30.000000 0.000000 0.000000 6.036585 0.731707 0.304878
48675 26 -30.000000 0.000000 0.000000 8.170732 0.670732 1.219512
48680 26 -20.000000 0.000000 0.000000 10.243902 1.036585 5.914634
48685 26 -20.000000 0.000000 0.000000 14.146341 -0.243902 1.280488
48690 26 -20.000000 0.000000 0.000000 14.695123 -0.548781 -2.500000
48695 26 -20.000000 0.000000 0.000000 16.646341 -1.036585 -3.658537
48700 26 -20.000000 0.000000 0.000000 22.987806 -2.743902 -4.268293
48705 26 -10.000000 0.000000 0.000000 21.036587 -1.158537 -1.036585
48710 26 -10.000000 0.000000 0.000000 17.134148 0.731707 -0.304878
48715 26 -10.000000 0.000000 0.000000 20.182928 0.975610 -0.121951
48720 26 -10.000000 0.000000 0.000000 21.890244 2.804878 2.621951
48725 26 0.000000 0.000000 0.000000 26.463415 2.134146 0.000000
48730 26 0.000000 0.000000 0.000000 28.536587 -0.426829 -2.804878
48735 26 0.000000 0.000000 0.000000 28.597561 0.853659 -4.329268
48740 26 0.000000 0.000000 0.000000 32.743904 1.036585 -7.621952
48745 26 0.000000 0.000000 0.000000 36.463417 -0.365854 -6.219512
48750 26 0.000000 0.000000 0.000000 38.170734 0.670732 -3.719512
48755 26 0.000000 0.000000 0.000000 41.829269 1.097561 -3.170732
48760 26 0.000000 0.000000 0.000000 44.329269 -0.731707 -0.548781
48765 26 0.000000 0.000000 0.000000 39.390244 0.365854 -2.134146
48770 26 0.000000 0.000000 0.000000 39.207317 0.670732 -3.231707
48775 26 0.000000 0.000000 0.000000 39.146343 -0.548781 -4.451220
48780 26 0.000000 0.000000 0.000000 34.634148 1.036585 -6.097561
48785 26 0.000000 0.000000 0.000000 38.231709 -2.560976 -6.585366
48790 26 0.000000 0.000000 0.000000 39.878048 -0.182927 -1.341463
48795 26 0.000000 0.000000 0.000000 39.451221 -1.646341 -1.219512
48800 26 0.000000 0.000000 0.000000 40.000000 -6.707317 -3.658537
48805 26 0.000000 0.000000 0.000000 38.475609 0.060976 1.402439
48810 26 0.000000 0.000000 0.000000 34.146343 2.073171 2.682927
48815 26 0.000000 0.000000 0.000000 33.536587 2.621951 5.426829
48820 26 0.000000 0.000000 0.000000 30.609756 4.878049 7.804878
48825 26 0.000000 0.000000 0.000000 30.060976 2.439024 2.439024
48830 26 0.000000 0.000000 0.000000 31.829269 -1.890244 -2.012195
48835 26 0.000000 0.000000 0.000000 26.829269 -1.890244 -2.682927
48840 26 0.000000 0.000000 0.000000 24.756098 0.365854 -5.487805
48845 26 0.000000 0.000000 0.000000 27.073172 -2.804878 -3.658537
48850 26 0.000000 0.000000 0.000000 26.707317 -0.975610 -0.609756
48855 26 0.000000 0.000000 0.000000 29.268293 -1.036585 -1.219512
48860 26 0.000000 0.000000 0.000000 30.914635 -5.548780 -1.524390
48865 26 0.000000 0.000000 0.000000 27.378050 -2.621951 -5.731708
48870 26 0.000000 0.000000 0.000000 27.195122 2.134146 -7.500000
48875 26 0.000000 0.000000 0.000000 28.109756 -1.097561 -7.926829
48880 26 0.000000 0.000000 0.000000 28.475611 -0.914634 -9.451220
48885 26 0.000000 0.000000 0.000000 26.768293 -0.487805 -6.646342
48890 26 0.000000 0.000000 0.000000 24.878050 -3.353659 -2.804878
48895 26 0.000000 0.000000 0.000000 27.378050 -0.243902 -4.573171
48900 26 0.000000 0.000000 0.000000 29.634148 2.317073 -6.280488
48905 26 0.000000 0.000000 0.000000 24.939026 -2.256098 -3.841464
48910 26 0.000000 0.000000 0.000000 22.500000 -1.890244 -2.621951
48915 26 0.000000 0.000000 0.000000 24.329269 0.975610 -1.341463
48920 26 0.000000 0.000000 0.000000 21.341463 -0.670732 1.280488
48925 26 0.000000 0.000000 0.000000 23.292683 0.426829 -1.036585
48930 26 0.000000 0.000000 0.000000 26.280489 3.292683 -1.524390
48935 26 0.000000 0.000000 0.000000 24.451220 -0.060976 0.365854
48940 26 0.000000 0.000000 0.000000 18.963415 -1.463415 -2.195122
48945 26 0.000000 0.000000 0.000000 23.231709 3.597561 0.000000
48950 26 0.000000 0.000000 0.000000 25.914635 1.829268 0.792683
48955 26 0.000000 0.000000 0.000000 22.987806 -2.743902 -2.317073
48960 26 0.000000 0.000000 0.000000 21.646341 -0.182927 -5.365854
48965 26 0.000000 0.000000 0.000000 25.670732 5.121951 -0.914634
48970 26 0.000000 0.000000 0.000000 24.512196 -0.304878 -0.548781
48975 26 0.000000 0.000000 0.000000 21.158537 -2.682927 -3.841464
48980 26 0.000000 0.000000 0.000000 18.841463 0.000000 -1.280488
48985 26 0.000000 0.000000 0.000000 19.756098 4.024390 -0.243902
48990 26 0.000000 0.000000 0.000000 20.914635 2.743902 -2.378049
48995 26 0.000000 0.000000 0.000000 18.841463 0.487805 -1.890244
49000 26 0.000000 0.000000 0.000000 19.390244 0.000000 -1.402439
49005 26 0.000000 0.000000 0.000000 22.378050 0.914634 -2.987805
49010 26 0.000000 0.000000 0.000000 21.463415 -1.707317 -2.317073
49015 26 0.000000 0.000000 0.000000 20.000000 -0.548781 -2.987805
49020 26 0.000000 0.000000 0.000000 22.743902 -0.609756 -8.902439
49025 26 0.000000 0.000000 0.000000 24.268293 -0.365854 -6.829268
49030 26 0.000000 0.000000 0.000000 23.658537 -0.243902 -0.243902
49035 26 0.000000 0.000000 0.000000 22.134148 -1.280488 -2.439024
49040 26 0.000000 0.000000 0.000000 24.085367 -2.926829 -12.378049
49045 26 0.000000 0.000000 0.000000 23.719513 -3.231707 -9.451220
49050 26 0.000000 0.000000 0.000000 20.792683 -1.219512 -2.134146
49055 26 0.000000 0.000000 0.000000 18.475611 -0.975610 -4.146341
49060 26 0.000000 0.000000 0.000000 20.000000 -1.158537 -10.426829
49065 26 0.000000 0.000000 0.000000 17.378050 -1.890244 -6.768293
49070 26 0.000000 0.000000 0.000000 12.560976 -2.012195 -1.768293
49075 26 0.000000 0.000000 0.000000 10.914635 0.121951 -2.256098
49080 26 0.000000 0.000000 0.000000 11.890244 -0.060976 -3.231707
49085 26 0.000000 0.000000 0.000000 9.939025 -2.743902 0.365854
49090 26 0.000000 0.000000 0.000000 11.402439 -3.353659 1.707317
49095 26 0.000000 0.000000 0.000000 12.621951 -3.109756 2.073171
49100 26 0.000000 0.000000 0.000000 14.756098 -1.402439 6.097561
49105 26 0.000000 0.000000 0.000000 15.548780 -1.707317 6.829268
49110 26 0.000000 0.000000 0.000000 17.500000 -3.170732 5.000000
49115 26 0.000000 0.000000 0.000000 18.353659 -1.097561 4.939024
49120 26 0.000000 0.000000 0.000000 16.951220 5.487805 2.987805
49125 26 0.000000 0.000000 0.000000 19.329269 5.548780 2.378049
49130 26 0.000000 0.000000 0.000000 22.500000 -0.548781 2.743902
49135 26 0.000000 0.000000 0.000000 23.170732 -1.951220 0.000000
49140 26 0.000000 0.000000 0.000000 22.743902 0.000000 -7.134147
49145 26 0.000000 0.000000 0.000000 22.134148 -0.365854 -1.890244
49150 26 0.000000 0.000000 0.000000 18.902439 0.121951 3.109756
49155 26 0.000000 0.000000 0.000000 15.426829 0.304878 -1.707317
49160 26 0.000000 0.000000 0.000000 11.280488 -5.365854 -7.073171
49165 26 0.000000 0.000000 0.000000 12.865854 -3.292683 1.341463
49170 26 0.000000 0.000000 0.000000 13.963415 1.951220 5.914634
49175 26 0.000000 0.000000 0.000000 10.182927 1.524390 1.707317
49180 26 0.000000 0.000000 0.000000 7.865854 -7.134147 2.560976
49185 26 0.000000 0.000000 0.000000 12.195122 -5.304878 6.890244
49190 26 0.000000 0.000000 0.000000 15.426829 -0.182927 8.353659
49195 26 0.000000 0.000000 0.000000 14.390244 2.865854 9.756098
49200 26 0.000000 0.000000 0.000000 10.914635 2.560976 12.926829
49205 26 0.000000 0.000000 0.000000 14.573171 -0.792683 13.292684
49210 26 0.000000 0.000000 0.000000 16.646341 0.731707 12.926829
49215 26 0.000000 0.000000 0.000000 17.317074 2.926829 8.780488
49220 26 0.000000 0.000000 0.000000 14.573171 -4.939024 2.560976
49225 26 0.000000 0.000000 0.000000 10.548780 -9.085366 3.658537
49230 26 0.000000 0.000000 0.000000 8.353659 -5.121951 3.414634
49235 26 0.000000 0.000000 0.000000 9.939025 0.182927 0.000000
49240 26 0.000000 0.000000 0.000000 10.670732 3.048780 0.243902
49245 26 0.000000 0.000000 0.000000 7.073171 3.597561 -2.378049
49250 26 0.000000 0.000000 0.000000 3.841464 1.463415 -5.060976
49255 26 0.000000 0.000000 0.000000 10.670732 1.158537 -2.926829
49260 26 0.000000 0.000000 0.000000 19.451220 5.121951 2.073171
49265 26 0.000000 0.000000 0.000000 14.939025 2.439024 -1.646341
49270 26 0.000000 0.000000 0.000000 11.463415 -0.914634 -5.365854
49275 26 0.000000 0.000000 0.000000 8.475610 -6.219512 -2.439024
49280 26 0.000000 0.000000 0.000000 8.170732 -4.512195 5.914634
49285 26 0.000000 0.000000 0.000000 9.512196 2.012195 1.341463
49290 26 0.000000 0.000000 0.000000 9.939025 2.317073 -5.060976
49295 26 0.000000 0.000000 0.000000 11.341464 0.487805 -5.365854
49300 26 0.000000 0.000000 0.000000 17.439024 -2.560976 -0.792683
49305 26 0.000000 0.000000 0.000000 17.378050 0.304878 -1.829268
49310 26 0.000000 0.000000 0.000000 15.487805 0.975610 -1.829268
49315 26 0.000000 0.000000 0.000000 13.048780 -0.487805 -2.865854
49320 26 0.000000 0.000000 0.000000 7.195122 -2.134146 -5.060976
49325 26 0.000000 0.000000 0.000000 4.146341 -1.707317 -6.280488
49330 26 0.000000 0.000000 0.000000 5.060976 -0.121951 -7.500000
49335 26 0.000000 0.000000 0.000000 4.878049 0.426829 -6.524390
49340 26 0.000000 0.000000 0.000000 2.195122 -0.182927 -2.073171
49345 26 0.000000 0.000000 0.000000 2.865854 -2.560976 -0.853659
49350 26 0.000000 0.000000 0.000000 7.926829 -3.414634 -2.560976
49355 26 0.000000 0.000000 0.000000 13.292684 0.670732 -2.317073
49360 26 0.000000 0.000000 0.000000 15.731708 6.646342 -3.963415
49365 26 0.000000 0.000000 0.000000 9.939025 2.926829 -7.621952
49370 26 0.000000 0.000000 0.000000 4.878049 -2.378049 -6.890244
49375 26 0.000000 0.000000 0.000000 4.878049 -3.658537 -4.878049
49380 26 0.000000 0.000000 0.000000 6.585366 0.243902 -1.036585
49385 26 0.000000 0.000000 0.000000 5.731708 0.609756 0.182927
49390 26 0.000000 0.000000 0.000000 3.048780 -1.646341 0.487805
49395 26 0.000000 0.000000 0.000000 5.853659 -3.170732 1.707317
49400 26 0.000000 0.000000 0.000000 17.865854 -2.743902 4.024390
49405 26 0.000000 0.000000 0.000000 18.048780 -1.036585 4.207317
49410 26 0.000000 0.000000 0.000000 10.243902 -0.426829 1.585366
49415 26 0.000000 0.000000 0.000000 5.731708 -1.036585 -2.621951
49420 26 0.000000 0.000000 0.000000 3.719512 -2.804878 -5.487805
49425 26 0.000000 0.000000 0.000000 5.121951 -0.365854 -2.134146
49430 26 0.000000 0.000000 0.000000 7.134147 1.097561 0.304878
49435 26 0.000000 0.000000 0.000000 6.097561 0.548781 1.280488
49440 26 0.000000 0.000000 0.000000 5.975610 -1.219512 2.195122
49445 26 0.000000 0.000000 0.000000 11.890244 -2.073171 2.560976
49450 26 0.000000 0.000000 0.000000 16.524391 -0.670732 3.536585
49455 26 0.000000 0.000000 0.000000 16.585365 0.731707 1.951220
49460 26 0.000000 0.000000 0.000000 8.414635 -1.463415 -4.573171
49465 26 0.000000 0.000000 0.000000 5.548780 -2.865854 -3.658537
49470 26 0.000000 0.000000 0.000000 8.597561 -1.402439 1.463415
49475 26 0.000000 0.000000 0.000000 10.000000 0.670732 5.304878
49480 26 0.000000 0.000000 0.000000 9.817074 2.621951 9.939025
49485 26 0.000000 0.000000 0.000000 8.780488 3.353659 8.719512
49490 26 0.000000 0.000000 0.000000 9.024390 2.012195 7.073171
49495 26 0.000000 0.000000 0.000000 15.304878 2.378049 6.463415
49500 26 0.000000 0.000000 0.000000 21.646341 7.012195 4.451220
49505 26 0.000000 0.000000 0.000000 14.939025 1.158537 0.853659
49510 26 0.000000 0.000000 0.000000 6.463415 -5.000000 -1.463415
49515 26 0.000000 0.000000 0.000000 3.475610 -7.073171 -3.902439
49520 26 0.000000 0.000000 0.000000 7.682927 -4.756098 3.414634
49525 26 0.000000 0.000000 0.000000 9.329268 0.426829 7.560976
49530 26 0.000000 0.000000 0.000000 7.560976 3.170732 2.987805
49535 26 0.000000 0.000000 0.000000 4.634146 1.158537 1.219512
49540 26 0.000000 0.000000 0.000000 5.121951 -0.548781 6.829268
49545 26 0.000000 0.000000 0.000000 8.475610 1.768293 8.597561
49550 26 0.000000 0.000000 0.000000 10.121951 3.536585 6.524390
49555 26 0.000000 0.000000 0.000000 8.231708 2.987805 -1.707317
49560 26 0.000000 0.000000 0.000000 1.951220 -1.585366 -13.170732
49565 26 0.000000 0.000000 0.000000 1.219512 -0.975610 -4.390244
49570 26 0.000000 0.000000 0.000000 3.170732 -1.890244 6.158537
49575 26 0.000000 0.000000 0.000000 6.280488 -4.573171 8.719512
49580 26 0.000000 0.000000 0.000000 7.865854 2.439024 1.707317
49585 26 0.000000 0.000000 0.000000 4.817073 6.463415 -6.158537
49590 26 0.000000 0.000000 0.000000 1.463415 2.682927 -7.804878
49595 26 0.000000 0.000000 0.000000 1.524390 -1.646341 -6.951220
49600 26 0.000000 0.000000 0.000000 2.012195 -0.243902 -10.975610
49605 26 0.000000 0.000000 0.000000 1.951220 -0.243902 -14.085366
49610 26 0.000000 0.000000 0.000000 3.231707 -0.975610 -13.231708
49615 26 0.000000 0.000000 0.000000 1.707317 -2.926829 -8.414635
49620 26 0.000000 0.000000 0.000000 1.219512 -2.256098 1.524390
49625 26 0.000000 0.000000 0.000000 6.158537 0.243902 0.792683
49630 26 0.000000 0.000000 0.000000 7.378049 2.317073 -4.207317
49635 26 0.000000 0.000000 0.000000 7.073171 1.768293 -11.097561
49640 26 0.000000 0.000000 0.000000 4.878049 -5.487805 -19.024391
49645 26 0.000000 0.000000 0.000000 1.219512 -8.353659 -14.695123
49650 26 0.000000 0.000000 0.000000 0.609756 -2.865854 -8.841464
49655 26 0.000000 0.000000 0.000000 1.951220 4.207317 -7.865854
49660 26 0.000000 0.000000 0.000000 2.987805 3.719512 -7.865854
49665 26 0.000000 0.000000 0.000000 4.695122 0.000000 -7.317073
49670 26 0.000000 0.000000 0.000000 6.280488 0.487805 -6.951220
49675 26 0.000000 0.000000 0.000000 9.634147 -0.243902 -3.475610
49680 26 0.000000 0.000000 0.000000 10.609756 -1.280488 -3.048780
49685 26 0.000000 0.000000 0.000000 5.975610 -0.975610 -6.890244
49690 26 0.000000 0.000000 0.000000 0.670732 0.426829 -6.890244
49695 26 0.000000 0.000000 0.000000 1.341463 -1.280488 -2.926829
49700 26 0.000000 0.000000 0.000000 8.292683 -4.756098 5.121951
49705 26 0.000000 0.000000 0.000000 8.902439 1.585366 5.182927
49710 26 0.000000 0.000000 0.000000 8.658537 3.414634 1.829268
49715 26 0.000000 0.000000 0.000000 5.487805 -2.743902 -4.085366
49720 26 0.000000 0.000000 0.000000 -0.243902 -12.560976 -14.268293
49725 26 0.000000 0.000000 0.000000 2.682927 -7.987805 -6.036585
49730 26 0.000000 0.000000 0.000000 6.585366 -0.853659 2.378049
49735 26 0.000000 0.000000 0.000000 8.902439 1.219512 3.658537
49740 26 0.000000 0.000000 0.000000 9.207317 3.109756 0.365854
49745 26 0.000000 0.000000 0.000000 7.256098 0.000000 -2.865854
49750 26 0.000000 0.000000 0.000000 5.548780 -1.646341 -2.378049
49755 26 0.000000 0.000000 0.000000 5.426829 -0.975610 -0.914634
49760 26 0.000000 0.000000 0.000000 4.878049 -0.731707 -3.902439
49765 26 0.000000 0.000000 0.000000 4.207317 -0.121951 -6.097561
49770 26 0.000000 0.000000 0.000000 3.963415 2.317073 -5.304878
49775 26 0.000000 0.000000 0.000000 5.975610 0.487805 0.609756
49780 26 0.000000 0.000000 0.000000 7.987805 0.609756 9.695122
49785 26 0.000000 0.000000 0.000000 7.804878 3.170732 3.231707
49790 26 0.000000 0.000000 0.000000 7.012195 -0.731707 -3.170732
49795 26 0.000000 0.000000 0.000000 4.756098 -1.829268 -6.524390
49800 26 0.000000 0.000000 0.000000 2.743902 0.121951 -10.487805
49805 26 0.000000 0.000000 0.000000 2.378049 -6.463415 -7.560976
49810 26 0.000000 0.000000 0.000000 1.890244 -9.573171 -5.792683
49815 26 0.000000 0.000000 0.000000 8.597561 -2.743902 -4.085366
49820 26 0.000000 0.000000 0.000000 19.512196 3.780488 2.682927
49825 26 0.000000 0.000000 0.000000 12.256098 -0.548781 -2.195122
49830 26 0.000000 0.000000 0.000000 4.268293 -1.585366 -8.109756
49835 26 0.000000 0.000000 0.000000 1.219512 -0.792683 -11.341464
49840 26 0.000000 0.000000 0.000000 -1.158537 -2.926829 -14.695123
49845 26 -10.000000 0.000000 0.000000 -0.670732 -2.134146 -12.073171
49850 26 -10.000000 0.000000 0.000000 0.609756 -0.609756 -9.085366
49855 26 -20.000000 0.000000 0.000000 -1.829268 -2.256098 -8.170732
49860 26 -20.000000 0.000000 0.000000 -6.097561 -6.097561 -5.975610
49865 26 -20.000000 0.000000 0.000000 -4.634146 -0.487805 -4.024390
49870 26 -30.000000 0.000000 0.000000 -2.926829 1.829268 -3.109756
49875 26 -30.000000 0.000000 0.000000 -5.000000 0.060976 0.000000
49880 26 -30.000000 0.000000 0.000000 -11.829268 -0.304878 -0.060976
49885 26 -40.000000 0.000000 0.000000 -14.939025 -0.487805 -3.475610
49890 26 -40.000000 0.000000 0.000000 -17.256098 1.829268 -3.048780
49895 26 -40.000000 0.000000 0.000000 -22.134148 2.378049 -2.012195
49900 26 -40.000000 0.000000 0.000000 -30.426830 -3.780488 -0.243902
49905 26 -50.000000 0.000000 0.000000 -30.853659 -4.817073 1.036585
49910 26 -50.000000 0.000000 0.000000 -29.573172 -0.975610 1.585366
49915 26 -50.000000 0.000000 0.000000 -32.439026 -0.365854 2.987805
49920 26 -50.000000 0.000000 0.000000 -37.256100 -2.865854 9.085366
49925 26 -60.000000 0.000000 0.000000 -39.695122 -1.036585 9.573171
49930 26 -60.000000 0.000000 0.000000 -43.658539 2.195122 6.768293
49935 26 -60.000000 0.000000 0.000000 -44.939026 3.353659 9.207317
49940 26 -60.000000 0.000000 0.000000 -46.890244 0.731707 16.463415
49945 26 -70.000000 0.000000 0.000000 -46.219513 0.304878 14.634147
49950 26 -70.000000 0.000000 0.000000 -45.731709 -0.792683 10.121951
49955 26 -70.000000 0.000000 0.000000 -46.890244 -2.560976 11.768293
49960 26 -70.000000 0.000000 0.000000 -50.914635 0.487805 15.975610
49965 26 -70.000000 0.000000 0.000000 -53.963417 5.548780 12.682927
49970 26 -70.000000 0.000000 0.000000 -55.548782 5.548780 9.329268
49975 26 -70.000000 0.000000 0.000000 -56.890244 3.475610 10.060976
49980 26 -80.000000 0.000000 0.000000 -59.817074 1.280488 9.939025
49985 26 -80.000000 0.000000 0.000000 -56.402439 -1.646341 8.963415
49990 26 -80.000000 0.000000 0.000000 -50.853661 -2.987805 9.268292
49995 26 -80.000000 0.000000 0.000000 -53.048782 -2.743902 9.451220
50000 26 -80.000000 0.000000 0.000000 -60.792683 -2.500000 6.158537
50005 26 -90.000000 0.000000 0.000000 -58.414635 -4.512195 7.743903
50010 26 -90.000000 0.000000 0.000000 -51.219513 -4.878049 10.731708
50015 26 -90.000000 0.000000 0.000000 -52.256100 -1.585366 10.182927
50020 26 -90.000000 0.000000 0.000000 -61.768295 0.731707 6.646342
50025 26 -90.000000 0.000000 0.000000 -61.036587 1.829268 8.536586
50030 26 -90.000000 0.000000 0.000000 -56.951221 4.451220 10.609756
50035 26 -90.000000 0.000000 0.000000 -58.719513 7.256098 12.256098
50040 26 -90.000000 0.000000 0.000000 -65.731712 0.914634 12.621951
50045 26 -90.000000 0.000000 0.000000 -63.841465 -3.658537 9.939025
50050 26 -100.000000 0.000000 0.000000 -59.390244 -2.987805 7.256098
50055 26 -100.000000 0.000000 0.000000 -59.573174 -6.341464 7.560976
50060 26 -100.000000 0.000000 0.000000 -66.219513 -12.378049 10.121951
50065 26 -100.000000 0.000000 0.000000 -65.000000 -9.146341 5.365854
50070 26 -100.000000 0.000000 0.000000 -63.170734 -5.914634 0.609756
50075 26 -100.000000 0.000000 0.000000 -66.097565 -6.097561 -1.646341
50080 26 -100.000000 0.000000 0.000000 -70.548782 -5.731708 -3.963415
50085 26 -100.000000 0.000000 0.000000 -77.865852 -2.378049 -1.707317
50090 26 -100.000000 0.000000 0.000000 -81.524391 0.792683 -4.146341
50095 26 -100.000000 0.000000 0.000000 -82.621956 2.865854 -5.731708
50100 26 -100.000000 0.000000 0.000000 -81.768295 2.682927 -4.207317
50105 26 -110.000000 0.000000 0.000000 -80.487808 -1.951220 -8.231708
50110 26 -110.000000 0.000000 0.000000 -77.134148 -1.829268 -10.365854
50115 26 -110.000000 0.000000 0.000000 -71.280487 0.975610 -10.060976
50120 26 -110.000000 0.000000 0.000000 -71.524391 -1.402439 -11.036586
50125 26 -110.000000 0.000000 0.000000 -69.024391 -5.243903 -15.000000
50130 26 -110.000000 0.000000 0.000000 -63.475613 0.914634 -14.817074
50135 26 -110.000000 0.000000 0.000000 -61.951221 1.951220 -15.304878
50140 26 -110.000000 0.000000 0.000000 -63.414635 -6.524390 -21.646341
50145 26 -110.000000 0.000000 0.000000 -61.463417 -1.524390 -20.487804
50150 26 -110.000000 0.000000 0.000000 -58.719513 3.841464 -16.768293
50155 26 -110.000000 0.000000 0.000000 -59.024391 2.195122 -17.317074
50160 26 -110.000000 0.000000 0.000000 -58.719513 4.512195 -15.121951
50165 26 -110.000000 0.000000 0.000000 -58.597561 3.902439 -14.451220
50170 26 -110.000000 0.000000 0.000000 -54.451221 0.304878 -16.036585
50175 26 -110.000000 0.000000 0.000000 -49.695122 1.036585 -14.024390
50180 26 -110.000000 0.000000 0.000000 -45.426830 2.134146 -13.719513
50185 26 -110.000000 0.000000 0.000000 -49.390244 3.841464 -9.695122
50190 26 -110.000000 0.000000 0.000000 -55.060978 4.329268 -5.121951
50195 26 -110.000000 0.000000 0.000000 -55.731709 3.780488 -1.646341
50200 26 -120.000000 0.000000 0.000000 -58.170734 1.402439 1.890244
50205 26 -120.000000 0.000000 0.000000 -58.292683 0.000000 3.475610
50210 26 -120.000000 0.000000 0.000000 -56.402439 -1.097561 5.548780
50215 26 -120.000000 0.000000 0.000000 -54.512196 -2.865854 9.085366
50220 26 -120.000000 0.000000 0.000000 -57.621952 -2.621951 13.597561
50225 26 -120.000000 0.000000 0.000000 -60.548782 -4.390244 13.597561
50230 26 -120.000000 0.000000 0.000000 -60.365856 -5.060976 10.914635
50235 26 -120.000000 0.000000 0.000000 -61.890244 -5.060976 9.390244
50240 26 -120.000000 0.000000 0.000000 -61.768295 -4.451220 13.475610
50245 26 -120.000000 0.000000 0.000000 -64.817078 -5.365854 13.902439
50250 26 -120.000000 0.000000 0.000000 -68.475609 -5.609756 9.024390
50255 26 -120.000000 0.000000 0.000000 -70.853661 -5.731708 6.402439
50260 26 -130.000000 0.000000 0.000000 -70.121956 -5.975610 8.719512
50265 26 -130.000000 0.000000 0.000000 -68.902443 -4.939024 4.329268
50270 26 -130.000000 0.000000 0.000000 -71.036591 -2.926829 0.975610
50275 26 -130.000000 0.000000 0.000000 -73.536591 -1.890244 0.426829
50280 26 -130.000000 0.000000 0.000000 -78.353661 -3.841464 -1.036585
50285 26 -130.000000 0.000000 0.000000 -75.975609 -1.951220 -4.451220
50290 26 -130.000000 0.000000 0.000000 -70.975609 0.792683 -5.060976
50295 26 -130.000000 0.000000 0.000000 -67.073174 2.378049 -7.073171
50300 26 -130.000000 0.000000 0.000000 -67.743904 3.353659 -10.609756
50305 26 -130.000000 0.000000 0.000000 -69.573174 4.878049 -10.487805
50310 26 -130.000000 0.000000 0.000000 -67.256096 5.243903 -10.243902
50315 26 -130.000000 0.000000 0.000000 -63.597561 4.146341 -13.780488
50320 26 -130.000000 0.000000 0.000000 -58.719513 4.573171 -18.475611
50325 26 -130.000000 0.000000 0.000000 -58.109756 5.731708 -17.743902
50330 26 -130.000000 0.000000 0.000000 -60.609756 7.682927 -15.792684
50335 26 -130.000000 0.000000 0.000000 -61.585369 8.353659 -16.463415
50340 26 -130.000000 0.000000 0.000000 -54.024391 7.865854 -14.939025
50345 26 -130.000000 0.000000 0.000000 -53.170734 8.658537 -8.963415
50350 26 -130.000000 0.000000 0.000000 -57.621952 7.621952 -4.512195
50355 26 -130.000000 0.000000 0.000000 -59.939026 5.365854 -4.146341
50360 26 -130.000000 0.000000 0.000000 -55.487804 2.195122 -2.073171
50365 26 -130.000000 0.000000 0.000000 -57.134148 -0.670732 1.158537
50370 26 -130.000000 0.000000 0.000000 -59.451221 -2.865854 2.804878
50375 26 -130.000000 0.000000 0.000000 -59.451221 -4.390244 1.585366
50380 26 -120.000000 0.000000 0.000000 -58.963417 -5.304878 3.963415
50385 26 -120.000000 0.000000 0.000000 -60.853661 -5.243903 5.182927
50390 26 -120.000000 0.000000 0.000000 -60.426830 -3.414634 5.792683
50395 26 -120.000000 0.000000 0.000000 -57.682930 -4.573171 4.329268
50400 26 -110.000000 0.000000 0.000000 -56.036587 -5.914634 5.304878
50405 26 -110.000000 0.000000 0.000000 -54.390244 -4.024390 3.597561
50410 26 -110.000000 0.000000 0.000000 -53.231709 -1.524390 1.707317
50415 26 -100.000000 0.000000 0.000000 -51.768295 -0.548781 -1.158537
50420 26 -100.000000 0.000000 0.000000 -48.963417 0.000000 -0.914634
50425 26 -90.000000 0.000000 0.000000 -45.853661 1.463415 -3.231707
50430 26 -90.000000 0.000000 0.000000 -39.695122 0.000000 -2.926829
50435 26 -80.000000 0.000000 0.000000 -33.536587 -3.292683 -1.768293
50440 26 -70.000000 0.000000 0.000000 -29.939026 -5.365854 0.182927
50445 26 -60.000000 0.000000 0.000000 -24.756098 -2.560976 4.878049
50450 26 -60.000000 0.000000 0.000000 -16.219513 -0.304878 3.719512
50455 26 -50.000000 0.000000 0.000000 -10.426829 0.914634 0.365854
50460 26 -40.000000 0.000000 0.000000 -6.524390 1.280488 -4.146341
50465 26 -30.000000 0.000000 0.000000 4.085366 0.609756 -2.804878
50470 26 -30.000000 0.000000 0.000000 13.475610 1.585366 1.280488
50475 26 -20.000000 0.000000 0.000000 22.073172 2.134146 2.195122
50480 26 -10.000000 0.000000 0.000000 27.987806 4.207317 3.353659
50485 26 0.000000 0.000000 0.000000 29.390245 3.841464 1.585366
50490 26 0.000000 0.000000 0.000000 39.085365 3.231707 -2.073171
50495 26 0.000000 0.000000 0.000000 49.634148 3.902439 -3.658537
50500 26 0.000000 0.000000 0.000000 56.341465 3.231707 -6.707317
50505 26 0.000000 0.000000 0.000000 65.304878 3.353659 -5.975610
50510 26 0.000000 0.000000 0.000000 68.109756 5.365854 -3.292683
50515 26 0.000000 0.000000 0.000000 68.658539 6.585366 -2.256098
50520 26 0.000000 0.000000 0.000000 68.353661 8.170732 -0.243902
50525 26 0.000000 0.000000 0.000000 71.036591 5.487805 -1.219512
50530 26 0.000000 0.000000 0.000000 76.646347 3.231707 -3.658537
50535 26 0.000000 0.000000 0.000000 78.536591 2.195122 -4.146341
50540 26 0.000000 0.000000 0.000000 76.768295 1.402439 -3.292683
50545 26 0.000000 0.000000 0.000000 69.207321 3.536585 -3.902439
50550 26 0.000000 0.000000 0.000000 67.134148 4.939024 -3.109756
50555 26 0.000000 0.000000 0.000000 68.902443 3.780488 -2.195122
50560 26 0.000000 0.000000 0.000000 67.195122 0.792683 -0.243902
50565 26 0.000000 0.000000 0.000000 57.987804 1.036585 -2.439024
50570 26 0.000000 0.000000 0.000000 53.109756 2.195122 -2.560976
50575 26 0.000000 0.000000 0.000000 50.060978 0.853659 -0.975610
50580 26 0.000000 0.000000 0.000000 46.036587 -1.768293 1.219512
50585 26 0.000000 0.000000 0.000000 42.195122 -1.463415 -2.621951
50590 26 0.000000 0.000000 0.000000 38.841465 0.000000 -4.207317
50595 26 0.000000 0.000000 0.000000 35.975609 -0.548781 -1.646341
50600 26 0.000000 0.000000 0.000000 30.609756 -0.731707 2.195122
50605 26 0.000000 0.000000 0.000000 35.243904 0.426829 -0.975610
50610 26 0.000000 0.000000 0.000000 37.256100 3.048780 -2.012195
50615 26 0.000000 0.000000 0.000000 37.560978 2.804878 -3.109756
50620 26 0.000000 0.000000 0.000000 40.792683 0.792683 -2.926829
50625 26 0.000000 0.000000 0.000000 39.573174 2.804878 -2.256098
50630 26 0.000000 0.000000 0.000000 42.987804 4.390244 -2.743902
50635 26 0.000000 0.000000 0.000000 47.073174 5.365854 -4.756098
50640 26 0.000000 0.000000 0.000000 48.658539 4.146341 -8.597561
50645 26 0.000000 0.000000 0.000000 52.926830 3.597561 -3.109756
50650 26 0.000000 0.000000 0.000000 55.426830 2.378049 0.060976
50655 26 0.000000 0.000000 0.000000 53.902439 0.914634 1.524390
50660 26 0.000000 0.000000 0.000000 53.536587 0.243902 2.378049
50665 26 0.000000 0.000000 0.000000 52.500000 0.426829 -1.463415
50670 26 0.000000 0.000000 0.000000 51.707317 -0.792683 -0.487805
50675 26 0.000000 0.000000 0.000000 52.256100 -1.524390 3.475610
50680 26 0.000000 0.000000 0.000000 47.560978 0.182927 5.365854
50685 26 0.000000 0.000000 0.000000 46.646343 0.853659 2.134146
50690 26 0.000000 0.000000 0.000000 47.560978 0.060976 -1.585366
50695 26 0.000000 0.000000 0.000000 48.963417 -1.280488 -5.914634
50700 26 0.000000 0.000000 0.000000 51.280491 -2.073171 -5.243903
50705 26 0.000000 0.000000 0.000000 43.658539 -0.121951 -1.219512
50710 26 0.000000 0.000000 0.000000 36.951221 1.829268 -0.304878
50715 26 0.000000 0.000000 0.000000 32.560978 2.012195 -0.365854
50720 26 0.000000 0.000000 0.000000 28.719513 0.975610 -2.378049
50725 26 0.000000 0.000000 0.000000 32.134148 -0.609756 -0.670732
50730 26 0.000000 0.000000 0.000000 33.841465 -0.426829 0.365854
50735 26 0.000000 0.000000 0.000000 38.719513 -1.951220 -0.548781
50740 26 0.000000 0.000000 0.000000 41.524391 -0.914634 1.707317
50745 26 0.000000 0.000000 0.000000 33.292683 -0.304878 -1.280488
50750 26 0.000000 0.000000 0.000000 31.463415 -0.792683 -2.134146
50755 26 0.000000 0.000000 0.000000 31.890245 -1.158537 -0.914634
50760 26 0.000000 0.000000 0.000000 30.182928 -0.792683 -2.865854
50765 26 0.000000 0.000000 0.000000 34.573170 -3.414634 -0.243902
50770 26 0.000000 0.000000 0.000000 40.182926 -3.841464 1.524390
50775 26 0.000000 0.000000 0.000000 42.073174 -5.060976 1.585366
50780 26 0.000000 0.000000 0.000000 44.451221 -10.060976 0.609756
50785 26 0.000000 0.000000 0.000000 41.402439 -10.487805 -4.024390
50790 26 0.000000 0.000000 0.000000 34.573170 -16.036585 -9.634147
50795 26 0.000000 0.000000 0.000000 29.024391 -22.682928 -14.268293
50800 26 0.000000 0.000000 0.000000 33.353661 -9.695122 -2.804878
50805 26 0.000000 0.000000 0.000000 40.548782 -1.829268 5.731708
50810 26 0.000000 0.000000 0.000000 45.060978 -1.768293 6.097561
50815 26 0.000000 0.000000 0.000000 44.451221 -7.926829 1.707317
50820 26 0.000000 0.000000 0.000000 45.853661 -10.853659 -3.963415
50825 26 0.000000 0.000000 0.000000 43.841465 -9.146341 1.829268
50830 26 0.000000 0.000000 0.000000 42.317074 -2.804878 5.487805
50835 26 0.000000 0.000000 0.000000 43.170734 5.060976 -0.121951
50840 26 0.000000 0.000000 0.000000 41.341465 4.878049 -2.256098
50845 26 0.000000 0.000000 0.000000 40.304878 2.256098 -4.329268
50850 26 0.000000 0.000000 0.000000 35.914635 -0.670732 -6.097561
50855 26 0.000000 0.000000 0.000000 33.353661 4.756098 -3.719512
50860 26 0.000000 0.000000 0.000000 30.304878 6.524390 -3.597561
50865 26 0.000000 0.000000 0.000000 27.256098 2.012195 -4.512195
50870 26 0.000000 0.000000 0.000000 26.646341 -0.365854 -3.658537
50875 26 0.000000 0.000000 0.000000 27.012196 0.121951 -5.000000
50880 26 0.000000 0.000000 0.000000 25.731709 -3.841464 -6.036585
50885 26 0.000000 0.000000 0.000000 24.756098 -0.121951 -4.634146
50890 26 0.000000 0.000000 0.000000 21.524391 1.341463 -3.109756
50895 26 0.000000 0.000000 0.000000 20.487804 0.000000 -1.463415
50900 26 0.000000 0.000000 0.000000 26.646341 5.914634 2.134146
50905 26 0.000000 0.000000 0.000000 23.780489 3.780488 -1.219512
50910 26 0.000000 0.000000 0.000000 21.829269 -1.402439 -3.170732
50915 26 0.000000 0.000000 0.000000 25.426830 5.365854 -1.768293
50920 26 0.000000 0.000000 0.000000 27.804878 9.817074 -1.158537
50925 26 0.000000 0.000000 0.000000 26.097561 5.000000 -0.365854
50930 26 0.000000 0.000000 0.000000 25.975611 1.707317 0.670732
50935 26 0.000000 0.000000 0.000000 28.048780 1.951220 1.097561
50940 26 0.000000 0.000000 0.000000 28.170732 4.268293 -2.926829
50945 26 0.000000 0.000000 0.000000 28.780489 6.829268 -0.609756
50950 26 0.000000 0.000000 0.000000 29.756098 3.658537 0.182927
50955 26 0.000000 0.000000 0.000000 30.304878 1.463415 -1.829268
50960 26 0.000000 0.000000 0.000000 28.536587 6.890244 -0.670732
50965 26 0.000000 0.000000 0.000000 27.134148 5.975610 -2.560976
50970 26 0.000000 0.000000 0.000000 27.926830 0.060976 -3.780488
50975 26 0.000000 0.000000 0.000000 27.987806 2.256098 -2.865854
50980 26 0.000000 0.000000 0.000000 23.841463 8.475610 -8.597561
50985 26 0.000000 0.000000 0.000000 25.000000 5.792683 -7.987805
50990 26 0.000000 0.000000 0.000000 27.134148 -0.060976 -4.512195
50995 26 0.000000 0.000000 0.000000 26.524391 0.487805 -5.731708
51000 26 0.000000 0.000000 0.000000 26.890245 5.426829 -8.658537
51005 26 0.000000 0.000000 0.000000 29.024391 2.378049 -6.829268
51010 26 0.000000 0.000000 0.000000 26.585367 -2.439024 -3.292683
51015 26 0.000000 0.000000 0.000000 23.841463 1.951220 -0.670732
51020 26 0.000000 0.000000 0.000000 20.487804 2.378049 1.951220
51025 26 0.000000 0.000000 0.000000 20.975611 -1.707317 1.158537
51030 26 0.000000 0.000000 0.000000 24.512196 -1.707317 -0.243902
51035 26 0.000000 0.000000 0.000000 24.878050 1.097561 -1.463415
51040 26 0.000000 0.000000 0.000000 18.719513 -2.560976 -5.853659
51045 26 0.000000 0.000000 0.000000 21.158537 -3.414634 -3.658537
51050 26 0.000000 0.000000 0.000000 23.658537 1.585366 0.121951
51055 26 0.000000 0.000000 0.000000 20.792683 2.621951 -1.768293
51060 26 0.000000 0.000000 0.000000 20.182928 -1.585366 -6.158537
51065 26 0.000000 0.000000 0.000000 22.073172 -1.097561 -1.524390
51070 26 0.000000 0.000000 0.000000 21.646341 2.500000 0.670732
51075 26 0.000000 0.000000 0.000000 22.073172 2.682927 -1.890244
51080 26 0.000000 0.000000 0.000000 26.219513 0.000000 -1.524390
51085 26 0.000000 0.000000 0.000000 23.475611 -0.182927 3.231707
51090 26 0.000000 0.000000 0.000000 19.024391 2.073171 4.695122
51095 26 0.000000 0.000000 0.000000 21.890244 1.524390 4.207317
51100 26 0.000000 0.000000 0.000000 25.548780 0.365854 10.914635
51105 26 0.000000 0.000000 0.000000 20.853659 2.439024 12.073171
51110 26 0.000000 0.000000 0.000000 17.865854 3.597561 7.621952
51115 26 0.000000 0.000000 0.000000 22.073172 -0.609756 9.024390
51120 26 0.000000 0.000000 0.000000 26.341463 0.548781 16.707317
51125 26 0.000000 0.000000 0.000000 23.414635 6.890244 11.646341
51130 26 0.000000 0.000000 0.000000 20.792683 6.768293 3.597561
51135 26 0.000000 0.000000 0.000000 22.439024 2.865854 8.170732
51140 26 0.000000 0.000000 0.000000 27.439026 5.487805 14.268293
51145 26 0.000000 0.000000 0.000000 24.512196 5.670732 10.060976
51150 26 0.000000 0.000000 0.000000 19.146341 3.536585 3.780488
51155 26 0.000000 0.000000 0.000000 20.000000 2.256098 2.865854
51160 26 0.000000 0.000000 0.000000 23.048780 5.792683 2.560976
51165 26 0.000000 0.000000 0.000000 20.304878 4.390244 5.000000
51170 26 0.000000 0.000000 0.000000 13.902439 0.731707 6.158537
51175 26 0.000000 0.000000 0.000000 14.939025 1.219512 0.914634
51180 26 0.000000 0.000000 0.000000 19.085367 4.207317 -3.475610
51185 26 0.000000 0.000000 0.000000 17.560976 1.890244 -0.365854
51190 26 0.000000 0.000000 0.000000 12.865854 -2.378049 3.048780
51195 26 0.000000 0.000000 0.000000 14.634147 -1.951220 -2.073171
51200 26 0.000000 0.000000 0.000000 19.756098 2.256098 -6.036585
51205 26 0.000000 0.000000 0.000000 14.268293 0.365854 -2.439024
51210 26 0.000000 0.000000 0.000000 7.134147 -2.865854 2.621951
51215 26 0.000000 0.000000 0.000000 5.060976 -4.085366 0.914634
51220 26 0.000000 0.000000 0.000000 5.304878 -0.243902 3.231707
51225 26 0.000000 0.000000 0.000000 3.719512 1.158537 2.317073
51230 26 0.000000 0.000000 0.000000 3.170732 -2.500000 -0.792683
51235 26 0.000000 0.000000 0.000000 6.280488 -6.402439 1.890244
51240 26 0.000000 0.000000 0.000000 15.243903 -4.024390 12.439025
51245 26 0.000000 0.000000 0.000000 17.378050 2.378049 16.707317
51250 26 0.000000 0.000000 0.000000 13.048780 1.341463 12.073171
51255 26 0.000000 0.000000 0.000000 13.902439 -0.487805 7.378049
51260 26 0.000000 0.000000 0.000000 17.682928 -2.378049 6.158537
51265 26 0.000000 0.000000 0.000000 17.378050 -2.682927 4.695122
51270 26 0.000000 0.000000 0.000000 17.743902 0.000000 3.902439
51275 26 0.000000 0.000000 0.000000 17.378050 -0.426829 3.353659
51280 26 0.000000 0.000000 0.000000 15.731708 -4.207317 7.560976
51285 26 0.000000 0.000000 0.000000 16.890244 -2.987805 8.475610
51290 26 0.000000 0.000000 0.000000 18.841463 0.365854 6.890244
51295 26 0.000000 0.000000 0.000000 20.121952 3.109756 6.646342
51300 26 0.000000 0.000000 0.000000 18.292683 4.085366 6.036585
51305 26 0.000000 0.000000 0.000000 18.170732 0.670732 1.463415
51310 26 0.000000 0.000000 0.000000 19.329269 -1.890244 -1.707317
51315 26 0.000000 0.000000 0.000000 17.560976 -0.609756 -1.646341
51320 26 0.000000 0.000000 0.000000 11.646341 0.914634 -2.500000
51325 26 0.000000 0.000000 0.000000 10.975610 -2.621951 -1.463415
51330 26 0.000000 0.000000 0.000000 12.500000 -5.365854 0.914634
51335 26 0.000000 0.000000 0.000000 11.463415 -0.792683 5.182927
51340 26 0.000000 0.000000 0.000000 6.768293 5.914634 3.414634
51345 26 0.000000 0.000000 0.000000 7.134147 0.243902 1.768293
51350 26 0.000000 0.000000 0.000000 9.329268 -6.036585 4.817073
51355 26 0.000000 0.000000 0.000000 12.256098 -2.743902 10.670732
51360 26 0.000000 0.000000 0.000000 18.536585 5.731708 11.036586
51365 26 0.000000 0.000000 0.000000 17.926830 3.475610 6.219512
51370 26 0.000000 0.000000 0.000000 15.792684 1.707317 4.024390
51375 26 0.000000 0.000000 0.000000 12.743903 0.853659 1.768293
51380 26 0.000000 0.000000 0.000000 9.512196 2.195122 -2.317073
51385 26 0.000000 0.000000 0.000000 8.719512 4.573171 -3.841464
51390 26 0.000000 0.000000 0.000000 8.658537 2.195122 -0.609756
51395 26 0.000000 0.000000 0.000000 4.146341 -6.341464 3.841464
51400 26 0.000000 0.000000 0.000000 2.317073 -8.353659 5.914634
51405 26 0.000000 0.000000 0.000000 3.597561 1.280488 6.402439
51410 26 0.000000 0.000000 0.000000 5.670732 4.024390 5.731708
51415 26 0.000000 0.000000 0.000000 2.804878 -2.439024 8.841464
51420 26 0.000000 0.000000 0.000000 1.890244 -3.414634 12.073171
51425 26 0.000000 0.000000 0.000000 8.475610 2.621951 9.390244
51430 26 0.000000 0.000000 0.000000 12.195122 3.414634 6.219512
51435 26 0.000000 0.000000 0.000000 10.365854 0.548781 0.609756
51440 26 0.000000 0.000000 0.000000 4.878049 -3.963415 -7.378049
51445 26 0.000000 0.000000 0.000000 4.268293 -6.036585 -5.792683
51450 26 0.000000 0.000000 0.000000 6.219512 -3.719512 -0.792683
51455 26 0.000000 0.000000 0.000000 7.134147 2.378049 4.390244
51460 26 0.000000 0.000000 0.000000 4.939024 3.231707 5.487805
51465 26 0.000000 0.000000 0.000000 6.097561 -0.426829 2.500000
51470 26 0.000000 0.000000 0.000000 9.695122 1.890244 1.951220
51475 26 0.000000 0.000000 0.000000 16.890244 8.719512 6.768293
51480 26 0.000000 0.000000 0.000000 19.329269 9.512196 7.865854
51485 26 0.000000 0.000000 0.000000 14.268293 -0.731707 1.646341
51490 26 0.000000 0.000000 0.000000 9.878049 -3.414634 -0.243902
51495 26 0.000000 0.000000 0.000000 8.292683 -0.365854 3.536585
51500 26 0.000000 0.000000 0.000000 8.902439 -1.524390 12.743903
51505 26 0.000000 0.000000 0.000000 6.097561 -3.292683 10.487805
51510 26 0.000000 0.000000 0.000000 3.780488 0.853659 2.378049
51515 26 0.000000 0.000000 0.000000 6.036585 1.829268 3.963415
51520 26 0.000000 0.000000 0.000000 8.963415 -0.426829 13.353659
51525 26 0.000000 0.000000 0.000000 10.182927 0.548781 7.926829
51530 26 0.000000 0.000000 0.000000 9.085366 4.329268 1.951220
51535 26 0.000000 0.000000 0.000000 8.475610 1.768293 -1.097561
51540 26 0.000000 0.000000 0.000000 4.573171 -9.634147 -3.048780
51545 26 0.000000 0.000000 0.000000 3.475610 -11.890244 -0.853659
51550 26 0.000000 0.000000 0.000000 5.731708 -4.512195 0.731707
51555 26 0.000000 0.000000 0.000000 12.682927 -0.060976 4.756098
51560 26 0.000000 0.000000 0.000000 16.341463 2.317073 11.646341
51565 26 0.000000 0.000000 0.000000 12.682927 3.292683 5.060976
51570 26 0.000000 0.000000 0.000000 10.792684 1.585366 -2.926829
51575 26 0.000000 0.000000 0.000000 10.000000 1.707317 -3.902439
51580 26 0.000000 0.000000 0.000000 10.670732 2.804878 -1.707317
51585 26 0.000000 0.000000 0.000000 5.792683 -0.121951 -2.926829
51590 26 0.000000 0.000000 0.000000 3.841464 -2.987805 -4.939024
51595 26 0.000000 0.000000 0.000000 4.939024 -1.951220 -3.841464
51600 26 0.000000 0.000000 0.000000 14.634147 -1.463415 4.268293
51605 26 0.000000 0.000000 0.000000 18.719513 0.060976 6.463415
51610 26 0.000000 0.000000 0.000000 14.146341 -2.073171 3.109756
51615 26 0.000000 0.000000 0.000000 9.390244 -3.780488 -1.219512
51620 26 0.000000 0.000000 0.000000 6.707317 -1.097561 -4.695122
51625 26 0.000000 0.000000 0.000000 3.109756 1.707317 -3.963415
51630 26 0.000000 0.000000 0.000000 -0.487805 1.951220 -3.963415
51635 26 0.000000 0.000000 0.000000 -3.780488 2.621951 -7.012195
51640 26 0.000000 0.000000 0.000000 -6.463415 -1.585366 -6.646342
51645 26 0.000000 0.000000 0.000000 2.195122 -7.317073 1.890244
51650 26 0.000000 0.000000 0.000000 9.756098 -4.817073 3.963415
51655 26 0.000000 0.000000 0.000000 13.414635 2.621951 -0.426829
51660 26 0.000000 0.000000 0.000000 10.914635 5.365854 -9.756098
51665 26 0.000000 0.000000 0.000000 4.207317 -0.853659 -9.207317
51670 26 0.000000 0.000000 0.000000 2.743902 -0.548781 -4.817073
51675 26 0.000000 0.000000 0.000000 2.560976 1.646341 -1.158537
51680 26 0.000000 0.000000 0.000000 -1.829268 2.865854 -1.646341
51685 26 0.000000 0.000000 0.000000 -2.987805 2.256098 -4.695122
51690 26 0.000000 0.000000 0.000000 1.646341 -0.243902 -2.804878
51695 26 0.000000 0.000000 0.000000 5.365854 -3.658537 4.695122
51700 26 0.000000 0.000000 0.000000 9.878049 0.182927 15.060976
51705 26 0.000000 0.000000 0.000000 12.500000 1.524390 10.548780
51710 26 0.000000 0.000000 0.000000 8.780488 0.060976 4.634146
51715 26 0.000000 0.000000 0.000000 6.829268 -0.975610 3.109756
51720 26 0.000000 0.000000 0.000000 1.829268 -4.817073 3.414634
51725 26 0.000000 0.000000 0.000000 2.256098 -0.975610 4.329268
51730 26 0.000000 0.000000 0.000000 2.500000 2.317073 2.865854
51735 26 0.000000 0.000000 0.000000 2.317073 3.536585 0.792683
51740 26 0.000000 0.000000 0.000000 3.902439 5.000000 2.865854
51745 26 0.000000 0.000000 0.000000 1.829268 2.317073 0.914634
51750 26 0.000000 0.000000 0.000000 0.182927 -1.524390 -3.231707
51755 26 0.000000 0.000000 0.000000 -0.731707 -0.121951 -7.743903
51760 26 0.000000 0.000000 0.000000 0.000000 -0.426829 -9.634147
51765 26 0.000000 0.000000 0.000000 1.585366 -2.256098 -5.182927
51770 26 0.000000 0.000000 0.000000 1.951220 -2.012195 -2.865854
51775 26 0.000000 0.000000 0.000000 2.134146 0.000000 -3.719512
51780 26 0.000000 0.000000 0.000000 6.158537 -1.890244 -6.341464
51785 26 0.000000 0.000000 0.000000 3.292683 -1.707317 -5.487805
51790 26 0.000000 0.000000 0.000000 1.158537 1.158537 -3.963415
51795 26 0.000000 0.000000 0.000000 -0.548781 -1.463415 -2.865854
51800 26 0.000000 0.000000 0.000000 -0.304878 -4.451220 -2.682927
51805 26 0.000000 0.000000 0.000000 6.585366 -3.292683 -3.597561
51810 26 0.000000 0.000000 0.000000 8.292683 -1.890244 -3.292683
51815 26 0.000000 0.000000 0.000000 7.256098 1.829268 -3.475610
51820 26 0.000000 0.000000 0.000000 1.097561 1.036585 -5.487805
51825 26 0.000000 0.000000 0.000000 -3.048780 -2.500000 -4.512195
51830 26 0.000000 0.000000 0.000000 -1.646341 -2.926829 -2.621951
51835 26 0.000000 0.000000 0.000000 5.914634 0.000000 -0.792683
51840 26 0.000000 0.000000 0.000000 15.182927 3.536585 -0.121951
51845 26 0.000000 0.000000 0.000000 12.621951 3.048780 -1.768293
51850 26 0.000000 0.000000 0.000000 7.621952 -1.097561 -2.926829
51855 26 0.000000 0.000000 0.000000 2.926829 -0.914634 -4.390244
51860 26 0.000000 0.000000 0.000000 1.768293 0.000000 -6.524390
51865 26 0.000000 0.000000 0.000000 1.036585 0.000000 -6.219512
51870 26 0.000000 0.000000 0.000000 1.524390 1.219512 -4.817073
51875 26 0.000000 0.000000 0.000000 1.463415 -1.951220 -3.536585
51880 26 0.000000 0.000000 0.000000 0.304878 -5.121951 -1.890244
51885 26 0.000000 0.000000 0.000000 6.219512 -0.731707 -1.341463
51890 26 0.000000 0.000000 0.000000 9.085366 -3.719512 -1.829268
51895 26 0.000000 0.000000 0.000000 6.524390 -3.963415 -1.219512
51900 26 0.000000 0.000000 0.000000 2.682927 3.231707 -3.475610
51905 26 0.000000 0.000000 0.000000 1.890244 0.304878 -4.817073
51910 26 0.000000 0.000000 0.000000 3.414634 -6.951220 -4.085366
51915 26 0.000000 0.000000 0.000000 10.243902 -2.804878 -3.658537
51920 26 0.000000 0.000000 0.000000 17.926830 7.012195 -4.939024
51925 26 0.000000 0.000000 0.000000 13.658537 4.024390 -5.914634
51930 26 0.000000 0.000000 0.000000 9.573171 -2.500000 -6.036585
51935 26 0.000000 0.000000 0.000000 7.560976 -1.951220 -4.573171
51940 26 0.000000 0.000000 0.000000 6.097561 2.500000 -1.402439
51945 26 0.000000 0.000000 0.000000 4.085366 3.780488 -1.219512
51950 26 0.000000 0.000000 0.000000 3.109756 0.548781 -3.353659
51955 26 0.000000 0.000000 0.000000 7.134147 -3.292683 1.463415
51960 26 0.000000 0.000000 0.000000 15.853659 -3.780488 9.695122
51965 26 0.000000 0.000000 0.000000 13.841464 1.036585 4.756098
51970 26 0.000000 0.000000 0.000000 7.621952 1.951220 -0.670732
51975 26 0.000000 0.000000 0.000000 0.853659 -2.743902 -0.975610
51980 26 0.000000 0.000000 0.000000 -4.573171 -4.634146 -0.853659
51985 26 0.000000 0.000000 0.000000 -7.134147 0.243902 0.426829
51990 26 0.000000 0.000000 0.000000 -9.939025 1.646341 -0.182927
51995 26 0.000000 0.000000 0.000000 -9.146341 0.121951 -2.987805
52000 26 0.000000 0.000000 0.000000 -4.146341 -2.682927 -4.268293
52005 26 0.000000 0.000000 0.000000 -2.987805 -5.487805 -0.975610
52010 26 0.000000 0.000000 0.000000 -5.609756 -4.634146 0.121951
52015 26 0.000000 0.000000 0.000000 -5.914634 -1.402439 -2.987805
52020 26 0.000000 0.000000 0.000000 -7.256098 0.182927 -5.731708
52025 26 0.000000 0.000000 0.000000 -1.829268 -0.792683 -4.329268
52030 26 0.000000 0.000000 0.000000 4.390244 -1.036585 -3.353659
52035 26 0.000000 0.000000 0.000000 6.524390 -3.719512 -5.731708
52040 26 0.000000 0.000000 0.000000 1.646341 -7.378049 -10.365854
52045 26 0.000000 0.000000 0.000000 2.317073 -6.768293 -9.268292
52050 26 0.000000 0.000000 0.000000 8.536586 -4.390244 -8.536586
52055 26 0.000000 0.000000 0.000000 14.695123 -3.292683 -7.012195
52060 26 0.000000 0.000000 0.000000 21.097561 0.060976 -5.243903
52065 26 0.000000 0.000000 0.000000 17.256098 -1.463415 -9.573171
52070 26 0.000000 0.000000 0.000000 11.463415 -3.353659 -10.670732
52075 26 0.000000 0.000000 0.000000 5.792683 -5.914634 -8.414635
52080 26 0.000000 0.000000 0.000000 1.707317 -6.524390 -3.963415
52085 26 0.000000 0.000000 0.000000 3.902439 -0.792683 1.707317
52090 26 0.000000 0.000000 0.000000 4.573171 1.097561 2.073171
52095 26 0.000000 0.000000 0.000000 3.536585 -1.890244 5.365854
52100 26 0.000000 0.000000 0.000000 1.951220 -1.585366 9.634147
52105 26 0.000000 0.000000 0.000000 1.951220 -0.060976 4.939024
52110 26 0.000000 0.000000 0.000000 1.463415 -1.585366 3.109756
52115 26 0.000000 0.000000 0.000000 -1.585366 -1.036585 -0.243902
52120 26 0.000000 0.000000 0.000000 -4.024390 -1.768293 -3.902439
52125 26 0.000000 0.000000 0.000000 -1.951220 -4.817073 4.878049
52130 26 0.000000 0.000000 0.000000 0.426829 -8.353659 8.353659
52135 26 0.000000 0.000000 0.000000 3.475610 -2.560976 7.743903
52140 26 0.000000 0.000000 0.000000 5.243903 7.256098 0.975610
52145 26 0.000000 0.000000 0.000000 4.146341 1.036585 -4.024390
52150 26 0.000000 0.000000 0.000000 5.792683 -6.951220 -1.097561
52155 26 0.000000 0.000000 0.000000 7.500000 -6.524390 6.890244
52160 26 0.000000 0.000000 0.000000 13.170732 5.365854 16.463415
52165 26 0.000000 0.000000 0.000000 16.829269 8.780488 10.000000
52170 26 0.000000 0.000000 0.000000 16.036585 0.243902 4.634146
52175 26 0.000000 0.000000 0.000000 11.219512 -8.353659 4.268293
52180 26 0.000000 0.000000 0.000000 5.792683 -12.682927 7.682927
52185 26 0.000000 0.000000 0.000000 9.268292 -8.597561 9.756098
52190 26 0.000000 0.000000 0.000000 10.609756 -0.060976 4.268293
52195 26 0.000000 0.000000 0.000000 8.963415 6.280488 -2.621951
52200 26 0.000000 0.000000 0.000000 7.682927 2.682927 -10.060976
52205 26 0.000000 0.000000 0.000000 6.341464 -0.792683 -9.451220
52210 26 0.000000 0.000000 0.000000 1.402439 0.304878 -5.914634
52215 26 0.000000 0.000000 0.000000 -3.048780 1.158537 -8.292683
52220 26 0.000000 0.000000 0.000000 -10.487805 -3.231707 -16.097561
52225 26 0.000000 0.000000 0.000000 -9.146341 -8.780488 -13.597561
52230 26 0.000000 0.000000 0.000000 -1.768293 -10.000000 -8.536586
52235 26 0.000000 0.000000 0.000000 6.951220 -7.378049 -0.304878
52240 26 0.000000 0.000000 0.000000 12.500000 -0.060976 6.707317
52245 26 0.000000 0.000000 0.000000 4.451220 2.804878 -3.597561
52250 26 0.000000 0.000000 0.000000 -2.012195 2.682927 -9.390244
52255 26 0.000000 0.000000 0.000000 -2.439024 -2.378049 -9.146341
52260 26 0.000000 0.000000 0.000000 2.134146 -2.560976 -6.158537
52265 26 0.000000 0.000000 0.000000 1.585366 1.890244 -2.682927
52270 26 0.000000 0.000000 0.000000 -4.451220 3.597561 -4.268293
52275 26 0.000000 0.000000 0.000000 -7.195122 2.134146 -6.097561
52280 26 0.000000 0.000000 0.000000 -3.475610 1.158537 -7.804878
52285 26 0.000000 0.000000 0.000000 -4.024390 1.280488 -9.085366
52290 26 0.000000 0.000000 0.000000 -5.426829 1.829268 -5.914634
52295 26 0.000000 0.000000 0.000000 -7.743903 2.134146 -0.731707
52300 26 0.000000 0.000000 0.000000 -10.975610 3.414634 7.560976
52305 26 0.000000 0.000000 0.000000 -6.219512 5.243903 9.695122
52310 26 0.000000 0.000000 0.000000 -2.073171 7.804878 5.121951
52315 26 0.000000 0.000000 0.000000 0.000000 6.707317 -1.219512
52320 26 0.000000 0.000000 0.000000 -2.134146 2.621951 -7.865854
52325 26 0.000000 0.000000 0.000000 -3.536585 3.475610 -7.195122
52330 26 0.000000 0.000000 0.000000 1.585366 3.292683 -4.878049
52335 26 0.000000 0.000000 0.000000 3.597561 1.890244 -2.682927
52340 26 0.000000 0.000000 0.000000 2.378049 2.621951 0.304878
52345 26 0.000000 0.000000 0.000000 1.402439 2.926829 0.182927
52350 26 0.000000 0.000000 0.000000 -0.670732 3.292683 0.000000
52355 26 0.000000 0.000000 0.000000 -1.951220 2.682927 -0.365854
52360 26 0.000000 0.000000 0.000000 -2.682927 0.853659 -0.792683
52365 26 0.000000 0.000000 0.000000 -5.426829 2.195122 2.012195
52370 26 0.000000 0.000000 0.000000 -7.500000 2.926829 3.902439
52375 26 0.000000 0.000000 0.000000 -10.182927 4.756098 4.451220
52380 26 0.000000 0.000000 0.000000 -13.353659 4.146341 4.207317
52385 26 0.000000 0.000000 0.000000 -15.487805 0.000000 3.780488
52390 26 0.000000 0.000000 0.000000 -18.170732 0.304878 3.841464
52395 26 0.000000 0.000000 0.000000 -19.329269 1.463415 5.792683
52400 26 0.000000 0.000000 0.000000 -16.402439 3.597561 11.524390
52405 26 0.000000 0.000000 0.000000 -11.036586 4.024390 9.878049
52410 26 0.000000 0.000000 0.000000 -8.414635 1.524390 7.134147
52415 26 0.000000 0.000000 0.000000 -9.512196 -1.219512 0.975610
52420 26 0.000000 0.000000 0.000000 -13.963415 -1.036585 -2.560976
52425 26 0.000000 0.000000 0.000000 -10.548780 4.146341 6.097561
52430 26 0.000000 0.000000 0.000000 -4.878049 8.231708 11.463415
52435 26 0.000000 0.000000 0.000000 -2.134146 3.353659 5.000000
52440 26 0.000000 0.000000 0.000000 -6.524390 -3.292683 -7.743903
52445 26 0.000000 0.000000 0.000000 -0.426829 -1.219512 -4.085366
52450 26 0.000000 0.000000 0.000000 9.024390 3.536585 3.902439
52455 26 0.000000 0.000000 0.000000 17.804878 4.268293 8.719512
52460 26 0.000000 0.000000 0.000000 24.573172 4.085366 10.975610
52465 26 0.000000 0.000000 0.000000 20.060976 3.475610 6.280488
52470 26 0.000000 0.000000 0.000000 15.548780 1.158537 3.719512
52475 26 0.000000 0.000000 0.000000 9.451220 1.890244 4.268293
52480 26 0.000000 0.000000 0.000000 4.024390 4.085366 8.292683
52485 26 0.000000 0.000000 0.000000 3.292683 3.292683 10.060976
52490 26 0.000000 0.000000 0.000000 4.146341 0.975610 8.353659
52495 26 0.000000 0.000000 0.000000 4.085366 1.219512 1.524390
52500 26 0.000000 0.000000 0.000000 0.121951 1.768293 -10.365854
52505 26 0.000000 0.000000 0.000000 -5.060976 -0.853659 -4.939024
52510 26 0.000000 0.000000 0.000000 -6.036585 -3.353659 1.646341
52515 26 0.000000 0.000000 0.000000 -5.304878 -1.890244 5.914634
52520 26 0.000000 0.000000 0.000000 -2.378049 2.134146 12.134147
52525 26 0.000000 0.000000 0.000000 5.182927 2.195122 10.121951
52530 26 0.000000 0.000000 0.000000 6.585366 -0.853659 5.914634
52535 26 0.000000 0.000000 0.000000 1.402439 -2.804878 -0.365854
52540 26 0.000000 0.000000 0.000000 -5.000000 -3.780488 -9.512196
52545 26 0.000000 0.000000 0.000000 -0.609756 -5.243903 -5.548780
52550 26 0.000000 0.000000 0.000000 6.890244 -4.329268 -0.731707
52555 26 0.000000 0.000000 0.000000 15.731708 -3.292683 3.292683
52560 26 0.000000 0.000000 0.000000 21.951220 -3.536585 8.536586
52565 26 0.000000 0.000000 0.000000 16.890244 -4.695122 -0.365854
52570 26 0.000000 0.000000 0.000000 10.853659 -4.268293 -5.609756
52575 26 0.000000 0.000000 0.000000 7.256098 -5.731708 -6.158537
52580 26 0.000000 0.000000 0.000000 4.390244 -8.109756 -1.646341
52585 26 0.000000 0.000000 0.000000 6.097561 -3.719512 5.243903
52590 26 0.000000 0.000000 0.000000 5.609756 -2.317073 5.182927
52595 26 0.000000 0.000000 0.000000 1.646341 -4.085366 -3.170732
52600 26 0.000000 0.000000 0.000000 -4.451220 -4.512195 -10.426829
52605 26 0.000000 0.000000 0.000000 -9.695122 -7.012195 -9.573171
52610 26 0.000000 0.000000 0.000000 -11.097561 -7.500000 -7.378049
52615 26 0.000000 0.000000 0.000000 -6.219512 -2.682927 -6.280488
52620 26 0.000000 0.000000 0.000000 1.280488 2.621951 -4.878049
52625 26 0.000000 0.000000 0.000000 -2.073171 -0.792683 -5.000000
52630 26 0.000000 0.000000 0.000000 -3.841464 -4.573171 -6.768293
52635 26 0.000000 0.000000 0.000000 -6.768293 -4.329268 -7.012195
52640 26 0.000000 0.000000 0.000000 -12.195122 -2.804878 -6.524390
52645 26 0.000000 0.000000 0.000000 -7.134147 -1.341463 -7.560976
52650 26 0.000000 0.000000 0.000000 -0.243902 -1.036585 -8.475610
52655 26 0.000000 0.000000 0.000000 0.121951 -4.329268 -9.451220
52660 26 0.000000 0.000000 0.000000 -5.000000 -8.048780 -10.548780
52665 26 0.000000 0.000000 0.000000 -5.365854 -5.731708 -7.439024
52670 26 0.000000 0.000000 0.000000 -3.231707 -3.353659 -4.695122
52675 26 0.000000 0.000000 0.000000 2.195122 -0.365854 -5.609756
52680 26 0.000000 0.000000 0.000000 8.170732 2.682927 -8.048780
52685 26 0.000000 0.000000 0.000000 3.963415 0.182927 -7.560976
52690 26 0.000000 0.000000 0.000000 -1.524390 -0.365854 -4.451220
52695 26 0.000000 0.000000 0.000000 -3.048780 0.731707 4.329268
52700 26 0.000000 0.000000 0.000000 1.585366 1.890244 17.317074
52705 26 0.000000 0.000000 0.000000 4.634146 3.414634 12.560976
52710 26 0.000000 0.000000 0.000000 1.951220 3.353659 3.231707
52715 26 0.000000 0.000000 0.000000 -3.353659 0.000000 -4.329268
52720 26 0.000000 0.000000 0.000000 -11.341464 -5.487805 -14.390244
52725 26 0.000000 0.000000 0.000000 -8.292683 -3.292683 -4.329268
52730 26 0.000000 0.000000 0.000000 -2.926829 -0.792683 6.524390
52735 26 0.000000 0.000000 0.000000 0.792683 3.841464 9.756098
52740 26 0.000000 0.000000 0.000000 4.634146 9.268292 8.353659
52745 26 0.000000 0.000000 0.000000 2.012195 5.975610 2.439024
52750 26 0.000000 0.000000 0.000000 0.365854 2.317073 0.731707
52755 26 0.000000 0.000000 0.000000 2.256098 -0.914634 3.902439
52760 26 0.000000 0.000000 0.000000 6.280488 -2.256098 11.524390
52765 26 0.000000 0.000000 0.000000 9.024390 2.439024 14.939025
52770 26 0.000000 0.000000 0.000000 9.329268 5.670732 12.560976
52775 26 0.000000 0.000000 0.000000 7.682927 3.963415 2.987805
52780 26 0.000000 0.000000 0.000000 1.463415 -0.792683 -10.365854
52785 26 0.000000 0.000000 0.000000 -0.670732 -2.012195 -3.597561
52790 26 0.000000 0.000000 0.000000 2.500000 1.402439 5.365854
52795 26 0.000000 0.000000 0.000000 5.914634 2.682927 12.804878
52800 26 0.000000 0.000000 0.000000 10.243902 6.097561 19.756098
52805 26 0.000000 0.000000 0.000000 8.414635 4.451220 7.500000
52810 26 0.000000 0.000000 0.000000 6.829268 0.121951 1.402439
52815 26 0.000000 0.000000 0.000000 4.451220 -2.682927 0.487805
52820 26 0.000000 0.000000 0.000000 -0.182927 -4.390244 -1.951220
52825 26 0.000000 0.000000 0.000000 0.000000 -2.987805 -0.365854
52830 26 0.000000 0.000000 0.000000 3.719512 -1.097561 0.426829
52835 26 0.000000 0.000000 0.000000 3.170732 0.975610 0.243902
52840 26 0.000000 0.000000 0.000000 -1.402439 1.707317 1.341463
52845 26 0.000000 0.000000 0.000000 2.439024 -1.097561 1.463415
52850 26 0.000000 0.000000 0.000000 9.146341 -3.536585 1.524390
52855 26 0.000000 0.000000 0.000000 9.939025 -0.548781 -0.670732
52860 26 0.000000 0.000000 0.000000 3.231707 3.963415 -6.768293
52865 26 0.000000 0.000000 0.000000 0.609756 2.439024 -4.695122
52870 26 0.000000 0.000000 0.000000 1.036585 -0.182927 -3.536585
52875 26 0.000000 0.000000 0.000000 4.024390 -0.670732 0.548781
52880 26 0.000000 0.000000 0.000000 10.243902 2.012195 11.402439
52885 26 0.000000 0.000000 0.000000 6.036585 2.134146 5.365854
52890 26 0.000000 0.000000 0.000000 2.439024 1.585366 -0.182927
52895 26 0.000000 0.000000 0.000000 -2.500000 -0.426829 -4.634146
52900 26 0.000000 0.000000 0.000000 -8.658537 -4.634146 -12.134147
52905 26 0.000000 0.000000 0.000000 -9.512196 -2.500000 -6.463415
52910 26 0.000000 0.000000 0.000000 -6.585366 0.243902 -0.609756
52915 26 0.000000 0.000000 0.000000 -6.463415 1.097561 2.439024
52920 26 0.000000 0.000000 0.000000 -8.231708 1.463415 5.975610
52925 26 0.000000 0.000000 0.000000 -4.512195 -0.182927 0.609756
52930 26 0.000000 0.000000 0.000000 -1.341463 -1.280488 -2.682927
52935 26 0.000000 0.000000 0.000000 -1.524390 -1.585366 -5.548780
52940 26 0.000000 0.000000 0.000000 -3.658537 -2.439024 -9.146341
52945 26 0.000000 0.000000 0.000000 -3.536585 -1.585366 -5.121951
52950 26 0.000000 0.000000 0.000000 -4.695122 0.182927 -1.097561
52955 26 0.000000 0.000000 0.000000 -3.109756 0.060976 -1.585366
52960 26 0.000000 0.000000 0.000000 2.317073 0.243902 -4.512195
52965 26 0.000000 0.000000 0.000000 -0.914634 1.036585 -3.353659
52970 26 0.000000 0.000000 0.000000 -3.231707 0.914634 -1.585366
52975 26 0.000000 0.000000 0.000000 -6.036585 1.707317 1.829268
52980 26 0.000000 0.000000 0.000000 -9.512196 2.987805 7.134147
52985 26 0.000000 0.000000 0.000000 -5.853659 2.073171 4.939024
52990 26 0.000000 0.000000 0.000000 -3.353659 2.256098 3.536585
52995 26 0.000000 0.000000 0.000000 -2.560976 1.707317 1.158537
53000 26 0.000000 0.000000 0.000000 -1.646341 -0.060976 -1.402439
53005 26 0.000000 0.000000 0.000000 -0.487805 -0.121951 0.975610
53010 26 0.000000 0.000000 0.000000 0.853659 0.000000 2.560976
53015 26 0.000000 0.000000 0.000000 2.195122 1.341463 -1.829268
53020 26 0.000000 0.000000 0.000000 1.524390 2.378049 -9.146341
53025 26 0.000000 0.000000 0.000000 0.365854 0.121951 -8.170732
53030 26 0.000000 0.000000 0.000000 -0.121951 0.365854 -6.219512
53035 26 0.000000 0.000000 0.000000 1.707317 0.304878 0.304878
53040 26 0.000000 0.000000 0.000000 7.926829 0.548781 8.536586
53045 26 0.000000 0.000000 0.000000 8.109756 1.951220 3.475610
53050 26 0.000000 0.000000 0.000000 6.585366 3.841464 0.000000
53055 26 0.000000 0.000000 0.000000 7.804878 2.439024 -1.829268
53060 26 0.000000 0.000000 0.000000 16.158537 -0.487805 -2.987805
53065 26 0.000000 0.000000 0.000000 32.865856 0.121951 1.768293
53070 26 0.000000 0.000000 0.000000 49.085365 0.853659 3.170732
53075 26 0.000000 0.000000 0.000000 54.207317 0.975610 1.707317
53080 26 0.000000 0.000000 0.000000 67.560974 3.353659 -6.524390
53085 26 0.000000 0.000000 0.000000 72.865852 3.658537 -8.109756
53090 26 0.000000 0.000000 0.000000 73.536591 1.402439 -6.890244
53095 26 0.000000 0.000000 0.000000 77.682930 1.951220 -7.134147
53100 26 0.000000 0.000000 0.000000 82.560974 4.085366 -7.926829
53105 26 0.000000 0.000000 0.000000 79.085365 2.865854 -4.390244
53110 26 0.000000 0.000000 0.000000 72.195122 3.353659 -3.597561
53115 26 0.000000 0.000000 0.000000 67.987808 4.085366 -4.146341
53120 26 0.000000 0.000000 0.000000 65.609756 -0.670732 -4.390244
53125 26 0.000000 0.000000 0.000000 60.792683 -5.182927 -1.280488
53130 26 0.000000 0.000000 0.000000 56.585365 -4.329268 -1.646341
53135 26 0.000000 0.000000 0.000000 56.829269 -2.987805 -3.231707
53140 26 0.000000 0.000000 0.000000 56.463417 -4.634146 -3.963415
53145 26 0.000000 0.000000 0.000000 51.768295 -4.756098 -4.390244
53150 26 0.000000 0.000000 0.000000 50.548782 -0.853659 -3.475610
53155 26 0.000000 0.000000 0.000000 48.902439 2.012195 -0.609756
53160 26 0.000000 0.000000 0.000000 47.500000 1.463415 4.207317
53165 26 0.000000 0.000000 0.000000 48.414635 -0.426829 1.219512
53170 26 0.000000 0.000000 0.000000 51.402439 -1.951220 -1.097561
53175 26 0.000000 0.000000 0.000000 54.146343 -2.682927 -1.036585
53180 26 0.000000 0.000000 0.000000 56.341465 -2.500000 -0.487805
53185 26 0.000000 0.000000 0.000000 64.512199 -1.341463 -1.951220
53190 26 0.000000 0.000000 0.000000 68.048782 -1.341463 -2.682927
53195 26 0.000000 0.000000 0.000000 68.597565 -1.280488 -3.292683
53200 26 0.000000 0.000000 0.000000 71.646339 0.243902 -6.829268
53205 26 0.000000 0.000000 0.000000 77.195122 0.304878 -3.170732
53210 26 0.000000 0.000000 0.000000 82.012199 1.646341 1.097561
53215 26 0.000000 0.000000 0.000000 87.682930 2.682927 2.012195
53220 26 0.000000 0.000000 0.000000 92.500000 4.573171 -0.304878
53225 26 0.000000 0.000000 0.000000 95.792686 3.170732 1.341463
53230 26 0.000000 0.000000 0.000000 99.268295 1.463415 3.109756
53235 26 0.000000 0.000000 0.000000 103.780487 1.402439 2.621951
53240 26 0.000000 0.000000 0.000000 107.195122 3.231707 0.304878
53245 26 0.000000 0.000000 0.000000 111.585365 4.878049 -0.121951
53250 26 0.000000 0.000000 0.000000 113.048782 2.073171 1.829268
53255 26 0.000000 0.000000 0.000000 112.012199 1.829268 0.670732
53260 26 0.000000 0.000000 0.000000 113.597565 3.780488 0.060976
53265 26 0.000000 0.000000 0.000000 118.048782 4.146341 0.060976
53270 26 0.000000 0.000000 0.000000 125.060982 5.000000 -0.182927
53275 26 0.000000 0.000000 0.000000 131.280487 2.865854 0.792683
53280 26 0.000000 0.000000 0.000000 136.890244 1.524390 -1.585366
53285 26 0.000000 0.000000 0.000000 143.780487 0.548781 -3.292683
53290 26 0.000000 0.000000 0.000000 149.329269 -2.926829 -3.048780
53295 26 0.000000 0.000000 0.000000 148.536591 -3.109756 -4.573171
53300 26 0.000000 0.000000 0.000000 147.439026 -0.426829 -2.743902
53305 26 0.000000 0.000000 0.000000 144.573181 -1.585366 1.890244
53310 26 0.000000 0.000000 0.000000 137.317078 -3.292683 2.195122
53315 26 0.000000 0.000000 0.000000 125.243904 -0.182927 0.975610
53320 26 0.000000 0.000000 0.000000 114.817078 0.670732 2.500000
53325 26 0.000000 0.000000 0.000000 105.365852 -1.585366 3.963415
53330 26 0.000000 0.000000 0.000000 94.390244 -4.573171 3.963415
53335 26 0.000000 0.000000 0.000000 79.268295 -1.768293 2.926829
53340 26 0.000000 0.000000 0.000000 66.280487 0.000000 3.048780
53345 26 0.000000 0.000000 0.000000 55.304878 -1.890244 3.353659
53350 26 0.000000 0.000000 0.000000 42.134148 -3.475610 2.682927
53355 26 0.000000 0.000000 0.000000 28.902439 -0.609756 1.829268
53360 26 0.000000 0.000000 0.000000 19.695122 0.914634 1.158537
53365 26 0.000000 0.000000 0.000000 10.426829 1.463415 0.975610
53370 26 0.000000 0.000000 0.000000 2.804878 -0.060976 2.317073
53375 26 0.000000 0.000000 0.000000 -3.231707 0.000000 -0.487805
53380 26 0.000000 0.000000 0.000000 -11.951220 -2.500000 -5.731708
53385 26 0.000000 0.000000 0.000000 -15.670732 -4.939024 -5.548780
53390 26 0.000000 0.000000 0.000000 -19.451220 -3.597561 -3.902439
53395 26 0.000000 0.000000 0.000000 -24.146341 -3.963415 -4.451220
53400 26 0.000000 0.000000 0.000000 -25.914635 -5.609756 -0.121951
53405 26 0.000000 0.000000 0.000000 -28.841465 -2.987805 -2.256098
53410 26 0.000000 0.000000 0.000000 -35.365856 -1.829268 -5.304878
53415 26 0.000000 0.000000 0.000000 -40.000000 -2.378049 -5.487805
53420 26 0.000000 0.000000 0.000000 -41.585365 -4.451220 -1.463415
53425 26 0.000000 0.000000 0.000000 -44.207317 -6.402439 -3.292683
53430 26 0.000000 0.000000 0.000000 -49.817074 -8.414635 -8.109756
53435 26 0.000000 0.000000 0.000000 -56.402439 -9.634147 -11.158537
53440 26 0.000000 0.000000 0.000000 -63.292683 -7.073171 -7.317073
53445 26 0.000000 0.000000 0.000000 -70.731712 -3.597561 -1.585366
53450 26 0.000000 0.000000 0.000000 -78.902443 -1.707317 2.012195
53455 26 0.000000 0.000000 0.000000 -85.548782 -2.073171 0.121951
53460 26 0.000000 0.000000 0.000000 -90.000000 -0.060976 5.243903
53465 26 0.000000 0.000000 0.000000 -94.146347 -1.707317 14.756098
53470 26 0.000000 0.000000 0.000000 -92.500000 1.646341 16.341463
53475 26 0.000000 0.000000 0.000000 -86.646347 5.426829 23.475611
53480 26 0.000000 0.000000 0.000000 -79.817078 6.890244 34.329269
53485 26 0.000000 0.000000 0.000000 -70.548782 16.585365 32.987804
53490 26 0.000000 0.000000 0.000000 -58.170734 30.060976 26.646341
53495 26 0.000000 0.000000 0.000000 -50.243904 34.329269 26.829269
53500 26 0.000000 0.000000 0.000000 -43.902439 32.500000 27.073172
53505 26 0.000000 0.000000 0.000000 -37.926830 33.231709 18.414635
53510 26 0.000000 0.000000 0.000000 -35.365856 30.365854 11.463415
53515 26 0.000000 0.000000 0.000000 -37.926830 25.060976 5.060976
53520 26 0.000000 0.000000 0.000000 -41.219513 14.817074 -2.317073
53525 26 0.000000 0.000000 0.000000 -55.121952 0.243902 -11.951220
53530 26 0.000000 0.000000 0.000000 -65.000000 -9.878049 -17.378050
53535 26 0.000000 0.000000 0.000000 -67.439026 -14.268293 -17.621952
53540 26 0.000000 0.000000 0.000000 -71.585365 -20.853659 -22.560976
53545 26 0.000000 0.000000 0.000000 -71.585365 -20.731709 -20.182928
53550 26 0.000000 0.000000 0.000000 -66.707321 -17.500000 -17.378050
53555 26 0.000000 0.000000 0.000000 -61.097561 -12.317074 -19.451220
53560 26 0.000000 0.000000 0.000000 -51.219513 -3.719512 -17.256098
53565 26 0.000000 0.000000 0.000000 -44.878048 0.426829 -15.853659
53570 26 0.000000 0.000000 0.000000 -38.536587 4.512195 -14.817074
53575 26 0.000000 0.000000 0.000000 -33.963417 7.073171 -12.621951
53580 26 0.000000 0.000000 0.000000 -28.597561 10.243902 -7.804878
53585 26 0.000000 0.000000 0.000000 -26.585367 11.219512 -5.975610
53590 26 0.000000 0.000000 0.000000 -27.804878 11.158537 -1.951220
53595 26 0.000000 0.000000 0.000000 -28.414635 10.243902 4.573171
53600 26 0.000000 0.000000 0.000000 -32.682926 6.463415 4.939024
53605 26 0.000000 0.000000 0.000000 -30.731709 6.524390 6.036585
53610 26 0.000000 0.000000 0.000000 -29.878050 6.646342 4.817073
53615 26 0.000000 0.000000 0.000000 -29.939026 5.487805 0.914634
53620 26 0.000000 0.000000 0.000000 -29.634148 5.426829 -0.304878
53625 26 0.000000 0.000000 0.000000 -28.658537 0.365854 -0.670732
53630 26 0.000000 0.000000 0.000000 -32.195122 -3.414634 -4.451220
53635 26 0.000000 0.000000 0.000000 -30.243902 -4.268293 -3.597561
53640 26 0.000000 0.000000 0.000000 -24.268293 -3.414634 -0.670732
53645 26 0.000000 0.000000 0.000000 -22.682928 -3.963415 -2.987805
53650 26 0.000000 0.000000 0.000000 -25.853659 -7.804878 -8.963415
53655 26 0.000000 0.000000 0.000000 -25.060976 -5.670732 -8.109756
53660 26 0.000000 0.000000 0.000000 -21.219513 -7.073171 -9.207317
53665 26 0.000000 0.000000 0.000000 -16.890244 -9.939025 -12.926829
53670 26 0.000000 0.000000 0.000000 -14.085366 -10.487805 -14.756098
53675 26 0.000000 0.000000 0.000000 -12.134147 -13.902439 -16.768293
53680 26 0.000000 0.000000 0.000000 -17.804878 -16.280489 -15.792684
53685 26 0.000000 0.000000 0.000000 -24.024391 -9.939025 -7.926829
53690 26 0.000000 0.000000 0.000000 -25.000000 -4.146341 -2.865854
53695 26 0.000000 0.000000 0.000000 -24.878050 -4.207317 -5.853659
53700 26 0.000000 0.000000 0.000000 -19.878050 -6.158537 -10.975610
53705 26 0.000000 0.000000 0.000000 -11.158537 -7.621952 -10.914635
53710 26 0.000000 0.000000 0.000000 -12.012196 -6.097561 -6.402439
53715 26 0.000000 0.000000 0.000000 -18.353659 -0.548781 -3.536585
53720 26 0.000000 0.000000 0.000000 -14.878049 4.878049 -4.146341
53725 26 0.000000 0.000000 0.000000 -8.963415 0.365854 -3.780488
53730 26 0.000000 0.000000 0.000000 -8.109756 -4.024390 -4.268293
53735 26 0.000000 0.000000 0.000000 -12.987805 -3.719512 0.426829
53740 26 0.000000 0.000000 0.000000 -15.365854 1.646341 7.621952
53745 26 0.000000 0.000000 0.000000 -16.524391 0.914634 3.658537
53750 26 0.000000 0.000000 0.000000 -15.426829 -3.902439 -5.914634
53755 26 0.000000 0.000000 0.000000 -12.621951 -7.926829 -7.195122
53760 26 0.000000 0.000000 0.000000 -6.280488 -9.024390 0.000000
53765 26 0.000000 0.000000 0.000000 -7.621952 -10.182927 -3.719512
53770 26 0.000000 0.000000 0.000000 -18.231709 -9.329268 -7.804878
53775 26 0.000000 0.000000 0.000000 -26.280489 -6.036585 -7.317073
53780 26 0.000000 0.000000 0.000000 -26.951220 -1.097561 -7.560976
53785 26 0.000000 0.000000 0.000000 -20.182928 -4.695122 -7.682927
53790 26 0.000000 0.000000 0.000000 -14.207317 -10.243902 -6.646342
53795 26 0.000000 0.000000 0.000000 -15.487805 -13.780488 -10.243902
53800 26 0.000000 0.000000 0.000000 -20.792683 -9.512196 -11.707317
53805 26 0.000000 0.000000 0.000000 -19.207317 -6.463415 -7.317073
53810 26 0.000000 0.000000 0.000000 -18.048780 -5.914634 -2.987805
53815 26 0.000000 0.000000 0.000000 -22.621952 -4.817073 -5.853659
53820 26 0.000000 0.000000 0.000000 -23.109756 0.000000 -2.195122
53825 26 0.000000 0.000000 0.000000 -18.841463 2.439024 3.353659
53830 26 0.000000 0.000000 0.000000 -15.426829 0.609756 3.597561
53835 26 0.000000 0.000000 0.000000 -11.036586 -0.609756 -1.707317
53840 26 0.000000 0.000000 0.000000 -0.853659 0.487805 -4.451220
53845 26 0.000000 0.000000 0.000000 0.304878 -1.646341 -3.475610
53850 26 0.000000 0.000000 0.000000 -6.585366 -2.621951 -3.231707
53855 26 0.000000 0.000000 0.000000 -7.560976 -3.170732 -5.731708
53860 26 0.000000 0.000000 0.000000 -3.353659 -3.231707 -7.012195
53865 26 0.000000 0.000000 0.000000 -3.902439 -7.012195 -6.707317
53870 26 0.000000 0.000000 0.000000 -7.012195 -11.585366 -8.109756
53875 26 0.000000 0.000000 0.000000 -11.402439 -16.646341 -7.378049
53880 26 0.000000 0.000000 0.000000 -14.756098 -21.402439 -4.268293
53885 26 0.000000 0.000000 0.000000 -13.963415 -20.121952 -3.780488
53890 26 0.000000 0.000000 0.000000 -13.475610 -15.914635 -5.182927
53895 26 0.000000 0.000000 0.000000 -18.963415 -10.365854 -10.487805
53900 26 0.000000 0.000000 0.000000 -30.000000 -2.134146 -15.792684
53905 26 0.000000 0.000000 0.000000 -25.853659 -0.365854 -8.475610
53910 26 0.000000 0.000000 0.000000 -15.914635 1.768293 0.426829
53915 26 0.000000 0.000000 0.000000 -15.609756 1.768293 0.060976
53920 26 0.000000 0.000000 0.000000 -16.280489 -0.182927 -0.243902
53925 26 0.000000 0.000000 0.000000 -11.158537 0.914634 4.451220
53930 26 0.000000 0.000000 0.000000 -7.621952 1.768293 8.109756
53935 26 0.000000 0.000000 0.000000 -7.378049 0.548781 0.670732
53940 26 0.000000 0.000000 0.000000 -6.341464 1.036585 -8.353659
53945 26 0.000000 0.000000 0.000000 -5.426829 1.463415 -4.756098
53950 26 0.000000 0.000000 0.000000 -8.902439 -1.768293 -1.036585
53955 26 0.000000 0.000000 0.000000 -15.487805 -5.548780 -5.914634
53960 26 0.000000 0.000000 0.000000 -21.829269 -9.146341 -12.195122
53965 26 0.000000 0.000000 0.000000 -20.426830 -7.012195 -6.829268
53970 26 0.000000 0.000000 0.000000 -16.890244 -3.292683 -4.390244
53975 26 0.000000 0.000000 0.000000 -17.195122 -3.353659 -3.597561
53980 26 0.000000 0.000000 0.000000 -17.865854 -5.548780 -4.268293
53985 26 0.000000 0.000000 0.000000 -14.390244 -4.817073 -2.073171
53990 26 0.000000 0.000000 0.000000 -10.853659 -3.170732 0.304878
53995 26 0.000000 0.000000 0.000000 -13.048780 -1.585366 -3.231707
54000 26 0.000000 0.000000 0.000000 -18.963415 -1.280488 -13.048780
54005 26 0.000000 0.000000 0.000000 -15.670732 -1.524390 -11.768293
54010 26 0.000000 0.000000 0.000000 -13.475610 -1.585366 -5.060976
54015 26 0.000000 0.000000 0.000000 -16.280489 -3.658537 -3.475610
54020 26 0.000000 0.000000 0.000000 -23.170732 -7.743903 -5.243903
54025 26 0.000000 0.000000 0.000000 -20.792683 -6.219512 -5.000000
54030 26 0.000000 0.000000 0.000000 -18.658537 -2.195122 -5.243903
54035 26 0.000000 0.000000 0.000000 -11.951220 -2.317073 -0.243902
54040 26 0.000000 0.000000 0.000000 -6.463415 -2.682927 0.975610
54045 26 0.000000 0.000000 0.000000 -6.463415 -1.585366 -0.487805
54050 26 0.000000 0.000000 0.000000 -9.146341 -2.073171 0.000000
54055 26 0.000000 0.000000 0.000000 -7.500000 -0.670732 0.365854
54060 26 0.000000 0.000000 0.000000 -8.170732 0.609756 -0.060976
54065 26 0.000000 0.000000 0.000000 -12.926829 2.378049 -0.365854
54070 26 0.000000 0.000000 0.000000 -10.304878 2.073171 -1.280488
54075 26 0.000000 0.000000 0.000000 -7.195122 -1.219512 -2.256098
54080 26 0.000000 0.000000 0.000000 -9.390244 -8.536586 -5.182927
54085 26 0.000000 0.000000 0.000000 -12.317074 -9.756098 -4.939024
54090 26 0.000000 0.000000 0.000000 -10.304878 -5.792683 -2.865854
54095 26 0.000000 0.000000 0.000000 -4.024390 -2.865854 0.548781
54100 26 0.000000 0.000000 0.000000 5.182927 -1.097561 3.475610
54105 26 0.000000 0.000000 0.000000 4.390244 0.243902 1.219512
54110 26 0.000000 0.000000 0.000000 -0.182927 -0.548781 0.000000
54115 26 0.000000 0.000000 0.000000 -3.658537 0.487805 1.463415
54120 26 0.000000 0.000000 0.000000 -3.841464 5.670732 7.743903
54125 26 0.000000 0.000000 0.000000 -5.731708 2.256098 3.902439
54130 26 0.000000 0.000000 0.000000 -5.670732 0.487805 0.182927
54135 26 0.000000 0.000000 0.000000 -7.012195 0.000000 1.402439
54140 26 0.000000 0.000000 0.000000 -11.219512 -2.439024 5.792683
54145 26 0.000000 0.000000 0.000000 -4.390244 -1.524390 8.719512
54150 26 0.000000 0.000000 0.000000 0.426829 -2.621951 6.829268
54155 26 0.000000 0.000000 0.000000 -0.609756 -1.768293 3.780488
54160 26 0.000000 0.000000 0.000000 -8.597561 2.926829 -1.463415
54165 26 0.000000 0.000000 0.000000 -13.475610 6.951220 0.182927
54170 26 0.000000 0.000000 0.000000 -12.865854 7.926829 3.292683
54175 26 0.000000 0.000000 0.000000 -12.134147 4.939024 1.280488
54180 26 0.000000 0.000000 0.000000 -12.012196 -2.012195 -5.914634
54185 26 0.000000 0.000000 0.000000 -13.109756 -2.987805 -4.268293
54190 26 0.000000 0.000000 0.000000 -14.573171 -0.609756 -2.073171
54195 26 0.000000 0.000000 0.000000 -9.451220 3.780488 6.951220
54200 26 0.000000 0.000000 0.000000 -0.548781 9.634147 21.829269
54205 26 0.000000 0.000000 0.000000 -1.951220 7.865854 14.207317
54210 26 0.000000 0.000000 0.000000 -6.707317 4.146341 1.890244
54215 26 0.000000 0.000000 0.000000 -7.500000 3.353659 0.548781
54220 26 0.000000 0.000000 0.000000 -4.207317 2.621951 8.048780
54225 26 0.000000 0.000000 0.000000 -3.353659 1.158537 5.731708
54230 26 0.000000 0.000000 0.000000 -3.536585 -1.219512 -0.426829
54235 26 0.000000 0.000000 0.000000 -5.000000 -3.719512 -3.109756
54240 26 0.000000 0.000000 0.000000 -7.987805 -5.792683 -3.841464
54245 26 0.000000 0.000000 0.000000 -9.329268 -6.463415 -4.573171
54250 26 0.000000 0.000000 0.000000 -9.268292 -7.378049 -5.731708
54255 26 0.000000 0.000000 0.000000 -7.317073 -8.475610 -8.231708
54260 26 0.000000 0.000000 0.000000 -0.792683 -7.865854 -13.292684
54265 26 0.000000 0.000000 0.000000 -1.402439 -6.829268 -12.987805
54270 26 0.000000 0.000000 0.000000 -7.073171 -5.365854 -7.743903
54275 26 0.000000 0.000000 0.000000 -12.500000 -5.060976 -2.500000
54280 26 0.000000 0.000000 0.000000 -17.317074 -4.390244 5.487805
54285 26 0.000000 0.000000 0.000000 -11.036586 -1.219512 6.646342
54290 26 0.000000 0.000000 0.000000 -5.243903 -0.060976 2.865854
54295 26 0.000000 0.000000 0.000000 -3.902439 0.121951 -2.378049
54300 26 0.000000 0.000000 0.000000 -7.317073 -1.158537 -12.743903
54305 26 0.000000 0.000000 0.000000 -12.012196 -0.426829 -10.243902
54310 26 0.000000 0.000000 0.000000 -11.524390 3.292683 -3.719512
54315 26 0.000000 0.000000 0.000000 -3.475610 4.695122 4.573171
54320 26 0.000000 0.000000 0.000000 6.463415 4.207317 12.500000
54325 26 0.000000 0.000000 0.000000 5.304878 3.109756 8.658537
54330 26 0.000000 0.000000 0.000000 1.158537 1.219512 2.682927
54335 26 0.000000 0.000000 0.000000 -4.634146 1.036585 -0.792683
54340 26 0.000000 0.000000 0.000000 -9.695122 1.707317 -4.817073
54345 26 0.000000 0.000000 0.000000 -8.719512 -0.487805 -5.914634
54350 26 0.000000 0.000000 0.000000 -7.682927 -2.317073 -3.170732
54355 26 0.000000 0.000000 0.000000 -6.768293 -4.390244 -0.548781
54360 26 0.000000 0.000000 0.000000 -7.378049 -6.463415 2.865854
54365 26 0.000000 0.000000 0.000000 -8.414635 -6.585366 1.524390
54370 26 0.000000 0.000000 0.000000 -6.158537 -6.646342 -2.743902
54375 26 0.000000 0.000000 0.000000 -1.463415 -5.670732 -5.731708
54380 26 0.000000 0.000000 0.000000 3.353659 -2.987805 -5.914634
54385 26 0.000000 0.000000 0.000000 -1.585366 -0.792683 -4.024390
54390 26 0.000000 0.000000 0.000000 -8.109756 2.317073 -1.585366
54395 26 0.000000 0.000000 0.000000 -12.439025 3.231707 0.853659
54400 26 0.000000 0.000000 0.000000 -14.146341 0.609756 4.878049
54405 26 0.000000 0.000000 0.000000 -11.341464 1.158537 6.341464
54410 26 0.000000 0.000000 0.000000 -7.560976 2.560976 3.109756
54415 26 0.000000 0.000000 0.000000 -7.682927 2.865854 -0.121951
54420 26 0.000000 0.000000 0.000000 -9.512196 1.951220 -4.207317
54425 26 0.000000 0.000000 0.000000 -4.451220 0.609756 -3.109756
54430 26 0.000000 0.000000 0.000000 1.158537 -1.463415 -1.280488
54435 26 0.000000 0.000000 0.000000 4.695122 -2.195122 0.792683
54440 26 0.000000 0.000000 0.000000 5.975610 -1.097561 2.682927
54445 26 0.000000 0.000000 0.000000 3.231707 -3.048780 -2.012195
54450 26 0.000000 0.000000 0.000000 1.524390 -3.536585 -4.146341
54455 26 0.000000 0.000000 0.000000 2.317073 -0.548781 -1.829268
54460 26 0.000000 0.000000 0.000000 5.792683 3.597561 4.146341
54465 26 0.000000 0.000000 0.000000 5.609756 7.804878 9.085366
54470 26 0.000000 0.000000 0.000000 -0.121951 9.024390 8.536586
54475 26 0.000000 0.000000 0.000000 -6.829268 6.768293 3.048780
54480 26 0.000000 0.000000 0.000000 -15.365854 1.219512 -6.768293
54485 26 0.000000 0.000000 0.000000 -13.841464 1.341463 -3.475610
54490 26 0.000000 0.000000 0.000000 -11.707317 6.097561 2.804878
54495 26 0.000000 0.000000 0.000000 -5.731708 11.280488 13.414635
54500 26 0.000000 0.000000 0.000000 2.560976 14.573171 23.475611
54505 26 0.000000 0.000000 0.000000 -0.060976 9.451220 12.926829
54510 26 0.000000 0.000000 0.000000 -3.109756 6.524390 5.000000
54515 26 0.000000 0.000000 0.000000 -4.939024 3.292683 0.853659
54520 26 0.000000 0.000000 0.000000 -6.768293 -0.853659 0.060976
54525 26 0.000000 0.000000 0.000000 -5.060976 0.609756 5.000000
54530 26 0.000000 0.000000 0.000000 -2.682927 0.426829 3.414634
54535 26 0.000000 0.000000 0.000000 -3.963415 -2.439024 -4.512195
54540 26 0.000000 0.000000 0.000000 -8.536586 -7.134147 -14.268293
54545 26 0.000000 0.000000 0.000000 -7.926829 -6.402439 -9.268292
54550 26 0.000000 0.000000 0.000000 -6.341464 -5.121951 -3.780488
54555 26 0.000000 0.000000 0.000000 -2.195122 -1.768293 0.975610
54560 26 0.000000 0.000000 0.000000 4.207317 4.146341 3.353659
54565 26 0.000000 0.000000 0.000000 0.182927 2.926829 -2.621951
54570 26 0.000000 0.000000 0.000000 -2.987805 0.609756 -4.146341
54575 26 0.000000 0.000000 0.000000 -7.073171 -1.646341 -0.853659
54580 26 0.000000 0.000000 0.000000 -14.756098 -5.304878 2.439024
54585 26 0.000000 0.000000 0.000000 -11.280488 -2.256098 4.085366
54590 26 0.000000 0.000000 0.000000 -7.378049 1.097561 3.231707
54595 26 0.000000 0.000000 0.000000 -4.939024 3.658537 1.890244
54600 26 0.000000 0.000000 0.000000 -1.097561 8.048780 0.914634
54605 26 0.000000 0.000000 0.000000 -4.207317 6.951220 0.304878
54610 26 0.000000 0.000000 0.000000 -8.109756 3.231707 0.243902
54615 26 0.000000 0.000000 0.000000 -7.500000 -1.402439 -0.426829
54620 26 0.000000 0.000000 0.000000 -5.426829 -4.634146 2.378049
54625 26 0.000000 0.000000 0.000000 -6.402439 -3.414634 5.060976
54630 26 0.000000 0.000000 0.000000 -8.109756 -0.060976 4.695122
54635 26 0.000000 0.000000 0.000000 -8.353659 -0.487805 -0.243902
54640 26 0.000000 0.000000 0.000000 -8.292683 -3.597561 -11.707317
54645 26 0.000000 0.000000 0.000000 -6.280488 -3.963415 -10.548780
54650 26 0.000000 0.000000 0.000000 -3.963415 -4.756098 -4.634146
54655 26 0.000000 0.000000 0.000000 0.060976 -3.475610 2.256098
54660 26 0.000000 0.000000 0.000000 3.597561 -0.304878 9.573171
54665 26 0.000000 0.000000 0.000000 1.768293 -0.914634 5.487805
54670 26 0.000000 0.000000 0.000000 -2.012195 -2.987805 0.792683
54675 26 0.000000 0.000000 0.000000 -2.743902 -1.829268 1.646341
54680 26 0.000000 0.000000 0.000000 0.548781 2.682927 3.963415
54685 26 0.000000 0.000000 0.000000 -0.060976 2.073171 1.036585
54690 26 0.000000 0.000000 0.000000 -1.158537 0.000000 -0.365854
54695 26 0.000000 0.000000 0.000000 -1.280488 -3.292683 -0.121951
54700 26 0.000000 0.000000 0.000000 -1.219512 -8.231708 0.243902
54705 26 0.000000 0.000000 0.000000 0.975610 -4.939024 2.073171
54710 26 0.000000 0.000000 0.000000 3.902439 -2.317073 1.890244
54715 26 0.000000 0.000000 0.000000 4.512195 0.792683 0.731707
54720 26 0.000000 0.000000 0.000000 2.743902 3.841464 -1.219512
54725 26 0.000000 0.000000 0.000000 3.719512 1.097561 -1.524390
54730 26 0.000000 0.000000 0.000000 5.853659 -1.036585 -1.097561
54735 26 0.000000 0.000000 0.000000 6.097561 -0.426829 1.524390
54740 26 0.000000 0.000000 0.000000 5.243903 3.048780 7.439024
54745 26 0.000000 0.000000 0.000000 3.048780 4.573171 6.646342
54750 26 0.000000 0.000000 0.000000 2.012195 3.719512 3.658537
54755 26 0.000000 0.000000 0.000000 0.914634 1.341463 2.439024
54760 26 0.000000 0.000000 0.000000 -0.487805 0.853659 1.707317
54765 26 0.000000 0.000000 0.000000 -3.475610 2.865854 1.829268
54770 26 0.000000 0.000000 0.000000 -7.012195 4.756098 2.987805
54775 26 0.000000 0.000000 0.000000 -10.731708 5.487805 1.951220
54780 26 0.000000 0.000000 0.000000 -13.658537 4.939024 0.000000
54785 26 0.000000 0.000000 0.000000 -9.329268 4.207317 4.146341
54790 26 0.000000 0.000000 0.000000 -6.829268 3.902439 5.121951
54795 26 0.000000 0.000000 0.000000 -6.402439 3.353659 6.036585
54800 26 0.000000 0.000000 0.000000 -7.073171 0.609756 3.780488
54805 26 0.000000 0.000000 0.000000 -7.560976 -1.036585 -0.426829
54810 26 0.000000 0.000000 0.000000 -6.707317 -2.987805 -3.048780
54815 26 0.000000 0.000000 0.000000 -2.926829 -3.231707 -1.890244
54820 26 0.000000 0.000000 0.000000 5.609756 -0.487805 1.097561
54825 26 0.000000 0.000000 0.000000 3.109756 -1.280488 -1.219512
54830 26 0.000000 0.000000 0.000000 -1.829268 -1.341463 -2.560976
54835 26 0.000000 0.000000 0.000000 -7.439024 -2.073171 -2.926829
54840 26 0.000000 0.000000 0.000000 -14.085366 -4.329268 -2.378049
54845 26 0.000000 0.000000 0.000000 -5.060976 -1.951220 1.646341
54850 26 0.000000 0.000000 0.000000 3.048780 -0.243902 2.926829
54855 26 0.000000 0.000000 0.000000 7.378049 0.975610 2.926829
54860 26 0.000000 0.000000 0.000000 12.439025 3.719512 3.414634
54865 26 0.000000 0.000000 0.000000 8.109756 3.231707 2.134146
54870 26 0.000000 0.000000 0.000000 5.182927 1.768293 1.768293
54875 26 0.000000 0.000000 0.000000 2.134146 0.365854 -0.548781
54880 26 0.000000 0.000000 0.000000 0.182927 -2.621951 -4.817073
54885 26 0.000000 0.000000 0.000000 2.317073 -0.243902 -0.609756
54890 26 0.000000 0.000000 0.000000 0.243902 2.378049 1.585366
54895 26 0.000000 0.000000 0.000000 1.829268 4.024390 2.012195
54900 26 0.000000 0.000000 0.000000 6.829268 6.280488 2.926829
54905 26 0.000000 0.000000 0.000000 3.048780 4.085366 -0.731707
54910 26 0.000000 0.000000 0.000000 -1.097561 1.402439 -3.719512
54915 26 0.000000 0.000000 0.000000 -4.329268 -2.012195 -3.109756
54920 26 0.000000 0.000000 0.000000 -8.353659 -5.060976 1.402439
54925 26 0.000000 0.000000 0.000000 -6.097561 -1.097561 2.804878
54930 26 0.000000 0.000000 0.000000 -4.024390 1.829268 1.646341
54935 26 0.000000 0.000000 0.000000 -1.707317 5.060976 3.292683
54940 26 0.000000 0.000000 0.000000 0.121951 8.475610 4.939024
54945 26 0.000000 0.000000 0.000000 -4.939024 6.341464 3.536585
54950 26 0.000000 0.000000 0.000000 -7.439024 4.817073 3.292683
54955 26 0.000000 0.000000 0.000000 -8.780488 5.182927 5.731708
54960 26 0.000000 0.000000 0.000000 -9.512196 4.756098 10.365854
54965 26 0.000000 0.000000 0.000000 -5.487805 6.158537 12.865854
54970 26 0.000000 0.000000 0.000000 -2.317073 7.987805 13.597561
54975 26 0.000000 0.000000 0.000000 0.000000 8.109756 10.731708
54980 26 0.000000 0.000000 0.000000 -1.097561 5.731708 1.219512
54985 26 0.000000 0.000000 0.000000 0.609756 6.219512 2.560976
54990 26 0.000000 0.000000 0.000000 3.658537 5.365854 4.390244
54995 26 0.000000 0.000000 0.000000 7.560976 4.329268 6.036585
55000 26 0.000000 0.000000 0.000000 11.768293 3.475610 5.670732
55005 26 0.000000 0.000000 0.000000 9.329268 -0.243902 -0.670732
55010 26 0.000000 0.000000 0.000000 6.585366 -1.341463 -5.243903
55015 26 0.000000 0.000000 0.000000 5.243903 -3.231707 -4.756098
55020 26 0.000000 0.000000 0.000000 3.597561 -5.914634 1.829268
55025 26 0.000000 0.000000 0.000000 2.987805 -1.463415 2.500000
55030 26 0.000000 0.000000 0.000000 0.000000 2.987805 1.158537
55035 26 0.000000 0.000000 0.000000 -0.304878 3.719512 -0.731707
55040 26 0.000000 0.000000 0.000000 3.475610 3.048780 -4.939024
55045 26 0.000000 0.000000 0.000000 1.219512 1.158537 -5.365854
55050 26 0.000000 0.000000 0.000000 -2.317073 0.182927 -5.060976
55055 26 0.000000 0.000000 0.000000 -5.365854 -1.341463 -3.597561
55060 26 0.000000 0.000000 0.000000 -8.658537 -3.719512 -1.829268
55065 26 0.000000 0.000000 0.000000 -5.731708 -2.378049 -2.317073
55070 26 0.000000 0.000000 0.000000 -1.646341 -0.182927 -1.341463
55075 26 0.000000 0.000000 0.000000 -0.609756 0.365854 -1.036585
55080 26 0.000000 0.000000 0.000000 -3.048780 0.792683 -2.804878
55085 26 0.000000 0.000000 0.000000 -5.426829 -1.585366 -3.353659
55090 26 0.000000 0.000000 0.000000 -5.731708 -3.414634 -3.109756
55095 26 0.000000 0.000000 0.000000 -3.292683 -1.158537 -0.914634
55100 26 0.000000 0.000000 0.000000 2.439024 3.780488 2.682927
55105 26 0.000000 0.000000 0.000000 2.134146 4.085366 1.036585
55110 26 0.000000 0.000000 0.000000 -0.731707 3.353659 -0.548781
55115 26 0.000000 0.000000 0.000000 -4.939024 -0.365854 -1.524390
55120 26 0.000000 0.000000 0.000000 -10.060976 -4.207317 -4.146341
55125 26 0.000000 0.000000 0.000000 -6.463415 -0.853659 -1.646341
55130 26 0.000000 0.000000 0.000000 -1.707317 0.731707 0.914634
55135 26 0.000000 0.000000 0.000000 2.804878 3.658537 1.524390
55140 26 0.000000 0.000000 0.000000 3.902439 6.219512 -0.121951
55145 26 0.000000 0.000000 0.000000 -1.097561 1.402439 -3.841464
55150 26 0.000000 0.000000 0.000000 -4.024390 -2.439024 -5.365854
55155 26 0.000000 0.000000 0.000000 -6.402439 -4.695122 -4.146341
55160 26 0.000000 0.000000 0.000000 -5.670732 -4.512195 -1.036585
55165 26 0.000000 0.000000 0.000000 -0.914634 0.243902 1.524390
55170 26 0.000000 0.000000 0.000000 0.060976 3.292683 2.378049
55175 26 0.000000 0.000000 0.000000 -0.182927 3.658537 0.914634
55180 26 0.000000 0.000000 0.000000 -2.621951 1.341463 -3.292683
55185 26 0.000000 0.000000 0.000000 -5.853659 -1.158537 -3.109756
55190 26 0.000000 0.000000 0.000000 -7.682927 -2.073171 -2.073171
55195 26 0.000000 0.000000 0.000000 -3.109756 -0.975610 0.426829
55200 26 0.000000 0.000000 0.000000 4.085366 2.317073 5.243903
55205 26 0.000000 0.000000 0.000000 2.682927 3.536585 4.573171
55210 26 0.000000 0.000000 0.000000 1.341463 3.048780 3.048780
55215 26 0.000000 0.000000 0.000000 -3.658537 1.707317 0.243902
55220 26 0.000000 0.000000 0.000000 -12.987805 -1.585366 -4.085366
55225 26 0.000000 0.000000 0.000000 -7.073171 -1.280488 -1.646341
55230 26 0.000000 0.000000 0.000000 -1.219512 0.731707 0.487805
55235 26 0.000000 0.000000 0.000000 4.085366 3.353659 3.841464
55240 26 0.000000 0.000000 0.000000 9.451220 5.243903 3.963415
55245 26 0.000000 0.000000 0.000000 4.024390 3.841464 1.341463
55250 26 0.000000 0.000000 0.000000 -2.378049 2.621951 0.670732
55255 26 0.000000 0.000000 0.000000 -5.426829 -0.121951 0.243902
55260 26 0.000000 0.000000 0.000000 -2.865854 -2.621951 2.256098
55265 26 0.000000 0.000000 0.000000 2.439024 2.439024 7.560976
55270 26 0.000000 0.000000 0.000000 5.548780 6.463415 9.634147
55275 26 0.000000 0.000000 0.000000 2.560976 7.987805 7.987805
55280 26 0.000000 0.000000 0.000000 -5.731708 8.231708 3.109756
55285 26 0.000000 0.000000 0.000000 -7.134147 3.902439 0.792683
55290 26 0.000000 0.000000 0.000000 -4.756098 1.646341 1.219512
55295 26 0.000000 0.000000 0.000000 -1.036585 2.195122 7.621952
55300 26 0.000000 0.000000 0.000000 2.682927 2.134146 16.524391
55305 26 0.000000 0.000000 0.000000 2.317073 3.048780 11.585366
55310 26 0.000000 0.000000 0.000000 1.646341 4.634146 5.487805
55315 26 0.000000 0.000000 0.000000 1.707317 3.902439 -4.878049
55320 26 0.000000 0.000000 0.000000 1.524390 -2.012195 -15.121951
55325 26 0.000000 0.000000 0.000000 -1.768293 -3.841464 -8.292683
55330 27 0.000000 0.000000 0.000000 -2.865854 -2.804878 -2.134146
55335 27 0.000000 0.000000 0.000000 -2.134146 -0.853659 3.170732
55340 27 0.000000 0.000000 0.000000 2.073171 2.378049 9.756098
55345 27 0.000000 0.000000 0.000000 5.853659 2.012195 5.304878
55350 27 0.000000 0.000000 0.000000 6.219512 2.439024 3.902439
55355 28 0.000000 0.000000 0.000000 2.560976 2.500000 1.158537
55360 28 0.000000 0.000000 0.000000 -4.024390 1.097561 -5.365854
55365 28 0.000000 0.000000 0.000000 -6.219512 1.280488 -0.670732
55370 29 0.000000 0.000000 0.000000 -4.634146 2.865854 4.207317
55375 30 0.000000 0.000000 0.000000 -2.134146 3.719512 8.719512
55380 30 0.000000 0.000000 0.000000 -0.670732 3.353659 12.012196
55385 31 0.000000 0.000000 0.000000 -8.170732 1.768293 2.134146
55390 31 0.000000 0.000000 0.000000 -14.268293 2.317073 -3.109756
55395 32 0.000000 0.000000 0.000000 -14.878049 3.170732 -0.121951
55400 32 0.000000 0.000000 0.000000 -13.658537 4.329268 9.512196
55405 32 0.000000 0.000000 0.000000 -12.073171 2.865854 7.743903
55410 32 0.000000 0.000000 0.000000 -10.792684 0.000000 2.682927
55415 32 0.000000 0.000000 0.000000 -8.597561 -1.524390 2.439024
55420 32 0.000000 0.000000 0.000000 -3.231707 0.853659 7.073171
55425 32 0.000000 0.000000 0.000000 -3.841464 0.365854 6.158537
55430 32 0.000000 0.000000 0.000000 -4.329268 -2.378049 2.073171
55435 33 0.000000 0.000000 0.000000 1.524390 -1.097561 2.439024
55440 33 0.000000 0.000000 0.000000 10.243902 1.768293 7.682927
55445 33 0.000000 0.000000 0.000000 1.280488 -2.500000 -0.182927
55450 33 0.000000 0.000000 0.000000 -5.914634 -3.170732 -6.707317
55455 33 0.000000 0.000000 0.000000 1.219512 -0.853659 -3.536585
55460 33 0.000000 0.000000 0.000000 4.695122 -0.426829 0.365854
55465 33 0.000000 0.000000 0.000000 -4.634146 -1.585366 -4.512195
55470 33 0.000000 0.000000 0.000000 -9.817074 -3.475610 -9.146341
55475 33 0.000000 0.000000 0.000000 -7.134147 -4.207317 -5.792683
55480 33 0.000000 0.000000 0.000000 -8.719512 -5.975610 -8.292683
55485 33 0.000000 0.000000 0.000000 -3.780488 -1.951220 -7.743903
55490 33 0.000000 0.000000 0.000000 -0.182927 1.280488 -5.487805
55495 33 0.000000 0.000000 0.000000 -1.951220 -1.097561 -8.048780
55500 33 0.000000 0.000000 0.000000 -3.780488 -4.512195 -12.134147
55505 33 0.000000 0.000000 0.000000 3.780488 -5.487805 -7.926829
55510 33 0.000000 0.000000 0.000000 9.085366 -5.365854 -4.512195
55515 33 0.000000 0.000000 0.000000 11.097561 -2.073171 -1.707317
55520 33 0.000000 0.000000 0.000000 14.207317 2.378049 1.463415
55525 34 0.000000 0.000000 0.000000 12.378049 -0.060976 -3.048780
55530 34 0.000000 0.000000 0.000000 8.048780 -4.451220 -7.073171
55535 34 0.000000 0.000000 0.000000 7.378049 -5.487805 -6.585366
55540 34 0.000000 0.000000 0.000000 8.170732 -3.414634 -8.475610
55545 34 0.000000 0.000000 0.000000 11.341464 -1.707317 -4.329268
55550 34 0.000000 0.000000 0.000000 13.719513 -1.463415 0.000000
55555 35 0.000000 0.000000 0.000000 13.170732 -2.012195 -2.865854
55560 35 0.000000 0.000000 0.000000 11.402439 -5.975610 -6.402439
55565 35 0.000000 0.000000 0.000000 13.719513 -4.756098 -1.768293
55570 35 0.000000 0.000000 0.000000 15.548780 -2.560976 2.073171
55575 35 0.000000 0.000000 0.000000 13.231708 -1.585366 2.256098
55580 35 0.000000 0.000000 0.000000 9.390244 0.914634 4.817073
55585 35 0.000000 0.000000 0.000000 9.390244 -3.658537 -1.097561
55590 35 0.000000 0.000000 0.000000 9.756098 -6.219512 -5.670732
55595 35 0.000000 0.000000 0.000000 10.365854 -4.329268 -2.073171
55600 35 0.000000 0.000000 0.000000 12.256098 -2.317073 5.365854
55605 35 0.000000 0.000000 0.000000 8.658537 -1.341463 0.243902
55610 35 0.000000 0.000000 0.000000 4.634146 -0.609756 -4.512195
55615 35 0.000000 0.000000 0.000000 5.121951 0.121951 -4.817073
55620 35 0.000000 0.000000 0.000000 4.146341 -1.524390 -6.402439
55625 35 0.000000 0.000000 0.000000 9.573171 -2.804878 -2.926829
55630 36 0.000000 0.000000 0.000000 13.292684 -3.902439 -3.231707
55635 36 0.000000 0.000000 0.000000 9.878049 -4.939024 -8.048780
55640 36 0.000000 0.000000 0.000000 5.426829 -4.756098 -3.353659
55645 36 0.000000 0.000000 0.000000 0.792683 -5.731708 -5.548780
55650 36 0.000000 0.000000 0.000000 -2.865854 -4.756098 -7.073171
55655 36 0.000000 0.000000 0.000000 0.792683 -4.451220 -5.609756
55660 36 0.000000 0.000000 0.000000 1.158537 -5.121951 -5.914634
55665 36 0.000000 0.000000 0.000000 -0.670732 -1.280488 -1.829268
55670 36 0.000000 0.000000 0.000000 -1.341463 0.792683 2.195122
55675 36 0.000000 0.000000 0.000000 -4.085366 0.975610 -1.585366
55680 36 0.000000 0.000000 0.000000 -5.853659 -0.121951 -7.439024
55685 37 0.000000 0.000000 0.000000 -3.292683 -2.439024 -3.475610
55690 37 0.000000 0.000000 0.000000 -0.060976 -2.195122 -1.280488
55695 37 0.000000 0.000000 0.000000 5.000000 -0.548781 -1.890244
55700 37 0.000000 0.000000 0.000000 13.292684 -2.560976 -2.256098
55705 37 0.000000 0.000000 0.000000 14.207317 -4.268293 -3.292683
55710 37 0.000000 0.000000 0.000000 15.243903 -3.353659 -5.487805
55715 37 0.000000 0.000000 0.000000 15.304878 -4.024390 -8.597561
55720 37 0.000000 0.000000 0.000000 14.024390 -3.170732 -10.000000
55725 37 0.000000 0.000000 0.000000 12.195122 -3.780488 -7.804878
55730 37 0.000000 0.000000 0.000000 10.975610 -5.121951 -6.524390
55735 37 0.000000 0.000000 0.000000 10.975610 -4.024390 -3.292683
55740 37 0.000000 0.000000 0.000000 11.707317 -2.926829 -1.036585
55745 37 0.000000 0.000000 0.000000 18.841463 -1.158537 -2.195122
55750 37 0.000000 0.000000 0.000000 26.341463 -2.073171 -5.243903
55755 37 0.000000 0.000000 0.000000 31.280489 -2.804878 -2.621951
55760 37 0.000000 0.000000 0.000000 31.829269 -0.670732 3.048780
55765 37 0.000000 0.000000 0.000000 25.304878 -2.621951 -3.292683
55770 37 0.000000 0.000000 0.000000 17.256098 -5.487805 -10.914635
55775 37 0.000000 0.000000 0.000000 10.975610 -9.146341 -11.890244
55780 37 0.000000 0.000000 0.000000 4.329268 -8.963415 -14.146341
55785 37 0.000000 0.000000 0.000000 3.536585 -3.475610 -10.975610
55790 37 0.000000 0.000000 0.000000 2.134146 -0.121951 -6.585366
55795 37 0.000000 0.000000 0.000000 1.890244 1.646341 -7.195122
55800 37 0.000000 0.000000 0.000000 8.597561 3.841464 -4.817073
55805 37 0.000000 0.000000 0.000000 8.170732 1.463415 -2.439024
55810 37 0.000000 0.000000 0.000000 7.560976 -1.829268 -2.865854
55815 37 0.000000 0.000000 0.000000 7.926829 -2.317073 -2.073171
55820 37 0.000000 0.000000 0.000000 4.451220 -2.621951 -3.414634
55825 37 0.000000 0.000000 0.000000 1.219512 -2.012195 -1.768293
55830 37 0.000000 0.000000 0.000000 0.304878 -3.353659 -1.890244
55835 37 0.000000 0.000000 0.000000 3.841464 -5.792683 -3.536585
55840 37 0.000000 0.000000 0.000000 9.634147 -3.597561 2.134146
55845 37 0.000000 0.000000 0.000000 4.939024 -5.000000 -1.097561
55850 37 0.000000 0.000000 0.000000 1.707317 -2.804878 -3.963415
55855 37 0.000000 0.000000 0.000000 1.951220 2.317073 -0.304878
55860 37 0.000000 0.000000 0.000000 0.548781 3.963415 -1.341463
55865 37 0.000000 0.000000 0.000000 2.682927 4.024390 1.524390
55870 37 0.000000 0.000000 0.000000 6.463415 3.353659 2.865854
55875 37 0.000000 0.000000 0.000000 7.865854 2.439024 4.634146
55880 37 0.000000 0.000000 0.000000 8.231708 3.780488 11.341464
55885 37 0.000000 0.000000 0.000000 5.487805 2.378049 5.304878
55890 37 0.000000 0.000000 0.000000 2.560976 2.134146 -2.621951
55895 37 0.000000 0.000000 0.000000 1.951220 -1.158537 -6.341464
55900 37 0.000000 0.000000 0.000000 2.621951 -5.853659 -11.402439
55905 37 0.000000 0.000000 0.000000 6.890244 -3.414634 -3.841464
55910 37 0.000000 0.000000 0.000000 10.304878 0.609756 2.987805
55915 37 0.000000 0.000000 0.000000 14.573171 5.304878 2.256098
55920 37 0.000000 0.000000 0.000000 20.792683 5.060976 3.353659
55925 37 0.000000 0.000000 0.000000 26.646341 3.475610 1.524390
55930 37 0.000000 0.000000 0.000000 24.512196 2.621951 -1.463415
55935 37 0.000000 0.000000 0.000000 18.292683 4.329268 -1.890244
55940 37 0.000000 0.000000 0.000000 13.841464 5.853659 0.792683
55945 37 0.000000 0.000000 0.000000 17.926830 2.012195 1.158537
55950 37 0.000000 0.000000 0.000000 20.243902 -0.914634 -2.134146
55955 37 0.000000 0.000000 0.000000 18.963415 -0.914634 -5.670732
55960 37 0.000000 0.000000 0.000000 18.414635 0.365854 -3.597561
55965 37 0.000000 0.000000 0.000000 16.036585 -1.890244 -6.768293
55970 37 0.000000 0.000000 0.000000 17.439024 -6.951220 -7.012195
55975 37 0.000000 0.000000 0.000000 17.743902 -3.048780 -3.780488
55980 37 0.000000 0.000000 0.000000 10.060976 -0.426829 -4.207317
55985 37 0.000000 0.000000 0.000000 10.792684 2.439024 2.012195
55990 37 0.000000 0.000000 0.000000 14.451220 3.536585 3.963415
55995 37 0.000000 0.000000 0.000000 9.695122 1.097561 -0.853659
56000 37 0.000000 0.000000 0.000000 4.939024 0.670732 0.487805
56005 37 0.000000 0.000000 0.000000 5.182927 -1.646341 -1.097561
56010 37 0.000000 0.000000 0.000000 4.451220 -4.329268 -6.463415
56015 37 0.000000 0.000000 0.000000 2.743902 -3.841464 -9.329268
56020 37 0.000000 0.000000 0.000000 7.804878 -0.731707 -8.719512
56025 37 0.000000 0.000000 0.000000 8.841464 -4.695122 -10.975610
56030 37 0.000000 0.000000 0.000000 8.841464 -7.682927 -13.475610
56035 37 0.000000 0.000000 0.000000 10.060976 -5.609756 -8.597561
56040 37 0.000000 0.000000 0.000000 7.378049 -0.914634 -3.048780
56045 37 0.000000 0.000000 0.000000 0.060976 -4.268293 -14.939025
56050 37 0.000000 0.000000 0.000000 -3.658537 -8.841464 -21.219513
56055 37 0.000000 0.000000 0.000000 1.280488 -7.865854 -19.451220
56060 37 0.000000 0.000000 0.000000 6.585366 -6.402439 -17.804878
56065 37 0.000000 0.000000 0.000000 6.097561 -1.951220 -13.231708
56070 37 0.000000 0.000000 0.000000 8.353659 -1.158537 -11.646341
56075 37 0.000000 0.000000 0.000000 13.963415 -4.085366 -12.134147
56080 37 0.000000 0.000000 0.000000 17.317074 -6.219512 -17.804878
56085 37 0.000000 0.000000 0.000000 21.463415 -0.548781 -15.853659
56090 37 0.000000 0.000000 0.000000 25.121952 -0.365854 -12.317074
56095 37 0.000000 0.000000 0.000000 26.951220 -4.939024 -10.975610
56100 37 0.000000 0.000000 0.000000 26.646341 -7.560976 -4.146341
56105 37 0.000000 0.000000 0.000000 22.012196 -14.817074 -7.865854
56110 37 0.000000 0.000000 0.000000 16.341463 -20.487804 -17.865854
56115 37 0.000000 0.000000 0.000000 10.792684 -20.548780 -19.512196
56120 37 0.000000 0.000000 0.000000 10.548780 -13.048780 -11.341464
56125 37 0.000000 0.000000 0.000000 8.780488 -10.914635 -7.439024
56130 37 0.000000 0.000000 0.000000 7.317073 -13.597561 -7.621952
56135 37 0.000000 0.000000 0.000000 3.414634 -11.585366 -4.573171
56140 37 0.000000 0.000000 0.000000 -1.463415 -9.329268 -2.378049
56145 37 0.000000 0.000000 0.000000 -4.512195 -8.902439 -2.682927
56150 37 0.000000 0.000000 0.000000 -4.817073 -8.719512 -3.048780
56155 37 0.000000 0.000000 0.000000 -8.780488 -10.853659 -3.841464
56160 37 0.000000 0.000000 0.000000 -14.085366 -7.378049 -1.951220
56165 37 0.000000 0.000000 0.000000 -12.256098 -4.146341 2.012195
56170 37 0.000000 0.000000 0.000000 -7.378049 -5.853659 0.365854
56175 37 0.000000 0.000000 0.000000 -3.231707 -2.987805 2.804878
56180 37 0.000000 0.000000 0.000000 -3.109756 0.121951 11.951220
56185 37 0.000000 0.000000 0.000000 -5.548780 5.548780 11.219512
56190 37 0.000000 0.000000 0.000000 -5.060976 9.329268 9.207317
56195 37 0.000000 0.000000 0.000000 -1.585366 5.243903 7.804878
56200 37 0.000000 0.000000 0.000000 0.914634 5.609756 8.536586
56205 37 0.000000 0.000000 0.000000 -5.304878 5.548780 3.719512
56210 37 0.000000 0.000000 0.000000 -10.609756 3.780488 -0.121951
56215 37 0.000000 0.000000 0.000000 -11.097561 0.792683 0.426829
56220 37 0.000000 0.000000 0.000000 -12.195122 -1.219512 -6.036585
56225 37 0.000000 0.000000 0.000000 -7.987805 1.768293 -5.548780
56230 37 0.000000 0.000000 0.000000 -6.097561 3.841464 -0.548781
56235 37 0.000000 0.000000 0.000000 -4.390244 4.695122 1.829268
56240 37 0.000000 0.000000 0.000000 -0.792683 1.158537 3.780488
56245 37 0.000000 0.000000 0.000000 0.914634 0.060976 -1.951220
56250 37 0.000000 0.000000 0.000000 2.378049 0.731707 -4.939024
56255 37 0.000000 0.000000 0.000000 0.243902 -2.012195 -0.914634
56260 37 0.000000 0.000000 0.000000 -0.914634 -3.048780 1.829268
56265 37 0.000000 0.000000 0.000000 3.597561 -5.975610 -4.268293
56270 37 0.000000 0.000000 0.000000 6.463415 -7.987805 -7.500000
56275 37 0.000000 0.000000 0.000000 9.390244 -8.719512 -3.841464
56280 37 0.000000 0.000000 0.000000 4.634146 -10.060976 -2.865854
56285 37 0.000000 0.000000 0.000000 2.987805 -7.073171 -5.426829
56290 37 0.000000 0.000000 0.000000 7.500000 -1.585366 -4.390244
56295 37 0.000000 0.000000 0.000000 8.353659 2.256098 -4.939024
56300 37 0.000000 0.000000 0.000000 7.317073 4.573171 -4.756098
56305 37 0.000000 0.000000 0.000000 8.536586 -2.560976 -6.890244
56310 37 0.000000 0.000000 0.000000 5.548780 -4.024390 -7.926829
56315 37 0.000000 0.000000 0.000000 2.073171 0.792683 -4.756098
56320 37 0.000000 0.000000 0.000000 -0.182927 3.048780 -1.524390
56325 37 0.000000 0.000000 0.000000 -4.268293 2.621951 -3.292683
56330 37 0.000000 0.000000 0.000000 -5.731708 2.560976 -2.621951
56335 37 0.000000 0.000000 0.000000 -9.390244 -0.853659 -4.207317
56340 37 0.000000 0.000000 0.000000 -13.658537 -4.146341 -7.865854
56345 37 0.000000 0.000000 0.000000 -5.914634 -2.012195 -2.195122
56350 37 0.000000 0.000000 0.000000 1.524390 0.000000 1.585366
56355 37 0.000000 0.000000 0.000000 5.731708 2.378049 -1.829268
56360 37 0.000000 0.000000 0.000000 10.914635 5.975610 -0.487805
56365 37 0.000000 0.000000 0.000000 9.695122 2.743902 -0.304878
56370 37 0.000000 0.000000 0.000000 10.487805 0.182927 -2.134146
56375 37 0.000000 0.000000 0.000000 13.353659 -2.256098 -8.536586
56380 37 0.000000 0.000000 0.000000 13.536586 -10.121951 -17.012196
56385 37 0.000000 0.000000 0.000000 15.121951 -7.317073 -8.109756
56390 37 0.000000 0.000000 0.000000 14.268293 -2.865854 -1.829268
56395 37 0.000000 0.000000 0.000000 15.365854 -0.121951 1.707317
56400 37 0.000000 0.000000 0.000000 14.085366 4.390244 9.939025
56405 37 0.000000 0.000000 0.000000 4.085366 3.963415 3.170732
56410 37 0.000000 0.000000 0.000000 -2.256098 2.012195 -3.841464
56415 37 0.000000 0.000000 0.000000 -3.597561 -1.402439 -6.341464
56420 37 0.000000 0.000000 0.000000 -9.268292 -5.792683 -11.402439
56425 37 0.000000 0.000000 0.000000 -10.548780 -1.890244 -4.451220
56430 37 0.000000 0.000000 0.000000 -10.548780 0.365854 0.365854
56435 37 0.000000 0.000000 0.000000 -12.378049 -1.890244 -3.109756
56440 37 0.000000 0.000000 0.000000 -8.475610 -1.341463 -5.060976
56445 37 0.000000 0.000000 0.000000 -7.743903 -1.463415 -4.451220
56450 37 0.000000 0.000000 0.000000 -7.560976 -0.731707 -1.524390
56455 37 0.000000 0.000000 0.000000 -2.682927 -1.524390 0.426829
56460 37 0.000000 0.000000 0.000000 -0.426829 -6.585366 1.524390
56465 37 0.000000 0.000000 0.000000 1.646341 -4.695122 1.585366
56470 37 0.000000 0.000000 0.000000 5.731708 -1.341463 0.426829
56475 37 0.000000 0.000000 0.000000 7.743903 0.000000 -4.756098
56480 37 0.000000 0.000000 0.000000 9.268292 0.121951 -2.073171
56485 37 0.000000 0.000000 0.000000 5.548780 -0.182927 -0.426829
56490 37 0.000000 0.000000 0.000000 0.365854 1.585366 -0.304878
56495 37 0.000000 0.000000 0.000000 0.670732 -0.121951 -0.731707
56500 37 0.000000 0.000000 0.000000 -4.207317 -8.048780 -3.170732
56505 37 0.000000 0.000000 0.000000 -11.036586 -7.195122 -5.060976
56510 37 0.000000 0.000000 0.000000 -14.085366 -4.024390 -3.780488
56515 37 0.000000 0.000000 0.000000 -20.609756 -0.548781 -2.621951
56520 37 0.000000 0.000000 0.000000 -26.341463 3.658537 -3.963415
56525 37 0.000000 0.000000 0.000000 -19.634148 3.780488 -2.378049
56530 37 0.000000 0.000000 0.000000 -13.231708 4.207317 0.304878
56535 37 0.000000 0.000000 0.000000 -10.548780 6.280488 2.560976
56540 37 0.000000 0.000000 0.000000 -9.451220 4.329268 1.158537
56545 37 0.000000 0.000000 0.000000 -4.878049 7.195122 5.731708
56550 37 0.000000 0.000000 0.000000 -2.439024 7.682927 7.134147
56555 37 0.000000 0.000000 0.000000 -1.890244 5.121951 1.585366
56560 37 0.000000 0.000000 0.000000 1.890244 5.243903 -4.451220
56565 37 0.000000 0.000000 0.000000 -0.365854 0.000000 -2.500000
56570 37 0.000000 0.000000 0.000000 0.731707 -5.853659 -1.036585
56575 37 0.000000 0.000000 0.000000 4.817073 -9.695122 -1.890244
56580 37 0.000000 0.000000 0.000000 4.695122 -14.268293 -4.207317
56585 37 0.000000 0.000000 0.000000 4.085366 -7.560976 0.000000
56590 37 0.000000 0.000000 0.000000 4.817073 -2.134146 3.414634
56595 37 0.000000 0.000000 0.000000 6.402439 0.853659 3.536585
56600 37 0.000000 0.000000 0.000000 6.402439 3.353659 8.292683
56605 37 0.000000 0.000000 0.000000 0.243902 1.585366 3.475610
56610 37 0.000000 0.000000 0.000000 -5.243903 3.109756 -0.853659
56615 37 0.000000 0.000000 0.000000 -7.926829 2.195122 -0.121951
56620 37 0.000000 0.000000 0.000000 -12.134147 -2.073171 1.158537
56625 37 0.000000 0.000000 0.000000 -7.804878 -3.414634 -1.890244
56630 37 0.000000 0.000000 0.000000 -3.170732 -0.975610 -2.378049
56635 37 0.000000 0.000000 0.000000 0.121951 3.048780 0.548781
56640 37 0.000000 0.000000 0.000000 5.792683 5.792683 7.682927
56645 37 0.000000 0.000000 0.000000 5.121951 2.926829 3.414634
56650 37 0.000000 0.000000 0.000000 2.865854 -0.304878 -3.231707
56655 37 0.000000 0.000000 0.000000 1.463415 -4.024390 -5.000000
56660 37 0.000000 0.000000 0.000000 -2.682927 -7.682927 -6.219512
56665 37 0.000000 0.000000 0.000000 1.951220 -6.890244 -2.256098
56670 37 0.000000 0.000000 0.000000 6.585366 -4.512195 -0.487805
56675 37 0.000000 0.000000 0.000000 5.670732 -3.109756 -1.707317
56680 37 0.000000 0.000000 0.000000 2.439024 2.256098 1.463415
56685 37 0.000000 0.000000 0.000000 -0.060976 1.890244 -1.097561
56690 37 0.000000 0.000000 0.000000 -0.182927 0.000000 -2.682927
56695 37 0.000000 0.000000 0.000000 4.512195 3.048780 2.012195
56700 37 0.000000 0.000000 0.000000 6.585366 5.853659 6.280488
56705 37 0.000000 0.000000 0.000000 4.390244 9.756098 5.853659
56710 37 0.000000 0.000000 0.000000 2.317073 9.451220 2.134146
56715 37 0.000000 0.000000 0.000000 -2.682927 4.024390 1.219512
56720 37 0.000000 0.000000 0.000000 -9.512196 -0.670732 3.963415
56725 37 0.000000 0.000000 0.000000 -5.914634 -1.036585 0.304878
56730 37 0.000000 0.000000 0.000000 -0.426829 -0.426829 -3.170732
56735 37 0.000000 0.000000 0.000000 0.000000 -2.317073 -2.500000
56740 37 0.000000 0.000000 0.000000 2.500000 -0.792683 3.353659
56745 37 0.000000 0.000000 0.000000 3.414634 -1.524390 -1.097561
56750 37 0.000000 0.000000 0.000000 2.195122 -2.987805 -5.670732
56755 37 0.000000 0.000000 0.000000 4.329268 -4.207317 -5.853659
56760 37 0.000000 0.000000 0.000000 4.329268 -6.280488 -10.548780
56765 37 0.000000 0.000000 0.000000 9.756098 -3.353659 -5.670732
56770 37 0.000000 0.000000 0.000000 15.487805 -2.378049 -2.012195
56775 37 0.000000 0.000000 0.000000 16.890244 0.121951 -3.048780
56780 37 0.000000 0.000000 0.000000 18.475611 6.951220 0.975610
56785 37 0.000000 0.000000 0.000000 15.426829 3.231707 -0.853659
56790 37 0.000000 0.000000 0.000000 9.390244 -0.853659 -4.878049
56795 37 0.000000 0.000000 0.000000 4.939024 -1.890244 -5.487805
56800 37 0.000000 0.000000 0.000000 -3.231707 -1.219512 -10.243902
56805 37 0.000000 0.000000 0.000000 -7.500000 2.195122 -3.109756
56810 37 0.000000 0.000000 0.000000 -10.060976 3.231707 3.963415
56815 37 0.000000 0.000000 0.000000 -16.463415 -0.060976 -1.158537
56820 37 0.000000 0.000000 0.000000 -20.731709 -1.707317 -7.439024
56825 37 0.000000 0.000000 0.000000 -20.060976 -1.768293 -2.621951
56830 37 0.000000 0.000000 0.000000 -21.036587 0.975610 5.243903
56835 37 0.000000 0.000000 0.000000 -17.134148 3.841464 8.048780
56840 37 0.000000 0.000000 0.000000 -9.207317 3.902439 10.975610
56845 37 0.000000 0.000000 0.000000 -8.963415 5.000000 11.341464
56850 37 0.000000 0.000000 0.000000 -7.865854 4.878049 9.085366
56855 37 0.000000 0.000000 0.000000 -6.341464 6.951220 5.731708
56860 37 0.000000 0.000000 0.000000 -6.402439 8.231708 4.573171
56865 37 0.000000 0.000000 0.000000 -9.939025 5.792683 7.073171
56870 37 0.000000 0.000000 0.000000 -13.414635 1.890244 6.646342
56875 37 0.000000 0.000000 0.000000 -14.146341 -0.365854 4.817073
56880 37 0.000000 0.000000 0.000000 -13.414635 -2.560976 4.695122
56885 37 0.000000 0.000000 0.000000 -12.621951 -0.182927 4.756098
56890 37 0.000000 0.000000 0.000000 -11.341464 2.073171 2.682927
56895 37 0.000000 0.000000 0.000000 -11.524390 3.658537 4.878049
56900 37 0.000000 0.000000 0.000000 -14.817074 7.073171 10.670732
56905 37 0.000000 0.000000 0.000000 -14.085366 7.621952 5.975610
56910 37 -10.000000 0.000000 0.000000 -12.317074 7.195122 -2.500000
56915 37 -10.000000 0.000000 0.000000 -11.219512 6.341464 -2.865854
56920 37 -10.000000 0.000000 0.000000 -9.939025 3.231707 1.280488
56925 37 -10.000000 0.000000 0.000000 -6.707317 -2.134146 -3.719512
56930 37 -20.000000 0.000000 0.000000 -6.219512 -5.426829 -8.658537
56935 37 -20.000000 0.000000 0.000000 -6.707317 -5.365854 -7.134147
56940 37 -20.000000 0.000000 0.000000 -5.365854 -1.768293 -0.914634
56945 37 -20.000000 0.000000 0.000000 -1.707317 -2.804878 -3.963415
56950 37 -20.000000 0.000000 0.000000 -1.768293 -6.829268 -5.609756
56955 37 -30.000000 0.000000 0.000000 -4.146341 -9.085366 -4.146341
56960 37 -30.000000 0.000000 0.000000 -9.451220 -13.048780 -4.573171
56965 37 -30.000000 0.000000 0.000000 -9.878049 -12.439025 -4.146341
56970 37 -30.000000 0.000000 0.000000 -9.634147 -11.707317 -2.378049
56975 37 -30.000000 0.000000 0.000000 -10.975610 -13.109756 -3.231707
56980 37 -30.000000 0.000000 0.000000 -12.926829 -13.353659 -1.890244
56985 37 -40.000000 0.000000 0.000000 -17.621952 -16.158537 -5.121951
56990 37 -40.000000 0.000000 0.000000 -21.280489 -16.829269 -8.536586
56995 37 -40.000000 0.000000 0.000000 -22.317074 -16.402439 -8.475610
57000 37 -40.000000 0.000000 0.000000 -25.182928 -16.524391 -6.219512
57005 37 -40.000000 0.000000 0.000000 -20.609756 -10.487805 -5.731708
57010 37 -40.000000 0.000000 0.000000 -16.707317 -7.987805 -3.841464
57015 37 -50.000000 0.000000 0.000000 -16.402439 -6.280488 2.256098
57020 37 -50.000000 0.000000 0.000000 -13.658537 0.731707 4.695122
57025 37 -50.000000 0.000000 0.000000 -10.975610 5.487805 5.000000
57030 37 -50.000000 0.000000 0.000000 -10.975610 7.134147 5.182927
57035 37 -50.000000 0.000000 0.000000 -10.609756 4.207317 1.707317
57040 37 -50.000000 0.000000 0.000000 -12.621951 -2.621951 -4.695122
57045 37 -50.000000 0.000000 0.000000 -15.365854 -2.439024 -3.719512
57050 37 -50.000000 0.000000 0.000000 -17.378050 -2.012195 0.060976
57055 37 -60.000000 0.000000 0.000000 -21.463415 -0.487805 -0.731707
57060 37 -60.000000 0.000000 0.000000 -21.768293 6.036585 10.731708
57065 37 -60.000000 0.000000 0.000000 -23.414635 7.317073 14.085366
57070 37 -60.000000 0.000000 0.000000 -31.036587 4.329268 7.987805
57075 37 -60.000000 0.000000 0.000000 -33.109756 2.134146 1.707317
57080 37 -60.000000 0.000000 0.000000 -30.487806 1.280488 5.182927
57085 37 -60.000000 0.000000 0.000000 -37.439026 0.182927 1.829268
57090 37 -60.000000 0.000000 0.000000 -45.914635 0.914634 -0.121951
57095 37 -70.000000 0.000000 0.000000 -47.804878 -1.158537 1.707317
57100 37 -70.000000 0.000000 0.000000 -46.951221 -6.158537 7.682927
57105 37 -70.000000 0.000000 0.000000 -49.878052 -9.756098 2.317073
57110 37 -70.000000 0.000000 0.000000 -50.182926 -9.146341 -2.317073
57115 37 -70.000000 0.000000 0.000000 -48.780487 -2.987805 4.756098
57120 37 -70.000000 0.000000 0.000000 -48.170734 0.000000 10.243902
57125 37 -70.000000 0.000000 0.000000 -50.365856 -1.707317 4.146341
57130 37 -70.000000 0.000000 0.000000 -54.756100 -2.073171 1.707317
57135 37 -70.000000 0.000000 0.000000 -54.878052 -2.012195 2.743902
57140 37 -70.000000 0.000000 0.000000 -60.060978 -5.975610 0.975610
57145 37 -80.000000 0.000000 0.000000 -59.329269 -3.231707 1.402439
57150 37 -80.000000 0.000000 0.000000 -54.512196 -1.036585 2.378049
57155 37 -80.000000 0.000000 0.000000 -51.951221 -3.597561 1.768293
57160 37 -80.000000 0.000000 0.000000 -47.073174 -2.621951 -1.768293
57165 37 -80.000000 0.000000 0.000000 -41.585365 -0.365854 0.670732
57170 37 -80.000000 0.000000 0.000000 -39.329269 -2.073171 3.536585
57175 37 -80.000000 0.000000 0.000000 -36.707317 -3.170732 1.951220
57180 37 -80.000000 0.000000 0.000000 -30.975611 -4.817073 4.451220
57185 37 -90.000000 0.000000 0.000000 -33.719513 -8.414635 0.426829
57190 37 -90.000000 0.000000 0.000000 -34.756100 -9.268292 -1.951220
57195 37 -90.000000 0.000000 0.000000 -31.707317 -5.182927 4.146341
57200 37 -90.000000 0.000000 0.000000 -29.085367 -2.500000 6.463415
57205 37 -90.000000 0.000000 0.000000 -32.134148 -5.426829 -0.121951
57210 37 -90.000000 0.000000 0.000000 -39.268295 -7.012195 0.975610
57215 37 -90.000000 0.000000 0.000000 -36.890244 -2.987805 2.439024
57220 37 -90.000000 0.000000 0.000000 -35.609756 -2.560976 6.524390
57225 37 -100.000000 0.000000 0.000000 -42.926830 -3.963415 4.634146
57230 37 -100.000000 0.000000 0.000000 -43.841465 -1.585366 -0.548781
57235 37 -100.000000 0.000000 0.000000 -44.207317 -1.524390 -0.243902
57240 37 -100.000000 0.000000 0.000000 -42.073174 0.060976 3.353659
57245 37 -100.000000 0.000000 0.000000 -44.573174 0.426829 4.634146
57250 37 -100.000000 0.000000 0.000000 -49.451221 -3.658537 2.865854
57255 37 -100.000000 0.000000 0.000000 -53.292683 -2.195122 -1.402439
57260 37 -100.000000 0.000000 0.000000 -57.987804 0.853659 -4.573171
57265 37 -110.000000 0.000000 0.000000 -57.012196 4.451220 -0.609756
57270 37 -110.000000 0.000000 0.000000 -56.707317 4.146341 4.939024
57275 37 -110.000000 0.000000 0.000000 -55.792683 2.378049 5.121951
57280 37 -110.000000 0.000000 0.000000 -58.048782 -0.182927 0.853659
57285 37 -110.000000 0.000000 0.000000 -62.378052 -3.597561 -0.304878
57290 37 -110.000000 0.000000 0.000000 -63.231709 -4.817073 -1.341463
57295 37 -110.000000 0.000000 0.000000 -59.939026 -2.621951 0.243902
57300 37 -110.000000 0.000000 0.000000 -55.182930 2.865854 3.109756
57305 37 -120.000000 0.000000 0.000000 -54.817074 5.792683 8.658537
57310 37 -120.000000 0.000000 0.000000 -54.329269 4.939024 11.768293
57315 37 -120.000000 0.000000 0.000000 -53.902439 6.524390 12.865854
57320 37 -120.000000 0.000000 0.000000 -56.707317 8.109756 12.743903
57325 37 -120.000000 0.000000 0.000000 -61.707317 6.829268 9.024390
57330 37 -120.000000 0.000000 0.000000 -67.439026 8.109756 5.548780
57335 37 -120.000000 0.000000 0.000000 -71.768295 6.829268 2.500000
57340 37 -120.000000 0.000000 0.000000 -75.792686 6.158537 -0.060976
57345 37 -120.000000 0.000000 0.000000 -79.268295 11.097561 0.914634
57350 37 -120.000000 0.000000 0.000000 -85.060974 13.719513 4.451220
57355 37 -120.000000 0.000000 0.000000 -88.841469 16.890244 5.792683
57360 37 -120.000000 0.000000 0.000000 -91.158539 19.634148 10.243902
57365 37 -130.000000 0.000000 0.000000 -93.292686 17.195122 15.426829
57370 37 -130.000000 0.000000 0.000000 -91.951225 22.256098 15.487805
57375 37 -130.000000 0.000000 0.000000 -89.512199 21.829269 18.719513
57380 37 -130.000000 0.000000 0.000000 -93.353661 22.073172 26.219513
57385 37 -130.000000 0.000000 0.000000 -93.353661 31.097561 27.560976
57390 37 -130.000000 0.000000 0.000000 -95.609756 29.451220 28.170732
57395 37 -130.000000 0.000000 0.000000 -101.768295 27.256098 31.829269
57400 37 -130.000000 0.000000 0.000000 -103.353661 23.780489 37.317074
57405 37 -130.000000 0.000000 0.000000 -111.402443 13.353659 43.902439
57410 37 -130.000000 0.000000 0.000000 -116.036591 1.341463 50.670734
57415 37 -130.000000 0.000000 0.000000 -113.536591 3.231707 53.414635
57420 37 -130.000000 0.000000 0.000000 -103.658539 4.634146 57.560978
57425 37 -130.000000 0.000000 0.000000 -99.329269 0.060976 50.121952
57430 37 -130.000000 0.000000 0.000000 -96.097565 -8.353659 49.146343
57435 37 -140.000000 0.000000 0.000000 -79.329269 -9.085366 53.536587
57440 37 -140.000000 0.000000 0.000000 -59.817074 -6.524390 47.621952
57445 37 -140.000000 0.000000 0.000000 -57.439026 -15.000000 41.280487
57450 37 -140.000000 0.000000 0.000000 -57.560978 -24.268293 39.878048
57455 37 -140.000000 0.000000 0.000000 -50.304878 -15.792684 38.597561
57460 37 -140.000000 0.000000 0.000000 -43.353661 -6.768293 31.646341
57465 37 -140.000000 0.000000 0.000000 -46.036587 -11.585366 29.939026
57470 37 -140.000000 0.000000 0.000000 -49.939026 -17.134148 32.195122
57475 37 -140.000000 0.000000 0.000000 -47.378052 -9.451220 32.073170
57480 37 -140.000000 0.000000 0.000000 -45.792683 -4.024390 31.341465
57485 37 -140.000000 0.000000 0.000000 -49.207317 -4.634146 28.475611
57490 37 -140.000000 0.000000 0.000000 -55.000000 -8.719512 26.524391
57495 37 -140.000000 0.000000 0.000000 -53.292683 -15.182927 16.524391
57500 37 -140.000000 0.000000 0.000000 -47.317074 -11.158537 8.414635
57505 37 -140.000000 0.000000 0.000000 -48.414635 -3.841464 8.597561
57510 37 -140.000000 0.000000 0.000000 -50.914635 -1.158537 6.829268
57515 37 -140.000000 0.000000 0.000000 -55.792683 -1.219512 1.219512
57520 37 -140.000000 0.000000 0.000000 -58.597561 -3.231707 -4.207317
57525 37 -140.000000 0.000000 0.000000 -55.731709 -0.975610 -8.048780
57530 37 -130.000000 0.000000 0.000000 -58.475613 1.646341 -7.682927
57535 37 -130.000000 0.000000 0.000000 -58.353661 3.475610 -8.719512
57540 37 -130.000000 0.000000 0.000000 -60.853661 3.963415 -11.768293
57545 37 -130.000000 0.000000 0.000000 -65.060974 1.524390 -13.048780
57550 37 -130.000000 0.000000 0.000000 -65.853661 1.158537 -18.170732
57555 37 -130.000000 0.000000 0.000000 -67.743904 2.621951 -14.512196
57560 37 -130.000000 0.000000 0.000000 -65.426834 8.658537 -12.439025
57565 37 -130.000000 0.000000 0.000000 -65.487808 12.743903 -12.378049
57570 37 -120.000000 0.000000 0.000000 -66.890244 13.170732 -11.280488
57575 37 -120.000000 0.000000 0.000000 -70.000000 11.341464 -12.134147
57580 37 -120.000000 0.000000 0.000000 -73.902443 5.487805 -12.073171
57585 37 -120.000000 0.000000 0.000000 -78.475609 2.804878 -14.817074
57590 37 -110.000000 0.000000 0.000000 -80.670731 2.682927 -12.073171
57595 37 -110.000000 0.000000 0.000000 -80.121956 2.865854 -3.780488
57600 37 -110.000000 0.000000 0.000000 -82.073174 7.439024 -0.365854
57605 37 -100.000000 0.000000 0.000000 -78.963417 9.573171 -0.182927
57610 37 -90.000000 0.000000 0.000000 -70.670731 10.487805 -4.695122
57615 37 -90.000000 0.000000 0.000000 -65.121956 10.182927 -5.731708
57620 37 -80.000000 0.000000 0.000000 -61.341465 4.024390 -6.158537
57625 37 -70.000000 0.000000 0.000000 -53.109756 1.036585 -9.085366
57630 37 -50.000000 0.000000 0.000000 -43.963417 2.256098 -15.914635
57635 37 -50.000000 0.000000 0.000000 -33.963417 4.024390 -16.646341
57640 37 -40.000000 0.000000 0.000000 -25.182928 1.280488 -10.853659
57645 37 -30.000000 0.000000 0.000000 -11.463415 5.182927 -7.865854
57650 37 -30.000000 0.000000 0.000000 1.829268 9.085366 -8.658537
57655 37 -10.000000 0.000000 0.000000 12.500000 10.243902 -10.975610
57660 37 0.000000 0.000000 0.000000 21.890244 4.390244 -14.573171
57665 37 0.000000 0.000000 0.000000 30.182928 -1.402439 -14.756098
57670 37 0.000000 0.000000 0.000000 38.719513 -2.926829 -15.548780
57675 37 0.000000 0.000000 0.000000 47.500000 -3.048780 -19.146341
57680 37 0.000000 0.000000 0.000000 58.719513 -0.670732 -17.987804
57685 37 0.000000 0.000000 0.000000 72.378052 5.243903 -11.219512
57690 37 0.000000 0.000000 0.000000 82.865852 7.560976 -10.060976
57695 37 0.000000 0.000000 0.000000 93.109756 8.597561 -16.524391
57700 37 0.000000 0.000000 0.000000 103.353661 9.390244 -20.365854
57705 37 0.000000 0.000000 0.000000 111.829269 8.841464 -18.536585
57710 37 0.000000 0.000000 0.000000 113.292686 5.853659 -12.256098
57715 37 0.000000 0.000000 0.000000 109.085365 2.073171 -12.865854
57720 37 0.000000 0.000000 0.000000 102.195122 1.951220 -13.902439
57725 37 0.000000 0.000000 0.000000 98.658539 2.317073 -5.731708
57730 37 0.000000 0.000000 0.000000 90.853661 -0.243902 -1.280488
57735 37 0.000000 0.000000 0.000000 76.402443 -7.256098 -2.256098
57740 37 0.000000 0.000000 0.000000 58.963417 -18.597561 -10.000000
57745 37 0.000000 0.000000 0.000000 55.060978 -22.256098 -10.670732
57750 37 0.000000 0.000000 0.000000 63.048782 -10.304878 3.719512
57755 37 0.000000 0.000000 0.000000 60.548782 -4.207317 14.634147
57760 37 0.000000 0.000000 0.000000 55.000000 -7.500000 12.621951
57765 37 0.000000 0.000000 0.000000 56.341465 -6.829268 4.390244
57770 37 0.000000 0.000000 0.000000 58.719513 -2.987805 -0.060976
57775 37 0.000000 0.000000 0.000000 60.792683 -3.170732 -4.329268
57780 37 0.000000 0.000000 0.000000 62.987808 -8.048780 -4.390244
57785 37 0.000000 0.000000 0.000000 63.780491 -7.195122 -4.207317
57790 37 0.000000 0.000000 0.000000 65.000000 1.097561 -6.707317
57795 37 0.000000 0.000000 0.000000 65.609756 -0.792683 -10.487805
57800 37 0.000000 0.000000 0.000000 64.634148 -6.768293 -10.853659
57805 37 0.000000 0.000000 0.000000 63.353661 -4.573171 -7.987805
57810 37 0.000000 0.000000 0.000000 63.902439 -4.085366 -8.109756
57815 37 0.000000 0.000000 0.000000 62.317074 -4.024390 -15.000000
57820 37 0.000000 0.000000 0.000000 56.524391 -3.292683 -16.707317
57825 37 0.000000 0.000000 0.000000 52.926830 -6.646342 -13.841464
57830 37 0.000000 0.000000 0.000000 51.158539 -4.268293 -8.841464
57835 37 0.000000 0.000000 0.000000 48.597561 -0.304878 -5.670732
57840 37 0.000000 0.000000 0.000000 45.914635 -2.560976 -11.524390
57845 37 0.000000 0.000000 0.000000 40.975609 -4.573171 -11.951220
57850 37 0.000000 0.000000 0.000000 41.951221 -2.256098 -8.963415
57855 37 0.000000 0.000000 0.000000 43.902439 1.402439 -7.682927
57860 37 0.000000 0.000000 0.000000 39.573174 1.951220 -2.987805
57865 37 0.000000 0.000000 0.000000 38.597561 -1.890244 -4.451220
57870 37 0.000000 0.000000 0.000000 38.841465 0.975610 -6.524390
57875 37 0.000000 0.000000 0.000000 36.707317 1.585366 -1.402439
57880 37 0.000000 0.000000 0.000000 39.573174 -0.121951 -1.768293
57885 37 0.000000 0.000000 0.000000 38.597561 -0.243902 -6.524390
57890 37 0.000000 0.000000 0.000000 37.500000 -0.670732 -5.365854
57895 37 0.000000 0.000000 0.000000 39.512196 -1.036585 -2.621951
57900 37 0.000000 0.000000 0.000000 43.353661 1.829268 -3.536585
57905 37 0.000000 0.000000 0.000000 45.365856 2.865854 -2.317073
57910 37 0.000000 0.000000 0.000000 46.341465 0.426829 0.670732
57915 37 0.000000 0.000000 0.000000 45.853661 -1.707317 -1.707317
57920 37 0.000000 0.000000 0.000000 39.207317 -5.060976 -6.829268
57925 37 0.000000 0.000000 0.000000 41.036587 -3.902439 -3.902439
57930 37 0.000000 0.000000 0.000000 44.939026 -0.853659 -1.768293
57935 37 0.000000 0.000000 0.000000 47.134148 -0.365854 -4.207317
57940 37 0.000000 0.000000 0.000000 46.646343 0.000000 -5.975610
57945 37 0.000000 0.000000 0.000000 44.939026 -0.914634 -3.780488
57950 37 0.000000 0.000000 0.000000 46.951221 -1.890244 0.914634
57955 37 0.000000 0.000000 0.000000 47.012196 1.158537 7.500000
57960 37 0.000000 0.000000 0.000000 49.146343 6.829268 10.060976
57965 37 0.000000 0.000000 0.000000 45.060978 4.207317 3.109756
57970 37 0.000000 0.000000 0.000000 44.146343 1.768293 -4.390244
57975 37 0.000000 0.000000 0.000000 41.707317 2.682927 -7.317073
57980 37 0.000000 0.000000 0.000000 37.865856 2.987805 -7.134147
57985 37 0.000000 0.000000 0.000000 39.146343 5.609756 -5.487805
57990 37 0.000000 0.000000 0.000000 37.134148 6.463415 -1.463415
57995 37 0.000000 0.000000 0.000000 38.658539 3.841464 0.060976
58000 37 0.000000 0.000000 0.000000 40.304878 0.000000 -0.182927
58005 37 0.000000 0.000000 0.000000 35.975609 -2.256098 -4.146341
58010 37 0.000000 0.000000 0.000000 32.134148 -1.890244 -5.609756
58015 37 0.000000 0.000000 0.000000 30.426830 0.670732 -1.890244
58020 37 0.000000 0.000000 0.000000 34.146343 5.975610 6.036585
58025 37 0.000000 0.000000 0.000000 33.414635 3.719512 6.402439
58030 37 0.000000 0.000000 0.000000 31.646341 -0.792683 4.695122
58035 37 0.000000 0.000000 0.000000 32.682926 -3.170732 2.012195
58040 37 0.000000 0.000000 0.000000 34.573170 -8.109756 -5.731708
58045 37 0.000000 0.000000 0.000000 37.317074 -7.256098 -2.317073
58050 37 0.000000 0.000000 0.000000 36.646343 -2.804878 5.243903
58055 37 0.000000 0.000000 0.000000 34.817074 -4.085366 0.000000
58060 37 0.000000 0.000000 0.000000 27.195122 -12.560976 -10.365854
58065 37 0.000000 0.000000 0.000000 24.024391 -8.231708 -6.280488
58070 37 0.000000 0.000000 0.000000 22.743902 0.853659 -2.317073
58075 37 0.000000 0.000000 0.000000 22.378050 -0.182927 -3.597561
58080 37 0.000000 0.000000 0.000000 19.512196 -5.487805 -7.439024
58085 37 0.000000 0.000000 0.000000 19.756098 -4.817073 -6.707317
58090 37 0.000000 0.000000 0.000000 20.670732 -4.207317 -2.256098
58095 37 0.000000 0.000000 0.000000 22.560976 -0.975610 -0.365854
58100 37 0.000000 0.000000 0.000000 20.975611 -0.182927 -4.329268
58105 37 0.000000 0.000000 0.000000 22.073172 -0.365854 -3.048780
58110 37 0.000000 0.000000 0.000000 24.329269 -2.743902 3.170732
58115 37 0.000000 0.000000 0.000000 31.646341 -5.853659 6.402439
58120 37 0.000000 0.000000 0.000000 36.036587 -12.621951 -0.731707
58125 37 0.000000 0.000000 0.000000 35.914635 -10.548780 0.304878
58130 37 0.000000 0.000000 0.000000 37.012196 -4.390244 6.036585
58135 37 0.000000 0.000000 0.000000 35.304878 -3.902439 4.390244
58140 37 0.000000 0.000000 0.000000 25.731709 -10.000000 -2.743902
58145 37 0.000000 0.000000 0.000000 23.475611 -4.329268 0.304878
58150 37 0.000000 0.000000 0.000000 24.695122 5.000000 6.036585
58155 37 0.000000 0.000000 0.000000 22.134148 5.121951 2.012195
58160 37 0.000000 0.000000 0.000000 15.853659 -1.402439 -10.304878
58165 37 0.000000 0.000000 0.000000 17.256098 1.585366 -0.975610
58170 37 0.000000 0.000000 0.000000 20.000000 9.024390 11.158537
58175 37 0.000000 0.000000 0.000000 16.707317 8.597561 12.560976
58180 37 0.000000 0.000000 0.000000 11.097561 4.329268 7.682927
58185 37 0.000000 0.000000 0.000000 16.341463 2.621951 9.756098
58190 37 0.000000 0.000000 0.000000 19.085367 1.097561 12.804878
58195 37 0.000000 0.000000 0.000000 19.634148 1.341463 14.817074
58200 37 0.000000 0.000000 0.000000 21.524391 6.402439 24.939026
58205 37 0.000000 0.000000 0.000000 23.719513 4.634146 18.475611
58210 37 0.000000 0.000000 0.000000 22.256098 -0.853659 10.609756
58215 37 0.000000 0.000000 0.000000 23.719513 -5.426829 9.390244
58220 37 0.000000 0.000000 0.000000 28.719513 -0.853659 15.731708
58225 37 0.000000 0.000000 0.000000 24.207317 0.853659 10.487805
58230 37 0.000000 0.000000 0.000000 15.670732 -1.402439 6.829268
58235 37 0.000000 0.000000 0.000000 14.756098 -0.975610 12.134147
58240 37 0.000000 0.000000 0.000000 18.963415 1.402439 18.292683
58245 37 0.000000 0.000000 0.000000 11.646341 -0.975610 10.792684
58250 37 0.000000 0.000000 0.000000 5.243903 -2.804878 8.475610
58255 37 0.000000 0.000000 0.000000 6.402439 -2.134146 7.865854
58260 37 0.000000 0.000000 0.000000 6.219512 -5.304878 3.353659
58265 37 0.000000 0.000000 0.000000 8.719512 0.243902 8.780488
58270 37 0.000000 0.000000 0.000000 13.109756 3.292683 15.426829
58275 37 0.000000 0.000000 0.000000 14.573171 4.451220 15.060976
58280 37 0.000000 0.000000 0.000000 21.036587 5.243903 13.963415
58285 37 0.000000 0.000000 0.000000 20.060976 0.182927 9.878049
58290 37 0.000000 0.000000 0.000000 20.548780 -2.500000 7.743903
58295 37 0.000000 0.000000 0.000000 24.573172 -4.573171 10.609756
58300 37 0.000000 0.000000 0.000000 24.573172 -9.207317 6.219512
58305 37 0.000000 0.000000 0.000000 25.365854 -3.292683 5.487805
58310 37 0.000000 0.000000 0.000000 26.768293 -0.304878 5.365854
58315 37 0.000000 0.000000 0.000000 20.548780 -1.280488 0.792683
58320 37 0.000000 0.000000 0.000000 13.780488 0.853659 -5.182927
58325 37 0.000000 0.000000 0.000000 15.914635 1.646341 1.890244
58330 37 0.000000 0.000000 0.000000 15.426829 1.829268 7.195122
58335 37 0.000000 0.000000 0.000000 11.829268 2.865854 5.243903
58340 37 0.000000 0.000000 0.000000 10.243902 7.560976 8.353659
58345 37 0.000000 0.000000 0.000000 8.841464 4.329268 6.829268
58350 37 0.000000 0.000000 0.000000 9.939025 -1.341463 4.207317
58355 37 0.000000 0.000000 0.000000 12.500000 0.304878 7.378049
58360 37 0.000000 0.000000 0.000000 15.365854 1.890244 11.402439
58365 37 0.000000 0.000000 0.000000 17.256098 -2.378049 4.451220
58370 37 0.000000 0.000000 0.000000 19.512196 -3.536585 1.219512
58375 37 0.000000 0.000000 0.000000 22.073172 -5.914634 -0.914634
58380 37 0.000000 0.000000 0.000000 20.731709 -9.573171 -7.195122
58385 37 0.000000 0.000000 0.000000 27.865854 -8.048780 -9.939025
58390 37 0.000000 0.000000 0.000000 31.158537 -8.048780 -10.060976
58395 37 0.000000 0.000000 0.000000 32.134148 -6.402439 -7.134147
58400 37 0.000000 0.000000 0.000000 33.841465 -3.353659 2.134146
58405 37 0.000000 0.000000 0.000000 28.963415 -7.500000 -3.475610
58410 37 0.000000 0.000000 0.000000 23.963415 -7.256098 -9.756098
58415 37 0.000000 0.000000 0.000000 25.914635 -2.256098 -11.219512
58420 37 0.000000 0.000000 0.000000 26.524391 -0.792683 -5.670732
58425 37 0.000000 0.000000 0.000000 17.134148 0.548781 -6.524390
58430 37 0.000000 0.000000 0.000000 11.158537 0.853659 -6.707317
58435 37 0.000000 0.000000 0.000000 10.853659 2.195122 -5.182927
58440 37 0.000000 0.000000 0.000000 10.060976 5.121951 -9.451220
58445 37 0.000000 0.000000 0.000000 4.085366 3.597561 -11.463415
58450 37 0.000000 0.000000 0.000000 1.707317 4.024390 -9.939025
58455 37 0.000000 0.000000 0.000000 5.853659 6.341464 -4.024390
58460 37 0.000000 0.000000 0.000000 5.853659 3.353659 -4.085366
58465 37 0.000000 0.000000 0.000000 7.743903 0.548781 -4.878049
58470 37 0.000000 0.000000 0.000000 9.634147 0.000000 -7.073171
58475 37 0.000000 0.000000 0.000000 12.256098 -3.353659 -8.048780
58480 37 0.000000 0.000000 0.000000 13.536586 -8.048780 -8.109756
58485 37 0.000000 0.000000 0.000000 18.292683 -5.792683 -1.219512
58490 37 0.000000 0.000000 0.000000 21.280489 -5.853659 -0.365854
58495 37 0.000000 0.000000 0.000000 21.402439 -9.878049 -5.000000
58500 37 0.000000 0.000000 0.000000 18.170732 -11.524390 -10.975610
58505 37 0.000000 0.000000 0.000000 17.560976 -9.085366 -10.182927
58510 37 0.000000 0.000000 0.000000 15.975610 -7.317073 -9.207317
58515 37 0.000000 0.000000 0.000000 12.621951 -3.597561 -10.426829
58520 37 0.000000 0.000000 0.000000 14.573171 -1.463415 -5.975610
58525 37 0.000000 0.000000 0.000000 7.439024 -0.487805 -4.390244
58530 37 0.000000 0.000000 0.000000 0.487805 2.256098 -3.231707
58535 37 0.000000 0.000000 0.000000 -2.743902 3.048780 -1.646341
58540 37 0.000000 0.000000 0.000000 -7.500000 -0.853659 -9.390244
58545 37 0.000000 0.000000 0.000000 -8.231708 0.975610 -5.853659
58550 37 0.000000 0.000000 0.000000 -5.731708 5.304878 -1.280488
58555 37 0.000000 0.000000 0.000000 -5.487805 7.317073 -4.329268
58560 37 0.000000 0.000000 0.000000 -2.987805 5.121951 -6.585366
58565 37 0.000000 0.000000 0.000000 3.597561 1.341463 -7.256098
58570 37 0.000000 0.000000 0.000000 11.463415 -0.975610 -7.439024
58575 37 0.000000 0.000000 0.000000 14.573171 0.243902 -3.902439
58580 37 0.000000 0.000000 0.000000 15.060976 -1.036585 -1.829268
58585 37 0.000000 0.000000 0.000000 18.170732 1.158537 0.243902
58590 37 0.000000 0.000000 0.000000 22.621952 -2.195122 -4.146341
58595 37 0.000000 0.000000 0.000000 18.597561 -6.707317 -12.560976
58600 37 0.000000 0.000000 0.000000 16.890244 -5.792683 -10.487805
58605 37 0.000000 0.000000 0.000000 16.280489 -1.890244 -4.390244
58610 37 0.000000 0.000000 0.000000 13.109756 1.890244 -0.487805
58615 37 0.000000 0.000000 0.000000 7.560976 2.073171 1.097561
58620 37 0.000000 0.000000 0.000000 6.402439 4.085366 3.841464
58625 37 0.000000 0.000000 0.000000 0.243902 4.329268 -2.439024
58630 37 0.000000 0.000000 0.000000 -5.426829 2.621951 -7.073171
58635 37 0.000000 0.000000 0.000000 -8.109756 2.621951 -2.073171
58640 37 0.000000 0.000000 0.000000 -8.902439 2.073171 0.487805
58645 37 0.000000 0.000000 0.000000 -5.304878 0.792683 -1.646341
58650 37 0.000000 0.000000 0.000000 -2.560976 0.670732 -2.073171
58655 37 0.000000 0.000000 0.000000 -3.658537 0.487805 -1.341463
58660 37 0.000000 0.000000 0.000000 -5.609756 -1.036585 0.670732
58665 37 0.000000 0.000000 0.000000 -9.756098 1.341463 -0.792683
58670 37 0.000000 0.000000 0.000000 -7.134147 0.304878 -3.170732
58675 37 0.000000 0.000000 0.000000 -7.804878 0.548781 -0.365854
58680 37 0.000000 0.000000 0.000000 -8.780488 3.231707 2.378049
58685 37 0.000000 0.000000 0.000000 -13.231708 2.500000 -2.865854
58690 37 0.000000 0.000000 0.000000 -12.378049 0.182927 -5.975610
58695 37 0.000000 0.000000 0.000000 -8.719512 -2.195122 -4.390244
58700 37 0.000000 0.000000 0.000000 -10.975610 -3.292683 -2.195122
58705 37 0.000000 0.000000 0.000000 -11.158537 1.829268 0.853659
58710 37 0.000000 0.000000 0.000000 -7.012195 1.158537 4.146341
58715 37 -10.000000 0.000000 0.000000 -5.792683 0.000000 6.463415
58720 37 -10.000000 0.000000 0.000000 -2.804878 4.817073 11.341464
58725 37 -10.000000 0.000000 0.000000 -2.195122 3.780488 3.902439
58730 37 -10.000000 0.000000 0.000000 -4.573171 0.853659 -0.853659
58735 37 -10.000000 0.000000 0.000000 -5.609756 0.975610 2.317073
58740 37 -10.000000 0.000000 0.000000 -8.597561 2.195122 4.329268
58745 37 -10.000000 0.000000 0.000000 -6.280488 5.548780 5.060976
58750 37 -20.000000 0.000000 0.000000 -2.317073 8.719512 5.487805
58755 37 -20.000000 0.000000 0.000000 -1.036585 7.195122 6.036585
58760 37 -20.000000 0.000000 0.000000 0.365854 5.914634 6.646342
58765 37 -20.000000 0.000000 0.000000 1.890244 7.317073 4.329268
58770 37 -20.000000 0.000000 0.000000 1.463415 8.475610 6.341464
58775 37 -20.000000 0.000000 0.000000 0.182927 4.695122 11.646341
58780 37 -20.000000 0.000000 0.000000 -6.951220 2.804878 13.719513
58785 37 -30.000000 0.000000 0.000000 -5.060976 4.451220 11.280488
58790 37 -30.000000 0.000000 0.000000 -3.048780 3.170732 8.780488
58795 37 -30.000000 0.000000 0.000000 -6.768293 1.524390 5.000000
58800 37 -30.000000 0.000000 0.000000 -15.365854 1.097561 -0.426829
58805 37 -30.000000 0.000000 0.000000 -17.987804 2.256098 2.621951
58810 37 -30.000000 0.000000 0.000000 -16.097561 2.256098 5.182927
58815 37 -30.000000 0.000000 0.000000 -14.024390 0.792683 3.902439
58820 37 -30.000000 0.000000 0.000000 -9.512196 -0.853659 4.268293
58825 37 -40.000000 0.000000 0.000000 -9.268292 -3.536585 4.390244
58830 37 -40.000000 0.000000 0.000000 -6.402439 -4.695122 4.146341
58835 37 -40.000000 0.000000 0.000000 -4.207317 -5.792683 2.439024
58840 37 -40.000000 0.000000 0.000000 -7.560976 -9.329268 -6.585366
58845 37 -40.000000 0.000000 0.000000 -9.085366 -7.560976 -6.951220
58850 37 -40.000000 0.000000 0.000000 -8.109756 -2.987805 -3.902439
58855 37 -40.000000 0.000000 0.000000 -11.585366 -2.256098 -6.402439
58860 37 -40.000000 0.000000 0.000000 -14.573171 -0.243902 -8.353659
58865 37 -50.000000 0.000000 0.000000 -18.597561 1.341463 -3.536585
58870 37 -50.000000 0.000000 0.000000 -23.597561 2.439024 0.365854
58875 37 -50.000000 0.000000 0.000000 -27.134148 5.975610 1.585366
58880 37 -50.000000 0.000000 0.000000 -30.121952 12.317074 5.426829
58885 37 -50.000000 0.000000 0.000000 -36.341465 11.158537 3.597561
58890 37 -50.000000 0.000000 0.000000 -40.243904 7.865854 2.500000
58895 37 -50.000000 0.000000 0.000000 -38.780487 8.048780 8.780488
58900 37 -50.000000 0.000000 0.000000 -34.756100 12.865854 13.170732
58905 37 -50.000000 0.000000 0.000000 -37.621952 6.646342 8.780488
58910 37 -50.000000 0.000000 0.000000 -43.048782 1.463415 5.182927
58915 37 -50.000000 0.000000 0.000000 -40.121952 -0.182927 6.768293
58920 37 -50.000000 0.000000 0.000000 -35.365856 -1.402439 8.536586
58925 37 -50.000000 0.000000 0.000000 -31.768293 -2.682927 10.792684
58930 37 -50.000000 0.000000 0.000000 -29.573172 -2.560976 11.097561
58935 37 -60.000000 0.000000 0.000000 -31.341465 -1.890244 7.256098
58940 37 -60.000000 0.000000 0.000000 -34.268295 -5.670732 2.378049
58945 37 -60.000000 0.000000 0.000000 -30.487806 -6.402439 5.182927
58950 37 -60.000000 0.000000 0.000000 -28.902439 -3.353659 6.890244
58955 37 -60.000000 0.000000 0.000000 -29.390245 -2.439024 10.670732
58960 37 -60.000000 0.000000 0.000000 -27.621952 0.000000 20.243902
58965 37 -60.000000 0.000000 0.000000 -30.243902 -0.853659 10.304878
58970 37 -60.000000 0.000000 0.000000 -31.524391 -0.121951 1.036585
58975 37 -60.000000 0.000000 0.000000 -31.707317 1.463415 2.865854
58980 37 -60.000000 0.000000 0.000000 -37.256100 0.670732 1.158537
58985 37 -60.000000 0.000000 0.000000 -41.341465 0.365854 -1.707317
58990 37 -70.000000 0.000000 0.000000 -45.000000 2.500000 -3.109756
58995 37 -70.000000 0.000000 0.000000 -44.268295 6.036585 -0.182927
59000 37 -70.000000 0.000000 0.000000 -47.134148 2.560976 0.060976
59005 37 -70.000000 0.000000 0.000000 -47.865856 1.646341 1.646341
59010 37 -70.000000 0.000000 0.000000 -49.695122 6.829268 4.451220
59015 37 -70.000000 0.000000 0.000000 -50.243904 8.963415 0.853659
59020 37 -70.000000 0.000000 0.000000 -55.792683 5.670732 -3.231707
59025 37 -70.000000 0.000000 0.000000 -54.817074 6.768293 1.646341
59030 37 -70.000000 0.000000 0.000000 -51.646343 8.841464 3.719512
59035 37 -70.000000 0.000000 0.000000 -57.439026 4.878049 -3.109756
59040 37 -70.000000 0.000000 0.000000 -62.682930 -1.280488 -6.463415
59045 37 -70.000000 0.000000 0.000000 -54.512196 -3.658537 -2.195122
59050 37 -80.000000 0.000000 0.000000 -44.512196 -2.865854 1.219512
59055 37 -80.000000 0.000000 0.000000 -45.365856 -5.487805 -3.719512
59060 37 -80.000000 0.000000 0.000000 -46.280487 -7.804878 -10.731708
59065 37 -80.000000 0.000000 0.000000 -42.865856 -7.073171 -9.695122
59070 37 -80.000000 0.000000 0.000000 -42.865856 -6.036585 -8.658537
59075 37 -80.000000 0.000000 0.000000 -46.646343 -4.146341 -7.987805
59080 37 -80.000000 0.000000 0.000000 -50.304878 -2.682927 -9.695122
59085 37 -80.000000 0.000000 0.000000 -49.817074 -3.414634 -6.402439
59090 37 -80.000000 0.000000 0.000000 -49.390244 -6.524390 -5.182927
59095 37 -80.000000 0.000000 0.000000 -46.646343 -7.560976 -4.695122
59100 37 -80.000000 0.000000 0.000000 -40.609756 -3.902439 -3.353659
59105 37 -80.000000 0.000000 0.000000 -34.207317 -2.256098 3.902439
59110 37 -90.000000 0.000000 0.000000 -33.841465 -5.853659 4.939024
59115 37 -90.000000 0.000000 0.000000 -32.134148 -4.634146 2.134146
59120 37 -90.000000 0.000000 0.000000 -31.646341 0.000000 -3.780488
59125 37 -90.000000 0.000000 0.000000 -35.487804 -2.256098 -2.317073
59130 37 -90.000000 0.000000 0.000000 -37.621952 -6.768293 -0.731707
59135 37 -90.000000 0.000000 0.000000 -34.329269 0.243902 4.634146
59140 37 -90.000000 0.000000 0.000000 -28.902439 3.841464 10.609756
59145 37 -90.000000 0.000000 0.000000 -31.585367 -2.195122 4.268293
59150 37 -90.000000 0.000000 0.000000 -33.963417 -2.926829 -1.524390
59155 37 -90.000000 0.000000 0.000000 -33.963417 -0.914634 -0.792683
59160 37 -90.000000 0.000000 0.000000 -31.402439 0.487805 6.585366
59165 37 -90.000000 0.000000 0.000000 -27.865854 -3.780488 3.048780
59170 37 -90.000000 0.000000 0.000000 -26.341463 -3.536585 -2.439024
59175 37 -90.000000 0.000000 0.000000 -30.304878 -2.134146 -3.780488
59180 37 -90.000000 0.000000 0.000000 -38.048782 -3.353659 -6.219512
59185 37 -90.000000 0.000000 0.000000 -36.707317 -0.365854 -3.292683
59190 37 -90.000000 0.000000 0.000000 -32.073170 1.402439 -0.182927
59195 37 -90.000000 0.000000 0.000000 -31.402439 1.341463 -1.768293
59200 37 -90.000000 0.000000 0.000000 -30.609756 0.304878 -3.048780
59205 37 -90.000000 0.000000 0.000000 -30.487806 -1.707317 -5.914634
59210 37 -90.000000 0.000000 0.000000 -31.951220 -2.865854 -7.012195
59215 37 -90.000000 0.000000 0.000000 -34.573170 -0.792683 -5.304878
59220 37 -90.000000 0.000000 0.000000 -37.073170 2.134146 -8.597561
59225 37 -90.000000 0.000000 0.000000 -37.073170 4.085366 -9.634147
59230 37 -90.000000 0.000000 0.000000 -40.548782 2.073171 -6.524390
59235 37 -90.000000 0.000000 0.000000 -42.012196 0.914634 -5.182927
59240 37 -90.000000 0.000000 0.000000 -42.926830 4.756098 -2.682927
59245 37 -90.000000 0.000000 0.000000 -43.597561 4.695122 -2.621951
59250 37 -90.000000 0.000000 0.000000 -42.987804 -0.609756 -8.414635
59255 37 -90.000000 0.000000 0.000000 -40.609756 -5.975610 -12.378049
59260 37 -90.000000 0.000000 0.000000 -33.048782 -9.451220 -16.646341
59265 37 -90.000000 0.000000 0.000000 -30.914635 -6.890244 -17.378050
59270 37 -80.000000 0.000000 0.000000 -34.756100 -5.609756 -12.865854
59275 37 -80.000000 0.000000 0.000000 -39.146343 -5.853659 -14.085366
59280 37 -80.000000 0.000000 0.000000 -42.073174 -6.158537 -13.963415
59285 37 -80.000000 0.000000 0.000000 -34.695122 -8.414635 -12.987805
59290 37 -80.000000 0.000000 0.000000 -29.207317 -6.829268 -11.524390
59295 37 -80.000000 0.000000 0.000000 -28.536587 -3.414634 -10.548780
59300 37 -80.000000 0.000000 0.000000 -27.804878 -0.365854 -11.951220
59305 37 -70.000000 0.000000 0.000000 -25.853659 -4.878049 -17.621952
59310 37 -70.000000 0.000000 0.000000 -25.609756 -7.195122 -16.768293
59315 37 -70.000000 0.000000 0.000000 -28.109756 -4.939024 -16.036585
59320 37 -70.000000 0.000000 0.000000 -33.963417 -4.451220 -18.719513
59325 37 -60.000000 0.000000 0.000000 -30.670732 -4.268293 -13.536586
59330 37 -60.000000 0.000000 0.000000 -23.780489 -2.134146 -13.170732
59335 37 -50.000000 0.000000 0.000000 -22.378050 -1.402439 -13.902439
59340 37 -50.000000 0.000000 0.000000 -22.439024 -6.097561 -20.243902
59345 37 -50.000000 0.000000 0.000000 -17.560976 -6.463415 -17.012196
59350 37 -40.000000 0.000000 0.000000 -11.585366 -2.378049 -13.658537
59355 37 -40.000000 0.000000 0.000000 -6.463415 2.195122 -11.585366
59360 37 -40.000000 0.000000 0.000000 -4.512195 8.048780 -8.414635
59365 37 -20.000000 0.000000 0.000000 -0.426829 9.878049 -5.000000
59370 37 0.000000 0.000000 0.000000 5.792683 9.329268 -7.134147
59375 37 0.000000 0.000000 0.000000 4.390244 5.426829 -9.268292
59380 37 0.000000 0.000000 0.000000 -1.768293 1.585366 -9.878049
59385 37 0.000000 0.000000 0.000000 7.195122 2.743902 0.731707
59390 37 0.000000 0.000000 0.000000 17.987804 7.073171 6.524390
59395 37 0.000000 0.000000 0.000000 19.756098 8.292683 1.524390
59400 37 0.000000 0.000000 0.000000 19.634148 7.317073 -6.402439
59405 37 0.000000 0.000000 0.000000 29.634148 10.853659 -2.073171
59410 37 0.000000 0.000000 0.000000 38.109756 12.926829 6.768293
59415 37 0.000000 0.000000 0.000000 45.670734 9.634147 5.609756
59420 37 0.000000 0.000000 0.000000 48.475613 2.317073 -5.548780
59425 37 0.000000 0.000000 0.000000 48.658539 0.914634 -0.853659
59430 37 0.000000 0.000000 0.000000 49.756100 -2.439024 6.280488
59435 37 0.000000 0.000000 0.000000 51.951221 -11.585366 4.817073
59440 37 0.000000 0.000000 0.000000 49.695122 -27.743902 1.158537
59445 37 0.000000 0.000000 0.000000 47.743904 -36.219513 1.890244
59450 37 0.000000 0.000000 0.000000 47.865856 -37.500000 3.963415
59455 37 0.000000 0.000000 0.000000 48.170734 -33.658539 8.170732
59460 37 0.000000 0.000000 0.000000 59.390244 -1.951220 15.731708
59465 37 0.000000 0.000000 0.000000 70.182930 20.609756 10.060976
59470 37 0.000000 0.000000 0.000000 69.634148 16.524391 3.841464
59475 37 0.000000 0.000000 0.000000 62.073174 1.951220 6.280488
59480 37 0.000000 0.000000 0.000000 58.902439 -10.182927 12.743903
59485 37 0.000000 0.000000 0.000000 53.170734 -20.243902 8.780488
59490 37 0.000000 0.000000 0.000000 57.012196 -9.024390 2.743902
59495 37 0.000000 0.000000 0.000000 61.707317 11.402439 -3.231707
59500 37 0.000000 0.000000 0.000000 52.134148 6.463415 -9.207317
59505 37 0.000000 0.000000 0.000000 46.036587 -7.378049 -4.451220
59510 37 0.000000 0.000000 0.000000 45.853661 -7.926829 0.304878
59515 37 0.000000 0.000000 0.000000 47.743904 1.646341 -5.000000
59520 37 0.000000 0.000000 0.000000 42.865856 0.914634 -11.890244
59525 37 0.000000 0.000000 0.000000 37.682926 -3.902439 -13.048780
59530 37 0.000000 0.000000 0.000000 41.280487 -0.487805 -10.365854
59535 37 0.000000 0.000000 0.000000 43.658539 3.536585 2.012195
59540 37 0.000000 0.000000 0.000000 43.109756 5.670732 10.670732
59545 37 0.000000 0.000000 0.000000 40.182926 4.207317 4.329268
59550 37 0.000000 0.000000 0.000000 36.280487 2.439024 -2.439024
59555 37 0.000000 0.000000 0.000000 32.073170 -0.182927 -7.865854
59560 37 0.000000 0.000000 0.000000 26.707317 -4.573171 -8.109756
59565 37 0.000000 0.000000 0.000000 26.890245 0.060976 -7.256098
59570 37 0.000000 0.000000 0.000000 28.353659 6.524390 -5.060976
59575 37 0.000000 0.000000 0.000000 28.109756 4.329268 -4.390244
59580 37 0.000000 0.000000 0.000000 25.182928 -2.134146 -7.865854
59585 37 0.000000 0.000000 0.000000 23.292683 -0.609756 -6.585366
59590 37 0.000000 0.000000 0.000000 23.719513 2.439024 -1.768293
59595 37 0.000000 0.000000 0.000000 25.914635 2.987805 5.487805
59600 37 0.000000 0.000000 0.000000 28.841465 6.280488 14.390244
59605 37 0.000000 0.000000 0.000000 24.573172 2.743902 4.024390
59610 37 0.000000 0.000000 0.000000 19.268293 -0.853659 -5.182927
59615 37 0.000000 0.000000 0.000000 19.207317 0.487805 -8.109756
59620 37 0.000000 0.000000 0.000000 22.987806 3.719512 -4.024390
59625 37 0.000000 0.000000 0.000000 21.219513 -0.365854 -3.719512
59630 37 0.000000 0.000000 0.000000 20.426830 -1.768293 -4.634146
59635 37 0.000000 0.000000 0.000000 19.268293 -0.487805 -3.475610
59640 37 0.000000 0.000000 0.000000 19.634148 -0.060976 4.573171
59645 37 0.000000 0.000000 0.000000 17.256098 0.000000 4.878049
59650 37 0.000000 0.000000 0.000000 14.268293 1.341463 -2.500000
59655 37 0.000000 0.000000 0.000000 8.475610 -0.304878 -7.439024
59660 37 0.000000 0.000000 0.000000 6.768293 -4.024390 -3.109756
59665 37 0.000000 0.000000 0.000000 13.109756 -1.036585 8.658537
59670 37 0.000000 0.000000 0.000000 16.707317 0.060976 11.646341
59675 37 0.000000 0.000000 0.000000 14.146341 -3.109756 8.231708
59680 37 0.000000 0.000000 0.000000 10.060976 -5.487805 6.951220
59685 37 0.000000 0.000000 0.000000 10.060976 -5.914634 10.487805
59690 37 0.000000 0.000000 0.000000 11.585366 -3.475610 6.951220
59695 37 0.000000 0.000000 0.000000 10.792684 -3.170732 5.426829
59700 37 0.000000 0.000000 0.000000 12.682927 0.000000 15.182927
59705 37 0.000000 0.000000 0.000000 13.048780 0.914634 11.768293
59710 37 0.000000 0.000000 0.000000 12.195122 -0.487805 8.414635
59715 37 0.000000 0.000000 0.000000 9.756098 -1.768293 9.756098
59720 37 0.000000 0.000000 0.000000 7.378049 -1.097561 18.719513
59725 37 0.000000 0.000000 0.000000 0.487805 -2.073171 16.402439
59730 37 0.000000 0.000000 0.000000 0.182927 0.975610 11.524390
59735 37 0.000000 0.000000 0.000000 1.951220 2.682927 13.475610
59740 37 0.000000 0.000000 0.000000 -1.829268 -4.634146 12.500000
59745 37 0.000000 0.000000 0.000000 -3.048780 -3.902439 12.378049
59750 37 0.000000 0.000000 0.000000 0.121951 5.243903 12.926829
59755 37 0.000000 0.000000 0.000000 4.207317 5.670732 11.646341
59760 37 0.000000 0.000000 0.000000 8.414635 -0.426829 7.012195
59765 37 0.000000 0.000000 0.000000 11.036586 -4.573171 9.085366
59770 37 0.000000 0.000000 0.000000 16.646341 -1.585366 12.439025
59775 37 0.000000 0.000000 0.000000 21.463415 -1.829268 9.817074
59780 37 0.000000 0.000000 0.000000 20.975611 -5.121951 4.756098
59785 37 0.000000 0.000000 0.000000 19.512196 -2.500000 -0.853659
59790 37 0.000000 0.000000 0.000000 20.975611 -0.975610 1.951220
59795 37 0.000000 0.000000 0.000000 21.951220 -4.085366 5.243903
59800 37 0.000000 0.000000 0.000000 23.780489 -5.487805 3.658537
59805 37 0.000000 0.000000 0.000000 27.926830 -3.963415 6.036585
59810 37 0.000000 0.000000 0.000000 29.695122 -3.109756 9.329268
59815 37 0.000000 0.000000 0.000000 32.621952 -3.719512 6.768293
59820 37 0.000000 0.000000 0.000000 39.329269 -1.951220 4.329268
59825 37 0.000000 0.000000 0.000000 34.634148 -1.890244 2.317073
59830 37 0.000000 0.000000 0.000000 25.914635 -3.719512 0.853659
59835 37 0.000000 0.000000 0.000000 23.658537 -3.719512 1.890244
59840 37 0.000000 0.000000 0.000000 23.231709 -4.329268 5.365854
59845 37 0.000000 0.000000 0.000000 16.402439 -2.743902 -0.670732
59850 37 0.000000 0.000000 0.000000 14.878049 -1.158537 -3.780488
59855 37 0.000000 0.000000 0.000000 19.878050 -1.829268 -3.414634
59860 37 0.000000 0.000000 0.000000 18.658537 -3.231707 -8.536586
59865 37 0.000000 0.000000 0.000000 21.585367 0.609756 -7.256098
59870 37 0.000000 0.000000 0.000000 24.390244 2.012195 0.000000
59875 37 0.000000 0.000000 0.000000 23.536587 -1.280488 0.121951
59880 37 0.000000 0.000000 0.000000 22.195122 -2.804878 -0.731707
59885 37 0.000000 0.000000 0.000000 25.426830 -1.646341 -1.707317
59890 37 0.000000 0.000000 0.000000 25.670732 -0.182927 -5.853659
59895 37 0.000000 0.000000 0.000000 26.646341 2.926829 -5.182927
59900 37 0.000000 0.000000 0.000000 31.036587 3.719512 6.036585
59905 37 0.000000 0.000000 0.000000 28.597561 1.585366 5.792683
59910 37 0.000000 0.000000 0.000000 25.304878 0.792683 -1.585366
59915 37 0.000000 0.000000 0.000000 26.036587 0.487805 -5.304878
59920 37 0.000000 0.000000 0.000000 28.292683 0.792683 -6.402439
59925 37 0.000000 0.000000 0.000000 20.792683 2.560976 -7.926829
59930 37 0.000000 0.000000 0.000000 14.390244 -0.792683 -5.182927
59935 37 0.000000 0.000000 0.000000 14.695123 -0.792683 -0.365854
59940 37 0.000000 0.000000 0.000000 18.170732 2.682927 -0.792683
59945 37 0.000000 0.000000 0.000000 17.743902 -1.829268 -3.292683
59950 37 0.000000 0.000000 0.000000 16.585365 -4.756098 0.182927
59955 37 0.000000 0.000000 0.000000 18.353659 -2.621951 3.231707
59960 37 0.000000 0.000000 0.000000 16.829269 -6.951220 -4.695122
59965 37 0.000000 0.000000 0.000000 17.865854 -9.329268 -3.780488
59970 37 0.000000 0.000000 0.000000 23.719513 -5.670732 3.170732
59975 37 0.000000 0.000000 0.000000 22.926830 -6.890244 2.804878
59980 37 0.000000 0.000000 0.000000 14.207317 -9.512196 -2.743902
59985 37 0.000000 0.000000 0.000000 16.097561 -5.975610 5.609756
59990 37 0.000000 0.000000 0.000000 20.792683 -3.902439 12.865854
59995 37 0.000000 0.000000 0.000000 18.902439 -3.536585 13.292684
60000 37 0.000000 0.000000 0.000000 17.804878 0.426829 15.914635
60005 37 0.000000 0.000000 0.000000 18.902439 0.975610 14.817074
60010 37 0.000000 0.000000 0.000000 16.158537 -0.609756 8.048780
60015 37 0.000000 0.000000 0.000000 13.780488 -1.585366 6.524390
60020 37 0.000000 0.000000 0.000000 13.719513 -2.134146 6.158537
60025 37 0.000000 0.000000 0.000000 10.304878 -2.560976 -0.426829
60030 37 0.000000 0.000000 0.000000 8.658537 -2.012195 -1.890244
60035 37 0.000000 0.000000 0.000000 8.475610 -1.097561 -1.646341
60040 37 0.000000 0.000000 0.000000 4.451220 -1.951220 -9.146341
60045 37 0.000000 0.000000 0.000000 2.926829 1.036585 -9.878049
60050 37 0.000000 0.000000 0.000000 3.536585 3.597561 -6.280488
60055 37 0.000000 0.000000 0.000000 4.146341 3.231707 -4.878049
60060 37 0.000000 0.000000 0.000000 8.597561 4.146341 1.280488
60065 37 0.000000 0.000000 0.000000 14.451220 2.195122 3.109756
60070 37 0.000000 0.000000 0.000000 17.560976 -0.731707 0.426829
60075 37 0.000000 0.000000 0.000000 20.975611 -0.365854 3.658537
60080 37 0.000000 0.000000 0.000000 23.109756 0.060976 2.134146
60085 37 0.000000 0.000000 0.000000 19.878050 -3.109756 -5.609756
60090 37 0.000000 0.000000 0.000000 14.512196 -4.085366 -8.414635
60095 37 0.000000 0.000000 0.000000 9.939025 -3.292683 -5.548780
60100 37 0.000000 0.000000 0.000000 5.304878 -6.158537 -9.268292
60105 37 0.000000 0.000000 0.000000 9.939025 -4.268293 -8.902439
60110 37 0.000000 0.000000 0.000000 16.829269 -4.024390 -7.500000
60115 37 0.000000 0.000000 0.000000 16.707317 -4.451220 -3.658537
60120 37 0.000000 0.000000 0.000000 15.731708 -0.121951 1.280488
60125 37 0.000000 0.000000 0.000000 16.768293 -0.792683 -0.365854
60130 37 0.000000 0.000000 0.000000 14.207317 -1.097561 -3.719512
60135 37 0.000000 0.000000 0.000000 10.060976 -1.768293 -0.548781
60140 37 0.000000 0.000000 0.000000 6.707317 -0.060976 6.951220
60145 37 0.000000 0.000000 0.000000 6.646342 0.975610 -1.524390
60150 37 0.000000 0.000000 0.000000 8.231708 0.000000 -6.280488
60155 37 0.000000 0.000000 0.000000 5.609756 -2.500000 -5.670732
60160 37 0.000000 0.000000 0.000000 1.402439 -4.634146 -5.914634
60165 37 0.000000 0.000000 0.000000 7.256098 -2.012195 -3.414634
60170 37 0.000000 0.000000 0.000000 12.195122 -0.487805 -2.012195
60175 37 0.000000 0.000000 0.000000 15.792684 2.134146 -0.914634
60180 37 0.000000 0.000000 0.000000 19.207317 4.024390 4.268293
60185 37 0.000000 0.000000 0.000000 13.109756 0.609756 -0.121951
60190 37 0.000000 0.000000 0.000000 7.378049 -1.402439 -3.353659
60195 37 0.000000 0.000000 0.000000 5.243903 -1.280488 -3.292683
60200 37 0.000000 0.000000 0.000000 5.182927 -3.841464 -7.500000
60205 37 0.000000 0.000000 0.000000 11.707317 -1.463415 -5.304878
60210 37 0.000000 0.000000 0.000000 17.073172 0.243902 -2.743902
60215 37 0.000000 0.000000 0.000000 19.207317 -0.060976 -0.792683
60220 37 0.000000 0.000000 0.000000 24.207317 1.585366 0.060976
60225 37 0.000000 0.000000 0.000000 20.670732 -1.646341 -8.475610
60230 37 0.000000 0.000000 0.000000 14.939025 -3.292683 -14.573171
60235 37 0.000000 0.000000 0.000000 9.573171 -3.719512 -12.439025
60240 37 0.000000 0.000000 0.000000 1.280488 -5.000000 -12.987805
60245 37 0.000000 0.000000 0.000000 -1.097561 0.060976 -15.000000
60250 37 0.000000 0.000000 0.000000 0.426829 3.292683 -15.670732
60255 37 0.000000 0.000000 0.000000 -2.804878 2.195122 -13.902439
60260 37 0.000000 0.000000 0.000000 -8.719512 3.109756 -11.951220
60265 37 0.000000 0.000000 0.000000 -9.146341 4.756098 -10.365854
60270 37 0.000000 0.000000 0.000000 -9.756098 5.182927 -10.365854
60275 37 0.000000 0.000000 0.000000 -11.707317 8.109756 -11.341464
60280 37 0.000000 0.000000 0.000000 -11.341464 10.243902 -10.548780
60285 37 0.000000 0.000000 0.000000 -14.756098 5.182927 -11.585366
60290 37 0.000000 0.000000 0.000000 -16.768293 1.829268 -12.134147
60295 37 0.000000 0.000000 0.000000 -12.926829 0.975610 -8.963415
60300 37 0.000000 0.000000 0.000000 -10.731708 -1.036585 -1.097561
60305 37 0.000000 0.000000 0.000000 -13.780488 -0.670732 -3.902439
60310 37 0.000000 0.000000 0.000000 -13.536586 -2.012195 -6.524390
60315 37 0.000000 0.000000 0.000000 -16.829269 -3.414634 -5.365854
60320 37 0.000000 0.000000 0.000000 -20.121952 -2.926829 -10.426829
60325 37 0.000000 0.000000 0.000000 -12.134147 1.341463 -1.463415
60330 37 0.000000 0.000000 0.000000 -4.329268 0.487805 9.146341
60335 37 0.000000 0.000000 0.000000 -2.073171 0.060976 7.073171
60340 37 0.000000 0.000000 0.000000 -0.121951 3.231707 1.829268
60345 37 0.000000 0.000000 0.000000 -1.707317 0.487805 0.548781
60350 37 0.000000 0.000000 0.000000 -4.085366 -2.378049 2.926829
60355 37 0.000000 0.000000 0.000000 -5.609756 -0.670732 3.048780
60360 37 0.000000 0.000000 0.000000 -8.719512 0.975610 2.378049
60365 37 0.000000 0.000000 0.000000 -3.109756 3.963415 7.804878
60370 37 0.000000 0.000000 0.000000 4.268293 4.695122 10.853659
60375 37 0.000000 0.000000 0.000000 10.000000 6.280488 11.097561
60380 37 0.000000 0.000000 0.000000 17.560976 2.987805 10.243902
60385 37 0.000000 0.000000 0.000000 23.536587 1.219512 14.939025
60390 37 0.000000 0.000000 0.000000 26.890245 1.585366 15.853659
60395 37 0.000000 0.000000 0.000000 25.914635 1.524390 9.329268
60400 37 0.000000 0.000000 0.000000 23.231709 1.707317 6.402439
60405 37 0.000000 0.000000 0.000000 24.207317 -0.182927 7.378049
60410 37 0.000000 0.000000 0.000000 21.219513 -1.219512 4.634146
60415 37 0.000000 0.000000 0.000000 16.768293 -0.243902 0.121951
60420 37 0.000000 0.000000 0.000000 14.146341 -1.402439 -0.243902
60425 37 0.000000 0.000000 0.000000 9.390244 -1.219512 -3.780488
60430 37 0.000000 0.000000 0.000000 6.524390 0.548781 -3.780488
60435 37 0.000000 0.000000 0.000000 5.548780 1.158537 -3.963415
60440 37 0.000000 0.000000 0.000000 2.804878 0.914634 -9.451220
60445 37 0.000000 0.000000 0.000000 4.878049 1.890244 -3.963415
60450 37 0.000000 0.000000 0.000000 8.658537 1.829268 1.463415
60455 37 0.000000 0.000000 0.000000 13.048780 1.158537 1.036585
60460 37 0.000000 0.000000 0.000000 13.536586 -0.853659 0.060976
60465 37 0.000000 0.000000 0.000000 13.231708 -1.890244 -1.158537
60470 37 0.000000 0.000000 0.000000 17.926830 -2.439024 -1.219512
60475 37 0.000000 0.000000 0.000000 19.512196 -4.146341 -1.768293
60480 37 0.000000 0.000000 0.000000 18.780489 -2.621951 -2.439024
60485 37 0.000000 0.000000 0.000000 19.268293 -4.268293 -2.987805
60490 37 0.000000 0.000000 0.000000 20.000000 -4.268293 -5.365854
60495 37 0.000000 0.000000 0.000000 20.853659 -4.024390 -4.390244
60500 37 0.000000 0.000000 0.000000 20.670732 -2.500000 -1.463415
60505 37 0.000000 0.000000 0.000000 20.426830 1.524390 -2.865854
60510 37 0.000000 0.000000 0.000000 18.475611 3.414634 -4.024390
60515 37 0.000000 0.000000 0.000000 15.609756 2.987805 -3.048780
60520 37 0.000000 0.000000 0.000000 12.256098 5.670732 -3.902439
60525 37 0.000000 0.000000 0.000000 11.524390 4.329268 -5.914634
60530 37 0.000000 0.000000 0.000000 6.829268 3.414634 -5.487805
60535 37 0.000000 0.000000 0.000000 6.646342 6.463415 -5.121951
60540 37 0.000000 0.000000 0.000000 9.817074 7.926829 -1.585366
60545 37 0.000000 0.000000 0.000000 1.341463 7.743903 -2.317073
60550 37 0.000000 0.000000 0.000000 -5.121951 7.134147 -7.195122
60555 37 0.000000 0.000000 0.000000 -4.390244 5.853659 -4.817073
60560 37 0.000000 0.000000 0.000000 -3.170732 3.048780 -8.414635
60565 37 0.000000 0.000000 0.000000 3.231707 3.536585 -3.536585
60570 37 0.000000 0.000000 0.000000 4.878049 4.451220 2.560976
60575 37 0.000000 0.000000 0.000000 6.707317 3.536585 3.780488
60580 37 0.000000 0.000000 0.000000 12.195122 1.646341 3.902439
60585 37 0.000000 0.000000 0.000000 11.219512 -4.451220 -0.792683
60590 37 0.000000 0.000000 0.000000 9.756098 -7.682927 -4.390244
60595 37 0.000000 0.000000 0.000000 9.817074 -9.329268 -5.670732
60600 37 0.000000 0.000000 0.000000 6.524390 -7.560976 -8.719512
60605 37 0.000000 0.000000 0.000000 6.402439 -2.621951 -5.487805
60610 37 0.000000 0.000000 0.000000 7.865854 -3.231707 -2.682927
60615 37 0.000000 0.000000 0.000000 7.926829 -1.585366 -3.841464
60620 37 0.000000 0.000000 0.000000 7.012195 -0.426829 -3.109756
60625 37 0.000000 0.000000 0.000000 4.756098 0.000000 -1.951220
60630 37 0.000000 0.000000 0.000000 2.073171 2.317073 -2.317073
60635 37 0.000000 0.000000 0.000000 -0.426829 2.987805 -2.865854
60640 37 0.000000 0.000000 0.000000 -4.512195 4.634146 -4.146341
60645 37 0.000000 0.000000 0.000000 -3.902439 6.158537 -1.707317
60650 37 0.000000 0.000000 0.000000 -5.243903 6.890244 1.524390
60655 37 0.000000 0.000000 0.000000 -7.012195 6.951220 2.012195
60660 37 0.000000 0.000000 0.000000 -13.231708 6.646342 1.646341
60665 37 0.000000 0.000000 0.000000 -15.670732 6.280488 -1.829268
60670 37 0.000000 0.000000 0.000000 -15.487805 7.195122 -1.890244
60675 37 0.000000 0.000000 0.000000 -16.707317 6.402439 -1.097561
60680 37 0.000000 0.000000 0.000000 -12.134147 5.792683 0.609756
60685 37 0.000000 0.000000 0.000000 -7.134147 5.731708 4.085366
60690 37 0.000000 0.000000 0.000000 -0.792683 6.158537 5.609756
60695 37 0.000000 0.000000 0.000000 2.439024 4.207317 6.402439
60700 37 0.000000 0.000000 0.000000 0.853659 0.000000 7.621952
60705 37 0.000000 0.000000 0.000000 1.280488 0.609756 6.219512
60710 37 0.000000 0.000000 0.000000 4.451220 -0.426829 4.085366
60715 37 0.000000 0.000000 0.000000 6.707317 -0.914634 2.987805
60720 37 0.000000 0.000000 0.000000 8.963415 0.914634 2.378049
60725 37 0.000000 0.000000 0.000000 9.695122 -1.402439 2.317073
60730 37 0.000000 0.000000 0.000000 8.048780 -0.914634 0.975610
60735 37 0.000000 0.000000 0.000000 6.036585 1.341463 -1.341463
60740 37 0.000000 0.000000 0.000000 3.109756 3.597561 -4.024390
60745 37 0.000000 0.000000 0.000000 -3.353659 0.548781 -3.963415
60750 37 0.000000 0.000000 0.000000 -7.378049 -2.256098 -4.878049
60755 37 0.000000 0.000000 0.000000 -7.987805 -0.426829 -5.548780
60760 37 0.000000 0.000000 0.000000 -11.890244 2.195122 -7.621952
60765 37 0.000000 0.000000 0.000000 -9.512196 4.085366 -4.878049
60770 37 0.000000 0.000000 0.000000 -5.670732 5.975610 -1.585366
60775 37 0.000000 0.000000 0.000000 -3.292683 6.585366 -1.036585
60780 37 0.000000 0.000000 0.000000 -0.975610 4.390244 -1.951220
60785 37 0.000000 0.000000 0.000000 7.012195 3.780488 0.914634
60790 37 0.000000 0.000000 0.000000 11.890244 6.036585 3.780488
60795 37 0.000000 0.000000 0.000000 13.658537 7.073171 5.000000
60800 37 0.000000 0.000000 0.000000 17.500000 8.475610 11.402439
60805 37 0.000000 0.000000 0.000000 19.573172 2.560976 4.451220
60810 37 0.000000 0.000000 0.000000 18.597561 -1.158537 0.243902
60815 37 0.000000 0.000000 0.000000 17.195122 -1.280488 1.402439
60820 37 0.000000 0.000000 0.000000 13.658537 -4.207317 -4.512195
60825 37 0.000000 0.000000 0.000000 11.097561 -4.756098 -4.756098
60830 37 0.000000 0.000000 0.000000 9.024390 -2.378049 -3.780488
60835 37 0.000000 0.000000 0.000000 7.743903 1.219512 -5.609756
60840 37 0.000000 0.000000 0.000000 11.646341 1.097561 -3.963415
60845 37 0.000000 0.000000 0.000000 8.658537 -2.012195 -1.219512
60850 37 0.000000 0.000000 0.000000 8.231708 -1.341463 -0.548781
60855 37 0.000000 0.000000 0.000000 9.451220 -1.097561 -0.792683
60860 37 0.000000 0.000000 0.000000 6.890244 -2.865854 -5.182927
60865 37 0.000000 0.000000 0.000000 10.975610 -2.682927 -0.731707
60870 37 0.000000 0.000000 0.000000 14.634147 -3.719512 -1.036585
60875 37 0.000000 0.000000 0.000000 14.146341 -4.329268 -3.292683
60880 37 0.000000 0.000000 0.000000 18.048780 -1.707317 7.195122
60885 37 0.000000 0.000000 0.000000 15.426829 -2.134146 1.646341
60890 37 0.000000 0.000000 0.000000 11.890244 -3.780488 -6.097561
60895 37 0.000000 0.000000 0.000000 8.902439 -6.951220 -8.170732
60900 37 0.000000 0.000000 0.000000 2.743902 -9.512196 -9.085366
60905 37 0.000000 0.000000 0.000000 0.914634 -2.073171 -5.365854
60910 37 0.000000 0.000000 0.000000 1.524390 3.475610 -0.853659
60915 37 0.000000 0.000000 0.000000 -2.378049 7.682927 2.378049
60920 37 0.000000 0.000000 0.000000 2.195122 9.207317 2.560976
60925 37 0.000000 0.000000 0.000000 -2.743902 5.975610 -1.707317
60930 37 0.000000 0.000000 0.000000 -11.402439 5.121951 -1.036585
60935 37 0.000000 0.000000 0.000000 -14.756098 3.597561 2.682927
60940 37 0.000000 0.000000 0.000000 -17.621952 2.012195 -5.182927
60945 37 0.000000 0.000000 0.000000 -15.609756 2.682927 -3.292683
60950 37 0.000000 0.000000 0.000000 -9.451220 2.256098 1.158537
60955 37 0.000000 0.000000 0.000000 -5.182927 4.207317 1.646341
60960 37 0.000000 0.000000 0.000000 -1.097561 -0.853659 4.695122
60965 37 0.000000 0.000000 0.000000 -1.707317 -1.463415 6.158537
60970 37 0.000000 0.000000 0.000000 -3.780488 0.670732 1.341463
60975 37 0.000000 0.000000 0.000000 -2.926829 -1.463415 -0.609756
60980 37 0.000000 0.000000 0.000000 1.158537 -1.707317 2.195122
60985 37 0.000000 0.000000 0.000000 0.670732 -2.865854 -0.792683
60990 37 0.000000 0.000000 0.000000 1.890244 -1.890244 0.853659
60995 37 0.000000 0.000000 0.000000 4.390244 -1.402439 5.365854
61000 37 0.000000 0.000000 0.000000 5.914634 -0.792683 3.109756
61005 37 0.000000 0.000000 0.000000 7.743903 2.500000 2.195122
61010 37 0.000000 0.000000 0.000000 6.829268 2.012195 2.804878
61015 37 0.000000 0.000000 0.000000 4.451220 -0.853659 2.317073
61020 37 0.000000 0.000000 0.000000 0.975610 -5.975610 -3.963415
61025 37 0.000000 0.000000 0.000000 5.487805 -7.987805 -4.268293
61030 37 0.000000 0.000000 0.000000 7.134147 -3.963415 -0.975610
61035 37 0.000000 0.000000 0.000000 9.207317 -0.548781 -1.402439
61040 37 0.000000 0.000000 0.000000 13.963415 0.426829 0.426829
61045 37 0.000000 0.000000 0.000000 18.231709 0.975610 2.621951
61050 37 0.000000 0.000000 0.000000 13.353659 0.670732 -2.317073
61055 37 0.000000 0.000000 0.000000 8.292683 0.548781 -7.439024
61060 37 0.000000 0.000000 0.000000 3.719512 0.365854 -8.963415
61065 37 0.000000 0.000000 0.000000 1.768293 0.304878 -10.975610
61070 37 0.000000 0.000000 0.000000 3.658537 1.280488 -12.073171
61075 37 0.000000 0.000000 0.000000 5.487805 0.121951 -11.585366
61080 37 0.000000 0.000000 0.000000 5.609756 -5.060976 -13.597561
61085 37 0.000000 0.000000 0.000000 8.902439 -5.914634 -11.463415
61090 37 0.000000 0.000000 0.000000 8.414635 -1.829268 -8.414635
61095 37 0.000000 0.000000 0.000000 5.304878 0.121951 -9.634147
61100 37 0.000000 0.000000 0.000000 4.268293 0.060976 -10.609756
61105 37 0.000000 0.000000 0.000000 0.000000 -3.353659 -11.646341
61110 37 0.000000 0.000000 0.000000 1.707317 -2.317073 -9.268292
61115 37 0.000000 0.000000 0.000000 6.219512 0.609756 -6.219512
61120 37 0.000000 0.000000 0.000000 5.853659 -3.292683 -7.073171
61125 37 0.000000 0.000000 0.000000 5.548780 -4.512195 -8.414635
61130 37 0.000000 0.000000 0.000000 7.621952 -6.280488 -11.097561
61135 37 0.000000 0.000000 0.000000 3.963415 -6.829268 -11.646341
61140 37 0.000000 0.000000 0.000000 5.121951 -5.853659 -6.341464
61145 37 0.000000 0.000000 0.000000 8.902439 -6.585366 -9.695122
61150 37 0.000000 0.000000 0.000000 9.085366 -7.378049 -14.146341
61155 37 0.000000 0.000000 0.000000 7.804878 -5.182927 -10.914635
61160 37 0.000000 0.000000 0.000000 2.073171 -2.804878 -7.012195
61165 37 0.000000 0.000000 0.000000 -1.097561 -2.500000 -7.500000
61170 37 0.000000 0.000000 0.000000 -3.170732 -2.743902 -8.719512
61175 37 0.000000 0.000000 0.000000 -5.243903 -2.134146 -7.987805
61180 37 0.000000 0.000000 0.000000 -8.170732 4.817073 -1.402439
61185 37 0.000000 0.000000 0.000000 -8.231708 3.536585 -1.707317
61190 37 0.000000 0.000000 0.000000 -5.792683 0.609756 -4.512195
61195 37 0.000000 0.000000 0.000000 -4.390244 -1.341463 -5.731708
61200 37 0.000000 0.000000 0.000000 -3.231707 -4.817073 -6.524390
61205 37 0.000000 0.000000 0.000000 2.256098 -4.634146 -5.060976
61210 37 0.000000 0.000000 0.000000 6.524390 -1.707317 -3.292683
61215 37 0.000000 0.000000 0.000000 6.463415 2.378049 0.792683
61220 37 0.000000 0.000000 0.000000 5.548780 2.073171 2.682927
61225 37 0.000000 0.000000 0.000000 5.182927 0.731707 -3.231707
61230 37 0.000000 0.000000 0.000000 1.890244 -0.975610 -7.195122
61235 37 0.000000 0.000000 0.000000 -4.146341 -1.707317 -10.914635
61240 37 0.000000 0.000000 0.000000 -3.658537 -4.512195 -11.158537
61245 37 0.000000 0.000000 0.000000 -3.292683 -2.621951 -5.975610
61250 37 0.000000 0.000000 0.000000 -1.951220 0.000000 -1.524390
61255 37 0.000000 0.000000 0.000000 2.439024 1.463415 1.524390
61260 37 0.000000 0.000000 0.000000 0.853659 -2.500000 1.890244
61265 37 0.000000 0.000000 0.000000 4.451220 -4.939024 -3.414634
61270 37 0.000000 0.000000 0.000000 10.792684 -6.646342 -8.109756
61275 37 0.000000 0.000000 0.000000 9.085366 -8.170732 -10.914635
61280 37 0.000000 0.000000 0.000000 9.634147 -5.426829 -8.841464
61285 37 0.000000 0.000000 0.000000 4.939024 -5.975610 -5.487805
61290 37 0.000000 0.000000 0.000000 -5.243903 -4.756098 -3.353659
61295 37 0.000000 0.000000 0.000000 -6.402439 -3.536585 3.536585
61300 37 0.000000 0.000000 0.000000 -9.817074 -2.317073 7.012195
61305 37 0.000000 0.000000 0.000000 -5.609756 1.524390 2.682927
61310 37 0.000000 0.000000 0.000000 1.585366 2.012195 -1.524390
61315 37 0.000000 0.000000 0.000000 4.085366 -0.060976 -5.304878
61320 37 0.000000 0.000000 0.000000 6.158537 3.231707 -2.804878
61325 37 0.000000 0.000000 0.000000 5.914634 3.048780 3.719512
61330 37 0.000000 0.000000 0.000000 8.658537 1.463415 2.987805
61335 37 0.000000 0.000000 0.000000 8.719512 -0.548781 0.060976
61340 37 0.000000 0.000000 0.000000 8.292683 -1.219512 -0.365854
61345 37 0.000000 0.000000 0.000000 12.317074 -2.317073 -1.890244
61350 37 0.000000 0.000000 0.000000 13.170732 -5.060976 -3.963415
61355 37 0.000000 0.000000 0.000000 13.475610 -7.378049 -2.987805
61360 37 0.000000 0.000000 0.000000 12.378049 -9.878049 -3.231707
61365 37 0.000000 0.000000 0.000000 9.207317 -6.890244 -5.426829
61370 37 0.000000 0.000000 0.000000 4.878049 -4.146341 -4.634146
61375 37 0.000000 0.000000 0.000000 2.317073 -2.073171 -2.256098
61380 37 0.000000 0.000000 0.000000 4.756098 2.804878 -3.109756
61385 37 0.000000 0.000000 0.000000 3.292683 2.012195 -4.573171
61390 37 0.000000 0.000000 0.000000 -0.487805 -0.182927 -3.414634
61395 37 0.000000 0.000000 0.000000 -5.792683 -0.731707 0.000000
61400 37 0.000000 0.000000 0.000000 -10.121951 -2.134146 -0.975610
61405 37 0.000000 0.000000 0.000000 -7.195122 1.097561 0.487805
61410 37 0.000000 0.000000 0.000000 -4.756098 3.719512 0.548781
61415 37 0.000000 0.000000 0.000000 -1.524390 1.951220 3.719512
61420 37 0.000000 0.000000 0.000000 -0.853659 -1.402439 6.463415
61425 37 0.000000 0.000000 0.000000 -6.158537 1.829268 2.195122
61430 37 0.000000 0.000000 0.000000 -8.231708 4.268293 -0.731707
61435 37 0.000000 0.000000 0.000000 -4.085366 3.841464 -3.170732
61440 37 0.000000 0.000000 0.000000 1.768293 1.829268 -2.378049
61445 37 0.000000 0.000000 0.000000 0.000000 -3.719512 -2.134146
61450 37 0.000000 0.000000 0.000000 -2.439024 -3.170732 -2.012195
61455 37 0.000000 0.000000 0.000000 -1.463415 -1.707317 -1.158537
61460 37 0.000000 0.000000 0.000000 1.646341 -1.829268 -2.073171
61465 37 0.000000 0.000000 0.000000 6.829268 -7.256098 -3.658537
61470 37 0.000000 0.000000 0.000000 11.036586 -7.987805 -6.341464
61475 37 0.000000 0.000000 0.000000 11.097561 -8.292683 -5.731708
61480 37 0.000000 0.000000 0.000000 9.451220 -10.426829 -6.768293
61485 37 0.000000 0.000000 0.000000 9.634147 -8.963415 -5.000000
61490 37 0.000000 0.000000 0.000000 8.597561 -3.475610 -3.780488
61495 37 0.000000 0.000000 0.000000 8.719512 1.402439 -0.060976
61500 37 0.000000 0.000000 0.000000 12.012196 5.182927 2.317073
61505 37 0.000000 0.000000 0.000000 9.451220 4.085366 0.487805
61510 37 0.000000 0.000000 0.000000 4.085366 1.829268 -0.792683
61515 37 0.000000 0.000000 0.000000 1.707317 -1.646341 -2.926829
61520 37 0.000000 0.000000 0.000000 0.548781 -2.073171 -3.170732
61525 37 0.000000 0.000000 0.000000 -5.243903 -5.243903 -5.243903
61530 37 0.000000 0.000000 0.000000 -6.707317 -6.158537 -6.463415
61535 37 0.000000 0.000000 0.000000 -5.548780 -5.975610 -8.048780
61540 37 0.000000 0.000000 0.000000 -4.817073 -6.402439 -12.195122
61545 37 0.000000 0.000000 0.000000 2.012195 0.426829 -2.560976
61550 37 0.000000 0.000000 0.000000 5.000000 5.121951 4.146341
61555 37 0.000000 0.000000 0.000000 4.512195 2.378049 2.378049
61560 37 0.000000 0.000000 0.000000 7.073171 -2.378049 0.243902
61565 37 0.000000 0.000000 0.000000 12.439025 -4.207317 0.426829
61570 37 0.000000 0.000000 0.000000 12.195122 -3.597561 -1.219512
61575 37 0.000000 0.000000 0.000000 10.609756 -2.926829 -3.414634
61580 37 0.000000 0.000000 0.000000 11.402439 -1.768293 -2.926829
61585 37 0.000000 0.000000 0.000000 12.256098 -0.548781 1.158537
61590 37 0.000000 0.000000 0.000000 11.158537 -0.304878 1.341463
61595 37 0.000000 0.000000 0.000000 5.975610 -1.707317 -1.158537
61600 37 0.000000 0.000000 0.000000 2.073171 -5.670732 -7.560976
61605 37 0.000000 0.000000 0.000000 0.243902 -5.487805 -6.280488
61610 37 0.000000 0.000000 0.000000 -1.280488 -2.256098 -4.756098
61615 37 0.000000 0.000000 0.000000 -2.134146 -2.256098 -5.609756
61620 37 0.000000 0.000000 0.000000 1.707317 1.158537 -1.158537
61625 37 0.000000 0.000000 0.000000 0.060976 -0.243902 0.243902
61630 37 0.000000 0.000000 0.000000 -2.256098 -5.609756 -3.109756
61635 37 0.000000 0.000000 0.000000 -3.475610 -8.231708 -5.975610
61640 37 0.000000 0.000000 0.000000 -1.768293 -5.304878 -4.329268
61645 37 0.000000 0.000000 0.000000 8.841464 -0.792683 -0.487805
61650 37 0.000000 0.000000 0.000000 16.890244 0.731707 0.731707
61655 37 0.000000 0.000000 0.000000 16.890244 -3.536585 -0.731707
61660 37 0.000000 0.000000 0.000000 14.390244 -7.926829 -3.170732
61665 37 0.000000 0.000000 0.000000 11.402439 -5.121951 -2.134146
61670 37 0.000000 0.000000 0.000000 7.804878 -2.256098 -2.134146
61675 37 0.000000 0.000000 0.000000 2.865854 -0.182927 -4.573171
61680 37 0.000000 0.000000 0.000000 1.036585 2.682927 -4.390244
61685 37 0.000000 0.000000 0.000000 -6.341464 3.780488 -2.500000
61690 37 0.000000 0.000000 0.000000 -9.573171 2.317073 -0.365854
61695 37 0.000000 0.000000 0.000000 -8.658537 0.792683 -1.402439
61700 37 0.000000 0.000000 0.000000 -11.463415 -0.060976 -6.890244
61705 37 0.000000 0.000000 0.000000 -7.134147 -0.304878 -2.682927
61710 37 0.000000 0.000000 0.000000 -0.243902 -0.975610 2.743902
61715 37 0.000000 0.000000 0.000000 1.463415 -2.134146 5.121951
61720 36 0.000000 0.000000 0.000000 -1.707317 -4.756098 4.085366
61725 36 0.000000 0.000000 0.000000 -2.195122 -3.475610 -1.280488
61730 36 0.000000 0.000000 0.000000 -2.926829 -0.853659 -3.902439
61735 36 0.000000 0.000000 0.000000 -3.780488 -0.060976 -2.743902
61740 36 0.000000 0.000000 0.000000 -1.524390 1.036585 1.097561
61745 36 0.000000 0.000000 0.000000 -5.182927 1.646341 0.914634
61750 36 0.000000 0.000000 0.000000 -7.804878 3.536585 0.182927
61755 36 0.000000 0.000000 0.000000 -7.987805 3.475610 1.402439
61760 36 0.000000 0.000000 0.000000 -4.817073 5.000000 0.426829
61765 35 0.000000 0.000000 0.000000 -2.439024 2.804878 1.341463
61770 35 0.000000 0.000000 0.000000 0.000000 0.060976 1.768293
61775 35 0.000000 0.000000 0.000000 2.073171 -2.987805 -0.914634
61780 35 0.000000 0.000000 0.000000 0.060976 -7.743903 -5.182927
61785 34 0.000000 0.000000 0.000000 4.756098 -4.756098 -0.304878
61790 34 0.000000 0.000000 0.000000 9.024390 -0.853659 3.597561
61795 34 0.000000 0.000000 0.000000 9.512196 0.487805 3.963415
61800 33 0.000000 0.000000 0.000000 8.231708 -0.426829 4.329268
61805 33 0.000000 0.000000 0.000000 4.695122 -2.317073 -0.853659
61810 33 0.000000 0.000000 0.000000 2.439024 -1.707317 -3.109756
61815 33 0.000000 0.000000 0.000000 -0.609756 -2.378049 -1.219512
61820 32 0.000000 0.000000 0.000000 -0.670732 -1.097561 -1.768293
61825 32 0.000000 0.000000 0.000000 6.219512 2.439024 -3.780488
61830 32 0.000000 0.000000 0.000000 6.585366 3.048780 -3.414634
61835 32 0.000000 0.000000 0.000000 7.134147 2.743902 -1.280488
61840 32 0.000000 0.000000 0.000000 11.646341 4.085366 -0.304878
61845 31 0.000000 0.000000 0.000000 6.036585 1.036585 -5.060976
61850 31 0.000000 0.000000 0.000000 0.426829 -0.670732 -8.170732
61855 31 0.000000 0.000000 0.000000 1.036585 -0.487805 -4.085366
61860 31 0.000000 0.000000 0.000000 1.951220 -0.548781 -8.414635
61865 31 0.000000 0.000000 0.000000 3.414634 0.426829 -8.353659
61870 31 0.000000 0.000000 0.000000 5.121951 2.134146 -2.073171
61875 30 0.000000 0.000000 0.000000 3.658537 -0.121951 -2.439024
61880 30 0.000000 0.000000 0.000000 -2.500000 -4.878049 -10.670732
61885 30 0.000000 0.000000 0.000000 0.182927 -0.304878 -3.963415
61890 30 0.000000 0.000000 0.000000 4.268293 5.731708 1.219512
61895 30 0.000000 0.000000 0.000000 -1.585366 3.109756 -4.451220
61900 30 0.000000 0.000000 0.000000 -10.243902 1.768293 -5.792683
61905 30 0.000000 0.000000 0.000000 -6.463415 5.609756 -3.719512
61910 30 0.000000 0.000000 0.000000 -4.085366 6.585366 -0.182927
61915 30 0.000000 0.000000 0.000000 -9.146341 7.012195 2.743902
61920 30 0.000000 0.000000 0.000000 -14.146341 11.585366 4.695122
61925 30 0.000000 0.000000 0.000000 -10.853659 8.963415 2.865854
61930 30 0.000000 0.000000 0.000000 -8.231708 2.012195 -0.182927
61935 30 0.000000 0.000000 0.000000 -11.829268 -1.036585 0.182927
61940 30 0.000000 0.000000 0.000000 -16.036585 1.707317 8.475610
61945 30 0.000000 0.000000 0.000000 -15.853659 3.536585 7.500000
61950 30 0.000000 0.000000 0.000000 -15.670732 0.853659 1.585366
61955 30 0.000000 0.000000 0.000000 -14.024390 -0.853659 0.975610
61960 30 0.000000 0.000000 0.000000 -9.146341 1.158537 8.963415
61965 30 0.000000 0.000000 0.000000 -16.036585 -3.414634 1.768293
61970 30 0.000000 0.000000 0.000000 -28.109756 -6.951220 -4.207317
61975 30 0.000000 0.000000 0.000000 -32.378048 -4.573171 0.853659
61980 30 0.000000 0.000000 0.000000 -28.658537 -5.426829 5.243903
61985 30 0.000000 0.000000 0.000000 -27.195122 -9.146341 1.036585
61990 30 0.000000 0.000000 0.000000 -21.829269 -6.951220 0.182927
61995 30 0.000000 0.000000 0.000000 -20.731709 -3.475610 2.621951
62000 30 0.000000 0.000000 0.000000 -25.853659 -1.463415 5.365854
62005 30 0.000000 0.000000 0.000000 -16.768293 4.329268 8.658537
62010 30 0.000000 0.000000 0.000000 -5.914634 8.109756 10.792684
62015 30 0.000000 0.000000 0.000000 -9.695122 10.792684 6.463415
62020 30 0.000000 0.000000 0.000000 -13.536586 11.219512 4.146341
62025 30 0.000000 0.000000 0.000000 -13.109756 5.243903 4.268293
62030 30 0.000000 0.000000 0.000000 -14.878049 0.060976 -0.182927
62035 30 0.000000 0.000000 0.000000 -19.512196 4.939024 5.365854
62040 30 0.000000 0.000000 0.000000 -23.109756 11.158537 14.451220
62045 30 0.000000 0.000000 0.000000 -30.243902 6.951220 3.475610
62050 30 0.000000 0.000000 0.000000 -30.000000 1.829268 -4.756098
62055 30 0.000000 0.000000 0.000000 -31.036587 -3.902439 -6.646342
62060 30 0.000000 0.000000 0.000000 -38.048782 -11.524390 -10.426829
62065 30 0.000000 0.000000 0.000000 -36.463417 -4.939024 -3.963415
62070 30 0.000000 0.000000 0.000000 -31.524391 3.475610 4.451220
62075 30 0.000000 0.000000 0.000000 -22.560976 4.756098 3.475610
62080 30 0.000000 0.000000 0.000000 -7.621952 6.951220 2.560976
62085 30 0.000000 0.000000 0.000000 -3.658537 4.024390 3.841464
62090 30 0.000000 0.000000 0.000000 -8.963415 2.926829 3.902439
62095 30 0.000000 0.000000 0.000000 -11.036586 2.560976 4.573171
62100 30 0.000000 0.000000 0.000000 -11.402439 2.134146 3.658537
62105 30 0.000000 0.000000 0.000000 -13.170732 0.365854 -0.853659
62110 30 0.000000 0.000000 0.000000 -15.060976 1.524390 -0.426829
62115 30 0.000000 0.000000 0.000000 -13.048780 3.841464 4.817073
62120 30 0.000000 0.000000 0.000000 -8.780488 3.414634 9.817074
62125 30 0.000000 0.000000 0.000000 -14.268293 2.987805 4.756098
62130 30 0.000000 0.000000 0.000000 -19.817074 3.170732 1.280488
62135 30 0.000000 0.000000 0.000000 -22.743902 0.121951 -0.731707
62140 30 0.000000 0.000000 0.000000 -25.609756 -7.317073 -7.378049
62145 30 0.000000 0.000000 0.000000 -18.963415 -4.207317 -0.182927
62150 30 0.000000 0.000000 0.000000 -14.756098 0.426829 6.768293
62155 30 0.000000 0.000000 0.000000 -13.719513 1.158537 2.500000
62160 30 0.000000 0.000000 0.000000 -10.243902 3.475610 -4.268293
62165 30 0.000000 0.000000 0.000000 -4.939024 1.646341 -2.073171
62170 30 0.000000 0.000000 0.000000 -1.036585 0.365854 0.548781
62175 30 0.000000 0.000000 0.000000 2.926829 2.317073 6.646342
62180 30 0.000000 0.000000 0.000000 11.951220 9.146341 22.073172
62185 30 0.000000 0.000000 0.000000 4.878049 7.682927 13.963415
62190 30 0.000000 0.000000 0.000000 -5.792683 2.804878 0.670732
62195 30 0.000000 0.000000 0.000000 -9.085366 -0.670732 1.219512
62200 30 0.000000 0.000000 0.000000 -9.573171 -2.134146 7.987805
62205 30 0.000000 0.000000 0.000000 -16.219513 -0.304878 0.548781
62210 30 0.000000 0.000000 0.000000 -19.146341 -3.292683 -4.146341
62215 30 0.000000 0.000000 0.000000 -19.634148 -7.743903 -4.268293
62220 30 0.000000 0.000000 0.000000 -25.121952 -13.048780 -8.963415
62225 30 0.000000 0.000000 0.000000 -23.109756 -10.853659 -8.536586
62230 30 0.000000 0.000000 0.000000 -17.256098 -10.426829 -5.914634
62235 30 0.000000 0.000000 0.000000 -14.878049 -11.097561 -6.158537
62240 30 0.000000 0.000000 0.000000 -18.841463 -11.341464 -9.146341
62245 30 0.000000 0.000000 0.000000 -10.121951 -6.524390 -0.182927
62250 30 0.000000 0.000000 0.000000 -0.426829 0.975610 5.670732
62255 30 0.000000 0.000000 0.000000 4.756098 7.073171 5.548780
62260 30 0.000000 0.000000 0.000000 11.402439 13.658537 10.060976
62265 30 0.000000 0.000000 0.000000 4.878049 13.963415 8.597561
62270 30 0.000000 0.000000 0.000000 -3.170732 12.439025 5.548780
62275 30 0.000000 0.000000 0.000000 -6.219512 11.097561 8.597561
62280 30 0.000000 0.000000 0.000000 -5.670732 9.634147 13.902439
62285 30 0.000000 0.000000 0.000000 -14.024390 4.756098 7.682927
62290 30 0.000000 0.000000 0.000000 -22.378050 -0.975610 2.073171
62295 30 0.000000 0.000000 0.000000 -26.341463 -4.634146 1.219512
62300 30 0.000000 0.000000 0.000000 -24.268293 -8.597561 0.304878
62305 30 0.000000 0.000000 0.000000 -25.975611 -12.134147 -2.743902
62310 30 0.000000 0.000000 0.000000 -26.646341 -14.207317 -5.670732
62315 30 0.000000 0.000000 0.000000 -19.878050 -12.500000 -4.939024
62320 30 0.000000 0.000000 0.000000 -13.658537 -13.841464 -7.926829
62325 30 0.000000 0.000000 0.000000 -6.646342 -12.682927 -2.073171
62330 30 0.000000 0.000000 0.000000 1.463415 -7.195122 1.280488
62335 30 0.000000 0.000000 0.000000 6.890244 -1.158537 -1.829268
62340 30 0.000000 0.000000 0.000000 9.329268 3.902439 0.731707
62345 30 0.000000 0.000000 0.000000 6.585366 5.304878 1.219512
62350 30 0.000000 0.000000 0.000000 7.134147 3.475610 0.304878
62355 30 0.000000 0.000000 0.000000 6.097561 2.804878 0.914634
62360 30 0.000000 0.000000 0.000000 0.182927 1.707317 4.939024
62365 30 0.000000 0.000000 0.000000 -4.268293 1.585366 0.731707
62370 30 0.000000 0.000000 0.000000 -9.512196 0.731707 -5.304878
62375 30 0.000000 0.000000 0.000000 -16.463415 -1.890244 -5.000000
62380 30 0.000000 0.000000 0.000000 -24.817074 -8.780488 -3.780488
62385 30 0.000000 0.000000 0.000000 -23.292683 -6.890244 -4.390244
62390 30 0.000000 0.000000 0.000000 -19.512196 -5.304878 -5.060976
62395 30 0.000000 0.000000 0.000000 -20.426830 -8.048780 -5.914634
62400 30 0.000000 0.000000 0.000000 -25.792683 -13.170732 -10.853659
62405 30 0.000000 0.000000 0.000000 -13.170732 -9.329268 -5.609756
62410 30 0.000000 0.000000 0.000000 -0.426829 -6.402439 1.768293
62415 30 0.000000 0.000000 0.000000 3.963415 -2.804878 3.414634
62420 30 0.000000 0.000000 0.000000 8.597561 4.085366 5.365854
62425 30 0.000000 0.000000 0.000000 12.500000 2.926829 2.804878
62430 30 0.000000 0.000000 0.000000 15.426829 1.585366 1.585366
62435 30 0.000000 0.000000 0.000000 20.304878 3.597561 4.573171
62440 30 0.000000 0.000000 0.000000 28.292683 8.597561 10.853659
62445 30 0.000000 0.000000 0.000000 16.585365 5.548780 2.378049
62450 30 0.000000 0.000000 0.000000 -0.548781 2.926829 -7.317073
62455 30 0.000000 0.000000 0.000000 -9.024390 5.731708 -3.902439
62460 30 0.000000 0.000000 0.000000 -12.439025 9.634147 9.817074
62465 30 0.000000 0.000000 0.000000 -24.390244 3.170732 1.646341
62470 30 0.000000 0.000000 0.000000 -34.085365 -0.792683 -7.987805
62475 30 0.000000 0.000000 0.000000 -36.280487 3.475610 -4.512195
62480 30 0.000000 0.000000 0.000000 -35.243904 11.646341 8.353659
62485 30 0.000000 0.000000 0.000000 -32.500000 5.853659 0.670732
62490 30 0.000000 0.000000 0.000000 -23.170732 -2.439024 -7.987805
62495 30 0.000000 0.000000 0.000000 -8.658537 -3.414634 0.670732
62500 30 0.000000 0.000000 0.000000 7.926829 2.804878 15.853659
62505 30 0.000000 0.000000 0.000000 10.609756 1.890244 6.646342
62510 30 0.000000 0.000000 0.000000 12.682927 -2.195122 -1.646341
62515 30 0.000000 0.000000 0.000000 19.939024 -6.219512 -1.524390
62520 30 0.000000 0.000000 0.000000 18.841463 -11.829268 -3.780488
62525 30 0.000000 0.000000 0.000000 19.817074 -7.012195 0.426829
62530 30 0.000000 0.000000 0.000000 16.463415 -2.804878 4.878049
62535 30 0.000000 0.000000 0.000000 6.768293 -2.012195 0.670732
62540 30 0.000000 0.000000 0.000000 -7.500000 -4.390244 -6.890244
62545 30 0.000000 0.000000 0.000000 -11.463415 -1.158537 2.682927
62550 30 0.000000 0.000000 0.000000 -13.719513 0.792683 11.707317
62555 30 0.000000 0.000000 0.000000 -15.243903 2.439024 9.573171
62560 30 0.000000 0.000000 0.000000 -16.646341 3.475610 6.036585
62565 30 0.000000 0.000000 0.000000 -15.426829 5.182927 8.536586
62570 30 0.000000 0.000000 0.000000 -11.463415 7.012195 9.756098
62575 30 0.000000 0.000000 0.000000 -7.256098 5.426829 6.951220
62580 30 0.000000 0.000000 0.000000 -3.414634 -0.365854 4.207317
62585 30 0.000000 0.000000 0.000000 4.878049 2.378049 8.841464
62590 30 0.000000 0.000000 0.000000 8.536586 4.817073 10.609756
62595 30 0.000000 0.000000 0.000000 6.646342 1.463415 5.548780
62600 30 0.000000 0.000000 0.000000 3.170732 -5.975610 -0.853659
62605 30 0.000000 0.000000 0.000000 6.097561 -7.865854 3.963415
62610 30 0.000000 0.000000 0.000000 5.731708 -6.829268 8.414635
62615 30 0.000000 0.000000 0.000000 1.280488 -5.000000 4.451220
62620 30 0.000000 0.000000 0.000000 -4.939024 -5.731708 0.121951
62625 30 0.000000 0.000000 0.000000 -9.329268 -8.048780 3.292683
62630 30 0.000000 0.000000 0.000000 -13.536586 -8.231708 5.000000
62635 30 0.000000 0.000000 0.000000 -16.768293 -5.304878 5.000000
62640 30 0.000000 0.000000 0.000000 -18.536585 -2.804878 10.243902
62645 30 0.000000 0.000000 0.000000 -22.256098 -3.780488 6.097561
62650 30 0.000000 0.000000 0.000000 -21.951220 -5.731708 1.341463
62655 30 0.000000 0.000000 0.000000 -15.304878 -2.073171 7.317073
62660 30 0.000000 0.000000 0.000000 -10.365854 -0.121951 15.609756
62665 30 0.000000 0.000000 0.000000 -11.768293 -0.121951 8.536586
62670 30 0.000000 0.000000 0.000000 -14.085366 3.597561 3.841464
62675 30 0.000000 0.000000 0.000000 -11.463415 6.768293 7.682927
62680 30 0.000000 0.000000 0.000000 -6.219512 9.207317 9.085366
62685 30 0.000000 0.000000 0.000000 -3.414634 8.231708 8.231708
62690 30 0.000000 0.000000 0.000000 -2.317073 5.304878 4.329268
62695 30 0.000000 0.000000 0.000000 3.292683 1.768293 2.195122
62700 30 0.000000 0.000000 0.000000 14.329268 0.914634 6.951220
62705 30 0.000000 0.000000 0.000000 9.878049 -1.829268 0.487805
62710 30 0.000000 0.000000 0.000000 2.682927 -7.195122 -7.256098
62715 30 0.000000 0.000000 0.000000 -0.304878 -12.439025 -9.085366
62720 30 0.000000 0.000000 0.000000 -5.304878 -19.268293 -4.085366
62725 30 0.000000 0.000000 0.000000 -13.048780 -20.975611 -10.060976
62730 30 0.000000 0.000000 0.000000 -17.804878 -19.268293 -19.451220
62735 30 0.000000 0.000000 0.000000 -19.573172 -16.402439 -18.841463
62740 30 0.000000 0.000000 0.000000 -22.439024 -18.231709 -14.756098
62745 30 0.000000 0.000000 0.000000 -20.365854 -14.268293 -15.548780
62750 30 0.000000 0.000000 0.000000 -17.560976 -10.853659 -15.487805
62755 30 0.000000 0.000000 0.000000 -13.719513 -9.329268 -12.378049
62760 30 0.000000 0.000000 0.000000 -13.475610 -8.475610 -11.280488
62765 30 0.000000 0.000000 0.000000 -6.280488 0.365854 -5.487805
62770 30 0.000000 0.000000 0.000000 2.743902 7.256098 1.585366
62775 30 0.000000 0.000000 0.000000 7.256098 7.865854 1.951220
62780 30 0.000000 0.000000 0.000000 8.353659 7.743903 1.829268
62785 30 0.000000 0.000000 0.000000 13.292684 10.426829 5.548780
62790 30 0.000000 0.000000 0.000000 15.060976 11.280488 7.743903
62795 30 0.000000 0.000000 0.000000 11.402439 10.914635 2.987805
62800 30 0.000000 0.000000 0.000000 8.536586 12.500000 3.597561
62805 30 0.000000 0.000000 0.000000 5.365854 7.195122 3.597561
62810 30 0.000000 0.000000 0.000000 0.853659 0.609756 -0.609756
62815 30 0.000000 0.000000 0.000000 -2.743902 -1.829268 -3.536585
62820 30 0.000000 0.000000 0.000000 -7.378049 2.256098 3.475610
62825 30 0.000000 0.000000 0.000000 -9.390244 -1.463415 0.670732
62830 30 0.000000 0.000000 0.000000 -6.463415 -2.317073 -4.268293
62835 30 0.000000 0.000000 0.000000 -4.512195 -0.487805 -2.621951
62840 30 0.000000 0.000000 0.000000 -3.353659 3.475610 4.329268
62845 30 0.000000 0.000000 0.000000 1.768293 0.000000 0.853659
62850 30 0.000000 0.000000 0.000000 6.951220 -4.329268 -2.256098
62855 30 0.000000 0.000000 0.000000 7.317073 -3.658537 0.304878
62860 30 0.000000 0.000000 0.000000 9.878049 6.646342 7.865854
62865 30 0.000000 0.000000 0.000000 12.317074 5.487805 6.341464
62870 30 0.000000 0.000000 0.000000 8.902439 -1.341463 5.365854
62875 30 0.000000 0.000000 0.000000 3.597561 -0.914634 7.256098
62880 30 0.000000 0.000000 0.000000 2.073171 9.207317 8.780488
62885 30 0.000000 0.000000 0.000000 2.256098 6.768293 11.829268
62890 30 0.000000 0.000000 0.000000 0.670732 0.121951 12.012196
62895 30 0.000000 0.000000 0.000000 -3.963415 -3.292683 5.792683
62900 30 0.000000 0.000000 0.000000 -6.402439 -2.012195 6.646342
62905 30 0.000000 0.000000 0.000000 -5.914634 -3.475610 12.073171
62910 30 0.000000 0.000000 0.000000 -7.865854 -4.268293 14.085366
62915 30 0.000000 0.000000 0.000000 -10.914635 -5.609756 9.146341
62920 30 0.000000 0.000000 0.000000 -12.378049 -4.146341 8.658537
62925 30 0.000000 0.000000 0.000000 -12.865854 -4.024390 11.890244
62930 30 0.000000 0.000000 0.000000 -17.012196 -3.902439 12.134147
62935 30 0.000000 0.000000 0.000000 -18.841463 -2.621951 11.280488
62940 30 0.000000 0.000000 0.000000 -17.439024 1.890244 17.317074
62945 30 0.000000 0.000000 0.000000 -20.365854 0.792683 17.926830
62950 30 0.000000 0.000000 0.000000 -22.378050 0.000000 15.426829
62955 30 0.000000 0.000000 0.000000 -19.573172 2.621951 15.609756
62960 30 0.000000 0.000000 0.000000 -11.829268 6.280488 19.756098
62965 30 0.000000 0.000000 0.000000 -11.585366 8.841464 15.182927
62970 30 0.000000 0.000000 0.000000 -12.987805 9.390244 10.182927
62975 30 0.000000 0.000000 0.000000 -13.902439 8.109756 8.658537
62980 30 0.000000 0.000000 0.000000 -11.768293 2.926829 6.707317
62985 30 0.000000 0.000000 0.000000 -1.951220 0.731707 11.402439
62990 30 0.000000 0.000000 0.000000 5.365854 -2.378049 10.670732
62995 30 0.000000 0.000000 0.000000 7.926829 -4.024390 2.560976
63000 30 0.000000 0.000000 0.000000 9.695122 -2.073171 -8.780488
63005 30 0.000000 0.000000 0.000000 -1.280488 -2.621951 -9.878049
63010 30 0.000000 0.000000 0.000000 -13.780488 -4.146341 -7.987805
63015 30 0.000000 0.000000 0.000000 -15.000000 -4.390244 -9.329268
63020 30 0.000000 0.000000 0.000000 -8.292683 -3.353659 -13.353659
63025 30 0.000000 0.000000 0.000000 -12.439025 -10.914635 -17.804878
63030 30 0.000000 0.000000 0.000000 -16.402439 -14.939025 -18.780489
63035 30 0.000000 0.000000 0.000000 -12.012196 -9.451220 -16.341463
63040 30 0.000000 0.000000 0.000000 -3.292683 -4.695122 -16.402439
63045 30 0.000000 0.000000 0.000000 -0.243902 -3.292683 -15.365854
63050 30 0.000000 0.000000 0.000000 2.195122 -4.573171 -15.365854
63055 30 0.000000 0.000000 0.000000 5.792683 -6.402439 -18.963415
63060 30 0.000000 0.000000 0.000000 11.524390 -7.256098 -27.195122
63065 30 0.000000 0.000000 0.000000 19.512196 -4.695122 -20.975611
63070 30 0.000000 0.000000 0.000000 23.353659 -0.792683 -14.146341
63075 30 0.000000 0.000000 0.000000 21.890244 0.670732 -15.182927
63080 30 0.000000 0.000000 0.000000 19.756098 4.756098 -18.963415
63085 30 0.000000 0.000000 0.000000 19.756098 10.609756 -16.951220
63090 30 0.000000 0.000000 0.000000 18.902439 15.060976 -12.560976
63095 30 0.000000 0.000000 0.000000 11.219512 16.524391 -11.402439
63100 30 0.000000 0.000000 0.000000 -3.597561 15.426829 -12.987805
63105 30 0.000000 0.000000 0.000000 -4.817073 15.609756 -9.268292
63110 30 0.000000 0.000000 0.000000 -4.085366 16.219513 -5.121951
63115 30 0.000000 0.000000 0.000000 -2.378049 17.560976 0.000000
63120 30 0.000000 0.000000 0.000000 -0.243902 14.573171 -1.951220
63125 30 0.000000 0.000000 0.000000 0.121951 13.048780 6.097561
63130 30 0.000000 0.000000 0.000000 -2.012195 9.085366 10.853659
63135 30 0.000000 0.000000 0.000000 -5.609756 3.658537 4.695122
63140 30 0.000000 0.000000 0.000000 -5.731708 -3.414634 5.426829
63145 30 0.000000 0.000000 0.000000 -3.170732 -2.987805 7.500000
63150 30 0.000000 0.000000 0.000000 -2.560976 2.073171 8.475610
63155 30 0.000000 0.000000 0.000000 -6.280488 -0.487805 5.365854
63160 30 0.000000 0.000000 0.000000 -12.378049 -9.207317 8.170732
63165 30 0.000000 0.000000 0.000000 -8.109756 -5.548780 12.682927
63170 30 0.000000 0.000000 0.000000 -4.939024 1.402439 12.804878
63175 30 0.000000 0.000000 0.000000 -11.890244 1.341463 11.158537
63180 30 0.000000 0.000000 0.000000 -19.817074 -3.719512 12.682927
63185 30 0.000000 0.000000 0.000000 -13.292684 -1.524390 12.926829
63190 30 0.000000 0.000000 0.000000 -2.926829 3.414634 14.024390
63195 30 0.000000 0.000000 0.000000 -3.231707 6.036585 13.963415
63200 30 0.000000 0.000000 0.000000 -3.536585 7.439024 19.512196
63205 30 0.000000 0.000000 0.000000 2.682927 4.512195 17.804878
63210 30 0.000000 0.000000 0.000000 7.134147 1.280488 11.158537
63215 30 0.000000 0.000000 0.000000 10.243902 3.231707 12.195122
63220 30 0.000000 0.000000 0.000000 14.329268 9.573171 19.207317
63225 30 0.000000 0.000000 0.000000 7.012195 2.012195 8.719512
63230 30 0.000000 0.000000 0.000000 1.341463 -5.548780 -1.829268
63235 30 0.000000 0.000000 0.000000 0.731707 -5.731708 0.121951
63240 30 0.000000 0.000000 0.000000 5.731708 -1.890244 8.475610
63245 30 0.000000 0.000000 0.000000 -4.695122 -4.695122 0.914634
63250 30 0.000000 0.000000 0.000000 -14.634147 -6.890244 -7.439024
63255 30 0.000000 0.000000 0.000000 -15.609756 -6.707317 -3.902439
63260 30 0.000000 0.000000 0.000000 -11.219512 -4.207317 3.963415
63265 30 0.000000 0.000000 0.000000 -17.378050 -3.475610 0.914634
63270 30 0.000000 0.000000 0.000000 -19.817074 -3.963415 -3.475610
63275 30 0.000000 0.000000 0.000000 -15.731708 -4.634146 -1.280488
63280 30 0.000000 0.000000 0.000000 -8.902439 -8.292683 1.829268
63285 30 0.000000 0.000000 0.000000 -5.121951 -8.292683 -0.670732
63290 30 0.000000 0.000000 0.000000 -3.536585 -7.378049 -2.378049
63295 30 0.000000 0.000000 0.000000 -3.597561 -8.292683 -3.414634
63300 30 0.000000 0.000000 0.000000 -7.560976 -10.975610 -6.951220
63305 30 0.000000 0.000000 0.000000 -2.500000 -5.670732 -1.646341
