[ ---- PITCH ---- ]	P = 1.2		I = 0.2		D = 0.5
[ ---- ROLL ----- ]	P = 1.2		I = 0.2		D = 0.5
[ ---- GyroX ---- ]	P = 1.3		I = 0.0		D = 0.0
[ ---- GyroY ---- ]	P = 1.3		I = 0.0		D = 0.0
[ ---- GyroZ ---- ]	P = 1.2		I = 0.0		D = 0.0
[ ---- Type ----- ]	AngularPID
-----------------------------------------------------------------------------
19704 47 0.000000 0.000000 0.000000 4.146341 3.292683 1.097561
19709 47 0.000000 0.000000 0.000000 5.426829 2.743902 -2.439024
19714 47 0.000000 0.000000 0.000000 4.878049 4.939024 -4.878049
19719 47 0.000000 0.000000 0.000000 2.317073 6.829268 -6.707317
19724 47 0.000000 0.000000 0.000000 -0.182927 5.182927 -4.512195
19729 47 0.000000 0.000000 0.000000 -2.256098 3.231707 -1.524390
19734 47 0.000000 0.000000 0.000000 -1.646341 2.621951 0.304878
19739 47 0.000000 0.000000 0.000000 2.439024 0.243902 -0.060976
19744 47 0.000000 0.000000 0.000000 3.658537 -2.073171 -3.048780
19749 47 0.000000 0.000000 0.000000 -0.365854 -3.414634 -2.926829
19754 47 0.000000 0.000000 0.000000 -2.926829 -5.914634 -2.987805
19759 47 0.000000 0.000000 0.000000 -3.231707 -9.878049 -2.500000
19764 47 0.000000 0.000000 0.000000 -3.841464 -11.158537 -2.073171
19769 47 0.000000 0.000000 0.000000 -3.292683 -9.329268 -0.365854
19774 47 0.000000 0.000000 0.000000 -2.073171 -6.890244 -1.158537
19779 47 0.000000 0.000000 0.000000 -1.646341 -5.853659 -1.463415
19784 47 0.000000 0.000000 0.000000 -0.182927 -6.402439 0.792683
19789 47 0.000000 0.000000 0.000000 0.548781 -5.060976 2.865854
19794 47 0.000000 0.000000 0.000000 -1.585366 0.060976 2.439024
19799 47 0.000000 0.000000 0.000000 -1.097561 3.292683 0.609756
19804 47 0.000000 0.000000 0.000000 0.670732 4.390244 -2.560976
19809 47 0.000000 0.000000 0.000000 2.439024 4.817073 -6.158537
19814 47 0.000000 0.000000 0.000000 1.829268 7.378049 -6.158537
19819 47 0.000000 0.000000 0.000000 -0.243902 11.707317 -1.158537
19824 47 0.000000 0.000000 0.000000 -0.243902 13.902439 5.548780
19829 47 0.000000 0.000000 0.000000 2.500000 13.048780 11.524390
19834 47 0.000000 0.000000 0.000000 4.207317 10.182927 11.219512
19839 47 0.000000 0.000000 0.000000 2.865854 7.256098 6.890244
19844 47 0.000000 0.000000 0.000000 0.670732 4.024390 1.951220
19849 47 0.000000 0.000000 0.000000 -1.890244 2.256098 -1.219512
19854 47 0.000000 0.000000 0.000000 -1.341463 2.073171 -7.134147
19859 47 0.000000 0.000000 0.000000 0.792683 1.097561 -12.134147
19864 47 0.000000 0.000000 0.000000 -1.036585 1.402439 -13.902439
19869 47 0.000000 0.000000 0.000000 -1.036585 3.536585 -12.073171
19874 47 0.000000 0.000000 0.000000 -0.426829 5.548780 -9.817074
19879 47 0.000000 0.000000 0.000000 -1.463415 8.597561 -8.475610
19884 47 0.000000 0.000000 0.000000 -1.829268 12.865854 -7.987805
19889 47 0.000000 0.000000 0.000000 -1.219512 14.939025 -4.146341
19894 47 0.000000 0.000000 0.000000 -1.463415 13.780488 -2.682927
19899 47 0.000000 0.000000 0.000000 -0.121951 11.585366 -3.170732
19904 47 0.000000 0.000000 0.000000 4.878049 9.878049 -3.353659
19909 47 0.000000 0.000000 0.000000 8.048780 8.353659 -2.500000
19914 47 0.000000 0.000000 0.000000 7.500000 8.109756 1.890244
19919 47 0.000000 0.000000 0.000000 4.939024 8.353659 5.731708
19924 47 0.000000 0.000000 0.000000 2.682927 6.158537 11.036586
19929 47 0.000000 0.000000 0.000000 1.585366 3.597561 13.414635
19934 47 0.000000 0.000000 0.000000 3.414634 -0.182927 13.658537
19939 47 0.000000 0.000000 0.000000 5.670732 -3.658537 14.878049
19944 47 0.000000 0.000000 0.000000 6.890244 -4.512195 14.634147
19949 47 0.000000 0.000000 0.000000 8.353659 -4.146341 11.341464
19954 47 0.000000 0.000000 0.000000 9.024390 -5.853659 8.109756
19959 47 0.000000 0.000000 0.000000 8.414635 -7.073171 4.817073
19964 47 0.000000 0.000000 0.000000 7.743903 -8.963415 2.560976
19969 47 0.000000 0.000000 0.000000 6.829268 -12.256098 0.914634
19974 47 0.000000 0.000000 0.000000 5.121951 -13.536586 -1.707317
19979 47 0.000000 0.000000 0.000000 6.036585 -12.195122 -6.341464
19984 47 0.000000 0.000000 0.000000 8.170732 -11.402439 -5.792683
19989 47 0.000000 0.000000 0.000000 7.256098 -9.390244 -3.902439
19994 47 0.000000 0.000000 0.000000 7.195122 -6.585366 -2.012195
19999 47 0.000000 0.000000 0.000000 6.707317 -3.780488 -1.341463
20004 47 0.000000 0.000000 0.000000 7.012195 -0.975610 -1.219512
20009 47 0.000000 0.000000 0.000000 6.890244 0.548781 -0.121951
20014 47 0.000000 0.000000 0.000000 5.060976 2.317073 3.109756
20019 47 0.000000 0.000000 0.000000 3.902439 5.426829 4.817073
20024 47 0.000000 0.000000 0.000000 3.475610 7.560976 7.439024
20029 47 0.000000 0.000000 0.000000 3.292683 8.841464 10.670732
20034 47 0.000000 0.000000 0.000000 4.146341 9.390244 13.902439
20039 47 0.000000 0.000000 0.000000 4.024390 9.451220 14.512196
20044 47 0.000000 0.000000 0.000000 5.000000 9.207317 11.524390
20049 47 0.000000 0.000000 0.000000 2.743902 4.634146 6.890244
20054 47 0.000000 0.000000 0.000000 0.548781 -1.280488 6.951220
20059 47 0.000000 0.000000 0.000000 2.134146 -5.548780 8.353659
20064 47 0.000000 0.000000 0.000000 2.987805 -8.475610 9.146341
20069 47 0.000000 0.000000 0.000000 1.951220 -8.902439 9.451220
20074 47 0.000000 0.000000 0.000000 0.060976 -7.317073 8.109756
20079 47 0.000000 0.000000 0.000000 -2.073171 -3.475610 8.048780
20084 47 0.000000 0.000000 0.000000 -4.451220 -0.121951 9.146341
20089 47 0.000000 0.000000 0.000000 -5.670732 2.804878 12.804878
20094 47 0.000000 0.000000 0.000000 -3.231707 3.963415 16.585365
20099 47 0.000000 0.000000 0.000000 0.121951 3.658537 14.146341
20104 47 0.000000 0.000000 0.000000 1.829268 1.463415 6.707317
20109 47 0.000000 0.000000 0.000000 2.621951 -1.524390 2.926829
20114 47 0.000000 0.000000 0.000000 0.487805 -5.487805 2.012195
20119 47 0.000000 0.000000 0.000000 -1.341463 -7.439024 2.012195
20124 47 0.000000 0.000000 0.000000 -2.012195 -9.756098 3.536585
20129 47 0.000000 0.000000 0.000000 -3.353659 -14.207317 5.365854
20134 47 0.000000 0.000000 0.000000 -3.048780 -19.756098 7.682927
20139 47 0.000000 0.000000 0.000000 -1.646341 -22.682928 8.414635
20144 47 0.000000 0.000000 0.000000 -1.585366 -20.365854 12.134147
20149 47 0.000000 0.000000 0.000000 -5.243903 -16.951220 16.341463
20154 47 0.000000 0.000000 0.000000 -7.621952 -16.097561 17.926830
20159 47 0.000000 0.000000 0.000000 -6.402439 -16.890244 18.048780
20164 47 0.000000 0.000000 0.000000 -4.390244 -17.865854 14.268293
20169 47 0.000000 0.000000 0.000000 -2.682927 -17.134148 9.390244
20174 47 0.000000 0.000000 0.000000 -3.292683 -14.939025 6.219512
20179 47 0.000000 0.000000 0.000000 -2.682927 -13.658537 9.512196
20184 47 0.000000 0.000000 0.000000 -3.353659 -11.097561 13.841464
20189 47 0.000000 0.000000 0.000000 -6.036585 -7.987805 12.500000
20194 47 0.000000 0.000000 0.000000 -9.939025 -6.219512 9.695122
20199 47 0.000000 0.000000 0.000000 -13.048780 -6.646342 8.536586
20204 47 0.000000 0.000000 0.000000 -12.743903 -9.878049 8.780488
20209 47 0.000000 0.000000 0.000000 -9.268292 -9.878049 10.304878
20214 47 0.000000 0.000000 0.000000 -9.451220 -7.256098 12.621951
20219 47 0.000000 0.000000 0.000000 -12.865854 -5.243903 14.878049
20224 47 0.000000 0.000000 0.000000 -13.963415 -2.500000 16.219513
20229 47 0.000000 0.000000 0.000000 -13.414635 0.000000 15.548780
20234 47 0.000000 0.000000 0.000000 -12.134147 0.426829 13.536586
20239 47 0.000000 0.000000 0.000000 -9.207317 0.609756 11.036586
20244 47 0.000000 0.000000 0.000000 -8.536586 1.280488 6.646342
20249 47 0.000000 0.000000 0.000000 -9.817074 3.414634 1.280488
20254 47 0.000000 0.000000 0.000000 -13.841464 7.012195 -3.048780
20259 47 0.000000 0.000000 0.000000 -16.402439 9.085366 -7.682927
20264 47 0.000000 0.000000 0.000000 -13.109756 10.670732 -9.573171
20269 47 0.000000 0.000000 0.000000 -10.365854 14.634147 -11.402439
20274 47 0.000000 0.000000 0.000000 -8.841464 18.658537 -16.829269
20279 47 0.000000 0.000000 0.000000 -8.414635 20.792683 -17.621952
20284 47 0.000000 0.000000 0.000000 -10.060976 20.853659 -10.670732
20289 47 0.000000 0.000000 0.000000 -13.353659 22.439024 -7.195122
20294 47 0.000000 0.000000 0.000000 -15.670732 24.024391 -6.036585
20299 47 0.000000 0.000000 0.000000 -16.951220 22.012196 -7.743903
20304 47 0.000000 0.000000 0.000000 -15.975610 18.292683 -8.841464
20309 47 0.000000 0.000000 0.000000 -14.451220 12.987805 -10.121951
20314 47 0.000000 0.000000 0.000000 -12.560976 8.109756 -12.560976
20319 47 0.000000 0.000000 0.000000 -12.195122 3.292683 -15.670732
20324 47 0.000000 0.000000 0.000000 -13.780488 -0.487805 -18.719513
20329 47 0.000000 0.000000 0.000000 -12.256098 -2.621951 -19.878050
20334 47 0.000000 0.000000 0.000000 -9.939025 -2.743902 -19.390244
20339 47 0.000000 0.000000 0.000000 -11.280488 -4.756098 -19.939024
20344 47 0.000000 0.000000 0.000000 -13.048780 -8.231708 -19.939024
20349 47 0.000000 0.000000 0.000000 -10.975610 -9.146341 -17.500000
20354 47 0.000000 0.000000 0.000000 -7.804878 -7.500000 -11.280488
20359 47 0.000000 0.000000 0.000000 -6.036585 -3.414634 -3.780488
20364 47 0.000000 0.000000 0.000000 -4.756098 0.487805 -0.060976
20369 47 0.000000 0.000000 0.000000 -3.597561 0.000000 -2.560976
20374 47 0.000000 0.000000 0.000000 -3.902439 -3.353659 -6.158537
20379 47 0.000000 0.000000 0.000000 -6.280488 -8.841464 -7.500000
20384 47 0.000000 0.000000 0.000000 -6.097561 -15.853659 -9.146341
20389 47 0.000000 0.000000 0.000000 -4.878049 -20.731709 -10.975610
20394 47 0.000000 0.000000 0.000000 -3.841464 -20.304878 -11.768293
20399 47 0.000000 0.000000 0.000000 -4.024390 -16.463415 -10.182927
20404 47 0.000000 0.000000 0.000000 -1.219512 -12.500000 -5.000000
20409 47 0.000000 0.000000 0.000000 3.231707 -10.060976 -3.780488
20414 47 0.000000 0.000000 0.000000 4.390244 -7.256098 -5.609756
20419 47 0.000000 0.000000 0.000000 3.841464 -4.756098 -6.341464
20424 47 0.000000 0.000000 0.000000 4.146341 0.000000 -5.975610
20429 47 0.000000 0.000000 0.000000 4.939024 5.243903 -6.890244
20434 47 0.000000 0.000000 0.000000 3.780488 7.804878 -4.817073
20439 47 0.000000 0.000000 0.000000 3.780488 9.878049 -3.109756
20444 47 0.000000 0.000000 0.000000 5.487805 15.060976 -0.060976
20449 47 0.000000 0.000000 0.000000 5.487805 20.548780 4.146341
20454 47 0.000000 0.000000 0.000000 3.475610 22.012196 5.609756
20459 47 0.000000 0.000000 0.000000 2.317073 21.036587 5.792683
20464 47 0.000000 0.000000 0.000000 1.524390 18.536585 5.731708
20469 47 0.000000 0.000000 0.000000 2.317073 15.487805 3.902439
20474 47 0.000000 0.000000 0.000000 0.975610 11.524390 -0.182927
20479 47 0.000000 0.000000 0.000000 -0.975610 7.012195 -3.170732
20484 47 0.000000 0.000000 0.000000 -1.890244 2.926829 -3.658537
20489 47 0.000000 0.000000 0.000000 -3.414634 -0.060976 -4.573171
20494 47 0.000000 0.000000 0.000000 -4.817073 -2.743902 -4.085366
20499 47 0.000000 0.000000 0.000000 -2.317073 -3.658537 1.280488
20504 47 0.000000 0.000000 0.000000 -1.036585 -3.841464 5.121951
20509 47 0.000000 0.000000 0.000000 -3.292683 -4.939024 2.317073
20514 47 0.000000 0.000000 0.000000 -4.634146 -7.256098 -1.036585
20519 47 0.000000 0.000000 0.000000 -4.451220 -6.951220 -3.475610
20524 47 0.000000 0.000000 0.000000 -5.182927 -5.000000 -7.682927
20529 47 0.000000 0.000000 0.000000 -3.292683 -2.378049 -11.646341
20534 47 0.000000 0.000000 0.000000 -1.829268 0.000000 -13.597561
20539 47 0.000000 0.000000 0.000000 -2.865854 1.402439 -12.439025
20544 47 0.000000 0.000000 0.000000 -5.243903 0.975610 -8.902439
20549 47 0.000000 0.000000 0.000000 -7.621952 0.609756 -7.195122
20554 47 0.000000 0.000000 0.000000 -6.585366 0.914634 -8.170732
20559 47 0.000000 0.000000 0.000000 -3.475610 0.000000 -7.804878
20564 47 0.000000 0.000000 0.000000 -2.865854 -4.390244 -4.146341
20569 47 0.000000 0.000000 0.000000 -5.182927 -8.902439 -1.829268
20574 47 0.000000 0.000000 0.000000 -6.463415 -9.512196 -0.975610
20579 47 0.000000 0.000000 0.000000 -4.573171 -5.365854 -2.926829
20584 47 0.000000 0.000000 0.000000 -2.073171 -1.219512 -5.000000
20589 47 0.000000 0.000000 0.000000 -3.109756 -2.682927 -7.012195
20594 47 0.000000 0.000000 0.000000 -3.109756 -4.573171 -5.853659
20599 47 0.000000 0.000000 0.000000 -1.402439 -5.731708 -3.170732
20604 47 0.000000 0.000000 0.000000 0.182927 -6.341464 -2.560976
20609 47 0.000000 0.000000 0.000000 2.987805 -4.207317 -4.329268
20614 47 0.000000 0.000000 0.000000 2.134146 -0.792683 -5.182927
20619 47 0.000000 0.000000 0.000000 1.707317 1.524390 -4.207317
20624 47 0.000000 0.000000 0.000000 1.219512 2.378049 -5.365854
20629 47 0.000000 0.000000 0.000000 -0.121951 4.573171 -6.280488
20634 47 0.000000 0.000000 0.000000 -1.036585 8.048780 -4.390244
20639 47 0.000000 0.000000 0.000000 -1.524390 11.707317 -0.609756
20644 47 0.000000 0.000000 0.000000 -2.317073 15.426829 3.414634
20649 47 0.000000 0.000000 0.000000 -1.829268 17.987804 2.865854
20654 47 0.000000 0.000000 0.000000 -1.158537 17.865854 -0.853659
20659 47 0.000000 0.000000 0.000000 -0.365854 16.951220 -2.439024
20664 47 0.000000 0.000000 0.000000 1.158537 15.243903 0.243902
20669 47 0.000000 0.000000 0.000000 2.256098 11.768293 2.439024
20674 47 0.000000 0.000000 0.000000 1.036585 7.378049 0.670732
20679 47 0.000000 0.000000 0.000000 -0.426829 1.768293 -2.743902
20684 47 0.000000 0.000000 0.000000 0.426829 -2.500000 -3.963415
20689 47 0.000000 0.000000 0.000000 2.560976 -4.329268 -1.951220
20694 47 0.000000 0.000000 0.000000 3.719512 -5.304878 3.353659
20699 47 0.000000 0.000000 0.000000 1.524390 -5.060976 6.219512
20704 47 0.000000 0.000000 0.000000 -0.487805 -3.658537 6.463415
20709 47 0.000000 0.000000 0.000000 0.243902 0.121951 6.402439
20714 47 0.000000 0.000000 0.000000 1.463415 6.402439 5.792683
20719 47 0.000000 0.000000 0.000000 1.341463 10.670732 3.414634
20724 47 0.000000 0.000000 0.000000 0.609756 10.670732 2.195122
20729 47 0.000000 0.000000 0.000000 0.000000 7.560976 1.768293
20734 47 0.000000 0.000000 0.000000 -0.182927 4.024390 1.829268
20739 47 0.000000 0.000000 0.000000 -0.853659 1.341463 4.268293
20744 47 0.000000 0.000000 0.000000 -1.341463 3.109756 6.890244
20749 47 0.000000 0.000000 0.000000 -3.536585 5.914634 5.792683
20754 47 0.000000 0.000000 0.000000 -4.695122 6.768293 4.390244
20759 47 0.000000 0.000000 0.000000 -5.426829 3.353659 2.743902
20764 47 0.000000 0.000000 0.000000 -4.939024 -1.341463 1.036585
20769 47 0.000000 0.000000 0.000000 -4.024390 -4.024390 1.890244
20774 47 0.000000 0.000000 0.000000 -3.536585 -4.695122 2.378049
20779 47 0.000000 0.000000 0.000000 -2.743902 -6.280488 0.304878
20784 47 0.000000 0.000000 0.000000 -4.390244 -9.634147 1.097561
20789 47 0.000000 0.000000 0.000000 -4.207317 -12.804878 2.926829
20794 47 0.000000 0.000000 0.000000 -2.439024 -12.682927 2.804878
20799 47 0.000000 0.000000 0.000000 -3.109756 -11.341464 1.890244
20804 47 0.000000 0.000000 0.000000 -5.426829 -12.012196 1.158537
20809 47 0.000000 0.000000 0.000000 -3.719512 -15.182927 1.829268
20814 47 0.000000 0.000000 0.000000 -2.560976 -17.743902 -2.134146
20819 47 0.000000 0.000000 0.000000 -2.621951 -18.841463 -4.512195
20824 47 0.000000 0.000000 0.000000 -3.170732 -19.146341 -4.695122
20829 47 0.000000 0.000000 0.000000 -4.024390 -18.841463 -2.743902
20834 47 0.000000 0.000000 0.000000 -3.780488 -17.195122 2.012195
20839 47 0.000000 0.000000 0.000000 -2.012195 -12.500000 3.536585
20844 47 0.000000 0.000000 0.000000 0.670732 -8.048780 1.768293
20849 47 0.000000 0.000000 0.000000 1.646341 -3.048780 0.365854
20854 47 0.000000 0.000000 0.000000 -0.426829 0.792683 0.975610
20859 47 0.000000 0.000000 0.000000 -1.280488 4.634146 1.463415
20864 47 0.000000 0.000000 0.000000 0.121951 10.365854 1.463415
20869 47 0.000000 0.000000 0.000000 1.463415 16.280489 0.182927
20874 47 0.000000 0.000000 0.000000 1.158537 18.109756 0.670732
20879 47 0.000000 0.000000 0.000000 2.682927 16.158537 3.719512
20884 47 0.000000 0.000000 0.000000 4.939024 15.243903 4.207317
20889 47 0.000000 0.000000 0.000000 5.609756 15.365854 2.804878
20894 47 0.000000 0.000000 0.000000 5.182927 15.000000 4.817073
20899 47 0.000000 0.000000 0.000000 5.243903 13.109756 8.170732
20904 47 0.000000 0.000000 0.000000 5.426829 9.573171 5.182927
20909 47 0.000000 0.000000 0.000000 4.146341 4.878049 2.012195
20914 47 0.000000 0.000000 0.000000 4.085366 3.292683 -0.792683
20919 47 0.000000 0.000000 0.000000 5.304878 4.817073 -3.231707
20924 47 0.000000 0.000000 0.000000 6.219512 5.609756 -4.573171
20929 47 0.000000 0.000000 0.000000 5.487805 7.621952 -4.207317
20934 47 0.000000 0.000000 0.000000 2.378049 10.975610 -0.304878
20939 47 0.000000 0.000000 0.000000 0.182927 13.597561 3.536585
20944 47 0.000000 0.000000 0.000000 0.792683 15.304878 3.597561
20949 47 0.000000 0.000000 0.000000 2.073171 15.975610 3.170732
20954 47 0.000000 0.000000 0.000000 1.463415 12.865854 0.914634
20959 47 0.000000 0.000000 0.000000 -0.548781 7.256098 -1.341463
20964 47 0.000000 0.000000 0.000000 -2.439024 2.987805 -3.109756
20969 47 0.000000 0.000000 0.000000 -3.902439 1.036585 -5.670732
20974 47 0.000000 0.000000 0.000000 -1.890244 -1.036585 -7.987805
20979 47 0.000000 0.000000 0.000000 1.646341 -2.682927 -8.780488
20984 47 0.000000 0.000000 0.000000 1.829268 -1.951220 -7.378049
20989 47 0.000000 0.000000 0.000000 -0.182927 -1.402439 -6.890244
20994 47 0.000000 0.000000 0.000000 -1.585366 -1.402439 -7.256098
20999 47 0.000000 0.000000 0.000000 -3.780488 -0.975610 -10.182927
21004 47 0.000000 0.000000 0.000000 -7.073171 -2.804878 -12.987805
21009 47 0.000000 0.000000 0.000000 -8.475610 -4.939024 -14.451220
21014 47 0.000000 0.000000 0.000000 -6.463415 -6.402439 -17.865854
21019 47 0.000000 0.000000 0.000000 -3.292683 -7.439024 -22.987806
21024 47 0.000000 0.000000 0.000000 -2.743902 -6.951220 -23.536587
21029 47 0.000000 0.000000 0.000000 -5.914634 -4.695122 -20.182928
21034 47 0.000000 0.000000 0.000000 -8.170732 -2.926829 -15.792684
21039 47 0.000000 0.000000 0.000000 -7.195122 -0.853659 -12.256098
21044 47 0.000000 0.000000 0.000000 -7.195122 0.365854 -10.000000
21049 47 0.000000 0.000000 0.000000 -6.463415 0.853659 -3.658537
21054 47 0.000000 0.000000 0.000000 -3.353659 4.085366 3.231707
21059 47 0.000000 0.000000 0.000000 -0.365854 8.719512 5.304878
21064 47 0.000000 0.000000 0.000000 -0.121951 10.487805 -0.182927
21069 47 0.000000 0.000000 0.000000 -0.731707 5.670732 -4.756098
21074 47 0.000000 0.000000 0.000000 0.975610 -1.036585 -5.670732
21079 47 0.000000 0.000000 0.000000 3.841464 -2.743902 -6.768293
21084 47 0.000000 0.000000 0.000000 5.060976 2.073171 -5.121951
21089 47 0.000000 0.000000 0.000000 3.841464 8.536586 -4.573171
21094 47 0.000000 0.000000 0.000000 0.853659 10.365854 -3.048780
21099 47 0.000000 0.000000 0.000000 1.219512 9.756098 1.585366
21104 47 0.000000 0.000000 0.000000 3.170732 10.914635 2.317073
21109 47 0.000000 0.000000 0.000000 4.451220 9.817074 -1.097561
21114 47 0.000000 0.000000 0.000000 4.573171 5.853659 -7.865854
21119 47 0.000000 0.000000 0.000000 3.292683 1.646341 -13.353659
21124 47 0.000000 0.000000 0.000000 1.158537 -0.792683 -12.682927
21129 47 0.000000 0.000000 0.000000 -0.914634 0.304878 -11.585366
21134 47 0.000000 0.000000 0.000000 -1.585366 -0.670732 -12.743903
21139 47 0.000000 0.000000 0.000000 -0.853659 -1.707317 -11.280488
21144 47 0.000000 0.000000 0.000000 -1.707317 -1.829268 -7.439024
21149 47 0.000000 0.000000 0.000000 -3.292683 0.487805 -1.768293
21154 47 0.000000 0.000000 0.000000 -2.621951 6.646342 0.792683
21159 47 0.000000 0.000000 0.000000 -4.329268 11.219512 0.243902
21164 47 0.000000 0.000000 0.000000 -4.756098 13.414635 -1.158537
21169 47 0.000000 0.000000 0.000000 -4.390244 14.268293 -2.865854
21174 47 0.000000 0.000000 0.000000 -3.475610 15.121951 -4.756098
21179 47 0.000000 0.000000 0.000000 -1.951220 15.121951 -5.487805
21184 47 0.000000 0.000000 0.000000 -1.707317 11.280488 -3.780488
21189 47 0.000000 0.000000 0.000000 -1.646341 6.951220 -0.792683
21194 47 0.000000 0.000000 0.000000 -1.463415 5.365854 1.402439
21199 47 0.000000 0.000000 0.000000 -2.378049 5.182927 2.500000
21204 47 0.000000 0.000000 0.000000 -2.439024 5.731708 1.097561
21209 47 0.000000 0.000000 0.000000 -3.170732 5.731708 0.609756
21214 47 0.000000 0.000000 0.000000 -3.719512 5.304878 2.195122
21219 47 0.000000 0.000000 0.000000 -2.378049 5.243903 3.719512
21224 47 0.000000 0.000000 0.000000 -1.829268 4.329268 2.804878
21229 47 0.000000 0.000000 0.000000 -3.109756 3.292683 0.365854
21234 47 0.000000 0.000000 0.000000 -5.243903 1.951220 -3.170732
21239 47 0.000000 0.000000 0.000000 -4.756098 -1.585366 -4.207317
21244 47 0.000000 0.000000 0.000000 -3.292683 -3.414634 -3.109756
21249 47 0.000000 0.000000 0.000000 -2.378049 -0.365854 -1.951220
21254 47 0.000000 0.000000 0.000000 -1.097561 4.451220 -0.609756
21259 47 0.000000 0.000000 0.000000 -3.414634 7.682927 1.097561
21264 47 0.000000 0.000000 0.000000 -7.012195 5.548780 2.256098
21269 47 0.000000 0.000000 0.000000 -7.682927 -1.280488 1.829268
21274 47 0.000000 0.000000 0.000000 -6.158537 -8.780488 -0.060976
21279 47 0.000000 0.000000 0.000000 -4.695122 -11.646341 -4.146341
21284 47 0.000000 0.000000 0.000000 -3.536585 -11.097561 -4.878049
21289 47 0.000000 0.000000 0.000000 -2.195122 -11.097561 0.487805
21294 47 0.000000 0.000000 0.000000 -5.609756 -8.353659 4.146341
21299 47 0.000000 0.000000 0.000000 -8.231708 -2.987805 7.926829
21304 47 0.000000 0.000000 0.000000 -6.707317 3.719512 6.463415
21309 47 0.000000 0.000000 0.000000 -6.341464 8.719512 -0.609756
21314 47 0.000000 0.000000 0.000000 -5.365854 10.609756 -8.109756
21319 47 0.000000 0.000000 0.000000 -2.682927 12.865854 -15.304878
21324 47 0.000000 0.000000 0.000000 -0.792683 14.512196 -20.487804
21329 47 0.000000 0.000000 0.000000 0.000000 15.182927 -18.719513
21334 47 0.000000 0.000000 0.000000 -0.060976 12.012196 -14.146341
21339 47 0.000000 0.000000 0.000000 2.621951 7.439024 -7.134147
21344 47 0.000000 0.000000 0.000000 5.731708 4.634146 1.219512
21349 47 0.000000 0.000000 0.000000 6.890244 2.256098 10.304878
21354 47 0.000000 0.000000 0.000000 7.743903 -1.097561 18.719513
21359 47 0.000000 0.000000 0.000000 8.353659 -9.085366 23.963415
21364 47 0.000000 0.000000 0.000000 8.475610 -15.487805 25.060976
21369 47 0.000000 0.000000 0.000000 6.646342 -15.182927 22.012196
21374 47 0.000000 0.000000 0.000000 6.036585 -10.975610 19.756098
21379 47 0.000000 0.000000 0.000000 8.170732 -6.829268 16.402439
21384 47 0.000000 0.000000 0.000000 12.743903 -6.036585 11.829268
21389 47 0.000000 0.000000 0.000000 16.036585 -5.731708 9.146341
21394 47 0.000000 0.000000 0.000000 16.036585 -3.658537 5.853659
21399 47 0.000000 0.000000 0.000000 12.195122 -1.585366 3.292683
21404 47 0.000000 0.000000 0.000000 7.560976 1.402439 2.195122
21409 47 0.000000 0.000000 0.000000 7.134147 5.792683 0.182927
21414 47 0.000000 0.000000 0.000000 7.804878 12.987805 -1.280488
21419 47 0.000000 0.000000 0.000000 7.987805 19.939024 2.439024
21424 47 0.000000 0.000000 0.000000 5.243903 19.512196 8.597561
21429 47 0.000000 0.000000 0.000000 4.939024 16.463415 11.707317
21434 47 0.000000 0.000000 0.000000 4.451220 12.804878 11.280488
21439 47 0.000000 0.000000 0.000000 2.926829 7.195122 8.353659
21444 47 0.000000 0.000000 0.000000 4.085366 -1.036585 6.707317
21449 47 0.000000 0.000000 0.000000 6.097561 -10.000000 6.707317
21454 47 0.000000 0.000000 0.000000 2.682927 -16.158537 4.207317
21459 47 0.000000 0.000000 0.000000 -0.792683 -18.231709 1.646341
21464 47 0.000000 0.000000 0.000000 -2.500000 -18.170732 -0.609756
21469 47 0.000000 0.000000 0.000000 -2.256098 -18.475611 -3.841464
21474 47 0.000000 0.000000 0.000000 -1.585366 -19.085367 -7.134147
21479 47 0.000000 0.000000 0.000000 -3.780488 -17.926830 -10.853659
21484 47 0.000000 0.000000 0.000000 -6.768293 -13.475610 -8.780488
21489 47 0.000000 0.000000 0.000000 -7.987805 -7.256098 -3.353659
21494 47 0.000000 0.000000 0.000000 -9.024390 -2.682927 -1.341463
21499 47 0.000000 0.000000 0.000000 -7.743903 -1.219512 -1.951220
21504 47 0.000000 0.000000 0.000000 -5.243903 0.121951 -3.658537
21509 47 0.000000 0.000000 0.000000 -2.439024 5.304878 -3.170732
21514 47 0.000000 0.000000 0.000000 -0.731707 11.890244 0.975610
21519 47 0.000000 0.000000 0.000000 -2.865854 13.170732 1.829268
21524 47 0.000000 0.000000 0.000000 -1.219512 10.609756 -1.036585
21529 47 0.000000 0.000000 0.000000 2.073171 8.170732 -4.329268
21534 47 0.000000 0.000000 0.000000 -0.182927 6.036585 -4.756098
21539 47 0.000000 0.000000 0.000000 -2.500000 6.646342 -4.939024
21544 47 0.000000 0.000000 0.000000 -0.548781 8.414635 -7.804878
21549 47 0.000000 0.000000 0.000000 2.073171 8.780488 -8.292683
21554 47 0.000000 0.000000 0.000000 1.646341 10.548780 -4.878049
21559 47 0.000000 0.000000 0.000000 -0.853659 11.829268 -0.914634
21564 47 0.000000 0.000000 0.000000 -0.975610 10.182927 0.304878
21569 47 0.000000 0.000000 0.000000 -0.975610 6.341464 0.548781
21574 47 0.000000 0.000000 0.000000 -0.182927 0.792683 2.073171
21579 47 0.000000 0.000000 0.000000 0.853659 -2.682927 0.304878
21584 47 0.000000 0.000000 0.000000 0.670732 -3.353659 0.853659
21589 47 0.000000 0.000000 0.000000 -1.707317 -2.378049 2.317073
21594 47 0.000000 0.000000 0.000000 -1.524390 -2.560976 0.365854
21599 47 0.000000 0.000000 0.000000 1.890244 -5.426829 -1.341463
21604 47 0.000000 0.000000 0.000000 3.292683 -8.109756 -3.109756
21609 47 0.000000 0.000000 0.000000 2.256098 -7.134147 -4.695122
21614 47 0.000000 0.000000 0.000000 -0.548781 -5.792683 -6.341464
21619 47 0.000000 0.000000 0.000000 -1.219512 -4.634146 -6.829268
21624 47 0.000000 0.000000 0.000000 1.219512 -5.365854 -5.426829
21629 47 0.000000 0.000000 0.000000 0.426829 -8.414635 -2.804878
21634 47 0.000000 0.000000 0.000000 -1.768293 -9.939025 -0.121951
21639 47 0.000000 0.000000 0.000000 -2.256098 -8.597561 1.219512
21644 47 0.000000 0.000000 0.000000 -0.609756 -4.695122 3.536585
21649 47 0.000000 0.000000 0.000000 0.426829 0.609756 3.048780
21654 47 0.000000 0.000000 0.000000 0.853659 1.707317 0.975610
21659 47 0.000000 0.000000 0.000000 1.829268 1.585366 -2.500000
21664 47 0.000000 0.000000 0.000000 1.036585 3.231707 -5.060976
21669 47 0.000000 0.000000 0.000000 -0.365854 6.646342 -3.353659
21674 47 0.000000 0.000000 0.000000 -0.426829 12.134147 -2.926829
21679 47 0.000000 0.000000 0.000000 -1.768293 13.414635 -2.500000
21684 47 0.000000 0.000000 0.000000 -0.731707 13.292684 -2.804878
21689 47 0.000000 0.000000 0.000000 0.853659 11.951220 -4.756098
21694 47 0.000000 0.000000 0.000000 2.195122 9.634147 -7.560976
21699 47 0.000000 0.000000 0.000000 2.500000 9.146341 -7.621952
21704 47 0.000000 0.000000 0.000000 -0.182927 10.304878 -4.146341
21709 47 0.000000 0.000000 0.000000 -1.463415 12.195122 -3.597561
21714 47 0.000000 0.000000 0.000000 0.609756 11.219512 -3.841464
21719 47 0.000000 0.000000 0.000000 1.158537 7.560976 -1.646341
21724 47 0.000000 0.000000 0.000000 0.609756 4.207317 1.951220
21729 47 0.000000 -10.000000 0.000000 2.378049 -0.121951 3.109756
21734 47 0.000000 -10.000000 0.000000 2.804878 -6.463415 2.378049
21739 47 0.000000 -10.000000 0.000000 2.682927 -10.121951 -0.426829
21744 47 0.000000 -20.000000 0.000000 4.451220 -12.987805 -4.512195
21749 47 0.000000 -20.000000 0.000000 6.402439 -14.512196 -5.487805
21754 47 0.000000 -20.000000 0.000000 4.756098 -14.817074 -0.853659
21759 47 0.000000 -20.000000 0.000000 5.487805 -13.353659 5.487805
21764 47 0.000000 -20.000000 0.000000 5.000000 -11.524390 5.853659
21769 47 0.000000 -30.000000 0.000000 2.682927 -9.207317 -0.060976
21774 47 0.000000 -30.000000 0.000000 2.804878 -5.060976 -5.243903
21779 47 0.000000 -30.000000 0.000000 1.768293 -0.731707 -8.353659
21784 47 0.000000 -40.000000 0.000000 -0.365854 1.219512 -9.451220
21789 47 0.000000 -40.000000 0.000000 -0.243902 0.000000 -11.768293
21794 47 0.000000 -40.000000 0.000000 1.036585 -3.048780 -12.865854
21799 47 0.000000 -50.000000 0.000000 0.670732 -6.646342 -9.939025
21804 47 0.000000 -50.000000 0.000000 -1.402439 -9.207317 -2.926829
21809 47 0.000000 -60.000000 0.000000 -2.256098 -8.963415 3.902439
21814 47 0.000000 -60.000000 0.000000 -1.463415 -9.634147 7.317073
21819 47 0.000000 -60.000000 0.000000 -1.707317 -11.707317 9.939025
21824 47 0.000000 -70.000000 0.000000 -3.963415 -11.219512 10.670732
21829 47 0.000000 -70.000000 0.000000 -3.780488 -9.207317 6.646342
21834 47 0.000000 -70.000000 0.000000 -2.987805 -11.890244 0.304878
21839 47 0.000000 -70.000000 0.000000 -2.134146 -17.073172 -2.439024
21844 47 0.000000 -80.000000 0.000000 -0.548781 -22.500000 -3.841464
21849 47 0.000000 -80.000000 0.000000 0.304878 -25.731709 -6.768293
21854 47 0.000000 -80.000000 0.000000 0.243902 -28.231709 -7.804878
21859 47 0.000000 -80.000000 0.000000 -1.463415 -29.390245 -9.756098
21864 47 0.000000 -80.000000 0.000000 -2.987805 -29.634148 -10.731708
21869 47 0.000000 -80.000000 0.000000 -0.670732 -28.780489 -8.048780
21874 47 0.000000 -80.000000 0.000000 2.073171 -28.475611 -1.890244
21879 47 0.000000 -80.000000 0.000000 3.170732 -29.268293 0.487805
21884 47 0.000000 -80.000000 0.000000 4.695122 -29.634148 0.243902
21889 47 0.000000 -90.000000 0.000000 3.414634 -31.158537 0.975610
21894 47 0.000000 -90.000000 0.000000 0.548781 -30.365854 3.597561
21899 47 0.000000 -90.000000 0.000000 -0.365854 -28.292683 6.646342
21904 47 0.000000 -90.000000 0.000000 0.487805 -28.597561 7.012195
21909 47 0.000000 -90.000000 0.000000 2.012195 -30.548780 0.975610
21914 47 0.000000 -90.000000 0.000000 2.865854 -32.500000 -3.841464
21919 47 0.000000 -90.000000 0.000000 0.853659 -33.231709 -0.304878
21924 47 0.000000 -100.000000 0.000000 -2.012195 -34.756100 5.914634
21929 47 0.000000 -100.000000 0.000000 -2.317073 -38.597561 4.695122
21934 47 0.000000 -100.000000 0.000000 0.609756 -40.426830 1.707317
21939 47 0.000000 -100.000000 0.000000 2.378049 -36.524391 1.219512
21944 47 0.000000 -100.000000 0.000000 1.280488 -29.573172 -0.182927
21949 47 0.000000 -110.000000 0.000000 -2.500000 -24.512196 -2.256098
21954 47 0.000000 -110.000000 0.000000 -3.719512 -21.341463 -2.987805
21959 47 0.000000 -110.000000 0.000000 -3.658537 -18.841463 -6.524390
21964 47 0.000000 -110.000000 0.000000 -3.658537 -17.073172 -8.170732
21969 47 0.000000 -110.000000 0.000000 -1.707317 -16.158537 -4.329268
21974 47 0.000000 -110.000000 0.000000 1.524390 -14.878049 2.317073
21979 47 0.000000 -110.000000 0.000000 2.865854 -12.134147 6.768293
21984 47 0.000000 -110.000000 0.000000 3.658537 -10.670732 11.646341
21989 47 0.000000 -120.000000 0.000000 0.609756 -12.317074 11.768293
21994 47 0.000000 -120.000000 0.000000 -3.353659 -15.853659 4.451220
21999 47 0.000000 -120.000000 0.000000 -0.853659 -17.743902 -0.426829
22004 47 0.000000 -120.000000 0.000000 3.780488 -20.792683 -4.390244
22009 47 0.000000 -120.000000 0.000000 5.060976 -24.451220 -7.073171
22014 47 0.000000 -120.000000 0.000000 2.256098 -25.487806 -6.463415
22019 47 0.000000 -120.000000 0.000000 -0.243902 -24.451220 -5.243903
22024 47 0.000000 -120.000000 0.000000 -0.426829 -24.390244 -6.280488
22029 47 0.000000 -120.000000 0.000000 0.426829 -24.939026 -5.731708
22034 47 0.000000 -120.000000 0.000000 2.987805 -25.975611 -4.695122
22039 47 0.000000 -120.000000 0.000000 5.121951 -28.902439 -1.646341
22044 47 0.000000 -120.000000 0.000000 5.487805 -34.451221 0.304878
22049 47 0.000000 -120.000000 0.000000 4.512195 -40.914635 -0.975610
22054 47 0.000000 -120.000000 0.000000 4.756098 -49.329269 -5.731708
22059 47 0.000000 -120.000000 0.000000 6.219512 -54.878052 -5.914634
22064 47 0.000000 -120.000000 0.000000 6.463415 -58.597561 -1.524390
22069 47 0.000000 -120.000000 0.000000 7.439024 -61.097561 0.731707
22074 47 0.000000 -120.000000 0.000000 5.121951 -62.256100 -0.060976
22079 47 0.000000 -120.000000 0.000000 0.243902 -62.012196 -1.097561
22084 47 0.000000 -120.000000 0.000000 0.365854 -60.000000 0.182927
22089 47 0.000000 -130.000000 0.000000 1.707317 -57.134148 1.463415
22094 47 0.000000 -130.000000 0.000000 1.890244 -52.804878 1.097561
22099 47 0.000000 -130.000000 0.000000 0.914634 -49.085365 0.000000
22104 47 0.000000 -140.000000 0.000000 0.426829 -46.585365 -0.853659
22109 47 0.000000 -140.000000 0.000000 0.000000 -42.256100 -1.524390
22114 47 0.000000 -140.000000 0.000000 -0.914634 -34.390244 0.182927
22119 47 0.000000 -150.000000 0.000000 -1.524390 -27.500000 -1.524390
22124 47 0.000000 -150.000000 0.000000 -0.548781 -22.804878 -4.695122
22129 47 0.000000 -160.000000 0.000000 -1.280488 -18.902439 -8.048780
22134 47 0.000000 -160.000000 0.000000 -0.243902 -15.548780 -9.573171
22139 47 0.000000 -170.000000 0.000000 -0.060976 -11.219512 -7.134147
22144 47 0.000000 -170.000000 0.000000 -2.743902 -6.890244 -2.743902
22149 47 0.000000 -180.000000 0.000000 -3.963415 -4.024390 -3.963415
22154 47 0.000000 -180.000000 0.000000 -4.695122 -3.963415 -6.097561
22159 47 0.000000 -180.000000 0.000000 -4.878049 -2.682927 -3.231707
22164 47 0.000000 -190.000000 0.000000 -5.792683 -0.914634 -1.158537
22169 47 0.000000 -190.000000 0.000000 -5.121951 -2.317073 -4.634146
22174 47 0.000000 -190.000000 0.000000 -1.646341 -7.073171 -8.109756
22179 47 0.000000 -200.000000 0.000000 1.951220 -13.353659 -7.560976
22184 47 0.000000 -200.000000 0.000000 2.195122 -17.682928 -1.768293
22189 47 0.000000 -210.000000 0.000000 1.036585 -19.512196 0.121951
22194 47 0.000000 -210.000000 0.000000 1.036585 -21.951220 0.182927
22199 47 0.000000 -220.000000 0.000000 2.500000 -27.621952 0.609756
22204 47 0.000000 -220.000000 0.000000 4.634146 -36.341465 0.792683
22209 47 0.000000 -220.000000 0.000000 5.670732 -46.524391 -0.853659
22214 47 0.000000 -220.000000 0.000000 5.487805 -56.341465 -2.621951
22219 47 0.000000 -230.000000 0.000000 4.329268 -63.231709 -2.743902
22224 47 0.000000 -240.000000 0.000000 2.073171 -68.536591 -2.743902
22229 47 0.000000 -240.000000 0.000000 -1.158537 -72.256096 -0.182927
22234 47 0.000000 -240.000000 0.000000 -3.780488 -73.414635 3.658537
22239 47 0.000000 -250.000000 0.000000 -2.926829 -73.292686 3.353659
22244 47 0.000000 -250.000000 0.000000 -0.304878 -76.707321 1.463415
22249 47 0.000000 -260.000000 0.000000 1.402439 -80.731712 0.304878
22254 47 0.000000 -260.000000 0.000000 1.402439 -82.073174 0.000000
22259 47 0.000000 -260.000000 0.000000 0.000000 -80.731712 -2.317073
22264 47 0.000000 -270.000000 0.000000 -0.487805 -79.207321 -5.121951
22269 47 0.000000 -270.000000 0.000000 -1.890244 -79.085365 -6.707317
22274 47 0.000000 -270.000000 0.000000 -2.500000 -78.841469 -6.585366
22279 47 0.000000 -280.000000 0.000000 -1.219512 -77.682930 -5.548780
22284 47 0.000000 -290.000000 0.000000 1.036585 -77.195122 -4.390244
22289 47 0.000000 -290.000000 0.000000 1.402439 -77.012199 -2.865854
22294 47 0.000000 -290.000000 0.000000 2.256098 -76.463417 -1.097561
22299 47 0.000000 -300.000000 0.000000 6.890244 -78.658539 -0.609756
22304 47 0.000000 -310.000000 0.000000 9.512196 -80.914635 -2.560976
22309 47 0.000000 -310.000000 0.000000 8.841464 -81.158539 -3.231707
22314 47 0.000000 -310.000000 0.000000 7.865854 -79.573174 0.182927
22319 47 0.000000 -320.000000 0.000000 7.378049 -77.317078 5.487805
22324 47 0.000000 -320.000000 0.000000 6.646342 -74.634148 7.865854
22329 47 0.000000 -330.000000 0.000000 6.707317 -74.512199 6.646342
22334 47 0.000000 -330.000000 0.000000 5.609756 -77.804878 2.500000
22339 47 0.000000 -340.000000 0.000000 2.073171 -84.390244 -4.024390
22344 47 0.000000 -340.000000 0.000000 -0.487805 -91.951225 -7.682927
22349 47 0.000000 -340.000000 0.000000 0.365854 -98.109756 -7.865854
22354 47 0.000000 -350.000000 0.000000 3.597561 -101.768295 -6.890244
22359 47 0.000000 -350.000000 0.000000 5.000000 -104.024391 -6.219512
22364 47 0.000000 -350.000000 0.000000 4.024390 -106.951225 -4.939024
22369 47 0.000000 -350.000000 0.000000 3.719512 -109.634148 -3.353659
22374 47 0.000000 -350.000000 0.000000 7.134147 -111.097565 -2.195122
22379 47 0.000000 -360.000000 0.000000 11.646341 -113.658539 0.975610
22384 47 0.000000 -360.000000 0.000000 15.121951 -114.695122 4.634146
22389 47 0.000000 -350.000000 0.000000 15.000000 -113.353661 6.951220
22394 47 0.000000 -350.000000 0.000000 12.256098 -112.195122 8.231708
22399 47 0.000000 -350.000000 0.000000 8.597561 -111.219513 6.585366
22404 47 0.000000 -350.000000 0.000000 6.646342 -110.914635 2.378049
22409 47 0.000000 -350.000000 0.000000 3.963415 -114.329269 -1.402439
22414 47 0.000000 -350.000000 0.000000 0.548781 -118.658539 -2.804878
22419 47 0.000000 -350.000000 0.000000 -0.731707 -120.365860 -2.865854
22424 47 0.000000 -340.000000 0.000000 0.853659 -119.634148 -2.865854
22429 47 0.000000 -340.000000 0.000000 1.097561 -115.426834 -2.804878
22434 47 0.000000 -340.000000 0.000000 -0.121951 -110.000000 -2.195122
22439 47 0.000000 -340.000000 0.000000 0.000000 -103.292686 -1.036585
22444 47 0.000000 -330.000000 0.000000 0.914634 -94.390244 0.548781
22449 47 0.000000 -330.000000 0.000000 1.524390 -84.024391 0.975610
22454 47 0.000000 -330.000000 0.000000 2.560976 -76.341469 -0.609756
22459 47 0.000000 -330.000000 0.000000 3.231707 -70.731712 -3.170732
22464 47 0.000000 -320.000000 0.000000 1.890244 -63.719513 -1.646341
22469 47 0.000000 -320.000000 0.000000 -0.182927 -56.158539 2.256098
22474 47 0.000000 -320.000000 0.000000 0.548781 -49.878052 3.109756
22479 47 0.000000 -320.000000 0.000000 1.707317 -43.780487 1.585366
22484 47 0.000000 -310.000000 0.000000 1.707317 -38.353661 0.426829
22489 47 0.000000 -310.000000 0.000000 0.975610 -34.573170 1.646341
22494 47 0.000000 -310.000000 0.000000 2.195122 -30.365854 2.134146
22499 47 0.000000 -310.000000 0.000000 4.146341 -23.963415 -0.670732
22504 47 0.000000 -310.000000 0.000000 3.902439 -18.841463 -5.792683
22509 47 0.000000 -310.000000 0.000000 0.243902 -16.158537 -8.475610
22514 47 0.000000 -310.000000 0.000000 -1.829268 -15.060976 -8.841464
22519 47 0.000000 -310.000000 0.000000 0.060976 -13.902439 -6.646342
22524 47 0.000000 -310.000000 0.000000 2.073171 -12.621951 -3.963415
22529 47 0.000000 -310.000000 0.000000 2.987805 -12.804878 -3.841464
22534 47 0.000000 -310.000000 0.000000 2.439024 -14.817074 -3.963415
22539 47 0.000000 -310.000000 0.000000 2.073171 -19.756098 -2.195122
22544 47 0.000000 -310.000000 0.000000 2.865854 -24.146341 1.219512
22549 47 0.000000 -310.000000 0.000000 2.865854 -28.292683 4.329268
22554 47 0.000000 -310.000000 0.000000 1.341463 -32.804878 9.817074
22559 47 0.000000 -310.000000 0.000000 -1.341463 -34.634148 12.743903
22564 47 0.000000 -310.000000 0.000000 -2.378049 -35.670734 9.817074
22569 47 0.000000 -310.000000 0.000000 -4.573171 -36.707317 3.536585
22574 47 0.000000 -310.000000 0.000000 -8.536586 -39.024391 -0.975610
22579 47 0.000000 -310.000000 0.000000 -11.158537 -40.000000 -2.439024
22584 47 0.000000 -310.000000 0.000000 -9.329268 -39.756100 -1.951220
22589 47 0.000000 -310.000000 0.000000 -7.256098 -37.987804 0.121951
22594 47 0.000000 -310.000000 0.000000 -7.378049 -34.390244 3.292683
22599 47 0.000000 -310.000000 0.000000 -6.707317 -30.365854 6.158537
22604 47 0.000000 -310.000000 0.000000 -3.536585 -28.902439 7.073171
22609 47 0.000000 -310.000000 0.000000 -0.792683 -28.719513 6.646342
22614 47 0.000000 -310.000000 0.000000 2.256098 -27.500000 4.268293
22619 47 0.000000 -310.000000 0.000000 4.512195 -23.841463 1.951220
22624 47 0.000000 -310.000000 0.000000 6.280488 -21.646341 2.926829
22629 47 0.000000 -310.000000 0.000000 7.621952 -23.109756 5.731708
22634 47 0.000000 -310.000000 0.000000 5.914634 -23.780489 7.865854
22639 47 0.000000 -310.000000 0.000000 3.292683 -23.536587 10.121951
22644 47 0.000000 -320.000000 0.000000 1.829268 -21.890244 12.621951
22649 47 0.000000 -320.000000 0.000000 1.951220 -21.341463 13.902439
22654 47 0.000000 -320.000000 0.000000 1.463415 -18.353659 12.012196
22659 47 0.000000 -320.000000 0.000000 1.463415 -18.414635 9.878049
22664 47 0.000000 -320.000000 0.000000 0.182927 -20.121952 10.304878
22669 47 0.000000 -320.000000 0.000000 -0.121951 -20.731709 11.707317
22674 47 0.000000 -320.000000 0.000000 1.768293 -20.670732 12.073171
22679 47 0.000000 -330.000000 0.000000 3.109756 -20.426830 11.036586
22684 47 0.000000 -330.000000 0.000000 4.695122 -21.097561 10.304878
22689 47 0.000000 -330.000000 0.000000 4.085366 -18.292683 10.243902
22694 47 0.000000 -340.000000 0.000000 0.853659 -16.097561 9.634147
22699 47 0.000000 -340.000000 0.000000 -2.073171 -14.878049 6.829268
22704 47 0.000000 -340.000000 0.000000 -3.597561 -10.182927 1.951220
22709 47 0.000000 -350.000000 0.000000 -2.195122 -3.841464 -0.243902
22714 47 0.000000 -360.000000 0.000000 -2.926829 0.548781 2.378049
22719 47 0.000000 -370.000000 0.000000 -4.146341 2.317073 5.731708
22724 47 0.000000 -370.000000 0.000000 -4.390244 1.951220 5.182927
22729 47 0.000000 -380.000000 0.000000 -5.548780 0.365854 1.585366
22734 47 0.000000 -380.000000 0.000000 -6.829268 -1.707317 -3.231707
22739 47 0.000000 -390.000000 0.000000 -5.670732 -6.280488 -6.097561
22744 47 0.000000 -390.000000 0.000000 -4.451220 -9.939025 -6.036585
22749 47 0.000000 -390.000000 0.000000 -4.146341 -12.012196 -4.085366
22754 47 0.000000 -390.000000 0.000000 -0.609756 -17.134148 -0.609756
22759 47 0.000000 -390.000000 0.000000 3.902439 -24.024391 3.780488
22764 47 0.000000 -390.000000 0.000000 5.975610 -30.548780 5.487805
22769 47 0.000000 -380.000000 0.000000 5.121951 -36.951221 5.731708
22774 47 0.000000 -390.000000 0.000000 5.731708 -43.719513 6.951220
22779 47 0.000000 -380.000000 0.000000 5.853659 -50.548782 7.865854
22784 47 0.000000 -380.000000 0.000000 4.024390 -57.195122 6.768293
22789 47 0.000000 -380.000000 0.000000 3.414634 -64.024391 5.000000
22794 47 0.000000 -380.000000 0.000000 4.695122 -70.914635 2.865854
22799 47 0.000000 -380.000000 0.000000 5.060976 -78.963417 0.609756
22804 47 0.000000 -380.000000 0.000000 2.378049 -84.146347 -0.914634
22809 47 0.000000 -380.000000 0.000000 1.341463 -83.780487 -0.670732
22814 47 0.000000 -370.000000 0.000000 2.134146 -84.207321 0.792683
22819 47 0.000000 -360.000000 0.000000 1.951220 -85.243904 1.768293
22824 47 0.000000 -360.000000 0.000000 1.158537 -83.170731 1.646341
22829 47 0.000000 -350.000000 0.000000 1.524390 -78.475609 -0.121951
22834 47 0.000000 -340.000000 0.000000 -1.463415 -73.475609 -1.219512
22839 47 0.000000 -320.000000 0.000000 -6.402439 -67.256096 0.548781
22844 47 0.000000 -320.000000 0.000000 -8.109756 -59.878052 3.414634
22849 47 0.000000 -290.000000 0.000000 -9.634147 -48.963417 4.573171
22854 47 0.000000 -260.000000 0.000000 -11.646341 -37.621952 3.231707
22859 47 0.000000 -220.000000 0.000000 -12.987805 -28.353659 1.341463
22864 47 0.000000 -220.000000 0.000000 -13.231708 -18.963415 0.000000
22869 47 0.000000 -180.000000 0.000000 -10.426829 -11.036586 0.304878
22874 47 0.000000 -140.000000 0.000000 -8.048780 -2.621951 2.012195
22879 47 0.000000 -90.000000 0.000000 -2.500000 6.463415 1.829268
22884 47 0.000000 -90.000000 0.000000 2.134146 15.365854 -0.609756
22889 47 0.000000 -40.000000 0.000000 5.000000 21.463415 -1.890244
22894 47 0.000000 0.000000 0.000000 7.256098 26.219513 -0.609756
22899 47 0.000000 0.000000 0.000000 10.731708 31.280489 5.365854
22904 47 0.000000 0.000000 0.000000 13.719513 40.975609 10.426829
22909 47 0.000000 0.000000 0.000000 14.634147 52.865856 11.036586
22914 47 0.000000 0.000000 0.000000 12.804878 64.878052 9.695122
22919 47 0.000000 0.000000 0.000000 10.426829 78.597565 7.865854
22924 47 0.000000 0.000000 0.000000 7.804878 93.109756 4.573171
22929 47 0.000000 0.000000 0.000000 4.390244 106.219513 0.000000
22934 47 0.000000 0.000000 0.000000 0.548781 119.695122 -1.097561
22939 47 0.000000 0.000000 0.000000 -1.097561 134.695129 -0.304878
22944 47 0.000000 0.000000 0.000000 0.426829 151.158539 2.012195
22949 47 0.000000 0.000000 0.000000 3.048780 166.768295 6.158537
22954 47 0.000000 0.000000 0.000000 4.939024 182.317078 9.085366
22959 47 0.000000 0.000000 0.000000 3.902439 196.158539 8.109756
22964 47 0.000000 0.000000 0.000000 -1.097561 207.012207 4.939024
22969 47 0.000000 0.000000 0.000000 -6.646342 214.024399 3.292683
22974 47 0.000000 0.000000 0.000000 -9.268292 216.585373 2.804878
22979 47 0.000000 0.000000 0.000000 -9.329268 214.512207 2.256098
22984 47 0.000000 0.000000 0.000000 -9.268292 207.134155 0.304878
22989 47 0.000000 0.000000 0.000000 -9.085366 198.902451 -2.743902
22994 47 0.000000 0.000000 0.000000 -8.353659 194.451218 -6.097561
22999 47 0.000000 0.000000 0.000000 -6.890244 189.390244 -6.768293
23004 47 0.000000 0.000000 0.000000 -7.378049 181.707321 -7.073171
23009 47 0.000000 0.000000 0.000000 -7.987805 175.000000 -7.500000
23014 47 0.000000 0.000000 0.000000 -5.670732 168.170731 -8.841464
23019 47 0.000000 0.000000 0.000000 -3.658537 158.658539 -10.121951
23024 47 0.000000 0.000000 0.000000 -4.207317 145.975616 -10.914635
23029 47 0.000000 0.000000 0.000000 -5.365854 132.743912 -9.329268
23034 47 0.000000 0.000000 0.000000 -6.768293 120.121956 -5.853659
23039 47 0.000000 0.000000 0.000000 -7.865854 107.621956 -3.780488
23044 47 0.000000 0.000000 0.000000 -9.268292 93.597565 -5.182927
23049 47 0.000000 0.000000 0.000000 -10.304878 79.634148 -9.207317
23054 47 0.000000 0.000000 0.000000 -8.841464 67.317078 -12.560976
23059 47 0.000000 0.000000 0.000000 -6.524390 56.768295 -13.109756
23064 47 0.000000 0.000000 0.000000 -5.060976 47.317074 -11.158537
23069 47 0.000000 0.000000 0.000000 -4.085366 40.731709 -8.719512
23074 47 0.000000 0.000000 0.000000 -3.292683 35.975609 -4.390244
23079 47 0.000000 0.000000 0.000000 -1.646341 32.682926 -1.280488
23084 47 0.000000 0.000000 0.000000 -0.731707 30.670732 -2.256098
23089 47 0.000000 0.000000 0.000000 -0.182927 28.109756 -3.597561
23094 47 0.000000 0.000000 0.000000 2.317073 27.926830 -3.292683
23099 47 0.000000 0.000000 0.000000 4.268293 29.390245 -3.048780
23104 47 0.000000 0.000000 0.000000 3.841464 30.304878 -3.292683
23109 47 0.000000 0.000000 0.000000 2.926829 30.609756 -1.829268
23114 47 0.000000 0.000000 0.000000 0.487805 32.500000 -0.426829
23119 47 0.000000 0.000000 0.000000 -1.829268 33.536587 -1.768293
23124 47 0.000000 0.000000 0.000000 -1.036585 37.195122 -1.951220
23129 47 0.000000 0.000000 0.000000 2.195122 44.573174 -1.280488
23134 47 0.000000 0.000000 0.000000 3.048780 51.280491 -4.085366
23139 47 0.000000 0.000000 0.000000 0.853659 56.463417 -4.939024
23144 47 0.000000 0.000000 0.000000 -2.073171 62.560978 -0.060976
23149 47 0.000000 0.000000 0.000000 -3.597561 69.634148 2.134146
23154 47 0.000000 0.000000 0.000000 -6.036585 73.719513 -1.829268
23159 47 0.000000 0.000000 0.000000 -9.634147 74.634148 -7.317073
23164 47 0.000000 0.000000 0.000000 -9.878049 76.158539 -8.719512
23169 47 0.000000 0.000000 0.000000 -8.658537 80.000000 -9.573171
23174 47 0.000000 0.000000 0.000000 -9.512196 83.902443 -6.707317
23179 47 0.000000 0.000000 0.000000 -12.926829 86.524391 -2.987805
23184 47 0.000000 0.000000 0.000000 -12.682927 86.646347 0.060976
23189 47 0.000000 0.000000 0.000000 -9.817074 84.390244 2.317073
23194 47 0.000000 0.000000 0.000000 -5.731708 82.256096 1.036585
23199 47 0.000000 0.000000 0.000000 -3.963415 77.621956 -2.134146
23204 47 0.000000 0.000000 0.000000 -3.231707 71.097565 -1.890244
23209 47 0.000000 0.000000 0.000000 -2.804878 64.939026 0.792683
23214 47 0.000000 0.000000 0.000000 -1.707317 58.475613 0.060976
23219 47 0.000000 0.000000 0.000000 -1.768293 49.085365 -2.256098
23224 47 0.000000 0.000000 0.000000 -3.353659 36.524391 -4.878049
23229 47 0.000000 0.000000 0.000000 -4.939024 24.207317 -5.670732
23234 47 0.000000 0.000000 0.000000 -7.256098 11.341464 -5.182927
23239 47 0.000000 0.000000 0.000000 -6.585366 0.609756 -0.853659
23244 47 0.000000 0.000000 0.000000 -2.926829 -5.609756 1.707317
23249 47 0.000000 0.000000 0.000000 0.365854 -7.926829 0.000000
23254 47 0.000000 0.000000 0.000000 1.646341 -7.560976 -1.219512
23259 47 0.000000 0.000000 0.000000 2.743902 -4.756098 0.365854
23264 47 0.000000 0.000000 0.000000 2.073171 -0.182927 -0.060976
23269 47 0.000000 0.000000 0.000000 0.975610 5.426829 -3.414634
23274 47 0.000000 0.000000 0.000000 1.219512 12.560976 -5.000000
23279 47 0.000000 0.000000 0.000000 2.865854 19.817074 -2.987805
23284 47 0.000000 0.000000 0.000000 2.926829 26.158537 0.365854
23289 47 0.000000 0.000000 0.000000 1.585366 31.646341 1.829268
23294 47 0.000000 0.000000 0.000000 -1.158537 38.475609 -1.707317
23299 47 0.000000 0.000000 0.000000 -2.317073 46.097561 -1.585366
23304 47 0.000000 0.000000 0.000000 -2.682927 50.000000 -1.341463
23309 47 0.000000 0.000000 0.000000 -5.670732 52.195122 -2.500000
23314 47 0.000000 0.000000 0.000000 -6.036585 53.902439 -4.024390
23319 47 0.000000 0.000000 0.000000 -4.878049 55.121952 -6.280488
23324 47 0.000000 0.000000 0.000000 -3.658537 54.939026 -6.280488
23329 47 0.000000 0.000000 0.000000 -3.231707 51.219513 -5.000000
23334 47 0.000000 0.000000 0.000000 -2.743902 47.926830 -4.634146
23339 47 0.000000 0.000000 0.000000 -1.402439 46.768295 -3.536585
23344 47 0.000000 0.000000 0.000000 -0.670732 45.792683 -1.219512
23349 47 0.000000 0.000000 0.000000 -3.292683 44.634148 1.951220
23354 47 0.000000 0.000000 0.000000 -4.268293 45.487804 5.792683
23359 47 0.000000 0.000000 0.000000 -1.219512 47.134148 9.085366
23364 47 0.000000 0.000000 0.000000 0.853659 47.743904 9.817074
23369 47 0.000000 0.000000 0.000000 2.134146 47.317074 10.853659
23374 47 0.000000 0.000000 0.000000 0.975610 45.670734 13.109756
23379 47 0.000000 0.000000 0.000000 -1.951220 42.865856 11.036586
23384 47 0.000000 0.000000 0.000000 -4.390244 38.963417 5.853659
23389 47 0.000000 0.000000 0.000000 -6.219512 33.902439 1.402439
23394 47 0.000000 0.000000 0.000000 -8.353659 28.048780 -4.329268
23399 47 0.000000 0.000000 0.000000 -9.146341 21.341463 -6.646342
23404 47 0.000000 0.000000 0.000000 -6.646342 14.817074 -5.304878
23409 47 0.000000 0.000000 0.000000 -2.073171 10.670732 -6.707317
23414 47 0.000000 0.000000 0.000000 1.280488 6.158537 -6.646342
23419 47 0.000000 0.000000 0.000000 2.439024 2.195122 -3.902439
23424 47 0.000000 0.000000 0.000000 3.841464 -1.402439 2.012195
23429 47 0.000000 0.000000 0.000000 4.573171 0.121951 3.231707
23434 47 0.000000 0.000000 0.000000 5.000000 5.243903 3.048780
23439 47 0.000000 0.000000 0.000000 3.170732 11.524390 0.853659
23444 47 0.000000 0.000000 0.000000 2.195122 15.609756 0.243902
23449 47 0.000000 0.000000 0.000000 4.329268 16.158537 2.073171
23454 47 0.000000 0.000000 0.000000 6.829268 16.463415 4.878049
23459 47 0.000000 0.000000 0.000000 9.085366 19.573172 6.280488
23464 47 0.000000 0.000000 0.000000 7.378049 24.573172 5.609756
23469 47 0.000000 0.000000 0.000000 2.560976 29.634148 2.987805
23474 47 0.000000 0.000000 0.000000 0.182927 31.646341 1.341463
23479 47 0.000000 0.000000 0.000000 -0.670732 35.487804 -0.426829
23484 47 0.000000 0.000000 0.000000 -1.829268 38.475609 -4.878049
23489 47 0.000000 0.000000 0.000000 -0.731707 36.158539 -8.475610
23494 47 0.000000 0.000000 0.000000 0.914634 34.939026 -7.926829
23499 47 0.000000 0.000000 0.000000 1.890244 34.390244 -2.378049
23504 47 0.000000 0.000000 0.000000 0.182927 34.024391 2.560976
23509 47 0.000000 0.000000 0.000000 -2.926829 34.024391 4.756098
23514 47 0.000000 0.000000 0.000000 -5.182927 33.353661 3.475610
23519 47 0.000000 0.000000 0.000000 -5.182927 29.451220 2.073171
23524 47 0.000000 0.000000 0.000000 -3.170732 25.548780 4.390244
23529 47 0.000000 0.000000 0.000000 1.219512 21.585367 6.890244
23534 47 0.000000 0.000000 0.000000 4.024390 16.951220 6.097561
23539 47 0.000000 0.000000 0.000000 1.341463 13.475610 3.475610
23544 47 0.000000 0.000000 0.000000 -0.426829 9.207317 2.256098
23549 47 0.000000 0.000000 0.000000 -0.182927 5.060976 2.378049
23554 47 0.000000 0.000000 0.000000 -1.768293 1.646341 -2.743902
23559 47 0.000000 0.000000 0.000000 -2.743902 0.060976 -7.804878
23564 47 0.000000 0.000000 0.000000 -2.621951 -1.219512 -9.268292
23569 47 0.000000 0.000000 0.000000 0.121951 -3.536585 -9.207317
23574 47 0.000000 0.000000 0.000000 2.195122 -6.402439 -7.378049
23579 47 0.000000 0.000000 0.000000 1.036585 -8.048780 -4.878049
23584 47 0.000000 0.000000 0.000000 0.121951 -8.963415 -1.341463
23589 47 0.000000 0.000000 0.000000 -0.365854 -11.402439 0.792683
23594 47 0.000000 0.000000 0.000000 2.195122 -12.865854 1.646341
23599 47 0.000000 0.000000 0.000000 4.451220 -11.829268 -0.304878
23604 47 0.000000 0.000000 0.000000 4.390244 -8.902439 -3.658537
23609 47 0.000000 0.000000 0.000000 3.536585 -5.548780 -4.268293
23614 47 0.000000 0.000000 0.000000 3.292683 -2.134146 -2.926829
23619 47 0.000000 0.000000 0.000000 4.024390 1.707317 -2.865854
23624 47 0.000000 10.000000 0.000000 5.000000 8.292683 -2.560976
23629 47 0.000000 20.000000 0.000000 5.731708 13.414635 -0.060976
23634 47 0.000000 20.000000 0.000000 6.097561 17.012196 4.024390
23639 47 0.000000 30.000000 0.000000 4.390244 20.060976 5.121951
23644 47 0.000000 30.000000 0.000000 -0.609756 23.353659 5.426829
23649 47 0.000000 40.000000 0.000000 -3.353659 27.926830 4.512195
23654 47 0.000000 40.000000 0.000000 -3.292683 31.463415 3.536585
23659 47 0.000000 40.000000 0.000000 -1.585366 34.573170 2.378049
23664 47 0.000000 40.000000 0.000000 0.243902 37.439026 1.524390
23669 47 0.000000 50.000000 0.000000 1.829268 41.524391 3.475610
23674 47 0.000000 50.000000 0.000000 -0.670732 45.975613 5.060976
23679 47 0.000000 50.000000 0.000000 -5.365854 45.182926 5.365854
23684 47 0.000000 60.000000 0.000000 -5.670732 44.268295 1.585366
23689 47 0.000000 70.000000 0.000000 -5.731708 45.487804 -6.280488
23694 47 0.000000 70.000000 0.000000 -4.207317 47.804878 -11.707317
23699 47 0.000000 70.000000 0.000000 -3.719512 48.963417 -11.829268
23704 47 0.000000 80.000000 0.000000 -2.439024 47.987804 -11.707317
23709 47 0.000000 80.000000 0.000000 1.219512 47.560978 -9.695122
23714 47 0.000000 80.000000 0.000000 2.682927 46.585365 -5.243903
23719 47 0.000000 90.000000 0.000000 2.987805 47.682926 -1.707317
23724 47 0.000000 100.000000 0.000000 2.195122 49.634148 1.951220
23729 47 0.000000 100.000000 0.000000 4.207317 48.780487 7.073171
23734 47 0.000000 100.000000 0.000000 7.560976 45.121952 8.963415
23739 47 0.000000 110.000000 0.000000 6.219512 41.158539 6.036585
23744 47 0.000000 120.000000 0.000000 4.451220 38.414635 3.963415
23749 47 0.000000 130.000000 0.000000 6.097561 38.170734 -0.609756
23754 47 0.000000 130.000000 0.000000 7.256098 38.597561 -5.000000
23759 47 0.000000 130.000000 0.000000 6.829268 38.780487 -5.548780
23764 47 0.000000 130.000000 0.000000 5.365854 39.512196 -6.158537
23769 47 0.000000 130.000000 0.000000 2.682927 40.243904 -9.207317
23774 47 0.000000 130.000000 0.000000 -0.426829 41.707317 -10.000000
23779 47 0.000000 140.000000 0.000000 -0.365854 47.500000 -9.512196
23784 47 0.000000 140.000000 0.000000 0.792683 52.682926 -7.134147
23789 47 0.000000 140.000000 0.000000 0.853659 55.731709 -3.292683
23794 47 0.000000 140.000000 0.000000 2.134146 59.268295 -2.317073
23799 47 0.000000 140.000000 0.000000 5.670732 62.378052 -3.231707
23804 47 0.000000 130.000000 0.000000 7.987805 62.012196 -2.378049
23809 47 0.000000 130.000000 0.000000 9.390244 59.390244 -1.707317
23814 47 0.000000 130.000000 0.000000 8.353659 55.853661 -3.170732
23819 47 0.000000 130.000000 0.000000 6.768293 52.865856 -2.439024
23824 47 0.000000 130.000000 0.000000 8.414635 51.829269 -1.158537
23829 47 0.000000 130.000000 0.000000 12.987805 52.865856 0.914634
23834 47 0.000000 130.000000 0.000000 17.134148 56.280491 3.719512
23839 47 0.000000 130.000000 0.000000 17.256098 59.207317 3.780488
23844 47 0.000000 130.000000 0.000000 13.292684 61.646343 1.890244
23849 47 0.000000 130.000000 0.000000 9.451220 62.134148 2.439024
23854 47 0.000000 130.000000 0.000000 7.012195 61.158539 7.926829
23859 47 0.000000 130.000000 0.000000 6.890244 60.548782 8.109756
23864 47 0.000000 130.000000 0.000000 8.719512 58.414635 0.182927
23869 47 0.000000 130.000000 0.000000 10.487805 54.390244 -8.658537
23874 47 0.000000 130.000000 0.000000 9.695122 50.121952 -12.317074
23879 47 0.000000 140.000000 0.000000 6.219512 47.073174 -10.304878
23884 47 0.000000 140.000000 0.000000 2.926829 48.231709 -5.000000
23889 47 0.000000 150.000000 0.000000 3.414634 55.243904 0.731707
23894 47 0.000000 150.000000 0.000000 3.048780 62.804878 6.097561
23899 47 0.000000 150.000000 0.000000 0.853659 67.987808 7.682927
23904 47 0.000000 160.000000 0.000000 1.951220 75.304878 5.670732
23909 47 0.000000 170.000000 0.000000 5.548780 83.170731 1.402439
23914 47 0.000000 170.000000 0.000000 4.146341 90.121956 -0.487805
23919 47 0.000000 180.000000 0.000000 0.182927 96.829269 -1.951220
23924 47 0.000000 190.000000 0.000000 -0.304878 104.573174 -4.817073
23929 47 0.000000 200.000000 0.000000 -0.670732 108.231712 -7.682927
23934 47 0.000000 200.000000 0.000000 -0.060976 115.000000 -13.536586
23939 47 0.000000 210.000000 0.000000 2.012195 125.426834 -19.329269
23944 47 0.000000 210.000000 0.000000 2.439024 129.329269 -18.780489
23949 47 0.000000 220.000000 0.000000 0.792683 128.475616 -16.158537
23954 47 0.000000 220.000000 0.000000 1.036585 129.695129 -17.012196
23959 47 0.000000 220.000000 0.000000 3.292683 131.707321 -19.146341
23964 47 0.000000 220.000000 0.000000 4.878049 133.780487 -21.280489
23969 47 0.000000 230.000000 0.000000 3.109756 137.378052 -24.817074
23974 47 0.000000 230.000000 0.000000 1.097561 137.012192 -27.012196
23979 47 0.000000 230.000000 0.000000 1.829268 134.817078 -27.682928
23984 47 0.000000 230.000000 0.000000 5.914634 136.219513 -26.036587
23989 47 0.000000 240.000000 0.000000 12.926829 138.231705 -20.426830
23994 47 0.000000 240.000000 0.000000 18.109756 140.000000 -14.146341
23999 47 0.000000 240.000000 0.000000 15.914635 138.719513 -7.012195
24004 47 0.000000 250.000000 0.000000 12.682927 136.219513 -2.682927
24009 47 0.000000 260.000000 0.000000 11.890244 131.463425 -2.743902
24014 47 0.000000 260.000000 0.000000 10.365854 123.231712 -0.182927
24019 47 0.000000 270.000000 0.000000 7.073171 110.487808 4.268293
24024 47 -10.000000 280.000000 0.000000 8.170732 97.926834 0.121951
24029 47 -10.000000 290.000000 0.000000 15.914635 90.487808 -6.341464
24034 47 -10.000000 290.000000 0.000000 20.487804 82.012199 -8.719512
24039 47 -20.000000 300.000000 0.000000 20.609756 71.829269 -8.658537
24044 47 -20.000000 300.000000 0.000000 18.048780 61.951221 -6.280488
24049 47 -20.000000 300.000000 0.000000 12.865854 51.707317 -3.353659
24054 47 -20.000000 300.000000 0.000000 10.060976 41.036587 1.524390
24059 47 -20.000000 300.000000 0.000000 9.817074 33.292683 5.548780
24064 47 -20.000000 300.000000 0.000000 11.219512 30.304878 7.317073
24069 47 -20.000000 300.000000 0.000000 9.634147 26.646341 7.439024
24074 47 -20.000000 300.000000 0.000000 5.487805 22.926830 3.719512
24079 47 -10.000000 290.000000 0.000000 5.426829 24.817074 -2.317073
24084 47 -10.000000 280.000000 0.000000 7.621952 30.365854 -4.817073
24089 47 -10.000000 280.000000 0.000000 13.170732 41.402439 -5.609756
24094 47 -10.000000 280.000000 0.000000 13.353659 48.231709 -3.109756
24099 47 0.000000 250.000000 0.000000 9.878049 52.987804 -1.219512
24104 47 0.000000 220.000000 0.000000 5.975610 57.134148 -0.426829
24109 47 0.000000 220.000000 0.000000 4.756098 58.780491 2.560976
24114 47 0.000000 220.000000 0.000000 6.951220 58.231709 7.317073
24119 47 0.000000 150.000000 0.000000 11.646341 55.853661 9.756098
24124 47 0.000000 110.000000 0.000000 15.792684 54.207317 9.085366
24129 47 0.000000 80.000000 0.000000 14.695123 51.341465 10.609756
24134 47 0.000000 80.000000 0.000000 7.804878 46.951221 13.048780
24139 47 0.000000 50.000000 0.000000 0.304878 39.634148 9.756098
24144 47 0.000000 20.000000 0.000000 -0.609756 29.634148 0.243902
24149 47 0.000000 20.000000 0.000000 5.000000 16.463415 -8.109756
24154 47 0.000000 20.000000 0.000000 9.390244 -0.914634 -12.560976
24159 47 0.000000 0.000000 0.000000 8.902439 -23.170732 -15.060976
24164 47 0.000000 0.000000 0.000000 6.707317 -47.621952 -15.182927
24169 47 0.000000 0.000000 0.000000 5.609756 -68.292686 -13.353659
24174 47 0.000000 0.000000 0.000000 7.378049 -81.036591 -12.012196
24179 47 0.000000 0.000000 0.000000 7.256098 -88.841469 -11.158537
24184 47 0.000000 0.000000 0.000000 3.597561 -91.951225 -8.780488
24189 47 0.000000 0.000000 0.000000 4.512195 -89.878052 -6.951220
24194 47 0.000000 0.000000 0.000000 6.829268 -90.243904 -4.939024
24199 47 0.000000 0.000000 0.000000 5.914634 -93.780487 -2.500000
24204 47 0.000000 0.000000 0.000000 4.512195 -97.560974 -0.975610
24209 47 0.000000 0.000000 0.000000 5.243903 -99.024391 -0.548781
24214 47 0.000000 0.000000 0.000000 5.121951 -100.426834 -1.036585
24219 47 0.000000 0.000000 0.000000 5.060976 -101.158539 -2.926829
24224 47 0.000000 0.000000 0.000000 5.121951 -97.621956 -6.280488
24229 47 0.000000 0.000000 0.000000 3.292683 -92.378052 -4.329268
24234 47 0.000000 0.000000 0.000000 -1.402439 -86.402443 -0.487805
24239 47 0.000000 0.000000 0.000000 -7.439024 -79.146347 -0.609756
24244 47 0.000000 0.000000 0.000000 -9.268292 -71.036591 -3.658537
24249 47 0.000000 0.000000 0.000000 -9.634147 -62.743904 -4.573171
24254 47 0.000000 0.000000 0.000000 -10.548780 -55.000000 0.304878
24259 47 0.000000 0.000000 0.000000 -11.829268 -52.987804 5.426829
24264 47 0.000000 0.000000 0.000000 -9.939025 -48.353661 6.341464
24269 47 0.000000 0.000000 0.000000 -4.512195 -40.060978 1.158537
24274 47 0.000000 0.000000 0.000000 0.000000 -37.256100 -1.829268
24279 47 0.000000 0.000000 0.000000 0.731707 -39.268295 0.548781
24284 47 0.000000 0.000000 0.000000 -0.426829 -39.573174 2.378049
24289 47 0.000000 0.000000 0.000000 -0.182927 -41.646343 2.804878
24294 47 0.000000 0.000000 0.000000 1.707317 -45.426830 5.365854
24299 47 0.000000 0.000000 0.000000 2.195122 -48.048782 9.268292
24304 47 0.000000 0.000000 0.000000 3.109756 -49.390244 13.231708
24309 47 0.000000 0.000000 0.000000 2.621951 -49.634148 14.268293
24314 47 0.000000 0.000000 0.000000 4.451220 -47.560978 11.036586
24319 47 0.000000 0.000000 0.000000 6.707317 -44.817074 9.695122
24324 47 0.000000 0.000000 0.000000 5.853659 -40.000000 11.219512
24329 47 0.000000 0.000000 0.000000 4.146341 -32.682926 10.060976
24334 47 0.000000 0.000000 0.000000 2.987805 -27.621952 4.756098
24339 47 0.000000 0.000000 0.000000 0.609756 -24.573172 -0.914634
24344 47 0.000000 0.000000 0.000000 -1.219512 -18.353659 -4.939024
24349 47 0.000000 0.000000 0.000000 -3.048780 -9.939025 -7.865854
24354 47 0.000000 0.000000 0.000000 -3.719512 -3.292683 -7.926829
24359 47 0.000000 0.000000 0.000000 -0.853659 0.609756 -7.317073
24364 47 0.000000 0.000000 0.000000 0.792683 -0.792683 -8.902439
24369 47 0.000000 0.000000 0.000000 0.731707 -7.621952 -10.000000
24374 47 0.000000 0.000000 0.000000 0.365854 -12.743903 -11.158537
24379 47 0.000000 0.000000 0.000000 1.219512 -14.756098 -12.743903
24384 47 0.000000 0.000000 0.000000 1.158537 -18.597561 -12.195122
24389 47 0.000000 0.000000 0.000000 1.402439 -23.902439 -8.597561
24394 47 0.000000 0.000000 0.000000 0.853659 -28.170732 -5.609756
24399 47 0.000000 0.000000 0.000000 0.853659 -32.926830 -4.024390
24404 47 0.000000 0.000000 0.000000 5.548780 -38.597561 -1.768293
24409 47 0.000000 0.000000 0.000000 9.634147 -45.670734 -3.475610
24414 47 0.000000 0.000000 0.000000 12.134147 -51.524391 -1.951220
24419 47 0.000000 0.000000 0.000000 12.195122 -55.000000 -0.060976
24424 47 0.000000 0.000000 0.000000 11.402439 -57.195122 -1.463415
24429 47 0.000000 0.000000 0.000000 12.195122 -59.024391 -1.524390
24434 47 0.000000 0.000000 0.000000 12.743903 -59.329269 -2.317073
24439 47 0.000000 0.000000 0.000000 11.341464 -59.634148 -3.841464
24444 47 0.000000 0.000000 0.000000 11.097561 -54.817074 -2.439024
24449 47 0.000000 0.000000 0.000000 10.487805 -46.951221 -0.121951
24454 47 0.000000 0.000000 0.000000 9.512196 -43.292683 0.182927
24459 47 0.000000 0.000000 0.000000 8.902439 -45.304878 -0.365854
24464 47 0.000000 0.000000 0.000000 8.109756 -48.414635 -2.865854
24469 47 0.000000 0.000000 0.000000 6.463415 -50.182926 -5.243903
24474 47 0.000000 0.000000 0.000000 5.853659 -50.487804 -4.634146
24479 47 0.000000 0.000000 0.000000 7.195122 -47.804878 -2.743902
24484 47 0.000000 0.000000 0.000000 5.548780 -45.792683 -2.621951
24489 47 0.000000 0.000000 0.000000 1.829268 -43.902439 -2.073171
24494 47 0.000000 0.000000 0.000000 -0.853659 -40.182926 -0.121951
24499 47 0.000000 0.000000 0.000000 -3.719512 -34.207317 0.609756
24504 47 0.000000 0.000000 0.000000 -7.500000 -26.890245 -0.975610
24509 47 0.000000 0.000000 0.000000 -6.219512 -17.500000 0.975610
24514 47 0.000000 0.000000 0.000000 -3.292683 -9.268292 5.304878
24519 47 0.000000 0.000000 0.000000 -1.829268 -3.475610 4.817073
24524 47 0.000000 0.000000 0.000000 -1.341463 1.463415 0.000000
24529 47 0.000000 0.000000 0.000000 -2.256098 3.170732 -4.817073
24534 47 0.000000 0.000000 0.000000 -1.524390 1.585366 -6.402439
24539 47 0.000000 0.000000 0.000000 1.768293 0.000000 -4.085366
24544 47 0.000000 0.000000 0.000000 3.353659 -0.609756 -1.097561
24549 47 0.000000 -10.000000 0.000000 0.975610 -2.195122 0.121951
24554 47 0.000000 -20.000000 0.000000 -1.463415 -5.304878 -1.158537
24559 47 0.000000 -30.000000 0.000000 -2.073171 -10.000000 -3.719512
24564 47 0.000000 -30.000000 0.000000 -2.439024 -13.963415 -3.719512
24569 47 0.000000 -40.000000 0.000000 -2.378049 -15.548780 -1.768293
24574 47 0.000000 -40.000000 0.000000 -2.317073 -14.512196 1.402439
24579 47 0.000000 -50.000000 0.000000 -3.353659 -13.841464 3.170732
24584 47 0.000000 -50.000000 0.000000 -4.695122 -13.475610 4.390244
24589 47 0.000000 -60.000000 0.000000 -3.841464 -15.609756 3.048780
24594 47 0.000000 -70.000000 0.000000 -2.500000 -19.329269 -0.609756
24599 47 0.000000 -80.000000 0.000000 -2.804878 -20.000000 -4.268293
24604 47 0.000000 -80.000000 0.000000 -1.585366 -22.987806 -4.024390
24609 47 0.000000 -80.000000 0.000000 -0.914634 -27.012196 -0.548781
24614 47 0.000000 -80.000000 0.000000 -0.243902 -29.512196 0.853659
24619 47 0.000000 -90.000000 0.000000 2.134146 -32.560978 -0.792683
24624 47 0.000000 -90.000000 0.000000 4.878049 -38.719513 -4.329268
24629 47 0.000000 -90.000000 0.000000 6.524390 -45.548782 -7.865854
24634 47 0.000000 -90.000000 0.000000 5.121951 -50.365856 -9.451220
24639 47 0.000000 -100.000000 0.000000 3.414634 -55.182930 -9.268292
24644 47 0.000000 -100.000000 0.000000 4.390244 -61.585369 -9.207317
24649 47 0.000000 -100.000000 0.000000 7.134147 -70.182930 -10.792684
24654 47 0.000000 -110.000000 0.000000 9.573171 -77.621956 -12.560976
24659 47 0.000000 -110.000000 0.000000 8.780488 -82.987808 -14.207317
24664 47 0.000000 -110.000000 0.000000 6.890244 -86.463417 -11.890244
24669 47 0.000000 -110.000000 0.000000 8.597561 -86.524391 -4.146341
24674 47 0.000000 -120.000000 0.000000 10.792684 -84.939026 4.207317
24679 47 0.000000 -130.000000 0.000000 10.487805 -83.231712 6.707317
24684 47 0.000000 -130.000000 0.000000 8.170732 -82.012199 6.158537
24689 47 0.000000 -130.000000 0.000000 7.621952 -80.853661 5.060976
24694 47 0.000000 -140.000000 0.000000 10.426829 -83.231712 2.012195
24699 47 0.000000 -150.000000 0.000000 12.621951 -84.817078 3.170732
24704 47 0.000000 -150.000000 0.000000 10.487805 -82.317078 7.134147
24709 47 0.000000 -160.000000 0.000000 5.365854 -75.548782 5.000000
24714 47 0.000000 -170.000000 0.000000 0.000000 -68.780487 -0.670732
24719 47 0.000000 -170.000000 0.000000 -1.768293 -63.841465 -5.243903
24724 47 0.000000 -170.000000 0.000000 1.951220 -56.585365 -5.792683
24729 47 0.000000 -180.000000 0.000000 3.414634 -48.963417 -8.170732
24734 47 0.000000 -180.000000 0.000000 1.463415 -42.500000 -13.658537
24739 47 0.000000 -190.000000 0.000000 0.670732 -37.500000 -16.341463
24744 47 0.000000 -190.000000 0.000000 1.341463 -34.329269 -15.182927
24749 47 0.000000 -200.000000 0.000000 1.524390 -32.865856 -11.585366
24754 47 0.000000 -200.000000 0.000000 0.609756 -32.073170 -6.158537
24759 47 0.000000 -200.000000 0.000000 0.548781 -30.609756 -1.890244
24764 47 0.000000 -200.000000 0.000000 2.378049 -30.792685 0.670732
24769 47 0.000000 -210.000000 0.000000 6.463415 -33.475609 6.829268
24774 47 0.000000 -210.000000 0.000000 7.987805 -36.890244 11.829268
24779 47 0.000000 -210.000000 0.000000 5.914634 -40.243904 11.280488
24784 47 0.000000 -210.000000 0.000000 4.939024 -45.914635 7.865854
24789 47 0.000000 -210.000000 0.000000 5.243903 -51.951221 5.853659
24794 47 0.000000 -220.000000 0.000000 6.890244 -59.024391 0.243902
24799 47 0.000000 -220.000000 0.000000 8.170732 -67.865852 -3.536585
24804 47 0.000000 -220.000000 0.000000 7.195122 -75.426834 -1.341463
24809 47 0.000000 -230.000000 0.000000 3.597561 -78.048782 2.134146
24814 47 0.000000 -230.000000 0.000000 -1.463415 -79.695122 2.378049
24819 47 0.000000 -240.000000 0.000000 -4.878049 -83.109756 1.463415
24824 47 0.000000 -240.000000 0.000000 -3.719512 -85.914635 2.621951
24829 47 0.000000 -240.000000 0.000000 -0.731707 -90.975609 2.134146
24834 47 0.000000 -250.000000 0.000000 0.000000 -96.707321 -1.585366
24839 47 0.000000 -250.000000 0.000000 -0.060976 -102.865852 -4.024390
24844 47 0.000000 -250.000000 0.000000 2.743902 -109.573174 -5.731708
24849 47 0.000000 -250.000000 0.000000 7.500000 -115.670731 -9.939025
24854 47 0.000000 -260.000000 0.000000 12.682927 -119.390244 -14.939025
24859 47 0.000000 -270.000000 0.000000 14.207317 -120.365860 -17.926830
24864 47 0.000000 -270.000000 0.000000 11.341464 -119.573174 -16.097561
24869 47 0.000000 -270.000000 0.000000 8.353659 -118.658539 -8.292683
24874 47 0.000000 -280.000000 0.000000 4.634146 -115.182930 -0.853659
24879 47 0.000000 -290.000000 0.000000 0.609756 -110.060982 4.146341
24884 47 0.000000 -290.000000 0.000000 -2.073171 -104.085365 5.792683
24889 47 0.000000 -300.000000 0.000000 -4.573171 -95.975609 4.634146
24894 47 0.000000 -310.000000 0.000000 -6.158537 -90.121956 0.304878
24899 47 0.000000 -310.000000 0.000000 -4.085366 -86.768295 -2.012195
24904 47 0.000000 -310.000000 0.000000 3.658537 -84.939026 -2.682927
24909 47 0.000000 -320.000000 0.000000 11.768293 -85.121956 -3.048780
24914 47 0.000000 -330.000000 0.000000 16.646341 -86.707321 -1.524390
24919 47 0.000000 -340.000000 0.000000 19.085367 -87.195122 1.707317
24924 47 0.000000 -340.000000 0.000000 20.365854 -85.975609 5.304878
24929 47 0.000000 -340.000000 0.000000 20.792683 -85.000000 7.987805
24934 47 0.000000 -350.000000 0.000000 20.365854 -85.426834 10.731708
24939 47 0.000000 -360.000000 0.000000 19.634148 -87.378052 13.170732
24944 47 0.000000 -360.000000 0.000000 18.170732 -87.865852 12.378049
24949 47 0.000000 -370.000000 0.000000 17.317074 -87.134148 9.390244
24954 47 0.000000 -370.000000 0.000000 16.890244 -87.865852 6.646342
24959 47 0.000000 -380.000000 0.000000 17.195122 -89.512199 3.414634
24964 47 0.000000 -380.000000 0.000000 17.500000 -91.585365 1.341463
24969 47 0.000000 -380.000000 0.000000 14.695123 -91.463417 1.707317
24974 47 0.000000 -390.000000 0.000000 8.780488 -89.939026 1.280488
24979 47 0.000000 -390.000000 0.000000 3.841464 -89.817078 0.548781
24984 47 0.000000 -390.000000 0.000000 0.975610 -88.780487 2.926829
24989 47 0.000000 -390.000000 0.000000 1.707317 -86.097565 7.378049
24994 47 0.000000 -400.000000 0.000000 1.646341 -84.634148 10.487805
24999 47 0.000000 -400.000000 0.000000 0.000000 -85.853661 8.231708
25004 47 0.000000 -400.000000 0.000000 -0.670732 -89.024391 1.707317
25009 47 0.000000 -410.000000 0.000000 1.341463 -94.939026 -5.304878
25014 47 0.000000 -410.000000 0.000000 4.573171 -100.853661 -8.780488
25019 47 0.000000 -410.000000 0.000000 7.439024 -105.243904 -9.268292
25024 47 0.000000 -410.000000 0.000000 10.060976 -110.121956 -10.731708
25029 47 0.000000 -410.000000 0.000000 11.402439 -116.463417 -12.439025
25034 47 0.000000 -410.000000 0.000000 12.256098 -124.329269 -13.902439
25039 47 0.000000 -410.000000 0.000000 11.829268 -132.195129 -14.878049
25044 47 0.000000 -410.000000 0.000000 12.439025 -137.743912 -13.597561
25049 47 0.000000 -410.000000 0.000000 13.536586 -139.268295 -10.243902
25054 47 0.000000 -410.000000 0.000000 15.304878 -140.000000 -5.304878
25059 47 0.000000 -410.000000 0.000000 16.707317 -140.365860 1.341463
25064 47 0.000000 -410.000000 0.000000 19.146341 -138.963425 8.353659
25069 47 0.000000 -410.000000 0.000000 21.768293 -137.378052 13.109756
25074 47 0.000000 -410.000000 0.000000 26.463415 -135.731705 16.463415
25079 47 0.000000 -410.000000 0.000000 30.000000 -132.926834 17.865854
25084 47 0.000000 -410.000000 0.000000 29.512196 -131.524399 16.402439
25089 47 0.000000 -410.000000 0.000000 27.500000 -131.463425 13.597561
25094 47 0.000000 -410.000000 0.000000 22.256098 -128.048782 10.548780
25099 47 0.000000 -400.000000 0.000000 17.926830 -123.353661 8.353659
25104 47 0.000000 -400.000000 0.000000 17.865854 -117.987808 7.500000
25109 47 0.000000 -400.000000 0.000000 16.890244 -112.317078 8.597561
25114 47 0.000000 -400.000000 0.000000 13.109756 -107.012199 5.670732
25119 47 0.000000 -390.000000 0.000000 10.426829 -102.073174 -0.975610
25124 47 0.000000 -390.000000 0.000000 10.121951 -97.317078 -6.768293
25129 47 0.000000 -380.000000 0.000000 10.000000 -93.231712 -7.682927
25134 47 0.000000 -360.000000 0.000000 7.621952 -87.256096 -3.963415
25139 47 0.000000 -340.000000 0.000000 6.036585 -80.060974 1.707317
25144 47 0.000000 -340.000000 0.000000 5.609756 -72.804878 6.646342
25149 47 0.000000 -310.000000 0.000000 6.463415 -67.012199 8.170732
25154 47 0.000000 -280.000000 0.000000 6.890244 -63.963417 6.158537
25159 47 0.000000 -280.000000 0.000000 7.256098 -64.085365 3.841464
25164 47 0.000000 -250.000000 0.000000 7.378049 -62.073174 2.682927
25169 47 0.000000 -210.000000 0.000000 7.804878 -57.743904 1.036585
25174 47 0.000000 -170.000000 0.000000 7.378049 -53.170734 -0.609756
25179 47 0.000000 -130.000000 0.000000 6.951220 -49.268295 -2.804878
25184 47 0.000000 -130.000000 0.000000 3.353659 -43.170734 -4.085366
25189 47 0.000000 -90.000000 0.000000 -0.426829 -34.146343 -3.170732
25194 47 0.000000 -50.000000 0.000000 -3.109756 -22.926830 -2.987805
25199 47 0.000000 -20.000000 0.000000 -3.231707 -9.756098 -2.621951
25204 47 0.000000 -20.000000 0.000000 -3.231707 3.719512 -2.012195
25209 47 0.000000 0.000000 0.000000 -5.487805 17.804878 -4.024390
25214 47 0.000000 0.000000 0.000000 -8.719512 30.975611 -4.878049
25219 47 0.000000 0.000000 0.000000 -10.731708 42.317074 -1.402439
25224 47 0.000000 0.000000 0.000000 -11.951220 55.000000 1.890244
25229 47 0.000000 0.000000 0.000000 -13.475610 67.743904 3.231707
25234 47 0.000000 0.000000 0.000000 -13.963415 79.512199 1.951220
25239 47 0.000000 0.000000 0.000000 -16.219513 93.109756 2.317073
25244 47 0.000000 0.000000 0.000000 -18.780489 108.292686 4.878049
25249 47 0.000000 0.000000 0.000000 -20.365854 118.902443 4.756098
25254 47 0.000000 0.000000 0.000000 -22.439024 127.256104 0.182927
25259 47 0.000000 0.000000 0.000000 -25.304878 136.036591 -4.268293
25264 47 0.000000 0.000000 0.000000 -26.280489 144.085373 -6.036585
25269 47 0.000000 0.000000 0.000000 -22.804878 153.475616 -4.024390
25274 47 0.000000 0.000000 0.000000 -19.146341 162.743912 -1.707317
25279 47 0.000000 0.000000 0.000000 -18.597561 172.195129 -2.134146
25284 47 0.000000 0.000000 0.000000 -21.524391 178.353668 -4.329268
25289 47 0.000000 0.000000 0.000000 -25.853659 180.000000 -7.500000
25294 47 0.000000 0.000000 0.000000 -29.390245 180.426834 -10.426829
25299 47 0.000000 0.000000 0.000000 -30.121952 180.182938 -12.012196
25304 47 0.000000 0.000000 0.000000 -27.865854 179.817078 -13.780488
25309 47 0.000000 0.000000 0.000000 -23.963415 177.865860 -17.317074
25314 47 0.000000 0.000000 0.000000 -21.768293 172.317078 -23.170732
25319 47 0.000000 0.000000 0.000000 -21.402439 163.170731 -28.353659
25324 47 0.000000 0.000000 0.000000 -19.207317 151.646347 -27.073172
25329 47 0.000000 0.000000 0.000000 -16.097561 140.731705 -22.073172
25334 47 0.000000 0.000000 0.000000 -12.500000 130.792679 -19.085367
25339 47 0.000000 0.000000 0.000000 -7.743903 119.451225 -16.890244
25344 47 0.000000 0.000000 0.000000 -2.134146 106.890244 -15.060976
25349 47 0.000000 0.000000 0.000000 1.341463 96.707321 -10.609756
25354 47 0.000000 0.000000 0.000000 1.280488 89.451225 -5.731708
25359 47 0.000000 0.000000 0.000000 2.500000 83.841469 -5.182927
25364 47 0.000000 0.000000 0.000000 3.658537 78.963417 -6.707317
25369 47 0.000000 0.000000 0.000000 3.841464 73.719513 -8.719512
25374 47 0.000000 0.000000 0.000000 2.256098 69.146339 -6.036585
25379 47 0.000000 0.000000 0.000000 -2.621951 67.073174 2.134146
25384 47 0.000000 0.000000 0.000000 -9.512196 65.182930 8.292683
25389 47 0.000000 0.000000 0.000000 -13.841464 60.243904 10.121951
25394 47 0.000000 0.000000 0.000000 -16.646341 52.926830 7.621952
25399 47 0.000000 0.000000 0.000000 -18.292683 41.036587 2.682927
25404 47 0.000000 0.000000 0.000000 -18.414635 30.792685 -0.853659
25409 47 0.000000 0.000000 0.000000 -19.451220 25.792683 -1.585366
25414 47 0.000000 0.000000 0.000000 -21.280489 22.560976 -0.121951
25419 47 0.000000 0.000000 0.000000 -20.304878 18.414635 4.024390
25424 47 0.000000 0.000000 0.000000 -17.865854 13.658537 5.853659
25429 47 0.000000 0.000000 0.000000 -16.707317 11.341464 6.097561
25434 47 0.000000 0.000000 0.000000 -14.024390 12.317074 7.500000
25439 47 0.000000 0.000000 0.000000 -8.536586 13.231708 10.670732
25444 47 0.000000 0.000000 0.000000 -0.548781 13.292684 13.475610
25449 47 0.000000 0.000000 0.000000 7.195122 12.073171 11.646341
25454 47 0.000000 0.000000 0.000000 11.463415 8.597561 6.036585
25459 47 0.000000 0.000000 0.000000 12.073171 7.012195 1.707317
25464 47 0.000000 0.000000 0.000000 10.365854 8.780488 1.280488
25469 47 0.000000 0.000000 0.000000 6.524390 13.109756 1.951220
25474 47 0.000000 0.000000 0.000000 3.780488 16.524391 2.195122
25479 47 0.000000 0.000000 0.000000 1.036585 19.634148 3.170732
25484 47 0.000000 0.000000 0.000000 -6.463415 21.951220 4.085366
25489 47 0.000000 0.000000 0.000000 -14.024390 24.085367 2.926829
25494 47 0.000000 0.000000 0.000000 -16.768293 25.060976 0.182927
25499 47 0.000000 0.000000 0.000000 -18.231709 25.304878 -0.365854
25504 47 0.000000 0.000000 0.000000 -17.987804 25.000000 2.134146
25509 47 0.000000 0.000000 0.000000 -17.256098 24.085367 5.548780
25514 47 0.000000 0.000000 0.000000 -19.756098 24.756098 7.865854
25519 47 0.000000 0.000000 0.000000 -27.195122 23.353659 7.256098
25524 47 0.000000 0.000000 0.000000 -33.597561 20.365854 7.682927
25529 47 0.000000 0.000000 0.000000 -37.012196 19.512196 8.658537
25534 47 0.000000 0.000000 0.000000 -37.500000 20.000000 8.414635
25539 47 0.000000 0.000000 0.000000 -36.280487 19.207317 5.914634
25544 47 0.000000 0.000000 0.000000 -33.109756 16.890244 2.682927
25549 47 0.000000 0.000000 0.000000 -28.658537 14.756098 -0.670732
25554 47 0.000000 0.000000 0.000000 -24.146341 13.902439 -6.463415
25559 47 0.000000 0.000000 0.000000 -22.378050 14.268293 -11.524390
25564 47 0.000000 0.000000 0.000000 -24.390244 17.195122 -10.792684
25569 47 0.000000 0.000000 0.000000 -23.048780 20.731709 -5.000000
25574 47 0.000000 0.000000 0.000000 -19.939024 23.597561 1.646341
25579 47 0.000000 0.000000 0.000000 -18.719513 27.621952 3.536585
25584 47 0.000000 0.000000 0.000000 -15.243903 34.512196 3.597561
25589 47 0.000000 0.000000 0.000000 -11.036586 38.109756 7.500000
25594 47 0.000000 0.000000 0.000000 -4.146341 39.146343 10.000000
25599 47 0.000000 0.000000 0.000000 0.731707 41.951221 7.682927
25604 47 0.000000 0.000000 0.000000 2.134146 45.304878 4.939024
25609 47 0.000000 0.000000 0.000000 2.195122 46.463417 2.865854
25614 47 0.000000 0.000000 0.000000 0.243902 46.646343 3.963415
25619 47 0.000000 0.000000 0.000000 -1.158537 48.170734 6.646342
25624 47 0.000000 0.000000 0.000000 -1.219512 51.463417 9.024390
25629 47 0.000000 0.000000 0.000000 -3.048780 54.146343 8.170732
25634 47 0.000000 0.000000 0.000000 -5.060976 52.865856 6.097561
25639 47 0.000000 0.000000 0.000000 -7.743903 50.487804 5.304878
25644 47 0.000000 0.000000 0.000000 -12.256098 48.841465 6.524390
25649 47 0.000000 0.000000 0.000000 -15.975610 50.060978 7.560976
25654 47 0.000000 0.000000 0.000000 -17.987804 51.829269 10.243902
25659 47 0.000000 0.000000 0.000000 -21.219513 51.585365 15.670732
25664 47 0.000000 0.000000 0.000000 -22.317074 50.426830 19.146341
25669 47 0.000000 0.000000 0.000000 -21.463415 48.170734 17.743902
25674 47 0.000000 0.000000 0.000000 -16.524391 47.560978 19.878050
25679 47 0.000000 0.000000 0.000000 -12.621951 48.170734 21.036587
25684 47 0.000000 0.000000 0.000000 -10.182927 51.646343 18.231709
25689 47 0.000000 0.000000 0.000000 -8.780488 54.390244 14.573171
25694 47 0.000000 0.000000 0.000000 -10.914635 55.670734 12.865854
25699 47 0.000000 0.000000 0.000000 -11.890244 56.341465 11.890244
25704 47 0.000000 0.000000 0.000000 -12.500000 56.036587 9.390244
25709 47 0.000000 0.000000 0.000000 -12.439025 50.426830 6.036585
25714 47 0.000000 0.000000 0.000000 -11.524390 44.634148 5.975610
25719 47 0.000000 0.000000 0.000000 -8.658537 40.243904 6.219512
25724 47 0.000000 0.000000 0.000000 -4.512195 33.353661 2.012195
25729 47 0.000000 0.000000 0.000000 -3.292683 23.719513 -3.475610
25734 47 0.000000 0.000000 0.000000 -1.768293 14.634147 -6.097561
25739 47 0.000000 0.000000 0.000000 -0.426829 8.780488 -4.085366
25744 47 0.000000 0.000000 0.000000 -0.853659 3.780488 -0.121951
25749 47 0.000000 0.000000 0.000000 -0.243902 0.121951 2.987805
25754 47 0.000000 0.000000 0.000000 2.073171 -2.682927 4.390244
25759 47 0.000000 0.000000 0.000000 3.658537 -5.914634 4.573171
25764 47 0.000000 0.000000 0.000000 5.792683 -10.609756 4.878049
25769 47 0.000000 0.000000 0.000000 10.487805 -13.109756 5.548780
25774 47 0.000000 0.000000 0.000000 13.658537 -12.804878 4.939024
25779 47 0.000000 0.000000 0.000000 12.073171 -10.000000 3.658537
25784 47 0.000000 0.000000 0.000000 8.719512 -5.304878 3.658537
25789 47 0.000000 0.000000 0.000000 4.207317 -2.012195 4.146341
25794 47 0.000000 0.000000 0.000000 -1.768293 0.670732 4.756098
25799 47 0.000000 0.000000 0.000000 -5.609756 5.182927 4.878049
25804 47 0.000000 0.000000 0.000000 -2.500000 11.097561 7.500000
25809 47 0.000000 0.000000 0.000000 3.414634 14.878049 7.804878
25814 47 0.000000 0.000000 0.000000 7.256098 14.817074 4.085366
25819 47 0.000000 0.000000 0.000000 8.719512 13.109756 -1.036585
25824 47 0.000000 0.000000 0.000000 3.963415 12.012196 -5.304878
25829 47 0.000000 0.000000 0.000000 -5.060976 12.012196 -7.195122
25834 47 0.000000 0.000000 0.000000 -7.012195 13.414635 -3.475610
25839 47 0.000000 0.000000 0.000000 -3.597561 14.451220 2.500000
25844 47 0.000000 0.000000 0.000000 -0.487805 14.817074 6.585366
25849 47 0.000000 0.000000 0.000000 1.097561 14.207317 6.829268
25854 47 0.000000 0.000000 0.000000 2.012195 13.658537 3.780488
25859 47 0.000000 0.000000 0.000000 2.865854 13.902439 1.341463
25864 47 0.000000 0.000000 0.000000 2.865854 15.304878 4.695122
25869 47 0.000000 0.000000 0.000000 0.975610 18.048780 6.951220
25874 47 0.000000 0.000000 0.000000 0.487805 20.853659 2.500000
25879 47 0.000000 0.000000 0.000000 2.073171 20.243902 -3.597561
25884 47 0.000000 0.000000 0.000000 5.060976 17.317074 -6.158537
25889 47 0.000000 0.000000 0.000000 7.134147 15.121951 -6.341464
25894 47 0.000000 0.000000 0.000000 8.597561 15.426829 -2.621951
25899 47 0.000000 0.000000 0.000000 8.719512 16.097561 1.585366
25904 47 0.000000 0.000000 0.000000 7.500000 15.731708 3.536585
25909 47 0.000000 0.000000 0.000000 5.487805 16.402439 2.804878
25914 47 0.000000 0.000000 0.000000 2.926829 17.256098 2.378049
25919 47 0.000000 0.000000 0.000000 -0.792683 18.048780 3.536585
25924 47 0.000000 0.000000 0.000000 -4.817073 18.048780 3.597561
25929 47 0.000000 0.000000 0.000000 -3.841464 15.426829 4.634146
25934 47 0.000000 0.000000 0.000000 -2.560976 13.048780 7.621952
25939 47 0.000000 0.000000 0.000000 -3.597561 12.317074 8.902439
25944 47 0.000000 0.000000 0.000000 -6.280488 11.768293 3.597561
25949 47 0.000000 0.000000 0.000000 -8.963415 10.182927 -3.719512
25954 47 0.000000 0.000000 0.000000 -9.634147 6.158537 -8.048780
25959 47 0.000000 0.000000 0.000000 -7.500000 2.804878 -9.878049
25964 47 0.000000 0.000000 0.000000 -7.500000 1.402439 -7.987805
25969 47 0.000000 0.000000 0.000000 -8.780488 0.121951 -8.475610
25974 47 0.000000 0.000000 0.000000 -10.060976 -0.670732 -10.548780
25979 47 0.000000 0.000000 0.000000 -9.756098 -2.560976 -9.634147
25984 47 0.000000 0.000000 0.000000 -6.463415 -4.817073 -6.219512
25989 47 0.000000 0.000000 0.000000 -0.487805 -6.768293 0.121951
25994 47 0.000000 0.000000 0.000000 4.512195 -8.719512 6.585366
25999 47 0.000000 0.000000 0.000000 6.768293 -9.024390 8.841464
26004 47 0.000000 0.000000 0.000000 5.731708 -10.487805 5.000000
26009 47 0.000000 0.000000 0.000000 4.939024 -11.890244 1.402439
26014 47 0.000000 0.000000 0.000000 5.853659 -11.280488 0.426829
26019 47 0.000000 0.000000 0.000000 5.365854 -7.987805 1.280488
26024 47 0.000000 0.000000 0.000000 3.231707 -1.341463 2.500000
26029 47 0.000000 0.000000 0.000000 1.158537 3.292683 2.804878
26034 47 0.000000 0.000000 0.000000 -0.914634 3.353659 0.792683
26039 47 0.000000 0.000000 0.000000 -0.060976 1.463415 0.060976
26044 47 0.000000 0.000000 0.000000 2.804878 0.426829 -1.707317
26049 47 0.000000 0.000000 0.000000 2.134146 1.036585 -4.329268
26054 47 0.000000 0.000000 0.000000 0.000000 3.658537 -3.292683
26059 47 0.000000 0.000000 0.000000 -1.829268 4.634146 -3.109756
26064 47 0.000000 0.000000 0.000000 -2.865854 5.609756 -3.292683
26069 47 0.000000 0.000000 0.000000 -4.939024 4.634146 -1.280488
26074 47 0.000000 0.000000 0.000000 -4.207317 3.902439 1.768293
26079 47 0.000000 0.000000 0.000000 -1.890244 3.963415 4.817073
26084 47 0.000000 0.000000 0.000000 -0.792683 4.451220 6.524390
26089 47 0.000000 0.000000 0.000000 -1.158537 4.939024 4.634146
26094 47 0.000000 0.000000 0.000000 -2.926829 3.414634 1.463415
26099 47 0.000000 0.000000 0.000000 -5.365854 -0.426829 -4.634146
26104 47 0.000000 0.000000 0.000000 -5.121951 -3.414634 -9.878049
26109 47 0.000000 0.000000 0.000000 -3.658537 -3.109756 -12.256098
26114 47 0.000000 0.000000 0.000000 -4.146341 -2.560976 -11.097561
26119 47 0.000000 0.000000 0.000000 -3.475610 -2.134146 -7.682927
26124 47 0.000000 0.000000 0.000000 -2.621951 -2.073171 -5.182927
26129 47 0.000000 0.000000 0.000000 -1.707317 -3.414634 -3.780488
26134 47 0.000000 0.000000 0.000000 -1.402439 -6.646342 -3.414634
26139 47 0.000000 0.000000 0.000000 -1.829268 -7.621952 -3.109756
26144 47 0.000000 0.000000 0.000000 0.182927 -5.975610 -1.951220
26149 47 0.000000 0.000000 0.000000 2.987805 -5.609756 -0.426829
26154 47 0.000000 0.000000 0.000000 4.939024 -7.134147 1.951220
26159 47 0.000000 0.000000 0.000000 5.548780 -8.170732 3.414634
26164 47 0.000000 0.000000 0.000000 6.219512 -7.926829 4.146341
26169 47 0.000000 0.000000 0.000000 5.365854 -5.548780 5.853659
26174 47 0.000000 0.000000 0.000000 4.573171 0.000000 9.756098
26179 47 0.000000 0.000000 0.000000 6.280488 5.731708 10.365854
26184 47 0.000000 0.000000 0.000000 5.792683 6.219512 7.256098
26189 47 0.000000 0.000000 0.000000 5.304878 5.000000 3.170732
26194 47 0.000000 0.000000 0.000000 6.158537 5.487805 1.097561
26199 47 0.000000 0.000000 0.000000 7.378049 6.585366 -0.975610
26204 47 0.000000 0.000000 0.000000 8.170732 5.426829 -3.109756
26209 47 0.000000 0.000000 0.000000 7.743903 4.695122 -4.512195
26214 47 0.000000 0.000000 0.000000 6.890244 3.536585 -5.182927
26219 47 0.000000 0.000000 0.000000 7.743903 2.987805 -4.085366
26224 47 0.000000 0.000000 0.000000 8.231708 3.109756 -2.134146
26229 47 0.000000 0.000000 0.000000 7.317073 3.780488 0.000000
26234 47 0.000000 0.000000 0.000000 6.402439 4.390244 2.073171
26239 47 0.000000 0.000000 0.000000 4.512195 6.219512 4.512195
26244 47 0.000000 0.000000 0.000000 -0.243902 6.402439 5.670732
26249 47 0.000000 0.000000 0.000000 -1.707317 6.707317 4.939024
26254 47 0.000000 0.000000 0.000000 0.365854 5.914634 1.646341
26259 47 0.000000 0.000000 0.000000 2.439024 3.292683 -1.158537
26264 47 0.000000 0.000000 0.000000 1.524390 2.073171 0.000000
26269 47 0.000000 0.000000 0.000000 0.365854 5.853659 3.658537
26274 47 0.000000 0.000000 0.000000 0.731707 8.414635 4.207317
26279 47 0.000000 0.000000 0.000000 2.378049 6.707317 5.243903
26284 47 0.000000 0.000000 0.000000 4.756098 4.451220 6.219512
26289 47 0.000000 0.000000 0.000000 5.182927 2.317073 5.975610
26294 47 0.000000 0.000000 0.000000 2.621951 1.768293 4.573171
26299 47 0.000000 0.000000 0.000000 -1.341463 1.829268 1.951220
26304 47 0.000000 0.000000 0.000000 -2.926829 2.865854 1.036585
26309 47 0.000000 0.000000 0.000000 -4.085366 5.487805 0.548781
26314 47 0.000000 0.000000 0.000000 -3.780488 4.451220 0.609756
26319 47 0.000000 0.000000 0.000000 -1.707317 1.890244 1.524390
26324 47 0.000000 0.000000 0.000000 -0.426829 -0.914634 1.097561
26329 47 0.000000 0.000000 0.000000 -2.134146 -4.329268 0.731707
26334 47 0.000000 0.000000 0.000000 -3.292683 -5.060976 4.573171
26339 47 0.000000 0.000000 0.000000 -3.292683 -2.682927 8.475610
26344 47 0.000000 0.000000 0.000000 -3.597561 -3.536585 6.219512
26349 47 0.000000 0.000000 0.000000 -1.280488 -7.134147 3.231707
26354 47 0.000000 0.000000 0.000000 0.182927 -10.121951 2.134146
26359 47 0.000000 0.000000 0.000000 0.548781 -8.658537 2.134146
26364 47 0.000000 0.000000 0.000000 0.365854 -6.463415 3.536585
26369 47 0.000000 0.000000 0.000000 -1.341463 -5.182927 5.487805
26374 47 0.000000 0.000000 0.000000 -1.646341 -0.365854 4.024390
26379 47 0.000000 0.000000 0.000000 -2.743902 3.719512 3.475610
26384 47 0.000000 0.000000 0.000000 -4.512195 4.817073 5.182927
26389 47 0.000000 0.000000 0.000000 -1.890244 3.902439 4.756098
26394 47 0.000000 0.000000 0.000000 2.926829 1.280488 2.256098
26399 47 0.000000 0.000000 0.000000 5.426829 -1.158537 2.195122
26404 47 0.000000 0.000000 0.000000 5.182927 -4.451220 4.878049
26409 47 0.000000 0.000000 0.000000 5.060976 -6.097561 9.085366
26414 47 0.000000 0.000000 0.000000 5.121951 -8.536586 8.963415
26419 47 0.000000 0.000000 0.000000 4.329268 -13.902439 8.109756
26424 47 0.000000 0.000000 0.000000 4.573171 -17.439024 5.121951
26429 47 0.000000 0.000000 0.000000 4.024390 -18.353659 0.182927
26434 47 0.000000 0.000000 0.000000 6.097561 -17.378050 -2.621951
26439 47 0.000000 0.000000 0.000000 6.158537 -15.365854 -3.048780
26444 47 0.000000 0.000000 0.000000 1.768293 -11.951220 -0.609756
26449 47 0.000000 0.000000 0.000000 -2.134146 -7.865854 3.658537
26454 47 0.000000 0.000000 0.000000 -1.646341 -3.536585 7.256098
26459 47 0.000000 0.000000 0.000000 1.158537 -0.304878 7.621952
26464 47 0.000000 0.000000 0.000000 1.280488 2.012195 5.243903
26469 47 0.000000 0.000000 0.000000 -2.195122 3.658537 5.914634
26474 47 0.000000 0.000000 0.000000 -6.463415 5.121951 12.073171
26479 47 0.000000 0.000000 0.000000 -7.317073 6.829268 23.109756
26484 47 0.000000 0.000000 0.000000 -4.756098 8.353659 28.292683
26489 47 0.000000 0.000000 0.000000 -2.987805 5.731708 19.451220
26494 47 0.000000 0.000000 0.000000 -1.524390 -1.768293 6.768293
26499 47 0.000000 0.000000 0.000000 -2.987805 -8.048780 -1.585366
26504 47 0.000000 0.000000 0.000000 -7.073171 -8.719512 -2.987805
26509 47 0.000000 0.000000 0.000000 -11.036586 -5.304878 -1.524390
26514 47 0.000000 0.000000 0.000000 -12.621951 -2.012195 0.853659
26519 47 0.000000 0.000000 0.000000 -8.963415 2.012195 5.365854
26524 47 0.000000 0.000000 0.000000 -3.719512 4.024390 7.439024
26529 47 0.000000 0.000000 0.000000 -2.865854 2.256098 5.426829
26534 47 0.000000 0.000000 0.000000 -3.536585 -0.731707 3.109756
26539 47 0.000000 0.000000 0.000000 -2.987805 -2.926829 -2.256098
26544 47 0.000000 0.000000 0.000000 -0.731707 -3.475610 -7.865854
26549 47 0.000000 0.000000 0.000000 0.426829 -4.207317 -4.756098
26554 47 0.000000 0.000000 0.000000 0.792683 0.243902 3.536585
26559 47 0.000000 0.000000 0.000000 0.670732 5.609756 8.841464
26564 47 0.000000 0.000000 0.000000 0.060976 6.890244 10.914635
26569 47 0.000000 0.000000 0.000000 -0.182927 4.634146 10.243902
26574 47 0.000000 0.000000 0.000000 1.158537 0.548781 10.792684
26579 47 0.000000 0.000000 0.000000 4.634146 -1.768293 14.085366
26584 47 0.000000 0.000000 0.000000 5.914634 -6.219512 14.329268
26589 47 0.000000 0.000000 0.000000 6.219512 -10.731708 13.170732
26594 47 0.000000 0.000000 0.000000 7.073171 -11.158537 13.231708
26599 47 0.000000 0.000000 0.000000 8.719512 -11.768293 14.329268
26604 47 0.000000 0.000000 0.000000 10.000000 -13.109756 13.414635
26609 47 0.000000 0.000000 0.000000 7.378049 -13.658537 13.109756
26614 47 0.000000 0.000000 0.000000 4.939024 -13.658537 17.256098
26619 47 0.000000 0.000000 0.000000 6.280488 -13.048780 20.426830
26624 47 0.000000 0.000000 0.000000 8.414635 -9.695122 16.219513
26629 47 0.000000 0.000000 0.000000 5.548780 -8.475610 5.670732
26634 47 0.000000 0.000000 0.000000 2.621951 -8.658537 -4.024390
26639 47 0.000000 0.000000 0.000000 2.073171 -6.646342 -7.926829
26644 47 0.000000 0.000000 0.000000 0.914634 -3.048780 -5.670732
26649 47 0.000000 0.000000 0.000000 0.609756 1.463415 -1.036585
26654 47 0.000000 0.000000 0.000000 0.304878 6.036585 1.951220
26659 47 0.000000 0.000000 0.000000 1.097561 10.365854 2.317073
26664 47 0.000000 0.000000 0.000000 0.609756 10.609756 0.731707
26669 47 0.000000 0.000000 0.000000 1.707317 9.024390 -0.365854
26674 47 0.000000 0.000000 0.000000 3.719512 9.390244 0.243902
26679 47 0.000000 0.000000 0.000000 5.182927 10.670732 3.292683
26684 47 0.000000 0.000000 0.000000 3.536585 10.731708 7.682927
26689 47 0.000000 0.000000 0.000000 -1.097561 10.243902 9.878049
26694 47 0.000000 0.000000 0.000000 0.487805 10.243902 10.487805
26699 47 0.000000 0.000000 0.000000 3.963415 8.597561 7.073171
26704 47 0.000000 0.000000 0.000000 3.780488 4.817073 2.500000
26709 47 0.000000 0.000000 0.000000 4.085366 0.670732 -1.707317
26714 47 0.000000 0.000000 0.000000 7.560976 -0.914634 -0.792683
26719 47 0.000000 0.000000 0.000000 8.048780 0.670732 1.829268
26724 47 0.000000 0.000000 0.000000 7.743903 0.060976 3.048780
26729 47 0.000000 0.000000 0.000000 9.268292 -1.219512 0.792683
26734 47 0.000000 0.000000 0.000000 9.146341 -4.695122 0.182927
26739 47 0.000000 0.000000 0.000000 7.195122 -7.743903 2.682927
26744 47 0.000000 0.000000 0.000000 1.158537 -10.914635 2.195122
26749 47 0.000000 0.000000 0.000000 -2.317073 -12.560976 2.439024
26754 47 0.000000 0.000000 0.000000 -0.731707 -12.560976 7.012195
26759 47 0.000000 0.000000 0.000000 1.341463 -14.878049 14.329268
26764 47 0.000000 0.000000 0.000000 4.024390 -15.304878 16.524391
26769 47 0.000000 0.000000 0.000000 6.890244 -14.756098 11.768293
26774 47 0.000000 0.000000 0.000000 7.682927 -15.975610 4.451220
26779 47 0.000000 0.000000 0.000000 8.597561 -17.743902 -0.914634
26784 47 0.000000 0.000000 0.000000 8.902439 -19.146341 -4.634146
26789 47 0.000000 0.000000 0.000000 3.048780 -17.134148 -6.768293
26794 47 0.000000 0.000000 0.000000 -3.231707 -12.682927 -6.524390
26799 47 0.000000 0.000000 0.000000 -5.487805 -8.902439 -3.963415
26804 47 0.000000 0.000000 0.000000 -5.426829 -6.646342 -0.487805
26809 47 0.000000 0.000000 0.000000 -5.243903 -3.780488 2.804878
26814 47 0.000000 0.000000 0.000000 -7.804878 0.182927 3.841464
26819 47 0.000000 0.000000 0.000000 -9.085366 0.548781 2.743902
26824 47 0.000000 0.000000 0.000000 -6.585366 -1.585366 3.109756
26829 47 0.000000 0.000000 0.000000 -4.634146 -2.439024 3.414634
26834 47 0.000000 0.000000 0.000000 -6.097561 -4.573171 2.621951
26839 47 0.000000 0.000000 0.000000 -9.146341 -7.378049 -0.670732
26844 47 0.000000 0.000000 0.000000 -9.207317 -10.121951 -5.182927
26849 47 0.000000 0.000000 0.000000 -7.073171 -9.573171 -3.780488
26854 47 0.000000 0.000000 0.000000 -5.365854 -4.939024 2.073171
26859 47 0.000000 0.000000 0.000000 -2.378049 -0.975610 8.353659
26864 47 0.000000 0.000000 0.000000 0.548781 -2.439024 13.963415
26869 47 0.000000 0.000000 0.000000 1.219512 -5.060976 16.585365
26874 47 0.000000 0.000000 0.000000 2.256098 -5.670732 14.756098
26879 47 0.000000 0.000000 0.000000 4.085366 -8.353659 7.439024
26884 47 0.000000 0.000000 0.000000 7.743903 -12.926829 -0.731707
26889 47 0.000000 0.000000 0.000000 6.585366 -19.817074 -6.158537
26894 47 0.000000 0.000000 0.000000 2.743902 -22.865854 -6.341464
26899 47 0.000000 0.000000 0.000000 0.487805 -19.756098 -4.268293
26904 47 0.000000 0.000000 0.000000 -0.792683 -19.207317 -0.914634
26909 47 0.000000 0.000000 0.000000 -0.365854 -20.000000 0.426829
26914 47 0.000000 0.000000 0.000000 -1.341463 -23.902439 -2.317073
26919 47 0.000000 0.000000 0.000000 -0.609756 -28.597561 -4.146341
26924 47 0.000000 0.000000 0.000000 2.073171 -32.865856 -3.536585
26929 47 0.000000 0.000000 0.000000 4.878049 -34.024391 -5.060976
26934 47 0.000000 0.000000 0.000000 6.280488 -30.304878 -5.853659
26939 47 0.000000 0.000000 0.000000 4.085366 -21.829269 -5.060976
26944 47 0.000000 0.000000 0.000000 1.219512 -12.865854 -2.439024
26949 47 0.000000 0.000000 0.000000 -1.280488 -6.829268 -1.158537
26954 47 0.000000 0.000000 0.000000 -1.646341 -5.121951 0.000000
26959 47 0.000000 0.000000 0.000000 -0.731707 -4.878049 0.487805
26964 47 0.000000 0.000000 0.000000 -1.341463 -1.158537 2.378049
26969 47 0.000000 0.000000 0.000000 -2.621951 5.731708 6.341464
26974 47 0.000000 0.000000 0.000000 -3.048780 9.085366 8.353659
26979 47 0.000000 0.000000 0.000000 -2.439024 9.024390 7.865854
26984 47 0.000000 0.000000 0.000000 -1.402439 8.292683 2.804878
26989 47 0.000000 0.000000 0.000000 -0.548781 8.170732 -0.670732
26994 47 0.000000 0.000000 0.000000 -0.487805 6.463415 1.585366
26999 47 0.000000 0.000000 0.000000 -2.987805 5.000000 10.304878
27004 47 0.000000 0.000000 0.000000 -6.036585 6.768293 13.109756
27009 47 0.000000 0.000000 0.000000 -3.109756 7.682927 10.060976
27014 47 0.000000 0.000000 0.000000 2.195122 3.658537 5.914634
27019 47 0.000000 0.000000 0.000000 5.304878 -2.317073 5.853659
27024 47 0.000000 0.000000 0.000000 3.963415 -7.865854 8.658537
27029 47 0.000000 0.000000 0.000000 -0.365854 -11.646341 8.170732
27034 47 0.000000 0.000000 0.000000 -2.743902 -13.597561 6.646342
27039 47 0.000000 0.000000 0.000000 -3.719512 -18.292683 5.182927
27044 47 0.000000 0.000000 0.000000 -1.463415 -20.121952 -0.060976
27049 47 0.000000 0.000000 0.000000 3.536585 -20.487804 -6.646342
27054 47 0.000000 0.000000 0.000000 6.890244 -21.768293 -10.121951
27059 47 0.000000 0.000000 0.000000 6.402439 -23.963415 -10.365854
27064 47 0.000000 0.000000 0.000000 6.036585 -25.731709 -4.878049
27069 47 0.000000 0.000000 0.000000 2.682927 -24.146341 -1.158537
27074 47 0.000000 0.000000 0.000000 -0.670732 -17.317074 -2.012195
27079 47 0.000000 0.000000 0.000000 1.829268 -8.414635 -5.304878
27084 47 0.000000 0.000000 0.000000 3.902439 -2.621951 -6.341464
27089 47 0.000000 0.000000 0.000000 -0.487805 0.914634 -3.780488
27094 47 0.000000 0.000000 0.000000 -5.365854 2.987805 2.987805
27099 47 0.000000 0.000000 0.000000 -6.890244 6.402439 10.914635
27104 47 0.000000 0.000000 0.000000 -9.390244 10.792684 11.646341
27109 47 0.000000 0.000000 0.000000 -7.804878 16.524391 11.829268
27114 47 0.000000 0.000000 0.000000 -2.926829 20.182928 8.963415
27119 47 0.000000 0.000000 0.000000 -0.853659 18.170732 3.475610
27124 47 0.000000 0.000000 0.000000 -2.500000 16.890244 -1.158537
27129 47 0.000000 0.000000 0.000000 -5.304878 19.817074 -6.646342
27134 47 0.000000 0.000000 0.000000 -4.390244 21.890244 -9.573171
27139 47 0.000000 0.000000 0.000000 -6.524390 20.243902 -7.439024
27144 47 0.000000 0.000000 0.000000 -8.414635 16.524391 -2.560976
27149 47 0.000000 0.000000 0.000000 -7.621952 9.695122 -1.219512
27154 47 0.000000 0.000000 0.000000 -6.524390 0.670732 -4.268293
27159 47 0.000000 0.000000 0.000000 -7.378049 -7.378049 -8.414635
27164 47 0.000000 0.000000 0.000000 -8.475610 -11.646341 -5.609756
27169 47 0.000000 0.000000 0.000000 -9.024390 -13.719513 -2.560976
27174 47 0.000000 0.000000 0.000000 -4.817073 -14.695123 -4.512195
27179 47 0.000000 0.000000 0.000000 0.060976 -16.768293 -10.853659
27184 47 0.000000 0.000000 0.000000 -0.487805 -19.573172 -14.695123
27189 47 0.000000 0.000000 0.000000 -3.780488 -23.109756 -11.585366
27194 47 0.000000 0.000000 0.000000 -3.048780 -21.463415 -2.073171
27199 47 0.000000 0.000000 0.000000 -0.182927 -16.707317 4.817073
27204 47 0.000000 0.000000 0.000000 3.719512 -14.268293 9.024390
27209 47 0.000000 0.000000 0.000000 7.317073 -14.939025 11.951220
27214 47 0.000000 0.000000 0.000000 5.792683 -16.036585 15.487805
27219 47 0.000000 0.000000 0.000000 2.195122 -17.195122 17.865854
27224 47 0.000000 0.000000 0.000000 2.987805 -15.365854 19.207317
27229 47 0.000000 0.000000 0.000000 3.780488 -12.560976 16.524391
27234 47 0.000000 0.000000 0.000000 3.658537 -9.329268 13.719513
27239 47 0.000000 0.000000 0.000000 0.853659 -3.902439 11.951220
27244 47 0.000000 0.000000 0.000000 -1.524390 1.036585 8.597561
27249 47 0.000000 0.000000 0.000000 -3.536585 2.621951 2.073171
27254 47 0.000000 0.000000 0.000000 -4.756098 2.439024 -1.646341
27259 47 0.000000 0.000000 0.000000 -4.024390 7.256098 -1.646341
27264 47 0.000000 0.000000 0.000000 -3.719512 15.182927 1.585366
27269 47 0.000000 0.000000 0.000000 -1.707317 22.682928 1.829268
27274 47 0.000000 0.000000 0.000000 1.463415 28.109756 -0.304878
27279 47 0.000000 0.000000 0.000000 3.536585 31.951220 -0.975610
27284 47 0.000000 0.000000 0.000000 6.585366 33.841465 0.426829
27289 47 0.000000 0.000000 0.000000 13.780488 36.829269 5.060976
27294 47 0.000000 0.000000 0.000000 21.341463 39.024391 9.512196
27299 47 0.000000 0.000000 0.000000 25.426830 39.268295 10.914635
27304 47 0.000000 0.000000 0.000000 26.463415 37.439026 7.439024
27309 47 0.000000 0.000000 0.000000 28.231709 34.756100 1.646341
27314 47 0.000000 0.000000 0.000000 31.036587 30.731709 -5.975610
27319 47 0.000000 0.000000 0.000000 33.536587 26.097561 -11.158537
27324 47 0.000000 0.000000 0.000000 34.268295 19.573172 -12.926829
27329 47 0.000000 0.000000 0.000000 33.475609 9.512196 -12.865854
27334 47 0.000000 0.000000 0.000000 31.219513 -5.426829 -16.097561
27339 47 0.000000 0.000000 0.000000 26.219513 -20.914635 -22.560976
27344 47 0.000000 0.000000 0.000000 22.073172 -31.524391 -27.439026
27349 47 0.000000 0.000000 0.000000 20.914635 -36.646343 -28.841465
27354 47 0.000000 0.000000 0.000000 18.719513 -39.817074 -28.841465
27359 47 0.000000 0.000000 0.000000 16.768293 -40.365856 -31.341465
27364 47 0.000000 0.000000 0.000000 19.390244 -36.707317 -36.524391
27369 47 0.000000 0.000000 0.000000 24.329269 -28.353659 -41.036587
27374 47 0.000000 0.000000 0.000000 31.402439 -18.231709 -41.646343
27379 47 0.000000 0.000000 0.000000 41.097561 -9.268292 -41.402439
27384 47 0.000000 0.000000 0.000000 50.121952 0.182927 -44.634148
27389 47 0.000000 0.000000 0.000000 62.500000 16.280489 -44.512196
27394 47 0.000000 0.000000 0.000000 76.341469 35.975609 -41.707317
27399 47 0.000000 0.000000 0.000000 90.731712 54.024391 -38.719513
27404 47 0.000000 0.000000 0.000000 106.036591 66.341461 -34.512196
27409 47 0.000000 0.000000 0.000000 118.719513 73.780487 -30.304878
27414 47 0.000000 0.000000 0.000000 131.585373 81.341469 -32.987804
27419 47 0.000000 0.000000 0.000000 139.817078 87.317078 -40.365856
27424 47 0.000000 0.000000 0.000000 142.012192 91.402443 -46.707317
27429 47 0.000000 0.000000 0.000000 139.085373 92.926834 -50.182926
27434 47 0.000000 0.000000 0.000000 132.073181 90.426834 -51.524391
27439 47 0.000000 0.000000 0.000000 122.743904 83.109756 -53.048782
27444 47 0.000000 0.000000 0.000000 105.975609 69.756096 -54.695122
27449 47 0.000000 0.000000 0.000000 86.524391 53.536587 -57.256100
27454 47 0.000000 0.000000 0.000000 72.378052 37.804878 -57.804878
27459 47 0.000000 0.000000 0.000000 60.792683 25.243902 -56.402439
27464 47 0.000000 0.000000 0.000000 48.841465 11.646341 -54.817074
27469 47 0.000000 0.000000 0.000000 38.231709 -3.414634 -52.073174
27474 47 0.000000 0.000000 0.000000 26.585367 -17.256098 -49.695122
27479 47 0.000000 0.000000 0.000000 10.914635 -31.890245 -50.121952
27484 47 0.000000 0.000000 0.000000 -4.817073 -44.146343 -49.085365
27489 47 0.000000 0.000000 0.000000 -15.182927 -51.524391 -44.512196
27494 47 0.000000 0.000000 0.000000 -23.963415 -55.304878 -38.109756
27499 47 0.000000 0.000000 0.000000 -30.548780 -56.768295 -31.646341
27504 47 0.000000 0.000000 0.000000 -34.024391 -55.243904 -28.109756
27509 47 0.000000 0.000000 0.000000 -35.975609 -47.804878 -26.646341
27514 47 0.000000 0.000000 0.000000 -37.317074 -36.341465 -30.731709
27519 47 0.000000 0.000000 0.000000 -33.658539 -20.792683 -33.597561
27524 47 0.000000 0.000000 0.000000 -26.524391 -3.536585 -31.280489
27529 47 0.000000 0.000000 0.000000 -16.585365 15.365854 -28.353659
27534 47 0.000000 0.000000 0.000000 -6.829268 33.475609 -24.451220
27539 47 0.000000 0.000000 0.000000 -0.365854 49.390244 -17.500000
27544 47 0.000000 0.000000 0.000000 6.524390 65.548782 -11.707317
27549 47 0.000000 0.000000 0.000000 17.865854 80.000000 -8.170732
27554 47 0.000000 0.000000 0.000000 34.085365 92.621956 -7.317073
27559 47 0.000000 0.000000 0.000000 47.987804 101.219513 -8.170732
27564 47 0.000000 0.000000 0.000000 60.182930 106.585365 -9.024390
27569 47 0.000000 0.000000 0.000000 68.902443 106.951225 -8.292683
27574 47 0.000000 0.000000 0.000000 77.195122 102.804878 -0.853659
27579 47 0.000000 0.000000 0.000000 86.036591 93.719513 6.585366
27584 47 0.000000 0.000000 0.000000 95.975609 82.439026 11.463415
27589 47 0.000000 0.000000 0.000000 105.548782 69.695122 13.902439
27594 47 0.000000 0.000000 0.000000 114.695122 54.146343 14.817074
27599 47 0.000000 0.000000 0.000000 124.268295 37.195122 16.463415
27604 47 0.000000 0.000000 0.000000 126.829269 23.841463 18.963415
27609 47 0.000000 0.000000 0.000000 124.939026 12.621951 20.060976
27614 47 0.000000 0.000000 0.000000 121.890244 2.012195 22.134148
27619 47 0.000000 0.000000 0.000000 117.256104 -7.256098 25.853659
27624 47 0.000000 0.000000 0.000000 107.500000 -13.536586 28.292683
27629 47 0.000000 0.000000 0.000000 96.829269 -18.170732 31.158537
27634 47 0.000000 0.000000 0.000000 88.780487 -20.731709 38.353661
27639 47 0.000000 0.000000 0.000000 79.939026 -19.634148 48.902439
27644 47 0.000000 0.000000 0.000000 71.524391 -15.426829 57.682930
27649 47 0.000000 0.000000 0.000000 65.426834 -9.268292 66.036591
27654 47 0.000000 0.000000 0.000000 59.329269 -1.097561 71.768295
27659 47 0.000000 0.000000 0.000000 51.524391 8.231708 74.695122
27664 47 0.000000 0.000000 0.000000 44.451221 17.621952 80.000000
27669 47 0.000000 0.000000 0.000000 42.560978 25.304878 91.951225
27674 47 0.000000 0.000000 0.000000 33.536587 36.707317 99.024391
27679 47 0.000000 0.000000 0.000000 16.890244 48.292683 96.768295
27684 47 0.000000 0.000000 0.000000 3.475610 61.097561 102.682930
27689 47 0.000000 0.000000 0.000000 -1.829268 70.000000 115.182930
27694 47 0.000000 0.000000 0.000000 -4.817073 76.036591 123.902443
27699 47 0.000000 0.000000 0.000000 -7.378049 80.000000 128.780487
27704 47 0.000000 0.000000 0.000000 -8.597561 82.926834 133.353668
27709 47 0.000000 0.000000 0.000000 -6.219512 84.207321 137.743912
27714 47 0.000000 0.000000 0.000000 -2.682927 81.951218 141.158539
27719 47 0.000000 0.000000 0.000000 0.243902 74.207321 146.585373
27724 47 0.000000 0.000000 0.000000 3.536585 59.207317 151.829269
27729 47 0.000000 0.000000 0.000000 8.536586 41.341465 158.658539
27734 47 0.000000 0.000000 0.000000 18.170732 25.000000 164.512192
27739 47 0.000000 0.000000 0.000000 28.231709 10.609756 172.439026
27744 47 0.000000 0.000000 0.000000 34.146343 -1.463415 184.390244
27749 47 0.000000 0.000000 0.000000 38.658539 -8.658537 198.536591
27754 47 0.000000 0.000000 0.000000 41.890244 -8.292683 210.975616
27759 47 0.000000 0.000000 0.000000 45.000000 -1.707317 221.585373
27764 47 0.000000 0.000000 0.000000 47.987804 7.682927 237.439026
27769 47 0.000000 0.000000 0.000000 53.475613 17.500000 255.000000
27774 47 0.000000 0.000000 0.000000 60.487804 28.780489 269.329285
27779 47 0.000000 0.000000 0.000000 56.280491 33.414635 275.060974
27784 47 0.000000 0.000000 0.000000 -121.097565 -81.707321 246.402451
27789 47 0.000000 0.000000 0.000000 -428.231720 -293.353668 203.048782
27794 47 0.000000 0.000000 0.000000 -537.987793 -379.085388 190.426834
27799 47 0.000000 0.000000 0.000000 -488.353668 -352.560974 196.280487
27804 47 0.000000 0.000000 0.000000 -430.426849 -313.475616 202.804886
27809 47 0.000000 0.000000 0.000000 -310.731720 -297.439026 129.573181
27814 47 0.000000 0.000000 0.000000 363.292694 -393.231720 -426.036591
27819 47 0.000000 0.000000 0.000000 994.573181 -446.341461 -819.634155
27824 47 0.000000 0.000000 0.000000 813.780518 -165.792694 -799.573181
27829 47 0.000000 0.000000 0.000000 171.768295 292.134155 -686.585388
27834 47 0.000000 0.000000 0.000000 -151.463425 515.914673 -647.073181
27839 47 0.000000 0.000000 0.000000 -68.292686 500.914642 -603.231750
27844 47 0.000000 0.000000 0.000000 13.292684 363.475616 -417.256104
27849 47 0.000000 0.000000 0.000000 -12.439025 258.963409 -218.902451
27854 47 0.000000 0.000000 0.000000 -6.646342 274.695129 -153.414642
27859 47 0.000000 0.000000 0.000000 33.292683 312.073181 -144.329269
27864 47 0.000000 0.000000 0.000000 72.134148 316.158539 -114.817078
27869 47 0.000000 0.000000 0.000000 74.634148 212.012207 -47.134148
27874 47 0.000000 0.000000 0.000000 8.048780 -105.792686 66.158539
27879 47 0.000000 0.000000 0.000000 -29.939026 -227.743912 181.524399
27884 47 0.000000 0.000000 0.000000 19.512196 -137.987808 252.500000
27889 47 0.000000 0.000000 0.000000 77.378052 -67.865852 278.353668
27894 47 0.000000 0.000000 0.000000 90.060974 -66.646339 283.048798
27899 47 0.000000 0.000000 0.000000 85.365852 -69.756096 287.439026
27904 47 0.000000 0.000000 0.000000 81.829269 -49.512196 300.975616
27909 47 0.000000 0.000000 0.000000 41.097561 -30.914635 321.280487
27914 47 0.000000 0.000000 0.000000 -14.329268 -29.024391 312.865875
27919 47 0.000000 0.000000 0.000000 14.024390 3.292683 295.731720
27924 47 0.000000 0.000000 0.000000 20.731709 22.743902 267.926849
27929 47 0.000000 0.000000 0.000000 28.414635 45.609756 247.743912
27934 47 0.000000 0.000000 0.000000 24.634148 64.573174 235.000000
27939 47 0.000000 0.000000 0.000000 0.182927 59.024391 210.182938
27944 47 0.000000 0.000000 0.000000 -24.634148 22.682928 152.621948
27949 47 0.000000 0.000000 0.000000 -29.024391 -1.524390 106.829269
27954 47 0.000000 0.000000 0.000000 -45.426830 -14.512196 92.073174
27959 47 0.000000 0.000000 0.000000 -20.609756 -5.914634 96.890244
27964 47 0.000000 0.000000 0.000000 33.231709 -31.646341 67.560974
27969 47 0.000000 0.000000 0.000000 29.390245 -69.024391 46.341465
27974 47 0.000000 0.000000 0.000000 21.402439 -52.134148 40.853661
27979 47 0.000000 0.000000 0.000000 37.987804 -0.731707 33.231709
27984 47 0.000000 0.000000 0.000000 39.634148 40.365856 21.829269
27989 47 0.000000 0.000000 0.000000 -2.195122 22.317074 -3.963415
27994 47 0.000000 0.000000 0.000000 -28.597561 7.500000 -17.865854
27999 47 0.000000 0.000000 0.000000 -6.585366 23.719513 -14.634147
28004 47 0.000000 0.000000 0.000000 1.890244 24.146341 -7.560976
28009 47 0.000000 0.000000 0.000000 -2.439024 -4.268293 -7.012195
28014 47 0.000000 0.000000 0.000000 -3.353659 -8.475610 -10.121951
28019 46 0.000000 0.000000 0.000000 2.378049 -5.914634 -15.000000
28024 46 0.000000 0.000000 0.000000 0.304878 -8.231708 -15.853659
28029 46 0.000000 0.000000 0.000000 2.317073 -9.512196 -14.756098
28034 46 0.000000 0.000000 0.000000 3.353659 -10.792684 -10.731708
28039 46 0.000000 0.000000 0.000000 4.512195 -10.975610 -7.621952
28044 46 0.000000 0.000000 0.000000 2.865854 -8.048780 -9.939025
28049 46 0.000000 0.000000 0.000000 2.500000 -7.012195 -13.719513
28054 46 0.000000 0.000000 0.000000 1.158537 -3.170732 -13.841464
28059 46 0.000000 0.000000 0.000000 1.585366 -0.853659 -7.560976
28064 46 0.000000 0.000000 0.000000 -2.012195 -0.792683 1.219512
28069 46 0.000000 0.000000 0.000000 -3.475610 1.768293 4.695122
28074 46 0.000000 0.000000 0.000000 -0.548781 1.585366 -0.182927
28079 46 0.000000 0.000000 0.000000 1.585366 -1.341463 -3.475610
28084 46 0.000000 0.000000 0.000000 1.158537 -3.231707 -2.560976
28089 46 0.000000 0.000000 0.000000 0.000000 -1.585366 1.280488
28094 46 0.000000 0.000000 0.000000 -0.304878 1.219512 2.987805
28099 46 0.000000 0.000000 0.000000 -1.219512 1.036585 -0.182927
28104 46 0.000000 0.000000 0.000000 -1.951220 1.402439 -2.743902
28109 46 0.000000 0.000000 0.000000 -2.682927 4.268293 -2.500000
28114 46 0.000000 0.000000 0.000000 -1.951220 3.048780 -0.548781
28119 46 0.000000 0.000000 0.000000 0.000000 1.341463 -0.243902
28124 46 0.000000 0.000000 0.000000 -0.182927 -0.243902 -1.768293
28129 46 0.000000 0.000000 0.000000 -0.487805 0.487805 0.731707
28134 46 0.000000 0.000000 0.000000 -0.609756 0.975610 2.134146
28139 46 0.000000 0.000000 0.000000 -0.792683 -1.036585 -0.853659
28144 46 0.000000 0.000000 0.000000 0.182927 -1.341463 -1.585366
28149 46 0.000000 0.000000 0.000000 -3.048780 1.951220 -1.646341
28154 46 0.000000 0.000000 0.000000 -4.573171 4.451220 -0.304878
28159 46 0.000000 0.000000 0.000000 -1.402439 2.500000 -0.304878
28164 46 0.000000 0.000000 0.000000 1.585366 -0.792683 -2.134146
28169 46 0.000000 0.000000 0.000000 2.987805 -2.560976 -1.463415
28174 46 0.000000 0.000000 0.000000 0.182927 -1.097561 -0.487805
28179 46 0.000000 0.000000 0.000000 -2.621951 0.853659 -1.585366
28184 47 0.000000 0.000000 0.000000 -1.829268 0.792683 -0.182927
28189 47 0.000000 0.000000 0.000000 -0.365854 -0.792683 0.426829
28194 46 0.000000 0.000000 0.000000 0.487805 0.243902 -1.341463
28199 46 0.000000 0.000000 0.000000 1.524390 1.402439 -1.707317
28204 47 0.000000 0.000000 0.000000 0.426829 1.707317 -0.670732
28209 47 0.000000 0.000000 0.000000 -0.365854 -0.182927 0.731707
28214 47 0.000000 0.000000 0.000000 0.121951 -1.890244 0.609756
28219 47 0.000000 0.000000 0.000000 0.914634 -3.048780 1.036585
28224 47 0.000000 0.000000 0.000000 -0.304878 -0.975610 0.792683
28229 46 0.000000 0.000000 0.000000 -1.524390 0.548781 -0.426829
28234 46 0.000000 0.000000 0.000000 -2.439024 0.670732 -1.646341
28239 47 0.000000 0.000000 0.000000 -1.341463 -0.609756 -2.987805
28244 47 0.000000 0.000000 0.000000 -2.256098 0.487805 -2.439024
28249 46 0.000000 0.000000 0.000000 -1.890244 1.402439 0.365854
28254 47 0.000000 0.000000 0.000000 1.280488 -1.829268 0.609756
28259 47 0.000000 0.000000 0.000000 2.743902 -2.195122 -1.524390
28264 47 0.000000 0.000000 0.000000 0.243902 -1.402439 -2.073171
28269 46 0.000000 0.000000 0.000000 -2.500000 1.402439 0.060976
28274 47 0.000000 0.000000 0.000000 -1.158537 0.243902 2.439024
28279 46 0.000000 0.000000 0.000000 1.890244 -1.646341 1.219512
28284 46 0.000000 0.000000 0.000000 1.036585 -2.195122 -0.914634
28289 46 0.000000 0.000000 0.000000 -2.439024 -0.670732 -1.951220
28294 46 0.000000 0.000000 0.000000 -3.231707 -0.609756 -2.439024
28299 46 0.000000 0.000000 0.000000 0.609756 0.060976 0.243902
28304 46 0.000000 0.000000 0.000000 1.341463 -1.951220 0.609756
28309 46 0.000000 0.000000 0.000000 2.682927 -1.219512 1.768293
28314 47 0.000000 0.000000 0.000000 2.012195 -1.524390 0.243902
28319 47 0.000000 0.000000 0.000000 1.097561 -1.829268 -1.646341
28324 47 0.000000 0.000000 0.000000 -0.243902 -1.646341 -0.487805
28329 46 0.000000 0.000000 0.000000 -0.670732 -0.792683 -0.731707
28334 46 0.000000 0.000000 0.000000 -0.304878 0.243902 -1.707317
28339 46 0.000000 0.000000 0.000000 0.365854 0.000000 -2.439024
28344 46 0.000000 0.000000 0.000000 1.158537 -1.402439 -0.243902
28349 46 0.000000 0.000000 0.000000 0.304878 -1.463415 0.426829
28354 46 0.000000 0.000000 0.000000 -1.036585 0.121951 1.463415
28359 47 0.000000 0.000000 0.000000 0.365854 2.073171 0.365854
28364 47 0.000000 0.000000 0.000000 0.000000 1.280488 -1.097561
28369 46 0.000000 0.000000 0.000000 -1.097561 -0.426829 1.219512
28374 46 0.000000 0.000000 0.000000 -1.707317 -0.609756 1.402439
28379 46 0.000000 0.000000 0.000000 -1.524390 -1.402439 -0.792683
28384 46 0.000000 0.000000 0.000000 0.060976 -2.256098 -1.768293
28389 46 0.000000 0.000000 0.000000 0.000000 -0.182927 -2.012195
28394 46 0.000000 0.000000 0.000000 -1.646341 1.402439 0.914634
28399 46 0.000000 0.000000 0.000000 -0.182927 1.707317 1.829268
28404 46 0.000000 0.000000 0.000000 2.134146 -1.280488 -0.792683
28409 46 0.000000 0.000000 0.000000 2.439024 -3.170732 -0.426829
28414 46 0.000000 0.000000 0.000000 1.402439 -1.097561 -0.731707
28419 46 0.000000 0.000000 0.000000 -2.682927 0.548781 -1.829268
28424 46 0.000000 0.000000 0.000000 -4.024390 -0.365854 0.975610
28429 46 0.000000 0.000000 0.000000 -0.060976 -1.158537 0.487805
28434 46 0.000000 0.000000 0.000000 1.219512 -1.707317 -1.951220
28439 46 0.000000 0.000000 0.000000 0.182927 0.000000 -2.500000
28444 46 0.000000 0.000000 0.000000 0.243902 1.829268 -0.548781
28449 46 0.000000 0.000000 0.000000 -0.060976 3.109756 1.158537
28454 46 0.000000 0.000000 0.000000 -0.182927 3.414634 2.134146
28459 46 0.000000 0.000000 0.000000 1.463415 -1.463415 2.804878
28464 46 0.000000 0.000000 0.000000 2.073171 -4.085366 0.853659
28469 46 0.000000 0.000000 0.000000 0.304878 -3.658537 -1.524390
28474 46 0.000000 0.000000 0.000000 -0.548781 -1.768293 -1.890244
28479 46 0.000000 0.000000 0.000000 -1.768293 1.768293 -1.524390
28484 46 0.000000 0.000000 0.000000 -2.621951 2.073171 -1.341463
28489 46 0.000000 0.000000 0.000000 -1.341463 -1.097561 -0.487805
28494 46 0.000000 0.000000 0.000000 -0.060976 -1.158537 -0.426829
28499 46 0.000000 0.000000 0.000000 -0.243902 0.060976 -0.609756
28504 46 0.000000 0.000000 0.000000 -0.365854 0.792683 -0.365854
28509 46 0.000000 0.000000 0.000000 -0.792683 1.890244 1.707317
28514 46 0.000000 0.000000 0.000000 0.000000 -1.585366 -0.060976
28519 46 0.000000 0.000000 0.000000 1.951220 -0.670732 -1.646341
28524 46 0.000000 0.000000 0.000000 0.548781 -0.487805 0.304878
28529 46 0.000000 0.000000 0.000000 0.000000 -1.097561 2.134146
28534 46 0.000000 0.000000 0.000000 0.670732 -1.341463 1.280488
28539 46 0.000000 0.000000 0.000000 0.609756 -1.707317 0.000000
28544 46 0.000000 0.000000 0.000000 -0.243902 0.182927 -1.402439
28549 46 0.000000 0.000000 0.000000 -0.975610 0.426829 -0.426829
28554 46 0.000000 0.000000 0.000000 0.914634 -1.707317 -0.060976
28559 46 0.000000 0.000000 0.000000 2.012195 -2.012195 -0.975610
28564 46 0.000000 0.000000 0.000000 0.792683 -0.670732 -1.829268
28569 46 0.000000 0.000000 0.000000 -0.670732 0.914634 -1.768293
28574 46 0.000000 0.000000 0.000000 -1.524390 0.121951 2.500000
28579 46 0.000000 0.000000 0.000000 -0.670732 -2.804878 5.182927
28584 46 0.000000 0.000000 0.000000 2.073171 -2.987805 0.792683
28589 46 0.000000 0.000000 0.000000 0.365854 0.000000 -2.987805
28594 46 0.000000 0.000000 0.000000 -3.231707 2.621951 -2.439024
28599 46 0.000000 0.000000 0.000000 -2.987805 3.475610 -1.219512
28604 46 0.000000 0.000000 0.000000 -0.487805 1.036585 -1.036585
28609 46 0.000000 0.000000 0.000000 2.317073 -1.585366 -0.182927
28614 46 0.000000 0.000000 0.000000 3.719512 -1.768293 1.219512
28619 46 0.000000 0.000000 0.000000 1.280488 -3.353659 1.463415
28624 46 0.000000 0.000000 0.000000 0.304878 -2.926829 0.000000
28629 46 0.000000 0.000000 0.000000 0.548781 -0.609756 -1.341463
28634 46 0.000000 0.000000 0.000000 -0.060976 -0.304878 -0.914634
28639 46 0.000000 0.000000 0.000000 -0.060976 -0.975610 0.609756
28644 46 0.000000 0.000000 0.000000 0.609756 -1.890244 -1.341463
28649 46 0.000000 0.000000 0.000000 0.670732 -1.890244 -1.890244
28654 46 0.000000 0.000000 0.000000 0.548781 -0.731707 1.890244
28659 46 0.000000 0.000000 0.000000 0.548781 -0.731707 1.097561
28664 46 0.000000 0.000000 0.000000 1.097561 -1.341463 -0.731707
28669 46 0.000000 0.000000 0.000000 1.646341 -2.865854 0.853659
28674 46 0.000000 0.000000 0.000000 -0.731707 -2.500000 0.060976
28679 46 0.000000 0.000000 0.000000 -0.792683 0.609756 0.060976
28684 46 0.000000 0.000000 0.000000 -0.121951 1.585366 1.280488
28689 46 0.000000 0.000000 0.000000 2.804878 -0.121951 -1.219512
28694 46 0.000000 0.000000 0.000000 2.865854 -0.853659 -1.524390
28699 46 0.000000 0.000000 0.000000 0.853659 1.219512 -0.182927
28704 46 0.000000 0.000000 0.000000 -0.121951 3.231707 -0.121951
28709 46 0.000000 0.000000 0.000000 -1.707317 0.609756 -0.182927
28714 46 0.000000 0.000000 0.000000 0.000000 -2.012195 1.646341
28719 46 0.000000 0.000000 0.000000 0.853659 -2.804878 0.243902
28724 46 0.000000 0.000000 0.000000 0.304878 -0.304878 -1.036585
28729 46 0.000000 0.000000 0.000000 -0.121951 1.585366 -2.378049
28734 46 0.000000 0.000000 0.000000 -1.158537 0.487805 -0.914634
28739 46 0.000000 0.000000 0.000000 -0.975610 -1.707317 0.853659
28744 46 0.000000 0.000000 0.000000 -1.097561 1.158537 0.548781
28749 46 0.000000 0.000000 0.000000 -1.890244 2.560976 -0.975610
28754 46 0.000000 0.000000 0.000000 -3.231707 2.865854 -2.073171
28759 46 0.000000 0.000000 0.000000 -3.353659 2.073171 -1.890244
28764 46 0.000000 0.000000 0.000000 -1.768293 1.097561 -2.073171
28769 46 0.000000 0.000000 0.000000 -0.853659 3.536585 -3.292683
28774 46 0.000000 0.000000 0.000000 -3.048780 5.000000 -3.658537
28779 46 0.000000 0.000000 0.000000 -1.219512 4.207317 -0.731707
28784 46 0.000000 0.000000 0.000000 0.304878 1.768293 0.975610
28789 46 0.000000 0.000000 0.000000 -1.402439 1.341463 -0.609756
28794 46 0.000000 0.000000 0.000000 -2.865854 0.609756 -1.036585
28799 46 0.000000 0.000000 0.000000 -2.621951 0.487805 -0.365854
28804 46 0.000000 0.000000 0.000000 -1.951220 -1.036585 -1.097561
28809 46 0.000000 0.000000 0.000000 0.182927 -0.426829 0.243902
28814 46 0.000000 0.000000 0.000000 1.402439 -1.219512 2.926829
28819 46 0.000000 0.000000 0.000000 1.768293 -1.524390 1.158537
28824 46 0.000000 0.000000 0.000000 0.243902 -1.524390 0.670732
28829 46 0.000000 0.000000 0.000000 -2.500000 -2.378049 -0.060976
28834 46 0.000000 0.000000 0.000000 -1.646341 -2.865854 0.121951
28839 46 0.000000 0.000000 0.000000 2.865854 -4.939024 -1.707317
28844 46 0.000000 0.000000 0.000000 4.024390 -5.609756 -1.402439
28849 46 0.000000 0.000000 0.000000 1.463415 -2.804878 0.670732
28854 46 0.000000 0.000000 0.000000 0.853659 0.731707 1.463415
28859 46 0.000000 0.000000 0.000000 2.378049 -0.609756 -0.975610
28864 46 0.000000 0.000000 0.000000 6.402439 -3.780488 -3.414634
28869 46 0.000000 0.000000 0.000000 6.463415 -7.865854 2.012195
28874 46 0.000000 0.000000 0.000000 3.902439 -7.195122 8.231708
28879 46 0.000000 0.000000 0.000000 2.987805 -5.731708 7.926829
28884 46 0.000000 0.000000 0.000000 2.804878 -6.890244 5.487805
28889 46 0.000000 0.000000 0.000000 3.353659 -8.292683 4.451220
28894 46 0.000000 0.000000 0.000000 3.231707 -6.402439 3.658537
28899 46 0.000000 0.000000 0.000000 -0.304878 -1.707317 1.585366
28904 46 0.000000 0.000000 0.000000 -1.463415 4.024390 2.073171
28909 46 0.000000 0.000000 0.000000 -3.719512 5.487805 2.560976
28914 46 0.000000 0.000000 0.000000 -5.731708 4.756098 4.207317
28919 46 0.000000 0.000000 0.000000 -5.365854 6.890244 6.707317
28924 46 0.000000 0.000000 0.000000 -2.987805 11.036586 3.353659
28929 46 0.000000 0.000000 0.000000 -4.756098 8.231708 -6.951220
28934 46 0.000000 0.000000 0.000000 -6.463415 1.463415 -16.524391
28939 46 0.000000 0.000000 0.000000 -5.060976 -2.195122 -19.756098
28944 46 0.000000 0.000000 0.000000 3.353659 -5.365854 -9.268292
28949 46 0.000000 0.000000 0.000000 4.390244 -4.329268 -4.939024
28954 46 0.000000 0.000000 0.000000 0.426829 1.341463 -5.975610
28959 46 0.000000 0.000000 0.000000 -2.317073 4.878049 -3.170732
28964 46 0.000000 0.000000 0.000000 -3.231707 2.682927 5.426829
28969 46 0.000000 0.000000 0.000000 -2.012195 -1.341463 14.817074
28974 46 0.000000 0.000000 0.000000 3.475610 -6.036585 23.353659
28979 46 0.000000 0.000000 0.000000 11.463415 -9.329268 32.134148
28984 46 0.000000 0.000000 0.000000 16.280489 -10.914635 37.682926
28989 46 0.000000 0.000000 0.000000 14.024390 -5.365854 26.158537
28994 46 0.000000 0.000000 0.000000 0.975610 7.804878 5.914634
28999 46 0.000000 0.000000 0.000000 -12.012196 9.024390 -6.402439
29004 46 0.000000 0.000000 0.000000 -10.121951 9.390244 -7.682927
29009 46 0.000000 0.000000 0.000000 -2.256098 7.682927 -5.304878
29014 46 0.000000 0.000000 0.000000 0.000000 0.670732 -4.207317
29019 46 0.000000 0.000000 0.000000 -0.487805 -1.402439 -6.158537
29024 46 0.000000 0.000000 0.000000 -2.012195 -0.304878 -10.792684
29029 46 0.000000 0.000000 0.000000 -1.036585 -4.146341 -10.304878
29034 46 0.000000 0.000000 0.000000 0.487805 -6.219512 -5.609756
29039 46 0.000000 0.000000 0.000000 0.121951 -2.926829 -5.548780
29044 46 0.000000 0.000000 0.000000 -2.439024 0.731707 -8.353659
29049 46 0.000000 0.000000 0.000000 -3.109756 2.926829 -7.987805
29054 46 0.000000 0.000000 0.000000 -4.146341 0.731707 -9.390244
29059 46 0.000000 0.000000 0.000000 -3.719512 -0.609756 -12.804878
29064 46 0.000000 0.000000 0.000000 -1.036585 -2.682927 -14.207317
29069 46 0.000000 0.000000 0.000000 2.134146 -3.902439 -7.926829
29074 46 0.000000 0.000000 0.000000 1.097561 -2.865854 0.060976
29079 46 0.000000 0.000000 0.000000 -1.402439 -2.134146 0.243902
29084 46 0.000000 0.000000 0.000000 -0.853659 -1.097561 1.158537
29089 46 0.000000 0.000000 0.000000 -0.060976 -1.890244 -0.304878
29094 46 0.000000 0.000000 0.000000 0.914634 -0.914634 -1.097561
29099 46 0.000000 0.000000 0.000000 1.219512 -1.646341 -0.121951
29104 46 0.000000 0.000000 0.000000 0.670732 0.365854 -0.060976
29109 46 0.000000 0.000000 0.000000 0.304878 2.926829 -0.731707
29114 46 0.000000 0.000000 0.000000 0.182927 5.243903 -0.121951
29119 46 0.000000 0.000000 0.000000 -1.768293 1.463415 0.487805
29124 46 0.000000 0.000000 0.000000 -1.585366 -0.487805 1.646341
29129 46 0.000000 0.000000 0.000000 0.426829 -2.012195 -0.731707
29134 46 0.000000 0.000000 0.000000 1.524390 -1.097561 -1.585366
29139 46 0.000000 0.000000 0.000000 0.121951 0.243902 -1.036585
29144 46 0.000000 0.000000 0.000000 -0.243902 0.792683 -1.219512
29149 46 0.000000 0.000000 0.000000 0.975610 -1.402439 -0.853659
29154 46 0.000000 0.000000 0.000000 0.487805 -1.341463 -0.182927
29159 46 0.000000 0.000000 0.000000 -1.219512 -1.280488 0.792683
29164 46 0.000000 0.000000 0.000000 -0.914634 -2.012195 -0.975610
29169 46 0.000000 0.000000 0.000000 -2.560976 0.304878 2.621951
29174 46 0.000000 0.000000 0.000000 -2.865854 5.121951 14.756098
29179 46 0.000000 0.000000 0.000000 -1.097561 8.658537 21.524391
29184 46 0.000000 0.000000 0.000000 -2.134146 6.890244 20.975611
29189 46 0.000000 0.000000 0.000000 -0.975610 1.829268 18.414635
29194 46 0.000000 0.000000 0.000000 -3.231707 -1.219512 12.743903
29199 46 0.000000 0.000000 0.000000 -5.792683 -2.621951 6.585366
29204 46 0.000000 0.000000 0.000000 -2.987805 -5.914634 -6.768293
29209 46 0.000000 0.000000 0.000000 5.121951 -15.000000 -31.707317
29214 46 0.000000 0.000000 0.000000 16.158537 -19.573172 -48.048782
29219 46 0.000000 0.000000 0.000000 33.231709 -24.756098 -31.219513
29224 46 0.000000 0.000000 0.000000 35.365856 -33.048782 -12.743903
29229 46 0.000000 0.000000 0.000000 23.170732 -30.670732 -20.975611
29234 46 0.000000 0.000000 0.000000 18.536585 -24.512196 -29.146341
29239 46 0.000000 0.000000 0.000000 15.731708 -14.634147 -27.500000
29244 46 0.000000 0.000000 0.000000 4.634146 -4.024390 -16.341463
29249 46 0.000000 0.000000 0.000000 -3.841464 7.073171 -2.682927
29254 46 0.000000 0.000000 0.000000 -10.609756 15.426829 3.109756
29259 46 0.000000 0.000000 0.000000 -21.036587 24.085367 6.341464
29264 46 0.000000 0.000000 0.000000 -30.853659 34.512196 12.073171
29269 46 0.000000 0.000000 0.000000 -39.817074 44.024391 17.195122
29274 46 0.000000 0.000000 0.000000 -44.939026 52.073174 20.731709
29279 46 0.000000 0.000000 0.000000 -36.280487 47.682926 12.256098
29284 46 0.000000 0.000000 0.000000 -41.280487 22.378050 -4.756098
29289 46 0.000000 0.000000 0.000000 -46.097561 8.048780 -10.853659
29294 46 0.000000 0.000000 0.000000 -47.743904 10.365854 -7.560976
29299 46 0.000000 0.000000 0.000000 -44.268295 20.487804 -2.621951
29304 46 0.000000 0.000000 0.000000 -38.963417 31.646341 2.317073
29309 46 0.000000 0.000000 0.000000 -36.768295 37.317074 5.548780
29314 46 0.000000 0.000000 0.000000 -30.670732 44.146343 16.036585
29319 46 0.000000 0.000000 0.000000 -16.280489 57.195122 37.378048
29324 46 0.000000 0.000000 0.000000 -3.597561 69.756096 58.536587
29329 46 0.000000 0.000000 0.000000 -0.975610 72.560974 70.121956
29334 46 0.000000 0.000000 0.000000 -1.219512 66.219513 74.634148
29339 46 0.000000 0.000000 0.000000 0.548781 56.463417 76.402443
29344 46 0.000000 0.000000 0.000000 -2.500000 41.402439 71.707321
29349 46 0.000000 0.000000 0.000000 -10.670732 20.243902 61.158539
29354 46 0.000000 0.000000 0.000000 -12.439025 1.463415 49.085365
29359 46 0.000000 0.000000 0.000000 -9.207317 -17.560976 36.707317
29364 46 0.000000 0.000000 0.000000 -5.792683 -35.487804 24.146341
29369 46 0.000000 0.000000 0.000000 -2.134146 -45.121952 14.695123
29374 46 0.000000 0.000000 0.000000 0.243902 -42.317074 9.207317
29379 46 0.000000 0.000000 0.000000 -0.487805 -31.707317 6.646342
29384 46 0.000000 0.000000 0.000000 5.609756 -8.353659 4.268293
29389 46 0.000000 0.000000 0.000000 12.865854 15.426829 0.304878
29394 46 0.000000 0.000000 0.000000 15.670732 31.219513 -1.585366
29399 46 0.000000 0.000000 0.000000 16.646341 34.939026 0.304878
29404 46 0.000000 0.000000 0.000000 13.353659 25.853659 5.975610
29409 46 0.000000 0.000000 0.000000 9.573171 10.121951 10.731708
29414 46 0.000000 0.000000 0.000000 9.207317 -2.012195 15.060976
29419 46 0.000000 0.000000 0.000000 10.914635 -10.792684 21.219513
29424 46 0.000000 0.000000 0.000000 15.548780 -17.560976 31.890245
29429 46 0.000000 0.000000 0.000000 19.695122 -20.487804 36.036587
29434 46 0.000000 0.000000 0.000000 21.463415 -21.341463 34.207317
29439 46 0.000000 0.000000 0.000000 26.707317 -14.207317 32.195122
29444 46 0.000000 0.000000 0.000000 30.121952 -5.000000 30.792685
29449 46 0.000000 0.000000 0.000000 25.609756 1.707317 32.073170
29454 46 0.000000 0.000000 0.000000 17.500000 7.682927 34.146343
29459 46 0.000000 0.000000 0.000000 6.036585 11.219512 33.719513
29464 46 0.000000 0.000000 0.000000 -5.487805 12.195122 32.621952
29469 46 0.000000 0.000000 0.000000 -18.475611 10.243902 30.792685
29474 46 0.000000 0.000000 0.000000 -28.231709 10.365854 28.109756
29479 46 0.000000 0.000000 0.000000 -29.695122 11.890244 24.451220
29484 46 0.000000 0.000000 0.000000 -23.597561 14.207317 20.731709
29489 46 0.000000 0.000000 0.000000 -11.768293 16.890244 14.817074
29494 46 0.000000 0.000000 0.000000 4.756098 18.170732 7.134147
29499 46 0.000000 0.000000 0.000000 22.378050 16.646341 -3.353659
29504 46 0.000000 0.000000 0.000000 35.914635 11.524390 -12.865854
29509 46 0.000000 0.000000 0.000000 41.219513 4.756098 -20.243902
29514 46 0.000000 0.000000 0.000000 40.426830 -2.926829 -25.121952
29519 46 0.000000 0.000000 0.000000 35.426830 -6.951220 -28.170732
29524 46 0.000000 0.000000 0.000000 29.878050 -7.195122 -29.268293
29529 46 0.000000 0.000000 0.000000 24.329269 -8.292683 -26.585367
29534 46 0.000000 0.000000 0.000000 17.134148 -6.219512 -24.390244
29539 46 0.000000 0.000000 0.000000 8.475610 -2.682927 -25.121952
29544 46 0.000000 0.000000 0.000000 3.231707 1.097561 -25.121952
29549 46 0.000000 0.000000 0.000000 5.365854 5.731708 -23.902439
29554 46 0.000000 0.000000 0.000000 14.268293 7.500000 -21.890244
29559 46 0.000000 0.000000 0.000000 25.426830 7.317073 -20.304878
29564 46 0.000000 0.000000 0.000000 31.158537 1.951220 -22.073172
29569 46 0.000000 0.000000 0.000000 30.792685 -5.365854 -24.695122
29574 46 0.000000 0.000000 0.000000 29.695122 -7.926829 -25.670732
29579 46 0.000000 0.000000 0.000000 27.682928 -5.548780 -25.426830
29584 46 0.000000 0.000000 0.000000 17.439024 -6.646342 -24.634148
29589 46 0.000000 0.000000 0.000000 2.012195 -7.073171 -26.524391
29594 46 0.000000 0.000000 0.000000 -1.280488 1.219512 -27.073172
29599 46 0.000000 0.000000 0.000000 5.000000 13.719513 -23.902439
29604 46 0.000000 0.000000 0.000000 6.219512 20.670732 -21.158537
29609 46 0.000000 0.000000 0.000000 3.170732 19.329269 -20.609756
29614 46 0.000000 0.000000 0.000000 2.073171 12.682927 -22.987806
29619 46 0.000000 0.000000 0.000000 4.329268 8.048780 -27.073172
29624 46 0.000000 0.000000 0.000000 7.317073 3.719512 -29.695122
29629 46 0.000000 0.000000 0.000000 8.109756 -0.121951 -29.512196
29634 46 0.000000 0.000000 0.000000 6.036585 -4.207317 -28.658537
29639 46 0.000000 0.000000 0.000000 1.402439 -9.085366 -30.609756
29644 46 0.000000 0.000000 0.000000 -1.829268 -10.853659 -34.085365
29649 46 0.000000 0.000000 0.000000 -0.975610 -6.524390 -36.158539
29654 46 0.000000 0.000000 0.000000 1.402439 -2.439024 -31.768293
29659 46 0.000000 0.000000 0.000000 7.682927 3.292683 -22.317074
29664 46 0.000000 0.000000 0.000000 11.158537 6.829268 -11.463415
29669 46 0.000000 0.000000 0.000000 7.439024 7.195122 -0.792683
29674 46 0.000000 0.000000 0.000000 1.524390 7.073171 9.329268
29679 46 0.000000 0.000000 0.000000 -6.158537 4.756098 17.195122
29684 46 0.000000 0.000000 0.000000 -19.146341 -2.865854 21.280489
29689 46 0.000000 0.000000 0.000000 -28.658537 -9.146341 22.134148
29694 46 0.000000 0.000000 0.000000 -26.585367 -8.231708 20.609756
29699 46 0.000000 0.000000 0.000000 -18.841463 -3.658537 18.414635
29704 46 0.000000 0.000000 0.000000 -15.975610 0.731707 14.207317
29709 46 0.000000 0.000000 0.000000 -21.097561 -3.109756 7.073171
29714 46 0.000000 0.000000 0.000000 -33.475609 -17.804878 -0.365854
29719 46 0.000000 0.000000 0.000000 -46.036587 -31.036587 -10.121951
29724 46 0.000000 0.000000 0.000000 -57.256100 -36.280487 -20.670732
29729 46 0.000000 0.000000 0.000000 -65.182930 -36.463417 -27.804878
29734 46 0.000000 0.000000 0.000000 -70.914635 -30.670732 -31.707317
29739 46 0.000000 0.000000 0.000000 -76.341469 -20.731709 -32.073170
29744 46 0.000000 0.000000 0.000000 -81.280487 -9.207317 -33.170731
29749 46 0.000000 0.000000 0.000000 -88.048782 0.000000 -36.646343
29754 46 0.000000 0.000000 0.000000 -96.524391 3.841464 -40.426830
29759 46 0.000000 0.000000 0.000000 -99.695122 3.658537 -43.292683
29764 46 0.000000 0.000000 0.000000 -90.121956 5.365854 -44.207317
29769 46 0.000000 0.000000 0.000000 -70.060974 14.268293 -43.597561
29774 46 0.000000 0.000000 0.000000 -50.000000 21.036587 -40.060978
29779 46 0.000000 0.000000 0.000000 -40.121952 16.707317 -37.743904
29784 46 0.000000 0.000000 0.000000 -43.109756 0.975610 -38.658539
29789 46 0.000000 0.000000 0.000000 -50.365856 -15.548780 -40.000000
29794 46 0.000000 0.000000 0.000000 -55.121952 -28.780489 -38.048782
29799 46 0.000000 0.000000 0.000000 -59.451221 -38.658539 -32.256100
29804 46 0.000000 0.000000 0.000000 -60.182930 -46.097561 -22.500000
29809 46 0.000000 0.000000 0.000000 -56.585365 -47.743904 -13.902439
29814 46 0.000000 0.000000 0.000000 -56.829269 -48.475613 -7.804878
29819 46 0.000000 0.000000 0.000000 -61.768295 -47.865856 -2.987805
29824 46 0.000000 0.000000 0.000000 -66.890244 -46.585365 2.500000
29829 46 0.000000 0.000000 0.000000 -71.768295 -43.597561 10.670732
29834 46 0.000000 0.000000 0.000000 -80.121956 -38.658539 17.439024
29839 46 0.000000 0.000000 0.000000 -89.329269 -31.097561 19.451220
29844 46 0.000000 0.000000 0.000000 -100.304878 -26.097561 16.951220
29849 46 0.000000 0.000000 0.000000 -108.719513 -20.975611 10.792684
29854 46 0.000000 0.000000 0.000000 -116.158539 -18.292683 5.365854
29859 46 0.000000 0.000000 0.000000 -125.121956 -18.475611 0.121951
29864 46 0.000000 0.000000 0.000000 -129.634155 -20.243902 -6.890244
29869 46 0.000000 0.000000 0.000000 -128.780487 -18.536585 -13.048780
29874 46 0.000000 0.000000 0.000000 -121.951225 -13.780488 -19.878050
29879 46 0.000000 0.000000 0.000000 -115.609756 -12.804878 -27.560976
29884 46 0.000000 0.000000 0.000000 -112.621956 -14.695123 -37.500000
29889 46 0.000000 0.000000 0.000000 -108.170731 -14.817074 -46.707317
29894 46 0.000000 0.000000 0.000000 -101.097565 -13.048780 -51.707317
29899 46 0.000000 0.000000 0.000000 -92.073174 -9.756098 -53.597561
29904 46 0.000000 0.000000 0.000000 -87.865852 -10.731708 -53.231709
29909 46 0.000000 0.000000 0.000000 -89.390244 -14.634147 -50.182926
29914 46 0.000000 0.000000 0.000000 -91.646347 -17.378050 -44.207317
29919 46 0.000000 0.000000 0.000000 -91.646347 -20.182928 -36.707317
29924 46 0.000000 0.000000 0.000000 -92.682930 -24.085367 -27.987806
29929 46 0.000000 0.000000 0.000000 -94.878052 -28.231709 -19.268293
29934 46 0.000000 0.000000 0.000000 -97.378052 -33.353661 -12.743903
29939 46 0.000000 0.000000 0.000000 -94.207321 -34.329269 -3.475610
29944 46 0.000000 0.000000 0.000000 -88.536591 -32.987804 7.439024
29949 46 0.000000 0.000000 0.000000 -79.024391 -25.914635 17.865854
29954 46 0.000000 0.000000 0.000000 -71.585365 -16.951220 24.512196
29959 46 0.000000 0.000000 0.000000 -69.817078 -14.390244 30.182928
29964 46 0.000000 0.000000 0.000000 -69.512199 -14.756098 30.670732
29969 46 0.000000 0.000000 0.000000 -67.926834 -14.390244 28.414635
29974 46 0.000000 0.000000 0.000000 -64.390244 -14.085366 26.280489
29979 46 0.000000 0.000000 0.000000 -59.512196 -12.743903 22.134148
29984 46 0.000000 0.000000 0.000000 -53.902439 -12.500000 16.768293
29989 46 0.000000 0.000000 0.000000 -47.256100 -10.670732 10.548780
29994 46 0.000000 0.000000 0.000000 -41.707317 -8.963415 5.609756
29999 46 0.000000 0.000000 0.000000 -39.634148 -10.792684 0.914634
30004 46 0.000000 0.000000 0.000000 -42.804878 -14.695123 -7.012195
30009 46 0.000000 0.000000 0.000000 -52.134148 -21.829269 -15.426829
30014 46 0.000000 0.000000 0.000000 -66.707321 -28.841465 -21.402439
30019 46 0.000000 0.000000 0.000000 -84.329269 -33.963417 -25.853659
30024 46 0.000000 0.000000 0.000000 -100.121956 -36.097561 -28.597561
30029 46 0.000000 0.000000 0.000000 -109.207321 -31.402439 -29.390245
30034 46 0.000000 0.000000 0.000000 -115.243904 -24.146341 -30.487806
30039 46 0.000000 0.000000 0.000000 -117.012199 -14.207317 -33.048782
30044 47 0.000000 0.000000 0.000000 -115.609756 -2.621951 -33.048782
30049 47 0.000000 0.000000 0.000000 -110.975609 8.414635 -31.036587
30054 46 0.000000 0.000000 0.000000 -104.451225 17.926830 -32.621952
30059 47 0.000000 0.000000 0.000000 -95.426834 27.804878 -36.768295
30064 46 0.000000 0.000000 0.000000 -87.621956 33.719513 -40.304878
30069 46 0.000000 0.000000 0.000000 -78.109756 38.292683 -42.804878
30074 46 0.000000 0.000000 0.000000 -66.219513 40.853661 -44.573174
30079 46 0.000000 0.000000 0.000000 -52.926830 40.914635 -44.024391
30084 46 0.000000 0.000000 0.000000 -42.256100 38.475609 -43.841465
30089 46 0.000000 0.000000 0.000000 -37.073170 31.402439 -44.390244
30094 46 0.000000 0.000000 0.000000 -33.841465 21.036587 -45.365856
30099 46 0.000000 0.000000 0.000000 -31.341465 10.487805 -47.439026
30104 46 0.000000 0.000000 0.000000 -26.524391 1.829268 -48.353661
30109 46 0.000000 0.000000 0.000000 -21.524391 -3.963415 -46.524391
30114 46 0.000000 0.000000 0.000000 -18.414635 -8.414635 -45.609756
30119 46 0.000000 0.000000 0.000000 -17.378050 -10.853659 -43.719513
30124 46 0.000000 0.000000 0.000000 -19.451220 -9.329268 -42.073174
30129 47 0.000000 0.000000 0.000000 -23.902439 -5.487805 -39.878048
30134 46 0.000000 0.000000 0.000000 -29.817074 -2.621951 -36.829269
30139 46 0.000000 0.000000 0.000000 -36.219513 0.548781 -33.353661
30144 46 0.000000 0.000000 0.000000 -39.268295 9.024390 -28.536587
30149 47 0.000000 0.000000 0.000000 -40.548782 19.817074 -21.280489
30154 46 0.000000 0.000000 0.000000 -41.768295 27.865854 -17.621952
30159 46 0.000000 0.000000 0.000000 -43.231709 33.597561 -17.621952
30164 46 0.000000 0.000000 0.000000 -45.000000 38.109756 -16.707317
30169 46 0.000000 0.000000 0.000000 -44.207317 39.329269 -15.670732
30174 47 0.000000 0.000000 0.000000 -40.853661 36.402439 -18.048780
30179 47 0.000000 0.000000 0.000000 -32.621952 33.048782 -23.963415
30184 47 0.000000 0.000000 0.000000 -26.524391 26.768293 -29.573172
30189 47 0.000000 0.000000 0.000000 -22.195122 17.500000 -33.048782
30194 46 0.000000 0.000000 0.000000 -16.402439 11.341464 -37.500000
30199 47 0.000000 0.000000 0.000000 -10.670732 9.573171 -44.878048
30204 47 0.000000 0.000000 0.000000 -5.121951 9.329268 -49.268295
30209 46 0.000000 0.000000 0.000000 -0.426829 11.463415 -48.231709
30214 46 0.000000 0.000000 0.000000 -0.304878 14.146341 -46.463417
30219 47 0.000000 0.000000 0.000000 -5.182927 14.451220 -42.682926
30224 47 0.000000 0.000000 0.000000 -12.012196 15.365854 -39.024391
30229 46 0.000000 0.000000 0.000000 -19.085367 17.073172 -38.719513
30234 46 0.000000 0.000000 0.000000 -24.939026 17.378050 -35.670734
30239 46 0.000000 0.000000 0.000000 -30.365854 18.475611 -29.207317
30244 46 0.000000 0.000000 0.000000 -33.719513 18.658537 -25.670732
30249 47 0.000000 0.000000 0.000000 -34.939026 18.170732 -21.463415
30254 46 0.000000 0.000000 0.000000 -30.853659 21.402439 -16.158537
30259 46 0.000000 0.000000 0.000000 -25.548780 27.134148 -13.292684
30264 46 0.000000 0.000000 0.000000 -20.243902 33.048782 -11.036586
30269 46 0.000000 0.000000 0.000000 -11.341464 38.536587 -8.109756
30274 47 0.000000 0.000000 0.000000 -3.475610 39.878048 -10.243902
30279 47 0.000000 0.000000 0.000000 0.792683 30.853659 -12.317074
30284 47 0.000000 0.000000 0.000000 0.243902 18.841463 -14.024390
30289 46 0.000000 0.000000 0.000000 -2.195122 9.085366 -17.073172
30294 47 0.000000 0.000000 0.000000 -1.890244 5.487805 -21.219513
30299 47 0.000000 0.000000 0.000000 2.560976 8.292683 -24.878050
30304 47 0.000000 0.000000 0.000000 6.097561 12.926829 -27.987806
30309 46 0.000000 0.000000 0.000000 10.000000 15.792684 -26.768293
30314 47 0.000000 0.000000 0.000000 11.829268 16.219513 -26.463415
30319 46 0.000000 0.000000 0.000000 12.865854 18.048780 -25.000000
30324 46 0.000000 0.000000 0.000000 10.000000 19.695122 -25.548780
30329 46 0.000000 0.000000 0.000000 5.304878 16.402439 -25.609756
30334 47 0.000000 0.000000 0.000000 -0.121951 11.585366 -22.926830
30339 46 0.000000 0.000000 0.000000 -7.378049 7.256098 -18.719513
30344 46 0.000000 0.000000 0.000000 -13.475610 3.475610 -14.939025
30349 47 0.000000 0.000000 0.000000 -16.463415 4.512195 -10.731708
30354 46 0.000000 0.000000 0.000000 -16.463415 8.170732 -3.475610
30359 46 0.000000 0.000000 0.000000 -16.219513 11.951220 3.353659
30364 46 0.000000 0.000000 0.000000 -16.829269 13.048780 10.060976
30369 46 0.000000 0.000000 0.000000 -19.939024 13.292684 14.085366
30374 47 0.000000 0.000000 0.000000 -19.878050 17.012196 15.853659
30379 47 0.000000 0.000000 0.000000 -20.182928 22.378050 15.121951
30384 47 0.000000 0.000000 0.000000 -21.036587 25.853659 16.707317
30389 47 0.000000 0.000000 0.000000 -20.731709 27.378050 19.329269
30394 47 0.000000 0.000000 0.000000 -22.195122 25.365854 20.792683
30399 46 0.000000 0.000000 0.000000 -25.731709 22.439024 22.317074
30404 46 0.000000 0.000000 0.000000 -27.012196 21.219513 21.951220
30409 46 0.000000 0.000000 0.000000 -27.804878 20.060976 22.439024
30414 47 0.000000 0.000000 0.000000 -26.829269 18.475611 21.707317
30419 47 0.000000 0.000000 0.000000 -24.939026 16.280489 20.914635
30424 47 0.000000 0.000000 0.000000 -25.121952 13.780488 18.963415
30429 46 0.000000 0.000000 0.000000 -29.146341 6.768293 13.658537
30434 46 0.000000 0.000000 0.000000 -34.329269 -2.317073 9.268292
30439 46 0.000000 0.000000 0.000000 -39.024391 -11.463415 3.292683
30444 46 0.000000 0.000000 0.000000 -39.329269 -19.512196 -1.036585
30449 46 0.000000 0.000000 0.000000 -34.146343 -24.390244 -3.475610
30454 47 0.000000 0.000000 0.000000 -26.341463 -24.939026 -3.902439
30459 47 0.000000 0.000000 0.000000 -17.134148 -21.402439 -5.182927
30464 47 0.000000 0.000000 0.000000 -10.609756 -17.865854 -8.414635
30469 46 0.000000 0.000000 0.000000 -6.707317 -14.573171 -9.878049
30474 46 0.000000 0.000000 0.000000 -5.182927 -10.426829 -9.817074
30479 46 0.000000 0.000000 0.000000 -5.182927 -7.987805 -10.060976
30484 46 0.000000 0.000000 0.000000 -4.817073 -8.719512 -9.268292
30489 46 0.000000 0.000000 0.000000 -5.000000 -9.146341 -9.329268
30494 47 0.000000 0.000000 0.000000 -6.890244 -10.000000 -10.670732
30499 46 0.000000 0.000000 0.000000 -9.512196 -11.890244 -8.536586
30504 46 0.000000 0.000000 0.000000 -8.414635 -12.439025 -6.280488
30509 47 0.000000 0.000000 0.000000 -2.195122 -13.902439 -5.670732
30514 46 0.000000 0.000000 0.000000 3.353659 -14.512196 -7.560976
30519 46 0.000000 0.000000 0.000000 10.975610 -17.500000 -12.195122
30524 46 0.000000 0.000000 0.000000 18.292683 -24.207317 -16.036585
30529 47 0.000000 0.000000 0.000000 26.585367 -28.780489 -15.975610
30534 47 0.000000 0.000000 0.000000 34.268295 -30.548780 -14.695123
30539 47 0.000000 0.000000 0.000000 38.597561 -29.085367 -11.951220
30544 47 0.000000 0.000000 0.000000 40.548782 -23.658537 -8.719512
30549 46 0.000000 0.000000 0.000000 39.817074 -15.670732 -6.341464
30554 47 0.000000 0.000000 0.000000 35.365856 -6.829268 -5.243903
30559 47 0.000000 0.000000 0.000000 29.451220 3.292683 -4.573171
30564 47 0.000000 0.000000 0.000000 20.060976 10.853659 -5.060976
30569 46 0.000000 0.000000 0.000000 3.963415 12.987805 -5.548780
30574 46 0.000000 0.000000 0.000000 -14.085366 10.609756 -4.329268
30579 46 0.000000 0.000000 0.000000 -29.085367 7.195122 -1.341463
30584 46 0.000000 0.000000 0.000000 -40.121952 6.341464 1.402439
30589 46 0.000000 0.000000 0.000000 -48.475613 5.548780 3.170732
30594 47 0.000000 0.000000 0.000000 -52.195122 3.780488 6.951220
30599 46 0.000000 0.000000 0.000000 -50.975613 3.902439 10.304878
30604 46 0.000000 0.000000 0.000000 -47.012196 4.024390 13.292684
30609 47 0.000000 0.000000 0.000000 -43.353661 2.195122 13.963415
30614 46 0.000000 0.000000 0.000000 -39.329269 -1.890244 14.878049
30619 46 0.000000 0.000000 0.000000 -33.170731 -5.426829 18.719513
30624 46 0.000000 0.000000 0.000000 -22.926830 -3.292683 20.731709
30629 46 0.000000 0.000000 0.000000 -10.670732 1.158537 23.231709
30634 46 0.000000 0.000000 0.000000 0.243902 3.658537 25.609756
30639 47 0.000000 0.000000 0.000000 7.804878 0.060976 24.817074
30644 47 0.000000 0.000000 0.000000 10.609756 -9.695122 22.682928
30649 46 0.000000 0.000000 0.000000 10.487805 -19.573172 21.707317
30654 46 0.000000 0.000000 0.000000 10.670732 -25.792683 22.682928
30659 46 0.000000 0.000000 0.000000 12.621951 -25.853659 25.914635
30664 46 0.000000 0.000000 0.000000 14.146341 -23.292683 27.073172
30669 47 0.000000 0.000000 0.000000 12.378049 -17.804878 24.207317
30674 46 0.000000 0.000000 0.000000 10.060976 -10.914635 20.487804
30679 46 0.000000 0.000000 0.000000 7.317073 -7.439024 18.292683
30684 46 0.000000 0.000000 0.000000 3.048780 -8.475610 20.365854
30689 46 0.000000 0.000000 0.000000 -3.719512 -12.256098 22.073172
30694 46 0.000000 0.000000 0.000000 -11.951220 -16.280489 22.134148
30699 46 0.000000 0.000000 0.000000 -18.780489 -17.195122 20.121952
30704 46 0.000000 0.000000 0.000000 -21.341463 -15.426829 20.243902
30709 46 0.000000 0.000000 0.000000 -19.573172 -11.890244 23.658537
30714 46 0.000000 0.000000 0.000000 -12.500000 -6.707317 23.780489
30719 46 0.000000 0.000000 0.000000 -3.719512 -4.878049 22.743902
30724 46 0.000000 0.000000 0.000000 5.182927 -1.707317 21.951220
30729 47 0.000000 0.000000 0.000000 12.134147 1.707317 21.036587
30734 46 0.000000 0.000000 0.000000 13.109756 0.975610 18.231709
30739 46 0.000000 0.000000 0.000000 10.853659 -0.670732 13.475610
30744 46 0.000000 0.000000 0.000000 4.634146 -1.646341 5.182927
30749 46 0.000000 0.000000 0.000000 -5.365854 -5.670732 -1.524390
30754 47 0.000000 0.000000 0.000000 -18.536585 -8.353659 -5.487805
30759 46 0.000000 0.000000 0.000000 -32.621952 -8.719512 -7.012195
30764 46 0.000000 0.000000 0.000000 -45.121952 -0.304878 -5.609756
30769 47 0.000000 0.000000 0.000000 -46.158539 14.756098 -2.804878
30774 46 0.000000 0.000000 0.000000 -32.621952 18.475611 3.963415
30779 46 0.000000 0.000000 0.000000 -17.073172 17.012196 11.219512
30784 47 0.000000 0.000000 0.000000 -7.500000 12.378049 13.597561
30789 46 0.000000 0.000000 0.000000 -3.231707 3.048780 11.585366
30794 46 0.000000 0.000000 0.000000 -1.097561 -5.304878 7.682927
30799 47 0.000000 0.000000 0.000000 1.524390 -12.743903 4.695122
30804 47 0.000000 0.000000 0.000000 8.170732 -18.048780 3.902439
30809 47 0.000000 0.000000 0.000000 17.012196 -17.865854 6.646342
30814 46 0.000000 0.000000 0.000000 23.902439 -15.365854 5.487805
30819 46 0.000000 0.000000 0.000000 27.195122 -12.195122 5.670732
30824 47 0.000000 0.000000 0.000000 25.243902 -9.878049 5.975610
30829 47 0.000000 0.000000 0.000000 17.560976 -11.402439 4.817073
30834 46 0.000000 0.000000 0.000000 7.743903 -12.317074 2.743902
30839 46 0.000000 0.000000 0.000000 -0.792683 -9.512196 -2.500000
30844 46 0.000000 0.000000 0.000000 -6.341464 -7.378049 -4.939024
30849 46 0.000000 0.000000 0.000000 -9.268292 -3.170732 -6.402439
30854 47 0.000000 0.000000 0.000000 -12.682927 0.121951 -7.195122
30859 47 0.000000 0.000000 0.000000 -17.500000 2.073171 -5.000000
30864 47 0.000000 0.000000 0.000000 -22.621952 3.475610 -5.487805
30869 47 0.000000 0.000000 0.000000 -26.341463 4.390244 -8.170732
30874 47 0.000000 0.000000 0.000000 -22.743902 6.036585 -7.682927
30879 47 0.000000 0.000000 0.000000 -15.121951 9.878049 -5.792683
30884 46 0.000000 0.000000 0.000000 -6.280488 12.987805 -3.353659
30889 46 0.000000 0.000000 0.000000 4.085366 12.682927 -0.243902
30894 47 0.000000 0.000000 0.000000 14.878049 12.439025 2.682927
30899 47 0.000000 0.000000 0.000000 24.146341 12.256098 5.609756
30904 46 0.000000 0.000000 0.000000 32.682926 11.402439 7.865854
30909 47 0.000000 0.000000 0.000000 36.341465 7.926829 8.292683
30914 47 0.000000 0.000000 0.000000 36.097561 4.451220 9.146341
30919 47 0.000000 0.000000 0.000000 34.146343 2.439024 11.219512
30924 47 0.000000 0.000000 0.000000 29.024391 1.463415 13.475610
30929 46 0.000000 0.000000 0.000000 19.939024 0.731707 20.426830
30934 46 0.000000 0.000000 0.000000 9.085366 2.012195 27.743902
30939 46 0.000000 0.000000 0.000000 -4.939024 0.853659 33.353661
30944 47 0.000000 0.000000 0.000000 -20.670732 -3.048780 39.695122
30949 46 0.000000 0.000000 0.000000 -37.256100 -9.268292 45.670734
30954 46 0.000000 0.000000 0.000000 -51.402439 -15.914635 49.024391
30959 46 0.000000 0.000000 0.000000 -62.134148 -21.036587 50.365856
30964 46 0.000000 0.000000 0.000000 -66.402443 -22.804878 54.817074
30969 47 0.000000 0.000000 0.000000 -60.670734 -22.073172 56.524391
30974 46 0.000000 0.000000 0.000000 -50.182926 -21.341463 56.219513
30979 46 0.000000 0.000000 0.000000 -36.646343 -17.195122 54.146343
30984 46 0.000000 0.000000 0.000000 -19.390244 -9.756098 49.756100
30989 46 0.000000 0.000000 0.000000 -1.280488 1.219512 46.158539
30994 46 0.000000 0.000000 0.000000 17.500000 13.841464 42.560978
30999 46 0.000000 0.000000 0.000000 33.475609 19.268293 39.146343
31004 46 0.000000 0.000000 0.000000 42.134148 18.048780 34.512196
31009 46 0.000000 0.000000 0.000000 43.902439 10.792684 27.621952
31014 46 0.000000 0.000000 0.000000 43.353661 0.182927 22.134148
31019 46 0.000000 0.000000 0.000000 38.170734 -5.975610 16.341463
31024 46 0.000000 0.000000 0.000000 31.951220 -7.317073 11.890244
31029 46 0.000000 0.000000 0.000000 25.182928 -5.670732 12.012196
31034 46 0.000000 0.000000 0.000000 14.451220 -3.963415 10.670732
31039 46 0.000000 0.000000 0.000000 3.841464 -1.158537 9.512196
31044 46 0.000000 0.000000 0.000000 -3.902439 2.256098 10.182927
31049 46 0.000000 0.000000 0.000000 -10.000000 6.402439 12.317074
31054 46 0.000000 0.000000 0.000000 -15.670732 9.451220 14.878049
31059 46 0.000000 0.000000 0.000000 -23.048780 9.268292 18.353659
31064 47 0.000000 0.000000 0.000000 -31.585367 7.743903 21.097561
31069 46 0.000000 0.000000 0.000000 -37.500000 6.036585 23.475611
31074 46 0.000000 0.000000 0.000000 -41.463417 2.500000 26.097561
31079 46 0.000000 0.000000 0.000000 -45.853661 -1.646341 25.731709
31084 47 0.000000 0.000000 0.000000 -47.012196 -0.548781 22.865854
31089 46 0.000000 0.000000 0.000000 -41.707317 2.865854 20.853659
31094 46 0.000000 0.000000 0.000000 -31.951220 3.475610 23.658537
31099 46 0.000000 0.000000 0.000000 -21.829269 5.487805 24.817074
31104 46 0.000000 0.000000 0.000000 -8.902439 8.475610 26.646341
31109 46 0.000000 0.000000 0.000000 4.207317 12.500000 30.121952
31114 46 0.000000 0.000000 0.000000 13.963415 14.512196 31.402439
31119 47 0.000000 0.000000 0.000000 18.292683 14.451220 30.609756
31124 46 0.000000 0.000000 0.000000 17.195122 12.560976 28.597561
31129 47 0.000000 0.000000 0.000000 10.609756 7.682927 27.195122
31134 47 0.000000 0.000000 0.000000 0.060976 3.353659 23.963415
31139 46 0.000000 0.000000 0.000000 -12.134147 -2.134146 19.085367
31144 47 0.000000 0.000000 0.000000 -26.280489 -9.146341 14.146341
31149 46 0.000000 0.000000 0.000000 -38.536587 -13.597561 10.670732
31154 46 0.000000 0.000000 0.000000 -42.743904 -13.231708 10.243902
31159 47 0.000000 0.000000 0.000000 -41.829269 -11.585366 7.134147
31164 47 0.000000 0.000000 0.000000 -32.073170 -8.475610 3.597561
31169 46 0.000000 0.000000 0.000000 -14.695123 -2.317073 -2.317073
31174 46 0.000000 0.000000 0.000000 2.439024 4.207317 -8.292683
31179 46 0.000000 0.000000 0.000000 12.012196 7.500000 -13.658537
31184 46 0.000000 0.000000 0.000000 11.829268 3.719512 -21.158537
31189 46 0.000000 0.000000 0.000000 10.792684 0.000000 -25.000000
31194 46 0.000000 0.000000 0.000000 10.792684 -0.609756 -28.353659
31199 46 0.000000 0.000000 0.000000 11.768293 1.219512 -32.256100
31204 47 0.000000 0.000000 0.000000 12.012196 2.743902 -34.146343
31209 46 0.000000 0.000000 0.000000 10.060976 3.048780 -33.353661
31214 46 0.000000 0.000000 0.000000 5.914634 2.926829 -34.390244
31219 47 0.000000 0.000000 0.000000 0.487805 1.585366 -33.353661
31224 47 0.000000 0.000000 0.000000 -1.890244 2.256098 -28.231709
31229 46 0.000000 0.000000 0.000000 -0.975610 4.390244 -21.829269
31234 46 0.000000 0.000000 0.000000 -3.841464 5.548780 -13.109756
31239 46 0.000000 0.000000 0.000000 -6.158537 7.012195 -3.963415
31244 47 0.000000 0.000000 0.000000 -6.951220 7.865854 3.536585
31249 46 0.000000 0.000000 0.000000 -10.487805 3.597561 13.231708
31254 46 0.000000 0.000000 0.000000 -13.353659 -3.963415 23.414635
31259 46 0.000000 0.000000 0.000000 -14.146341 -8.902439 32.378048
31264 47 0.000000 0.000000 0.000000 -14.085366 -6.768293 37.682926
31269 47 0.000000 0.000000 0.000000 -17.256098 -5.426829 37.621952
31274 47 0.000000 0.000000 0.000000 -27.073172 -9.329268 36.707317
31279 46 0.000000 0.000000 0.000000 -36.341465 -12.256098 34.634148
31284 46 0.000000 0.000000 0.000000 -42.317074 -16.524391 28.475611
31289 46 0.000000 0.000000 0.000000 -48.475613 -21.341463 20.487804
31294 46 0.000000 0.000000 0.000000 -54.695122 -25.365854 9.146341
31299 46 0.000000 0.000000 0.000000 -56.402439 -27.256098 -3.292683
31304 46 0.000000 0.000000 0.000000 -53.597561 -26.707317 -13.841464
31309 46 0.000000 0.000000 0.000000 -49.024391 -25.792683 -17.926830
31314 46 0.000000 0.000000 0.000000 -42.682926 -24.451220 -18.048780
31319 47 0.000000 0.000000 0.000000 -32.256100 -21.402439 -14.451220
31324 46 0.000000 0.000000 0.000000 -16.890244 -14.939025 -8.536586
31329 46 0.000000 0.000000 0.000000 0.670732 -9.207317 2.073171
31334 46 0.000000 0.000000 0.000000 22.134148 -4.146341 15.914635
31339 46 0.000000 0.000000 0.000000 41.829269 3.353659 27.500000
31344 47 0.000000 0.000000 0.000000 54.756100 7.926829 35.914635
31349 46 0.000000 0.000000 0.000000 61.768295 10.670732 41.341465
31354 46 0.000000 0.000000 0.000000 63.841465 11.585366 44.573174
31359 46 0.000000 0.000000 0.000000 60.609756 11.707317 46.585365
31364 46 0.000000 0.000000 0.000000 53.902439 10.914635 49.939026
31369 47 0.000000 0.000000 0.000000 46.768295 10.731708 55.975613
31374 47 0.000000 0.000000 0.000000 38.109756 16.036585 62.743904
31379 46 0.000000 0.000000 0.000000 24.939026 23.231709 70.182930
31384 46 0.000000 0.000000 0.000000 9.329268 28.719513 76.646347
31389 46 0.000000 0.000000 0.000000 -4.390244 33.353661 82.804878
31394 46 0.000000 0.000000 0.000000 -15.060976 36.768295 84.756096
31399 46 0.000000 0.000000 0.000000 -21.280489 36.829269 80.731712
31404 46 0.000000 0.000000 0.000000 -23.353659 34.451221 75.243904
31409 46 0.000000 0.000000 0.000000 -18.841463 33.719513 70.609756
31414 46 0.000000 0.000000 0.000000 -6.951220 34.817074 64.817078
31419 47 0.000000 0.000000 0.000000 8.597561 33.658539 58.048782
31424 47 0.000000 0.000000 0.000000 21.585367 27.256098 57.012196
31429 47 0.000000 0.000000 0.000000 26.463415 19.756098 61.280491
31434 47 0.000000 0.000000 0.000000 20.121952 15.304878 58.170734
31439 46 0.000000 0.000000 0.000000 7.500000 11.707317 41.036587
31444 47 0.000000 0.000000 0.000000 -3.963415 2.317073 10.426829
31449 47 0.000000 0.000000 0.000000 -21.463415 -16.585365 -6.524390
31454 47 0.000000 0.000000 0.000000 -38.292683 -31.341465 -1.219512
31459 46 0.000000 0.000000 0.000000 -41.097561 -35.670734 10.426829
31464 46 0.000000 0.000000 0.000000 -32.439026 -35.731709 21.463415
31469 46 0.000000 0.000000 0.000000 -19.512196 -35.426830 35.609756
31474 46 0.000000 0.000000 0.000000 -9.451220 -31.219513 51.829269
31479 47 0.000000 0.000000 0.000000 1.158537 -24.512196 65.853661
31484 46 0.000000 0.000000 0.000000 13.109756 -18.780489 72.865852
31489 47 0.000000 0.000000 0.000000 24.024391 -14.817074 72.804878
31494 47 0.000000 0.000000 0.000000 30.609756 -13.658537 65.914635
31499 46 0.000000 0.000000 0.000000 35.121952 -13.536586 60.365856
31504 47 0.000000 0.000000 0.000000 37.134148 -13.048780 58.902439
31509 46 0.000000 0.000000 0.000000 35.731709 -12.012196 57.439026
31514 46 0.000000 0.000000 0.000000 32.926830 -12.012196 54.390244
31519 47 0.000000 0.000000 0.000000 31.341465 -10.426829 55.182930
31524 47 0.000000 0.000000 0.000000 30.548780 -5.792683 57.682930
31529 46 0.000000 0.000000 0.000000 31.707317 -3.353659 62.073174
31534 46 0.000000 0.000000 0.000000 31.951220 -1.951220 62.500000
31539 47 0.000000 0.000000 0.000000 32.256100 -0.792683 60.548782
31544 47 0.000000 0.000000 0.000000 29.695122 -1.646341 59.024391
31549 47 0.000000 0.000000 0.000000 22.926830 -3.719512 54.756100
31554 47 0.000000 0.000000 0.000000 16.036585 -6.341464 49.451221
31559 46 0.000000 0.000000 0.000000 7.560976 -10.609756 46.707317
31564 47 0.000000 0.000000 0.000000 -2.500000 -15.914635 42.804878
31569 46 0.000000 0.000000 0.000000 -10.853659 -18.902439 38.597561
31574 46 0.000000 0.000000 0.000000 -17.378050 -19.634148 37.195122
31579 46 0.000000 0.000000 0.000000 -25.182928 -20.243902 40.609756
31584 46 0.000000 0.000000 0.000000 -34.573170 -20.060976 46.646343
31589 46 0.000000 0.000000 0.000000 -44.634148 -17.560976 49.268295
31594 46 0.000000 0.000000 0.000000 -51.341465 -14.085366 52.439026
31599 47 0.000000 0.000000 0.000000 -53.170734 -12.195122 54.451221
31604 46 0.000000 0.000000 0.000000 -49.085365 -11.463415 53.658539
31609 47 0.000000 0.000000 0.000000 -40.487804 -10.670732 52.134148
31614 47 0.000000 0.000000 0.000000 -34.329269 -6.951220 48.414635
31619 46 0.000000 0.000000 0.000000 -35.000000 2.317073 39.573174
31624 46 0.000000 0.000000 0.000000 -40.365856 10.731708 32.500000
31629 46 0.000000 0.000000 0.000000 -43.170734 10.548780 35.365856
31634 46 0.000000 0.000000 0.000000 -39.939026 0.060976 39.939026
31639 47 0.000000 0.000000 0.000000 -32.378048 -16.402439 42.256100
31644 46 0.000000 0.000000 0.000000 -26.463415 -28.719513 42.012196
31649 46 0.000000 0.000000 0.000000 -23.597561 -31.646341 33.414635
31654 46 0.000000 0.000000 0.000000 -19.390244 -28.902439 21.585367
31659 46 0.000000 0.000000 0.000000 -15.365854 -22.500000 11.524390
31664 46 0.000000 0.000000 0.000000 -17.012196 -16.463415 11.219512
31669 46 0.000000 0.000000 0.000000 -19.573172 -10.609756 18.475611
31674 46 0.000000 0.000000 0.000000 -16.524391 -8.048780 27.500000
31679 46 0.000000 0.000000 0.000000 -7.134147 -10.609756 39.695122
31684 47 0.000000 0.000000 0.000000 4.634146 -11.890244 47.134148
31689 46 0.000000 0.000000 0.000000 9.390244 -11.768293 48.353661
31694 46 0.000000 0.000000 0.000000 8.048780 -10.853659 48.048782
31699 47 0.000000 0.000000 0.000000 2.621951 -10.792684 44.451221
31704 46 0.000000 0.000000 0.000000 -6.402439 -12.378049 36.341465
31709 47 0.000000 0.000000 0.000000 -16.097561 -14.024390 25.365854
31714 47 0.000000 0.000000 0.000000 -22.621952 -14.573171 17.865854
31719 47 0.000000 0.000000 0.000000 -20.243902 -14.146341 14.756098
31724 47 0.000000 0.000000 0.000000 -15.000000 -18.902439 12.317074
31729 46 0.000000 0.000000 0.000000 -10.000000 -30.182928 9.939025
31734 46 0.000000 0.000000 0.000000 -4.024390 -41.890244 4.695122
31739 47 0.000000 0.000000 0.000000 3.780488 -48.719513 -0.304878
31744 46 0.000000 0.000000 0.000000 7.865854 -45.914635 -3.048780
31749 46 0.000000 0.000000 0.000000 5.426829 -39.268295 -4.634146
31754 46 0.000000 0.000000 0.000000 2.743902 -31.402439 -3.109756
31759 46 0.000000 0.000000 0.000000 1.646341 -23.780489 -0.426829
31764 46 0.000000 0.000000 0.000000 2.804878 -15.914635 -2.865854
31769 46 0.000000 0.000000 0.000000 1.219512 -11.219512 -7.743903
31774 47 0.000000 0.000000 0.000000 -3.048780 -9.756098 -6.036585
31779 47 0.000000 0.000000 0.000000 -6.036585 -5.975610 0.426829
31784 46 0.000000 0.000000 0.000000 -10.670732 -0.792683 5.975610
31789 46 0.000000 0.000000 0.000000 -17.926830 3.353659 7.743903
31794 46 0.000000 0.000000 0.000000 -27.560976 4.329268 5.426829
31799 47 0.000000 0.000000 0.000000 -36.951221 3.963415 4.085366
31804 46 0.000000 0.000000 0.000000 -42.256100 5.304878 5.731708
31809 46 0.000000 0.000000 0.000000 -43.109756 7.256098 8.414635
31814 47 0.000000 0.000000 0.000000 -41.036587 8.536586 9.329268
31819 46 0.000000 0.000000 0.000000 -36.646343 6.768293 9.817074
31824 46 0.000000 0.000000 0.000000 -31.829269 5.182927 8.658537
31829 46 0.000000 0.000000 0.000000 -27.743902 6.951220 4.512195
31834 46 0.000000 0.000000 0.000000 -21.280489 9.207317 1.463415
31839 47 0.000000 0.000000 0.000000 -14.146341 10.731708 0.548781
31844 46 0.000000 0.000000 0.000000 -6.158537 9.146341 -0.304878
31849 46 0.000000 0.000000 0.000000 3.353659 4.695122 -3.414634
31854 46 0.000000 0.000000 0.000000 13.231708 0.792683 -3.353659
31859 46 0.000000 0.000000 0.000000 24.817074 -1.097561 -1.158537
31864 46 0.000000 0.000000 0.000000 33.719513 -3.475610 2.012195
31869 46 0.000000 0.000000 0.000000 36.463417 -9.817074 5.426829
31874 47 0.000000 0.000000 0.000000 33.109756 -15.182927 8.963415
31879 47 0.000000 0.000000 0.000000 23.780489 -15.853659 10.975610
31884 46 0.000000 0.000000 0.000000 9.451220 -10.670732 8.780488
31889 46 0.000000 0.000000 0.000000 -5.304878 -4.085366 5.975610
31894 46 0.000000 0.000000 0.000000 -17.500000 2.012195 6.463415
31899 46 0.000000 0.000000 0.000000 -25.670732 8.719512 7.500000
31904 46 0.000000 0.000000 0.000000 -29.512196 12.926829 7.743903
31909 46 0.000000 0.000000 0.000000 -30.365854 15.426829 6.402439
31914 46 0.000000 0.000000 0.000000 -27.317074 18.048780 2.743902
31919 46 0.000000 0.000000 0.000000 -19.512196 22.560976 3.841464
31924 46 0.000000 0.000000 0.000000 -8.963415 28.231709 8.902439
31929 46 0.000000 0.000000 0.000000 2.743902 32.439026 16.829269
31934 46 0.000000 0.000000 0.000000 11.036586 34.207317 20.792683
31939 47 0.000000 0.000000 0.000000 10.975610 31.524391 24.146341
31944 46 0.000000 0.000000 0.000000 5.365854 29.451220 27.500000
31949 46 0.000000 0.000000 0.000000 -0.243902 29.146341 26.707317
31954 46 0.000000 0.000000 0.000000 -3.963415 27.256098 21.280489
31959 46 0.000000 0.000000 0.000000 -4.329268 22.560976 15.609756
31964 46 0.000000 0.000000 0.000000 -0.182927 16.341463 8.414635
31969 47 0.000000 0.000000 0.000000 5.975610 11.280488 -1.219512
31974 46 0.000000 0.000000 0.000000 14.573171 4.939024 -8.597561
31979 46 0.000000 0.000000 0.000000 20.731709 -6.585366 -14.878049
31984 46 0.000000 0.000000 0.000000 20.182928 -20.060976 -18.292683
31989 46 0.000000 0.000000 0.000000 18.109756 -23.231709 -21.402439
31994 46 0.000000 0.000000 0.000000 16.646341 -19.756098 -25.548780
31999 46 0.000000 0.000000 0.000000 15.243903 -13.414635 -23.780489
32004 46 0.000000 0.000000 0.000000 10.792684 -8.902439 -16.158537
32009 47 0.000000 0.000000 0.000000 6.890244 -3.292683 -5.792683
32014 46 0.000000 0.000000 0.000000 2.682927 2.256098 2.560976
32019 47 0.000000 0.000000 0.000000 -3.109756 7.317073 8.963415
32024 47 0.000000 0.000000 0.000000 -9.024390 12.865854 12.682927
32029 46 0.000000 0.000000 0.000000 -13.292684 16.097561 8.841464
32034 46 0.000000 0.000000 0.000000 -16.097561 14.878049 1.158537
32039 47 0.000000 0.000000 0.000000 -15.731708 13.841464 -0.243902
32044 47 0.000000 0.000000 0.000000 -12.317074 14.390244 2.682927
32049 46 0.000000 0.000000 0.000000 -9.024390 14.451220 7.195122
32054 46 0.000000 0.000000 0.000000 -5.853659 14.268293 8.719512
32059 47 0.000000 0.000000 0.000000 -3.902439 13.170732 5.609756
32064 47 0.000000 0.000000 0.000000 -2.560976 11.890244 1.585366
32069 46 0.000000 0.000000 0.000000 -3.353659 11.951220 -3.719512
32074 46 0.000000 0.000000 0.000000 -3.597561 12.378049 -5.731708
32079 47 0.000000 0.000000 0.000000 -4.390244 12.317074 -2.682927
32084 47 0.000000 0.000000 0.000000 -6.585366 10.670732 1.707317
32089 47 0.000000 0.000000 0.000000 -7.926829 11.158537 4.634146
32094 47 0.000000 0.000000 0.000000 -8.231708 14.024390 3.292683
32099 47 0.000000 0.000000 0.000000 -9.085366 15.121951 1.280488
32104 47 0.000000 0.000000 0.000000 -8.475610 15.548780 -3.475610
32109 46 0.000000 0.000000 0.000000 -6.524390 12.865854 -7.804878
32114 46 0.000000 0.000000 0.000000 -2.317073 5.060976 -3.963415
32119 47 0.000000 0.000000 0.000000 -1.280488 -2.134146 7.743903
32124 47 0.000000 0.000000 0.000000 -7.804878 0.243902 17.134148
32129 47 0.000000 0.000000 0.000000 -14.390244 9.451220 16.646341
32134 46 0.000000 0.000000 0.000000 -20.121952 14.512196 12.134147
32139 46 0.000000 0.000000 0.000000 -22.378050 14.390244 8.719512
32144 46 0.000000 0.000000 0.000000 -15.304878 10.121951 5.731708
32149 46 0.000000 0.000000 0.000000 -2.195122 3.292683 1.951220
32154 46 0.000000 0.000000 0.000000 12.439025 -1.951220 1.036585
32159 47 0.000000 0.000000 0.000000 25.121952 -4.329268 -3.780488
32164 47 0.000000 0.000000 0.000000 34.634148 -5.670732 -7.012195
32169 46 0.000000 0.000000 0.000000 40.000000 -5.304878 -3.963415
32174 46 0.000000 0.000000 0.000000 39.390244 -1.707317 -1.951220
32179 46 0.000000 0.000000 0.000000 32.378048 2.439024 -2.621951
32184 46 0.000000 0.000000 0.000000 22.987806 2.804878 -4.085366
32189 46 0.000000 0.000000 0.000000 14.268293 3.048780 -3.841464
32194 46 0.000000 0.000000 0.000000 4.207317 5.853659 -0.731707
32199 46 0.000000 0.000000 0.000000 -4.085366 9.146341 1.951220
32204 46 0.000000 0.000000 0.000000 -9.146341 12.012196 5.304878
32209 47 0.000000 0.000000 0.000000 -10.670732 14.146341 7.012195
32214 47 0.000000 0.000000 0.000000 -11.829268 13.536586 4.329268
32219 46 0.000000 0.000000 0.000000 -11.402439 13.475610 3.597561
32224 46 0.000000 0.000000 0.000000 -11.890244 11.585366 7.134147
32229 47 0.000000 0.000000 0.000000 -13.292684 8.048780 7.743903
32234 47 0.000000 0.000000 0.000000 -13.902439 7.317073 4.939024
32239 46 0.000000 0.000000 0.000000 -12.987805 6.768293 6.768293
32244 46 0.000000 0.000000 0.000000 -12.378049 3.658537 10.548780
32249 46 0.000000 0.000000 0.000000 -10.121951 0.670732 15.060976
32254 46 0.000000 0.000000 0.000000 -7.926829 0.792683 16.402439
32259 46 0.000000 0.000000 0.000000 -7.073171 2.560976 16.280489
32264 46 0.000000 0.000000 0.000000 -7.073171 5.792683 15.365854
32269 46 0.000000 0.000000 0.000000 -5.000000 9.146341 13.780488
32274 46 0.000000 0.000000 0.000000 -3.109756 11.768293 10.365854
32279 46 0.000000 0.000000 0.000000 -2.865854 9.390244 7.804878
32284 46 0.000000 0.000000 0.000000 1.524390 0.792683 7.987805
32289 47 0.000000 0.000000 0.000000 6.524390 -4.634146 7.134147
32294 46 0.000000 0.000000 0.000000 7.804878 -3.841464 4.634146
32299 47 0.000000 0.000000 0.000000 5.243903 -2.926829 2.743902
32304 47 0.000000 0.000000 0.000000 2.682927 -0.365854 3.353659
32309 46 0.000000 0.000000 0.000000 4.451220 2.012195 1.463415
32314 46 0.000000 0.000000 0.000000 8.170732 2.195122 1.219512
32319 47 0.000000 0.000000 0.000000 10.914635 3.475610 0.914634
32324 47 0.000000 0.000000 0.000000 10.365854 3.963415 2.073171
32329 46 0.000000 0.000000 0.000000 7.134147 3.902439 4.085366
32334 46 0.000000 0.000000 0.000000 -1.524390 2.317073 4.207317
32339 47 0.000000 0.000000 0.000000 -12.560976 -0.914634 2.621951
32344 47 0.000000 0.000000 0.000000 -22.804878 -2.743902 1.036585
32349 46 0.000000 0.000000 0.000000 -30.182928 -5.182927 -1.707317
32354 47 0.000000 0.000000 0.000000 -31.768293 -6.402439 -5.914634
32359 47 0.000000 0.000000 0.000000 -27.743902 -8.658537 -7.256098
32364 47 0.000000 0.000000 0.000000 -17.439024 -10.304878 -3.963415
32369 46 0.000000 0.000000 0.000000 -3.902439 -8.231708 -2.317073
32374 47 0.000000 0.000000 0.000000 7.195122 -8.170732 -2.987805
32379 46 0.000000 0.000000 0.000000 17.682928 -8.841464 -0.548781
32384 46 0.000000 0.000000 0.000000 24.695122 -8.719512 2.195122
32389 46 0.000000 0.000000 0.000000 25.487806 -6.524390 0.548781
32394 46 0.000000 0.000000 0.000000 22.743902 -3.536585 -3.231707
32399 46 0.000000 0.000000 0.000000 15.914635 -0.609756 -3.597561
32404 46 0.000000 0.000000 0.000000 5.000000 4.207317 0.609756
32409 47 0.000000 0.000000 0.000000 -6.768293 8.170732 2.804878
32414 47 0.000000 0.000000 0.000000 -18.353659 11.097561 2.682927
32419 46 0.000000 0.000000 0.000000 -27.195122 12.621951 0.000000
32424 46 0.000000 0.000000 0.000000 -33.231709 11.585366 -2.012195
32429 47 0.000000 0.000000 0.000000 -34.085365 8.109756 -2.073171
32434 46 0.000000 0.000000 0.000000 -28.841465 0.548781 -1.402439
32439 47 0.000000 0.000000 0.000000 -19.512196 -6.585366 -1.829268
32444 47 0.000000 0.000000 0.000000 -10.304878 -11.646341 -5.975610
32449 47 0.000000 0.000000 0.000000 -3.048780 -15.548780 -10.243902
32454 47 0.000000 0.000000 0.000000 5.731708 -18.109756 -10.975610
32459 47 0.000000 0.000000 0.000000 16.036585 -19.878050 -9.695122
32464 47 0.000000 0.000000 0.000000 25.000000 -21.646341 -3.719512
32469 46 0.000000 0.000000 0.000000 32.500000 -18.963415 3.292683
32474 46 0.000000 0.000000 0.000000 35.853661 -17.682928 5.182927
32479 47 0.000000 0.000000 0.000000 37.682926 -18.658537 4.939024
32484 47 0.000000 0.000000 0.000000 38.231709 -17.987804 4.024390
32489 46 0.000000 0.000000 0.000000 34.085365 -18.231709 4.146341
32494 46 0.000000 0.000000 0.000000 28.414635 -18.719513 3.597561
32499 47 0.000000 0.000000 0.000000 23.048780 -14.329268 1.524390
32504 47 0.000000 0.000000 0.000000 16.524391 -8.048780 0.121951
32509 46 0.000000 0.000000 0.000000 10.304878 -1.524390 0.000000
32514 47 0.000000 0.000000 0.000000 2.439024 2.865854 -0.609756
32519 47 0.000000 0.000000 0.000000 -5.792683 5.365854 -1.280488
32524 47 0.000000 0.000000 0.000000 -11.890244 7.073171 -1.585366
32529 47 0.000000 0.000000 0.000000 -15.609756 5.548780 -0.853659
32534 46 0.000000 0.000000 0.000000 -15.487805 6.524390 1.158537
32539 46 0.000000 0.000000 0.000000 -13.109756 8.597561 2.621951
32544 46 0.000000 0.000000 0.000000 -10.609756 10.304878 2.256098
32549 46 0.000000 0.000000 0.000000 -8.963415 14.024390 1.768293
32554 47 0.000000 0.000000 0.000000 -9.878049 16.036585 2.256098
32559 46 0.000000 0.000000 0.000000 -11.036586 17.317074 4.939024
32564 46 0.000000 0.000000 0.000000 -9.756098 18.597561 5.670732
32569 47 0.000000 0.000000 0.000000 -6.158537 18.536585 4.024390
32574 46 0.000000 0.000000 0.000000 1.158537 17.134148 2.500000
32579 46 0.000000 0.000000 0.000000 10.060976 13.048780 3.353659
32584 46 0.000000 0.000000 0.000000 20.548780 4.146341 4.573171
32589 46 0.000000 0.000000 0.000000 33.597561 -6.097561 4.573171
32594 46 0.000000 0.000000 0.000000 44.695122 -14.756098 1.707317
32599 47 0.000000 0.000000 0.000000 51.890244 -19.756098 -1.829268
32604 47 0.000000 0.000000 0.000000 53.048782 -22.682928 -7.560976
32609 47 0.000000 0.000000 0.000000 50.609756 -23.841463 -12.804878
32614 46 0.000000 0.000000 0.000000 46.463417 -24.512196 -14.512196
32619 47 0.000000 0.000000 0.000000 40.670734 -27.195122 -14.085366
32624 47 0.000000 0.000000 0.000000 35.365856 -26.097561 -10.060976
32629 46 0.000000 0.000000 0.000000 28.780489 -22.317074 -6.646342
32634 46 0.000000 0.000000 0.000000 20.426830 -17.560976 -3.231707
32639 46 0.000000 0.000000 0.000000 11.036586 -12.256098 -0.731707
32644 46 0.000000 0.000000 0.000000 0.000000 -5.609756 -1.280488
32649 46 0.000000 0.000000 0.000000 -10.609756 1.585366 -1.097561
32654 46 0.000000 0.000000 0.000000 -17.621952 7.073171 2.378049
32659 46 0.000000 0.000000 0.000000 -20.121952 10.487805 8.109756
32664 46 0.000000 0.000000 0.000000 -22.195122 12.926829 14.817074
32669 47 0.000000 0.000000 0.000000 -25.060976 16.097561 17.865854
32674 46 0.000000 0.000000 0.000000 -26.524391 19.512196 17.743902
32679 46 0.000000 0.000000 0.000000 -27.256098 22.256098 15.853659
32684 46 0.000000 0.000000 0.000000 -28.109756 28.292683 12.134147
32689 47 0.000000 0.000000 0.000000 -32.500000 34.573170 3.963415
32694 46 0.000000 0.000000 0.000000 -37.378048 39.512196 -5.182927
32699 46 0.000000 0.000000 0.000000 -37.865856 42.378048 -11.585366
32704 47 0.000000 0.000000 0.000000 -32.256100 48.658539 -17.012196
32709 46 0.000000 0.000000 0.000000 -20.365854 62.682930 -27.378050
32714 47 0.000000 0.000000 0.000000 -7.987805 74.024391 -33.780487
32719 47 0.000000 0.000000 0.000000 1.341463 71.036591 -29.451220
32724 47 0.000000 0.000000 0.000000 6.951220 55.000000 -21.036587
32729 46 0.000000 0.000000 0.000000 8.109756 33.780487 -13.048780
32734 46 0.000000 0.000000 0.000000 8.292683 13.048780 -8.170732
32739 46 0.000000 0.000000 0.000000 7.987805 -6.280488 -3.963415
32744 46 0.000000 0.000000 0.000000 7.195122 -22.134148 5.609756
32749 46 0.000000 0.000000 0.000000 7.682927 -30.182928 15.853659
32754 46 0.000000 0.000000 0.000000 10.731708 -32.621952 22.073172
32759 46 0.000000 0.000000 0.000000 15.182927 -29.634148 23.292683
32764 47 0.000000 0.000000 0.000000 19.695122 -26.219513 23.719513
32769 46 0.000000 0.000000 0.000000 22.865854 -22.134148 21.097561
32774 46 0.000000 0.000000 0.000000 21.097561 -16.463415 14.451220
32779 46 0.000000 0.000000 0.000000 18.597561 -11.158537 8.231708
32784 47 0.000000 0.000000 0.000000 15.182927 -6.463415 0.975610
32789 46 0.000000 0.000000 0.000000 10.365854 -2.073171 -8.231708
32794 46 0.000000 0.000000 0.000000 6.280488 3.597561 -11.707317
32799 46 0.000000 0.000000 0.000000 5.731708 6.768293 -5.609756
32804 47 0.000000 0.000000 0.000000 6.951220 6.951220 -0.914634
32809 46 0.000000 0.000000 0.000000 6.219512 5.060976 -1.036585
32814 47 0.000000 0.000000 0.000000 4.268293 2.682927 -1.951220
32819 47 0.000000 0.000000 0.000000 1.890244 1.280488 -3.780488
32824 46 0.000000 0.000000 0.000000 0.121951 1.585366 -6.524390
32829 46 0.000000 0.000000 0.000000 -1.158537 2.987805 -7.865854
32834 47 0.000000 0.000000 0.000000 -1.768293 4.878049 -5.670732
32839 47 0.000000 0.000000 0.000000 -4.512195 7.012195 -6.585366
32844 46 0.000000 0.000000 0.000000 -8.841464 11.707317 -12.743903
32849 47 0.000000 0.000000 0.000000 -13.841464 17.926830 -17.073172
32854 47 0.000000 0.000000 0.000000 -17.134148 22.926830 -16.707317
32859 47 0.000000 0.000000 0.000000 -16.341463 25.000000 -14.329268
32864 46 0.000000 0.000000 0.000000 -14.695123 24.573172 -13.475610
32869 47 0.000000 0.000000 0.000000 -11.646341 21.646341 -16.707317
32874 47 0.000000 0.000000 0.000000 -4.939024 18.658537 -14.878049
32879 47 0.000000 0.000000 0.000000 3.231707 15.853659 -8.475610
32884 47 0.000000 0.000000 0.000000 10.426829 11.951220 -1.951220
32889 46 0.000000 0.000000 0.000000 15.914635 7.012195 3.109756
32894 46 0.000000 0.000000 0.000000 16.341463 1.707317 5.975610
32899 46 0.000000 0.000000 0.000000 12.560976 -4.756098 7.378049
32904 47 0.000000 0.000000 0.000000 7.987805 -7.804878 10.000000
32909 46 0.000000 0.000000 0.000000 3.231707 -7.926829 10.548780
32914 46 0.000000 0.000000 0.000000 0.304878 -8.170732 7.256098
32919 47 0.000000 0.000000 0.000000 0.487805 -5.914634 1.097561
32924 47 0.000000 0.000000 0.000000 0.731707 -3.780488 -3.719512
32929 47 0.000000 0.000000 0.000000 2.073171 -2.317073 -6.219512
32934 47 0.000000 0.000000 0.000000 4.146341 -1.768293 -11.707317
32939 46 0.000000 0.000000 0.000000 7.317073 -0.426829 -14.268293
32944 46 0.000000 0.000000 0.000000 12.926829 0.487805 -11.280488
32949 47 0.000000 0.000000 0.000000 17.560976 -1.768293 -5.121951
32954 47 0.000000 0.000000 0.000000 22.073172 -5.487805 -1.951220
32959 47 0.000000 0.000000 0.000000 26.402439 -6.890244 -4.329268
32964 46 0.000000 0.000000 0.000000 28.658537 -7.865854 -6.341464
32969 47 0.000000 0.000000 0.000000 32.317074 -4.756098 -3.902439
32974 47 0.000000 0.000000 0.000000 37.621952 -1.280488 -0.975610
32979 46 0.000000 0.000000 0.000000 43.414635 -0.487805 -0.365854
32984 47 0.000000 0.000000 0.000000 48.841465 1.158537 -2.865854
32989 47 0.000000 0.000000 0.000000 49.146343 2.134146 -6.585366
32994 47 0.000000 0.000000 0.000000 46.463417 4.512195 -8.414635
32999 47 0.000000 0.000000 0.000000 45.731709 5.853659 -10.487805
33004 46 0.000000 0.000000 0.000000 44.878048 5.243903 -10.365854
33009 46 0.000000 0.000000 0.000000 43.353661 5.000000 -6.890244
33014 46 0.000000 0.000000 0.000000 42.012196 2.926829 -2.682927
33019 47 0.000000 0.000000 0.000000 41.036587 -0.182927 -1.646341
33024 46 0.000000 0.000000 0.000000 36.768295 -1.463415 -2.743902
33029 46 0.000000 0.000000 0.000000 31.158537 -2.621951 -3.231707
33034 46 0.000000 0.000000 0.000000 25.792683 -2.378049 -5.609756
33039 46 0.000000 0.000000 0.000000 20.000000 -0.487805 -9.817074
33044 46 0.000000 0.000000 0.000000 12.804878 0.304878 -13.719513
33049 46 0.000000 0.000000 0.000000 3.109756 2.560976 -14.207317
33054 46 0.000000 0.000000 0.000000 -1.280488 6.951220 -11.890244
33059 46 0.000000 0.000000 0.000000 -2.987805 8.109756 -10.609756
33064 46 0.000000 0.000000 0.000000 -1.951220 7.621952 -10.365854
33069 47 0.000000 0.000000 0.000000 1.280488 8.231708 -10.853659
33074 47 0.000000 0.000000 0.000000 4.451220 9.634147 -12.865854
33079 46 0.000000 0.000000 0.000000 5.731708 9.634147 -13.414635
33084 47 0.000000 0.000000 0.000000 9.146341 6.585366 -11.890244
33089 46 0.000000 0.000000 0.000000 13.719513 5.182927 -8.231708
33094 46 0.000000 0.000000 0.000000 17.500000 4.878049 -7.012195
33099 46 0.000000 0.000000 0.000000 22.256098 4.573171 -5.731708
33104 46 0.000000 0.000000 0.000000 25.121952 2.195122 -5.609756
33109 47 0.000000 0.000000 0.000000 24.939026 -0.853659 -5.731708
33114 47 0.000000 0.000000 0.000000 26.402439 -1.158537 -5.182927
33119 46 0.000000 0.000000 0.000000 27.317074 -1.768293 -6.219512
33124 47 0.000000 0.000000 0.000000 26.158537 -0.243902 -7.195122
33129 46 0.000000 0.000000 0.000000 22.378050 0.426829 -8.658537
33134 46 0.000000 0.000000 0.000000 18.292683 0.548781 -10.975610
33139 46 0.000000 0.000000 0.000000 14.451220 0.853659 -10.000000
33144 46 0.000000 0.000000 0.000000 11.707317 2.865854 -5.182927
33149 46 0.000000 0.000000 0.000000 7.987805 3.536585 -2.804878
33154 46 0.000000 0.000000 0.000000 3.292683 2.195122 -1.158537
33159 47 0.000000 0.000000 0.000000 -3.414634 2.500000 -2.195122
33164 46 0.000000 0.000000 0.000000 -11.036586 2.926829 -4.268293
33169 47 0.000000 0.000000 0.000000 -17.378050 0.487805 -2.560976
33174 47 0.000000 0.000000 0.000000 -20.914635 -1.890244 -2.012195
33179 47 0.000000 0.000000 0.000000 -22.987806 -2.317073 -6.768293
33184 46 0.000000 0.000000 0.000000 -21.890244 -1.036585 -5.731708
33189 47 0.000000 0.000000 0.000000 -18.597561 0.243902 -2.865854
33194 47 0.000000 0.000000 0.000000 -14.024390 0.975610 -3.841464
33199 47 0.000000 0.000000 0.000000 -9.573171 2.804878 -8.048780
33204 47 0.000000 0.000000 0.000000 -3.475610 3.719512 -11.036586
33209 46 0.000000 0.000000 0.000000 3.902439 2.926829 -5.975610
33214 46 0.000000 0.000000 0.000000 8.353659 1.158537 1.585366
33219 46 0.000000 0.000000 0.000000 10.182927 0.182927 2.987805
33224 47 0.000000 0.000000 0.000000 9.451220 0.182927 0.609756
33229 46 0.000000 0.000000 0.000000 4.634146 -0.365854 0.548781
33234 46 0.000000 0.000000 0.000000 -1.951220 -1.402439 0.304878
33239 46 0.000000 0.000000 0.000000 -9.451220 -2.743902 -3.414634
33244 46 0.000000 0.000000 0.000000 -14.573171 -0.670732 -9.207317
33249 47 0.000000 0.000000 0.000000 -17.195122 3.109756 -14.573171
33254 47 0.000000 0.000000 0.000000 -20.487804 5.609756 -16.463415
33259 47 0.000000 0.000000 0.000000 -23.170732 8.841464 -13.963415
33264 46 0.000000 0.000000 0.000000 -23.109756 9.878049 -6.951220
33269 46 0.000000 0.000000 0.000000 -18.963415 7.378049 -0.853659
33274 46 0.000000 0.000000 0.000000 -15.792684 6.219512 0.365854
33279 46 0.000000 0.000000 0.000000 -13.048780 4.817073 2.134146
33284 47 0.000000 0.000000 0.000000 -9.329268 4.756098 3.719512
33289 46 0.000000 0.000000 0.000000 -6.585366 5.792683 3.231707
33294 46 0.000000 0.000000 0.000000 -5.792683 6.829268 1.951220
33299 47 0.000000 0.000000 0.000000 -6.951220 7.073171 -3.231707
33304 47 0.000000 0.000000 0.000000 -9.024390 6.829268 -6.951220
33309 47 0.000000 0.000000 0.000000 -8.048780 5.853659 -6.036585
33314 47 0.000000 0.000000 0.000000 -4.634146 3.780488 -6.158537
33319 46 0.000000 0.000000 0.000000 -1.219512 0.548781 -6.951220
33324 46 0.000000 0.000000 0.000000 4.329268 -2.804878 -3.902439
33329 47 0.000000 0.000000 0.000000 9.939025 -6.219512 -0.609756
33334 47 0.000000 0.000000 0.000000 12.621951 -9.634147 1.890244
33339 46 0.000000 0.000000 0.000000 14.634147 -10.853659 3.597561
33344 46 0.000000 0.000000 0.000000 15.000000 -9.512196 2.560976
33349 47 0.000000 0.000000 0.000000 12.560976 -8.109756 1.463415
33354 47 0.000000 0.000000 0.000000 9.634147 -6.158537 2.926829
33359 47 0.000000 0.000000 0.000000 7.804878 -1.707317 6.158537
33364 47 0.000000 0.000000 0.000000 5.670732 0.670732 9.634147
33369 46 0.000000 0.000000 0.000000 3.902439 -2.804878 10.304878
33374 46 0.000000 0.000000 0.000000 -0.609756 -5.060976 8.963415
33379 47 0.000000 0.000000 0.000000 -5.487805 -4.268293 6.951220
33384 46 0.000000 0.000000 0.000000 -8.902439 -2.073171 7.073171
33389 46 0.000000 0.000000 0.000000 -10.243902 -0.975610 6.951220
33394 46 0.000000 0.000000 0.000000 -9.573171 -0.975610 2.743902
33399 47 0.000000 0.000000 0.000000 -9.207317 -0.243902 -0.487805
33404 47 0.000000 0.000000 0.000000 -8.780488 2.926829 -1.829268
33409 46 0.000000 0.000000 0.000000 -6.036585 6.341464 -5.060976
33414 46 0.000000 0.000000 0.000000 -3.719512 7.195122 -9.573171
33419 46 0.000000 0.000000 0.000000 -3.841464 6.768293 -9.329268
33424 46 0.000000 0.000000 0.000000 -4.512195 5.670732 -2.865854
33429 46 0.000000 0.000000 0.000000 -3.414634 4.268293 3.597561
33434 46 0.000000 0.000000 0.000000 -5.182927 3.719512 4.573171
33439 46 0.000000 0.000000 0.000000 -8.231708 4.146341 0.548781
33444 47 0.000000 0.000000 0.000000 -11.951220 5.060976 -3.475610
33449 46 0.000000 0.000000 0.000000 -14.634147 7.865854 -6.463415
33454 46 0.000000 0.000000 0.000000 -13.536586 10.121951 -10.243902
33459 46 0.000000 0.000000 0.000000 -11.097561 9.573171 -11.158537
33464 46 0.000000 0.000000 0.000000 -7.865854 9.146341 -11.951220
33469 46 0.000000 0.000000 0.000000 -5.304878 8.109756 -12.073171
33474 46 0.000000 0.000000 0.000000 -2.012195 5.914634 -6.463415
33479 46 0.000000 0.000000 0.000000 4.085366 2.317073 0.670732
33484 47 0.000000 0.000000 0.000000 11.402439 -0.731707 4.512195
33489 47 0.000000 0.000000 0.000000 16.829269 -1.402439 5.548780
33494 47 0.000000 0.000000 0.000000 20.914635 -2.134146 6.280488
33499 47 0.000000 0.000000 0.000000 24.207317 -0.243902 4.573171
33504 47 0.000000 0.000000 0.000000 25.670732 2.926829 2.256098
33509 46 0.000000 0.000000 0.000000 27.804878 4.634146 1.036585
33514 46 0.000000 0.000000 0.000000 29.146341 4.085366 0.609756
33519 47 0.000000 0.000000 0.000000 26.890245 2.682927 -2.073171
33524 46 0.000000 0.000000 0.000000 22.926830 2.500000 -3.963415
33529 46 0.000000 0.000000 0.000000 18.658537 1.890244 -5.975610
33534 46 0.000000 0.000000 0.000000 14.695123 1.829268 -8.170732
33539 47 0.000000 0.000000 0.000000 9.817074 0.243902 -7.500000
33544 46 0.000000 0.000000 0.000000 5.853659 -0.548781 -5.060976
33549 46 0.000000 0.000000 0.000000 2.134146 0.000000 -6.402439
33554 46 0.000000 0.000000 0.000000 -2.743902 -0.121951 -3.841464
33559 46 0.000000 0.000000 0.000000 -7.134147 0.365854 -0.304878
33564 46 0.000000 0.000000 0.000000 -9.146341 -0.121951 1.524390
33569 46 0.000000 0.000000 0.000000 -9.268292 -0.792683 4.146341
33574 46 0.000000 0.000000 0.000000 -10.060976 -0.182927 7.378049
33579 46 0.000000 0.000000 0.000000 -9.146341 1.890244 7.865854
33584 46 0.000000 0.000000 0.000000 -7.378049 2.865854 6.524390
33589 46 0.000000 0.000000 0.000000 -5.365854 1.585366 6.524390
33594 46 0.000000 0.000000 0.000000 -3.658537 0.243902 4.939024
33599 47 0.000000 0.000000 0.000000 -3.353659 -0.487805 3.475610
33604 47 0.000000 0.000000 0.000000 -3.170732 -0.731707 0.548781
33609 47 0.000000 0.000000 0.000000 -3.597561 -1.280488 -2.256098
33614 47 0.000000 0.000000 0.000000 -2.560976 -2.012195 -2.134146
33619 46 0.000000 0.000000 0.000000 -1.036585 -1.341463 -5.182927
33624 46 0.000000 0.000000 0.000000 1.768293 -0.304878 -6.951220
33629 46 0.000000 0.000000 0.000000 7.134147 0.731707 -3.841464
33634 46 0.000000 0.000000 0.000000 12.134147 -0.060976 2.012195
33639 46 0.000000 0.000000 0.000000 14.939025 -1.646341 5.243903
33644 46 0.000000 0.000000 0.000000 16.585365 -3.170732 4.573171
33649 46 0.000000 0.000000 0.000000 18.231709 -4.573171 5.548780
33654 47 0.000000 0.000000 0.000000 18.414635 -1.951220 7.317073
33659 46 0.000000 0.000000 0.000000 15.000000 0.853659 7.134147
33664 46 0.000000 0.000000 0.000000 8.841464 2.865854 4.268293
33669 46 0.000000 0.000000 0.000000 2.073171 2.560976 1.402439
33674 46 0.000000 0.000000 0.000000 -3.170732 1.768293 0.914634
33679 46 0.000000 0.000000 0.000000 -7.256098 2.073171 -0.487805
33684 46 0.000000 0.000000 0.000000 -9.695122 2.195122 -4.207317
33689 46 0.000000 0.000000 0.000000 -11.707317 3.719512 -5.243903
33694 47 0.000000 0.000000 0.000000 -13.414635 3.658537 -1.646341
33699 47 0.000000 0.000000 0.000000 -12.500000 1.402439 -1.097561
33704 47 0.000000 0.000000 0.000000 -11.890244 -0.914634 -5.853659
33709 47 0.000000 0.000000 0.000000 -10.731708 0.000000 -4.329268
33714 46 0.000000 0.000000 0.000000 -7.439024 0.365854 -0.731707
33719 47 0.000000 0.000000 0.000000 0.914634 -0.975610 1.402439
33724 46 0.000000 0.000000 0.000000 7.682927 -2.682927 3.231707
33729 46 0.000000 0.000000 0.000000 9.390244 -3.109756 5.548780
33734 46 0.000000 0.000000 0.000000 8.719512 -3.963415 4.756098
33739 46 0.000000 0.000000 0.000000 7.865854 -4.146341 2.012195
33744 46 0.000000 0.000000 0.000000 9.085366 -2.378049 2.195122
33749 46 0.000000 0.000000 0.000000 6.341464 -1.890244 4.207317
33754 47 0.000000 0.000000 0.000000 3.475610 -2.926829 1.524390
33759 46 0.000000 0.000000 0.000000 -0.060976 -2.621951 -5.670732
33764 46 0.000000 0.000000 0.000000 -3.109756 0.243902 -9.268292
33769 46 0.000000 0.000000 0.000000 -3.597561 3.597561 -6.707317
33774 47 0.000000 0.000000 0.000000 -4.573171 3.109756 -5.975610
33779 46 0.000000 0.000000 0.000000 -4.756098 1.890244 -7.743903
33784 46 0.000000 0.000000 0.000000 -4.390244 1.280488 -7.926829
33789 46 0.000000 0.000000 0.000000 -4.756098 1.951220 -3.414634
33794 46 0.000000 0.000000 0.000000 -5.182927 3.353659 3.719512
33799 46 0.000000 0.000000 0.000000 -5.243903 0.487805 9.390244
33804 46 0.000000 0.000000 0.000000 -6.280488 -1.646341 10.243902
33809 46 0.000000 0.000000 0.000000 -9.451220 -2.195122 6.280488
33814 46 0.000000 0.000000 0.000000 -12.195122 -0.853659 1.219512
33819 46 0.000000 0.000000 0.000000 -12.987805 2.987805 -1.158537
33824 46 0.000000 0.000000 0.000000 -12.743903 5.121951 0.548781
33829 47 10.000000 0.000000 0.000000 -10.731708 5.731708 0.975610
33834 46 20.000000 0.000000 0.000000 -8.597561 4.451220 -2.134146
33839 46 20.000000 0.000000 0.000000 -5.670732 2.134146 -2.439024
33844 46 20.000000 0.000000 0.000000 -4.573171 0.792683 -1.280488
33849 47 30.000000 0.000000 0.000000 -6.219512 0.853659 -1.646341
33854 47 30.000000 0.000000 0.000000 -7.560976 1.707317 -1.585366
33859 46 40.000000 0.000000 0.000000 -6.158537 1.646341 0.243902
33864 46 40.000000 0.000000 0.000000 -1.036585 -0.182927 3.902439
33869 47 40.000000 0.000000 0.000000 4.573171 -0.914634 6.829268
33874 46 50.000000 0.000000 0.000000 7.987805 -3.475610 8.170732
33879 46 50.000000 0.000000 0.000000 12.865854 -6.402439 9.146341
33884 46 50.000000 0.000000 0.000000 17.865854 -7.500000 7.134147
33889 47 60.000000 0.000000 0.000000 21.524391 -7.926829 5.121951
33894 47 60.000000 0.000000 0.000000 25.365854 -7.743903 4.512195
33899 47 60.000000 0.000000 0.000000 30.609756 -6.829268 3.841464
33904 47 60.000000 0.000000 0.000000 34.512196 -5.670732 2.317073
33909 46 70.000000 0.000000 0.000000 36.097561 -4.207317 1.890244
33914 47 70.000000 0.000000 0.000000 37.621952 -3.170732 2.743902
33919 46 70.000000 0.000000 0.000000 41.768295 -3.231707 2.804878
33924 46 70.000000 0.000000 0.000000 50.853661 -2.743902 3.597561
33929 46 70.000000 0.000000 0.000000 58.353661 0.548781 7.012195
33934 46 80.000000 0.000000 0.000000 64.451218 4.512195 7.743903
33939 47 80.000000 0.000000 0.000000 69.878052 5.853659 3.170732
33944 47 80.000000 0.000000 0.000000 74.695122 5.426829 -0.731707
33949 46 80.000000 0.000000 0.000000 80.487808 6.036585 -3.231707
33954 47 80.000000 0.000000 0.000000 82.804878 4.939024 -3.902439
33959 46 80.000000 0.000000 0.000000 81.524391 3.414634 -5.487805
33964 46 80.000000 0.000000 0.000000 79.146347 3.475610 -7.134147
33969 47 80.000000 0.000000 0.000000 76.402443 1.646341 -9.268292
33974 46 80.000000 0.000000 0.000000 71.768295 -0.670732 -11.036586
33979 47 90.000000 0.000000 0.000000 66.829269 0.792683 -9.756098
33984 47 90.000000 0.000000 0.000000 60.975613 0.182927 -8.048780
33989 47 90.000000 0.000000 0.000000 52.865856 -3.780488 -6.280488
33994 46 90.000000 0.000000 0.000000 43.231709 -3.841464 -5.243903
33999 46 90.000000 0.000000 0.000000 32.439026 -3.963415 -3.353659
34004 46 90.000000 0.000000 0.000000 24.512196 -4.695122 0.000000
34009 46 100.000000 0.000000 0.000000 18.780489 -4.512195 -0.060976
34014 46 100.000000 0.000000 0.000000 14.756098 -4.451220 -1.585366
34019 46 100.000000 0.000000 0.000000 14.939025 -3.902439 3.658537
34024 46 100.000000 0.000000 0.000000 16.097561 -3.780488 8.353659
34029 47 110.000000 0.000000 0.000000 16.402439 -3.902439 9.207317
34034 46 110.000000 0.000000 0.000000 15.243903 -3.841464 4.268293
34039 46 120.000000 0.000000 0.000000 11.158537 -1.707317 -2.500000
34044 46 120.000000 0.000000 0.000000 7.682927 -0.548781 -4.512195
34049 47 120.000000 0.000000 0.000000 9.024390 -0.731707 1.707317
34054 46 120.000000 0.000000 0.000000 12.378049 -2.987805 8.353659
34059 47 120.000000 0.000000 0.000000 17.195122 -6.524390 11.463415
34064 47 120.000000 0.000000 0.000000 20.609756 -8.353659 9.573171
34069 47 130.000000 0.000000 0.000000 21.707317 -5.304878 6.097561
34074 46 130.000000 0.000000 0.000000 21.463415 -1.158537 2.317073
34079 46 130.000000 0.000000 0.000000 20.000000 -1.158537 -1.402439
34084 46 130.000000 0.000000 0.000000 18.963415 -0.731707 -4.390244
34089 47 130.000000 0.000000 0.000000 20.975611 3.353659 -5.365854
34094 47 140.000000 0.000000 0.000000 23.963415 4.390244 -5.243903
34099 47 140.000000 0.000000 0.000000 25.670732 1.890244 -6.402439
34104 47 140.000000 0.000000 0.000000 30.121952 1.646341 -7.195122
34109 46 140.000000 0.000000 0.000000 38.841465 4.573171 -5.304878
34114 46 140.000000 0.000000 0.000000 46.829269 6.951220 -2.987805
34119 46 140.000000 0.000000 0.000000 52.073174 3.780488 -1.036585
34124 46 140.000000 0.000000 0.000000 59.573174 1.341463 -3.719512
34129 47 150.000000 0.000000 0.000000 72.195122 1.402439 -8.719512
34134 47 150.000000 0.000000 0.000000 87.073174 2.256098 -10.914635
34139 47 150.000000 0.000000 0.000000 102.743904 3.536585 -10.548780
34144 47 150.000000 0.000000 0.000000 116.585365 5.060976 -10.609756
34149 47 150.000000 0.000000 0.000000 130.243912 2.439024 -13.597561
34154 46 160.000000 0.000000 0.000000 143.597565 -2.195122 -16.707317
34159 46 160.000000 0.000000 0.000000 157.073181 -1.585366 -17.500000
34164 46 160.000000 0.000000 0.000000 167.987808 1.158537 -16.951220
34169 47 170.000000 0.000000 0.000000 176.097565 2.256098 -17.012196
34174 46 170.000000 0.000000 0.000000 176.829269 1.280488 -18.292683
34179 46 170.000000 0.000000 0.000000 175.487808 0.487805 -19.207317
34184 46 170.000000 0.000000 0.000000 169.329269 -2.134146 -17.439024
34189 47 180.000000 0.000000 0.000000 153.658539 -3.109756 -14.390244
34194 47 180.000000 0.000000 0.000000 135.000000 -3.048780 -9.756098
34199 46 180.000000 0.000000 0.000000 118.597565 -1.890244 -4.756098
34204 46 180.000000 0.000000 0.000000 101.524391 -3.170732 -3.048780
34209 46 190.000000 0.000000 0.000000 81.646347 -7.682927 0.000000
34214 46 190.000000 0.000000 0.000000 67.073174 -9.817074 4.817073
34219 47 200.000000 0.000000 0.000000 56.829269 -7.865854 10.060976
34224 47 200.000000 0.000000 0.000000 50.731709 -6.585366 13.963415
34229 46 200.000000 0.000000 0.000000 46.951221 -7.926829 14.146341
34234 47 200.000000 0.000000 0.000000 43.231709 -9.024390 11.341464
34239 47 200.000000 0.000000 0.000000 37.134148 -7.500000 4.634146
34244 47 200.000000 0.000000 0.000000 32.195122 -5.975610 -3.841464
34249 47 210.000000 0.000000 0.000000 30.487806 -1.768293 -9.512196
34254 46 210.000000 0.000000 0.000000 32.378048 3.170732 -13.170732
34259 47 210.000000 0.000000 0.000000 36.036587 4.390244 -17.256098
34264 47 210.000000 0.000000 0.000000 44.573174 5.060976 -21.829269
34269 47 210.000000 0.000000 0.000000 54.390244 5.304878 -21.768293
34274 47 220.000000 0.000000 0.000000 59.939026 4.939024 -18.658537
34279 46 220.000000 0.000000 0.000000 64.756096 4.634146 -17.743902
34284 46 220.000000 0.000000 0.000000 71.829269 3.719512 -19.268293
34289 46 220.000000 0.000000 0.000000 74.817078 1.585366 -19.634148
34294 47 220.000000 0.000000 0.000000 77.378052 3.963415 -14.390244
34299 47 220.000000 0.000000 0.000000 81.707321 8.414635 -7.926829
34304 47 220.000000 0.000000 0.000000 85.182930 8.597561 -8.536586
34309 47 220.000000 0.000000 0.000000 89.329269 7.865854 -14.390244
34314 46 220.000000 0.000000 0.000000 95.792686 8.170732 -20.304878
34319 47 220.000000 0.000000 0.000000 99.817078 7.926829 -20.548780
34324 47 220.000000 0.000000 0.000000 103.902443 10.914635 -18.475611
34329 47 230.000000 0.000000 0.000000 108.963417 14.939025 -15.853659
34334 47 230.000000 0.000000 0.000000 111.402443 16.707317 -15.426829
34339 46 230.000000 0.000000 0.000000 110.182930 17.134148 -14.024390
34344 46 230.000000 0.000000 0.000000 109.146347 17.987804 -14.451220
34349 46 230.000000 0.000000 0.000000 106.158539 15.853659 -17.621952
34354 47 230.000000 0.000000 0.000000 99.878052 12.865854 -19.573172
34359 46 240.000000 0.000000 0.000000 94.329269 12.073171 -19.024391
34364 46 240.000000 0.000000 0.000000 90.548782 14.207317 -15.853659
34369 46 240.000000 0.000000 0.000000 89.878052 15.304878 -11.646341
34374 46 250.000000 0.000000 0.000000 90.975609 13.963415 -7.012195
34379 47 250.000000 0.000000 0.000000 88.719513 10.975610 -2.682927
34384 47 250.000000 0.000000 0.000000 86.585365 10.182927 0.121951
34389 47 250.000000 0.000000 0.000000 85.670731 12.500000 4.451220
34394 46 260.000000 0.000000 0.000000 83.597565 15.060976 8.780488
34399 46 260.000000 0.000000 0.000000 77.987808 11.463415 9.756098
34404 46 260.000000 0.000000 0.000000 69.268295 6.951220 10.304878
34409 47 260.000000 0.000000 0.000000 60.121952 5.365854 11.402439
34414 46 270.000000 0.000000 0.000000 51.280491 5.060976 10.670732
34419 47 270.000000 0.000000 0.000000 44.451221 5.853659 7.317073
34424 47 270.000000 0.000000 0.000000 40.000000 6.158537 2.134146
34429 46 270.000000 0.000000 0.000000 35.000000 1.646341 -1.707317
34434 47 280.000000 0.000000 0.000000 32.073170 -0.914634 -2.500000
34439 47 280.000000 0.000000 0.000000 32.317074 0.365854 -2.134146
34444 47 280.000000 0.000000 0.000000 34.390244 2.012195 -2.378049
34449 47 280.000000 0.000000 0.000000 38.658539 4.207317 -1.402439
34454 47 280.000000 0.000000 0.000000 42.256100 6.158537 2.378049
34459 47 280.000000 0.000000 0.000000 43.353661 3.231707 6.219512
34464 47 280.000000 0.000000 0.000000 44.390244 -0.487805 6.707317
34469 47 280.000000 0.000000 0.000000 43.231709 -2.804878 4.817073
34474 47 280.000000 0.000000 0.000000 39.573174 -1.951220 4.207317
34479 47 280.000000 0.000000 0.000000 36.951221 2.134146 3.963415
34484 47 280.000000 0.000000 0.000000 35.487804 4.512195 1.219512
34489 47 280.000000 0.000000 0.000000 34.024391 2.926829 -2.073171
34494 47 280.000000 0.000000 0.000000 33.536587 1.829268 -4.207317
34499 46 280.000000 0.000000 0.000000 33.170731 2.682927 -4.451220
34504 46 280.000000 0.000000 0.000000 34.390244 4.634146 -3.475610
34509 46 280.000000 0.000000 0.000000 35.426830 5.487805 -4.512195
34514 46 280.000000 0.000000 0.000000 36.036587 4.268293 -6.646342
34519 47 280.000000 0.000000 0.000000 35.670734 3.536585 -7.073171
34524 47 280.000000 0.000000 0.000000 34.207317 1.341463 -4.939024
34529 46 270.000000 0.000000 0.000000 31.463415 -0.914634 -1.768293
34534 46 270.000000 0.000000 0.000000 30.975611 -1.158537 0.182927
34539 47 270.000000 0.000000 0.000000 31.768293 0.182927 2.134146
34544 47 270.000000 0.000000 0.000000 32.439026 2.317073 6.219512
34549 47 270.000000 0.000000 0.000000 32.865856 3.597561 8.780488
34554 47 270.000000 0.000000 0.000000 33.597561 3.414634 10.548780
34559 47 270.000000 0.000000 0.000000 35.731709 2.926829 11.463415
34564 46 270.000000 0.000000 0.000000 39.268295 4.207317 11.646341
34569 47 270.000000 0.000000 0.000000 43.902439 7.987805 10.121951
34574 47 270.000000 0.000000 0.000000 48.475613 9.268292 5.426829
34579 47 270.000000 0.000000 0.000000 50.243904 5.914634 0.304878
34584 47 260.000000 0.000000 0.000000 52.500000 5.975610 0.304878
34589 46 260.000000 0.000000 0.000000 57.134148 8.963415 2.926829
34594 46 260.000000 0.000000 0.000000 60.426830 9.207317 4.085366
34599 46 260.000000 0.000000 0.000000 64.329269 8.780488 2.317073
34604 47 250.000000 0.000000 0.000000 68.292686 8.292683 -0.060976
34609 46 250.000000 0.000000 0.000000 67.987808 5.914634 -1.768293
34614 46 250.000000 0.000000 0.000000 70.243904 4.695122 -2.073171
34619 46 250.000000 0.000000 0.000000 74.390244 3.902439 -3.231707
34624 47 240.000000 0.000000 0.000000 72.256096 2.012195 -5.304878
34629 46 240.000000 0.000000 0.000000 65.548782 2.195122 -5.731708
34634 46 230.000000 0.000000 0.000000 59.817074 4.268293 -3.841464
34639 46 230.000000 0.000000 0.000000 54.268295 3.536585 0.365854
34644 47 220.000000 0.000000 0.000000 48.902439 1.463415 4.207317
34649 47 210.000000 0.000000 0.000000 45.243904 3.658537 6.829268
34654 47 180.000000 0.000000 0.000000 42.195122 6.341464 8.902439
34659 47 180.000000 0.000000 0.000000 37.987804 7.317073 9.634147
34664 47 160.000000 0.000000 0.000000 34.085365 6.768293 8.109756
34669 46 130.000000 0.000000 0.000000 29.756098 3.841464 6.707317
34674 47 90.000000 0.000000 0.000000 23.048780 2.317073 6.951220
34679 47 90.000000 0.000000 0.000000 15.792684 4.085366 6.219512
34684 46 40.000000 0.000000 0.000000 6.707317 5.304878 7.682927
34689 47 0.000000 0.000000 0.000000 -3.719512 4.390244 11.646341
34694 46 0.000000 0.000000 0.000000 -12.073171 4.573171 15.304878
34699 46 0.000000 0.000000 0.000000 -17.682928 6.768293 17.134148
34704 46 0.000000 0.000000 0.000000 -25.792683 8.536586 16.402439
34709 46 0.000000 0.000000 0.000000 -39.268295 5.426829 14.451220
34714 46 0.000000 0.000000 0.000000 -51.585365 1.158537 9.756098
34719 46 0.000000 0.000000 0.000000 -62.195122 -2.439024 3.536585
34724 47 0.000000 0.000000 0.000000 -75.304878 -5.731708 0.000000
34729 46 0.000000 0.000000 0.000000 -89.939026 -8.475610 -1.219512
34734 46 0.000000 0.000000 0.000000 -103.780487 -9.268292 -4.512195
34739 46 0.000000 0.000000 0.000000 -119.146347 -11.707317 -9.695122
34744 46 0.000000 0.000000 0.000000 -134.329269 -13.658537 -12.804878
34749 46 0.000000 0.000000 0.000000 -149.268295 -14.451220 -10.853659
34754 46 0.000000 0.000000 0.000000 -161.829269 -13.414635 -5.182927
34759 46 0.000000 0.000000 0.000000 -167.926834 -10.243902 -2.317073
34764 46 0.000000 0.000000 0.000000 -171.585373 -10.304878 -3.292683
34769 47 0.000000 0.000000 0.000000 -171.280487 -12.012196 -2.926829
34774 47 0.000000 0.000000 0.000000 -165.243912 -12.378049 0.000000
34779 46 0.000000 0.000000 0.000000 -158.719513 -10.853659 1.219512
34784 47 0.000000 0.000000 0.000000 -152.804886 -9.085366 -0.548781
34789 47 0.000000 0.000000 0.000000 -145.121948 -8.170732 -3.109756
34794 47 0.000000 0.000000 0.000000 -133.170731 -7.560976 -5.121951
34799 46 0.000000 0.000000 0.000000 -116.768295 -5.487805 -5.548780
34804 47 0.000000 0.000000 0.000000 -104.756104 -7.012195 -4.512195
34809 46 0.000000 0.000000 0.000000 -95.853661 -9.207317 -2.865854
34814 46 0.000000 0.000000 0.000000 -83.170731 -7.926829 0.243902
34819 46 0.000000 0.000000 0.000000 -69.268295 -5.853659 6.341464
34824 47 0.000000 0.000000 0.000000 -56.280491 -4.634146 10.975610
34829 47 0.000000 0.000000 0.000000 -41.768295 -0.670732 11.829268
34834 47 0.000000 0.000000 0.000000 -31.646341 -0.060976 8.963415
34839 47 0.000000 0.000000 0.000000 -25.182928 -1.280488 4.451220
34844 47 0.000000 0.000000 0.000000 -19.451220 -0.609756 0.975610
34849 46 0.000000 0.000000 0.000000 -15.365854 2.073171 -1.951220
34854 46 0.000000 0.000000 0.000000 -13.292684 4.207317 -4.756098
34859 47 0.000000 0.000000 0.000000 -11.585366 5.487805 -7.865854
34864 47 0.000000 0.000000 0.000000 -11.158537 4.085366 -9.817074
34869 46 0.000000 0.000000 0.000000 -11.036586 3.658537 -8.475610
34874 46 0.000000 0.000000 0.000000 -13.231708 3.597561 -5.792683
34879 46 0.000000 0.000000 0.000000 -15.487805 2.073171 -5.304878
34884 47 0.000000 0.000000 0.000000 -14.573171 0.060976 -5.975610
34889 46 0.000000 0.000000 0.000000 -15.060976 2.012195 -5.731708
34894 46 0.000000 0.000000 0.000000 -19.085367 3.719512 -2.500000
34899 46 0.000000 0.000000 0.000000 -26.158537 3.109756 0.243902
34904 46 0.000000 0.000000 0.000000 -36.097561 -0.426829 1.768293
34909 46 0.000000 0.000000 0.000000 -46.402439 -3.292683 2.073171
34914 46 0.000000 0.000000 0.000000 -55.426830 -5.182927 1.158537
34919 46 0.000000 0.000000 0.000000 -66.097565 -6.280488 1.829268
34924 46 0.000000 0.000000 0.000000 -75.792686 -6.280488 2.256098
34929 46 0.000000 0.000000 0.000000 -86.768295 -9.146341 0.000000
34934 46 0.000000 0.000000 0.000000 -96.524391 -11.524390 2.439024
34939 47 0.000000 0.000000 0.000000 -106.219513 -11.768293 8.048780
34944 46 0.000000 0.000000 0.000000 -115.365860 -8.658537 10.182927
34949 46 0.000000 0.000000 0.000000 -123.658539 -5.609756 6.585366
34954 46 0.000000 0.000000 0.000000 -132.804886 -6.036585 3.536585
34959 47 0.000000 0.000000 0.000000 -140.487808 -4.878049 3.658537
34964 47 0.000000 0.000000 0.000000 -146.951218 -1.341463 3.170732
34969 47 0.000000 0.000000 0.000000 -151.829269 1.951220 1.280488
34974 47 0.000000 0.000000 0.000000 -153.963425 4.024390 -0.853659
34979 46 0.000000 0.000000 0.000000 -154.878052 3.841464 -1.280488
34984 46 0.000000 0.000000 0.000000 -153.109756 4.085366 -1.951220
34989 47 0.000000 0.000000 0.000000 -149.451218 1.829268 -4.024390
34994 47 0.000000 0.000000 0.000000 -140.853668 -1.036585 -6.951220
34999 46 0.000000 0.000000 0.000000 -128.048782 -3.902439 -8.719512
35004 46 0.000000 0.000000 0.000000 -113.902443 -3.475610 -5.609756
35009 47 0.000000 0.000000 0.000000 -97.682930 -0.243902 -0.121951
35014 47 0.000000 0.000000 0.000000 -79.268295 2.195122 2.865854
35019 47 0.000000 0.000000 0.000000 -63.902439 1.219512 4.390244
35024 47 0.000000 0.000000 0.000000 -51.951221 -0.914634 5.304878
35029 46 0.000000 0.000000 0.000000 -40.487804 -1.463415 5.670732
35034 46 0.000000 0.000000 0.000000 -28.658537 -0.182927 2.500000
35039 46 0.000000 0.000000 0.000000 -16.890244 -0.792683 -2.317073
35044 47 0.000000 0.000000 0.000000 -4.329268 -1.341463 -3.353659
35049 47 0.000000 0.000000 0.000000 8.414635 0.975610 -2.012195
35054 47 0.000000 0.000000 0.000000 17.439024 2.378049 -0.670732
35059 46 0.000000 0.000000 0.000000 22.621952 2.500000 -0.548781
35064 47 0.000000 0.000000 0.000000 24.329269 2.012195 -1.280488
35069 47 0.000000 0.000000 0.000000 26.219513 2.865854 -3.719512
35074 47 0.000000 0.000000 0.000000 27.256098 2.926829 -3.536585
35079 46 0.000000 0.000000 0.000000 25.731709 2.865854 -2.012195
35084 46 0.000000 0.000000 0.000000 17.865854 2.195122 -4.329268
35089 46 0.000000 0.000000 0.000000 8.658537 1.219512 -5.853659
35094 46 0.000000 0.000000 0.000000 0.304878 0.365854 -5.121951
35099 47 0.000000 0.000000 0.000000 -6.524390 0.853659 -3.231707
35104 47 0.000000 0.000000 0.000000 -10.731708 1.890244 0.426829
35109 47 0.000000 0.000000 0.000000 -13.231708 1.524390 2.560976
35114 47 0.000000 0.000000 0.000000 -14.207317 1.707317 6.646342
35119 46 0.000000 0.000000 0.000000 -19.512196 2.743902 7.500000
35124 47 0.000000 0.000000 0.000000 -26.890245 2.926829 6.829268
35129 47 0.000000 0.000000 0.000000 -33.536587 2.317073 4.329268
35134 47 0.000000 0.000000 0.000000 -36.768295 1.890244 -0.548781
35139 46 0.000000 0.000000 0.000000 -36.463417 2.987805 -0.487805
35144 47 0.000000 0.000000 0.000000 -37.012196 2.743902 2.378049
35149 47 0.000000 0.000000 0.000000 -37.682926 1.463415 1.585366
35154 47 0.000000 0.000000 0.000000 -35.060978 -1.036585 -0.975610
35159 47 0.000000 0.000000 0.000000 -29.451220 -3.414634 3.658537
35164 47 0.000000 0.000000 0.000000 -26.341463 -3.780488 9.451220
35169 47 0.000000 0.000000 0.000000 -27.987806 -4.329268 8.414635
35174 47 0.000000 0.000000 0.000000 -28.475611 -3.841464 6.219512
35179 47 0.000000 0.000000 0.000000 -26.890245 -3.353659 4.817073
35184 46 0.000000 0.000000 0.000000 -24.634148 -1.341463 8.231708
35189 46 0.000000 0.000000 0.000000 -20.548780 1.219512 13.231708
35194 46 0.000000 0.000000 0.000000 -14.817074 3.109756 12.865854
35199 46 0.000000 0.000000 0.000000 -8.414635 4.146341 10.365854
35204 46 0.000000 0.000000 0.000000 -5.304878 3.780488 6.951220
35209 47 0.000000 0.000000 0.000000 -2.926829 4.634146 7.317073
35214 47 0.000000 0.000000 0.000000 -1.280488 5.548780 6.341464
35219 46 0.000000 0.000000 0.000000 -1.097561 4.329268 0.304878
35224 47 0.000000 0.000000 0.000000 -3.475610 4.817073 -4.634146
35229 47 0.000000 0.000000 0.000000 -6.402439 5.731708 -5.060976
35234 47 0.000000 0.000000 0.000000 -6.280488 5.792683 -4.024390
35239 47 0.000000 0.000000 0.000000 -6.646342 3.597561 -7.378049
35244 47 0.000000 0.000000 0.000000 -5.670732 2.560976 -10.243902
35249 46 0.000000 0.000000 0.000000 -3.841464 2.560976 -9.085366
35254 46 0.000000 0.000000 0.000000 -0.304878 2.621951 -6.219512
35259 46 0.000000 0.000000 0.000000 1.585366 3.536585 -3.780488
35264 46 0.000000 0.000000 0.000000 0.365854 1.768293 -4.207317
35269 46 0.000000 0.000000 0.000000 -3.536585 -1.036585 -5.975610
35274 46 0.000000 0.000000 0.000000 -9.146341 -2.804878 -7.439024
35279 46 0.000000 0.000000 0.000000 -11.524390 -2.987805 -6.036585
35284 46 0.000000 0.000000 0.000000 -10.670732 -2.378049 -4.268293
35289 47 0.000000 0.000000 0.000000 -6.951220 -2.134146 -1.890244
35294 47 0.000000 0.000000 0.000000 -1.158537 -3.719512 0.853659
35299 46 0.000000 0.000000 0.000000 3.353659 -7.012195 5.670732
35304 47 0.000000 0.000000 0.000000 7.073171 -9.085366 8.597561
35309 47 0.000000 0.000000 0.000000 9.634147 -9.756098 7.560976
35314 47 0.000000 0.000000 0.000000 11.951220 -8.353659 6.768293
35319 47 0.000000 0.000000 0.000000 11.646341 -4.939024 8.231708
35324 47 0.000000 0.000000 0.000000 12.560976 0.304878 10.060976
35329 46 0.000000 0.000000 0.000000 15.853659 4.329268 12.012196
35334 46 0.000000 0.000000 0.000000 17.682928 3.292683 12.378049
35339 46 0.000000 0.000000 0.000000 15.792684 0.609756 9.268292
35344 46 0.000000 0.000000 0.000000 9.878049 0.487805 5.121951
35349 47 0.000000 0.000000 0.000000 3.658537 2.317073 2.621951
35354 47 0.000000 0.000000 0.000000 -1.829268 1.890244 -1.036585
35359 47 0.000000 0.000000 0.000000 -7.987805 -0.548781 -4.756098
35364 47 0.000000 0.000000 0.000000 -15.609756 -1.890244 -8.109756
35369 46 0.000000 0.000000 0.000000 -23.353659 -1.280488 -6.951220
35374 46 0.000000 0.000000 0.000000 -29.878050 0.487805 -2.195122
35379 46 0.000000 0.000000 0.000000 -29.207317 0.609756 2.195122
35384 47 0.000000 0.000000 0.000000 -26.036587 -1.280488 3.963415
35389 47 0.000000 0.000000 0.000000 -25.121952 -1.585366 6.585366
35394 47 0.000000 0.000000 0.000000 -26.341463 -0.243902 9.634147
35399 46 0.000000 0.000000 0.000000 -26.219513 0.304878 11.707317
35404 46 0.000000 0.000000 0.000000 -24.939026 1.036585 8.170732
35409 47 0.000000 0.000000 0.000000 -23.902439 3.414634 4.268293
35414 47 0.000000 0.000000 0.000000 -22.378050 4.634146 1.951220
35419 46 0.000000 0.000000 0.000000 -20.182928 2.987805 -1.951220
35424 46 0.000000 0.000000 0.000000 -17.134148 0.670732 -4.634146
35429 46 0.000000 0.000000 0.000000 -14.634147 0.487805 -7.134147
35434 46 0.000000 0.000000 0.000000 -12.378049 1.341463 -4.146341
35439 47 0.000000 0.000000 0.000000 -7.682927 1.707317 -0.243902
35444 46 0.000000 0.000000 0.000000 -1.646341 1.219512 0.670732
35449 46 0.000000 0.000000 0.000000 3.231707 1.463415 0.792683
35454 46 0.000000 0.000000 0.000000 2.865854 0.792683 -2.865854
35459 46 0.000000 0.000000 0.000000 0.487805 1.097561 -5.548780
35464 47 0.000000 0.000000 0.000000 1.585366 2.987805 -4.329268
35469 46 0.000000 0.000000 0.000000 5.243903 4.756098 -1.280488
35474 46 0.000000 0.000000 0.000000 11.219512 5.426829 2.195122
35479 46 0.000000 0.000000 0.000000 16.097561 4.207317 5.975610
35484 46 0.000000 0.000000 0.000000 16.951220 3.963415 5.853659
35489 46 0.000000 0.000000 0.000000 12.682927 2.926829 2.378049
35494 47 0.000000 0.000000 0.000000 5.670732 2.195122 -2.012195
35499 46 0.000000 0.000000 0.000000 -2.195122 1.463415 -4.085366
35504 47 0.000000 0.000000 0.000000 -7.073171 1.219512 -3.231707
35509 47 0.000000 0.000000 0.000000 -8.109756 1.036585 -2.500000
35514 47 0.000000 0.000000 0.000000 -8.048780 0.487805 0.060976
35519 46 0.000000 0.000000 0.000000 -9.573171 1.585366 -1.036585
35524 47 0.000000 0.000000 0.000000 -11.341464 2.500000 -2.317073
35529 47 0.000000 0.000000 0.000000 -13.841464 2.865854 -4.451220
35534 47 0.000000 0.000000 0.000000 -16.768293 2.012195 -7.926829
35539 46 0.000000 0.000000 0.000000 -19.817074 1.036585 -12.439025
35544 46 0.000000 0.000000 0.000000 -23.414635 0.670732 -12.256098
35549 46 0.000000 0.000000 0.000000 -23.475611 1.524390 -3.658537
35554 46 0.000000 0.000000 0.000000 -21.585367 1.951220 1.402439
35559 47 0.000000 0.000000 0.000000 -21.524391 1.524390 2.743902
35564 47 0.000000 0.000000 0.000000 -22.621952 0.548781 6.829268
35569 47 0.000000 0.000000 0.000000 -21.890244 -1.707317 10.670732
35574 47 0.000000 0.000000 0.000000 -20.426830 -1.707317 10.365854
35579 46 0.000000 0.000000 0.000000 -21.951220 -0.304878 6.829268
35584 46 0.000000 0.000000 0.000000 -24.146341 -0.182927 2.378049
35589 46 0.000000 0.000000 0.000000 -26.707317 -1.707317 0.609756
35594 47 0.000000 0.000000 0.000000 -26.158537 -1.768293 2.987805
35599 47 0.000000 0.000000 0.000000 -25.670732 -2.256098 4.268293
35604 46 0.000000 0.000000 0.000000 -24.329269 -1.829268 3.658537
35609 46 0.000000 0.000000 0.000000 -22.378050 -0.365854 1.158537
35614 47 0.000000 0.000000 0.000000 -21.768293 -0.792683 -2.682927
35619 46 0.000000 0.000000 0.000000 -23.414635 -0.365854 -5.000000
35624 46 0.000000 0.000000 0.000000 -24.451220 0.731707 -5.243903
35629 46 0.000000 0.000000 0.000000 -23.170732 1.341463 -7.073171
35634 47 0.000000 0.000000 0.000000 -19.390244 0.548781 -7.195122
35639 47 0.000000 0.000000 0.000000 -17.500000 0.426829 -6.768293
35644 46 0.000000 0.000000 0.000000 -19.634148 0.792683 -5.365854
35649 46 0.000000 0.000000 0.000000 -19.573172 2.317073 -1.646341
35654 47 0.000000 0.000000 0.000000 -16.707317 3.475610 -1.463415
35659 47 0.000000 0.000000 0.000000 -11.768293 2.682927 -1.219512
35664 47 0.000000 0.000000 0.000000 -9.878049 1.707317 3.475610
35669 47 0.000000 0.000000 0.000000 -12.926829 0.914634 6.524390
35674 46 0.000000 0.000000 0.000000 -15.731708 0.548781 3.231707
35679 46 0.000000 0.000000 0.000000 -18.048780 -1.097561 -1.463415
35684 46 0.000000 0.000000 0.000000 -21.707317 -2.317073 -3.597561
35689 47 0.000000 0.000000 0.000000 -25.548780 -2.134146 -2.195122
35694 47 0.000000 0.000000 0.000000 -28.170732 -2.743902 0.060976
35699 47 0.000000 0.000000 0.000000 -28.902439 -3.414634 0.487805
35704 47 0.000000 0.000000 0.000000 -27.012196 -2.621951 3.353659
35709 47 -10.000000 0.000000 0.000000 -24.756098 -2.865854 6.158537
35714 47 -20.000000 0.000000 0.000000 -22.682928 -2.195122 7.073171
35719 47 -30.000000 0.000000 0.000000 -18.963415 -1.829268 5.426829
35724 47 -30.000000 0.000000 0.000000 -15.609756 -1.402439 1.768293
35729 46 -40.000000 0.000000 0.000000 -13.658537 -1.768293 -2.256098
35734 46 -40.000000 0.000000 0.000000 -9.390244 -1.219512 -2.256098
35739 47 -50.000000 0.000000 0.000000 -4.268293 0.304878 -3.902439
35744 47 -50.000000 0.000000 0.000000 -0.609756 0.426829 -5.609756
35749 46 -50.000000 0.000000 0.000000 0.487805 0.487805 -7.621952
35754 47 -50.000000 0.000000 0.000000 -1.463415 0.731707 -8.292683
35759 47 -60.000000 0.000000 0.000000 -3.658537 1.890244 -5.243903
35764 47 -60.000000 0.000000 0.000000 -7.682927 2.317073 -3.292683
35769 47 -60.000000 0.000000 0.000000 -12.012196 0.853659 -0.975610
35774 47 -70.000000 0.000000 0.000000 -15.487805 -0.792683 0.670732
35779 46 -70.000000 0.000000 0.000000 -20.182928 -1.890244 2.378049
35784 46 -70.000000 0.000000 0.000000 -28.719513 -3.048780 3.719512
35789 47 -80.000000 0.000000 0.000000 -41.463417 -5.000000 1.219512
35794 47 -80.000000 0.000000 0.000000 -52.682926 -5.853659 1.280488
35799 47 -90.000000 0.000000 0.000000 -61.463417 -6.341464 3.109756
35804 47 -90.000000 0.000000 0.000000 -67.926834 -6.402439 5.060976
35809 47 -90.000000 0.000000 0.000000 -73.536591 -6.219512 7.195122
35814 46 -100.000000 0.000000 0.000000 -81.280487 -5.365854 8.475610
35819 46 -100.000000 0.000000 0.000000 -88.475609 -1.585366 8.841464
35824 46 -100.000000 0.000000 0.000000 -92.378052 -0.304878 4.085366
35829 47 -110.000000 0.000000 0.000000 -92.256104 -0.426829 1.768293
35834 46 -110.000000 0.000000 0.000000 -90.365852 0.121951 2.743902
35839 46 -120.000000 0.000000 0.000000 -88.597565 0.853659 3.109756
35844 46 -120.000000 0.000000 0.000000 -87.256096 0.243902 1.463415
35849 47 -120.000000 0.000000 0.000000 -82.560974 -1.829268 -0.731707
35854 47 -130.000000 0.000000 0.000000 -76.402443 -2.317073 -1.951220
35859 46 -130.000000 0.000000 0.000000 -71.768295 0.000000 -1.097561
35864 46 -130.000000 0.000000 0.000000 -66.951218 0.243902 -2.195122
35869 46 -140.000000 0.000000 0.000000 -64.817078 -1.036585 -7.073171
35874 46 -160.000000 0.000000 0.000000 -64.268295 -0.914634 -7.926829
35879 47 -170.000000 0.000000 0.000000 -61.768295 -0.182927 0.609756
35884 47 -170.000000 0.000000 0.000000 -56.341465 -1.036585 10.121951
35889 47 -180.000000 0.000000 0.000000 -53.536587 -4.268293 6.707317
35894 47 -200.000000 0.000000 0.000000 -53.963417 -6.036585 -0.487805
35899 47 -210.000000 0.000000 0.000000 -56.707317 -5.243903 -5.426829
35904 47 -210.000000 0.000000 0.000000 -61.890244 -2.073171 -7.012195
35909 47 -220.000000 0.000000 0.000000 -68.536591 2.134146 -5.975610
35914 46 -230.000000 0.000000 0.000000 -74.207321 3.048780 -7.987805
35919 46 -230.000000 0.000000 0.000000 -79.451218 1.585366 -4.146341
35924 46 -230.000000 0.000000 0.000000 -86.646347 -1.280488 5.914634
35929 46 -240.000000 0.000000 0.000000 -92.804878 -5.426829 16.097561
35934 46 -240.000000 0.000000 0.000000 -99.634148 -10.060976 19.146341
35939 47 -240.000000 0.000000 0.000000 -114.268295 -12.256098 17.621952
35944 47 -240.000000 0.000000 0.000000 -130.365860 -12.134147 17.621952
35949 47 -240.000000 0.000000 0.000000 -144.512192 -13.231708 13.902439
35954 47 -240.000000 0.000000 0.000000 -158.414642 -10.121951 11.036586
35959 47 -240.000000 0.000000 0.000000 -168.841461 -4.634146 8.597561
35964 47 -240.000000 0.000000 0.000000 -176.829269 -3.353659 3.963415
35969 46 -240.000000 0.000000 0.000000 -184.451218 -5.000000 -1.585366
35974 47 -240.000000 0.000000 0.000000 -190.548782 -4.085366 -6.280488
35979 46 -240.000000 0.000000 0.000000 -191.585373 -1.402439 -9.146341
35984 46 -240.000000 0.000000 0.000000 -185.853668 0.304878 -7.012195
35989 46 -240.000000 0.000000 0.000000 -179.207321 0.182927 -2.134146
35994 47 -240.000000 0.000000 0.000000 -171.768295 -1.768293 1.890244
35999 47 -240.000000 0.000000 0.000000 -163.536591 -3.963415 7.195122
36004 47 -240.000000 0.000000 0.000000 -154.451218 -5.243903 13.963415
36009 47 -240.000000 0.000000 0.000000 -144.634155 -5.853659 14.207317
36014 47 -240.000000 0.000000 0.000000 -132.378052 -5.243903 6.158537
36019 46 -240.000000 0.000000 0.000000 -116.829269 -3.963415 -1.768293
36024 46 -240.000000 0.000000 0.000000 -97.743904 -2.378049 -4.207317
36029 46 -240.000000 0.000000 0.000000 -77.012199 -0.670732 -5.304878
36034 47 -240.000000 0.000000 0.000000 -59.024391 1.280488 -5.670732
36039 46 -250.000000 0.000000 0.000000 -44.390244 1.341463 -4.390244
36044 46 -250.000000 0.000000 0.000000 -30.792685 -1.463415 1.646341
36049 46 -250.000000 0.000000 0.000000 -17.621952 -1.951220 6.463415
36054 46 -250.000000 0.000000 0.000000 -7.560976 -2.804878 4.573171
36059 47 -260.000000 0.000000 0.000000 -1.463415 -7.134147 1.524390
36064 47 -260.000000 0.000000 0.000000 1.341463 -9.512196 -1.402439
36069 47 -260.000000 0.000000 0.000000 0.731707 -5.670732 -3.963415
36074 47 -260.000000 0.000000 0.000000 -2.804878 -1.402439 -3.109756
36079 46 -260.000000 0.000000 0.000000 -6.219512 -0.304878 0.182927
36084 46 -260.000000 0.000000 0.000000 -10.975610 -2.560976 3.841464
36089 46 -260.000000 0.000000 0.000000 -16.524391 -6.646342 7.500000
36094 46 -260.000000 0.000000 0.000000 -24.695122 -10.609756 11.280488
36099 47 -260.000000 0.000000 0.000000 -33.963417 -13.353659 17.012196
36104 47 -260.000000 0.000000 0.000000 -42.926830 -15.548780 22.500000
36109 47 -260.000000 0.000000 0.000000 -50.426830 -16.097561 23.353659
36114 46 -260.000000 0.000000 0.000000 -59.329269 -15.426829 19.756098
36119 46 -260.000000 0.000000 0.000000 -70.914635 -13.170732 14.207317
36124 46 -260.000000 0.000000 0.000000 -84.695122 -7.987805 7.195122
36129 47 -250.000000 0.000000 0.000000 -98.719513 -1.097561 1.402439
36134 47 -250.000000 0.000000 0.000000 -111.768295 4.207317 -2.073171
36139 46 -250.000000 0.000000 0.000000 -123.353661 7.012195 -3.536585
36144 46 -250.000000 0.000000 0.000000 -132.195129 7.560976 -3.841464
36149 46 -250.000000 0.000000 0.000000 -137.865860 6.402439 -5.548780
36154 47 -240.000000 0.000000 0.000000 -140.548782 5.365854 -7.012195
36159 46 -240.000000 0.000000 0.000000 -139.817078 3.780488 -3.536585
36164 46 -240.000000 0.000000 0.000000 -138.292679 2.012195 0.487805
36169 47 -230.000000 0.000000 0.000000 -136.646347 -0.243902 0.060976
36174 47 -230.000000 0.000000 0.000000 -132.500000 -1.402439 -2.012195
36179 46 -230.000000 0.000000 0.000000 -125.914635 -2.134146 -0.487805
36184 46 -230.000000 0.000000 0.000000 -116.890244 -2.012195 4.024390
36189 47 -230.000000 0.000000 0.000000 -104.939026 0.365854 8.048780
36194 46 -230.000000 0.000000 0.000000 -88.658539 2.865854 9.207317
36199 47 -230.000000 0.000000 0.000000 -71.707321 2.317073 11.646341
36204 47 -230.000000 0.000000 0.000000 -60.487804 1.097561 12.987805
36209 47 -240.000000 0.000000 0.000000 -44.268295 0.365854 12.439025
36214 46 -260.000000 0.000000 0.000000 -29.207317 1.097561 12.439025
36219 46 -280.000000 0.000000 0.000000 -18.658537 1.951220 14.451220
36224 46 -280.000000 0.000000 0.000000 -10.182927 1.768293 16.219513
36229 46 -300.000000 0.000000 0.000000 -1.341463 1.707317 18.109756
36234 47 -310.000000 0.000000 0.000000 4.329268 1.158537 19.329269
36239 47 -330.000000 0.000000 0.000000 6.463415 1.219512 18.475611
36244 47 -330.000000 0.000000 0.000000 5.182927 0.975610 18.170732
36249 46 -340.000000 0.000000 0.000000 -0.609756 0.853659 18.475611
36254 47 -350.000000 0.000000 0.000000 -8.048780 1.280488 19.207317
36259 46 -350.000000 0.000000 0.000000 -17.621952 0.182927 17.743902
36264 46 -350.000000 0.000000 0.000000 -29.756098 -0.426829 14.634147
36269 46 -350.000000 0.000000 0.000000 -45.243904 -1.158537 9.939025
36274 47 -350.000000 0.000000 0.000000 -65.731712 -2.682927 3.963415
36279 46 -340.000000 0.000000 0.000000 -89.024391 -3.353659 -0.792683
36284 46 -340.000000 0.000000 0.000000 -113.292686 -1.646341 -4.207317
36289 46 -340.000000 0.000000 0.000000 -136.829269 1.280488 -8.658537
36294 46 -330.000000 0.000000 0.000000 -155.975616 2.804878 -11.829268
36299 46 -310.000000 0.000000 0.000000 -173.109756 3.963415 -13.841464
36304 46 -310.000000 0.000000 0.000000 -189.756104 5.426829 -15.975610
36309 47 -280.000000 0.000000 0.000000 -206.707321 5.304878 -16.524391
36314 46 -240.000000 0.000000 0.000000 -221.890244 5.304878 -11.585366
36319 46 -200.000000 0.000000 0.000000 -229.878052 7.317073 -8.353659
36324 46 -200.000000 0.000000 0.000000 -230.731720 9.451220 -7.682927
36329 46 -150.000000 0.000000 0.000000 -222.987808 9.817074 -7.743903
36334 47 -80.000000 0.000000 0.000000 -205.609756 7.743903 -7.926829
36339 46 -10.000000 0.000000 0.000000 -182.012192 4.695122 -8.658537
36344 46 -10.000000 0.000000 0.000000 -153.353668 3.780488 -5.060976
36349 47 0.000000 0.000000 0.000000 -119.329269 5.670732 4.878049
36354 47 0.000000 0.000000 0.000000 -78.597565 8.414635 13.109756
36359 47 0.000000 0.000000 0.000000 -31.524391 9.085366 14.634147
36364 47 0.000000 0.000000 0.000000 17.378050 7.865854 10.243902
36369 46 0.000000 0.000000 0.000000 66.951218 3.231707 5.914634
36374 47 0.000000 0.000000 0.000000 114.817078 -4.146341 2.378049
36379 47 0.000000 0.000000 0.000000 158.536591 -12.743903 0.914634
36384 47 0.000000 0.000000 0.000000 196.036591 -20.426830 3.475610
36389 46 0.000000 0.000000 0.000000 230.304886 -24.878050 8.841464
36394 47 0.000000 0.000000 0.000000 263.719513 -27.743902 13.902439
36399 47 0.000000 0.000000 0.000000 289.878052 -30.243902 16.219513
36404 46 0.000000 0.000000 0.000000 307.621948 -28.658537 15.670732
36409 47 0.000000 0.000000 0.000000 315.914642 -24.268293 12.804878
36414 46 0.000000 0.000000 0.000000 315.914642 -18.719513 6.829268
36419 46 0.000000 0.000000 0.000000 310.304871 -13.963415 1.646341
36424 46 0.000000 0.000000 0.000000 301.097565 -12.926829 -0.914634
36429 46 0.000000 0.000000 0.000000 286.768311 -12.987805 -2.073171
36434 47 0.000000 0.000000 0.000000 268.475616 -11.402439 -4.329268
36439 47 0.000000 0.000000 0.000000 244.390244 -9.024390 -7.012195
36444 47 0.000000 0.000000 0.000000 214.451218 -6.097561 -6.707317
36449 46 0.000000 0.000000 0.000000 181.524399 -4.756098 -4.268293
36454 46 0.000000 0.000000 0.000000 148.292679 -2.256098 -3.292683
36459 46 0.000000 0.000000 0.000000 113.841469 0.548781 -3.109756
36464 47 0.000000 0.000000 0.000000 76.951218 2.621951 -4.268293
36469 46 0.000000 0.000000 0.000000 40.304878 2.926829 -8.902439
36474 46 0.000000 0.000000 0.000000 8.719512 3.902439 -15.426829
36479 46 0.000000 0.000000 0.000000 -16.890244 7.439024 -13.353659
36484 47 0.000000 0.000000 0.000000 -35.000000 7.987805 -4.390244
36489 46 0.000000 0.000000 0.000000 -44.756100 1.097561 2.317073
36494 47 0.000000 0.000000 0.000000 -48.475613 -10.914635 7.317073
36499 47 0.000000 0.000000 0.000000 -48.292683 -23.109756 16.951220
36504 47 0.000000 0.000000 0.000000 -45.365856 -30.121952 20.548780
36509 46 0.000000 0.000000 0.000000 -40.731709 -30.487806 14.329268
36514 46 0.000000 0.000000 0.000000 -33.536587 -26.890245 6.402439
36519 46 0.000000 0.000000 0.000000 -22.926830 -21.829269 4.451220
36524 47 0.000000 0.000000 0.000000 -10.182927 -15.731708 4.695122
36529 46 0.000000 0.000000 0.000000 4.634146 -10.182927 1.097561
36534 46 0.000000 0.000000 0.000000 22.073172 -6.768293 -1.890244
36539 46 0.000000 0.000000 0.000000 38.414635 -7.073171 -0.365854
36544 46 0.000000 0.000000 0.000000 49.329269 -8.414635 2.500000
36549 46 0.000000 0.000000 0.000000 54.756100 -10.487805 4.146341
36554 47 0.000000 0.000000 0.000000 57.439026 -9.756098 7.134147
36559 47 0.000000 0.000000 0.000000 61.585369 -6.219512 8.719512
36564 46 0.000000 0.000000 0.000000 66.219513 -3.231707 5.060976
36569 46 0.000000 0.000000 0.000000 68.963417 1.341463 0.304878
36574 47 0.000000 0.000000 0.000000 71.097565 7.134147 -1.402439
36579 47 0.000000 0.000000 0.000000 76.097565 10.304878 -2.378049
36584 47 0.000000 0.000000 0.000000 84.878052 12.682927 -2.012195
36589 46 0.000000 0.000000 0.000000 95.548782 14.024390 -4.207317
36594 46 0.000000 0.000000 0.000000 102.560982 14.146341 -6.646342
36599 46 0.000000 0.000000 0.000000 106.036591 14.695123 -6.646342
36604 46 0.000000 0.000000 0.000000 107.804878 14.939025 -6.585366
36609 47 0.000000 0.000000 0.000000 107.134148 13.048780 -7.560976
36614 47 0.000000 0.000000 0.000000 105.365852 8.231708 -6.463415
36619 47 0.000000 0.000000 0.000000 100.609756 3.231707 -5.000000
36624 47 0.000000 0.000000 0.000000 92.682930 1.951220 -2.073171
36629 46 0.000000 0.000000 0.000000 83.902443 1.829268 -0.487805
36634 46 0.000000 0.000000 0.000000 75.792686 -0.731707 -0.182927
36639 47 0.000000 0.000000 0.000000 65.975609 -3.048780 -1.097561
36644 46 0.000000 0.000000 0.000000 52.256100 -3.597561 -0.182927
36649 47 0.000000 0.000000 0.000000 39.634148 -3.902439 1.707317
36654 47 0.000000 0.000000 0.000000 30.609756 -3.963415 1.097561
36659 47 0.000000 0.000000 0.000000 22.926830 -3.414634 -1.341463
36664 46 0.000000 0.000000 0.000000 16.707317 -1.951220 0.609756
36669 47 0.000000 0.000000 0.000000 12.682927 -2.317073 4.512195
36674 47 0.000000 0.000000 0.000000 11.402439 -3.841464 6.646342
36679 47 0.000000 0.000000 0.000000 12.926829 -6.280488 5.304878
36684 47 0.000000 0.000000 0.000000 17.012196 -6.585366 3.719512
36689 46 0.000000 0.000000 0.000000 21.463415 -2.621951 4.451220
36694 46 0.000000 0.000000 0.000000 22.317074 1.707317 2.500000
36699 47 0.000000 0.000000 0.000000 21.280489 5.121951 -1.585366
36704 46 0.000000 0.000000 0.000000 21.158537 7.621952 -4.878049
36709 46 0.000000 0.000000 0.000000 20.975611 8.963415 -8.902439
36714 46 0.000000 0.000000 0.000000 22.439024 8.475610 -10.000000
36719 47 0.000000 0.000000 0.000000 26.463415 7.073171 -6.158537
36724 47 0.000000 0.000000 0.000000 29.512196 6.646342 -0.731707
36729 47 0.000000 0.000000 0.000000 30.365854 6.951220 2.195122
36734 47 0.000000 0.000000 0.000000 31.829269 6.646342 4.207317
36739 46 0.000000 0.000000 0.000000 34.146343 5.304878 5.304878
36744 47 0.000000 0.000000 0.000000 38.536587 4.268293 3.597561
36749 47 0.000000 0.000000 0.000000 40.853661 3.475610 0.304878
36754 47 0.000000 0.000000 0.000000 45.182926 4.695122 0.121951
36759 47 0.000000 0.000000 0.000000 50.975613 5.609756 0.426829
36764 47 0.000000 0.000000 0.000000 54.390244 6.646342 -1.768293
36769 46 0.000000 0.000000 0.000000 56.097561 9.573171 -3.353659
36774 46 0.000000 0.000000 0.000000 57.256100 8.658537 -0.853659
36779 46 0.000000 0.000000 0.000000 57.012196 3.902439 -2.560976
36784 46 0.000000 0.000000 0.000000 53.719513 1.768293 -8.719512
36789 47 0.000000 0.000000 0.000000 51.768295 1.036585 -5.609756
36794 47 0.000000 0.000000 0.000000 48.719513 -1.341463 -1.219512
36799 47 0.000000 0.000000 0.000000 45.670734 -4.085366 -0.548781
36804 47 0.000000 0.000000 0.000000 44.085365 -6.402439 0.548781
36809 47 0.000000 0.000000 0.000000 42.804878 -7.195122 5.000000
36814 47 0.000000 0.000000 0.000000 40.914635 -7.195122 8.841464
36819 46 0.000000 0.000000 0.000000 38.841465 -6.280488 8.475610
36824 47 0.000000 0.000000 0.000000 36.707317 -5.243903 9.207317
36829 46 0.000000 0.000000 0.000000 33.597561 -4.024390 10.792684
36834 46 0.000000 0.000000 0.000000 30.365854 -1.951220 12.317074
36839 46 0.000000 0.000000 0.000000 27.378050 -0.670732 11.402439
36844 46 0.000000 0.000000 0.000000 23.475611 1.646341 7.195122
36849 46 0.000000 0.000000 0.000000 20.365854 3.841464 3.963415
36854 46 0.000000 0.000000 0.000000 18.902439 5.182927 4.878049
36859 47 0.000000 0.000000 0.000000 17.317074 6.158537 5.121951
36864 47 0.000000 0.000000 0.000000 15.060976 5.487805 3.109756
36869 47 0.000000 0.000000 0.000000 11.524390 2.865854 -0.731707
36874 47 0.000000 0.000000 0.000000 8.719512 0.182927 -4.512195
36879 46 0.000000 0.000000 0.000000 5.548780 -0.060976 -7.073171
36884 46 0.000000 0.000000 0.000000 3.963415 2.317073 -5.792683
36889 47 0.000000 0.000000 0.000000 2.439024 4.390244 -6.036585
36894 47 0.000000 0.000000 0.000000 0.000000 5.060976 -9.573171
36899 46 0.000000 0.000000 0.000000 -3.475610 5.548780 -10.731708
36904 46 0.000000 0.000000 0.000000 -6.646342 5.792683 -8.780488
36909 46 0.000000 0.000000 0.000000 -6.341464 5.182927 -6.463415
36914 46 0.000000 0.000000 0.000000 -1.097561 5.000000 -4.817073
36919 46 0.000000 0.000000 0.000000 5.060976 3.414634 -3.109756
36924 47 0.000000 0.000000 0.000000 11.036586 2.560976 0.000000
36929 46 0.000000 0.000000 0.000000 16.829269 2.743902 3.963415
36934 46 0.000000 0.000000 0.000000 21.402439 3.109756 6.036585
36939 46 0.000000 0.000000 0.000000 23.536587 3.170732 3.536585
36944 46 0.000000 0.000000 0.000000 21.890244 4.451220 0.853659
36949 46 0.000000 0.000000 0.000000 22.134148 4.939024 3.353659
36954 46 0.000000 0.000000 0.000000 23.414635 2.987805 2.743902
36959 47 0.000000 0.000000 0.000000 21.890244 2.378049 -2.134146
36964 47 0.000000 0.000000 0.000000 17.378050 3.231707 -5.548780
36969 46 0.000000 0.000000 0.000000 15.487805 3.292683 -4.634146
36974 46 0.000000 0.000000 0.000000 16.219513 2.743902 -1.280488
36979 47 0.000000 0.000000 0.000000 17.926830 1.585366 2.134146
36984 46 0.000000 0.000000 0.000000 18.902439 -0.548781 -0.792683
36989 47 0.000000 0.000000 0.000000 18.048780 -0.060976 -4.390244
36994 47 0.000000 0.000000 0.000000 17.012196 0.609756 -2.926829
36999 46 0.000000 0.000000 0.000000 17.865854 -0.243902 0.670732
37004 46 0.000000 0.000000 0.000000 19.573172 -0.731707 1.402439
37009 46 0.000000 0.000000 0.000000 22.743902 -0.731707 2.926829
37014 46 0.000000 0.000000 0.000000 23.292683 -1.158537 4.573171
37019 46 0.000000 0.000000 0.000000 22.134148 -1.341463 7.743903
37024 47 0.000000 0.000000 0.000000 18.841463 -1.890244 8.475610
37029 46 0.000000 0.000000 0.000000 12.256098 -0.792683 4.634146
37034 46 0.000000 0.000000 0.000000 5.243903 0.304878 1.280488
37039 47 0.000000 0.000000 0.000000 -0.121951 1.890244 1.036585
37044 46 0.000000 0.000000 0.000000 -5.060976 2.378049 1.036585
37049 46 0.000000 0.000000 0.000000 -9.024390 1.585366 0.548781
37054 46 0.000000 0.000000 0.000000 -11.158537 0.000000 -0.853659
37059 46 0.000000 0.000000 0.000000 -11.341464 -1.158537 -1.097561
37064 46 0.000000 0.000000 0.000000 -8.597561 -2.682927 -2.134146
37069 46 0.000000 0.000000 0.000000 -3.292683 -2.621951 -1.280488
37074 46 0.000000 0.000000 0.000000 1.036585 -1.707317 2.256098
37079 46 0.000000 0.000000 0.000000 4.573171 -2.012195 1.768293
37084 46 0.000000 0.000000 0.000000 6.646342 -2.378049 -2.621951
37089 46 0.000000 0.000000 0.000000 7.256098 -0.853659 -5.670732
37094 46 0.000000 0.000000 0.000000 7.621952 1.951220 -4.329268
37099 46 0.000000 0.000000 0.000000 11.768293 4.939024 -0.914634
37104 46 0.000000 0.000000 0.000000 15.365854 3.048780 -3.536585
37109 46 0.000000 0.000000 0.000000 16.341463 2.378049 -7.317073
37114 46 0.000000 0.000000 0.000000 18.109756 2.743902 -5.548780
37119 47 0.000000 0.000000 0.000000 21.402439 3.292683 -2.560976
37124 47 0.000000 0.000000 0.000000 24.878050 2.621951 -2.682927
37129 46 0.000000 0.000000 0.000000 27.500000 3.414634 -2.560976
37134 46 0.000000 0.000000 0.000000 29.878050 5.426829 -2.865854
37139 46 0.000000 0.000000 0.000000 34.390244 6.158537 -3.353659
37144 47 0.000000 0.000000 0.000000 35.121952 5.487805 -4.207317
37149 47 0.000000 0.000000 0.000000 32.926830 3.170732 -2.987805
37154 47 0.000000 0.000000 0.000000 27.378050 0.000000 -1.585366
37159 46 0.000000 0.000000 0.000000 23.719513 -0.731707 2.682927
37164 47 0.000000 0.000000 0.000000 19.207317 -0.975610 4.085366
37169 46 0.000000 0.000000 0.000000 13.719513 -1.158537 3.536585
37174 46 0.000000 0.000000 0.000000 9.451220 -1.402439 3.658537
37179 47 0.000000 0.000000 0.000000 5.182927 -2.987805 3.414634
37184 46 0.000000 0.000000 0.000000 2.378049 -3.963415 4.573171
37189 47 0.000000 0.000000 0.000000 0.670732 -3.414634 3.841464
37194 47 0.000000 0.000000 0.000000 0.975610 -2.439024 3.231707
37199 46 0.000000 0.000000 0.000000 2.317073 -2.317073 3.048780
37204 46 0.000000 0.000000 0.000000 4.939024 -2.317073 0.670732
37209 46 0.000000 0.000000 0.000000 5.487805 -1.890244 -3.536585
37214 46 0.000000 0.000000 0.000000 1.768293 0.426829 -7.500000
37219 47 0.000000 0.000000 0.000000 -1.219512 2.682927 -9.024390
37224 46 0.000000 0.000000 0.000000 0.304878 4.512195 -5.487805
37229 47 0.000000 0.000000 0.000000 3.658537 5.060976 -2.500000
37234 47 0.000000 0.000000 0.000000 3.963415 3.841464 -2.926829
37239 47 0.000000 0.000000 0.000000 2.073171 3.048780 -3.780488
37244 47 0.000000 0.000000 0.000000 1.341463 2.317073 -2.378049
37249 47 0.000000 0.000000 0.000000 1.524390 1.097561 0.548781
37254 47 0.000000 0.000000 0.000000 0.426829 0.914634 2.256098
37259 47 0.000000 0.000000 0.000000 1.097561 0.243902 4.146341
37264 47 0.000000 0.000000 0.000000 2.256098 -1.158537 5.487805
37269 47 0.000000 0.000000 0.000000 1.890244 -0.975610 3.963415
37274 47 0.000000 0.000000 0.000000 1.768293 -0.060976 0.060976
37279 47 0.000000 0.000000 0.000000 2.560976 2.073171 -3.109756
37284 47 0.000000 0.000000 0.000000 1.585366 2.378049 -6.768293
37289 47 0.000000 0.000000 0.000000 4.146341 4.085366 -7.865854
37294 47 0.000000 0.000000 0.000000 9.634147 3.841464 -3.780488
37299 47 0.000000 0.000000 0.000000 14.268293 0.670732 -0.121951
37304 47 0.000000 0.000000 0.000000 17.012196 -2.012195 0.426829
37309 47 0.000000 0.000000 0.000000 19.268293 -2.865854 0.121951
37314 47 0.000000 0.000000 0.000000 18.841463 -2.195122 -3.902439
37319 47 0.000000 0.000000 0.000000 16.402439 -0.243902 -5.304878
37324 47 0.000000 0.000000 0.000000 13.536586 1.158537 -4.390244
37329 47 0.000000 0.000000 0.000000 12.500000 0.670732 -2.012195
37334 47 0.000000 0.000000 0.000000 11.890244 -1.707317 1.768293
37339 47 0.000000 0.000000 0.000000 9.512196 -4.207317 0.792683
37344 47 0.000000 0.000000 0.000000 8.231708 -5.670732 0.000000
37349 47 0.000000 0.000000 0.000000 6.524390 -4.207317 0.426829
37354 47 0.000000 0.000000 0.000000 2.804878 -1.829268 -1.402439
37359 47 0.000000 0.000000 0.000000 1.463415 -2.012195 -2.987805
37364 47 0.000000 0.000000 0.000000 2.317073 -2.865854 -2.195122
37369 47 0.000000 0.000000 0.000000 2.317073 -1.951220 -1.036585
37374 47 0.000000 0.000000 0.000000 0.060976 -3.048780 -1.341463
37379 47 0.000000 0.000000 0.000000 0.000000 -3.414634 0.914634
37384 47 0.000000 0.000000 0.000000 1.768293 -2.439024 1.829268
37389 47 0.000000 0.000000 0.000000 2.378049 -1.402439 1.402439
37394 47 0.000000 0.000000 0.000000 1.951220 -0.304878 2.682927
37399 47 0.000000 0.000000 0.000000 1.707317 -0.548781 3.292683
37404 47 0.000000 0.000000 0.000000 -0.365854 -1.707317 -1.463415
37409 47 0.000000 0.000000 0.000000 -2.682927 -0.121951 -4.573171
37414 47 0.000000 0.000000 0.000000 -3.536585 2.560976 -6.524390
37419 47 0.000000 0.000000 0.000000 -1.341463 4.390244 -4.817073
37424 47 0.000000 0.000000 0.000000 1.768293 2.012195 -2.987805
37429 47 0.000000 0.000000 0.000000 2.987805 -1.158537 -6.463415
37434 47 0.000000 0.000000 0.000000 0.914634 -2.804878 -9.878049
37439 47 0.000000 0.000000 0.000000 0.670732 -4.085366 -5.731708
37444 47 0.000000 0.000000 0.000000 2.743902 -4.268293 0.975610
37449 47 0.000000 0.000000 0.000000 6.219512 -5.365854 4.634146
37454 47 0.000000 0.000000 0.000000 8.597561 -7.560976 6.219512
37459 47 0.000000 0.000000 0.000000 10.304878 -8.841464 9.634147
37464 47 0.000000 0.000000 0.000000 12.012196 -10.792684 12.804878
37469 47 0.000000 0.000000 0.000000 11.585366 -12.378049 14.451220
37474 47 0.000000 0.000000 0.000000 8.658537 -10.731708 9.878049
37479 47 0.000000 0.000000 0.000000 5.182927 -7.560976 7.195122
37484 47 0.000000 0.000000 0.000000 1.524390 -6.097561 8.048780
37489 47 0.000000 0.000000 0.000000 0.182927 -5.243903 8.231708
37494 47 0.000000 0.000000 0.000000 0.121951 -3.658537 5.853659
37499 47 0.000000 0.000000 0.000000 0.548781 -2.865854 2.012195
37504 47 0.000000 0.000000 0.000000 1.097561 -0.243902 -0.060976
37509 47 0.000000 0.000000 0.000000 4.146341 2.926829 -0.792683
37514 47 0.000000 0.000000 0.000000 7.073171 4.390244 -4.756098
37519 47 0.000000 0.000000 0.000000 8.109756 4.573171 -8.597561
37524 47 0.000000 0.000000 0.000000 8.597561 4.512195 -7.439024
37529 47 0.000000 0.000000 0.000000 11.402439 2.987805 -3.292683
37534 46 0.000000 0.000000 0.000000 15.426829 0.243902 -1.402439
37539 47 0.000000 0.000000 0.000000 19.024391 -3.048780 0.182927
37544 47 0.000000 0.000000 0.000000 21.219513 -5.914634 1.463415
37549 47 0.000000 0.000000 0.000000 22.682928 -7.195122 5.609756
37554 47 0.000000 0.000000 0.000000 23.841463 -6.768293 10.792684
37559 47 0.000000 0.000000 0.000000 24.207317 -6.585366 11.280488
37564 47 0.000000 0.000000 0.000000 19.634148 -6.463415 5.731708
37569 47 0.000000 0.000000 0.000000 12.134147 -5.000000 0.975610
37574 47 0.000000 0.000000 0.000000 6.951220 -4.573171 -1.402439
37579 46 0.000000 0.000000 0.000000 4.878049 -4.268293 -5.060976
37584 46 0.000000 0.000000 0.000000 5.548780 -2.926829 -7.500000
37589 47 0.000000 0.000000 0.000000 6.890244 -2.743902 -6.829268
37594 47 0.000000 0.000000 0.000000 6.219512 -6.097561 -6.524390
37599 47 0.000000 0.000000 0.000000 5.121951 -8.231708 -5.853659
37604 47 0.000000 0.000000 0.000000 7.378049 -8.231708 -5.365854
37609 46 0.000000 0.000000 0.000000 11.036586 -8.719512 -5.243903
37614 47 0.000000 0.000000 0.000000 12.987805 -7.500000 -2.926829
37619 47 0.000000 0.000000 0.000000 12.317074 -6.036585 1.280488
37624 47 0.000000 0.000000 0.000000 8.048780 -6.036585 5.000000
37629 47 0.000000 0.000000 0.000000 3.292683 -8.902439 4.756098
37634 46 0.000000 0.000000 0.000000 -0.609756 -12.560976 2.378049
37639 47 0.000000 0.000000 0.000000 -3.719512 -15.060976 1.463415
37644 47 0.000000 0.000000 0.000000 -7.560976 -17.743902 1.280488
37649 47 0.000000 0.000000 0.000000 -12.560976 -23.414635 0.121951
37654 47 0.000000 0.000000 0.000000 -16.402439 -31.341465 -3.170732
37659 46 0.000000 0.000000 0.000000 -15.487805 -35.670734 -5.243903
37664 46 0.000000 0.000000 0.000000 -9.756098 -35.914635 -5.000000
37669 47 0.000000 0.000000 0.000000 -2.500000 -33.170731 -3.353659
37674 47 0.000000 0.000000 0.000000 3.170732 -28.658537 -1.890244
37679 47 0.000000 0.000000 0.000000 5.487805 -24.329269 -4.817073
37684 47 0.000000 0.000000 0.000000 6.585366 -20.914635 -7.012195
37689 47 0.000000 0.000000 0.000000 4.085366 -17.926830 -10.365854
37694 47 0.000000 0.000000 0.000000 -0.304878 -15.487805 -12.926829
37699 47 0.000000 0.000000 0.000000 -1.463415 -13.475610 -12.560976
37704 47 0.000000 0.000000 0.000000 -0.121951 -10.182927 -12.073171
37709 47 0.000000 0.000000 0.000000 3.048780 -5.548780 -12.682927
37714 47 0.000000 0.000000 0.000000 3.292683 -2.560976 -13.170732
37719 47 0.000000 0.000000 0.000000 2.073171 -4.573171 -9.817074
37724 47 0.000000 0.000000 0.000000 4.146341 -6.707317 -5.182927
37729 47 0.000000 0.000000 0.000000 8.048780 -6.280488 -0.243902
37734 47 0.000000 0.000000 0.000000 12.012196 -5.548780 2.560976
37739 47 0.000000 0.000000 0.000000 16.280489 -5.975610 4.268293
37744 47 0.000000 0.000000 0.000000 17.560976 -8.414635 0.548781
37749 47 0.000000 0.000000 0.000000 17.378050 -10.792684 -2.804878
37754 47 0.000000 0.000000 0.000000 15.914635 -11.951220 -1.341463
37759 47 0.000000 0.000000 0.000000 15.243903 -12.865854 0.121951
37764 47 0.000000 0.000000 0.000000 16.036585 -12.378049 -0.365854
37769 47 0.000000 0.000000 0.000000 14.207317 -10.365854 -0.731707
37774 47 0.000000 0.000000 0.000000 7.743903 -10.426829 -0.182927
37779 47 0.000000 0.000000 0.000000 0.182927 -11.280488 -0.487805
37784 47 0.000000 0.000000 0.000000 -7.865854 -11.463415 -3.353659
37789 47 0.000000 0.000000 0.000000 -14.085366 -12.012196 -7.621952
37794 47 0.000000 0.000000 0.000000 -13.902439 -11.707317 -11.402439
37799 47 0.000000 0.000000 0.000000 -10.975610 -12.134147 -14.756098
37804 47 0.000000 0.000000 0.000000 -8.719512 -17.865854 -19.451220
37809 46 0.000000 0.000000 0.000000 -5.060976 -29.268293 -19.817074
37814 47 0.000000 0.000000 0.000000 0.731707 -42.560978 -15.853659
37819 47 0.000000 0.000000 0.000000 5.731708 -51.219513 -15.548780
37824 47 0.000000 0.000000 0.000000 10.975610 -53.597561 -17.012196
37829 47 0.000000 0.000000 0.000000 17.378050 -52.439026 -16.097561
37834 47 0.000000 0.000000 0.000000 23.780489 -49.329269 -10.060976
37839 47 0.000000 0.000000 0.000000 28.719513 -44.146343 -2.378049
37844 47 0.000000 0.000000 0.000000 27.134148 -43.231709 2.134146
37849 47 0.000000 0.000000 0.000000 23.109756 -43.109756 3.658537
37854 47 0.000000 0.000000 0.000000 16.280489 -42.560978 1.524390
37859 47 0.000000 0.000000 0.000000 9.207317 -38.353661 2.012195
37864 47 0.000000 0.000000 0.000000 5.060976 -31.646341 3.780488
37869 47 0.000000 0.000000 0.000000 0.731707 -25.121952 3.597561
37874 47 0.000000 0.000000 0.000000 -5.914634 -20.365854 0.243902
37879 47 0.000000 0.000000 0.000000 -10.243902 -16.402439 -2.134146
37884 47 0.000000 0.000000 0.000000 -13.048780 -13.658537 -3.292683
37889 47 0.000000 0.000000 0.000000 -16.402439 -11.280488 -1.768293
37894 47 0.000000 0.000000 0.000000 -17.378050 -10.000000 1.097561
37899 47 0.000000 0.000000 0.000000 -16.890244 -11.158537 2.926829
37904 47 0.000000 0.000000 0.000000 -18.353659 -11.280488 3.597561
37909 47 0.000000 0.000000 0.000000 -20.000000 -11.524390 -0.792683
37914 47 0.000000 0.000000 0.000000 -20.243902 -11.890244 -3.475610
37919 47 0.000000 0.000000 0.000000 -18.353659 -10.792684 -0.914634
37924 47 0.000000 0.000000 0.000000 -13.475610 -8.231708 -1.768293
37929 47 0.000000 0.000000 0.000000 -7.926829 -6.036585 -3.231707
37934 47 0.000000 0.000000 0.000000 -1.097561 -5.609756 -1.585366
37939 47 0.000000 0.000000 0.000000 4.329268 -8.536586 -0.182927
37944 47 0.000000 0.000000 0.000000 9.390244 -16.097561 -0.548781
37949 47 0.000000 0.000000 0.000000 14.695123 -24.146341 0.426829
37954 47 0.000000 0.000000 0.000000 19.268293 -29.207317 7.682927
37959 47 0.000000 0.000000 0.000000 23.414635 -31.402439 16.097561
37964 47 0.000000 0.000000 0.000000 26.890245 -33.414635 17.804878
37969 47 0.000000 0.000000 0.000000 29.207317 -32.439026 16.707317
37974 47 0.000000 0.000000 0.000000 27.865854 -30.914635 15.243903
37979 47 0.000000 0.000000 0.000000 23.353659 -27.073172 15.243903
37984 47 0.000000 0.000000 0.000000 16.829269 -20.609756 16.524391
37989 47 0.000000 0.000000 0.000000 11.707317 -12.621951 15.487805
37994 47 0.000000 0.000000 0.000000 9.573171 -5.487805 12.378049
37999 47 0.000000 0.000000 0.000000 11.585366 0.304878 13.902439
38004 47 0.000000 0.000000 0.000000 11.219512 3.292683 14.939025
38009 47 0.000000 0.000000 0.000000 7.073171 3.902439 10.548780
38014 47 0.000000 0.000000 0.000000 -1.646341 4.695122 2.439024
38019 47 0.000000 0.000000 0.000000 -12.134147 8.170732 -3.719512
38024 47 0.000000 0.000000 0.000000 -21.036587 13.170732 -5.792683
38029 47 0.000000 0.000000 0.000000 -24.329269 16.463415 -4.329268
38034 47 0.000000 0.000000 0.000000 -24.024391 19.024391 -3.658537
38039 47 0.000000 0.000000 0.000000 -25.792683 21.646341 -4.756098
38044 47 0.000000 0.000000 0.000000 -30.731709 21.890244 -5.792683
38049 47 0.000000 0.000000 0.000000 -35.121952 19.695122 -4.939024
38054 47 0.000000 0.000000 0.000000 -38.902439 16.707317 -5.243903
38059 47 0.000000 0.000000 0.000000 -39.512196 14.329268 -3.353659
38064 47 0.000000 0.000000 0.000000 -37.134148 11.219512 -3.414634
38069 47 0.000000 0.000000 0.000000 -33.353661 8.109756 -3.048780
38074 47 0.000000 0.000000 0.000000 -31.097561 3.963415 1.158537
38079 47 0.000000 0.000000 0.000000 -27.195122 -0.304878 8.414635
38084 47 0.000000 0.000000 0.000000 -20.182928 -4.939024 14.024390
38089 47 0.000000 0.000000 0.000000 -10.365854 -7.317073 15.121951
38094 47 0.000000 0.000000 0.000000 -1.402439 -7.378049 14.512196
38099 47 0.000000 0.000000 0.000000 7.134147 -5.060976 15.975610
38104 47 0.000000 0.000000 0.000000 15.731708 -3.109756 14.878049
38109 47 0.000000 0.000000 0.000000 23.597561 -1.524390 10.121951
38114 47 0.000000 0.000000 0.000000 26.829269 0.609756 4.634146
38119 47 0.000000 0.000000 0.000000 25.670732 2.195122 1.341463
38124 47 0.000000 0.000000 0.000000 24.146341 4.146341 -3.719512
38129 47 0.000000 0.000000 0.000000 22.865854 6.585366 -5.853659
38134 47 0.000000 0.000000 0.000000 21.463415 9.390244 -4.451220
38139 47 0.000000 0.000000 0.000000 22.073172 9.939025 -1.707317
38144 47 0.000000 0.000000 0.000000 20.914635 7.804878 0.304878
38149 47 0.000000 0.000000 0.000000 16.036585 7.317073 1.402439
38154 47 0.000000 0.000000 0.000000 8.536586 7.560976 -3.109756
38159 47 0.000000 0.000000 0.000000 2.682927 7.865854 -7.073171
38164 47 0.000000 0.000000 0.000000 -2.134146 7.987805 -8.353659
38169 47 0.000000 0.000000 0.000000 -8.414635 9.451220 -7.378049
38174 46 0.000000 0.000000 0.000000 -12.682927 10.426829 -5.609756
38179 46 0.000000 0.000000 0.000000 -14.207317 7.256098 -6.219512
38184 46 0.000000 0.000000 0.000000 -14.939025 1.280488 -3.475610
38189 46 0.000000 0.000000 0.000000 -14.390244 -2.317073 1.341463
38194 47 0.000000 0.000000 0.000000 -12.682927 -2.682927 5.609756
38199 47 0.000000 0.000000 0.000000 -12.987805 -2.926829 7.012195
38204 47 0.000000 0.000000 0.000000 -16.158537 -3.475610 5.121951
38209 47 0.000000 0.000000 0.000000 -22.560976 -3.353659 4.512195
38214 47 0.000000 0.000000 0.000000 -28.414635 -0.792683 4.268293
38219 47 0.000000 0.000000 0.000000 -31.707317 -0.182927 3.475610
38224 47 0.000000 0.000000 0.000000 -31.402439 -1.524390 2.682927
38229 47 0.000000 0.000000 0.000000 -28.109756 -1.280488 2.195122
38234 47 0.000000 0.000000 0.000000 -22.926830 -1.341463 0.914634
38239 47 0.000000 0.000000 0.000000 -17.439024 -0.426829 3.170732
38244 47 0.000000 0.000000 0.000000 -14.146341 0.670732 4.390244
38249 47 0.000000 0.000000 0.000000 -9.024390 0.304878 3.231707
38254 47 0.000000 0.000000 0.000000 -4.512195 0.548781 0.060976
38259 47 0.000000 0.000000 0.000000 0.975610 1.951220 1.646341
38264 47 0.000000 0.000000 0.000000 8.231708 2.804878 2.621951
38269 46 0.000000 0.000000 0.000000 12.256098 3.841464 0.731707
38274 47 0.000000 0.000000 0.000000 12.195122 4.573171 -3.841464
38279 47 0.000000 0.000000 0.000000 14.573171 5.670732 -3.780488
38284 47 0.000000 0.000000 0.000000 17.621952 6.524390 -2.256098
38289 46 0.000000 0.000000 0.000000 19.024391 6.036585 -0.914634
38294 47 0.000000 0.000000 0.000000 18.658537 4.268293 -0.060976
38299 47 0.000000 0.000000 0.000000 17.317074 2.560976 -3.414634
38304 47 0.000000 0.000000 0.000000 13.536586 1.158537 -9.085366
38309 46 0.000000 0.000000 0.000000 7.439024 2.560976 -9.390244
38314 47 0.000000 0.000000 0.000000 1.646341 3.719512 -7.926829
38319 47 0.000000 0.000000 0.000000 -2.256098 2.682927 -7.682927
38324 47 0.000000 0.000000 0.000000 -5.609756 0.426829 -5.000000
38329 47 0.000000 0.000000 0.000000 -10.365854 -1.463415 -0.060976
38334 47 0.000000 0.000000 0.000000 -14.451220 -4.085366 5.548780
38339 47 0.000000 0.000000 0.000000 -17.134148 -5.487805 9.634147
38344 47 0.000000 0.000000 0.000000 -19.573172 -6.097561 9.451220
38349 46 0.000000 0.000000 0.000000 -21.036587 -5.731708 3.231707
38354 47 0.000000 0.000000 0.000000 -20.914635 -3.597561 -2.256098
38359 47 0.000000 0.000000 0.000000 -18.414635 -0.548781 -1.524390
38364 47 0.000000 0.000000 0.000000 -11.463415 0.182927 1.829268
38369 47 0.000000 0.000000 0.000000 -3.353659 -0.853659 0.548781
38374 47 0.000000 0.000000 0.000000 2.195122 -0.731707 -3.231707
38379 47 0.000000 0.000000 0.000000 3.780488 1.097561 -4.939024
38384 47 0.000000 0.000000 0.000000 8.109756 3.353659 -4.390244
38389 47 0.000000 0.000000 0.000000 11.219512 3.841464 -6.463415
38394 47 0.000000 0.000000 0.000000 11.463415 3.414634 -9.329268
38399 47 0.000000 0.000000 0.000000 9.146341 3.597561 -10.487805
38404 47 0.000000 0.000000 0.000000 8.536586 4.024390 -6.036585
38409 47 0.000000 0.000000 0.000000 9.207317 2.500000 -2.195122
38414 47 0.000000 0.000000 0.000000 8.658537 0.365854 -2.500000
38419 47 0.000000 0.000000 0.000000 5.243903 -0.609756 -4.756098
38424 47 0.000000 0.000000 0.000000 1.341463 0.000000 -5.975610
38429 47 0.000000 0.000000 0.000000 -1.341463 0.426829 -5.914634
38434 47 0.000000 0.000000 0.000000 -3.475610 -0.365854 -3.963415
38439 47 0.000000 0.000000 0.000000 -5.304878 -2.134146 -1.890244
38444 47 0.000000 0.000000 0.000000 -3.902439 -1.951220 0.914634
38449 47 0.000000 0.000000 0.000000 1.158537 -0.548781 7.073171
38454 47 0.000000 0.000000 0.000000 5.426829 -1.951220 14.512196
38459 47 0.000000 0.000000 0.000000 7.317073 -3.597561 14.390244
38464 47 0.000000 0.000000 0.000000 5.121951 -4.085366 4.146341
38469 47 0.000000 0.000000 0.000000 1.463415 -1.768293 -1.158537
38474 47 0.000000 0.000000 0.000000 -2.073171 1.280488 -3.048780
38479 47 0.000000 0.000000 0.000000 -3.353659 4.390244 -0.609756
38484 47 0.000000 0.000000 0.000000 -6.768293 6.585366 -3.231707
38489 47 0.000000 0.000000 0.000000 -10.853659 5.609756 -12.560976
38494 47 0.000000 0.000000 0.000000 -9.451220 5.853659 -12.012196
38499 47 0.000000 0.000000 0.000000 -6.768293 6.219512 -7.560976
38504 47 0.000000 0.000000 0.000000 -4.512195 5.792683 -5.243903
38509 47 0.000000 0.000000 0.000000 -4.817073 4.451220 -5.365854
38514 47 0.000000 0.000000 0.000000 -7.987805 3.780488 -6.890244
38519 47 0.000000 0.000000 0.000000 -10.853659 2.865854 -8.109756
38524 47 0.000000 0.000000 0.000000 -10.426829 2.560976 -5.243903
38529 47 0.000000 0.000000 0.000000 -10.182927 2.987805 -4.146341
38534 47 0.000000 0.000000 0.000000 -10.365854 3.353659 -3.780488
38539 47 0.000000 0.000000 0.000000 -7.500000 2.439024 0.000000
38544 46 0.000000 0.000000 0.000000 -3.536585 0.670732 4.512195
38549 47 0.000000 0.000000 0.000000 -1.463415 -2.378049 4.573171
38554 47 0.000000 0.000000 0.000000 -0.853659 -3.353659 -0.243902
38559 47 0.000000 0.000000 0.000000 -2.439024 -1.402439 -4.939024
38564 47 0.000000 0.000000 0.000000 -4.512195 0.853659 -5.426829
38569 47 0.000000 0.000000 0.000000 -3.963415 1.890244 -3.719512
38574 47 0.000000 0.000000 0.000000 -1.585366 1.829268 -4.939024
38579 47 0.000000 0.000000 0.000000 -0.487805 0.914634 -6.951220
38584 47 0.000000 0.000000 0.000000 0.365854 0.731707 -7.012195
38589 47 0.000000 0.000000 0.000000 0.853659 0.853659 -7.987805
38594 47 0.000000 0.000000 0.000000 3.597561 1.768293 -7.500000
38599 46 0.000000 0.000000 0.000000 8.353659 1.707317 -4.695122
38604 47 0.000000 0.000000 0.000000 11.036586 0.121951 -5.243903
38609 47 0.000000 0.000000 0.000000 13.475610 -0.975610 -5.000000
38614 47 0.000000 0.000000 0.000000 14.024390 -1.707317 -0.975610
38619 46 0.000000 0.000000 0.000000 12.012196 -3.658537 4.085366
38624 47 0.000000 0.000000 0.000000 8.414635 -6.280488 3.414634
38629 47 0.000000 0.000000 0.000000 6.097561 -6.158537 -0.182927
38634 47 0.000000 0.000000 0.000000 3.902439 -4.634146 -1.463415
38639 47 0.000000 0.000000 0.000000 0.304878 -2.682927 0.731707
38644 47 0.000000 0.000000 0.000000 -2.926829 -1.890244 0.060976
38649 47 0.000000 0.000000 0.000000 -2.560976 -2.134146 0.670732
38654 47 0.000000 0.000000 0.000000 -4.024390 -2.256098 1.341463
38659 47 0.000000 0.000000 0.000000 -6.280488 -1.280488 1.646341
38664 47 0.000000 0.000000 0.000000 -5.487805 -0.609756 2.134146
38669 47 0.000000 0.000000 0.000000 -3.475610 -0.426829 -1.158537
38674 47 0.000000 0.000000 0.000000 -3.231707 -0.121951 -4.268293
38679 47 0.000000 0.000000 0.000000 -2.195122 -0.548781 -1.829268
38684 47 0.000000 0.000000 0.000000 -0.548781 -1.097561 -0.975610
38689 47 0.000000 0.000000 0.000000 2.378049 0.121951 -0.975610
38694 47 0.000000 0.000000 0.000000 3.719512 1.341463 -3.902439
38699 46 0.000000 0.000000 0.000000 3.231707 2.012195 -5.670732
38704 47 0.000000 0.000000 0.000000 4.939024 1.402439 -5.487805
38709 47 0.000000 0.000000 0.000000 7.500000 -2.012195 -1.768293
38714 47 0.000000 0.000000 0.000000 10.975610 -4.573171 5.304878
38719 46 0.000000 0.000000 0.000000 12.195122 -6.219512 11.158537
38724 47 0.000000 0.000000 0.000000 7.682927 -7.134147 9.817074
38729 47 0.000000 0.000000 0.000000 3.170732 -5.853659 8.963415
38734 47 0.000000 0.000000 0.000000 2.743902 -4.329268 11.280488
38739 47 0.000000 0.000000 0.000000 2.378049 -4.878049 9.878049
38744 47 0.000000 0.000000 0.000000 0.365854 -4.512195 4.817073
38749 47 0.000000 0.000000 0.000000 -1.585366 -1.890244 2.134146
38754 47 0.000000 0.000000 0.000000 -3.963415 -0.426829 1.951220
38759 46 0.000000 0.000000 0.000000 -5.670732 0.609756 2.378049
38764 46 0.000000 0.000000 0.000000 -6.768293 1.036585 3.048780
38769 46 0.000000 0.000000 0.000000 -4.634146 0.000000 5.792683
38774 46 0.000000 0.000000 0.000000 0.487805 -0.243902 5.365854
38779 46 0.000000 0.000000 0.000000 3.536585 -1.219512 4.512195
38784 46 0.000000 0.000000 0.000000 5.182927 -1.158537 5.914634
38789 46 0.000000 0.000000 0.000000 6.341464 -0.609756 4.024390
38794 46 0.000000 0.000000 0.000000 8.292683 0.121951 -1.768293
38799 46 0.000000 0.000000 0.000000 7.378049 2.073171 -6.768293
38804 46 0.000000 0.000000 0.000000 7.621952 2.926829 -3.414634
38809 46 0.000000 0.000000 0.000000 10.060976 0.975610 1.646341
38814 46 0.000000 0.000000 0.000000 11.829268 -1.524390 2.865854
38819 46 0.000000 0.000000 0.000000 10.000000 -2.439024 1.219512
38824 46 0.000000 0.000000 0.000000 6.890244 -1.646341 3.109756
38829 46 0.000000 0.000000 0.000000 4.817073 0.121951 7.012195
38834 46 0.000000 0.000000 0.000000 2.926829 -0.548781 6.341464
38839 46 0.000000 0.000000 0.000000 1.463415 -1.097561 3.902439
38844 46 0.000000 0.000000 0.000000 0.121951 -1.768293 1.524390
38849 46 0.000000 0.000000 0.000000 -0.426829 -1.036585 -1.951220
38854 46 0.000000 0.000000 0.000000 -0.304878 1.341463 -2.804878
38859 46 0.000000 0.000000 0.000000 0.182927 4.329268 0.304878
38864 46 0.000000 0.000000 0.000000 2.134146 4.573171 -2.256098
38869 47 0.000000 0.000000 0.000000 2.073171 4.695122 -4.512195
38874 47 0.000000 0.000000 0.000000 0.243902 5.000000 -2.682927
38879 47 0.000000 0.000000 0.000000 2.073171 3.658537 4.207317
38884 47 0.000000 0.000000 0.000000 5.243903 0.975610 9.390244
38889 47 0.000000 0.000000 0.000000 4.939024 -1.707317 6.524390
38894 47 0.000000 0.000000 0.000000 3.109756 -1.158537 2.987805
38899 47 0.000000 0.000000 0.000000 1.158537 0.060976 1.402439
38904 47 0.000000 0.000000 0.000000 0.914634 1.158537 2.195122
38909 47 0.000000 0.000000 0.000000 0.121951 1.463415 1.829268
38914 47 0.000000 0.000000 0.000000 1.890244 0.548781 0.853659
38919 47 0.000000 0.000000 0.000000 2.134146 -2.134146 -1.768293
38924 47 0.000000 0.000000 0.000000 0.670732 -3.902439 1.463415
38929 47 0.000000 0.000000 0.000000 -2.560976 -4.146341 3.597561
38934 47 0.000000 0.000000 0.000000 -5.853659 -3.048780 0.304878
38939 47 0.000000 0.000000 0.000000 -8.963415 -1.585366 -3.048780
38944 47 0.000000 0.000000 0.000000 -10.548780 -1.585366 -4.695122
38949 47 0.000000 0.000000 0.000000 -10.914635 -3.475610 -5.426829
38954 47 0.000000 0.000000 0.000000 -9.146341 -4.451220 -2.378049
38959 47 0.000000 0.000000 0.000000 -5.060976 -3.780488 -0.243902
38964 47 0.000000 0.000000 0.000000 0.853659 -3.353659 0.975610
38969 47 0.000000 0.000000 0.000000 6.463415 -3.902439 1.402439
38974 47 0.000000 0.000000 0.000000 9.512196 -4.207317 2.621951
38979 47 0.000000 0.000000 0.000000 9.695122 -5.000000 3.658537
38984 47 0.000000 0.000000 0.000000 7.621952 -6.341464 3.719512
38989 47 0.000000 0.000000 0.000000 5.548780 -4.512195 -1.646341
38994 47 0.000000 0.000000 0.000000 6.890244 -1.036585 -7.621952
38999 47 0.000000 0.000000 0.000000 5.060976 0.609756 -9.939025
39004 47 0.000000 0.000000 0.000000 0.365854 2.987805 -7.804878
39009 47 0.000000 0.000000 0.000000 -3.719512 2.682927 -6.219512
39014 47 0.000000 0.000000 0.000000 -10.365854 0.853659 -7.012195
39019 47 0.000000 0.000000 0.000000 -14.512196 2.621951 -7.195122
39024 47 0.000000 0.000000 0.000000 -14.207317 6.097561 -4.878049
39029 47 0.000000 0.000000 0.000000 -10.487805 7.804878 -1.890244
39034 47 0.000000 0.000000 0.000000 -7.378049 6.707317 -1.768293
39039 47 0.000000 0.000000 0.000000 -6.707317 4.329268 -3.780488
39044 47 0.000000 0.000000 0.000000 -6.951220 2.012195 -4.756098
39049 48 0.000000 0.000000 0.000000 -2.500000 2.500000 0.426829
39054 48 0.000000 0.000000 0.000000 2.256098 1.646341 6.097561
39059 48 0.000000 0.000000 0.000000 3.048780 -0.365854 4.146341
39064 49 0.000000 0.000000 0.000000 2.987805 -1.341463 -0.609756
39069 50 0.000000 0.000000 0.000000 3.170732 0.365854 -3.109756
39074 50 0.000000 0.000000 0.000000 2.195122 2.439024 -4.695122
39079 50 0.000000 0.000000 0.000000 3.048780 2.987805 -7.134147
39084 50 0.000000 0.000000 0.000000 4.634146 2.865854 -8.292683
39089 50 0.000000 0.000000 0.000000 5.548780 1.585366 -5.914634
39094 50 0.000000 0.000000 0.000000 4.939024 0.182927 -1.036585
39099 50 0.000000 0.000000 0.000000 5.609756 -2.134146 1.402439
39104 50 0.000000 0.000000 0.000000 8.658537 -2.804878 1.829268
39109 50 0.000000 0.000000 0.000000 10.731708 -2.865854 3.719512
39114 50 0.000000 0.000000 0.000000 13.414635 -3.048780 7.378049
39119 50 0.000000 0.000000 0.000000 15.304878 -2.378049 7.378049
39124 50 0.000000 0.000000 0.000000 17.865854 -2.560976 4.573171
39129 50 0.000000 0.000000 0.000000 21.402439 -1.463415 2.743902
39134 50 0.000000 0.000000 0.000000 20.243902 1.036585 0.243902
39139 50 0.000000 0.000000 0.000000 17.500000 4.939024 -1.097561
39144 50 0.000000 0.000000 0.000000 14.024390 7.804878 -2.378049
39149 50 0.000000 0.000000 0.000000 12.134147 7.317073 -1.280488
39154 50 0.000000 0.000000 0.000000 9.939025 5.487805 -0.060976
39159 50 0.000000 0.000000 0.000000 7.012195 4.451220 2.134146
39164 50 0.000000 0.000000 0.000000 7.560976 4.207317 6.219512
39169 50 0.000000 0.000000 0.000000 10.121951 1.463415 7.865854
39174 50 0.000000 0.000000 0.000000 9.329268 -0.670732 5.914634
39179 50 0.000000 0.000000 0.000000 5.487805 -1.402439 2.865854
39184 50 0.000000 0.000000 0.000000 0.365854 -1.097561 0.243902
39189 50 0.000000 0.000000 0.000000 -2.743902 1.402439 2.317073
39194 50 0.000000 0.000000 0.000000 -4.695122 2.743902 6.951220
39199 50 0.000000 0.000000 0.000000 -3.353659 1.036585 8.719512
39204 50 0.000000 0.000000 0.000000 -3.475610 -0.426829 5.121951
39209 50 0.000000 0.000000 0.000000 -3.719512 -1.524390 2.804878
39214 50 0.000000 0.000000 0.000000 -2.134146 -1.463415 3.658537
39219 50 0.000000 0.000000 0.000000 -3.048780 -0.548781 4.146341
39224 50 0.000000 0.000000 0.000000 -4.939024 -0.426829 2.256098
39229 50 0.000000 0.000000 0.000000 -3.536585 0.000000 3.231707
39234 50 0.000000 0.000000 0.000000 -1.219512 1.402439 6.036585
39239 50 0.000000 0.000000 0.000000 2.621951 2.500000 7.500000
39244 50 0.000000 0.000000 0.000000 9.207317 0.365854 6.768293
39249 50 0.000000 0.000000 0.000000 14.329268 -0.914634 5.975610
39254 50 0.000000 0.000000 0.000000 14.695123 -0.914634 7.317073
39259 50 0.000000 0.000000 0.000000 14.024390 -1.341463 7.926829
39264 50 0.000000 0.000000 0.000000 11.402439 -1.280488 4.268293
39269 50 0.000000 0.000000 0.000000 2.743902 -1.219512 0.731707
39274 50 0.000000 0.000000 0.000000 -5.975610 0.792683 0.853659
39279 50 0.000000 0.000000 0.000000 -9.390244 0.670732 4.207317
39284 50 0.000000 0.000000 0.000000 -7.743903 -0.670732 7.256098
39289 50 0.000000 0.000000 0.000000 -6.524390 -2.256098 9.268292
39294 50 0.000000 0.000000 0.000000 -4.939024 -2.926829 11.951220
39299 50 0.000000 0.000000 0.000000 -5.914634 -3.231707 12.926829
39304 50 0.000000 0.000000 0.000000 -4.390244 -2.804878 12.256098
39309 50 0.000000 0.000000 0.000000 -4.390244 -1.951220 7.682927
39314 50 0.000000 0.000000 0.000000 -7.682927 1.219512 3.109756
39319 50 0.000000 0.000000 0.000000 -8.475610 3.048780 1.402439
39324 50 0.000000 0.000000 0.000000 -7.378049 3.170732 1.097561
39329 50 0.000000 0.000000 0.000000 -7.134147 3.170732 0.609756
39334 50 0.000000 0.000000 0.000000 -5.975610 2.743902 0.975610
39339 50 0.000000 0.000000 0.000000 -2.317073 0.365854 0.792683
39344 50 0.000000 0.000000 0.000000 -0.548781 -1.463415 4.878049
39349 50 0.000000 0.000000 0.000000 0.487805 -1.158537 9.451220
39354 50 0.000000 0.000000 0.000000 4.329268 -2.134146 10.304878
39359 50 0.000000 0.000000 0.000000 2.500000 -2.987805 7.439024
39364 50 0.000000 0.000000 0.000000 -1.097561 -2.195122 6.524390
39369 50 0.000000 0.000000 0.000000 -2.439024 -1.402439 9.695122
39374 50 0.000000 0.000000 0.000000 0.121951 -0.182927 12.560976
39379 50 0.000000 0.000000 0.000000 5.853659 -0.121951 14.207317
39384 50 0.000000 0.000000 0.000000 9.207317 -2.012195 13.536586
39389 50 0.000000 0.000000 0.000000 6.707317 -4.085366 9.817074
39394 50 0.000000 0.000000 0.000000 1.158537 -3.963415 8.231708
39399 50 0.000000 0.000000 0.000000 -1.707317 -1.402439 10.731708
39404 50 0.000000 0.000000 0.000000 -0.609756 0.914634 11.402439
39409 50 0.000000 0.000000 0.000000 1.097561 2.256098 7.134147
39414 50 0.000000 0.000000 0.000000 5.243903 2.439024 5.792683
39419 50 0.000000 0.000000 0.000000 12.134147 3.414634 8.109756
39424 50 0.000000 0.000000 0.000000 14.817074 3.658537 7.500000
39429 50 0.000000 0.000000 0.000000 12.256098 4.268293 4.329268
39434 50 0.000000 0.000000 0.000000 9.085366 6.463415 4.634146
39439 50 0.000000 0.000000 0.000000 6.890244 7.378049 7.195122
39444 50 0.000000 0.000000 0.000000 6.585366 7.012195 7.317073
39449 50 0.000000 0.000000 0.000000 3.780488 5.182927 2.500000
39454 50 0.000000 0.000000 0.000000 -2.926829 2.621951 0.182927
39459 50 0.000000 0.000000 0.000000 -12.439025 0.182927 2.256098
39464 50 0.000000 0.000000 0.000000 -17.378050 -0.853659 6.341464
39469 50 0.000000 0.000000 0.000000 -19.085367 0.060976 7.317073
39474 50 0.000000 0.000000 0.000000 -18.658537 -1.097561 3.597561
39479 50 0.000000 0.000000 0.000000 -15.670732 -3.719512 -1.646341
39484 50 0.000000 0.000000 0.000000 -12.073171 -1.524390 -2.378049
39489 50 0.000000 0.000000 0.000000 -10.548780 0.426829 1.036585
39494 50 0.000000 0.000000 0.000000 -8.780488 -0.121951 1.341463
39499 50 0.000000 0.000000 0.000000 -4.451220 -0.365854 -0.792683
39504 50 0.000000 0.000000 0.000000 1.036585 -0.731707 1.890244
39509 50 0.000000 0.000000 0.000000 4.756098 -1.646341 9.756098
39514 50 0.000000 0.000000 0.000000 8.597561 -2.012195 13.841464
39519 50 0.000000 0.000000 0.000000 14.268293 -4.024390 12.317074
39524 50 0.000000 0.000000 0.000000 15.975610 -5.365854 9.085366
39529 50 0.000000 0.000000 0.000000 13.902439 -2.682927 7.560976
39534 50 0.000000 0.000000 0.000000 9.939025 0.182927 6.951220
39539 50 0.000000 0.000000 0.000000 6.097561 2.317073 4.634146
39544 50 0.000000 0.000000 0.000000 4.268293 4.024390 0.914634
39549 50 0.000000 0.000000 0.000000 2.987805 3.841464 1.402439
39554 50 0.000000 0.000000 0.000000 0.853659 2.865854 2.926829
39559 50 0.000000 0.000000 0.000000 -3.353659 2.317073 3.780488
39564 50 0.000000 0.000000 0.000000 -6.463415 2.195122 4.207317
39569 50 0.000000 0.000000 0.000000 -6.951220 1.341463 3.841464
39574 50 0.000000 0.000000 0.000000 -6.768293 0.731707 3.292683
39579 50 0.000000 0.000000 0.000000 -7.500000 1.646341 2.378049
39584 50 0.000000 0.000000 0.000000 -8.170732 1.646341 0.914634
39589 50 0.000000 0.000000 0.000000 -6.158537 0.609756 -2.500000
39594 50 0.000000 0.000000 0.000000 -2.560976 0.487805 -7.987805
39599 50 0.000000 0.000000 0.000000 -0.182927 1.402439 -9.329268
39604 50 0.000000 0.000000 0.000000 2.926829 2.987805 -5.182927
39609 50 0.000000 0.000000 0.000000 3.841464 1.768293 -3.719512
39614 50 0.000000 0.000000 0.000000 3.536585 0.182927 -2.560976
39619 50 0.000000 0.000000 0.000000 2.621951 -3.231707 -3.109756
39624 50 0.000000 0.000000 0.000000 3.902439 -5.548780 -1.951220
39629 50 0.000000 0.000000 0.000000 8.841464 -1.890244 4.146341
39634 50 0.000000 0.000000 0.000000 10.548780 2.195122 4.878049
39639 50 0.000000 0.000000 0.000000 10.426829 4.146341 1.829268
39644 50 0.000000 0.000000 0.000000 11.585366 3.048780 -1.585366
39649 50 0.000000 0.000000 0.000000 11.768293 2.012195 -1.158537
39654 50 0.000000 0.000000 0.000000 11.219512 2.865854 1.951220
39659 50 0.000000 0.000000 0.000000 12.500000 3.475610 0.304878
39664 50 0.000000 0.000000 0.000000 14.390244 3.414634 -3.231707
39669 50 0.000000 0.000000 0.000000 15.853659 5.182927 -4.756098
39674 50 0.000000 0.000000 0.000000 16.158537 6.158537 -4.207317
39679 50 0.000000 0.000000 0.000000 11.097561 5.548780 -4.512195
39684 50 0.000000 0.000000 0.000000 2.804878 4.817073 -5.121951
39689 50 0.000000 0.000000 0.000000 -5.487805 3.963415 -8.780488
39694 50 0.000000 0.000000 0.000000 -11.951220 3.719512 -7.926829
39699 50 0.000000 0.000000 0.000000 -13.841464 3.902439 -4.085366
39704 50 0.000000 0.000000 0.000000 -15.304878 1.890244 -5.121951
39709 50 0.000000 0.000000 0.000000 -18.597561 -1.402439 -6.951220
39714 50 0.000000 0.000000 0.000000 -21.219513 -3.048780 -2.073171
39719 50 0.000000 0.000000 0.000000 -19.695122 -4.817073 1.097561
39724 50 0.000000 0.000000 0.000000 -15.487805 -7.621952 2.134146
39729 50 0.000000 0.000000 0.000000 -8.048780 -7.926829 2.804878
39734 50 0.000000 0.000000 0.000000 -2.621951 -8.170732 4.817073
39739 50 0.000000 0.000000 0.000000 0.731707 -5.670732 5.975610
39744 50 0.000000 0.000000 0.000000 4.817073 0.243902 4.634146
39749 50 0.000000 0.000000 0.000000 10.121951 3.780488 -2.134146
39754 50 0.000000 0.000000 0.000000 17.134148 5.182927 -9.634147
39759 50 0.000000 0.000000 0.000000 23.292683 6.463415 -11.219512
39764 50 0.000000 0.000000 0.000000 28.841465 7.682927 -8.109756
39769 50 0.000000 0.000000 0.000000 33.231709 7.621952 -4.268293
39774 50 0.000000 0.000000 0.000000 35.792683 7.378049 0.000000
39779 50 0.000000 0.000000 0.000000 36.219513 5.060976 3.353659
39784 50 0.000000 0.000000 0.000000 33.902439 2.195122 4.634146
39789 50 0.000000 0.000000 0.000000 33.536587 3.475610 7.012195
39794 50 0.000000 0.000000 0.000000 31.219513 2.987805 7.073171
39799 50 0.000000 0.000000 0.000000 28.292683 2.743902 6.524390
39804 50 0.000000 0.000000 0.000000 23.475611 3.292683 2.560976
39809 50 0.000000 0.000000 0.000000 16.585365 5.670732 -2.378049
39814 50 0.000000 0.000000 0.000000 9.939025 10.487805 -5.243903
39819 50 0.000000 0.000000 0.000000 1.036585 13.719513 -5.609756
39824 50 0.000000 0.000000 0.000000 -10.731708 14.512196 -6.219512
39829 50 0.000000 0.000000 0.000000 -18.780489 13.170732 -3.170732
39834 50 0.000000 0.000000 0.000000 -24.268293 10.853659 0.914634
39839 50 0.000000 0.000000 0.000000 -27.195122 9.451220 3.719512
39844 50 0.000000 0.000000 0.000000 -24.878050 6.463415 4.207317
39849 50 0.000000 0.000000 0.000000 -19.634148 2.926829 5.670732
39854 50 0.000000 0.000000 0.000000 -20.182928 0.426829 6.707317
39859 50 0.000000 0.000000 0.000000 -20.792683 -0.426829 5.121951
39864 50 0.000000 0.000000 0.000000 -19.207317 0.304878 2.012195
39869 50 0.000000 0.000000 0.000000 -18.231709 1.463415 0.243902
39874 50 0.000000 0.000000 0.000000 -18.719513 1.097561 1.280488
39879 50 0.000000 0.000000 0.000000 -18.048780 -2.439024 6.707317
39884 50 0.000000 0.000000 0.000000 -14.695123 -7.256098 10.731708
39889 50 0.000000 0.000000 0.000000 -11.097561 -12.256098 10.487805
39894 50 0.000000 0.000000 0.000000 -8.536586 -15.304878 9.268292
39899 50 0.000000 0.000000 0.000000 -7.012195 -16.768293 7.865854
39904 50 0.000000 0.000000 0.000000 -6.463415 -15.792684 9.146341
39909 50 0.000000 0.000000 0.000000 -4.634146 -12.012196 8.841464
39914 50 0.000000 0.000000 0.000000 -4.390244 -8.353659 6.585366
39919 50 0.000000 0.000000 0.000000 -4.268293 -5.609756 4.634146
39924 50 0.000000 0.000000 0.000000 -4.146341 -3.841464 2.012195
39929 50 0.000000 0.000000 0.000000 -3.170732 -2.500000 0.548781
39934 50 0.000000 0.000000 0.000000 -0.548781 -0.914634 0.060976
39939 50 0.000000 0.000000 0.000000 1.280488 2.682927 -0.182927
39944 50 0.000000 0.000000 0.000000 8.109756 6.524390 -0.426829
39949 50 0.000000 0.000000 0.000000 19.390244 8.170732 -0.121951
39954 50 0.000000 0.000000 0.000000 26.097561 10.487805 4.878049
39959 50 0.000000 0.000000 0.000000 30.060976 12.439025 6.890244
39964 50 0.000000 0.000000 0.000000 34.695122 12.317074 0.548781
39969 50 0.000000 0.000000 0.000000 39.451221 13.170732 -7.439024
39974 50 0.000000 0.000000 0.000000 41.463417 17.682928 -13.475610
39979 50 0.000000 0.000000 0.000000 37.073170 20.426830 -14.695123
39984 50 0.000000 0.000000 0.000000 33.109756 18.292683 -12.621951
39989 50 0.000000 0.000000 0.000000 29.024391 14.573171 -13.902439
39994 50 0.000000 0.000000 0.000000 23.963415 9.756098 -19.634148
39999 50 0.000000 0.000000 0.000000 17.560976 4.268293 -23.719513
40004 50 0.000000 0.000000 0.000000 9.390244 0.060976 -20.731709
40009 50 0.000000 0.000000 0.000000 0.243902 -4.695122 -13.353659
40014 50 0.000000 0.000000 0.000000 -5.792683 -10.853659 -8.658537
40019 50 0.000000 0.000000 0.000000 -4.268293 -12.926829 -7.378049
40024 50 0.000000 0.000000 0.000000 -0.182927 -12.987805 -6.585366
40029 50 0.000000 0.000000 0.000000 2.743902 -12.621951 -8.841464
40034 50 0.000000 0.000000 0.000000 10.121951 -12.987805 -13.536586
40039 50 0.000000 0.000000 0.000000 21.097561 -11.402439 -18.170732
40044 50 0.000000 0.000000 0.000000 28.719513 -7.621952 -18.353659
40049 50 0.000000 0.000000 0.000000 34.268295 -1.585366 -10.060976
40054 50 0.000000 0.000000 0.000000 42.134148 0.060976 -0.304878
40059 50 0.000000 0.000000 0.000000 47.621952 -4.085366 5.914634
40064 50 0.000000 0.000000 0.000000 45.731709 -9.390244 8.353659
40069 50 0.000000 0.000000 0.000000 42.439026 -13.536586 15.487805
40074 50 0.000000 0.000000 0.000000 39.085365 -16.829269 18.902439
40079 50 0.000000 0.000000 0.000000 33.048782 -18.292683 15.670732
40084 50 0.000000 0.000000 0.000000 23.048780 -17.317074 7.134147
40089 50 0.000000 0.000000 0.000000 12.256098 -9.634147 1.036585
40094 50 0.000000 0.000000 0.000000 5.182927 -3.475610 -3.231707
40099 50 0.000000 0.000000 0.000000 2.500000 -1.341463 -9.573171
40104 50 0.000000 0.000000 0.000000 -1.219512 -0.975610 -14.512196
40109 50 0.000000 0.000000 0.000000 -8.597561 1.646341 -14.817074
40114 50 0.000000 0.000000 0.000000 -13.109756 1.158537 -13.109756
40119 50 0.000000 0.000000 0.000000 -15.487805 -3.414634 -11.402439
40124 50 0.000000 0.000000 0.000000 -16.341463 -7.439024 -7.621952
40129 50 0.000000 0.000000 0.000000 -16.341463 -8.536586 -2.560976
40134 50 0.000000 0.000000 0.000000 -17.134148 -7.804878 -1.036585
40139 50 0.000000 0.000000 0.000000 -13.780488 -7.926829 -0.975610
40144 50 0.000000 0.000000 0.000000 -9.390244 -9.085366 -0.548781
40149 50 0.000000 0.000000 0.000000 -8.048780 -10.182927 -3.170732
40154 50 0.000000 0.000000 0.000000 -6.768293 -7.073171 -5.853659
40159 50 0.000000 0.000000 0.000000 -3.963415 -1.463415 -7.804878
40164 50 0.000000 0.000000 0.000000 2.256098 2.682927 -6.280488
40169 50 0.000000 0.000000 0.000000 9.146341 1.524390 -6.585366
40174 50 0.000000 0.000000 0.000000 14.756098 -2.256098 -9.695122
40179 50 0.000000 0.000000 0.000000 15.853659 -5.365854 -12.195122
40184 50 0.000000 0.000000 0.000000 12.743903 -9.573171 -16.524391
40189 50 0.000000 0.000000 0.000000 10.731708 -13.841464 -16.890244
40194 50 0.000000 0.000000 0.000000 11.585366 -12.439025 -5.914634
40199 50 0.000000 0.000000 0.000000 10.975610 -11.646341 2.012195
40204 50 0.000000 0.000000 0.000000 10.792684 -10.487805 2.012195
40209 50 0.000000 0.000000 0.000000 13.902439 -8.902439 -1.097561
40214 50 0.000000 0.000000 0.000000 17.804878 -10.182927 -2.439024
40219 50 0.000000 0.000000 0.000000 15.792684 -10.304878 -3.902439
40224 50 0.000000 0.000000 0.000000 14.878049 -5.975610 -7.682927
40229 50 0.000000 0.000000 0.000000 16.768293 -2.682927 -10.731708
40234 50 0.000000 0.000000 0.000000 16.158537 0.121951 -10.975610
40239 50 0.000000 0.000000 0.000000 11.402439 2.865854 -8.963415
40244 50 0.000000 0.000000 0.000000 8.597561 3.902439 -9.024390
40249 50 0.000000 0.000000 0.000000 7.195122 1.280488 -13.597561
40254 50 0.000000 0.000000 0.000000 2.743902 -2.134146 -16.707317
40259 50 0.000000 0.000000 0.000000 -3.292683 -6.707317 -15.304878
40264 50 0.000000 0.000000 0.000000 -7.378049 -10.487805 -12.804878
40269 50 0.000000 0.000000 0.000000 -8.353659 -14.756098 -14.390244
40274 50 0.000000 0.000000 0.000000 -12.682927 -19.085367 -16.219513
40279 50 0.000000 0.000000 0.000000 -21.463415 -20.914635 -12.682927
40284 50 0.000000 0.000000 0.000000 -28.475611 -23.109756 -5.670732
40289 50 0.000000 0.000000 0.000000 -26.158537 -29.451220 0.731707
40294 50 0.000000 0.000000 0.000000 -21.036587 -34.085365 3.780488
40299 50 0.000000 0.000000 0.000000 -20.731709 -33.414635 5.548780
40304 50 0.000000 0.000000 0.000000 -19.573172 -34.573170 7.682927
40309 50 0.000000 0.000000 0.000000 -15.304878 -39.024391 12.012196
40314 50 0.000000 0.000000 0.000000 -7.926829 -42.621952 18.963415
40319 50 0.000000 0.000000 0.000000 -0.731707 -47.865856 30.548780
40324 50 0.000000 0.000000 0.000000 8.963415 -52.195122 45.670734
40329 50 0.000000 0.000000 0.000000 22.439024 -53.780491 60.487804
40334 50 0.000000 0.000000 0.000000 39.207317 -55.060978 76.646347
40339 50 0.000000 0.000000 0.000000 60.121952 -54.207317 92.926834
40344 50 0.000000 0.000000 0.000000 79.268295 -52.256100 102.804878
40349 50 0.000000 0.000000 0.000000 97.682930 -55.487804 110.182930
40354 50 0.000000 0.000000 0.000000 111.890244 -64.512199 116.219513
40359 50 0.000000 0.000000 0.000000 120.548782 -74.878052 122.195122
40364 50 0.000000 0.000000 0.000000 124.512199 -83.719513 128.231705
40369 50 0.000000 0.000000 0.000000 124.451225 -90.975609 134.939026
40374 50 0.000000 0.000000 0.000000 122.926834 -97.500000 142.560974
40379 50 0.000000 0.000000 0.000000 114.878052 -102.865852 152.987808
40384 50 0.000000 0.000000 0.000000 97.743904 -108.841469 164.451218
40389 50 0.000000 0.000000 0.000000 77.134148 -116.158539 176.036591
40394 50 0.000000 0.000000 0.000000 58.109756 -122.743904 188.048782
40399 50 0.000000 0.000000 0.000000 40.731709 -132.500000 201.341461
40404 50 0.000000 0.000000 0.000000 28.719513 -149.085373 215.304886
40409 50 0.000000 0.000000 0.000000 18.231709 -167.134155 226.280487
40414 50 0.000000 0.000000 0.000000 7.865854 -179.146347 230.914642
40419 50 0.000000 0.000000 0.000000 -1.768293 -184.695129 231.707321
40424 50 0.000000 0.000000 0.000000 -8.963415 -187.378052 231.707321
40429 50 0.000000 0.000000 0.000000 -13.475610 -187.073181 235.426834
40434 50 0.000000 0.000000 0.000000 -19.451220 -186.280487 242.012207
40439 50 0.000000 0.000000 0.000000 -26.951220 -184.451218 248.658539
40444 50 0.000000 0.000000 0.000000 -30.060976 -181.524399 257.073181
40449 50 0.000000 0.000000 0.000000 -27.682928 -177.804886 264.512207
40454 50 0.000000 0.000000 0.000000 -23.841463 -169.512192 273.292694
40459 50 0.000000 0.000000 0.000000 -21.036587 -160.000000 284.268311
40464 50 0.000000 0.000000 0.000000 -22.378050 -150.060974 294.817078
40469 50 0.000000 0.000000 0.000000 -29.451220 -139.207321 301.585358
40474 50 0.000000 0.000000 0.000000 -37.500000 -128.475616 310.548798
40479 50 0.000000 0.000000 0.000000 -46.158539 -119.695122 322.621948
40484 50 0.000000 0.000000 0.000000 -56.707317 -114.329269 333.658539
40489 50 0.000000 0.000000 0.000000 -68.475609 -110.365860 342.621948
40494 50 0.000000 0.000000 0.000000 -76.829269 -108.109756 353.170746
40499 50 0.000000 0.000000 0.000000 -75.487808 -86.768295 355.365875
40504 50 0.000000 0.000000 0.000000 -35.853661 22.682928 333.048798
40509 50 0.000000 0.000000 0.000000 6.158537 130.914642 312.621948
40514 50 0.000000 0.000000 0.000000 18.353659 165.365860 306.646362
40519 50 0.000000 0.000000 0.000000 18.170732 170.975616 289.146362
40524 50 0.000000 0.000000 0.000000 20.121952 184.085373 261.158539
40529 50 0.000000 0.000000 0.000000 13.292684 180.487808 251.219513
40534 50 0.000000 0.000000 0.000000 -19.268293 152.865860 253.292694
40539 50 0.000000 0.000000 0.000000 -106.280487 123.475609 233.475616
40544 50 0.000000 0.000000 0.000000 -175.670731 151.707321 177.378052
40549 50 0.000000 0.000000 0.000000 -195.792694 191.097565 123.292686
40554 50 0.000000 0.000000 0.000000 -201.951218 183.841461 96.463417
40559 50 0.000000 0.000000 0.000000 -198.658539 153.963425 80.914635
40564 50 0.000000 0.000000 0.000000 -189.756104 122.865860 65.914635
40569 50 0.000000 0.000000 0.000000 -182.195129 89.878052 55.670734
40574 50 0.000000 0.000000 0.000000 -174.817078 49.390244 50.304878
40579 50 0.000000 0.000000 0.000000 -158.475616 9.085366 46.829269
40584 50 0.000000 0.000000 0.000000 -128.658539 -26.585367 44.207317
40589 50 0.000000 0.000000 0.000000 -92.926834 -57.804878 39.573174
40594 50 0.000000 0.000000 0.000000 -57.134148 -84.207321 31.036587
40599 50 0.000000 0.000000 0.000000 -19.939024 -105.914635 23.292683
40604 50 0.000000 0.000000 0.000000 20.609756 -121.951225 14.512196
40609 50 0.000000 0.000000 0.000000 58.231709 -130.060974 6.707317
40614 50 0.000000 0.000000 0.000000 94.756104 -131.585373 3.414634
40619 50 0.000000 0.000000 0.000000 132.012192 -128.353668 3.109756
40624 50 0.000000 0.000000 0.000000 165.792694 -122.012199 1.829268
40629 50 0.000000 0.000000 0.000000 194.939026 -113.414635 -5.182927
40634 50 0.000000 0.000000 0.000000 219.878052 -103.414635 -14.024390
40639 50 0.000000 0.000000 0.000000 236.585373 -92.926834 -20.304878
40644 50 0.000000 0.000000 0.000000 245.487808 -81.097565 -23.780489
40649 50 0.000000 0.000000 0.000000 250.975616 -68.902443 -27.317074
40654 50 0.000000 0.000000 0.000000 249.268295 -58.597561 -31.524391
40659 50 0.000000 0.000000 0.000000 240.426834 -48.231709 -35.792683
40664 50 0.000000 0.000000 0.000000 228.170731 -33.353661 -39.634148
40669 50 0.000000 0.000000 0.000000 211.951218 -12.560976 -41.585365
40674 50 0.000000 0.000000 0.000000 189.817078 13.902439 -41.585365
40679 50 0.000000 0.000000 0.000000 162.987808 42.865856 -37.621952
40684 50 0.000000 0.000000 0.000000 140.304886 61.707317 -34.146343
40689 50 0.000000 0.000000 0.000000 136.402435 66.158539 -28.231709
40694 50 0.000000 0.000000 0.000000 148.414642 63.292683 -17.560976
40699 50 0.000000 0.000000 0.000000 161.646347 58.597561 -3.780488
40704 50 0.000000 0.000000 0.000000 156.402435 60.000000 10.548780
40709 50 0.000000 0.000000 0.000000 136.463425 62.500000 28.048780
40714 50 0.000000 0.000000 0.000000 120.426834 54.146343 40.731709
40719 50 0.000000 0.000000 0.000000 103.658539 40.609756 46.646343
40724 50 0.000000 0.000000 0.000000 83.841469 26.646341 49.756100
40729 50 0.000000 0.000000 0.000000 59.695122 14.634147 51.951221
40734 50 0.000000 0.000000 0.000000 32.560978 4.756098 54.512196
40739 50 0.000000 0.000000 0.000000 3.475610 -2.804878 59.390244
40744 50 0.000000 0.000000 0.000000 -23.719513 -7.865854 61.829269
40749 50 0.000000 0.000000 0.000000 -51.646343 -7.317073 59.024391
40754 50 0.000000 0.000000 0.000000 -74.146339 -3.109756 55.426830
40759 50 0.000000 0.000000 0.000000 -101.768295 7.621952 48.780487
40764 50 0.000000 0.000000 0.000000 -124.634148 21.158537 40.853661
40769 50 0.000000 0.000000 0.000000 -140.792679 33.902439 31.951220
40774 50 0.000000 0.000000 0.000000 -152.682938 44.085365 21.402439
40779 50 0.000000 0.000000 0.000000 -161.585373 55.121952 14.024390
40784 50 0.000000 0.000000 0.000000 -164.451218 65.182930 10.670732
40789 50 0.000000 0.000000 0.000000 -158.841461 74.634148 13.231708
40794 50 0.000000 0.000000 0.000000 -149.939026 83.353661 14.512196
40799 50 0.000000 0.000000 0.000000 -136.890244 90.731712 11.402439
40804 50 0.000000 0.000000 0.000000 -116.036591 96.890244 11.890244
40809 50 0.000000 0.000000 0.000000 -91.463417 103.353661 15.121951
40814 50 0.000000 0.000000 0.000000 -65.853661 107.926834 18.170732
40819 50 0.000000 0.000000 0.000000 -40.182926 109.085365 20.060976
40824 50 0.000000 0.000000 0.000000 -12.682927 107.743904 20.975611
40829 50 0.000000 0.000000 0.000000 16.463415 102.621956 21.341463
40834 50 0.000000 0.000000 0.000000 44.939026 93.109756 20.792683
40839 50 0.000000 0.000000 0.000000 71.036591 79.085365 19.329269
40844 50 0.000000 0.000000 0.000000 97.500000 64.573174 17.560976
40849 50 0.000000 0.000000 0.000000 122.195122 50.000000 15.548780
40854 50 0.000000 0.000000 0.000000 142.378052 34.146343 16.280489
40859 50 0.000000 0.000000 0.000000 158.902435 17.195122 18.109756
40864 50 0.000000 0.000000 0.000000 174.329269 2.195122 18.658537
40869 50 0.000000 0.000000 0.000000 186.402451 -9.817074 18.353659
40874 50 0.000000 0.000000 0.000000 190.853668 -20.609756 21.524391
40879 50 0.000000 0.000000 0.000000 187.560974 -33.719513 25.853659
40884 50 0.000000 0.000000 0.000000 179.512192 -46.951221 26.707317
40889 50 0.000000 0.000000 0.000000 167.439026 -55.426830 24.695122
40894 50 0.000000 0.000000 0.000000 150.304886 -61.036587 24.024391
40899 50 0.000000 0.000000 0.000000 129.146347 -64.207321 26.097561
40904 50 0.000000 0.000000 0.000000 104.329269 -63.170734 27.439026
40909 50 0.000000 0.000000 0.000000 77.804878 -60.975613 28.109756
40914 50 0.000000 0.000000 0.000000 51.158539 -57.743904 30.670732
40919 50 0.000000 0.000000 0.000000 22.195122 -50.365856 36.280487
40924 50 0.000000 0.000000 0.000000 -7.012195 -39.817074 43.109756
40929 50 0.000000 0.000000 0.000000 -35.853661 -27.378050 51.951221
40934 50 0.000000 0.000000 0.000000 -65.792686 -13.658537 62.378052
40939 50 0.000000 0.000000 0.000000 -92.621956 0.609756 71.585365
40944 50 0.000000 0.000000 0.000000 -115.853661 17.134148 80.121956
40949 50 0.000000 0.000000 0.000000 -138.231705 34.024391 93.658539
40954 50 0.000000 0.000000 0.000000 -159.024399 51.097561 106.341469
40959 50 0.000000 0.000000 0.000000 -177.743912 68.902443 111.829269
40964 50 0.000000 0.000000 0.000000 -192.865860 85.853661 110.304878
40969 50 0.000000 0.000000 0.000000 -198.353668 96.402443 106.890244
40974 50 0.000000 0.000000 0.000000 -197.317078 101.829269 106.585365
40979 50 0.000000 0.000000 0.000000 -191.280487 103.597565 108.231712
40984 50 0.000000 0.000000 0.000000 -181.341461 105.609756 109.817078
40989 50 0.000000 0.000000 0.000000 -165.975616 104.329269 111.768295
40994 50 0.000000 0.000000 0.000000 -145.853668 99.207321 116.402443
40999 50 0.000000 0.000000 0.000000 -121.951225 93.780487 119.451225
41004 50 0.000000 0.000000 0.000000 -95.792686 87.317078 119.695122
41009 50 0.000000 0.000000 0.000000 -68.536591 79.329269 116.463417
41014 50 0.000000 0.000000 0.000000 -38.597561 69.756096 114.390244
41019 50 0.000000 0.000000 0.000000 -7.012195 60.792683 116.707321
41024 50 0.000000 0.000000 0.000000 22.012196 51.707317 121.341469
41029 50 0.000000 0.000000 0.000000 48.536587 43.109756 124.878052
41034 50 0.000000 0.000000 0.000000 72.439026 34.329269 125.914635
41039 50 0.000000 0.000000 0.000000 93.597565 24.207317 124.939026
41044 50 0.000000 0.000000 0.000000 112.621956 14.573171 126.097565
41049 50 0.000000 0.000000 0.000000 130.243912 6.341464 126.158539
41054 50 0.000000 0.000000 0.000000 141.158539 -3.048780 122.865860
41059 50 0.000000 0.000000 0.000000 147.195129 -13.536586 118.353661
41064 50 0.000000 0.000000 0.000000 149.878052 -21.890244 115.487808
41069 50 0.000000 0.000000 0.000000 147.378052 -27.012196 114.268295
41074 50 0.000000 0.000000 0.000000 137.621948 -30.304878 111.219513
41079 50 0.000000 0.000000 0.000000 123.292686 -32.500000 104.817078
41084 50 0.000000 0.000000 0.000000 103.963417 -34.207317 98.963417
41089 50 0.000000 0.000000 0.000000 81.036591 -35.000000 95.365852
41094 50 0.000000 0.000000 0.000000 57.195122 -33.475609 93.536591
41099 50 0.000000 0.000000 0.000000 33.048782 -32.317074 93.414635
41104 50 0.000000 0.000000 0.000000 8.353659 -31.280489 94.634148
41109 50 0.000000 0.000000 0.000000 -15.914635 -29.024391 95.670731
41114 50 0.000000 0.000000 0.000000 -37.743904 -25.975611 94.573174
41119 50 0.000000 0.000000 0.000000 -56.463417 -23.475611 92.926834
41124 50 0.000000 0.000000 0.000000 -70.975609 -21.707317 91.341469
41129 50 0.000000 0.000000 0.000000 -82.439026 -19.329269 90.792686
41134 50 0.000000 0.000000 0.000000 -91.524391 -15.975610 95.487808
41139 50 0.000000 0.000000 0.000000 -97.012199 -11.402439 103.841469
41144 50 0.000000 0.000000 0.000000 -98.841469 -3.963415 109.146347
41149 50 0.000000 0.000000 0.000000 -101.036591 3.353659 105.975609
41154 50 0.000000 0.000000 0.000000 -101.158539 10.670732 102.621956
41159 50 0.000000 0.000000 0.000000 -99.390244 17.012196 102.926834
41164 50 0.000000 0.000000 0.000000 -97.073174 23.780489 103.536591
41169 50 0.000000 0.000000 0.000000 -93.048782 32.012196 100.670731
41174 50 0.000000 0.000000 0.000000 -86.585365 37.012196 96.951225
41179 50 0.000000 0.000000 0.000000 -77.865852 37.804878 93.414635
41184 50 0.000000 0.000000 0.000000 -67.987808 40.792683 90.304878
41189 50 0.000000 0.000000 0.000000 -57.012196 44.573174 86.158539
41194 50 0.000000 0.000000 0.000000 -45.365856 44.878048 80.243904
41199 50 0.000000 0.000000 0.000000 -35.121952 42.743904 72.500000
41204 50 0.000000 0.000000 0.000000 -25.060976 39.451221 69.817078
41209 50 0.000000 0.000000 0.000000 -15.121951 34.756100 69.451218
41214 50 0.000000 0.000000 0.000000 -0.060976 31.524391 69.268295
41219 50 0.000000 0.000000 0.000000 17.926830 28.292683 67.378052
41224 50 0.000000 0.000000 0.000000 32.560978 23.597561 63.597561
41229 50 0.000000 0.000000 0.000000 43.536587 17.560976 60.426830
41234 50 0.000000 0.000000 0.000000 51.341465 10.914635 56.402439
41239 50 0.000000 0.000000 0.000000 57.073174 5.121951 50.792683
41244 50 0.000000 0.000000 0.000000 63.475613 -2.134146 42.256100
41249 50 0.000000 0.000000 0.000000 69.207321 -10.182927 34.207317
41254 50 0.000000 0.000000 0.000000 70.548782 -17.743902 30.914635
41259 50 0.000000 0.000000 0.000000 67.195122 -23.597561 30.304878
41264 50 0.000000 0.000000 0.000000 59.268295 -30.670732 29.146341
41269 50 0.000000 0.000000 0.000000 49.878052 -39.695122 27.439026
41274 50 0.000000 0.000000 0.000000 41.158539 -45.000000 26.768293
41279 50 0.000000 0.000000 0.000000 32.865856 -46.768295 27.500000
41284 50 0.000000 0.000000 0.000000 21.768293 -47.317074 24.878050
41289 50 0.000000 0.000000 0.000000 7.012195 -50.365856 17.926830
41294 50 0.000000 0.000000 0.000000 -9.146341 -50.000000 12.682927
41299 50 0.000000 0.000000 0.000000 -22.073172 -46.585365 13.048780
41304 50 0.000000 0.000000 0.000000 -34.939026 -44.573174 16.036585
41309 50 0.000000 0.000000 0.000000 -49.024391 -45.243904 13.414635
41314 50 0.000000 0.000000 0.000000 -56.829269 -43.536587 11.036586
41319 50 0.000000 0.000000 0.000000 -62.195122 -37.195122 15.365854
41324 50 0.000000 0.000000 0.000000 -65.000000 -30.060976 23.780489
41329 50 0.000000 0.000000 0.000000 -65.365852 -23.780489 28.231709
41334 50 0.000000 0.000000 0.000000 -66.829269 -20.365854 20.670732
41339 50 0.000000 0.000000 0.000000 -66.951218 -15.853659 13.292684
41344 50 0.000000 0.000000 0.000000 -62.804878 -8.841464 11.341464
41349 50 0.000000 0.000000 0.000000 -56.158539 -1.402439 13.658537
41354 50 0.000000 0.000000 0.000000 -48.109756 8.658537 18.109756
41359 50 0.000000 0.000000 0.000000 -39.024391 19.085367 21.646341
41364 50 0.000000 0.000000 0.000000 -29.207317 28.048780 24.573172
41369 50 0.000000 0.000000 0.000000 -22.012196 35.487804 23.597561
41374 50 0.000000 0.000000 0.000000 -17.195122 43.841465 20.304878
41379 50 0.000000 0.000000 0.000000 -8.658537 51.890244 18.109756
41384 50 0.000000 0.000000 0.000000 0.000000 57.926830 15.487805
41389 50 0.000000 0.000000 0.000000 7.317073 60.975613 11.829268
41394 50 0.000000 0.000000 0.000000 13.536586 60.487804 7.804878
41399 50 0.000000 0.000000 0.000000 21.341463 58.536587 7.195122
41404 50 0.000000 0.000000 0.000000 30.243902 55.609756 6.402439
41409 50 0.000000 0.000000 0.000000 38.353661 51.463417 4.024390
41414 50 0.000000 0.000000 0.000000 46.951221 46.707317 6.646342
41419 50 0.000000 0.000000 0.000000 55.914635 39.390244 15.000000
41424 50 0.000000 0.000000 0.000000 63.536587 30.243902 16.707317
41429 50 0.000000 0.000000 0.000000 66.646339 21.219513 10.548780
41434 50 0.000000 0.000000 0.000000 65.853661 12.743903 5.182927
41439 50 0.000000 0.000000 0.000000 63.414635 4.329268 2.682927
41444 50 0.000000 0.000000 0.000000 61.219513 -2.804878 -0.304878
41449 50 0.000000 0.000000 0.000000 59.024391 -7.012195 -4.573171
41454 50 0.000000 0.000000 0.000000 57.012196 -9.451220 -8.048780
41459 50 0.000000 0.000000 0.000000 52.378052 -13.170732 -11.524390
41464 50 0.000000 0.000000 0.000000 43.353661 -15.914635 -14.451220
41469 50 0.000000 0.000000 0.000000 31.951220 -14.573171 -16.158537
41474 50 0.000000 0.000000 0.000000 21.707317 -13.963415 -18.109756
41479 50 0.000000 0.000000 0.000000 10.487805 -16.036585 -22.378050
41484 50 0.000000 0.000000 0.000000 -2.865854 -16.524391 -24.878050
41489 50 0.000000 0.000000 0.000000 -16.036585 -15.975610 -23.475611
41494 50 0.000000 0.000000 0.000000 -28.719513 -17.865854 -22.439024
41499 50 0.000000 0.000000 0.000000 -40.182926 -18.475611 -20.792683
41504 50 0.000000 0.000000 0.000000 -49.329269 -21.890244 -20.548780
41509 50 0.000000 0.000000 0.000000 -55.731709 -27.500000 -21.768293
41514 50 0.000000 0.000000 0.000000 -61.707317 -30.914635 -20.792683
41519 50 0.000000 0.000000 0.000000 -66.585365 -32.682926 -22.926830
41524 50 0.000000 0.000000 0.000000 -69.939026 -34.024391 -29.573172
41529 50 0.000000 0.000000 0.000000 -72.317078 -34.329269 -36.951221
41534 50 0.000000 0.000000 0.000000 -73.841469 -33.048782 -40.182926
41539 50 0.000000 0.000000 0.000000 -71.951218 -31.646341 -40.060978
41544 50 0.000000 0.000000 0.000000 -67.195122 -28.963415 -40.609756
41549 50 0.000000 0.000000 0.000000 -61.890244 -26.097561 -44.146343
41554 50 0.000000 0.000000 0.000000 -55.853661 -22.682928 -46.707317
41559 50 0.000000 0.000000 0.000000 -45.365856 -19.329269 -47.682926
41564 50 0.000000 0.000000 0.000000 -28.658537 -14.390244 -51.707317
41569 50 0.000000 0.000000 0.000000 -11.097561 -8.597561 -57.621952
41574 50 0.000000 0.000000 0.000000 1.829268 -3.231707 -63.170734
41579 50 0.000000 0.000000 0.000000 15.426829 1.219512 -64.756096
41584 50 0.000000 0.000000 0.000000 31.585367 3.292683 -65.304878
41589 50 0.000000 0.000000 0.000000 47.134148 2.621951 -66.646339
41594 50 0.000000 0.000000 0.000000 62.195122 1.890244 -69.573174
41599 50 0.000000 0.000000 0.000000 75.670731 1.097561 -72.743904
41604 50 0.000000 0.000000 0.000000 87.865852 1.890244 -75.182930
41609 50 0.000000 0.000000 0.000000 100.000000 2.804878 -76.280487
41614 50 0.000000 0.000000 0.000000 107.134148 0.792683 -72.926834
41619 50 0.000000 0.000000 0.000000 110.975609 -1.036585 -69.878052
41624 50 0.000000 0.000000 0.000000 111.646347 -5.243903 -70.426834
41629 50 0.000000 0.000000 0.000000 111.890244 -11.524390 -70.243904
41634 50 0.000000 0.000000 0.000000 111.158539 -18.292683 -68.841469
41639 50 0.000000 0.000000 0.000000 107.134148 -25.060976 -68.292686
41644 50 0.000000 0.000000 0.000000 99.512199 -31.707317 -71.402443
41649 50 0.000000 0.000000 0.000000 87.500000 -38.292683 -74.146339
41654 50 0.000000 0.000000 0.000000 73.597565 -43.048782 -74.695122
41659 50 0.000000 0.000000 0.000000 56.280491 -43.719513 -76.280487
41664 50 0.000000 0.000000 0.000000 37.378048 -42.195122 -78.658539
41669 50 0.000000 0.000000 0.000000 17.500000 -39.573174 -79.817078
41674 50 0.000000 0.000000 0.000000 -1.158537 -34.756100 -79.451218
41679 50 0.000000 0.000000 0.000000 -17.743902 -30.121952 -78.658539
41684 50 0.000000 0.000000 0.000000 -33.292683 -23.353659 -78.597565
41689 50 0.000000 0.000000 0.000000 -48.048782 -15.060976 -80.426834
41694 50 0.000000 0.000000 0.000000 -61.890244 -7.256098 -82.682930
41699 50 0.000000 0.000000 0.000000 -75.182930 1.036585 -81.402443
41704 50 0.000000 0.000000 0.000000 -88.597565 12.743903 -78.780487
41709 50 0.000000 0.000000 0.000000 -101.219513 25.731709 -74.878052
41714 50 0.000000 0.000000 0.000000 -109.085365 37.987804 -73.902443
41719 50 0.000000 0.000000 0.000000 -112.195122 48.536587 -75.121956
41724 50 0.000000 0.000000 0.000000 -113.475609 60.853661 -74.756096
41729 50 0.000000 0.000000 0.000000 -114.207321 70.670731 -73.963417
41734 50 0.000000 0.000000 0.000000 -110.243904 74.939026 -72.378052
41739 50 0.000000 0.000000 0.000000 -102.378052 79.207321 -70.853661
41744 50 0.000000 0.000000 0.000000 -91.768295 81.707321 -70.731712
41749 50 0.000000 0.000000 0.000000 -78.353661 82.804878 -71.951218
41754 50 0.000000 0.000000 0.000000 -65.182930 83.658539 -71.219513
41759 50 0.000000 0.000000 0.000000 -51.402439 84.939026 -69.695122
41764 50 0.000000 0.000000 0.000000 -35.792683 84.085365 -69.207321
41769 50 0.000000 0.000000 0.000000 -17.987804 81.097565 -66.707321
41774 50 0.000000 0.000000 0.000000 1.707317 79.695122 -63.597561
41779 50 0.000000 0.000000 0.000000 19.939024 76.463417 -63.963417
41784 50 0.000000 0.000000 0.000000 35.914635 70.670731 -65.243904
41789 50 0.000000 0.000000 0.000000 49.024391 63.780491 -66.097565
41794 50 0.000000 0.000000 0.000000 60.243904 58.231709 -67.256096
41799 50 0.000000 0.000000 0.000000 70.121956 54.756100 -67.987808
41804 50 0.000000 0.000000 0.000000 77.134148 49.085365 -65.914635
41809 50 0.000000 0.000000 0.000000 82.134148 39.268295 -62.987808
41814 50 0.000000 0.000000 0.000000 85.487808 27.012196 -59.634148
41819 50 0.000000 0.000000 0.000000 85.853661 15.487805 -59.573174
41824 50 0.000000 0.000000 0.000000 82.987808 5.914634 -60.121952
41829 50 0.000000 0.000000 0.000000 75.792686 -2.012195 -60.548782
41834 50 0.000000 0.000000 0.000000 65.304878 -9.573171 -62.500000
41839 50 0.000000 0.000000 0.000000 52.500000 -18.719513 -64.695122
41844 50 0.000000 0.000000 0.000000 39.390244 -24.695122 -64.451218
41849 50 0.000000 0.000000 0.000000 26.524391 -26.280489 -60.609756
41854 50 0.000000 0.000000 0.000000 14.390244 -26.890245 -57.439026
41859 50 0.000000 0.000000 0.000000 -0.670732 -27.682928 -60.000000
41864 50 0.000000 0.000000 0.000000 -15.670732 -27.804878 -63.109756
41869 50 0.000000 0.000000 0.000000 -29.024391 -23.658537 -61.768295
41874 50 0.000000 0.000000 0.000000 -40.609756 -14.695123 -61.829269
41879 50 0.000000 0.000000 0.000000 -48.780487 -1.524390 -64.878052
41884 50 0.000000 0.000000 0.000000 -56.402439 14.695123 -68.719513
41889 50 0.000000 0.000000 0.000000 -66.280487 31.036587 -69.634148
41894 50 0.000000 0.000000 0.000000 -75.243904 41.707317 -67.500000
41899 50 0.000000 0.000000 0.000000 -81.768295 57.012196 -62.317074
41904 50 0.000000 0.000000 0.000000 -81.097565 72.987808 -58.475613
41909 50 0.000000 0.000000 0.000000 -79.146347 84.512199 -54.207317
41914 50 0.000000 0.000000 0.000000 -76.402443 92.560974 -53.231709
41919 50 0.000000 0.000000 0.000000 -72.865852 97.073174 -57.073174
41924 50 0.000000 0.000000 0.000000 -67.012199 95.670731 -56.951221
41929 50 0.000000 0.000000 0.000000 -59.878052 89.939026 -53.719513
41934 50 0.000000 0.000000 0.000000 -50.792683 81.646347 -50.182926
41939 50 0.000000 0.000000 0.000000 -40.121952 69.756096 -47.743904
41944 50 0.000000 0.000000 0.000000 -29.390245 58.414635 -43.170734
41949 50 0.000000 0.000000 0.000000 -20.304878 45.487804 -39.695122
41954 50 0.000000 0.000000 0.000000 -9.146341 34.085365 -37.439026
41959 50 0.000000 0.000000 0.000000 2.073171 23.719513 -37.682926
41964 50 0.000000 0.000000 0.000000 12.621951 14.573171 -40.304878
41969 50 0.000000 0.000000 0.000000 24.817074 8.048780 -41.524391
41974 50 0.000000 0.000000 0.000000 39.390244 2.012195 -41.890244
41979 50 0.000000 0.000000 0.000000 52.317074 -5.060976 -43.719513
41984 50 0.000000 0.000000 0.000000 65.731712 -10.121951 -43.963417
41989 50 0.000000 0.000000 0.000000 77.621956 -13.780488 -42.012196
41994 50 0.000000 0.000000 0.000000 86.036591 -19.512196 -44.024391
41999 50 0.000000 0.000000 0.000000 91.402443 -24.756098 -46.219513
42004 50 0.000000 0.000000 0.000000 93.536591 -28.719513 -46.097561
42009 50 0.000000 0.000000 0.000000 93.109756 -32.012196 -45.243904
42014 50 0.000000 0.000000 0.000000 88.353661 -36.890244 -47.682926
42019 50 0.000000 0.000000 0.000000 82.134148 -43.658539 -47.621952
42024 50 10.000000 0.000000 0.000000 75.487808 -50.487804 -44.512196
42029 50 20.000000 0.000000 0.000000 64.207321 -57.865856 -42.743904
42034 50 30.000000 0.000000 0.000000 51.036587 -64.512199 -40.121952
42039 50 30.000000 0.000000 0.000000 36.951221 -68.719513 -35.975609
42044 50 30.000000 0.000000 0.000000 23.597561 -69.878052 -31.890245
42049 50 40.000000 0.000000 0.000000 10.914635 -69.207321 -27.317074
42054 50 50.000000 0.000000 0.000000 1.585366 -67.317078 -20.731709
42059 50 50.000000 0.000000 0.000000 -2.804878 -64.695122 -14.268293
42064 50 50.000000 0.000000 0.000000 -5.487805 -61.524391 -12.012196
42069 50 60.000000 0.000000 0.000000 -9.085366 -56.585365 -13.841464
42074 50 70.000000 0.000000 0.000000 -11.402439 -47.804878 -12.317074
42079 50 70.000000 0.000000 0.000000 -14.024390 -40.243904 -5.182927
42084 50 70.000000 0.000000 0.000000 -14.573171 -34.207317 3.902439
42089 50 70.000000 0.000000 0.000000 -13.048780 -28.963415 10.548780
42094 50 80.000000 0.000000 0.000000 -9.146341 -22.804878 14.939025
42099 50 80.000000 0.000000 0.000000 -5.000000 -15.121951 16.768293
42104 50 80.000000 0.000000 0.000000 -2.439024 -9.939025 19.817074
42109 50 80.000000 0.000000 0.000000 2.317073 -6.829268 22.500000
42114 50 80.000000 0.000000 0.000000 8.109756 -6.646342 22.134148
42119 50 80.000000 0.000000 0.000000 14.268293 -9.634147 22.073172
42124 50 80.000000 0.000000 0.000000 21.890244 -15.060976 23.170732
42129 50 80.000000 0.000000 0.000000 32.560978 -20.487804 26.890245
42134 50 90.000000 0.000000 0.000000 43.780487 -26.341463 29.146341
42139 50 90.000000 0.000000 0.000000 52.987804 -32.621952 31.890245
42144 50 90.000000 0.000000 0.000000 62.134148 -37.073170 38.658539
42149 50 90.000000 0.000000 0.000000 74.817078 -41.890244 43.902439
42154 50 90.000000 0.000000 0.000000 91.341469 -46.463417 41.707317
42159 50 90.000000 0.000000 0.000000 106.280487 -49.024391 34.878048
42164 50 90.000000 0.000000 0.000000 119.207321 -49.695122 33.414635
42169 50 90.000000 0.000000 0.000000 131.707321 -48.963417 36.036587
42174 50 90.000000 0.000000 0.000000 143.353668 -48.231709 37.865856
42179 50 90.000000 0.000000 0.000000 153.597565 -47.743904 40.792683
42184 50 90.000000 0.000000 0.000000 161.402435 -48.475613 42.865856
42189 50 90.000000 0.000000 0.000000 165.548782 -49.695122 45.121952
42194 50 90.000000 0.000000 0.000000 165.121948 -49.573174 47.195122
42199 50 90.000000 0.000000 0.000000 162.682938 -48.658539 49.085365
42204 50 90.000000 0.000000 0.000000 157.926834 -48.170734 49.024391
42209 50 90.000000 0.000000 0.000000 148.170731 -48.048782 49.390244
42214 50 90.000000 0.000000 0.000000 134.695129 -45.731709 54.024391
42219 50 90.000000 0.000000 0.000000 120.426834 -43.475613 62.926830
42224 50 90.000000 0.000000 0.000000 105.304878 -42.621952 71.585365
42229 50 90.000000 0.000000 0.000000 93.658539 -41.097561 81.158539
42234 50 90.000000 0.000000 0.000000 83.292686 -37.987804 89.573174
42239 50 90.000000 0.000000 0.000000 71.158539 -33.658539 94.756104
42244 50 90.000000 0.000000 0.000000 56.768295 -28.231709 98.231712
42249 50 100.000000 0.000000 0.000000 44.146343 -21.951220 98.414635
42254 50 100.000000 0.000000 0.000000 32.439026 -16.707317 98.597565
42259 50 100.000000 0.000000 0.000000 23.658537 -10.853659 104.573174
42264 50 100.000000 0.000000 0.000000 13.292684 -5.548780 111.341469
42269 50 110.000000 0.000000 0.000000 3.658537 -0.243902 117.682930
42274 50 110.000000 0.000000 0.000000 -4.695122 5.914634 121.219513
42279 50 110.000000 0.000000 0.000000 -12.987805 11.097561 123.170738
42284 50 110.000000 0.000000 0.000000 -16.524391 13.841464 127.073174
42289 50 120.000000 0.000000 0.000000 -15.426829 14.634147 134.756104
42294 50 120.000000 0.000000 0.000000 -14.024390 15.243903 140.670731
42299 50 120.000000 0.000000 0.000000 -10.792684 17.134148 144.085373
42304 50 120.000000 0.000000 0.000000 -5.670732 21.280489 147.987808
42309 50 120.000000 0.000000 0.000000 1.707317 26.402439 150.853668
42314 50 120.000000 0.000000 0.000000 12.560976 31.341465 148.475616
42319 50 120.000000 0.000000 0.000000 29.756098 35.182926 146.402435
42324 50 130.000000 0.000000 0.000000 48.170734 38.597561 142.743912
42329 50 130.000000 0.000000 0.000000 68.292686 41.036587 142.560974
42334 50 130.000000 0.000000 0.000000 85.853661 42.439026 145.487808
42339 50 130.000000 0.000000 0.000000 100.182930 44.451221 148.902435
42344 50 130.000000 0.000000 0.000000 112.865860 44.207317 153.414642
42349 50 120.000000 0.000000 0.000000 124.756104 41.890244 162.926834
42354 50 120.000000 0.000000 0.000000 133.597565 39.024391 170.853668
42359 50 120.000000 0.000000 0.000000 139.817078 37.317074 176.280487
42364 50 120.000000 0.000000 0.000000 146.341461 36.158539 180.609756
42369 50 110.000000 0.000000 0.000000 151.463425 31.280489 183.353668
42374 50 110.000000 0.000000 0.000000 154.695129 25.000000 183.963425
42379 50 100.000000 0.000000 0.000000 154.451218 21.768293 185.548782
42384 50 90.000000 0.000000 0.000000 150.914642 22.134148 191.524399
42389 50 70.000000 0.000000 0.000000 143.231705 21.036587 195.548782
42394 50 70.000000 0.000000 0.000000 134.024399 20.182928 196.829269
42399 50 50.000000 0.000000 0.000000 125.121956 20.731709 199.634155
42404 50 20.000000 0.000000 0.000000 113.902443 20.975611 203.414642
42409 50 0.000000 0.000000 0.000000 103.170731 23.170732 206.097565
42414 50 0.000000 0.000000 0.000000 94.756104 27.073172 208.719513
42419 50 0.000000 0.000000 0.000000 83.780487 31.280489 211.524399
42424 50 0.000000 0.000000 0.000000 68.231712 37.560978 215.975616
42429 50 0.000000 0.000000 0.000000 47.987804 44.024391 221.707321
42434 50 0.000000 0.000000 0.000000 24.817074 52.134148 226.951218
42439 50 0.000000 0.000000 0.000000 0.182927 60.548782 230.487808
42444 50 0.000000 0.000000 0.000000 -26.097561 68.536591 233.231720
42449 50 0.000000 0.000000 0.000000 -53.902439 76.463417 234.695129
42454 50 0.000000 0.000000 0.000000 -79.512199 84.085365 237.987808
42459 50 0.000000 0.000000 0.000000 -102.256104 91.463417 243.963425
42464 50 0.000000 0.000000 0.000000 -120.609756 93.414635 246.036591
42469 50 0.000000 0.000000 0.000000 -137.621948 92.256104 249.756104
42474 50 0.000000 0.000000 0.000000 -143.597565 89.207321 255.670731
42479 50 0.000000 0.000000 0.000000 -146.829269 86.707321 257.134155
42484 50 0.000000 0.000000 0.000000 -148.841461 85.853661 257.621948
42489 50 0.000000 0.000000 0.000000 -146.036591 84.146347 259.024384
42494 50 0.000000 0.000000 0.000000 -138.414642 82.865852 263.170746
42499 50 0.000000 0.000000 0.000000 -128.475616 82.439026 269.390259
42504 50 0.000000 0.000000 0.000000 -116.524391 84.329269 274.146362
42509 50 0.000000 0.000000 0.000000 -99.451225 88.658539 276.524384
42514 50 0.000000 0.000000 0.000000 -77.378052 93.963417 277.317078
42519 50 0.000000 0.000000 0.000000 -53.109756 102.073174 278.780487
42524 50 0.000000 0.000000 0.000000 -29.756098 110.243904 280.609772
42529 50 0.000000 0.000000 0.000000 -7.378049 116.463417 281.402435
42534 50 0.000000 0.000000 0.000000 13.658537 120.975609 282.134155
42539 50 0.000000 0.000000 0.000000 34.573170 124.451225 280.548798
42544 50 0.000000 0.000000 0.000000 53.475613 127.865860 279.085358
42549 50 0.000000 0.000000 0.000000 69.817078 128.963425 279.878052
42554 50 0.000000 0.000000 0.000000 84.451225 128.963425 280.426849
42559 50 0.000000 0.000000 0.000000 97.378052 127.317078 279.024384
42564 50 0.000000 0.000000 0.000000 107.378052 123.475609 276.097565
42569 50 0.000000 0.000000 0.000000 115.243904 118.170738 274.573181
42574 50 0.000000 0.000000 0.000000 120.304878 110.426834 272.804871
42579 50 0.000000 0.000000 0.000000 122.865860 100.914635 268.719513
42584 50 0.000000 0.000000 0.000000 123.170738 92.317078 268.292694
42589 50 0.000000 0.000000 0.000000 120.182930 82.804878 270.487823
42594 50 0.000000 0.000000 0.000000 116.158539 71.585365 270.304871
42599 50 0.000000 0.000000 0.000000 108.353661 61.646343 269.451233
42604 50 0.000000 0.000000 0.000000 97.865852 52.865856 269.085358
42609 50 0.000000 0.000000 0.000000 86.036591 42.682926 267.743896
42614 50 0.000000 0.000000 0.000000 75.426834 32.804878 266.890259
42619 50 0.000000 0.000000 0.000000 62.682930 26.402439 267.073181
42624 50 0.000000 0.000000 0.000000 46.097561 22.804878 265.975616
42629 50 0.000000 0.000000 0.000000 27.865854 21.890244 264.085358
42634 50 0.000000 0.000000 0.000000 8.963415 24.146341 258.719513
42639 50 0.000000 0.000000 0.000000 -10.000000 27.804878 254.939026
42644 50 0.000000 0.000000 0.000000 -31.219513 35.182926 254.695129
42649 50 0.000000 0.000000 0.000000 -50.792683 44.390244 255.731720
42654 50 0.000000 0.000000 0.000000 -67.926834 53.902439 258.353668
42659 50 0.000000 0.000000 0.000000 -85.060974 64.024391 257.621948
42664 50 0.000000 0.000000 0.000000 -100.548782 73.109756 257.195129
42669 50 0.000000 0.000000 0.000000 -114.207321 80.548782 259.878052
42674 50 0.000000 0.000000 0.000000 -126.036591 88.902443 265.487823
42679 50 0.000000 0.000000 0.000000 -132.682922 96.585365 270.975616
42684 50 0.000000 0.000000 0.000000 -135.487808 105.243904 275.243896
42689 50 0.000000 0.000000 0.000000 -134.878052 114.146347 279.390259
42694 50 0.000000 0.000000 0.000000 -130.670731 120.548782 282.621948
42699 50 0.000000 0.000000 0.000000 -120.182930 123.841469 285.609772
42704 50 0.000000 0.000000 0.000000 -104.634148 126.524391 285.426849
42709 50 0.000000 0.000000 0.000000 -87.621956 128.353668 283.841461
42714 50 0.000000 0.000000 0.000000 -69.573174 129.939026 282.926849
42719 50 0.000000 0.000000 0.000000 -49.573174 130.365860 282.926849
42724 50 0.000000 0.000000 0.000000 -29.817074 129.878052 279.512207
42729 50 0.000000 0.000000 0.000000 -10.914635 127.500000 272.378052
42734 50 0.000000 0.000000 0.000000 7.743903 121.219513 266.341461
42739 50 0.000000 0.000000 0.000000 26.280489 111.585365 262.865845
42744 50 0.000000 0.000000 0.000000 43.536587 100.487808 258.963409
42749 50 0.000000 0.000000 0.000000 58.658539 90.487808 255.304886
42754 50 0.000000 0.000000 0.000000 70.731712 77.439026 251.036591
42759 50 0.000000 0.000000 0.000000 82.012199 61.524391 248.353668
42764 50 -10.000000 0.000000 0.000000 94.329269 43.536587 246.219513
42769 50 -20.000000 0.000000 0.000000 107.682930 22.560976 243.231720
42774 50 -20.000000 0.000000 0.000000 118.902443 2.378049 241.036591
42779 50 -30.000000 0.000000 0.000000 125.731712 -13.109756 242.926834
42784 50 -30.000000 0.000000 0.000000 126.158539 -23.658537 245.670731
42789 50 -40.000000 0.000000 0.000000 119.939026 -31.158537 248.780487
42794 50 -40.000000 0.000000 0.000000 109.085365 -37.073170 250.426834
42799 50 -50.000000 0.000000 0.000000 94.329269 -40.853661 249.817078
42804 50 -50.000000 0.000000 0.000000 75.975609 -43.109756 249.634155
42809 50 -50.000000 0.000000 0.000000 53.536587 -45.792683 248.658539
42814 50 -50.000000 0.000000 0.000000 27.804878 -48.536587 247.987808
42819 50 -50.000000 0.000000 0.000000 0.853659 -49.573174 248.414642
42824 50 -60.000000 0.000000 0.000000 -26.707317 -49.207317 247.317078
42829 50 -60.000000 0.000000 0.000000 -54.573174 -47.804878 245.548782
42834 50 -60.000000 0.000000 0.000000 -82.317078 -42.560978 245.914642
42839 50 -70.000000 0.000000 0.000000 -108.475609 -33.658539 245.731720
42844 50 -70.000000 0.000000 0.000000 -133.048782 -22.317074 242.500000
42849 50 -80.000000 0.000000 0.000000 -154.268295 -6.707317 240.060974
42854 50 -80.000000 0.000000 0.000000 -172.926834 10.853659 238.780487
42859 50 -90.000000 0.000000 0.000000 -190.000000 30.060976 240.243912
42864 50 -90.000000 0.000000 0.000000 -203.292694 51.707317 242.804886
42869 50 -100.000000 0.000000 0.000000 -213.597565 78.841469 244.207321
42874 50 -100.000000 0.000000 0.000000 -219.146347 106.524391 244.268295
42879 50 -110.000000 0.000000 0.000000 -226.036591 137.012192 244.512207
42884 50 -110.000000 0.000000 0.000000 -230.060974 168.658539 243.841476
42889 50 -120.000000 0.000000 0.000000 -230.365860 197.073181 242.865860
42894 50 -120.000000 0.000000 0.000000 -231.036591 221.402451 240.975616
42899 50 -120.000000 0.000000 0.000000 -229.695129 238.841476 235.548782
42904 50 -130.000000 0.000000 0.000000 -225.731720 244.634155 228.292694
42909 50 -140.000000 0.000000 0.000000 -216.768295 241.585373 222.378052
42914 50 -140.000000 0.000000 0.000000 -204.878052 230.426834 218.292694
42919 50 -140.000000 0.000000 0.000000 -191.158539 210.487808 215.792694
42924 50 -150.000000 0.000000 0.000000 -178.353668 180.060974 210.792694
42929 50 -160.000000 0.000000 0.000000 -171.280487 139.085373 200.975616
42934 50 -160.000000 0.000000 0.000000 -162.073181 92.865852 185.000000
42939 50 -160.000000 0.000000 0.000000 -140.914642 58.353661 161.280487
42944 50 -170.000000 0.000000 0.000000 -106.707321 41.829269 134.390244
42949 50 -170.000000 0.000000 0.000000 -69.634148 34.329269 105.426834
42954 50 -170.000000 0.000000 0.000000 -40.426830 27.804878 74.024391
42959 50 -180.000000 0.000000 0.000000 -21.646341 19.268293 44.024391
42964 50 -180.000000 0.000000 0.000000 -10.182927 10.792684 18.841463
42969 50 -180.000000 0.000000 0.000000 -2.439024 7.439024 -1.280488
42974 50 -180.000000 0.000000 0.000000 3.170732 11.524390 -15.792684
42979 50 -180.000000 0.000000 0.000000 7.987805 19.207317 -24.085367
42984 50 -180.000000 0.000000 0.000000 8.841464 29.451220 -26.524391
42989 50 -180.000000 0.000000 0.000000 4.878049 37.378048 -19.451220
42994 50 -180.000000 0.000000 0.000000 -8.353659 37.865856 -7.317073
42999 50 -170.000000 0.000000 0.000000 -28.353659 33.048782 6.951220
43004 50 -160.000000 0.000000 0.000000 -51.219513 25.609756 21.524391
43009 50 -160.000000 0.000000 0.000000 -74.512199 18.170732 37.439026
43014 50 -140.000000 0.000000 0.000000 -98.658539 11.524390 54.390244
43019 50 -130.000000 0.000000 0.000000 -124.085365 5.792683 70.426834
43024 50 -130.000000 0.000000 0.000000 -147.987808 0.975610 82.804878
43029 50 -120.000000 0.000000 0.000000 -168.048782 -2.560976 95.853661
43034 50 -120.000000 0.000000 0.000000 -189.085373 -4.085366 112.134148
43039 50 -110.000000 0.000000 0.000000 -201.890244 -1.646341 122.317078
43044 50 -100.000000 0.000000 0.000000 -209.756104 1.646341 130.365860
43049 50 -100.000000 0.000000 0.000000 -211.524399 4.024390 138.109756
43054 50 -100.000000 0.000000 0.000000 -210.060974 7.682927 142.256104
43059 50 -90.000000 0.000000 0.000000 -204.939026 12.987805 141.890244
43064 50 -90.000000 0.000000 0.000000 -196.524399 20.609756 137.378052
43069 50 -90.000000 0.000000 0.000000 -185.000000 32.926830 132.134155
43074 50 -80.000000 0.000000 0.000000 -171.463425 52.317074 122.621956
43079 50 -80.000000 0.000000 0.000000 -153.475616 75.975609 107.804878
43084 50 -80.000000 0.000000 0.000000 -131.341461 101.585365 86.158539
43089 50 -80.000000 0.000000 0.000000 -107.195122 128.597565 57.439026
43094 50 -70.000000 0.000000 0.000000 -78.414635 156.707321 24.817074
43099 50 -70.000000 0.000000 0.000000 -47.134148 186.524399 -12.012196
43104 50 -60.000000 0.000000 0.000000 -11.036586 219.390244 -51.341465
43109 50 -60.000000 0.000000 0.000000 30.365854 250.731720 -94.878052
43114 50 -60.000000 0.000000 0.000000 76.219513 279.878052 -137.743912
43119 50 -60.000000 0.000000 0.000000 125.000000 302.256104 -178.048782
43124 50 -60.000000 0.000000 0.000000 174.024399 319.146362 -214.451218
43129 50 -50.000000 0.000000 0.000000 222.926834 330.060974 -246.890244
43134 50 -50.000000 0.000000 0.000000 270.731720 332.987823 -272.317078
43139 50 -50.000000 0.000000 0.000000 311.829285 329.817078 -288.475616
43144 50 -50.000000 0.000000 0.000000 345.304901 319.878052 -291.097565
43149 50 -50.000000 0.000000 0.000000 368.780487 302.987823 -287.256104
43154 50 -50.000000 0.000000 0.000000 379.817078 278.475616 -286.280487
43159 50 -50.000000 0.000000 0.000000 379.695129 249.695129 -290.243896
43164 50 -50.000000 0.000000 0.000000 370.731720 218.292694 -296.951233
43169 50 -50.000000 0.000000 0.000000 351.646362 184.939026 -304.024384
43174 50 -50.000000 0.000000 0.000000 321.219513 151.341461 -312.500000
43179 50 -50.000000 0.000000 0.000000 282.256104 114.573174 -324.146362
43184 50 -50.000000 0.000000 0.000000 234.695129 77.378052 -336.524384
43189 50 -50.000000 0.000000 0.000000 180.487808 42.500000 -349.634155
43194 50 -50.000000 0.000000 0.000000 121.829269 11.280488 -364.024384
43199 50 -60.000000 0.000000 0.000000 61.524391 -14.573171 -379.878052
43204 50 -60.000000 0.000000 0.000000 2.987805 -36.036587 -397.378052
43209 50 -60.000000 0.000000 0.000000 -53.902439 -49.695122 -417.500000
43214 50 -60.000000 0.000000 0.000000 -108.841469 -56.829269 -439.695129
43219 50 -60.000000 0.000000 0.000000 -161.524399 -55.975613 -464.756104
43224 50 -60.000000 0.000000 0.000000 -209.817078 -46.707317 -492.378052
43229 50 -60.000000 0.000000 0.000000 -249.207321 -26.707317 -520.609741
43234 50 -60.000000 0.000000 0.000000 -280.670746 4.451220 -549.939026
43239 50 -60.000000 0.000000 0.000000 -301.219513 46.341465 -582.439026
43244 50 -60.000000 0.000000 0.000000 -308.841461 99.451225 -616.829285
43249 50 -60.000000 0.000000 0.000000 -303.780487 162.500000 -650.000000
43254 50 -60.000000 0.000000 0.000000 -289.085358 229.878052 -679.085388
43259 50 -60.000000 0.000000 0.000000 -264.573181 299.573181 -705.548767
43264 50 -60.000000 0.000000 0.000000 -233.109756 372.378052 -732.439026
43269 50 -50.000000 0.000000 0.000000 -194.817078 442.865875 -760.426819
43274 50 -50.000000 0.000000 0.000000 -144.817078 498.353668 -789.207336
43279 50 -50.000000 0.000000 0.000000 -79.451218 557.073181 -818.475647
43284 50 -50.000000 0.000000 0.000000 -8.963415 612.317078 -846.341492
43289 50 -40.000000 0.000000 0.000000 61.219513 653.719543 -870.792725
43294 50 -30.000000 0.000000 0.000000 131.524399 678.048767 -893.597595
43299 50 -20.000000 0.000000 0.000000 201.463425 684.329285 -914.146362
43304 50 -20.000000 0.000000 0.000000 266.646362 669.573181 -930.914673
43309 50 -10.000000 0.000000 0.000000 326.890259 638.536621 -939.878052
43314 50 0.000000 0.000000 0.000000 373.597565 587.500000 -938.353699
43319 50 0.000000 0.000000 0.000000 402.195129 520.731689 -924.146362
43324 50 0.000000 0.000000 0.000000 415.365875 446.341461 -898.414673
43329 50 0.000000 0.000000 0.000000 413.658539 369.268311 -867.073181
43334 50 0.000000 0.000000 0.000000 397.134155 287.987823 -828.902466
43339 50 0.000000 0.000000 0.000000 371.646362 211.951218 -781.707336
43344 50 0.000000 0.000000 0.000000 334.268311 146.341461 -730.792725
43349 50 0.000000 0.000000 0.000000 287.073181 92.073174 -678.841492
43354 50 0.000000 0.000000 0.000000 235.548782 51.646343 -627.317078
43359 50 0.000000 0.000000 0.000000 183.597565 27.073172 -572.195129
43364 50 0.000000 0.000000 0.000000 134.573181 19.878050 -526.890259
43369 50 0.000000 0.000000 0.000000 87.256096 30.304878 -492.804901
43374 50 0.000000 0.000000 0.000000 46.829269 54.329269 -460.304901
43379 50 0.000000 0.000000 0.000000 13.170732 89.024391 -429.878052
43384 50 0.000000 0.000000 0.000000 -12.865854 132.500000 -407.560974
43389 50 0.000000 0.000000 0.000000 -32.560978 181.890244 -395.731720
43394 50 0.000000 0.000000 0.000000 -43.597561 233.597565 -393.353668
43399 50 0.000000 0.000000 0.000000 -47.500000 282.317078 -399.207336
43404 50 0.000000 0.000000 0.000000 -45.304878 326.158539 -410.975616
43409 50 0.000000 0.000000 0.000000 -39.817074 365.182922 -429.573181
43414 50 0.000000 0.000000 0.000000 -32.682926 398.231720 -450.975616
43419 50 0.000000 0.000000 0.000000 -24.512196 419.390259 -473.109772
43424 50 0.000000 0.000000 0.000000 -15.182927 422.378052 -494.390259
43429 50 0.000000 0.000000 0.000000 -2.378049 418.597565 -515.304871
43434 50 0.000000 0.000000 0.000000 11.585366 409.207336 -532.682922
43439 50 0.000000 0.000000 0.000000 22.500000 390.670746 -547.865845
43444 50 0.000000 0.000000 0.000000 30.853659 365.243896 -557.987793
43449 50 0.000000 0.000000 0.000000 38.841465 335.792694 -558.109741
43454 50 0.000000 0.000000 0.000000 43.597561 308.719513 -550.060974
43459 50 0.000000 0.000000 0.000000 43.048782 274.573181 -539.451233
43464 50 0.000000 0.000000 0.000000 38.536587 232.134155 -534.146362
43469 50 0.000000 0.000000 0.000000 33.536587 184.878052 -530.792725
43474 50 0.000000 0.000000 0.000000 26.707317 143.048782 -525.243896
43479 50 0.000000 0.000000 0.000000 15.365854 111.463417 -517.134155
43484 50 0.000000 0.000000 0.000000 -0.487805 87.500000 -505.914642
43489 50 0.000000 0.000000 0.000000 -20.060976 64.756096 -495.121948
43494 50 0.000000 0.000000 0.000000 -39.207317 43.353661 -484.390259
43499 50 0.000000 0.000000 0.000000 -56.646343 28.658537 -474.756104
43504 50 0.000000 0.000000 0.000000 -69.817078 27.134148 -464.329285
43509 50 0.000000 0.000000 0.000000 -74.573174 39.756100 -452.500000
43514 50 0.000000 0.000000 0.000000 -72.378052 63.475613 -441.097565
43519 50 0.000000 0.000000 0.000000 -66.158539 92.012199 -430.914642
43524 50 0.000000 0.000000 0.000000 -53.170734 124.817078 -421.341461
43529 50 0.000000 0.000000 0.000000 -36.890244 159.756104 -413.231720
43534 50 0.000000 0.000000 0.000000 -16.585365 197.134155 -408.536591
43539 50 0.000000 0.000000 0.000000 9.268292 236.829269 -407.682922
43544 50 0.000000 0.000000 0.000000 36.280487 273.353668 -407.134155
43549 50 0.000000 0.000000 0.000000 62.743904 305.609772 -405.121948
43554 50 0.000000 0.000000 0.000000 86.829269 331.280487 -402.560974
43559 50 0.000000 0.000000 0.000000 110.121956 352.865875 -401.890259
43564 50 0.000000 0.000000 0.000000 131.829269 369.634155 -405.609772
43569 50 0.000000 0.000000 0.000000 150.853668 377.621948 -411.158539
43574 50 0.000000 0.000000 0.000000 165.060974 376.707336 -415.975616
43579 50 0.000000 0.000000 0.000000 175.792694 369.512207 -427.682922
43584 50 0.000000 0.000000 0.000000 181.402451 362.560974 -447.560974
43589 50 0.000000 0.000000 0.000000 182.012192 360.182922 -471.097565
43594 50 0.000000 0.000000 0.000000 176.036591 353.841461 -493.902435
43599 50 0.000000 0.000000 0.000000 160.365860 337.682922 -513.658569
43604 50 0.000000 0.000000 0.000000 134.390244 303.658539 -531.585388
43609 50 0.000000 0.000000 0.000000 119.024391 259.878052 -527.439026
43614 50 0.000000 0.000000 0.000000 105.365852 213.536591 -514.817078
43619 50 0.000000 0.000000 0.000000 85.487808 164.024399 -505.914642
43624 50 0.000000 0.000000 0.000000 61.341465 110.121956 -493.048798
43629 50 0.000000 0.000000 0.000000 33.780487 59.451221 -468.719513
43634 50 0.000000 0.000000 0.000000 4.939024 15.365854 -439.756104
43639 50 0.000000 0.000000 0.000000 -25.060976 -24.329269 -409.085388
43644 50 0.000000 0.000000 0.000000 -52.987804 -56.097561 -379.817078
43649 50 0.000000 0.000000 0.000000 -79.878052 -79.512199 -354.512207
43654 50 0.000000 0.000000 0.000000 -104.817078 -96.097565 -330.853668
43659 50 0.000000 0.000000 0.000000 -126.341469 -106.768295 -307.682922
43664 50 0.000000 0.000000 0.000000 -146.951218 -114.146347 -284.634155
43669 50 0.000000 0.000000 0.000000 -166.402435 -117.500000 -262.743896
43674 50 0.000000 0.000000 0.000000 -177.743912 -110.731712 -244.329269
43679 50 0.000000 0.000000 0.000000 -178.536591 -94.024391 -231.097565
43684 50 0.000000 0.000000 0.000000 -170.487808 -71.829269 -221.585373
43689 50 0.000000 0.000000 0.000000 -155.426834 -46.280487 -212.804886
43694 50 0.000000 0.000000 0.000000 -133.231705 -18.414635 -203.719513
43699 50 0.000000 0.000000 0.000000 -106.585365 9.451220 -193.170731
43704 50 0.000000 0.000000 0.000000 -75.000000 38.109756 -183.048782
43709 50 0.000000 0.000000 0.000000 -35.182926 70.121956 -177.987808
43714 50 0.000000 0.000000 0.000000 6.524390 102.926834 -177.317078
43719 50 0.000000 0.000000 0.000000 26.158537 160.792694 -184.085373
43724 50 0.000000 0.000000 0.000000 -0.243902 280.060974 -202.560974
43729 50 0.000000 0.000000 0.000000 2.256098 406.463409 -259.451233
43734 50 0.000000 0.000000 0.000000 74.573174 441.768311 -324.939026
43739 50 0.000000 0.000000 0.000000 163.597565 407.743927 -352.621948
43744 50 0.000000 0.000000 0.000000 219.695129 356.707336 -347.621948
43749 50 0.000000 0.000000 0.000000 240.914642 314.146362 -332.804871
43754 50 0.000000 0.000000 0.000000 239.268295 279.573181 -312.195129
43759 50 0.000000 0.000000 0.000000 224.634155 239.634155 -277.439026
43764 50 0.000000 0.000000 0.000000 197.317078 191.829269 -228.353668
43769 50 0.000000 0.000000 0.000000 146.036591 146.707321 -182.195129
43774 50 0.000000 0.000000 0.000000 59.451221 124.512199 -142.682938
43779 50 0.000000 0.000000 0.000000 -43.536587 109.939026 -98.475609
43784 50 0.000000 0.000000 0.000000 -101.402443 65.060974 -77.560974
43789 50 0.000000 0.000000 0.000000 -106.951225 -12.256098 -86.341469
43794 50 0.000000 0.000000 0.000000 -116.707321 -87.987808 -90.182930
43799 50 0.000000 0.000000 0.000000 -157.134155 -141.036591 -72.012199
43804 50 0.000000 0.000000 0.000000 -209.085373 -174.146347 -38.536587
43809 50 0.000000 0.000000 0.000000 -246.097565 -196.829269 -5.304878
43814 50 0.000000 0.000000 0.000000 -253.231720 -215.731705 14.329268
43819 50 0.000000 0.000000 0.000000 -235.365860 -228.231720 20.304878
43824 50 0.000000 0.000000 0.000000 -201.402451 -231.890244 22.439024
43829 50 0.000000 0.000000 0.000000 -159.695129 -222.560974 28.902439
43834 50 0.000000 0.000000 0.000000 -113.658539 -204.817078 37.439026
43839 50 0.000000 0.000000 0.000000 -62.256100 -179.695129 49.390244
43844 50 0.000000 0.000000 0.000000 -6.097561 -152.256104 64.878052
43849 50 0.000000 0.000000 0.000000 53.292683 -121.707321 80.670731
43854 50 0.000000 0.000000 0.000000 119.024391 -86.768295 91.402443
43859 50 0.000000 0.000000 0.000000 187.804886 -48.597561 98.414635
43864 50 0.000000 0.000000 0.000000 255.060974 -10.487805 108.109756
43869 50 0.000000 0.000000 0.000000 312.621948 19.451220 124.695122
43874 50 0.000000 0.000000 0.000000 360.914642 40.365856 143.902435
43879 50 0.000000 0.000000 0.000000 400.548798 53.475613 160.365860
43884 50 0.000000 0.000000 0.000000 431.402435 54.146343 171.585373
43889 50 0.000000 0.000000 0.000000 453.109772 42.865856 179.024399
43894 50 0.000000 0.000000 0.000000 466.768311 21.707317 181.036591
43899 50 0.000000 0.000000 0.000000 477.317078 -10.853659 179.451218
43904 50 0.000000 0.000000 0.000000 488.536591 -55.670734 177.012192
43909 50 0.000000 0.000000 0.000000 494.634155 -106.341469 174.878052
43914 50 0.000000 0.000000 0.000000 467.500000 -149.573181 162.926834
43919 50 0.000000 0.000000 0.000000 398.414642 -173.902451 133.292679
43924 50 0.000000 0.000000 0.000000 308.597565 -185.853668 97.317078
43929 50 0.000000 0.000000 0.000000 218.780487 -199.268295 70.853661
43934 50 0.000000 0.000000 0.000000 143.414642 -222.012207 61.219513
43939 50 0.000000 0.000000 0.000000 88.597565 -252.500000 64.024391
43944 50 0.000000 0.000000 0.000000 50.304878 -283.536591 68.048782
43949 50 0.000000 0.000000 0.000000 20.670732 -308.719513 68.109756
43954 50 0.000000 0.000000 0.000000 -2.256098 -322.317078 67.195122
43959 50 0.000000 0.000000 0.000000 -19.085367 -323.475616 65.853661
43964 50 0.000000 0.000000 0.000000 -30.000000 -318.048798 68.841469
43969 50 0.000000 0.000000 0.000000 -28.963415 -306.402435 78.292686
43974 50 0.000000 0.000000 0.000000 -15.365854 -286.341461 87.987808
43979 50 0.000000 0.000000 0.000000 8.292683 -255.792694 96.463417
43984 50 0.000000 0.000000 0.000000 44.573174 -212.621964 104.451225
43989 50 0.000000 0.000000 0.000000 89.939026 -160.426834 107.134148
43994 50 0.000000 0.000000 0.000000 140.853668 -106.402443 105.853661
43999 50 0.000000 0.000000 0.000000 194.268295 -55.609756 103.048782
44004 50 0.000000 0.000000 0.000000 248.841476 -12.621951 100.060982
44009 50 0.000000 0.000000 0.000000 298.841461 16.707317 98.841469
44014 50 0.000000 0.000000 0.000000 342.134155 35.548782 97.926834
44019 50 0.000000 0.000000 0.000000 374.207336 40.000000 97.317078
44024 50 0.000000 0.000000 0.000000 393.048798 26.707317 98.414635
44029 50 0.000000 0.000000 0.000000 396.890259 -3.658537 100.914635
44034 50 0.000000 0.000000 0.000000 387.500000 -46.219513 101.768295
44039 50 0.000000 0.000000 0.000000 368.597565 -98.902443 103.719513
44044 50 0.000000 0.000000 0.000000 340.853668 -157.378052 114.512199
44049 50 0.000000 0.000000 0.000000 302.195129 -219.878052 127.500000
44054 50 0.000000 0.000000 0.000000 255.975616 -282.560974 140.731705
44059 50 0.000000 0.000000 0.000000 207.682938 -341.219513 157.865860
44064 50 0.000000 0.000000 0.000000 160.731705 -392.439026 179.817078
44069 50 0.000000 0.000000 0.000000 117.317078 -434.390259 204.634155
44074 50 0.000000 0.000000 0.000000 78.231712 -467.012207 232.500000
44079 50 0.000000 0.000000 0.000000 44.634148 -482.500000 257.621948
44084 50 0.000000 0.000000 0.000000 25.000000 -479.939026 274.207336
44089 50 0.000000 0.000000 0.000000 23.902439 -460.853668 287.682922
44094 50 0.000000 0.000000 0.000000 39.451221 -423.902435 305.365875
44099 50 0.000000 0.000000 0.000000 67.926834 -370.304901 326.585388
44104 50 0.000000 0.000000 0.000000 109.085365 -300.487823 348.597565
44109 50 0.000000 0.000000 0.000000 162.439026 -219.512207 363.048798
44114 50 0.000000 0.000000 0.000000 221.158539 -137.378052 370.365875
44119 50 0.000000 0.000000 0.000000 282.743896 -60.731709 373.414642
44124 50 0.000000 0.000000 0.000000 344.817078 7.256098 374.512207
44129 50 0.000000 0.000000 0.000000 402.865875 63.414635 371.951233
44134 50 0.000000 0.000000 0.000000 454.024414 104.939026 369.085388
44139 50 0.000000 0.000000 0.000000 501.951233 132.682922 369.085388
44144 50 0.000000 0.000000 0.000000 533.658569 149.756104 375.670746
44149 50 0.000000 0.000000 0.000000 555.304871 158.658539 387.012207
44154 50 0.000000 0.000000 0.000000 570.487793 159.390244 397.256104
44159 50 0.000000 0.000000 0.000000 577.317078 151.524399 406.219513
44164 50 0.000000 0.000000 0.000000 576.280518 135.182922 416.768311
44169 50 0.000000 0.000000 0.000000 567.987793 114.695122 425.243927
44174 50 0.000000 0.000000 0.000000 551.585388 82.560974 434.146362
44179 50 0.000000 0.000000 0.000000 531.463440 49.146343 440.975616
44184 50 0.000000 0.000000 0.000000 507.073181 16.646341 446.219513
44189 50 0.000000 0.000000 0.000000 478.048798 -15.670732 449.207336
44194 50 0.000000 0.000000 0.000000 446.280487 -47.560978 448.902435
44199 50 0.000000 0.000000 0.000000 416.097565 -75.182930 445.670746
44204 50 0.000000 0.000000 0.000000 385.304901 -95.365852 440.182922
44209 50 0.000000 0.000000 0.000000 357.926849 -104.756104 431.280487
44214 50 0.000000 0.000000 0.000000 334.451233 -103.048782 419.268311
44219 50 0.000000 0.000000 0.000000 315.914642 -87.378052 405.792694
44224 50 0.000000 0.000000 0.000000 301.524384 -54.146343 391.097565
44229 50 0.000000 0.000000 0.000000 290.121948 -8.902439 375.365875
44234 50 0.000000 0.000000 0.000000 284.207336 40.914635 360.365875
44239 50 0.000000 0.000000 0.000000 282.926849 89.024391 346.768311
44244 50 0.000000 0.000000 0.000000 284.390259 134.695129 334.329285
44249 50 0.000000 0.000000 0.000000 288.231720 177.073181 321.402435
44254 50 0.000000 0.000000 0.000000 295.609772 215.609756 307.743896
44259 50 0.000000 0.000000 0.000000 301.646362 253.231720 295.487823
44264 50 0.000000 0.000000 0.000000 304.146362 288.353668 285.000000
44269 50 0.000000 0.000000 0.000000 305.365875 316.341461 274.390259
44274 50 0.000000 0.000000 0.000000 299.878052 339.024384 262.743896
44279 50 0.000000 0.000000 0.000000 289.939026 355.426849 252.195129
44284 50 0.000000 0.000000 0.000000 281.402435 360.609772 242.621964
44289 50 0.000000 0.000000 0.000000 269.817078 360.731720 232.926834
44294 50 0.000000 0.000000 0.000000 255.060974 354.817078 222.987808
44299 50 0.000000 0.000000 0.000000 238.902451 342.256104 214.329269
44304 50 0.000000 0.000000 0.000000 220.426834 326.341461 206.341461
44309 50 0.000000 0.000000 0.000000 202.987808 306.585388 197.256104
44314 50 0.000000 0.000000 0.000000 183.841461 283.353668 185.548782
44319 50 0.000000 0.000000 0.000000 164.390244 258.841461 174.573181
44324 50 0.000000 0.000000 0.000000 148.475616 234.329269 163.414642
44329 50 0.000000 0.000000 0.000000 133.658539 210.975616 155.243912
44334 50 0.000000 0.000000 0.000000 119.024391 191.463425 148.231705
44339 50 0.000000 0.000000 0.000000 105.060982 175.365860 141.341461
44344 50 0.000000 0.000000 0.000000 93.170731 162.743912 136.341461
44349 50 0.000000 0.000000 0.000000 83.170731 153.292694 133.841461
44354 50 0.000000 0.000000 0.000000 74.390244 145.670731 135.975616
44359 50 0.000000 0.000000 0.000000 68.658539 140.304886 139.695129
44364 50 0.000000 0.000000 0.000000 65.731712 137.560974 144.939026
44369 50 0.000000 0.000000 0.000000 64.634148 137.378052 154.329269
44374 50 0.000000 0.000000 0.000000 62.378052 139.329269 167.378052
44379 50 0.000000 0.000000 0.000000 60.426830 143.231705 177.500000
44384 50 0.000000 0.000000 0.000000 60.487804 144.634155 183.841461
44389 50 0.000000 0.000000 0.000000 60.853661 142.621948 189.695129
44394 50 0.000000 0.000000 0.000000 58.597561 144.451218 196.646347
44399 50 0.000000 0.000000 0.000000 55.731709 151.463425 202.378052
44404 50 0.000000 0.000000 0.000000 57.378052 154.024399 204.573181
44409 50 0.000000 0.000000 0.000000 65.609756 155.609756 209.024399
44414 50 0.000000 0.000000 0.000000 78.658539 159.573181 215.243912
44419 50 0.000000 0.000000 0.000000 93.780487 165.121948 217.256104
44424 50 0.000000 0.000000 0.000000 107.560982 174.817078 214.817078
44429 50 0.000000 0.000000 0.000000 120.000000 185.365860 208.841461
44434 50 0.000000 0.000000 0.000000 133.719513 189.695129 198.109756
44439 50 0.000000 0.000000 0.000000 148.292679 187.500000 183.597565
44444 50 0.000000 0.000000 0.000000 161.219513 180.365860 169.939026
44449 50 0.000000 0.000000 0.000000 170.121948 166.829269 158.414642
44454 50 0.000000 0.000000 0.000000 173.780487 149.451218 143.963425
44459 50 0.000000 0.000000 0.000000 174.573181 131.219513 128.780487
44464 50 0.000000 0.000000 0.000000 174.695129 111.951225 116.768295
44469 50 0.000000 0.000000 0.000000 173.841461 89.268295 103.780487
44474 50 0.000000 0.000000 0.000000 170.365860 65.670731 90.000000
44479 50 0.000000 0.000000 0.000000 164.451218 45.000000 75.000000
44484 50 0.000000 0.000000 0.000000 158.292694 22.439024 59.512196
44489 50 0.000000 0.000000 0.000000 150.304886 -2.073171 45.121952
44494 50 0.000000 0.000000 0.000000 138.963425 -27.621952 33.231709
44499 50 0.000000 0.000000 0.000000 126.219513 -52.926830 23.353659
44504 49 0.000000 0.000000 0.000000 111.646347 -76.890244 15.731708
44509 47 0.000000 0.000000 0.000000 92.621956 -97.743904 11.158537
44514 47 0.000000 0.000000 0.000000 72.926834 -115.060982 9.146341
44519 43 0.000000 0.000000 0.000000 56.707317 -126.036591 8.841464
44524 36 0.000000 0.000000 0.000000 44.085365 -127.439026 10.792684
44529 26 0.000000 0.000000 0.000000 34.512196 -118.719513 14.207317
44534 26 0.000000 0.000000 0.000000 28.780489 -102.073174 16.158537
44539 15 0.000000 0.000000 0.000000 30.182928 -79.085365 16.341463
44544 0 0.000000 0.000000 0.000000 36.829269 -48.719513 15.304878
44549 0 0.000000 0.000000 0.000000 46.158539 -14.146341 16.036585
44554 0 0.000000 0.000000 0.000000 57.439026 22.926830 15.670732
44559 0 0.000000 0.000000 0.000000 69.939026 58.658539 10.121951
44564 0 0.000000 0.000000 0.000000 80.121956 91.524391 7.743903
44569 0 0.000000 0.000000 0.000000 88.231712 119.512199 11.036586
44574 0 0.000000 0.000000 0.000000 93.353661 140.609756 16.280489
44579 0 0.000000 0.000000 0.000000 95.000000 154.695129 24.634148
44584 0 0.000000 0.000000 0.000000 94.390244 161.951218 37.073170
44589 0 0.000000 0.000000 0.000000 90.853661 163.353668 51.097561
44594 0 0.000000 0.000000 0.000000 83.658539 160.792694 64.024391
44599 0 0.000000 0.000000 0.000000 73.841469 156.707321 74.817078
44604 0 0.000000 0.000000 0.000000 62.560978 152.134155 87.743904
44609 0 0.000000 0.000000 0.000000 50.487804 147.682938 104.024391
44614 0 0.000000 0.000000 0.000000 37.073170 143.963425 119.207321
44619 0 0.000000 0.000000 0.000000 22.560976 142.256104 131.951218
44624 0 0.000000 0.000000 0.000000 7.073171 142.378052 144.451218
44629 0 0.000000 0.000000 0.000000 -7.804878 146.463425 155.914642
44634 0 0.000000 0.000000 0.000000 -20.853659 155.731705 167.865860
44639 0 0.000000 0.000000 0.000000 -32.256100 167.865860 180.182938
44644 0 0.000000 0.000000 0.000000 -41.402439 179.573181 190.731705
44649 0 0.000000 0.000000 0.000000 -48.292683 188.841461 200.000000
44654 0 0.000000 0.000000 0.000000 -53.475613 193.353668 206.219513
44659 0 0.000000 0.000000 0.000000 -55.548782 190.182938 209.878052
44664 0 0.000000 0.000000 0.000000 -56.280491 180.060974 214.817078
44669 0 0.000000 0.000000 0.000000 -54.939026 162.865860 221.768295
44674 0 0.000000 0.000000 0.000000 -52.256100 138.048782 229.390244
44679 0 0.000000 0.000000 0.000000 -48.109756 106.524391 236.707321
44684 0 0.000000 0.000000 0.000000 -41.646343 68.231712 243.597565
44689 0 0.000000 0.000000 0.000000 -32.926830 23.780489 250.121964
44694 0 0.000000 0.000000 0.000000 -22.743902 -24.146341 256.463409
44699 0 0.000000 0.000000 0.000000 -12.256098 -73.719513 262.804871
44704 0 0.000000 0.000000 0.000000 0.426829 -125.426834 269.085358
44709 0 0.000000 0.000000 0.000000 13.963415 -177.317078 275.000000
44714 0 0.000000 0.000000 0.000000 26.036587 -227.682938 280.914642
44719 0 0.000000 0.000000 0.000000 36.402439 -275.243896 287.560974
44724 0 0.000000 0.000000 0.000000 43.536587 -315.487823 291.219513
44729 0 0.000000 0.000000 0.000000 43.170734 -344.085388 284.268311
44734 0 0.000000 0.000000 0.000000 39.451221 -370.243896 276.463409
44739 0 0.000000 0.000000 0.000000 36.768295 -395.426849 275.000000
44744 0 0.000000 0.000000 0.000000 32.439026 -426.341461 272.621948
44749 0 0.000000 0.000000 0.000000 26.951220 -447.926849 263.780487
44754 0 0.000000 0.000000 0.000000 20.548780 -463.475616 251.097565
44759 0 0.000000 0.000000 0.000000 13.048780 -477.804901 235.731720
44764 0 0.000000 0.000000 0.000000 3.536585 -487.500000 223.292694
44769 0 0.000000 0.000000 0.000000 -10.304878 -486.585388 211.402451
44774 0 0.000000 0.000000 0.000000 -29.329269 -479.329285 201.280487
44779 0 0.000000 0.000000 0.000000 -53.719513 -465.670746 188.902451
44784 0 0.000000 0.000000 0.000000 -83.048782 -444.939026 175.609756
44789 0 0.000000 0.000000 0.000000 -118.048782 -416.463409 165.243912
44794 0 0.000000 0.000000 0.000000 -156.585373 -381.463409 162.012192
44799 0 0.000000 0.000000 0.000000 -198.353668 -343.902435 163.902435
44804 0 0.000000 0.000000 0.000000 -239.146347 -305.304871 170.487808
44809 0 0.000000 0.000000 0.000000 -276.402435 -266.341461 177.987808
44814 0 0.000000 0.000000 0.000000 -309.939026 -228.353668 185.243912
44819 0 0.000000 0.000000 0.000000 -337.378052 -193.719513 188.048782
44824 0 0.000000 0.000000 0.000000 -355.426849 -165.487808 187.439026
44829 0 0.000000 0.000000 0.000000 -365.426849 -144.573181 182.926834
44834 0 0.000000 0.000000 0.000000 -366.829285 -131.463425 174.817078
44839 0 -10.000000 0.000000 0.000000 -360.243896 -126.707321 162.500000
44844 0 -30.000000 0.000000 0.000000 -343.048798 -130.121948 147.865860
44849 0 -30.000000 0.000000 0.000000 -317.195129 -140.182938 129.573181
44854 0 -50.000000 0.000000 0.000000 -284.878052 -156.463425 110.731712
44859 0 -70.000000 0.000000 0.000000 -245.914642 -176.158539 90.548782
44864 0 -80.000000 0.000000 0.000000 -201.097565 -200.304886 72.134148
44869 0 -80.000000 0.000000 0.000000 -153.658539 -225.792694 57.743904
44874 0 -90.000000 0.000000 0.000000 -105.853661 -249.817078 47.804878
44879 0 -100.000000 0.000000 0.000000 -59.207317 -270.243896 37.500000
44884 0 -110.000000 -10.000000 0.000000 -15.487805 -287.256104 24.756098
44889 0 -110.000000 -10.000000 0.000000 24.756098 -301.158539 9.024390
44894 0 -130.000000 -20.000000 0.000000 59.756100 -309.451233 -9.634147
44899 0 -140.000000 -20.000000 0.000000 88.353661 -312.987823 -27.987806
44904 0 -150.000000 -30.000000 0.000000 111.219513 -311.707336 -45.609756
44909 0 -150.000000 -30.000000 0.000000 128.048782 -308.109772 -62.195122
44914 0 -160.000000 -40.000000 0.000000 136.158539 -299.634155 -77.682930
44919 0 -160.000000 -40.000000 0.000000 136.402435 -286.158539 -90.548782
44924 0 -160.000000 -50.000000 0.000000 131.219513 -267.865845 -99.573174
44929 0 -160.000000 -50.000000 0.000000 121.280487 -247.378052 -106.219513
44934 0 -160.000000 -60.000000 0.000000 106.402443 -222.743912 -111.707321
44939 0 -160.000000 -60.000000 0.000000 87.134148 -193.780487 -115.243904
44944 0 -160.000000 -60.000000 0.000000 64.512199 -163.170731 -115.609756
44949 0 -160.000000 -60.000000 0.000000 40.853661 -129.390244 -110.243904
44954 0 -160.000000 -60.000000 0.000000 16.219513 -91.646347 -98.658539
44959 0 -160.000000 -50.000000 0.000000 -10.731708 -54.573174 -86.524391
44964 0 -160.000000 -40.000000 0.000000 -39.146343 -23.292683 -75.182930
44969 0 -160.000000 -40.000000 0.000000 -65.609756 0.609756 -63.353661
44974 0 -150.000000 0.000000 0.000000 -90.731712 19.939024 -50.365856
44979 0 -150.000000 0.000000 0.000000 -114.573174 35.914635 -37.926830
44984 0 -140.000000 0.000000 0.000000 -136.036591 48.597561 -29.451220
44989 0 -140.000000 0.000000 0.000000 -154.878052 59.024391 -25.304878
44994 0 -120.000000 0.000000 0.000000 -169.573181 67.439026 -24.451220
44999 0 -120.000000 0.000000 0.000000 -180.548782 73.841469 -27.012196
45004 0 -120.000000 0.000000 0.000000 -187.987808 78.841469 -32.743904
45009 0 -110.000000 0.000000 0.000000 -192.865860 84.085365 -41.219513
45014 0 -100.000000 0.000000 0.000000 -195.975616 91.097565 -52.195122
45019 0 -100.000000 0.000000 0.000000 -196.829269 100.182930 -64.512199
45024 0 -100.000000 0.000000 0.000000 -195.548782 111.219513 -76.463417
45029 0 -90.000000 0.000000 0.000000 -192.621948 124.512199 -87.195122
45034 0 -90.000000 0.000000 0.000000 -188.048782 139.878052 -97.317078
45039 0 -90.000000 0.000000 0.000000 -181.829269 157.195129 -106.768295
45044 0 -90.000000 0.000000 0.000000 -173.963425 176.036591 -115.426834
45049 0 -90.000000 0.000000 0.000000 -165.548782 195.670731 -123.597565
45054 0 -90.000000 0.000000 0.000000 -156.768295 215.609756 -130.853668
45059 0 -60.000000 0.000000 0.000000 -147.378052 234.329269 -135.548782
45064 0 -60.000000 0.000000 0.000000 -138.841461 251.036591 -134.756104
45069 0 -20.000000 0.000000 0.000000 -133.475616 264.817078 -130.914642
45074 0 0.000000 0.000000 0.000000 -130.060974 275.304871 -126.707321
45079 0 0.000000 0.000000 0.000000 -128.353668 282.500000 -122.195122
45084 0 0.000000 0.000000 0.000000 -128.780487 286.158539 -119.146347
45089 0 0.000000 0.000000 0.000000 -130.914642 284.695129 -119.695122
45094 0 0.000000 0.000000 0.000000 -132.865860 278.292694 -120.670738
45099 0 0.000000 0.000000 0.000000 -135.853668 267.987823 -121.219513
45104 0 0.000000 0.000000 0.000000 -138.719513 253.048782 -121.463417
45109 0 0.000000 0.000000 0.000000 -141.707321 234.634155 -120.670738
45114 0 0.000000 0.000000 0.000000 -144.085373 214.634155 -119.939026
45119 0 0.000000 0.000000 0.000000 -145.914642 194.085373 -118.902443
45124 0 0.000000 0.000000 0.000000 -148.231705 173.902451 -116.341469
45129 0 0.000000 0.000000 0.000000 -150.060974 155.060974 -113.475609
45134 0 0.000000 0.000000 0.000000 -150.731705 138.048782 -109.695122
45139 0 0.000000 0.000000 0.000000 -151.158539 124.146347 -105.304878
45144 0 0.000000 0.000000 0.000000 -149.451218 113.841469 -99.512199
45149 0 0.000000 0.000000 0.000000 -147.256104 107.195122 -92.256104
45154 0 0.000000 0.000000 0.000000 -144.817078 103.292686 -84.878052
45159 0 0.000000 0.000000 0.000000 -141.341461 102.134148 -77.073174
45164 0 0.000000 0.000000 0.000000 -137.439026 104.329269 -70.609756
45169 0 0.000000 0.000000 0.000000 -132.073181 108.841469 -66.707321
45174 0 0.000000 0.000000 0.000000 -125.304878 115.914635 -63.780491
45179 0 0.000000 0.000000 0.000000 -116.036591 124.451225 -61.585369
45184 0 0.000000 0.000000 0.000000 -106.341469 134.573181 -59.451221
45189 0 0.000000 0.000000 0.000000 -96.768295 146.402435 -57.682930
45194 0 0.000000 0.000000 0.000000 -87.865852 159.390244 -55.487804
45199 0 0.000000 0.000000 0.000000 -81.768295 174.939026 -50.853661
45204 0 0.000000 0.000000 0.000000 -77.073174 191.585373 -45.975613
45209 0 0.000000 0.000000 0.000000 -73.780487 207.682938 -40.792683
45214 0 0.000000 0.000000 0.000000 -70.731712 222.865860 -36.097561
45219 0 0.000000 0.000000 0.000000 -69.939026 237.195129 -31.158537
45224 0 0.000000 0.000000 0.000000 -69.146339 249.695129 -27.012196
45229 0 0.000000 0.000000 0.000000 -69.878052 260.060974 -22.865854
45234 0 0.000000 0.000000 0.000000 -70.487808 268.048798 -18.658537
45239 0 0.000000 0.000000 0.000000 -71.707321 272.560974 -15.121951
45244 0 0.000000 0.000000 0.000000 -73.414635 276.219513 -12.439025
45249 0 0.000000 0.000000 0.000000 -76.158539 275.304871 -9.146341
45254 0 0.000000 0.000000 0.000000 -78.780487 272.378052 -6.280488
45259 0 0.000000 0.000000 0.000000 -80.426834 266.280487 -5.853659
45264 0 0.000000 0.000000 0.000000 -84.146347 256.585358 -4.817073
45269 0 0.000000 0.000000 0.000000 -87.378052 244.024399 -3.780488
45274 0 0.000000 0.000000 0.000000 -89.390244 227.804886 -3.902439
45279 0 0.000000 0.000000 0.000000 -93.597565 212.500000 -6.158537
45284 0 0.000000 0.000000 0.000000 -98.414635 197.073181 -9.329268
45289 0 0.000000 0.000000 0.000000 -101.158539 172.987808 -11.036586
45294 0 0.000000 0.000000 0.000000 -103.292686 139.329269 -13.719513
45299 0 0.000000 0.000000 0.000000 -106.463417 102.195122 -20.182928
45304 0 0.000000 0.000000 0.000000 -108.780487 72.134148 -27.865854
45309 0 0.000000 0.000000 0.000000 -110.792686 34.146343 -40.121952
45314 0 0.000000 0.000000 0.000000 -112.987808 1.646341 -54.939026
45319 0 0.000000 0.000000 0.000000 -115.975609 -26.524391 -72.317078
45324 0 0.000000 0.000000 0.000000 -119.024391 -54.085365 -90.792686
45329 0 0.000000 0.000000 0.000000 -120.853661 -83.292686 -108.658539
45334 0 0.000000 0.000000 0.000000 -121.707321 -114.329269 -126.219513
45339 0 0.000000 0.000000 0.000000 -122.500000 -145.792679 -144.634155
45344 0 0.000000 0.000000 0.000000 -124.207321 -175.609756 -163.475616
45349 0 0.000000 0.000000 0.000000 -126.402443 -204.146347 -182.500000
45354 0 0.000000 0.000000 0.000000 -129.146347 -232.560974 -201.097565
45359 0 0.000000 0.000000 0.000000 -132.317078 -260.365845 -218.597565
45364 0 0.000000 0.000000 0.000000 -135.975616 -286.463409 -234.878052
45369 0 0.000000 0.000000 0.000000 -140.060974 -309.939026 -249.573181
45374 0 0.000000 0.000000 0.000000 -145.060974 -330.000000 -263.658539
45379 0 0.000000 0.000000 0.000000 -150.914642 -346.463409 -276.280487
45384 0 0.000000 0.000000 0.000000 -157.560974 -359.146362 -285.975616
45389 0 0.000000 0.000000 0.000000 -165.121948 -367.439026 -293.048798
45394 0 0.000000 0.000000 0.000000 -173.841461 -370.731720 -299.512207
45399 0 0.000000 0.000000 0.000000 -183.231705 -368.963409 -304.878052
45404 0 0.000000 0.000000 0.000000 -193.109756 -362.317078 -307.926849
45409 0 0.000000 0.000000 0.000000 -203.109756 -351.341461 -309.756104
45414 0 0.000000 0.000000 0.000000 -212.682938 -336.463409 -309.268311
45419 0 0.000000 0.000000 0.000000 -221.890244 -317.743896 -305.853668
45424 0 0.000000 0.000000 0.000000 -231.097565 -295.853668 -300.548798
45429 0 0.000000 0.000000 0.000000 -239.817078 -271.524384 -291.036591
45434 0 0.000000 0.000000 0.000000 -248.292694 -245.548782 -281.097565
45439 0 0.000000 0.000000 0.000000 -256.036591 -218.414642 -272.134155
45444 0 0.000000 0.000000 0.000000 -263.109772 -190.731705 -261.219513
45449 0 0.000000 0.000000 0.000000 -268.475616 -163.109756 -248.109756
45454 0 0.000000 0.000000 0.000000 -266.280487 -136.463425 -234.329269
45459 0 0.000000 0.000000 0.000000 -258.597565 -110.487808 -217.804886
45464 0 0.000000 0.000000 0.000000 -250.548782 -85.426834 -201.219513
45469 0 0.000000 0.000000 0.000000 -245.243912 -61.768295 -185.609756
45474 0 0.000000 0.000000 0.000000 -241.341476 -40.914635 -172.134155
45479 0 0.000000 0.000000 0.000000 -238.841476 -22.926830 -161.280487
45484 0 0.000000 0.000000 0.000000 -237.682938 -7.012195 -153.719513
45489 0 0.000000 0.000000 0.000000 -236.707321 6.951220 -147.134155
45494 0 0.000000 0.000000 0.000000 -235.060974 18.353659 -140.243912
45499 0 0.000000 0.000000 0.000000 -231.524399 26.097561 -136.463425
45504 0 0.000000 0.000000 0.000000 -225.731720 30.609756 -134.146347
45509 0 0.000000 0.000000 0.000000 -218.109756 32.500000 -132.987808
45514 0 0.000000 0.000000 0.000000 -209.390244 32.500000 -134.268295
45519 0 0.000000 0.000000 0.000000 -200.121964 31.158537 -136.890244
45524 0 0.000000 0.000000 0.000000 -190.609756 28.475611 -141.707321
45529 0 0.000000 0.000000 0.000000 -181.280487 24.512196 -148.353668
45534 0 0.000000 0.000000 0.000000 -172.195129 19.451220 -156.280487
45539 0 0.000000 0.000000 0.000000 -163.048782 13.719513 -165.304886
45544 0 0.000000 0.000000 0.000000 -154.573181 8.414635 -175.060974
45549 0 0.000000 0.000000 0.000000 -148.597565 5.060976 -184.756104
45554 0 0.000000 0.000000 0.000000 -144.451218 3.231707 -192.073181
45559 0 0.000000 0.000000 0.000000 -141.280487 1.890244 -196.524399
45564 0 0.000000 0.000000 0.000000 -139.268295 1.341463 -198.475616
45569 0 0.000000 0.000000 0.000000 -138.719513 2.134146 -198.536591
45574 0 0.000000 0.000000 0.000000 -139.451218 3.414634 -196.890244
45579 0 0.000000 0.000000 0.000000 -140.975616 4.451220 -193.780487
45584 0 0.000000 0.000000 0.000000 -143.109756 5.000000 -189.207321
45589 0 0.000000 0.000000 0.000000 -145.609756 4.939024 -182.743912
45594 0 0.000000 0.000000 0.000000 -148.353668 4.146341 -174.390244
45599 0 0.000000 0.000000 0.000000 -151.402435 3.048780 -164.573181
45604 0 0.000000 0.000000 0.000000 -154.817078 1.585366 -153.536591
45609 0 0.000000 0.000000 0.000000 -158.780487 -0.182927 -141.219513
45614 0 0.000000 0.000000 0.000000 -163.597565 -2.134146 -127.560982
45619 0 0.000000 0.000000 0.000000 -168.902451 -4.146341 -112.865860
45624 0 0.000000 0.000000 0.000000 -173.902451 -6.707317 -97.560974
45629 0 0.000000 0.000000 0.000000 -178.353668 -10.121951 -81.951218
45634 0 0.000000 0.000000 0.000000 -182.317078 -14.329268 -66.158539
45639 0 0.000000 0.000000 0.000000 -185.487808 -19.268293 -50.304878
45644 0 0.000000 0.000000 0.000000 -187.256104 -25.243902 -34.451221
45649 0 0.000000 0.000000 0.000000 -187.195129 -32.621952 -18.902439
45654 0 0.000000 0.000000 0.000000 -184.634155 -41.951221 -4.085366
45659 0 0.000000 0.000000 0.000000 -178.719513 -54.085365 9.756098
45664 0 0.000000 0.000000 0.000000 -169.390244 -68.780487 22.743902
45669 0 0.000000 0.000000 0.000000 -156.951218 -85.243904 34.146343
45674 0 0.000000 0.000000 0.000000 -142.195129 -101.768295 43.658539
45679 0 0.000000 0.000000 0.000000 -125.853661 -117.195122 51.524391
45684 0 0.000000 0.000000 0.000000 -108.658539 -130.365860 58.109756
45689 0 0.000000 0.000000 0.000000 -90.914635 -140.792679 63.963417
45694 0 0.000000 0.000000 0.000000 -73.231712 -147.865860 69.695122
45699 0 0.000000 0.000000 0.000000 -55.670734 -151.890244 75.365852
45704 0 0.000000 0.000000 0.000000 -37.865856 -153.841461 80.975609
45709 0 0.000000 0.000000 0.000000 -20.243902 -152.987808 86.524391
45714 0 0.000000 0.000000 0.000000 -3.109756 -148.353668 92.439026
45719 0 0.000000 0.000000 0.000000 13.597561 -140.060974 98.902443
45724 0 0.000000 0.000000 0.000000 29.939026 -128.353668 105.731712
45729 0 0.000000 0.000000 0.000000 46.646343 -114.329269 112.500000
45734 0 0.000000 0.000000 0.000000 65.243904 -99.878052 118.597565
45739 0 0.000000 0.000000 0.000000 85.182930 -85.792686 123.475609
45744 0 0.000000 0.000000 0.000000 105.304878 -72.012199 126.951225
45749 0 0.000000 0.000000 0.000000 125.060982 -58.292683 128.963425
45754 0 0.000000 0.000000 0.000000 143.902435 -44.085365 130.000000
45759 0 0.000000 0.000000 0.000000 160.975616 -28.658537 130.365860
45764 0 0.000000 0.000000 0.000000 175.853668 -11.768293 130.304886
45769 0 0.000000 0.000000 0.000000 188.963425 5.548780 129.817078
45774 0 0.000000 0.000000 0.000000 201.524399 22.195122 128.780487
45779 0 0.000000 0.000000 0.000000 214.146347 36.646343 127.195122
45784 0 0.000000 0.000000 0.000000 225.548782 49.939026 124.695122
45789 0 0.000000 0.000000 0.000000 234.024399 64.756096 122.926834
45794 0 0.000000 0.000000 0.000000 237.926834 83.841469 124.573174
45799 0 0.000000 0.000000 0.000000 237.195129 107.012199 131.036591
45804 0 0.000000 0.000000 0.000000 234.573181 130.487808 139.512192
45809 0 0.000000 0.000000 0.000000 231.646347 152.256104 147.439026
45814 0 0.000000 0.000000 0.000000 228.353668 172.012192 155.060974
45819 0 0.000000 0.000000 0.000000 224.512207 189.695129 162.621948
45824 0 0.000000 0.000000 0.000000 220.000000 205.243912 169.695129
45829 0 0.000000 0.000000 0.000000 215.121964 218.536591 176.036591
45834 0 0.000000 0.000000 0.000000 209.878052 229.329269 181.646347
45839 0 0.000000 0.000000 0.000000 204.329269 237.621964 186.585373
45844 0 0.000000 0.000000 0.000000 198.536591 243.475616 190.853668
45849 0 0.000000 0.000000 0.000000 192.500000 246.829269 194.451218
45854 0 0.000000 0.000000 0.000000 186.463425 247.621964 197.134155
45859 0 0.000000 0.000000 0.000000 180.426834 245.975616 198.780487
45864 0 0.000000 0.000000 0.000000 174.634155 242.317078 198.902451
