[ ---- PITCH ---- ]	P = 1.2		I = 0.2		D = 0.5
[ ---- ROLL ----- ]	P = 1.2		I = 0.2		D = 0.5
[ ---- GyroX ---- ]	P = 1.4		I = 0.006		D = 1.8
[ ---- GyroY ---- ]	P = 1.4		I = 0.006		D = 1.8
[ ---- GyroZ ---- ]	P = 1.3		I = 0.008		D = 1.2
[ ---- Type ----- ]	AngularPID
-----------------------------------------------------------------------------
837519 0 0.000000 0.000000 0.000000 -0.060976 -0.365854 -0.182927
837524 0 0.000000 0.000000 0.000000 -0.121951 -0.426829 -0.182927
837529 0 0.000000 0.000000 0.000000 -0.182927 -0.243902 -0.243902
837534 0 0.000000 0.000000 0.000000 -0.243902 0.182927 -0.304878
837539 0 0.000000 0.000000 0.000000 -0.243902 0.609756 -0.304878
837544 0 0.000000 0.000000 0.000000 -0.304878 0.609756 -0.243902
837549 0 0.000000 0.000000 0.000000 -0.426829 0.304878 -0.243902
837554 0 0.000000 0.000000 0.000000 -0.487805 0.000000 -0.243902
837559 0 0.000000 0.000000 0.000000 -0.487805 -0.121951 -0.243902
837564 0 0.000000 0.000000 0.000000 -0.487805 -0.304878 -0.182927
837569 0 0.000000 0.000000 0.000000 -0.426829 -0.914634 -0.182927
837574 0 0.000000 0.000000 0.000000 -0.304878 -1.707317 -0.121951
837579 0 0.000000 0.000000 0.000000 -0.243902 -2.012195 -0.121951
837584 0 0.000000 0.000000 0.000000 -0.182927 -1.585366 -0.182927
837589 0 0.000000 0.000000 0.000000 -0.182927 -0.731707 -0.243902
837594 0 0.000000 0.000000 0.000000 -0.182927 0.000000 -0.243902
837599 0 0.000000 0.000000 0.000000 -0.121951 0.548781 -0.304878
837604 0 0.000000 0.000000 0.000000 -0.060976 0.792683 -0.304878
837609 0 0.000000 0.000000 0.000000 0.000000 1.036585 -0.243902
837614 0 0.000000 0.000000 0.000000 0.060976 1.036585 -0.243902
837619 0 0.000000 0.000000 0.000000 0.060976 0.609756 -0.243902
837624 0 0.000000 0.000000 0.000000 0.000000 0.000000 -0.243902
837629 0 0.000000 0.000000 0.000000 0.000000 -0.548781 -0.243902
837634 0 0.000000 0.000000 0.000000 0.000000 -0.975610 -0.182927
837639 0 0.000000 0.000000 0.000000 0.000000 -1.097561 -0.182927
837644 0 0.000000 0.000000 0.000000 0.000000 -1.097561 -0.182927
837649 0 0.000000 0.000000 0.000000 -0.060976 -0.914634 -0.243902
837654 0 0.000000 0.000000 0.000000 -0.121951 -0.731707 -0.182927
837659 0 0.000000 0.000000 0.000000 -0.182927 -0.609756 -0.182927
837664 0 0.000000 0.000000 0.000000 -0.182927 -0.365854 -0.243902
837669 0 0.000000 0.000000 0.000000 -0.121951 -0.121951 -0.243902
837674 0 0.000000 0.000000 0.000000 -0.182927 0.000000 -0.243902
837679 0 0.000000 0.000000 0.000000 -0.243902 0.182927 -0.243902
837684 0 0.000000 0.000000 0.000000 -0.304878 0.243902 -0.243902
837689 0 0.000000 0.000000 0.000000 -0.304878 0.304878 -0.243902
837694 0 0.000000 0.000000 0.000000 -0.304878 0.243902 -0.243902
837699 0 0.000000 0.000000 0.000000 -0.365854 0.121951 -0.243902
837704 0 0.000000 0.000000 0.000000 -0.365854 0.000000 -0.243902
837709 0 0.000000 0.000000 0.000000 -0.304878 -0.304878 -0.182927
837714 0 0.000000 0.000000 0.000000 -0.243902 -0.609756 -0.182927
837719 0 0.000000 0.000000 0.000000 -0.243902 -0.853659 -0.182927
837724 0 0.000000 0.000000 0.000000 -0.243902 -0.853659 -0.182927
837729 0 0.000000 0.000000 0.000000 -0.243902 -0.792683 -0.243902
837734 0 0.000000 0.000000 0.000000 -0.182927 -0.670732 -0.243902
837739 0 0.000000 0.000000 0.000000 -0.121951 -0.426829 -0.182927
837744 0 0.000000 0.000000 0.000000 -0.121951 -0.182927 -0.243902
837749 0 0.000000 0.000000 0.000000 -0.060976 0.000000 -0.243902
837754 0 0.000000 0.000000 0.000000 0.000000 0.121951 -0.243902
837759 0 0.000000 0.000000 0.000000 0.000000 0.182927 -0.243902
837764 0 0.000000 0.000000 0.000000 0.000000 0.121951 -0.243902
837769 0 0.000000 0.000000 0.000000 0.000000 0.060976 -0.243902
837774 0 0.000000 0.000000 0.000000 0.000000 0.000000 -0.243902
837779 0 0.000000 0.000000 0.000000 0.000000 -0.121951 -0.243902
837784 0 0.000000 0.000000 0.000000 0.000000 -0.243902 -0.243902
837789 0 0.000000 0.000000 0.000000 0.000000 -0.365854 -0.182927
837794 0 0.000000 0.000000 0.000000 -0.121951 -0.548781 -0.121951
837799 0 0.000000 0.000000 0.000000 -0.060976 -0.670732 -0.182927
837804 0 0.000000 0.000000 0.000000 -0.121951 -0.670732 -0.243902
837809 0 0.000000 0.000000 0.000000 -0.182927 -0.670732 -0.182927
837814 0 0.000000 0.000000 0.000000 -0.182927 -0.548781 -0.182927
837819 0 0.000000 0.000000 0.000000 -0.182927 -0.426829 -0.182927
837824 0 0.000000 0.000000 0.000000 -0.182927 -0.182927 -0.243902
837829 0 0.000000 0.000000 0.000000 -0.243902 0.000000 -0.243902
837834 0 0.000000 0.000000 0.000000 -0.243902 0.121951 -0.243902
837839 0 0.000000 0.000000 0.000000 -0.304878 0.182927 -0.243902
837844 0 0.000000 0.000000 0.000000 -0.304878 0.182927 -0.243902
837849 0 0.000000 0.000000 0.000000 -0.243902 0.000000 -0.243902
837854 0 0.000000 0.000000 0.000000 -0.243902 -0.121951 -0.182927
837859 0 0.000000 0.000000 0.000000 -0.243902 -0.304878 -0.182927
837864 0 0.000000 0.000000 0.000000 -0.243902 -0.426829 -0.182927
837869 0 0.000000 0.000000 0.000000 -0.243902 -0.548781 -0.182927
837874 0 0.000000 0.000000 0.000000 -0.243902 -0.609756 -0.182927
837879 0 0.000000 0.000000 0.000000 -0.243902 -0.548781 -0.182927
837884 0 0.000000 0.000000 0.000000 -0.182927 -0.487805 -0.182927
837889 0 0.000000 0.000000 0.000000 -0.121951 -0.365854 -0.182927
837894 0 0.000000 0.000000 0.000000 -0.060976 -0.243902 -0.182927
837899 0 0.000000 0.000000 0.000000 0.000000 -0.182927 -0.243902
837904 0 0.000000 0.000000 0.000000 0.000000 -0.060976 -0.243902
837909 0 0.000000 0.000000 0.000000 0.000000 -0.060976 -0.182927
837914 0 0.000000 0.000000 0.000000 0.000000 0.000000 -0.243902
837919 0 0.000000 0.000000 0.000000 0.000000 0.000000 -0.243902
837924 0 0.000000 0.000000 0.000000 0.000000 0.000000 -0.243902
837929 0 0.000000 0.000000 0.000000 0.000000 -0.060976 -0.243902
837934 0 0.000000 0.000000 0.000000 -0.060976 -0.243902 -0.243902
837939 0 0.000000 0.000000 0.000000 -0.060976 -0.365854 -0.243902
837944 0 0.000000 0.000000 0.000000 -0.121951 -0.426829 -0.243902
837949 0 0.000000 0.000000 0.000000 -0.121951 -0.487805 -0.182927
837954 0 0.000000 0.000000 0.000000 -0.121951 -0.609756 -0.182927
837959 0 0.000000 0.000000 0.000000 -0.182927 -0.548781 -0.182927
837964 0 0.000000 0.000000 0.000000 -0.182927 -0.426829 -0.182927
837969 0 0.000000 0.000000 0.000000 -0.182927 -0.304878 -0.243902
837974 0 0.000000 0.000000 0.000000 -0.243902 -0.182927 -0.243902
837979 0 0.000000 0.000000 0.000000 -0.243902 -0.060976 -0.243902
837984 0 0.000000 0.000000 0.000000 -0.304878 0.000000 -0.243902
837989 0 0.000000 0.000000 0.000000 -0.304878 0.000000 -0.243902
837994 0 0.000000 0.000000 0.000000 -0.304878 0.000000 -0.243902
837999 0 0.000000 0.000000 0.000000 -0.243902 -0.060976 -0.243902
838004 0 0.000000 0.000000 0.000000 -0.243902 -0.121951 -0.243902
838009 0 0.000000 0.000000 0.000000 -0.243902 -0.243902 -0.243902
838014 0 0.000000 0.000000 0.000000 -0.243902 -0.365854 -0.182927
838019 0 0.000000 0.000000 0.000000 -0.182927 -0.426829 -0.182927
838024 0 0.000000 0.000000 0.000000 -0.182927 -0.426829 -0.182927
838029 0 0.000000 0.000000 0.000000 -0.182927 -0.365854 -0.182927
838034 0 0.000000 0.000000 0.000000 -0.121951 -0.365854 -0.243902
838039 0 0.000000 0.000000 0.000000 -0.121951 -0.365854 -0.243902
838044 0 0.000000 0.000000 0.000000 -0.121951 -0.304878 -0.243902
838049 0 0.000000 0.000000 0.000000 -0.060976 -0.243902 -0.182927
838054 0 0.000000 0.000000 0.000000 -0.060976 -0.182927 -0.182927
838059 0 0.000000 0.000000 0.000000 0.000000 -0.121951 -0.182927
838064 0 0.000000 0.000000 0.000000 0.000000 -0.060976 -0.182927
838069 0 0.000000 0.000000 0.000000 0.000000 -0.060976 -0.243902
838074 0 0.000000 0.000000 0.000000 -0.060976 -0.060976 -0.243902
838079 0 0.000000 0.000000 0.000000 -0.060976 -0.121951 -0.243902
838084 0 0.000000 0.000000 0.000000 -0.060976 -0.182927 -0.243902
838089 0 0.000000 0.000000 0.000000 -0.060976 -0.243902 -0.243902
838094 0 0.000000 0.000000 0.000000 -0.121951 -0.365854 -0.243902
838099 0 0.000000 0.000000 0.000000 -0.121951 -0.426829 -0.182927
838104 0 0.000000 0.000000 0.000000 -0.182927 -0.426829 -0.182927
838109 0 0.000000 0.000000 0.000000 -0.182927 -0.426829 -0.243902
838114 0 0.000000 0.000000 0.000000 -0.243902 -0.365854 -0.243902
838119 0 0.000000 0.000000 0.000000 -0.243902 -0.304878 -0.243902
838124 0 0.000000 0.000000 0.000000 -0.243902 -0.243902 -0.243902
838129 0 0.000000 0.000000 0.000000 -0.304878 -0.182927 -0.243902
838134 0 0.000000 0.000000 0.000000 -0.243902 -0.121951 -0.243902
838139 0 0.000000 0.000000 0.000000 -0.243902 -0.060976 -0.182927
838144 0 0.000000 0.000000 0.000000 -0.243902 -0.060976 -0.182927
838149 0 0.000000 0.000000 0.000000 -0.243902 -0.121951 -0.182927
838154 0 0.000000 0.000000 0.000000 -0.182927 -0.182927 -0.243902
838159 0 0.000000 0.000000 0.000000 -0.182927 -0.182927 -0.243902
838164 0 0.000000 0.000000 0.000000 -0.182927 -0.243902 -0.243902
838169 0 0.000000 0.000000 0.000000 -0.121951 -0.304878 -0.243902
838174 0 0.000000 0.000000 0.000000 -0.121951 -0.365854 -0.243902
838179 0 0.000000 0.000000 0.000000 -0.060976 -0.365854 -0.243902
838184 0 0.000000 0.000000 0.000000 -0.060976 -0.365854 -0.243902
838189 0 0.000000 0.000000 0.000000 -0.060976 -0.304878 -0.243902
838194 0 0.000000 0.000000 0.000000 -0.060976 -0.304878 -0.182927
838199 0 0.000000 0.000000 0.000000 -0.060976 -0.243902 -0.182927
838204 0 0.000000 0.000000 0.000000 0.000000 -0.182927 -0.182927
838209 0 0.000000 0.000000 0.000000 0.000000 -0.182927 -0.182927
838214 0 0.000000 0.000000 0.000000 0.000000 -0.121951 -0.243902
838219 0 0.000000 0.000000 0.000000 -0.060976 -0.121951 -0.243902
838224 0 0.000000 0.000000 0.000000 -0.121951 -0.121951 -0.243902
838229 0 0.000000 0.000000 0.000000 -0.121951 -0.182927 -0.182927
838234 0 0.000000 0.000000 0.000000 -0.121951 -0.243902 -0.243902
838239 0 0.000000 0.000000 0.000000 -0.121951 -0.304878 -0.243902
838244 0 0.000000 0.000000 0.000000 -0.121951 -0.304878 -0.182927
838249 0 0.000000 0.000000 0.000000 -0.121951 -0.304878 -0.182927
838254 0 0.000000 0.000000 0.000000 -0.182927 -0.304878 -0.182927
838259 0 0.000000 0.000000 0.000000 -0.243902 -0.365854 -0.182927
838264 0 0.000000 0.000000 0.000000 -0.243902 -0.304878 -0.243902
838269 0 0.000000 0.000000 0.000000 -0.182927 -0.304878 -0.243902
838274 0 0.000000 0.000000 0.000000 -0.243902 -0.243902 -0.243902
838279 0 0.000000 0.000000 0.000000 -0.182927 -0.243902 -0.243902
838284 0 0.000000 0.000000 0.000000 -0.182927 -0.243902 -0.243902
838289 0 0.000000 0.000000 0.000000 -0.182927 -0.182927 -0.243902
838294 0 0.000000 0.000000 0.000000 -0.182927 -0.121951 -0.182927
838299 0 0.000000 0.000000 0.000000 -0.182927 -0.121951 -0.182927
838304 0 0.000000 0.000000 0.000000 -0.182927 -0.182927 -0.182927
838309 0 0.000000 0.000000 0.000000 -0.121951 -0.182927 -0.243902
838314 0 0.000000 0.000000 0.000000 -0.121951 -0.243902 -0.243902
838319 0 0.000000 0.000000 0.000000 -0.121951 -0.243902 -0.243902
838324 0 0.000000 0.000000 0.000000 -0.060976 -0.304878 -0.243902
838329 0 0.000000 0.000000 0.000000 -0.121951 -0.304878 -0.182927
838334 0 0.000000 0.000000 0.000000 -0.121951 -0.365854 -0.182927
838339 0 0.000000 0.000000 0.000000 -0.121951 -0.365854 -0.243902
838344 0 0.000000 0.000000 0.000000 -0.060976 -0.365854 -0.243902
838349 0 0.000000 0.000000 0.000000 -0.060976 -0.243902 -0.243902
838354 0 0.000000 0.000000 0.000000 -0.060976 -0.243902 -0.243902
838359 0 0.000000 0.000000 0.000000 -0.121951 -0.182927 -0.182927
838364 0 0.000000 0.000000 0.000000 -0.060976 -0.182927 -0.182927
838369 0 0.000000 0.000000 0.000000 -0.060976 -0.121951 -0.182927
838374 0 0.000000 0.000000 0.000000 -0.060976 -0.182927 -0.182927
838379 0 0.000000 0.000000 0.000000 -0.121951 -0.182927 -0.243902
838384 0 0.000000 0.000000 0.000000 -0.182927 -0.243902 -0.243902
838389 0 0.000000 0.000000 0.000000 -0.182927 -0.304878 -0.182927
838394 0 0.000000 0.000000 0.000000 -0.121951 -0.304878 -0.182927
838399 0 0.000000 0.000000 0.000000 -0.121951 -0.304878 -0.182927
838404 0 0.000000 0.000000 0.000000 -0.182927 -0.304878 -0.243902
838409 0 0.000000 0.000000 0.000000 -0.182927 -0.304878 -0.243902
838414 0 0.000000 0.000000 0.000000 -0.243902 -0.304878 -0.243902
838419 0 0.000000 0.000000 0.000000 -0.365854 -0.304878 -0.731707
838424 0 0.000000 0.000000 0.000000 -0.243902 -0.243902 0.000000
838429 0 0.000000 0.000000 0.000000 0.000000 -0.182927 1.097561
838434 0 0.000000 0.000000 0.000000 -0.182927 -0.182927 -0.548781
838439 0 0.000000 0.000000 0.000000 -0.548781 -0.182927 -1.463415
838444 0 0.000000 0.000000 0.000000 -0.182927 -0.182927 -0.365854
838449 0 0.000000 0.000000 0.000000 0.060976 0.000000 2.500000
838454 0 0.000000 0.000000 0.000000 -0.060976 -0.121951 1.890244
838459 0 0.000000 0.000000 0.000000 -0.670732 -0.304878 -2.195122
838464 0 0.000000 0.000000 0.000000 -1.036585 -0.365854 -1.829268
838469 0 0.000000 0.000000 0.000000 -0.731707 -0.365854 1.402439
838474 0 0.000000 0.000000 0.000000 -1.158537 -0.243902 0.000000
838479 0 0.000000 0.000000 0.000000 -2.012195 0.060976 -1.951220
838484 0 0.000000 0.000000 0.000000 -1.158537 -0.060976 0.609756
838489 0 0.000000 0.000000 0.000000 -0.609756 -0.182927 2.865854
838494 0 0.000000 0.000000 0.000000 -1.707317 -0.365854 0.304878
838499 0 0.000000 0.000000 0.000000 -2.743902 0.121951 -4.512195
838504 0 0.000000 0.000000 0.000000 -1.768293 0.060976 -3.170732
838509 0 0.000000 0.000000 0.000000 -1.585366 -0.426829 1.463415
838514 0 0.000000 0.000000 0.000000 -1.829268 0.609756 1.646341
838519 0 0.000000 0.000000 0.000000 -1.585366 -0.182927 -0.670732
838524 0 0.000000 0.000000 0.000000 -2.256098 0.000000 -1.097561
838529 0 0.000000 0.000000 0.000000 -1.219512 0.182927 -0.670732
838534 0 0.000000 0.000000 0.000000 -1.829268 -0.487805 0.975610
838539 0 0.000000 0.000000 0.000000 -1.402439 0.182927 -0.731707
838544 0 0.000000 0.000000 0.000000 -1.585366 -0.426829 -0.853659
838549 0 0.000000 0.000000 0.000000 -1.219512 0.182927 -0.426829
838554 0 0.000000 0.000000 0.000000 -1.524390 -0.182927 0.365854
838559 0 0.000000 0.000000 0.000000 -1.707317 0.000000 -0.548781
838564 0 0.000000 0.000000 0.000000 -1.585366 -0.182927 -0.548781
838569 0 0.000000 0.000000 0.000000 -1.097561 0.000000 -0.243902
838574 0 0.000000 0.000000 0.000000 -1.280488 -0.121951 0.243902
838579 0 0.000000 0.000000 0.000000 -1.219512 -0.365854 -0.487805
838584 0 0.000000 0.000000 0.000000 -1.097561 0.182927 -0.731707
838589 0 0.000000 0.000000 0.000000 -1.097561 -0.731707 -0.182927
838594 0 0.000000 0.000000 0.000000 -0.609756 -0.121951 -0.121951
838599 0 0.000000 0.000000 0.000000 -0.975610 -0.609756 -0.060976
838604 0 0.000000 0.000000 0.000000 -0.731707 -0.487805 -0.609756
838609 0 0.000000 0.000000 0.000000 -0.792683 -0.426829 -0.243902
838614 0 0.000000 0.000000 0.000000 -0.487805 -0.609756 0.060976
838619 0 0.000000 0.000000 0.000000 -0.487805 -0.304878 -0.243902
838624 0 0.000000 0.000000 0.000000 -0.182927 -0.548781 0.000000
838629 0 0.000000 0.000000 0.000000 -0.304878 -0.426829 -0.243902
838634 0 0.000000 0.000000 0.000000 0.182927 -0.243902 -0.426829
838639 0 0.000000 0.000000 0.000000 0.243902 -0.426829 0.000000
838644 0 0.000000 0.000000 0.000000 0.670732 -0.243902 -0.243902
838649 0 0.000000 0.000000 0.000000 0.731707 -0.243902 -0.609756
838654 0 0.000000 0.000000 0.000000 0.609756 -0.304878 0.000000
838659 0 0.000000 0.000000 0.000000 0.792683 -0.121951 -0.243902
838664 0 0.000000 0.000000 0.000000 1.036585 -0.121951 -0.121951
838669 0 0.000000 0.000000 0.000000 1.036585 -0.243902 -0.121951
838674 0 0.000000 0.000000 0.000000 1.036585 -0.243902 -0.670732
838679 0 0.000000 0.000000 0.000000 1.036585 -0.304878 0.000000
838684 0 0.000000 0.000000 0.000000 0.853659 -0.243902 -0.304878
838689 0 0.000000 0.000000 0.000000 0.914634 -0.182927 -0.365854
838694 0 0.000000 0.000000 0.000000 0.792683 -0.243902 0.000000
838699 0 0.000000 0.000000 0.000000 0.731707 -0.121951 -0.548781
838704 0 0.000000 0.000000 0.000000 0.731707 0.000000 -0.243902
838709 0 0.000000 0.000000 0.000000 0.243902 -0.182927 -0.121951
838714 0 0.000000 0.000000 0.000000 0.121951 -0.121951 -0.426829
838719 0 0.000000 0.000000 0.000000 0.243902 -0.304878 0.000000
838724 0 0.000000 0.000000 0.000000 -0.060976 -0.487805 -0.243902
838729 0 0.000000 0.000000 0.000000 -0.060976 -0.304878 -0.426829
838734 0 0.000000 0.000000 0.000000 -0.243902 -0.548781 0.000000
838739 0 0.000000 0.000000 0.000000 -0.426829 -0.426829 -0.243902
838744 0 0.000000 0.000000 0.000000 -0.182927 -0.182927 -0.243902
838749 0 0.000000 0.000000 0.000000 -0.487805 -0.304878 0.000000
838754 0 0.000000 0.000000 0.000000 -0.609756 0.000000 -0.426829
838759 0 0.000000 0.000000 0.000000 -0.487805 0.000000 -0.304878
838764 0 0.000000 0.000000 0.000000 -0.792683 -0.243902 -0.121951
838769 0 0.000000 0.000000 0.000000 -0.731707 -0.182927 -0.365854
838774 0 0.000000 0.000000 0.000000 -0.914634 -0.365854 -0.121951
838779 0 0.000000 0.000000 0.000000 -1.158537 -0.609756 -0.243902
838784 0 0.000000 0.000000 0.000000 -0.548781 -0.304878 -0.487805
838789 0 0.000000 0.000000 0.000000 -0.426829 -0.487805 -0.060976
838794 0 0.000000 0.000000 0.000000 -0.487805 -0.487805 -0.060976
838799 0 0.000000 0.000000 0.000000 -0.182927 -0.243902 -0.365854
838804 0 0.000000 0.000000 0.000000 -0.365854 -0.487805 -0.182927
838809 0 0.000000 0.000000 0.000000 -0.121951 -0.243902 -0.426829
838814 0 0.000000 0.000000 0.000000 0.121951 -0.121951 -0.365854
838819 0 0.000000 0.000000 0.000000 -0.060976 -0.426829 0.000000
838824 0 0.000000 0.000000 0.000000 0.243902 -0.060976 -0.304878
838829 0 0.000000 0.000000 0.000000 0.304878 0.000000 -0.304878
838834 0 0.000000 0.000000 0.000000 0.060976 -0.060976 -0.182927
838839 0 0.000000 0.000000 0.000000 0.426829 0.182927 -0.426829
838844 0 0.000000 0.000000 0.000000 0.365854 0.060976 -0.182927
838849 0 0.000000 0.000000 0.000000 0.426829 -0.060976 -0.060976
838854 0 0.000000 0.000000 0.000000 0.487805 -0.060976 -0.365854
838859 0 0.000000 0.000000 0.000000 0.121951 -0.426829 -0.121951
838864 0 0.000000 0.000000 0.000000 0.121951 -0.365854 -0.243902
838869 0 0.000000 0.000000 0.000000 0.182927 -0.426829 -0.487805
838874 0 0.000000 0.000000 0.000000 0.000000 -0.731707 0.060976
838879 0 0.000000 0.000000 0.000000 -0.060976 -0.670732 -0.182927
838884 0 0.000000 0.000000 0.000000 -0.182927 -0.609756 -0.243902
838889 0 0.000000 0.000000 0.000000 -0.243902 -0.609756 -0.060976
838894 0 0.000000 0.000000 0.000000 0.000000 -0.182927 -0.609756
838899 0 0.000000 0.000000 0.000000 -0.121951 -0.060976 -0.182927
838904 0 0.000000 0.000000 0.000000 -0.304878 0.000000 0.121951
838909 0 0.000000 0.000000 0.000000 -0.182927 0.121951 -0.426829
838914 0 0.000000 0.000000 0.000000 -0.426829 0.060976 -0.365854
838919 0 0.000000 0.000000 0.000000 -0.487805 0.182927 -0.182927
838924 0 0.000000 0.000000 0.000000 -0.426829 0.182927 -0.304878
838929 0 0.000000 0.000000 0.000000 -0.792683 -0.182927 0.000000
838934 0 0.000000 0.000000 0.000000 -0.548781 -0.243902 -0.426829
838939 0 0.000000 0.000000 0.000000 -0.487805 -0.304878 -0.548781
838944 0 0.000000 0.000000 0.000000 -0.731707 -0.487805 -0.060976
838949 0 0.000000 0.000000 0.000000 -0.487805 -0.365854 -0.121951
838954 0 0.000000 0.000000 0.000000 -0.548781 -0.365854 -0.121951
838959 0 0.000000 0.000000 0.000000 -0.731707 -0.609756 -0.121951
838964 0 0.000000 0.000000 0.000000 -0.243902 -0.487805 -0.487805
838969 0 0.000000 0.000000 0.000000 -0.121951 -0.670732 -0.182927
838974 0 0.000000 0.000000 0.000000 0.000000 -0.670732 -0.182927
838979 0 0.000000 0.000000 0.000000 0.182927 -0.304878 -0.487805
838984 0 0.000000 0.000000 0.000000 0.060976 -0.426829 0.000000
838989 0 0.000000 0.000000 0.000000 0.121951 -0.182927 -0.121951
838994 0 0.000000 0.000000 0.000000 0.182927 0.121951 -0.304878
838999 0 0.000000 0.000000 0.000000 0.121951 0.060976 0.000000
839004 0 0.000000 0.000000 0.000000 0.365854 0.121951 -0.243902
839009 0 0.000000 0.000000 0.000000 0.548781 0.121951 -0.365854
839014 0 0.000000 0.000000 0.000000 0.365854 -0.182927 -0.304878
839019 0 0.000000 0.000000 0.000000 0.426829 0.000000 -0.304878
839024 0 0.000000 0.000000 0.000000 0.243902 -0.060976 0.000000
839029 0 0.000000 0.000000 0.000000 -0.060976 -0.487805 -0.121951
839034 0 0.000000 0.000000 0.000000 0.060976 -0.365854 -0.487805
839039 0 0.000000 0.000000 0.000000 0.000000 -0.670732 -0.243902
839044 0 0.000000 0.000000 0.000000 0.000000 -0.792683 -0.182927
839049 0 0.000000 0.000000 0.000000 0.000000 -0.487805 -0.182927
839054 0 0.000000 0.000000 0.000000 -0.121951 -0.548781 0.000000
839059 0 0.000000 0.000000 0.000000 -0.182927 -0.182927 -0.304878
839064 0 0.000000 0.000000 0.000000 -0.243902 0.243902 -0.304878
839069 0 0.000000 0.000000 0.000000 -0.609756 0.182927 0.000000
839074 0 0.000000 0.000000 0.000000 -0.487805 0.487805 -0.121951
839079 0 0.000000 0.000000 0.000000 -0.731707 0.487805 -0.365854
839084 0 0.000000 0.000000 0.000000 -0.792683 0.121951 -0.365854
839089 0 0.000000 0.000000 0.000000 -0.609756 0.243902 -0.182927
839094 0 0.000000 0.000000 0.000000 -0.731707 -0.182927 -0.121951
839099 0 0.000000 0.000000 0.000000 -0.853659 -0.548781 -0.365854
839104 0 0.000000 0.000000 0.000000 -0.609756 -0.304878 -0.243902
839109 0 0.000000 0.000000 0.000000 -0.853659 -0.792683 -0.121951
839114 0 0.000000 0.000000 0.000000 -0.609756 -0.792683 0.000000
839119 0 0.000000 0.000000 0.000000 -0.304878 -0.731707 0.060976
839124 0 0.000000 0.000000 0.000000 -0.487805 -1.097561 -0.121951
839129 0 0.000000 0.000000 0.000000 -0.304878 -0.792683 -0.060976
839134 0 0.000000 0.000000 0.000000 -0.182927 -0.548781 -0.121951
839139 0 0.000000 0.000000 0.000000 -0.182927 -0.609756 -0.426829
839144 0 0.000000 0.000000 0.000000 0.182927 0.000000 -0.243902
839149 0 0.000000 0.000000 0.000000 0.121951 0.000000 -0.304878
839154 0 0.000000 0.000000 0.000000 0.000000 0.182927 -0.121951
839159 0 0.000000 0.000000 0.000000 0.365854 0.548781 -0.182927
839164 0 0.000000 0.000000 0.000000 0.243902 0.243902 -0.426829
839169 0 0.000000 0.000000 0.000000 0.243902 0.121951 -0.060976
839174 0 0.000000 0.000000 0.000000 0.426829 0.304878 -0.121951
839179 0 0.000000 0.000000 0.000000 0.304878 -0.121951 -0.426829
839184 0 0.000000 0.000000 0.000000 0.670732 -0.060976 0.000000
839189 0 0.000000 0.000000 0.000000 0.670732 -0.243902 -0.060976
839194 0 0.000000 0.000000 0.000000 0.243902 -0.853659 -0.243902
839199 0 0.000000 0.000000 0.000000 0.548781 -0.853659 -0.182927
839204 0 0.000000 0.000000 0.000000 0.365854 -1.097561 -0.365854
839209 0 0.000000 0.000000 0.000000 0.060976 -1.036585 -0.060976
839214 0 0.000000 0.000000 0.000000 0.121951 -0.487805 -0.121951
839219 0 0.000000 0.000000 0.000000 -0.182927 -0.487805 -0.426829
839224 0 0.000000 0.000000 0.000000 -0.243902 -0.304878 0.000000
839229 0 0.000000 0.000000 0.000000 -0.548781 -0.304878 -0.548781
839234 0 0.000000 0.000000 0.000000 -0.853659 -0.487805 -1.097561
839239 0 0.000000 0.000000 0.000000 -0.304878 0.182927 -0.182927
839244 0 0.000000 0.000000 0.000000 -0.121951 0.426829 -0.121951
839249 0 0.000000 0.000000 0.000000 -0.487805 0.121951 -0.121951
839254 0 0.000000 0.000000 0.000000 -0.548781 0.182927 -0.121951
839259 0 0.000000 0.000000 0.000000 -0.792683 0.000000 -0.365854
839264 0 0.000000 0.000000 0.000000 -0.853659 -0.243902 -0.060976
839269 0 0.000000 0.000000 0.000000 -0.731707 -0.304878 -0.121951
839274 0 0.000000 0.000000 0.000000 -1.036585 -0.670732 -0.426829
839279 0 0.000000 0.000000 0.000000 -0.853659 -0.670732 -0.121951
839284 0 0.000000 0.000000 0.000000 -0.548781 -0.548781 -0.304878
839289 0 0.000000 0.000000 0.000000 -0.731707 -0.670732 -0.243902
839294 0 0.000000 0.000000 0.000000 -0.548781 -0.670732 0.000000
839299 0 0.000000 0.000000 0.000000 -0.548781 -0.487805 -0.304878
839304 0 0.000000 0.000000 0.000000 -0.792683 -0.487805 -0.182927
839309 0 0.000000 0.000000 0.000000 -0.548781 -0.243902 0.000000
839314 0 0.000000 0.000000 0.000000 -0.548781 -0.121951 -0.304878
839319 0 0.000000 0.000000 0.000000 -0.609756 -0.182927 -0.121951
839324 0 0.000000 0.000000 0.000000 -0.182927 0.000000 -0.060976
839329 0 0.000000 0.000000 0.000000 -0.243902 -0.060976 -0.243902
839334 0 0.000000 0.000000 0.000000 -0.182927 0.000000 -0.182927
839339 0 0.000000 0.000000 0.000000 0.060976 0.060976 -0.426829
839344 0 0.000000 0.000000 0.000000 0.060976 -0.121951 -0.243902
839349 0 0.000000 0.000000 0.000000 0.365854 -0.304878 -0.060976
839354 0 0.000000 0.000000 0.000000 0.487805 -0.304878 -0.487805
839359 3 0.000000 0.000000 0.000000 0.426829 -0.426829 -0.365854
839364 3 0.000000 0.000000 0.000000 0.548781 -0.365854 0.000000
839369 3 0.000000 0.000000 0.000000 0.426829 -0.426829 -0.182927
839374 3 0.000000 0.000000 0.000000 0.365854 -0.548781 -0.060976
839379 5 0.000000 0.000000 0.000000 0.670732 -0.426829 -0.121951
839384 5 0.000000 0.000000 0.000000 0.365854 -0.182927 -0.365854
839389 5 0.000000 0.000000 0.000000 0.060976 -0.060976 -0.304878
839394 5 0.000000 0.000000 0.000000 0.060976 0.060976 -0.182927
839399 7 0.000000 0.000000 0.000000 0.060976 0.000000 -0.121951
839404 7 0.000000 0.000000 0.000000 0.000000 0.000000 -0.182927
839409 7 0.000000 0.000000 0.000000 -0.487805 0.000000 -0.182927
839414 7 0.000000 0.000000 0.000000 -0.792683 -0.060976 -0.304878
839419 8 0.000000 0.000000 0.000000 -0.914634 -0.243902 -0.304878
839424 8 0.000000 0.000000 0.000000 -0.792683 -0.365854 0.000000
839429 8 0.000000 0.000000 0.000000 -0.731707 -0.487805 -0.182927
839434 8 0.000000 0.000000 0.000000 -1.219512 -0.182927 -0.365854
839439 10 0.000000 0.000000 0.000000 -1.768293 0.000000 -0.487805
839444 10 0.000000 0.000000 0.000000 -1.890244 0.060976 -0.304878
839449 10 0.000000 0.000000 0.000000 -1.768293 0.182927 0.060976
839454 10 0.000000 0.000000 0.000000 -1.768293 0.304878 0.121951
839459 11 0.000000 0.000000 0.000000 -1.829268 0.121951 0.000000
839464 11 0.000000 0.000000 0.000000 -1.951220 0.000000 -0.121951
839469 11 0.000000 0.000000 0.000000 -2.378049 0.670732 -0.426829
839474 11 0.000000 0.000000 0.000000 -2.134146 0.975610 -0.121951
839479 13 0.000000 0.000000 0.000000 -2.621951 1.036585 0.121951
839484 13 0.000000 0.000000 0.000000 -2.804878 1.158537 0.243902
839489 13 0.000000 0.000000 0.000000 -2.926829 0.731707 0.182927
839494 13 0.000000 0.000000 0.000000 -3.597561 0.243902 0.060976
839499 14 0.000000 0.000000 0.000000 -4.878049 0.792683 -0.060976
839504 14 0.000000 0.000000 0.000000 -5.121951 1.463415 -0.426829
839509 14 0.000000 0.000000 0.000000 -4.756098 1.097561 -0.548781
839514 14 0.000000 0.000000 0.000000 -4.695122 0.609756 -0.182927
839519 15 0.000000 0.000000 0.000000 -4.878049 0.914634 0.060976
839524 15 0.000000 0.000000 0.000000 -5.243903 1.524390 0.243902
839529 15 0.000000 0.000000 0.000000 -5.121951 1.524390 0.304878
839534 15 0.000000 0.000000 0.000000 -5.426829 1.036585 0.243902
839539 15 0.000000 0.000000 0.000000 -6.036585 0.792683 0.000000
839544 15 0.000000 0.000000 0.000000 -6.280488 0.731707 -0.365854
839549 15 0.000000 0.000000 0.000000 -5.914634 1.158537 -0.914634
839554 15 0.000000 0.000000 0.000000 -5.975610 1.097561 -0.670732
839559 15 0.000000 0.000000 0.000000 -6.951220 1.463415 0.548781
839564 15 0.000000 0.000000 0.000000 -8.170732 1.341463 2.134146
839569 15 0.000000 0.000000 0.000000 -7.865854 1.341463 2.500000
839574 15 0.000000 0.000000 0.000000 -7.134147 1.402439 1.890244
839579 16 0.000000 0.000000 0.000000 -6.890244 1.768293 0.914634
839584 16 0.000000 0.000000 0.000000 -7.500000 1.890244 0.243902
839589 16 0.000000 0.000000 0.000000 -7.865854 2.073171 0.000000
839594 16 0.000000 0.000000 0.000000 -8.048780 1.707317 0.548781
839599 17 0.000000 0.000000 0.000000 -7.621952 2.500000 0.975610
839604 17 0.000000 0.000000 0.000000 -7.804878 2.682927 1.890244
839609 17 0.000000 0.000000 0.000000 -6.097561 2.256098 2.500000
839614 17 0.000000 0.000000 0.000000 -6.646342 2.256098 2.378049
839619 19 0.000000 0.000000 0.000000 -7.682927 2.317073 2.621951
839624 19 0.000000 0.000000 0.000000 -7.621952 2.378049 3.109756
839629 19 0.000000 0.000000 0.000000 -7.256098 3.353659 3.414634
839634 19 0.000000 0.000000 0.000000 -7.317073 3.719512 3.597561
839639 22 0.000000 0.000000 0.000000 -6.463415 2.439024 1.768293
839644 22 0.000000 0.000000 0.000000 -5.182927 1.463415 -0.121951
839649 22 0.000000 0.000000 0.000000 -4.329268 1.585366 -1.402439
839654 22 0.000000 0.000000 0.000000 -4.695122 1.951220 -1.707317
839659 25 0.000000 0.000000 0.000000 -6.463415 2.439024 -0.487805
839664 25 0.000000 0.000000 0.000000 -8.109756 2.804878 0.670732
839669 25 0.000000 0.000000 0.000000 -8.170732 3.902439 0.670732
839674 25 0.000000 0.000000 0.000000 -8.536586 5.182927 -0.060976
839679 26 0.000000 0.000000 0.000000 -9.390244 5.121951 0.304878
839684 26 0.000000 0.000000 0.000000 -11.646341 5.487805 0.853659
839689 26 0.000000 0.000000 0.000000 -12.926829 6.219512 0.609756
839694 26 0.000000 0.000000 0.000000 -14.451220 7.195122 1.951220
839699 27 0.000000 0.000000 0.000000 -13.597561 9.695122 4.146341
839704 27 0.000000 0.000000 0.000000 -12.439025 10.487805 4.024390
839709 27 0.000000 0.000000 0.000000 -13.658537 10.914635 2.926829
839714 27 0.000000 0.000000 0.000000 -15.365854 11.158537 1.219512
839719 28 0.000000 0.000000 0.000000 -17.012196 11.585366 -0.365854
839724 28 0.000000 0.000000 0.000000 -18.353659 13.658537 -0.060976
839729 28 0.000000 0.000000 0.000000 -19.634148 15.548780 0.548781
839734 28 0.000000 0.000000 0.000000 -22.073172 16.646341 0.426829
839739 28 0.000000 0.000000 0.000000 -24.329269 17.865854 1.585366
839744 28 0.000000 0.000000 0.000000 -24.451220 19.268293 0.548781
839749 28 0.000000 0.000000 0.000000 -22.865854 18.536585 -1.280488
839754 28 0.000000 0.000000 0.000000 -20.975611 17.682928 -1.646341
839759 29 0.000000 0.000000 0.000000 -18.414635 17.560976 -1.341463
839764 29 0.000000 0.000000 0.000000 -17.500000 17.926830 -1.524390
839769 29 0.000000 0.000000 0.000000 -18.902439 17.865854 -1.280488
839774 29 0.000000 0.000000 0.000000 -20.304878 17.987804 -1.219512
839779 30 0.000000 0.000000 0.000000 -21.463415 17.500000 -1.341463
839784 30 0.000000 0.000000 0.000000 -22.012196 17.012196 -1.585366
839789 30 0.000000 0.000000 0.000000 -22.621952 16.951220 -1.402439
839794 30 0.000000 0.000000 0.000000 -23.109756 16.829269 -1.402439
839799 30 0.000000 0.000000 0.000000 -24.146341 19.390244 -1.402439
839804 30 0.000000 0.000000 0.000000 -25.243902 23.963415 -2.743902
839809 30 0.000000 0.000000 0.000000 -26.768293 27.987806 -2.500000
839814 30 0.000000 0.000000 0.000000 -28.841465 29.390245 -1.219512
839819 30 0.000000 0.000000 0.000000 -29.207317 28.658537 -1.463415
839824 30 0.000000 0.000000 0.000000 -27.865854 28.719513 -2.012195
839829 30 0.000000 0.000000 0.000000 -28.475611 26.341463 -2.073171
839834 30 0.000000 0.000000 0.000000 -31.097561 22.865854 -1.524390
839839 30 0.000000 0.000000 0.000000 -34.512196 20.487804 -0.914634
839844 30 0.000000 0.000000 0.000000 -35.426830 18.231709 -2.682927
839849 30 0.000000 0.000000 0.000000 -33.109756 17.804878 -3.536585
839854 30 0.000000 0.000000 0.000000 -31.524391 16.646341 -4.390244
839859 30 0.000000 0.000000 0.000000 -30.487806 15.243903 -4.512195
839864 30 0.000000 0.000000 0.000000 -27.865854 14.207317 -2.926829
839869 30 0.000000 0.000000 0.000000 -24.268293 14.573171 -2.500000
839874 30 0.000000 0.000000 0.000000 -23.231709 18.536585 -3.231707
839879 30 0.000000 0.000000 0.000000 -22.195122 20.975611 -4.390244
839884 30 0.000000 0.000000 0.000000 -22.439024 21.463415 -4.512195
839889 30 0.000000 0.000000 0.000000 -22.500000 20.243902 -3.536585
839894 30 0.000000 0.000000 0.000000 -22.378050 19.512196 -4.207317
839899 30 0.000000 0.000000 0.000000 -23.048780 21.829269 -4.817073
839904 30 0.000000 0.000000 0.000000 -23.963415 21.646341 -4.512195
839909 30 0.000000 0.000000 0.000000 -22.500000 19.390244 -6.524390
839914 30 0.000000 0.000000 0.000000 -24.207317 19.268293 -7.439024
839919 30 0.000000 0.000000 0.000000 -26.524391 20.182928 -9.146341
839924 30 0.000000 0.000000 0.000000 -27.134148 19.512196 -10.853659
839929 30 0.000000 0.000000 0.000000 -26.097561 18.170732 -10.426829
839934 30 0.000000 0.000000 0.000000 -25.792683 17.500000 -10.000000
839939 30 0.000000 0.000000 0.000000 -27.743902 16.646341 -13.170732
839944 30 0.000000 0.000000 0.000000 -31.036587 13.475610 -14.146341
839949 30 0.000000 0.000000 0.000000 -32.073170 11.158537 -13.536586
839954 30 0.000000 0.000000 0.000000 -35.670734 10.853659 -13.597561
839959 30 0.000000 0.000000 0.000000 -37.682926 12.621951 -15.487805
839964 30 0.000000 0.000000 0.000000 -42.621952 12.439025 -17.195122
839969 30 0.000000 0.000000 0.000000 -48.597561 12.378049 -16.829269
839974 30 0.000000 0.000000 0.000000 -52.195122 11.890244 -16.280489
839979 30 0.000000 0.000000 0.000000 -51.036587 11.036586 -19.695122
839984 30 0.000000 0.000000 0.000000 -53.231709 10.670732 -22.012196
839989 30 0.000000 0.000000 0.000000 -59.390244 10.548780 -24.573172
839994 30 0.000000 0.000000 0.000000 -63.353661 9.390244 -24.451220
839999 30 0.000000 0.000000 0.000000 -65.609756 9.329268 -21.829269
840004 30 0.000000 0.000000 0.000000 -63.963417 10.548780 -21.890244
840009 30 0.000000 0.000000 0.000000 -64.390244 7.500000 -21.646341
840014 30 0.000000 0.000000 0.000000 -63.902439 6.890244 -22.256098
840019 30 0.000000 0.000000 0.000000 -65.000000 6.219512 -23.048780
840024 30 0.000000 0.000000 0.000000 -64.390244 3.963415 -22.987806
840029 30 0.000000 0.000000 0.000000 -66.158539 3.658537 -21.280489
840034 30 0.000000 0.000000 0.000000 -67.743904 4.329268 -20.365854
840039 30 0.000000 0.000000 0.000000 -64.390244 4.329268 -19.268293
840044 30 0.000000 -10.000000 0.000000 -60.426830 1.829268 -20.121952
840049 30 0.000000 -10.000000 0.000000 -58.597561 2.500000 -21.280489
840054 30 0.000000 -10.000000 0.000000 -54.756100 2.256098 -22.987806
840059 30 0.000000 -10.000000 0.000000 -50.609756 3.475610 -22.621952
840064 30 0.000000 -20.000000 0.000000 -48.475613 1.768293 -24.451220
840069 30 0.000000 -20.000000 0.000000 -43.414635 -2.256098 -28.475611
840074 30 0.000000 -20.000000 0.000000 -38.902439 -4.512195 -31.707317
840079 30 0.000000 -20.000000 0.000000 -32.560978 -7.621952 -35.609756
840084 30 0.000000 -20.000000 0.000000 -28.292683 -12.987805 -35.182926
840089 30 0.000000 -20.000000 0.000000 -22.621952 -15.609756 -34.878048
840094 30 0.000000 -20.000000 0.000000 -17.621952 -18.414635 -37.317074
840099 30 0.000000 -20.000000 0.000000 -13.536586 -19.573172 -37.743904
840104 30 0.000000 -30.000000 0.000000 -12.560976 -23.597561 -38.475609
840109 30 0.000000 -30.000000 0.000000 -11.890244 -25.426830 -39.695122
840114 30 0.000000 -30.000000 0.000000 -8.780488 -24.573172 -39.207317
840119 30 0.000000 -30.000000 0.000000 -8.109756 -24.756098 -41.219513
840124 30 0.000000 -30.000000 0.000000 -8.231708 -21.890244 -43.292683
840129 30 0.000000 -30.000000 0.000000 -8.841464 -18.353659 -44.878048
840134 30 0.000000 -30.000000 0.000000 -9.146341 -17.560976 -45.000000
840139 30 0.000000 -30.000000 0.000000 -10.487805 -17.743902 -45.304878
840144 30 0.000000 -40.000000 0.000000 -13.353659 -19.817074 -46.951221
840149 30 0.000000 -40.000000 0.000000 -11.646341 -21.585367 -48.231709
840154 30 0.000000 -40.000000 0.000000 -10.670732 -20.792683 -48.048782
840159 30 0.000000 -40.000000 0.000000 -12.804878 -21.768293 -49.329269
840164 30 0.000000 -60.000000 0.000000 -16.524391 -24.573172 -49.329269
840169 30 0.000000 -60.000000 0.000000 -19.817074 -26.036587 -46.951221
840174 30 0.000000 -60.000000 0.000000 -17.621952 -26.341463 -46.890244
840179 30 0.000000 -60.000000 0.000000 -16.402439 -28.353659 -46.707317
840184 30 0.000000 -70.000000 0.000000 -22.987806 -32.134148 -46.524391
840189 30 0.000000 -70.000000 0.000000 -27.865854 -36.280487 -44.451221
840194 30 0.000000 -70.000000 0.000000 -26.890245 -41.341465 -41.707317
840199 30 0.000000 -70.000000 0.000000 -30.304878 -48.109756 -39.634148
840204 30 0.000000 -80.000000 0.000000 -31.829269 -53.841465 -37.500000
840209 30 0.000000 -80.000000 0.000000 -30.365854 -55.121952 -34.756100
840214 30 0.000000 -80.000000 0.000000 -32.500000 -58.841465 -31.463415
840219 30 0.000000 -80.000000 0.000000 -35.182926 -62.865856 -29.146341
840224 30 0.000000 -90.000000 0.000000 -33.597561 -64.451218 -30.182928
840229 30 0.000000 -90.000000 0.000000 -28.109756 -63.292683 -31.890245
840234 30 0.000000 -90.000000 0.000000 -24.573172 -63.902439 -32.378048
840239 30 0.000000 -90.000000 0.000000 -24.451220 -62.987808 -31.219513
840244 30 0.000000 -90.000000 0.000000 -26.585367 -60.914635 -31.341465
840249 30 0.000000 -90.000000 0.000000 -27.621952 -57.256100 -31.341465
840254 30 0.000000 -90.000000 0.000000 -27.134148 -52.500000 -30.182928
840259 30 0.000000 -90.000000 0.000000 -27.865854 -49.817074 -28.902439
840264 30 0.000000 -90.000000 0.000000 -27.073172 -46.341465 -25.000000
840269 30 0.000000 -90.000000 0.000000 -27.073172 -40.731709 -20.426830
840274 30 0.000000 -90.000000 0.000000 -25.060976 -34.573170 -11.951220
840279 30 0.000000 -90.000000 0.000000 -23.170732 -29.024391 -3.109756
840284 30 0.000000 -90.000000 0.000000 -21.768293 -25.365854 6.097561
840289 30 0.000000 -90.000000 0.000000 -20.000000 -20.060976 12.682927
840294 30 0.000000 -90.000000 0.000000 -21.585367 -15.121951 22.012196
840299 30 0.000000 -90.000000 0.000000 -23.353659 -10.670732 32.073170
840304 30 0.000000 -90.000000 0.000000 -22.073172 -7.987805 41.524391
840309 30 0.000000 -90.000000 0.000000 -18.963415 -8.475610 48.414635
840314 30 0.000000 -90.000000 0.000000 -14.207317 -8.170732 52.317074
840319 30 0.000000 -90.000000 0.000000 -12.256098 -7.804878 58.353661
840324 30 0.000000 -80.000000 0.000000 -10.853659 -9.756098 65.121956
840329 30 0.000000 -80.000000 0.000000 -8.963415 -14.451220 67.439026
840334 30 0.000000 -80.000000 0.000000 -7.500000 -20.670732 68.231712
840339 30 0.000000 -80.000000 0.000000 -5.792683 -23.963415 72.743904
840344 30 0.000000 -80.000000 0.000000 -6.158537 -28.780489 76.585365
840349 30 0.000000 -80.000000 0.000000 -8.475610 -35.487804 78.963417
840354 30 0.000000 -80.000000 0.000000 -8.963415 -43.475613 80.548782
840359 30 0.000000 -80.000000 0.000000 -11.036586 -50.670734 85.182930
840364 30 0.000000 -70.000000 0.000000 -15.365854 -54.512196 88.109756
840369 30 0.000000 -70.000000 0.000000 -16.097561 -60.426830 92.378052
840374 30 0.000000 -70.000000 0.000000 -14.390244 -64.939026 97.804878
840379 30 0.000000 -70.000000 0.000000 -15.243903 -66.951218 102.682930
840384 30 10.000000 -60.000000 0.000000 -16.890244 -67.560974 106.036591
840389 30 10.000000 -60.000000 0.000000 -15.365854 -65.792686 108.841469
840394 30 10.000000 -60.000000 0.000000 -14.695123 -63.353661 113.963417
840399 30 10.000000 -60.000000 0.000000 -17.073172 -59.573174 118.719513
840404 30 30.000000 -60.000000 0.000000 -17.804878 -53.597561 122.317078
840409 30 30.000000 -60.000000 0.000000 -19.146341 -46.097561 128.841461
840414 30 30.000000 -60.000000 0.000000 -19.756098 -37.987804 135.000000
840419 30 30.000000 -60.000000 0.000000 -20.487804 -31.768293 136.585373
840424 30 30.000000 -50.000000 0.000000 -18.658537 -25.609756 140.243912
840429 30 30.000000 -50.000000 0.000000 -18.048780 -17.987804 146.280487
840434 30 30.000000 -50.000000 0.000000 -16.951220 -11.036586 152.804886
840439 30 30.000000 -50.000000 0.000000 -11.768293 -6.280488 156.280487
840444 30 40.000000 -40.000000 0.000000 -5.365854 -2.256098 161.341461
840449 30 40.000000 -40.000000 0.000000 -3.475610 1.036585 164.451218
840454 30 40.000000 -40.000000 0.000000 -2.560976 4.512195 165.182938
840459 30 40.000000 -40.000000 0.000000 6.890244 5.609756 166.280487
840464 30 50.000000 -30.000000 0.000000 15.365854 7.195122 168.292694
840469 30 50.000000 -30.000000 0.000000 21.280489 9.329268 171.463425
840474 30 50.000000 -30.000000 0.000000 27.865854 11.524390 173.963425
840479 30 50.000000 -30.000000 0.000000 31.707317 13.170732 174.512192
840484 30 60.000000 -20.000000 0.000000 34.268295 13.170732 175.000000
840489 30 60.000000 -20.000000 0.000000 41.097561 13.597561 174.390244
840494 30 60.000000 -20.000000 0.000000 43.414635 13.597561 174.329269
840499 30 60.000000 -20.000000 0.000000 45.426830 13.292684 173.109756
840504 30 60.000000 0.000000 0.000000 43.597561 14.817074 171.402451
840509 30 60.000000 0.000000 0.000000 35.060978 14.817074 167.439026
840514 30 60.000000 0.000000 0.000000 22.378050 14.878049 162.500000
840519 30 60.000000 0.000000 0.000000 3.414634 18.231709 159.756104
840524 30 70.000000 0.000000 0.000000 -12.073171 17.987804 154.756104
840529 30 70.000000 0.000000 0.000000 -27.378050 17.621952 149.695129
840534 30 70.000000 0.000000 0.000000 -43.841465 16.951220 145.121948
840539 30 70.000000 0.000000 0.000000 -57.743904 16.219513 142.865860
840544 30 60.000000 0.000000 0.000000 -76.524391 14.451220 137.621948
840549 30 60.000000 0.000000 0.000000 -99.085365 13.048780 132.134155
840554 30 60.000000 0.000000 0.000000 -124.207321 16.829269 129.024399
840559 30 60.000000 0.000000 0.000000 -141.951218 15.000000 127.621956
840564 30 60.000000 0.000000 0.000000 -154.695129 12.317074 126.036591
840569 30 60.000000 0.000000 0.000000 -160.365860 14.390244 128.109756
840574 30 60.000000 0.000000 0.000000 -159.573181 14.329268 131.524399
840579 30 60.000000 0.000000 0.000000 -156.951218 14.634147 133.292679
840584 30 60.000000 0.000000 0.000000 -152.560974 10.670732 129.817078
840589 30 60.000000 0.000000 0.000000 -135.060974 -3.719512 117.621956
840594 30 60.000000 0.000000 0.000000 -115.243904 -16.158537 100.060982
840599 30 60.000000 0.000000 0.000000 -97.134148 -24.268293 79.573174
840604 30 60.000000 0.000000 0.000000 -63.475613 -33.475609 58.475613
840609 30 60.000000 0.000000 0.000000 -20.304878 -44.939026 40.792683
840614 30 60.000000 0.000000 0.000000 17.682928 -49.573174 30.060976
840619 30 60.000000 0.000000 0.000000 48.292683 -51.829269 27.256098
840624 30 60.000000 0.000000 0.000000 69.756096 -47.134148 27.865854
840629 30 60.000000 0.000000 0.000000 74.390244 -34.878048 30.975611
840634 30 60.000000 0.000000 0.000000 74.146339 -20.243902 34.634148
840639 30 60.000000 0.000000 0.000000 77.256096 -6.219512 35.731709
840644 30 60.000000 0.000000 0.000000 77.439026 6.341464 34.756100
840649 30 60.000000 0.000000 0.000000 70.365852 18.841463 31.402439
840654 30 60.000000 0.000000 0.000000 57.195122 29.146341 29.024391
840659 30 60.000000 0.000000 0.000000 41.829269 35.731709 28.841465
840664 30 60.000000 0.000000 0.000000 24.939026 38.353661 25.548780
840669 30 60.000000 0.000000 0.000000 7.317073 39.146343 20.487804
840674 30 60.000000 0.000000 0.000000 -9.573171 40.731709 16.402439
840679 30 60.000000 0.000000 0.000000 -27.317074 41.341465 14.207317
840684 30 60.000000 0.000000 0.000000 -46.524391 40.609756 13.231708
840689 30 60.000000 0.000000 0.000000 -62.682930 39.085365 12.804878
840694 30 60.000000 0.000000 0.000000 -75.914635 37.743904 12.256098
840699 30 60.000000 0.000000 0.000000 -83.719513 29.512196 9.878049
840704 30 60.000000 0.000000 0.000000 -83.719513 17.317074 4.817073
840709 30 60.000000 0.000000 0.000000 -74.695122 8.902439 0.304878
840714 30 60.000000 0.000000 0.000000 -58.170734 0.914634 -2.743902
840719 30 60.000000 0.000000 0.000000 -37.560978 -8.841464 -5.487805
840724 30 60.000000 0.000000 0.000000 -20.365854 -17.317074 -7.012195
840729 30 60.000000 0.000000 0.000000 -9.451220 -21.890244 -4.085366
840734 30 60.000000 0.000000 0.000000 5.304878 -28.963415 -2.987805
840739 30 60.000000 0.000000 0.000000 20.670732 -34.756100 -1.951220
840744 30 60.000000 0.000000 0.000000 32.012196 -35.182926 1.036585
840749 30 60.000000 0.000000 0.000000 41.280487 -33.597561 5.304878
840754 30 60.000000 0.000000 0.000000 50.426830 -30.914635 9.878049
840759 30 60.000000 0.000000 0.000000 51.524391 -27.560976 16.036585
840764 30 70.000000 0.000000 0.000000 53.231709 -21.097561 20.060976
840769 30 70.000000 0.000000 0.000000 53.048782 -13.841464 23.597561
840774 30 70.000000 0.000000 0.000000 48.475613 -6.219512 26.707317
840779 30 70.000000 0.000000 0.000000 46.219513 4.695122 29.817074
840784 30 80.000000 0.000000 0.000000 47.073174 13.170732 34.939026
840789 30 80.000000 0.000000 0.000000 45.914635 17.500000 37.926830
840794 30 80.000000 0.000000 0.000000 47.439026 22.256098 37.865856
840799 30 80.000000 0.000000 0.000000 51.402439 27.256098 36.219513
840804 30 90.000000 0.000000 0.000000 55.670734 31.280489 33.536587
840809 30 90.000000 0.000000 0.000000 59.146343 32.317074 31.463415
840814 30 90.000000 0.000000 0.000000 66.646339 31.890245 27.804878
840819 30 90.000000 0.000000 0.000000 73.963417 30.487806 20.975611
840824 30 90.000000 0.000000 0.000000 83.170731 28.048780 15.975610
840829 30 90.000000 0.000000 0.000000 94.329269 23.963415 14.573171
840834 30 90.000000 0.000000 0.000000 101.463417 22.439024 12.256098
840839 30 90.000000 0.000000 0.000000 106.219513 20.060976 6.158537
840844 30 100.000000 0.000000 0.000000 108.719513 16.646341 -4.085366
840849 30 100.000000 0.000000 0.000000 108.841469 10.731708 -17.743902
840854 30 100.000000 0.000000 0.000000 108.658539 0.853659 -31.402439
840859 30 100.000000 0.000000 0.000000 105.243904 -7.012195 -45.182926
840864 30 110.000000 0.000000 0.000000 98.231712 -13.658537 -60.060978
840869 30 110.000000 0.000000 0.000000 95.548782 -21.890244 -74.268295
840874 30 110.000000 0.000000 0.000000 95.365852 -32.073170 -84.939026
840879 30 110.000000 0.000000 0.000000 96.402443 -37.804878 -91.280487
840884 30 120.000000 0.000000 0.000000 94.817078 -41.158539 -98.536591
840889 30 120.000000 0.000000 0.000000 94.268295 -43.902439 -106.158539
840894 30 120.000000 0.000000 0.000000 91.280487 -39.024391 -113.780487
840899 30 120.000000 0.000000 0.000000 85.365852 -31.219513 -115.365860
840904 30 120.000000 0.000000 0.000000 78.719513 -22.804878 -108.292686
840909 30 120.000000 0.000000 0.000000 68.658539 -13.597561 -104.756104
840914 30 120.000000 0.000000 0.000000 58.414635 -3.902439 -102.378052
840919 30 120.000000 0.000000 0.000000 47.621952 4.451220 -99.390244
840924 30 120.000000 0.000000 0.000000 33.231709 15.000000 -93.292686
840929 30 120.000000 0.000000 0.000000 18.170732 30.731709 -92.134148
840934 30 120.000000 0.000000 0.000000 8.780488 41.768295 -91.158539
840939 30 120.000000 0.000000 0.000000 -1.646341 51.951221 -85.182930
840944 30 120.000000 0.000000 0.000000 -6.158537 57.926830 -77.500000
840949 30 120.000000 0.000000 0.000000 0.060976 61.463417 -71.768295
840954 30 120.000000 0.000000 0.000000 11.646341 62.865856 -68.841469
840959 30 120.000000 0.000000 0.000000 27.317074 61.280491 -69.207321
840964 30 130.000000 0.000000 0.000000 44.695122 58.536587 -70.182930
840969 30 130.000000 0.000000 0.000000 61.524391 55.975613 -69.695122
840974 30 130.000000 0.000000 0.000000 83.109756 50.731709 -68.048782
840979 30 130.000000 0.000000 0.000000 105.060982 41.341465 -65.853661
840984 30 130.000000 0.000000 0.000000 125.914635 30.609756 -64.512199
840989 30 130.000000 0.000000 0.000000 143.780487 21.402439 -62.560978
840994 30 130.000000 0.000000 0.000000 161.341461 12.317074 -60.243904
840999 30 130.000000 0.000000 0.000000 170.304886 3.475610 -57.926830
841004 30 140.000000 0.000000 0.000000 181.890244 -3.231707 -57.195122
841009 30 140.000000 0.000000 0.000000 194.024399 -6.951220 -57.134148
841014 30 140.000000 0.000000 0.000000 199.695129 -15.426829 -54.695122
841019 30 140.000000 0.000000 0.000000 203.353668 -24.085367 -50.548782
841024 30 140.000000 0.000000 0.000000 206.890244 -24.756098 -46.951221
841029 30 140.000000 0.000000 0.000000 207.926834 -21.524391 -45.365856
841034 30 140.000000 0.000000 0.000000 203.902451 -19.878050 -45.121952
841039 30 140.000000 0.000000 0.000000 202.439026 -17.560976 -45.426830
841044 30 140.000000 0.000000 0.000000 198.780487 -14.756098 -47.804878
841049 30 140.000000 0.000000 0.000000 197.500000 -9.390244 -48.841465
841054 30 140.000000 0.000000 0.000000 192.073181 -7.621952 -48.597561
841059 30 140.000000 0.000000 0.000000 186.341461 -5.731708 -49.634148
841064 30 140.000000 0.000000 0.000000 179.085373 -3.536585 -52.134148
841069 30 140.000000 0.000000 0.000000 175.365860 0.548781 -53.719513
841074 30 140.000000 0.000000 0.000000 170.731705 1.463415 -52.682926
841079 30 140.000000 0.000000 0.000000 164.878052 2.073171 -52.012196
841084 30 140.000000 0.000000 0.000000 159.573181 3.536585 -52.134148
841089 30 140.000000 0.000000 0.000000 155.182938 5.853659 -53.597561
841094 30 140.000000 0.000000 0.000000 150.548782 8.536586 -55.670734
841099 30 140.000000 0.000000 0.000000 146.890244 8.353659 -57.256100
841104 30 140.000000 0.000000 0.000000 145.975616 12.378049 -57.317074
841109 30 140.000000 0.000000 0.000000 143.597565 16.768293 -56.768295
841114 30 140.000000 0.000000 0.000000 141.219513 20.670732 -56.341465
841119 30 140.000000 0.000000 0.000000 139.817078 22.987806 -55.121952
841124 30 140.000000 0.000000 0.000000 139.329269 26.036587 -53.719513
841129 30 140.000000 0.000000 0.000000 134.451218 29.573172 -51.036587
841134 30 140.000000 0.000000 0.000000 131.402435 33.475609 -47.256100
841139 30 140.000000 0.000000 0.000000 134.024399 35.792683 -48.658539
841144 30 130.000000 0.000000 0.000000 137.682938 37.073170 -48.475613
841149 30 130.000000 0.000000 0.000000 135.609756 37.500000 -47.317074
841154 30 130.000000 0.000000 0.000000 134.329269 36.463417 -47.560978
841159 30 130.000000 0.000000 0.000000 131.829269 33.170731 -49.268295
841164 30 130.000000 0.000000 0.000000 129.207321 31.036587 -51.890244
841169 30 130.000000 0.000000 0.000000 124.207321 27.500000 -52.560978
841174 30 130.000000 0.000000 0.000000 127.500000 25.548780 -55.060978
841179 30 130.000000 0.000000 0.000000 135.975616 23.841463 -57.134148
841184 30 120.000000 0.000000 0.000000 146.524399 23.841463 -56.341465
841189 30 120.000000 0.000000 0.000000 156.707321 21.646341 -52.865856
841194 30 120.000000 0.000000 0.000000 171.829269 21.585367 -50.670734
841199 30 120.000000 0.000000 0.000000 187.621948 20.975611 -51.524391
841204 30 110.000000 0.000000 0.000000 202.134155 20.670732 -51.585365
841209 30 110.000000 0.000000 0.000000 213.963425 17.682928 -50.792683
841214 30 110.000000 0.000000 0.000000 220.914642 11.219512 -50.182926
841219 30 110.000000 0.000000 0.000000 219.085373 3.841464 -52.804878
841224 30 90.000000 0.000000 0.000000 208.170731 -2.621951 -59.024391
841229 30 90.000000 0.000000 0.000000 185.670731 -12.256098 -68.597565
841234 30 90.000000 0.000000 0.000000 145.670731 -23.841463 -81.768295
841239 30 90.000000 0.000000 0.000000 79.939026 -39.207317 -99.329269
841244 30 60.000000 0.000000 0.000000 1.890244 -56.097561 -120.548782
841249 30 60.000000 0.000000 0.000000 -68.292686 -71.097565 -141.280487
841254 30 60.000000 0.000000 0.000000 -113.658539 -75.914635 -153.170731
841259 30 60.000000 0.000000 0.000000 -130.121948 -71.280487 -157.621948
841264 30 20.000000 0.000000 0.000000 -125.975616 -60.487804 -158.231705
841269 30 20.000000 0.000000 0.000000 -101.585365 -40.792683 -154.878052
841274 30 20.000000 0.000000 0.000000 -77.560974 -21.585367 -149.634155
841279 30 20.000000 0.000000 0.000000 -60.548782 -8.658537 -147.012192
841284 30 0.000000 0.000000 0.000000 -42.439026 1.463415 -145.792679
841289 30 0.000000 0.000000 0.000000 -25.487806 9.390244 -143.963425
841294 30 0.000000 0.000000 0.000000 -8.597561 14.573171 -140.609756
841299 30 0.000000 0.000000 0.000000 10.548780 22.926830 -137.439026
841304 30 0.000000 0.000000 0.000000 23.597561 25.121952 -132.317078
841309 30 0.000000 0.000000 0.000000 21.341463 18.170732 -122.926834
841314 30 0.000000 0.000000 0.000000 22.439024 12.987805 -113.292686
841319 30 0.000000 0.000000 0.000000 28.902439 9.695122 -107.743904
841324 30 0.000000 0.000000 0.000000 34.390244 5.121951 -105.548782
841329 30 0.000000 0.000000 0.000000 44.512196 4.817073 -100.487808
841334 30 0.000000 0.000000 0.000000 54.329269 4.512195 -95.609756
841339 30 0.000000 0.000000 0.000000 64.207321 3.597561 -94.207321
841344 30 0.000000 0.000000 0.000000 63.231709 -1.585366 -91.036591
841349 30 0.000000 0.000000 0.000000 59.817074 -7.865854 -88.536591
841354 30 0.000000 0.000000 0.000000 56.280491 -14.939025 -87.500000
841359 30 0.000000 0.000000 0.000000 49.878052 -19.512196 -85.609756
841364 30 0.000000 0.000000 0.000000 40.670734 -25.792683 -83.414635
841369 30 0.000000 0.000000 0.000000 30.731709 -30.426830 -81.402443
841374 30 0.000000 0.000000 0.000000 25.365854 -30.548780 -77.621956
841379 30 0.000000 0.000000 0.000000 24.146341 -27.317074 -72.378052
841384 30 0.000000 0.000000 0.000000 22.865854 -24.817074 -68.536591
841389 30 0.000000 0.000000 0.000000 19.634148 -22.378050 -63.780491
841394 30 0.000000 0.000000 0.000000 15.975610 -18.109756 -56.890244
841399 30 0.000000 0.000000 0.000000 13.658537 -12.560976 -50.914635
841404 30 0.000000 0.000000 0.000000 13.231708 -7.012195 -43.719513
841409 30 0.000000 0.000000 0.000000 14.512196 -3.170732 -39.573174
841414 30 0.000000 0.000000 0.000000 13.231708 -1.341463 -34.634148
841419 30 0.000000 0.000000 0.000000 14.695123 -0.731707 -31.829269
841424 30 0.000000 0.000000 0.000000 11.890244 -4.329268 -30.121952
841429 30 0.000000 0.000000 0.000000 6.951220 -7.682927 -26.463415
841434 30 0.000000 0.000000 0.000000 8.292683 -7.317073 -21.707317
841439 30 0.000000 0.000000 0.000000 10.121951 -9.939025 -18.292683
841444 30 0.000000 0.000000 0.000000 8.963415 -11.951220 -14.390244
841449 30 0.000000 -20.000000 0.000000 7.134147 -10.792684 -10.182927
841454 30 0.000000 -20.000000 0.000000 8.963415 -9.207317 -7.804878
841459 30 0.000000 -20.000000 0.000000 7.012195 -9.451220 -5.792683
841464 30 0.000000 -20.000000 0.000000 5.731708 -9.634147 -1.341463
841469 30 0.000000 -50.000000 0.000000 7.987805 -9.939025 3.780488
841474 30 0.000000 -50.000000 0.000000 11.707317 -10.975610 8.231708
841479 30 0.000000 -50.000000 0.000000 14.817074 -8.780488 10.243902
841484 30 0.000000 -50.000000 0.000000 16.402439 -9.085366 11.768293
841489 30 -10.000000 -70.000000 0.000000 15.487805 -11.646341 13.963415
841494 30 -10.000000 -70.000000 0.000000 15.243903 -14.695123 17.134148
841499 30 -10.000000 -70.000000 0.000000 15.853659 -18.414635 18.719513
841504 30 -10.000000 -70.000000 0.000000 17.256098 -24.512196 18.902439
841509 30 -20.000000 -80.000000 0.000000 17.378050 -33.231709 19.695122
841514 30 -20.000000 -80.000000 0.000000 18.109756 -41.524391 21.646341
841519 30 -20.000000 -80.000000 0.000000 21.463415 -48.170734 24.878050
841524 30 -20.000000 -80.000000 0.000000 22.743902 -56.036587 28.292683
841529 30 -20.000000 -90.000000 0.000000 24.939026 -64.573174 29.695122
841534 30 -20.000000 -90.000000 0.000000 24.207317 -74.390244 28.963415
841539 30 -20.000000 -90.000000 0.000000 20.000000 -85.548782 26.585367
841544 30 -20.000000 -90.000000 0.000000 13.353659 -97.804878 22.134148
841549 30 -30.000000 -90.000000 0.000000 12.134147 -106.158539 17.743902
841554 30 -30.000000 -90.000000 0.000000 11.646341 -110.182930 15.975610
841559 30 -30.000000 -90.000000 0.000000 8.902439 -111.768295 17.743902
841564 30 -30.000000 -90.000000 0.000000 7.439024 -111.951225 20.426830
841569 30 -40.000000 -90.000000 0.000000 9.756098 -111.097565 21.036587
841574 30 -40.000000 -90.000000 0.000000 11.341464 -111.158539 21.402439
841579 30 -40.000000 -90.000000 0.000000 12.621951 -111.585365 24.146341
841584 30 -40.000000 -90.000000 0.000000 13.536586 -111.890244 25.487806
841589 30 -60.000000 -80.000000 0.000000 12.865854 -110.365860 26.524391
841594 30 -60.000000 -80.000000 0.000000 10.000000 -111.280487 26.402439
841599 30 -60.000000 -80.000000 0.000000 4.939024 -111.768295 25.426830
841604 30 -60.000000 -80.000000 0.000000 -1.463415 -109.451225 24.268293
841609 30 -80.000000 -70.000000 0.000000 -14.634147 -104.268295 24.390244
841614 30 -80.000000 -70.000000 0.000000 -29.085367 -96.402443 24.390244
841619 30 -80.000000 -70.000000 0.000000 -42.073174 -85.731712 23.414635
841624 30 -80.000000 -70.000000 0.000000 -55.670734 -75.792686 22.256098
841629 30 -90.000000 -50.000000 0.000000 -69.268295 -67.134148 19.512196
841634 30 -90.000000 -50.000000 0.000000 -78.902443 -58.292683 16.158537
841639 30 -90.000000 -50.000000 0.000000 -82.926834 -49.756100 10.975610
841644 30 -90.000000 -50.000000 0.000000 -83.841469 -39.451221 7.439024
841649 30 -100.000000 -40.000000 0.000000 -85.121956 -30.060976 7.195122
841654 30 -100.000000 -40.000000 0.000000 -85.426834 -20.914635 6.158537
841659 30 -100.000000 -40.000000 0.000000 -82.804878 -12.195122 5.792683
841664 30 -100.000000 -40.000000 0.000000 -81.768295 -6.158537 4.878049
841669 30 -100.000000 -40.000000 0.000000 -82.682930 -2.987805 3.414634
841674 30 -100.000000 -40.000000 0.000000 -82.682930 -1.219512 2.987805
841679 30 -100.000000 -40.000000 0.000000 -82.926834 0.000000 5.975610
841684 30 -100.000000 -40.000000 0.000000 -79.695122 -1.890244 8.719512
841689 30 -100.000000 -40.000000 0.000000 -73.963417 -5.426829 10.609756
841694 30 -100.000000 -40.000000 0.000000 -65.853661 -9.573171 13.841464
841699 30 -100.000000 -40.000000 0.000000 -57.987804 -14.634147 18.841463
841704 30 -100.000000 -40.000000 0.000000 -47.926830 -19.085367 23.597561
841709 30 -110.000000 -40.000000 0.000000 -36.341465 -23.353659 27.256098
841714 30 -110.000000 -40.000000 0.000000 -26.646341 -28.231709 30.365854
841719 30 -110.000000 -40.000000 0.000000 -22.500000 -33.414635 30.670732
841724 30 -110.000000 -40.000000 0.000000 -20.548780 -38.048782 30.060976
841729 30 -110.000000 -40.000000 0.000000 -19.085367 -41.036587 30.304878
841734 30 -110.000000 -40.000000 0.000000 -19.390244 -43.597561 31.768293
841739 30 -110.000000 -40.000000 0.000000 -23.658537 -45.365856 32.804878
841744 30 -110.000000 -40.000000 0.000000 -27.134148 -44.634148 32.500000
841749 30 -110.000000 -40.000000 0.000000 -29.939026 -41.646343 31.280489
841754 30 -110.000000 -40.000000 0.000000 -35.060978 -39.756100 30.121952
841759 30 -110.000000 -40.000000 0.000000 -43.353661 -36.524391 28.231709
841764 30 -110.000000 -40.000000 0.000000 -52.256100 -32.073170 26.341463
841769 30 -100.000000 -40.000000 0.000000 -58.292683 -27.317074 23.841463
841774 30 -100.000000 -40.000000 0.000000 -66.646339 -23.658537 23.719513
841779 30 -100.000000 -40.000000 0.000000 -77.865852 -23.658537 25.304878
841784 30 -100.000000 -40.000000 0.000000 -86.158539 -21.890244 25.243902
841789 30 -90.000000 -40.000000 0.000000 -87.134148 -16.585365 24.512196
841794 30 -90.000000 -40.000000 0.000000 -90.670731 -13.963415 23.170732
841799 30 -90.000000 -40.000000 0.000000 -93.475609 -13.231708 22.865854
841804 30 -90.000000 -40.000000 0.000000 -93.414635 -11.829268 23.048780
841809 30 -90.000000 -40.000000 0.000000 -91.341469 -12.195122 22.012196
841814 30 -90.000000 -40.000000 0.000000 -91.158539 -14.695123 19.573172
841819 30 -90.000000 -40.000000 0.000000 -88.170731 -16.829269 20.060976
841824 30 -90.000000 -40.000000 0.000000 -83.353661 -19.024391 20.609756
841829 30 -90.000000 -30.000000 0.000000 -77.987808 -19.573172 21.158537
841834 30 -90.000000 -30.000000 0.000000 -72.865852 -20.670732 20.487804
841839 30 -90.000000 -30.000000 0.000000 -68.048782 -21.707317 19.512196
841844 30 -90.000000 -30.000000 0.000000 -64.207321 -23.658537 19.329269
841849 30 -90.000000 -20.000000 0.000000 -60.731709 -27.987806 19.146341
841854 30 -90.000000 -20.000000 0.000000 -57.256100 -28.719513 19.512196
841859 30 -90.000000 -20.000000 0.000000 -55.975613 -27.987806 19.878050
841864 30 -90.000000 -20.000000 0.000000 -55.304878 -26.402439 19.878050
841869 30 -90.000000 -10.000000 0.000000 -52.073174 -23.597561 20.060976
841874 30 -90.000000 -10.000000 0.000000 -51.158539 -19.939024 19.756098
841879 30 -90.000000 -10.000000 0.000000 -54.573174 -13.841464 19.878050
841884 30 -90.000000 -10.000000 0.000000 -59.878052 -7.439024 21.219513
841889 30 -90.000000 -10.000000 0.000000 -67.195122 -2.134146 22.256098
841894 30 -90.000000 -10.000000 0.000000 -72.317078 5.670732 22.500000
841899 30 -90.000000 -10.000000 0.000000 -78.048782 14.329268 22.987806
841904 30 -90.000000 -10.000000 0.000000 -83.963417 21.463415 21.280489
841909 30 -100.000000 0.000000 0.000000 -87.012199 27.987806 18.780489
841914 30 -100.000000 0.000000 0.000000 -89.024391 35.060978 18.780489
841919 30 -100.000000 0.000000 0.000000 -92.987808 40.670734 19.756098
841924 30 -100.000000 0.000000 0.000000 -97.134148 45.243904 18.597561
841929 30 -100.000000 0.000000 0.000000 -99.512199 50.609756 18.597561
841934 30 -100.000000 0.000000 0.000000 -100.548782 54.390244 18.963415
841939 30 -100.000000 0.000000 0.000000 -99.085365 56.829269 16.707317
841944 30 -100.000000 0.000000 0.000000 -98.841469 57.012196 14.390244
841949 30 -100.000000 0.000000 0.000000 -100.365852 55.975613 14.390244
841954 30 -100.000000 0.000000 0.000000 -102.378052 56.463417 16.463415
841959 30 -100.000000 0.000000 0.000000 -103.170731 56.707317 16.768293
841964 30 -100.000000 0.000000 0.000000 -103.719513 54.451221 15.243903
841969 30 -100.000000 0.000000 0.000000 -103.902443 49.939026 14.939025
841974 30 -100.000000 0.000000 0.000000 -101.829269 47.500000 15.121951
841979 30 -100.000000 0.000000 0.000000 -98.902443 45.975613 14.756098
841984 30 -100.000000 0.000000 0.000000 -96.585365 45.060978 14.329268
841989 31 -100.000000 0.000000 0.000000 -90.792686 43.109756 13.048780
841994 31 -100.000000 0.000000 0.000000 -84.329269 41.768295 12.134147
841999 31 -100.000000 0.000000 0.000000 -79.207321 40.731709 11.158537
842004 31 -100.000000 0.000000 0.000000 -74.451218 38.231709 7.317073
842009 31 -110.000000 0.000000 0.000000 -67.134148 36.341465 2.195122
842014 31 -110.000000 0.000000 0.000000 -59.939026 35.975609 1.158537
842019 31 -110.000000 0.000000 0.000000 -57.134148 36.341465 1.097561
842024 31 -110.000000 0.000000 0.000000 -52.682926 35.975609 -0.731707
842029 31 -100.000000 0.000000 0.000000 -48.719513 36.890244 0.000000
842034 31 -100.000000 0.000000 0.000000 -50.060978 34.878048 1.829268
842039 31 -100.000000 0.000000 0.000000 -53.414635 29.512196 4.329268
842044 31 -100.000000 0.000000 0.000000 -58.475613 24.878050 7.560976
842049 32 -90.000000 0.000000 0.000000 -65.365852 19.573172 9.329268
842054 32 -90.000000 0.000000 0.000000 -71.158539 13.475610 9.451220
842059 32 -90.000000 0.000000 0.000000 -74.878052 8.292683 7.926829
842064 32 -90.000000 0.000000 0.000000 -77.865852 3.414634 7.439024
842069 33 -70.000000 0.000000 0.000000 -81.341469 -1.402439 8.109756
842074 33 -70.000000 0.000000 0.000000 -83.780487 -4.390244 8.475610
842079 33 -70.000000 0.000000 0.000000 -85.853661 -7.439024 8.475610
842084 33 -70.000000 0.000000 0.000000 -87.134148 -8.658537 7.256098
842089 34 -50.000000 0.000000 0.000000 -88.902443 -8.353659 9.146341
842094 34 -50.000000 0.000000 0.000000 -90.426834 -8.658537 10.000000
842099 34 -50.000000 0.000000 0.000000 -90.975609 -10.182927 9.207317
842104 34 -50.000000 0.000000 0.000000 -91.097565 -9.878049 8.597561
842109 35 -30.000000 0.000000 0.000000 -90.426834 -6.158537 9.085366
842114 35 -30.000000 0.000000 0.000000 -91.768295 -3.597561 8.719512
842119 35 -30.000000 0.000000 0.000000 -90.304878 -1.524390 7.804878
842124 35 -30.000000 0.000000 0.000000 -85.670731 1.646341 8.902439
842129 36 -20.000000 0.000000 0.000000 -78.170731 3.170732 11.280488
842134 36 -20.000000 0.000000 0.000000 -73.048782 3.353659 11.829268
842139 36 -20.000000 0.000000 0.000000 -63.902439 3.475610 10.609756
842144 36 -20.000000 0.000000 0.000000 -55.548782 2.195122 10.914635
842149 38 -10.000000 0.000000 0.000000 -50.243904 2.012195 10.182927
842154 38 -10.000000 0.000000 0.000000 -41.890244 3.536585 10.000000
842159 38 -10.000000 0.000000 0.000000 -30.487806 6.341464 13.231708
842164 38 -10.000000 0.000000 0.000000 -18.780489 9.024390 18.292683
842169 40 0.000000 0.000000 0.000000 -8.780488 10.121951 18.536585
842174 40 0.000000 0.000000 0.000000 0.060976 12.256098 16.097561
842179 40 0.000000 0.000000 0.000000 10.243902 13.536586 14.756098
842184 40 0.000000 0.000000 0.000000 20.853659 15.121951 15.914635
842189 43 0.000000 0.000000 0.000000 24.024391 16.646341 16.463415
842194 43 0.000000 0.000000 0.000000 26.219513 16.280489 15.548780
842199 43 0.000000 0.000000 0.000000 24.878050 14.512196 15.853659
842204 43 0.000000 0.000000 0.000000 18.170732 16.219513 15.304878
842209 46 0.000000 0.000000 0.000000 16.097561 19.817074 13.780488
842214 46 0.000000 0.000000 0.000000 11.219512 20.000000 13.719513
842219 46 0.000000 0.000000 0.000000 11.097561 26.280489 12.256098
842224 46 0.000000 0.000000 0.000000 2.682927 28.231709 11.463415
842229 47 0.000000 0.000000 0.000000 -9.512196 25.243902 12.682927
842234 47 0.000000 0.000000 0.000000 -19.146341 25.304878 14.512196
842239 47 0.000000 0.000000 0.000000 -31.280489 28.597561 17.865854
842244 47 0.000000 0.000000 0.000000 -42.317074 30.243902 19.512196
842249 47 0.000000 0.000000 0.000000 -43.170734 30.243902 18.048780
842254 47 0.000000 0.000000 0.000000 -43.414635 28.536587 14.329268
842259 47 0.000000 0.000000 0.000000 -44.451221 24.329269 13.902439
842264 47 0.000000 0.000000 0.000000 -42.134148 25.609756 15.792684
842269 47 0.000000 0.000000 0.000000 -38.719513 27.134148 14.451220
842274 47 0.000000 0.000000 0.000000 -37.682926 24.085367 13.353659
842279 47 0.000000 0.000000 0.000000 -29.573172 24.939026 12.134147
842284 47 0.000000 0.000000 0.000000 -19.146341 31.585367 10.426829
842289 47 0.000000 0.000000 0.000000 -13.597561 31.890245 14.085366
842294 47 0.000000 0.000000 0.000000 -15.853659 24.390244 17.987804
842299 47 0.000000 0.000000 0.000000 -13.048780 23.597561 18.292683
842304 47 0.000000 0.000000 0.000000 -5.548780 23.170732 19.939024
842309 47 0.000000 0.000000 0.000000 -1.707317 20.914635 18.597561
842314 47 0.000000 0.000000 0.000000 3.292683 22.195122 16.280489
842319 47 0.000000 0.000000 0.000000 18.475611 25.853659 16.768293
842324 47 0.000000 0.000000 0.000000 22.743902 26.097561 14.146341
842329 47 0.000000 0.000000 0.000000 7.317073 23.353659 15.365854
842334 47 0.000000 0.000000 0.000000 -3.902439 27.012196 18.475611
842339 47 0.000000 0.000000 0.000000 -8.414635 31.341465 18.780489
842344 47 0.000000 0.000000 0.000000 -9.939025 32.317074 20.243902
842349 47 0.000000 0.000000 0.000000 -10.426829 32.134148 19.390244
842354 47 0.000000 0.000000 0.000000 -8.780488 33.109756 13.963415
842359 47 0.000000 0.000000 0.000000 -12.073171 32.987804 13.780488
842364 47 0.000000 0.000000 0.000000 -16.829269 30.060976 13.841464
842369 47 0.000000 0.000000 0.000000 -20.548780 26.890245 15.060976
842374 47 0.000000 0.000000 0.000000 -19.390244 23.841463 15.792684
842379 47 0.000000 0.000000 0.000000 -16.280489 23.719513 16.036585
842384 47 0.000000 0.000000 0.000000 -17.804878 26.097561 19.756098
842389 45 0.000000 -10.000000 0.000000 -27.804878 23.658537 19.390244
842394 45 0.000000 -10.000000 0.000000 -21.829269 19.024391 18.292683
842399 45 0.000000 -10.000000 0.000000 -11.829268 19.024391 20.182928
842404 45 0.000000 -10.000000 0.000000 -4.390244 19.085367 18.902439
842409 43 0.000000 -20.000000 0.000000 6.219512 20.426830 20.121952
842414 43 0.000000 -20.000000 0.000000 9.756098 18.231709 20.853659
842419 43 0.000000 -20.000000 0.000000 11.646341 17.012196 18.536585
842424 43 0.000000 -20.000000 0.000000 15.609756 11.890244 17.804878
842429 42 0.000000 -20.000000 0.000000 8.841464 8.109756 17.682928
842434 42 0.000000 -20.000000 0.000000 4.451220 3.475610 17.926830
842439 42 0.000000 -20.000000 0.000000 4.817073 1.402439 17.134148
842444 42 0.000000 -20.000000 0.000000 4.695122 -1.036585 19.695122
842449 41 0.000000 -30.000000 0.000000 9.573171 0.365854 18.658537
842454 41 0.000000 -30.000000 0.000000 12.073171 -0.853659 15.548780
842459 41 0.000000 -30.000000 0.000000 16.768293 -7.134147 12.560976
842464 41 0.000000 -30.000000 0.000000 12.317074 -11.463415 13.231708
842469 41 0.000000 -30.000000 0.000000 2.865854 -14.024390 15.792684
842474 41 0.000000 -30.000000 0.000000 -0.914634 -15.853659 16.463415
842479 41 0.000000 -30.000000 0.000000 -1.524390 -17.621952 17.560976
842484 41 0.000000 -30.000000 0.000000 2.439024 -18.231709 17.073172
842489 41 0.000000 -30.000000 0.000000 2.804878 -23.841463 16.585365
842494 41 0.000000 -30.000000 0.000000 2.621951 -27.134148 15.609756
842499 41 0.000000 -30.000000 0.000000 1.890244 -25.731709 15.365854
842504 41 0.000000 -30.000000 0.000000 3.780488 -23.170732 17.134148
842509 41 0.000000 -30.000000 0.000000 8.780488 -22.256098 17.500000
842514 41 0.000000 -30.000000 0.000000 10.853659 -22.926830 16.402439
842519 41 0.000000 -30.000000 0.000000 8.109756 -21.768293 17.743902
842524 41 0.000000 -30.000000 0.000000 6.280488 -19.695122 18.658537
842529 41 0.000000 -30.000000 0.000000 12.378049 -17.987804 16.524391
842534 41 0.000000 -30.000000 0.000000 18.170732 -16.463415 15.426829
842539 41 0.000000 -30.000000 0.000000 16.768293 -14.024390 16.768293
842544 41 0.000000 -30.000000 0.000000 16.341463 -14.451220 17.256098
842549 41 10.000000 -30.000000 0.000000 21.219513 -14.512196 16.219513
842554 41 10.000000 -30.000000 0.000000 21.829269 -13.597561 15.548780
842559 41 10.000000 -30.000000 0.000000 15.182927 -13.658537 16.097561
842564 41 10.000000 -30.000000 0.000000 14.939025 -13.963415 16.951220
842569 41 20.000000 -40.000000 0.000000 18.109756 -14.512196 16.158537
842574 41 20.000000 -40.000000 0.000000 20.060976 -15.182927 15.426829
842579 41 20.000000 -40.000000 0.000000 19.268293 -14.085366 16.951220
842584 41 20.000000 -40.000000 0.000000 21.280489 -13.597561 18.292683
842589 41 20.000000 -40.000000 0.000000 32.073170 -15.670732 16.036585
842594 41 20.000000 -40.000000 0.000000 38.475609 -19.329269 13.475610
842599 41 20.000000 -40.000000 0.000000 35.670734 -21.036587 14.573171
842604 41 20.000000 -40.000000 0.000000 37.804878 -20.731709 16.829269
842609 41 20.000000 -50.000000 0.000000 41.768295 -24.268293 16.768293
842614 41 20.000000 -50.000000 0.000000 42.560978 -26.707317 16.219513
842619 41 20.000000 -50.000000 0.000000 39.939026 -25.853659 16.341463
842624 41 20.000000 -50.000000 0.000000 36.341465 -28.963415 17.256098
842629 41 30.000000 -60.000000 0.000000 39.329269 -33.048782 17.439024
842634 41 30.000000 -60.000000 0.000000 44.085365 -33.597561 17.073172
842639 41 30.000000 -60.000000 0.000000 46.402439 -34.878048 15.670732
842644 41 30.000000 -60.000000 0.000000 47.256100 -36.402439 15.365854
842649 41 50.000000 -60.000000 0.000000 49.695122 -38.109756 15.487805
842654 41 50.000000 -60.000000 0.000000 52.134148 -41.341465 15.000000
842659 41 50.000000 -60.000000 0.000000 48.414635 -44.451221 15.548780
842664 41 50.000000 -60.000000 0.000000 48.780487 -47.378052 15.000000
842669 41 60.000000 -50.000000 0.000000 56.585365 -48.658539 14.329268
842674 41 60.000000 -50.000000 0.000000 61.829269 -53.292683 16.219513
842679 41 60.000000 -50.000000 0.000000 65.060974 -56.402439 17.317074
842684 41 60.000000 -50.000000 0.000000 69.512199 -57.865856 16.280489
842689 41 70.000000 -50.000000 0.000000 79.207321 -58.292683 16.646341
842694 41 70.000000 -50.000000 0.000000 87.256096 -58.780491 17.560976
842699 41 70.000000 -50.000000 0.000000 91.890244 -58.597561 18.231709
842704 41 70.000000 -50.000000 0.000000 97.987808 -55.487804 18.109756
842709 41 70.000000 -60.000000 0.000000 103.536591 -54.878052 17.378050
842714 41 70.000000 -60.000000 0.000000 108.841469 -55.121952 17.926830
842719 41 70.000000 -60.000000 0.000000 113.475609 -53.109756 20.487804
842724 41 70.000000 -60.000000 0.000000 118.780487 -52.987804 21.768293
842729 41 70.000000 -70.000000 0.000000 126.585365 -54.817074 20.731709
842734 41 70.000000 -70.000000 0.000000 131.829269 -53.902439 22.012196
842739 41 70.000000 -70.000000 0.000000 132.134155 -54.573174 23.658537
842744 41 70.000000 -70.000000 0.000000 132.317078 -55.487804 23.414635
842749 41 70.000000 -70.000000 0.000000 127.012199 -57.439026 24.390244
842754 41 70.000000 -70.000000 0.000000 119.573174 -59.634148 24.390244
842759 41 70.000000 -70.000000 0.000000 109.390244 -64.207321 22.743902
842764 41 70.000000 -70.000000 0.000000 100.121956 -65.548782 20.792683
842769 41 70.000000 -80.000000 0.000000 97.987808 -64.756096 20.121952
842774 41 70.000000 -80.000000 0.000000 91.036591 -66.585365 21.280489
842779 41 70.000000 -80.000000 0.000000 78.109756 -71.829269 21.646341
842784 41 70.000000 -80.000000 0.000000 69.207321 -74.817078 21.463415
842789 41 60.000000 -80.000000 0.000000 65.792686 -75.792686 21.280489
842794 41 60.000000 -80.000000 0.000000 63.841465 -77.134148 20.000000
842799 41 60.000000 -80.000000 0.000000 62.500000 -78.292686 18.658537
842804 41 60.000000 -80.000000 0.000000 65.000000 -77.804878 19.634148
842809 41 50.000000 -80.000000 0.000000 65.121956 -78.109756 21.951220
842814 41 50.000000 -80.000000 0.000000 66.402443 -77.804878 24.085367
842819 41 50.000000 -80.000000 0.000000 67.865852 -79.878052 22.682928
842824 41 50.000000 -80.000000 0.000000 68.841469 -81.463417 20.853659
842829 41 40.000000 -70.000000 0.000000 65.609756 -80.914635 24.451220
842834 41 40.000000 -70.000000 0.000000 67.500000 -81.036591 25.914635
842839 41 40.000000 -70.000000 0.000000 72.926834 -80.182930 25.182928
842844 41 40.000000 -70.000000 0.000000 71.890244 -79.390244 22.378050
842849 41 20.000000 -60.000000 0.000000 67.134148 -78.292686 20.609756
842854 41 20.000000 -60.000000 0.000000 64.939026 -74.390244 21.951220
842859 41 20.000000 -60.000000 0.000000 61.463417 -74.085365 24.573172
842864 41 20.000000 -60.000000 0.000000 59.024391 -72.012199 25.304878
842869 41 0.000000 -50.000000 0.000000 53.780491 -69.024391 21.951220
842874 41 0.000000 -50.000000 0.000000 47.743904 -66.646339 20.000000
842879 41 0.000000 -50.000000 0.000000 41.585365 -63.475613 21.280489
842884 41 0.000000 -50.000000 0.000000 35.060978 -61.402439 21.768293
842889 41 0.000000 -50.000000 0.000000 28.475611 -58.658539 20.670732
842894 41 0.000000 -50.000000 0.000000 19.024391 -56.219513 21.524391
842899 41 0.000000 -50.000000 0.000000 14.512196 -56.036587 22.134148
842904 41 0.000000 -50.000000 0.000000 16.646341 -52.256100 21.219513
842909 41 0.000000 -50.000000 0.000000 18.780489 -45.670734 20.000000
842914 41 0.000000 -50.000000 0.000000 15.487805 -43.536587 17.621952
842919 41 0.000000 -50.000000 0.000000 12.195122 -42.500000 16.707317
842924 41 0.000000 -50.000000 0.000000 13.719513 -40.182926 17.682928
842929 41 0.000000 -50.000000 0.000000 13.170732 -39.085365 21.036587
842934 41 0.000000 -50.000000 0.000000 14.756098 -37.500000 21.158537
842939 41 0.000000 -50.000000 0.000000 15.853659 -36.768295 18.048780
842944 41 0.000000 -50.000000 0.000000 15.792684 -36.463417 16.097561
842949 41 0.000000 -40.000000 0.000000 14.756098 -34.573170 17.865854
842954 41 0.000000 -40.000000 0.000000 14.146341 -34.512196 19.329269
842959 41 0.000000 -40.000000 0.000000 18.658537 -35.365856 18.963415
842964 41 0.000000 -40.000000 0.000000 22.317074 -36.768295 17.865854
842969 41 0.000000 -40.000000 0.000000 20.182928 -36.829269 18.048780
842974 41 0.000000 -40.000000 0.000000 18.048780 -36.524391 17.987804
842979 41 0.000000 -40.000000 0.000000 19.939024 -36.097561 15.853659
842984 41 0.000000 -40.000000 0.000000 20.792683 -35.121952 15.304878
842989 41 0.000000 -30.000000 0.000000 20.548780 -36.097561 15.853659
842994 41 0.000000 -30.000000 0.000000 22.378050 -35.548782 16.585365
842999 41 0.000000 -30.000000 0.000000 20.426830 -34.024391 15.731708
843004 41 0.000000 -30.000000 0.000000 19.268293 -34.024391 14.390244
843009 41 0.000000 -20.000000 0.000000 20.487804 -33.231709 14.207317
843014 41 0.000000 -20.000000 0.000000 19.207317 -31.768293 14.756098
843019 41 0.000000 -20.000000 0.000000 18.780489 -32.134148 15.914635
843024 41 0.000000 -20.000000 0.000000 16.219513 -32.439026 14.817074
843029 41 0.000000 0.000000 0.000000 18.170732 -25.609756 11.524390
843034 41 0.000000 0.000000 0.000000 18.231709 -23.353659 11.463415
843039 41 0.000000 0.000000 0.000000 15.304878 -22.926830 13.658537
843044 41 0.000000 0.000000 0.000000 13.658537 -19.634148 15.853659
843049 41 0.000000 0.000000 0.000000 12.621951 -16.097561 15.914635
843054 41 0.000000 0.000000 0.000000 10.975610 -12.926829 14.268293
843059 41 0.000000 0.000000 0.000000 9.268292 -6.219512 12.926829
843064 41 0.000000 0.000000 0.000000 8.231708 1.036585 14.634147
843069 42 0.000000 0.000000 0.000000 7.378049 0.426829 17.378050
843074 42 0.000000 0.000000 0.000000 7.012195 2.804878 18.170732
843079 42 0.000000 0.000000 0.000000 8.597561 6.402439 17.560976
843084 42 0.000000 0.000000 0.000000 10.365854 7.743903 16.768293
843089 42 0.000000 0.000000 0.000000 10.060976 10.426829 16.585365
843094 42 0.000000 0.000000 0.000000 10.670732 12.987805 16.341463
843099 42 0.000000 0.000000 0.000000 10.487805 13.109756 16.097561
843104 42 0.000000 0.000000 0.000000 12.500000 14.756098 15.792684
843109 42 0.000000 0.000000 0.000000 13.170732 17.195122 16.402439
843114 42 0.000000 0.000000 0.000000 13.048780 16.646341 16.646341
843119 42 0.000000 0.000000 0.000000 15.121951 14.939025 14.695123
843124 42 0.000000 0.000000 0.000000 15.182927 14.878049 13.475610
843129 41 0.000000 0.000000 0.000000 8.902439 14.512196 14.512196
843134 41 0.000000 0.000000 0.000000 6.280488 15.548780 16.036585
843139 41 0.000000 0.000000 0.000000 10.975610 13.780488 14.939025
843144 41 0.000000 0.000000 0.000000 12.256098 10.182927 12.743903
843149 41 0.000000 0.000000 0.000000 12.256098 10.792684 11.158537
843154 41 0.000000 0.000000 0.000000 11.890244 11.036586 10.914635
843159 41 0.000000 0.000000 0.000000 10.853659 7.439024 13.170732
843164 41 0.000000 0.000000 0.000000 9.268292 3.658537 14.634147
843169 41 0.000000 0.000000 0.000000 8.109756 3.597561 13.292684
843174 41 0.000000 0.000000 0.000000 6.768293 4.085366 10.426829
843179 41 0.000000 0.000000 0.000000 4.573171 2.134146 11.036586
843184 41 0.000000 0.000000 0.000000 1.829268 1.036585 11.768293
843189 41 0.000000 0.000000 0.000000 2.926829 1.158537 12.134147
843194 41 0.000000 0.000000 0.000000 3.475610 2.012195 10.243902
843199 41 0.000000 0.000000 0.000000 2.439024 6.341464 8.536586
843204 41 0.000000 0.000000 0.000000 2.256098 6.707317 9.268292
843209 40 0.000000 0.000000 0.000000 2.987805 9.512196 7.621952
843214 40 0.000000 0.000000 0.000000 5.609756 11.158537 4.146341
843219 40 0.000000 0.000000 0.000000 3.719512 7.500000 4.756098
843224 40 0.000000 0.000000 0.000000 3.658537 5.792683 6.951220
843229 40 0.000000 0.000000 0.000000 7.439024 5.182927 5.731708
843234 40 0.000000 0.000000 0.000000 6.646342 3.353659 1.768293
843239 40 0.000000 0.000000 0.000000 2.560976 4.146341 0.548781
843244 40 0.000000 0.000000 0.000000 2.804878 7.012195 1.097561
843249 39 0.000000 0.000000 0.000000 1.707317 5.121951 0.060976
843254 39 0.000000 0.000000 0.000000 0.121951 3.536585 -2.560976
843259 39 0.000000 0.000000 0.000000 0.365854 2.804878 -4.695122
843264 39 0.000000 0.000000 0.000000 -0.792683 2.317073 -5.426829
843269 39 0.000000 0.000000 0.000000 -2.743902 3.414634 -4.207317
843274 39 0.000000 0.000000 0.000000 -1.219512 1.890244 -5.182927
843279 39 0.000000 0.000000 0.000000 1.951220 0.000000 -8.048780
843284 39 0.000000 0.000000 0.000000 2.865854 1.219512 -9.634147
843289 39 0.000000 0.000000 0.000000 1.951220 2.073171 -10.670732
843294 39 0.000000 0.000000 0.000000 0.121951 0.853659 -9.878049
843299 39 0.000000 0.000000 0.000000 -4.146341 3.902439 -8.231708
843304 39 0.000000 0.000000 0.000000 -8.231708 2.804878 -10.304878
843309 39 0.000000 0.000000 0.000000 -10.731708 -1.280488 -13.658537
843314 39 0.000000 0.000000 0.000000 -11.951220 -3.414634 -16.036585
843319 39 0.000000 0.000000 0.000000 -13.231708 -3.780488 -17.804878
843324 39 0.000000 0.000000 0.000000 -15.060976 -3.170732 -17.987804
843329 39 0.000000 0.000000 0.000000 -15.731708 -3.597561 -18.048780
843334 39 0.000000 0.000000 0.000000 -15.304878 -3.902439 -19.085367
843339 39 0.000000 0.000000 0.000000 -15.365854 -1.890244 -18.780489
843344 39 0.000000 0.000000 0.000000 -11.524390 0.731707 -17.621952
843349 40 0.000000 0.000000 0.000000 -7.317073 1.646341 -19.207317
843354 40 0.000000 0.000000 0.000000 -3.292683 3.841464 -21.402439
843359 40 0.000000 0.000000 0.000000 5.426829 7.987805 -23.658537
843364 40 0.000000 0.000000 0.000000 13.719513 12.926829 -24.329269
843369 40 0.000000 0.000000 0.000000 18.414635 17.439024 -24.512196
843374 40 0.000000 0.000000 0.000000 18.780489 17.987804 -24.268293
843379 40 0.000000 0.000000 0.000000 17.743902 17.743902 -25.060976
843384 40 0.000000 0.000000 0.000000 16.158537 16.158537 -25.975611
843389 40 0.000000 0.000000 0.000000 12.560976 14.695123 -27.317074
843394 40 0.000000 0.000000 0.000000 12.743903 12.682927 -29.329269
843399 40 0.000000 0.000000 0.000000 17.987804 9.451220 -31.341465
843404 40 0.000000 0.000000 0.000000 16.585365 6.585366 -33.597561
843409 40 0.000000 0.000000 0.000000 13.231708 3.780488 -36.280487
843414 40 0.000000 0.000000 0.000000 11.280488 0.853659 -37.317074
843419 40 0.000000 0.000000 0.000000 11.768293 -1.585366 -37.804878
843424 40 0.000000 0.000000 0.000000 10.792684 -5.060976 -39.024391
843429 40 0.000000 0.000000 0.000000 4.878049 -9.939025 -41.951221
843434 40 0.000000 0.000000 0.000000 -2.682927 -13.109756 -44.024391
843439 40 0.000000 0.000000 0.000000 -8.902439 -12.256098 -44.939026
843444 40 0.000000 0.000000 0.000000 -9.939025 -10.121951 -47.134148
843449 40 0.000000 0.000000 0.000000 -11.341464 -7.073171 -47.865856
843454 40 0.000000 0.000000 0.000000 -13.353659 -4.024390 -47.378052
843459 40 0.000000 0.000000 0.000000 -14.695123 -0.670732 -46.890244
843464 40 0.000000 0.000000 0.000000 -15.731708 4.268293 -49.024391
843469 40 0.000000 20.000000 0.000000 -14.085366 12.317074 -49.512196
843474 40 0.000000 20.000000 0.000000 -8.963415 17.439024 -47.804878
843479 40 0.000000 20.000000 0.000000 -4.024390 20.121952 -48.414635
843484 40 0.000000 20.000000 0.000000 1.890244 24.268293 -49.390244
843489 40 0.000000 40.000000 0.000000 9.939025 31.219513 -47.682926
843494 40 0.000000 40.000000 0.000000 13.292684 34.573170 -47.682926
843499 40 0.000000 40.000000 0.000000 18.475611 39.268295 -51.402439
843504 40 0.000000 40.000000 0.000000 21.280489 43.719513 -51.585365
843509 40 0.000000 50.000000 0.000000 21.829269 47.560978 -50.243904
843514 40 0.000000 50.000000 0.000000 18.841463 50.243904 -51.341465
843519 40 0.000000 50.000000 0.000000 14.756098 53.109756 -51.585365
843524 40 0.000000 50.000000 0.000000 11.219512 54.939026 -50.304878
843529 40 0.000000 60.000000 0.000000 7.865854 55.853661 -50.365856
843534 40 0.000000 60.000000 0.000000 2.865854 54.939026 -51.402439
843539 40 0.000000 60.000000 0.000000 -3.048780 55.548782 -51.524391
843544 40 0.000000 60.000000 0.000000 -6.158537 58.170734 -52.621952
843549 40 0.000000 60.000000 0.000000 -7.439024 61.585369 -52.926830
843554 40 0.000000 60.000000 0.000000 -10.243902 63.536587 -53.963417
843559 40 0.000000 60.000000 0.000000 -12.926829 66.280487 -54.390244
843564 40 0.000000 60.000000 0.000000 -13.475610 69.451218 -53.109756
843569 40 0.000000 70.000000 0.000000 -12.926829 70.182930 -54.329269
843574 40 0.000000 70.000000 0.000000 -16.219513 69.573174 -54.512196
843579 40 0.000000 70.000000 0.000000 -22.560976 69.695122 -53.780491
843584 40 0.000000 70.000000 0.000000 -26.829269 69.939026 -56.097561
843589 40 0.000000 60.000000 0.000000 -28.902439 71.341469 -54.878052
843594 40 0.000000 60.000000 0.000000 -28.231709 73.841469 -55.000000
843599 40 0.000000 60.000000 0.000000 -34.634148 72.256096 -55.000000
843604 40 0.000000 60.000000 0.000000 -38.719513 71.890244 -54.573174
843609 40 0.000000 50.000000 0.000000 -33.414635 74.573174 -56.402439
843614 40 0.000000 50.000000 0.000000 -28.963415 77.195122 -56.402439
843619 40 0.000000 50.000000 0.000000 -22.926830 77.987808 -56.890244
843624 40 0.000000 50.000000 0.000000 -18.048780 77.865852 -56.280491
843629 41 0.000000 40.000000 0.000000 -16.890244 73.597565 -55.121952
843634 41 0.000000 40.000000 0.000000 -17.560976 67.621956 -54.329269
843639 41 0.000000 40.000000 0.000000 -22.682928 64.451218 -53.902439
843644 41 0.000000 40.000000 0.000000 -24.085367 64.268295 -55.182930
843649 41 0.000000 20.000000 0.000000 -20.914635 62.804878 -54.939026
843654 41 0.000000 20.000000 0.000000 -16.402439 60.000000 -54.756100
843659 41 0.000000 20.000000 0.000000 -14.268293 55.487804 -54.756100
843664 41 0.000000 20.000000 0.000000 -16.402439 49.390244 -55.000000
843669 43 0.000000 10.000000 0.000000 -20.792683 41.646343 -54.939026
843674 43 0.000000 10.000000 0.000000 -20.121952 36.585365 -55.000000
843679 43 0.000000 10.000000 0.000000 -19.024391 33.231709 -53.475613
843684 43 0.000000 10.000000 0.000000 -18.719513 29.817074 -52.926830
843689 44 0.000000 0.000000 0.000000 -15.609756 27.378050 -51.646343
843694 44 0.000000 0.000000 0.000000 -11.524390 23.658537 -51.341465
843699 44 0.000000 0.000000 0.000000 -5.060976 20.548780 -50.731709
843704 44 0.000000 0.000000 0.000000 -4.329268 15.670732 -51.829269
843709 45 0.000000 0.000000 0.000000 -15.548780 8.170732 -49.146343
843714 45 0.000000 0.000000 0.000000 -19.207317 5.060976 -47.621952
843719 45 0.000000 0.000000 0.000000 -19.573172 4.207317 -46.402439
843724 45 0.000000 0.000000 0.000000 -23.841463 -0.365854 -46.097561
843729 46 0.000000 0.000000 0.000000 -22.926830 -3.231707 -47.073174
843734 46 0.000000 0.000000 0.000000 -16.402439 -2.865854 -46.890244
843739 46 0.000000 0.000000 0.000000 -18.353659 -4.817073 -44.085365
843744 46 0.000000 0.000000 0.000000 -20.731709 -4.268293 -41.707317
843749 46 0.000000 0.000000 0.000000 -20.365854 -4.817073 -39.390244
843754 46 0.000000 0.000000 0.000000 -22.926830 -5.914634 -39.573174
843759 46 0.000000 0.000000 0.000000 -14.512196 -1.768293 -38.414635
843764 46 0.000000 0.000000 0.000000 -14.939025 -3.414634 -38.902439
843769 46 0.000000 0.000000 0.000000 -38.170734 -7.804878 -33.658539
843774 47 0.000000 0.000000 0.000000 -39.878048 -6.951220 -33.780487
843779 47 0.000000 0.000000 0.000000 -27.804878 -1.036585 -35.853661
843784 47 0.000000 0.000000 0.000000 -18.475611 3.780488 -36.402439
843789 47 0.000000 0.000000 0.000000 -17.134148 5.304878 -35.426830
843794 47 0.000000 0.000000 0.000000 -13.353659 9.451220 -32.865856
843799 47 0.000000 0.000000 0.000000 -7.804878 13.353659 -31.707317
843804 47 0.000000 0.000000 0.000000 -6.463415 14.878049 -30.792685
843809 47 0.000000 0.000000 0.000000 -3.658537 17.500000 -31.036587
843814 46 0.000000 0.000000 0.000000 -0.792683 18.902439 -30.182928
843819 46 0.000000 0.000000 0.000000 -0.365854 15.548780 -30.243902
843824 46 0.000000 0.000000 0.000000 -4.390244 16.036585 -28.109756
843829 46 0.000000 0.000000 0.000000 -8.170732 19.451220 -26.280489
843834 46 0.000000 0.000000 0.000000 -8.048780 21.951220 -28.048780
843839 46 0.000000 0.000000 0.000000 -3.109756 27.621952 -27.378050
843844 46 0.000000 0.000000 0.000000 -13.170732 21.402439 -25.304878
843849 46 0.000000 0.000000 0.000000 -19.085367 14.024390 -22.134148
843854 46 0.000000 0.000000 0.000000 -20.853659 10.243902 -19.756098
843859 46 0.000000 0.000000 0.000000 -25.487806 9.695122 -19.512196
843864 46 0.000000 0.000000 0.000000 -27.012196 11.585366 -19.512196
843869 46 0.000000 0.000000 0.000000 -22.439024 17.378050 -19.268293
843874 46 0.000000 0.000000 0.000000 -21.768293 17.134148 -18.780489
843879 46 0.000000 0.000000 0.000000 -22.500000 9.939025 -17.500000
843884 46 0.000000 0.000000 0.000000 -22.073172 6.036585 -15.121951
843889 46 0.000000 0.000000 0.000000 -20.487804 7.926829 -12.865854
843894 44 0.000000 0.000000 0.000000 -17.560976 8.963415 -10.853659
843899 44 0.000000 0.000000 0.000000 -13.353659 9.329268 -9.512196
843904 44 0.000000 0.000000 0.000000 -11.036586 10.243902 -9.451220
843909 44 0.000000 0.000000 0.000000 -6.707317 6.707317 -9.878049
843914 42 0.000000 0.000000 0.000000 -1.829268 5.731708 -9.512196
843919 42 0.000000 0.000000 0.000000 -3.658537 5.731708 -6.158537
843924 42 0.000000 0.000000 0.000000 -5.000000 4.085366 -3.170732
843929 42 0.000000 0.000000 0.000000 -3.475610 3.963415 -3.109756
843934 41 0.000000 0.000000 0.000000 -2.743902 6.829268 -4.390244
843939 41 0.000000 0.000000 0.000000 -3.658537 6.585366 -3.719512
843944 41 0.000000 0.000000 0.000000 -3.902439 6.219512 -3.170732
843949 41 0.000000 0.000000 0.000000 -4.207317 7.743903 -3.048780
843954 40 0.000000 0.000000 0.000000 -3.902439 10.243902 -1.890244
843959 40 0.000000 0.000000 0.000000 -6.036585 12.073171 -1.829268
843964 40 0.000000 0.000000 0.000000 -10.609756 13.231708 -1.951220
843969 40 0.000000 0.000000 0.000000 -12.804878 11.768293 -3.292683
843974 40 0.000000 0.000000 0.000000 -12.987805 13.353659 -4.695122
843979 40 0.000000 0.000000 0.000000 -13.841464 16.097561 -4.268293
843984 40 0.000000 0.000000 0.000000 -13.719513 18.170732 -2.073171
843989 40 0.000000 0.000000 0.000000 -12.987805 16.707317 0.000000
843994 40 0.000000 0.000000 0.000000 -10.426829 15.670732 -0.670732
843999 40 0.000000 0.000000 0.000000 -8.231708 18.353659 -0.853659
844004 40 0.000000 0.000000 0.000000 -9.634147 19.939024 2.195122
844009 40 0.000000 0.000000 0.000000 -7.560976 18.719513 3.597561
844014 41 0.000000 0.000000 0.000000 -5.121951 17.073172 1.707317
844019 41 0.000000 0.000000 0.000000 -4.024390 16.280489 0.914634
844024 41 0.000000 0.000000 0.000000 -5.731708 17.256098 3.963415
844029 41 0.000000 0.000000 0.000000 -8.902439 16.402439 6.890244
844034 41 0.000000 0.000000 0.000000 -9.268292 13.536586 6.219512
844039 41 0.000000 0.000000 0.000000 -2.987805 11.585366 3.719512
844044 41 0.000000 0.000000 0.000000 -1.524390 13.475610 0.914634
844049 41 0.000000 0.000000 0.000000 -4.146341 17.134148 -0.365854
844054 43 0.000000 0.000000 0.000000 -5.853659 15.731708 0.914634
844059 43 0.000000 0.000000 0.000000 -8.902439 12.378049 0.731707
844064 43 0.000000 0.000000 0.000000 -10.731708 11.829268 0.000000
844069 43 0.000000 0.000000 0.000000 -12.926829 12.560976 0.975610
844074 45 0.000000 0.000000 0.000000 -16.829269 15.609756 1.768293
844079 45 0.000000 0.000000 0.000000 -17.804878 17.743902 -1.280488
844084 45 0.000000 0.000000 0.000000 -20.731709 19.024391 -3.292683
844089 45 0.000000 0.000000 0.000000 -21.524391 22.195122 -1.402439
844094 47 0.000000 0.000000 0.000000 -19.695122 26.280489 0.000000
844099 47 0.000000 0.000000 0.000000 -19.512196 24.695122 -0.975610
844104 47 0.000000 0.000000 0.000000 -19.024391 20.731709 -1.707317
844109 47 0.000000 0.000000 0.000000 -21.524391 22.621952 1.463415
844114 49 0.000000 0.000000 0.000000 -21.036587 26.463415 4.634146
844119 49 0.000000 0.000000 0.000000 -19.634148 27.073172 4.573171
844124 49 0.000000 0.000000 0.000000 -17.378050 27.195122 4.756098
844129 49 0.000000 0.000000 0.000000 -9.329268 28.902439 6.280488
844134 50 0.000000 0.000000 0.000000 -5.975610 31.463415 5.731708
844139 50 0.000000 0.000000 0.000000 -6.158537 31.768293 3.170732
844144 50 0.000000 0.000000 0.000000 -11.036586 32.743904 2.195122
844149 50 0.000000 0.000000 0.000000 -18.475611 36.341465 1.524390
844154 52 0.000000 0.000000 0.000000 -22.317074 38.292683 0.853659
844159 52 0.000000 0.000000 0.000000 -24.329269 39.939026 -1.219512
844164 52 0.000000 0.000000 0.000000 -24.390244 42.804878 -3.109756
844169 52 0.000000 0.000000 0.000000 -24.939026 50.914635 -1.646341
844174 52 0.000000 0.000000 0.000000 -15.853659 48.414635 -3.170732
844179 52 0.000000 0.000000 0.000000 -21.707317 34.939026 -6.341464
844184 52 0.000000 0.000000 0.000000 -25.060976 32.195122 -5.914634
844189 52 0.000000 0.000000 0.000000 -24.573172 28.597561 -8.719512
844194 53 0.000000 0.000000 0.000000 -28.414635 17.621952 -10.243902
844199 53 0.000000 0.000000 0.000000 -29.695122 12.865854 -7.195122
844204 53 0.000000 0.000000 0.000000 -30.914635 14.146341 -7.987805
844209 53 0.000000 0.000000 0.000000 -35.609756 12.134147 -1.768293
844214 53 0.000000 0.000000 0.000000 -36.036587 8.048780 1.158537
844219 53 0.000000 0.000000 0.000000 -25.243902 14.268293 -7.378049
844224 53 0.000000 0.000000 0.000000 -16.646341 17.621952 -5.853659
844229 53 0.000000 0.000000 0.000000 -14.756098 19.695122 5.182927
844234 53 0.000000 0.000000 0.000000 -15.243903 22.987806 3.231707
844239 53 0.000000 0.000000 0.000000 -5.609756 24.756098 1.280488
844244 53 0.000000 0.000000 0.000000 0.243902 23.109756 8.719512
844249 53 0.000000 0.000000 0.000000 0.792683 23.475611 10.243902
844254 53 0.000000 0.000000 0.000000 -3.719512 26.341463 3.414634
844259 53 0.000000 0.000000 0.000000 -16.463415 21.402439 5.792683
844264 53 0.000000 0.000000 0.000000 -27.743902 16.158537 11.097561
844269 53 0.000000 0.000000 0.000000 -26.280489 22.560976 6.585366
844274 53 0.000000 0.000000 0.000000 -35.365856 28.231709 7.987805
844279 53 0.000000 0.000000 0.000000 -43.841465 23.353659 13.231708
844284 53 0.000000 0.000000 0.000000 -46.097561 19.573172 11.036586
844289 53 0.000000 0.000000 0.000000 -43.658539 16.707317 10.060976
844294 52 0.000000 0.000000 0.000000 -41.768295 16.585365 12.926829
844299 52 0.000000 0.000000 0.000000 -40.000000 16.585365 10.914635
844304 52 0.000000 0.000000 0.000000 -39.756100 18.475611 14.268293
844309 52 0.000000 0.000000 0.000000 -37.621952 16.036585 18.109756
844314 52 0.000000 0.000000 0.000000 -35.304878 17.195122 14.207317
844319 52 0.000000 0.000000 0.000000 -26.463415 18.353659 14.878049
844324 52 0.000000 0.000000 0.000000 -23.841463 16.524391 18.963415
844329 52 0.000000 0.000000 0.000000 -25.000000 12.682927 16.036585
844334 51 0.000000 0.000000 0.000000 -26.219513 6.280488 17.743902
844339 51 0.000000 0.000000 0.000000 -19.634148 4.817073 13.658537
844344 51 0.000000 0.000000 0.000000 -22.804878 6.036585 11.158537
844349 51 0.000000 0.000000 0.000000 -15.731708 6.829268 14.695123
844354 50 0.000000 0.000000 0.000000 -15.792684 7.743903 12.256098
844359 50 0.000000 0.000000 0.000000 -25.853659 0.731707 12.804878
844364 50 0.000000 0.000000 0.000000 -27.195122 -1.585366 18.292683
844369 50 0.000000 0.000000 0.000000 -21.951220 2.195122 15.060976
844374 49 0.000000 0.000000 0.000000 -18.048780 12.012196 12.804878
844379 49 0.000000 0.000000 0.000000 -23.109756 13.475610 17.987804
844384 49 0.000000 0.000000 0.000000 -23.597561 12.682927 18.658537
844389 49 0.000000 0.000000 0.000000 -19.512196 20.121952 15.060976
844394 49 0.000000 0.000000 0.000000 -20.121952 23.231709 16.402439
844399 49 0.000000 0.000000 0.000000 -22.865854 23.658537 18.597561
844404 49 0.000000 0.000000 0.000000 -22.073172 23.475611 15.731708
844409 49 0.000000 0.000000 0.000000 -10.731708 26.585367 16.890244
844414 49 0.000000 0.000000 0.000000 -5.487805 25.304878 18.780489
844419 49 0.000000 0.000000 0.000000 -9.146341 17.621952 16.402439
844424 49 0.000000 0.000000 0.000000 -4.817073 16.951220 18.231709
844429 49 0.000000 0.000000 0.000000 1.280488 15.487805 17.621952
844434 48 0.000000 0.000000 0.000000 3.536585 14.024390 17.621952
844439 48 0.000000 0.000000 0.000000 7.682927 14.817074 18.658537
844444 48 0.000000 0.000000 0.000000 8.475610 14.634147 16.280489
844449 48 0.000000 0.000000 0.000000 9.024390 13.292684 18.597561
844454 46 0.000000 0.000000 0.000000 5.914634 9.085366 16.646341
844459 46 0.000000 0.000000 0.000000 0.792683 4.512195 16.463415
844464 46 0.000000 0.000000 0.000000 -0.182927 6.219512 16.219513
844469 46 0.000000 0.000000 0.000000 -4.451220 3.475610 15.548780
844474 44 0.000000 0.000000 0.000000 -7.865854 -1.097561 17.256098
844479 44 0.000000 0.000000 0.000000 -4.146341 -1.463415 16.097561
844484 44 0.000000 0.000000 0.000000 -1.463415 0.609756 14.634147
844489 44 0.000000 0.000000 0.000000 -2.621951 1.219512 16.036585
844494 42 0.000000 0.000000 0.000000 -4.390244 1.341463 14.085366
844499 42 0.000000 0.000000 0.000000 -7.012195 1.524390 14.695123
844504 42 0.000000 0.000000 0.000000 -6.829268 0.975610 16.829269
844509 42 0.000000 0.000000 0.000000 -5.975610 2.987805 14.573171
844514 41 0.000000 0.000000 0.000000 -6.768293 3.658537 13.658537
844519 41 0.000000 0.000000 0.000000 -3.719512 3.109756 13.658537
844524 41 0.000000 0.000000 0.000000 -3.353659 3.414634 12.987805
844529 41 0.000000 0.000000 0.000000 -3.353659 3.292683 13.963415
844534 41 0.000000 -20.000000 0.000000 3.658537 4.817073 16.341463
844539 41 0.000000 -20.000000 0.000000 11.768293 11.097561 16.219513
844544 41 0.000000 -20.000000 0.000000 7.621952 7.621952 15.365854
844549 41 0.000000 -20.000000 0.000000 4.939024 1.219512 13.658537
844554 41 0.000000 -40.000000 0.000000 2.195122 -4.268293 12.987805
844559 41 0.000000 -40.000000 0.000000 -1.036585 -7.621952 15.182927
844564 41 0.000000 -40.000000 0.000000 -2.682927 -9.756098 15.121951
844569 41 0.000000 -40.000000 0.000000 1.402439 -14.024390 13.780488
844574 41 0.000000 -50.000000 0.000000 0.609756 -18.597561 13.170732
844579 41 0.000000 -50.000000 0.000000 -0.304878 -24.939026 13.780488
844584 41 0.000000 -50.000000 0.000000 0.914634 -30.548780 13.719513
844589 41 0.000000 -50.000000 0.000000 -3.475610 -37.682926 13.414635
844594 41 0.000000 -70.000000 0.000000 -3.719512 -42.926830 12.500000
844599 41 0.000000 -70.000000 0.000000 -0.121951 -48.780487 11.158537
844604 41 0.000000 -70.000000 0.000000 0.914634 -54.207317 10.609756
844609 41 0.000000 -70.000000 0.000000 -1.707317 -58.536587 10.914635
844614 40 0.000000 -80.000000 0.000000 -0.975610 -61.829269 11.463415
844619 40 0.000000 -80.000000 0.000000 0.548781 -65.975609 10.000000
844624 40 0.000000 -80.000000 0.000000 0.731707 -70.121956 9.268292
844629 40 0.000000 -80.000000 0.000000 0.304878 -75.243904 10.243902
844634 40 0.000000 -90.000000 0.000000 -0.243902 -81.585365 10.121951
844639 40 0.000000 -90.000000 0.000000 -0.426829 -84.207321 9.573171
844644 40 0.000000 -90.000000 0.000000 -0.487805 -86.280487 9.756098
844649 40 0.000000 -90.000000 0.000000 0.426829 -90.548782 9.024390
844654 39 0.000000 -100.000000 0.000000 0.975610 -95.121956 7.073171
844659 39 0.000000 -100.000000 0.000000 1.219512 -97.134148 8.048780
844664 39 0.000000 -100.000000 0.000000 4.756098 -99.573174 9.817074
844669 39 0.000000 -100.000000 0.000000 9.756098 -104.268295 9.695122
844674 39 0.000000 -110.000000 0.000000 11.402439 -106.890244 8.780488
844679 39 0.000000 -110.000000 0.000000 7.500000 -108.109756 7.804878
844684 39 0.000000 -110.000000 0.000000 5.731708 -108.963417 8.414635
844689 39 0.000000 -110.000000 0.000000 6.951220 -110.670731 8.963415
844694 39 0.000000 -120.000000 0.000000 7.012195 -112.987808 7.865854
844699 39 0.000000 -120.000000 0.000000 8.597561 -114.390244 6.036585
844704 39 0.000000 -120.000000 0.000000 11.219512 -113.414635 5.487805
844709 39 0.000000 -120.000000 0.000000 6.158537 -115.548782 6.829268
844714 39 0.000000 -130.000000 0.000000 1.890244 -120.121956 8.597561
844719 39 0.000000 -130.000000 0.000000 -0.548781 -125.914635 7.926829
844724 39 0.000000 -130.000000 0.000000 -3.536585 -129.695129 7.439024
844729 39 0.000000 -130.000000 0.000000 -1.463415 -130.548782 6.890244
844734 39 0.000000 -130.000000 0.000000 -3.414634 -133.475616 5.914634
844739 39 0.000000 -130.000000 0.000000 -10.670732 -136.890244 8.231708
844744 39 0.000000 -130.000000 0.000000 -5.670732 -137.134155 8.536586
844749 39 0.000000 -130.000000 0.000000 0.914634 -140.609756 7.682927
844754 39 0.000000 -140.000000 0.000000 3.841464 -141.707321 8.353659
844759 39 0.000000 -140.000000 0.000000 5.548780 -142.073181 8.231708
844764 39 0.000000 -140.000000 0.000000 6.768293 -144.634155 8.597561
844769 39 0.000000 -140.000000 0.000000 7.865854 -143.536591 8.719512
844774 39 0.000000 -140.000000 0.000000 10.182927 -142.621948 8.597561
844779 39 0.000000 -140.000000 0.000000 13.231708 -143.475616 7.804878
844784 39 0.000000 -140.000000 0.000000 13.780488 -144.146347 7.621952
844789 39 0.000000 -140.000000 0.000000 12.012196 -146.585373 7.500000
844794 39 0.000000 -140.000000 0.000000 9.634147 -147.621948 8.414635
844799 39 0.000000 -140.000000 0.000000 6.951220 -149.207321 10.975610
844804 39 0.000000 -140.000000 0.000000 3.902439 -152.195129 10.975610
844809 39 0.000000 -140.000000 0.000000 9.756098 -152.256104 9.695122
844814 39 0.000000 -140.000000 0.000000 12.073171 -151.158539 8.231708
844819 39 0.000000 -140.000000 0.000000 6.097561 -153.292694 7.621952
844824 39 0.000000 -140.000000 0.000000 3.780488 -153.597565 7.682927
844829 39 0.000000 -140.000000 0.000000 3.536585 -153.292694 7.378049
844834 39 0.000000 -130.000000 0.000000 3.902439 -152.500000 5.853659
844839 39 0.000000 -130.000000 0.000000 7.439024 -149.634155 4.085366
844844 39 0.000000 -130.000000 0.000000 6.890244 -149.451218 5.975610
844849 39 0.000000 -130.000000 0.000000 2.195122 -149.878052 8.170732
844854 40 0.000000 -120.000000 0.000000 1.463415 -147.987808 7.378049
844859 40 0.000000 -120.000000 0.000000 1.341463 -147.621948 8.536586
844864 40 0.000000 -120.000000 0.000000 0.914634 -145.670731 8.841464
844869 40 0.000000 -120.000000 0.000000 1.646341 -140.609756 7.560976
844874 40 0.000000 -100.000000 0.000000 1.463415 -138.109756 6.951220
844879 40 0.000000 -100.000000 0.000000 0.548781 -140.000000 5.182927
844884 40 0.000000 -100.000000 0.000000 1.524390 -136.951218 4.878049
844889 40 0.000000 -100.000000 0.000000 4.573171 -129.451218 6.158537
844894 40 0.000000 -60.000000 0.000000 6.036585 -123.719513 6.890244
844899 40 0.000000 -60.000000 0.000000 6.646342 -120.121956 7.621952
844904 40 0.000000 -60.000000 0.000000 6.890244 -117.134148 9.573171
844909 40 0.000000 -60.000000 0.000000 7.500000 -110.365860 10.182927
844914 40 0.000000 -20.000000 0.000000 5.000000 -102.378052 9.451220
844919 40 0.000000 -20.000000 0.000000 1.402439 -98.841469 9.207317
844924 40 0.000000 -20.000000 0.000000 2.804878 -90.975609 9.207317
844929 40 0.000000 -20.000000 0.000000 9.695122 -75.365852 9.085366
844934 40 0.000000 0.000000 0.000000 13.414635 -61.890244 9.634147
844939 40 0.000000 0.000000 0.000000 14.695123 -51.890244 9.268292
844944 40 0.000000 0.000000 0.000000 11.463415 -41.036587 8.902439
844949 40 0.000000 0.000000 0.000000 12.378049 -27.560976 9.085366
844954 40 0.000000 0.000000 0.000000 11.890244 -15.731708 10.792684
844959 40 0.000000 0.000000 0.000000 8.597561 -7.073171 12.012196
844964 40 0.000000 0.000000 0.000000 7.012195 2.317073 11.341464
844969 40 0.000000 0.000000 0.000000 7.987805 10.365854 8.658537
844974 40 0.000000 0.000000 0.000000 5.548780 15.548780 8.475610
844979 40 0.000000 0.000000 0.000000 -0.060976 21.219513 10.365854
844984 40 0.000000 0.000000 0.000000 -3.231707 26.585367 11.585366
844989 40 0.000000 0.000000 0.000000 -3.841464 29.329269 12.865854
844994 42 0.000000 0.000000 0.000000 -4.695122 30.000000 11.036586
844999 42 0.000000 0.000000 0.000000 -5.121951 28.109756 8.292683
845004 42 0.000000 0.000000 0.000000 -1.768293 26.951220 7.926829
845009 42 0.000000 0.000000 0.000000 -4.207317 26.158537 7.743903
845014 43 0.000000 0.000000 0.000000 -7.500000 22.012196 9.085366
845019 43 0.000000 0.000000 0.000000 -9.634147 17.073172 9.390244
845024 43 0.000000 0.000000 0.000000 -8.719512 13.414635 8.475610
845029 43 0.000000 0.000000 0.000000 -7.073171 11.158537 8.597561
845034 44 0.000000 0.000000 0.000000 -5.365854 6.219512 8.963415
845039 44 0.000000 0.000000 0.000000 1.036585 4.207317 8.475610
845044 44 0.000000 0.000000 0.000000 4.329268 3.414634 6.524390
845049 44 0.000000 0.000000 0.000000 4.512195 2.073171 7.439024
845054 44 0.000000 0.000000 0.000000 2.865854 -1.951220 10.365854
845059 44 0.000000 0.000000 0.000000 1.524390 -6.280488 9.329268
845064 44 0.000000 0.000000 0.000000 4.390244 -6.463415 6.951220
845069 44 0.000000 0.000000 0.000000 1.341463 -6.158537 6.524390
845074 44 0.000000 0.000000 0.000000 1.646341 -7.439024 7.682927
845079 44 0.000000 0.000000 0.000000 5.548780 -5.060976 9.939025
845084 44 0.000000 0.000000 0.000000 8.170732 -1.585366 9.634147
845089 44 0.000000 0.000000 0.000000 9.268292 -3.536585 7.987805
845094 45 0.000000 30.000000 0.000000 10.243902 -4.451220 8.536586
845099 45 0.000000 30.000000 0.000000 7.926829 -1.829268 9.756098
845104 45 0.000000 30.000000 0.000000 3.902439 -0.548781 8.780488
845109 45 0.000000 30.000000 0.000000 4.451220 0.609756 7.500000
845114 45 0.000000 60.000000 0.000000 4.573171 5.609756 9.085366
845119 45 0.000000 60.000000 0.000000 0.731707 9.573171 10.304878
845124 45 0.000000 60.000000 0.000000 -0.121951 14.390244 8.658537
845129 45 0.000000 60.000000 0.000000 0.853659 20.487804 7.682927
845134 45 0.000000 90.000000 0.000000 -1.097561 27.378050 8.414635
845139 45 0.000000 90.000000 0.000000 -4.024390 37.621952 9.329268
845144 45 0.000000 90.000000 0.000000 -2.012195 46.768295 9.512196
845149 45 0.000000 90.000000 0.000000 6.707317 57.195122 9.817074
845154 45 0.000000 110.000000 0.000000 10.792684 66.036591 11.097561
845159 45 0.000000 110.000000 0.000000 6.219512 75.182930 12.926829
845164 45 0.000000 110.000000 0.000000 5.060976 85.060974 14.268293
845169 45 0.000000 110.000000 0.000000 7.865854 91.829269 14.329268
845174 45 0.000000 120.000000 0.000000 7.256098 102.560982 14.573171
845179 45 0.000000 120.000000 0.000000 4.085366 115.487808 15.243903
845184 45 0.000000 120.000000 0.000000 3.048780 124.146347 16.890244
845189 45 0.000000 120.000000 0.000000 5.121951 130.975616 17.743902
845194 45 0.000000 110.000000 0.000000 7.256098 137.926834 18.597561
845199 45 0.000000 110.000000 0.000000 10.121951 151.402435 16.707317
845204 45 0.000000 110.000000 0.000000 9.756098 158.170731 16.280489
845209 45 0.000000 110.000000 0.000000 12.195122 153.841461 17.317074
845214 45 0.000000 110.000000 0.000000 10.487805 150.975616 17.378050
845219 45 0.000000 110.000000 0.000000 5.731708 149.146347 18.658537
845224 45 0.000000 110.000000 0.000000 4.024390 146.463425 18.902439
845229 45 0.000000 110.000000 0.000000 -0.670732 143.414642 18.902439
845234 45 0.000000 100.000000 0.000000 -6.097561 141.097565 20.487804
845239 45 0.000000 100.000000 0.000000 -3.902439 133.841461 20.182928
845244 45 0.000000 100.000000 0.000000 -1.097561 129.268295 19.573172
845249 45 0.000000 100.000000 0.000000 1.585366 126.585365 17.865854
845254 45 0.000000 70.000000 0.000000 2.926829 121.646347 17.926830
845259 45 0.000000 70.000000 0.000000 2.743902 114.451225 17.317074
845264 45 0.000000 70.000000 0.000000 2.134146 110.426834 19.024391
845269 45 0.000000 70.000000 0.000000 -2.500000 106.707321 20.548780
845274 45 0.000000 50.000000 0.000000 1.829268 100.548782 20.182928
845279 45 0.000000 50.000000 0.000000 8.963415 97.743904 16.463415
845284 45 0.000000 50.000000 0.000000 13.170732 93.048782 17.926830
845289 45 0.000000 50.000000 0.000000 16.890244 86.768295 19.207317
845294 45 0.000000 40.000000 0.000000 17.012196 77.804878 18.719513
845299 45 0.000000 40.000000 0.000000 17.256098 66.341461 17.378050
845304 45 0.000000 40.000000 0.000000 13.292684 61.097561 18.170732
845309 45 0.000000 40.000000 0.000000 15.060976 54.817074 18.292683
845314 45 0.000000 30.000000 0.000000 16.219513 47.987804 16.768293
845319 45 0.000000 30.000000 0.000000 20.304878 45.000000 16.219513
845324 45 0.000000 30.000000 0.000000 20.609756 42.804878 15.792684
845329 45 0.000000 30.000000 0.000000 11.768293 37.195122 17.195122
845334 45 0.000000 20.000000 0.000000 5.365854 29.268293 17.560976
845339 45 0.000000 20.000000 0.000000 4.207317 27.987806 17.865854
845344 45 0.000000 20.000000 0.000000 6.768293 27.134148 17.621952
845349 45 0.000000 20.000000 0.000000 6.341464 21.280489 17.378050
845354 45 0.000000 20.000000 0.000000 2.500000 17.012196 16.768293
845359 45 0.000000 10.000000 0.000000 0.792683 15.853659 15.975610
845364 45 0.000000 10.000000 0.000000 5.182927 17.804878 16.951220
845369 45 0.000000 10.000000 0.000000 7.743903 25.304878 16.829269
845374 45 0.000000 10.000000 0.000000 5.000000 22.804878 17.195122
845379 45 0.000000 0.000000 0.000000 6.219512 17.682928 16.341463
845384 45 0.000000 0.000000 0.000000 5.853659 13.902439 16.463415
845389 45 0.000000 0.000000 0.000000 6.646342 11.646341 18.658537
845394 45 0.000000 0.000000 0.000000 7.926829 11.219512 18.597561
845399 45 0.000000 0.000000 0.000000 1.341463 10.914635 19.878050
845404 45 0.000000 0.000000 0.000000 0.182927 7.987805 21.707317
845409 45 0.000000 0.000000 0.000000 4.878049 8.292683 21.585367
845414 45 0.000000 0.000000 0.000000 9.146341 8.780488 20.182928
845419 45 0.000000 0.000000 0.000000 12.439025 7.195122 19.817074
845424 45 0.000000 0.000000 0.000000 14.817074 6.768293 21.646341
845429 45 0.000000 0.000000 0.000000 15.304878 5.670732 20.243902
845434 45 0.000000 0.000000 0.000000 16.707317 3.170732 19.573172
845439 45 0.000000 0.000000 0.000000 10.914635 3.902439 20.121952
845444 45 0.000000 0.000000 0.000000 8.353659 3.719512 19.695122
845449 45 0.000000 0.000000 0.000000 9.939025 4.939024 18.536585
845454 45 0.000000 0.000000 0.000000 8.292683 5.792683 18.353659
845459 43 0.000000 0.000000 0.000000 10.426829 3.963415 19.573172
845464 43 0.000000 0.000000 0.000000 13.597561 6.768293 18.292683
845469 43 0.000000 0.000000 0.000000 10.060976 13.353659 17.378050
845474 43 0.000000 0.000000 0.000000 9.268292 9.451220 19.146341
845479 41 0.000000 0.000000 0.000000 11.097561 5.182927 19.024391
845484 41 0.000000 0.000000 0.000000 8.475610 4.207317 19.573172
845489 41 0.000000 0.000000 0.000000 7.500000 2.804878 19.512196
845494 41 0.000000 0.000000 0.000000 9.024390 2.378049 20.304878
845499 40 0.000000 0.000000 0.000000 9.268292 4.451220 20.304878
845504 40 0.000000 0.000000 0.000000 9.268292 3.109756 17.500000
845509 40 0.000000 0.000000 0.000000 15.609756 2.378049 15.914635
845514 40 0.000000 0.000000 0.000000 19.085367 3.536585 16.036585
845519 40 0.000000 0.000000 0.000000 13.902439 2.317073 15.670732
845524 40 0.000000 0.000000 0.000000 11.463415 1.768293 15.853659
845529 40 0.000000 0.000000 0.000000 14.207317 0.853659 14.756098
845534 40 0.000000 0.000000 0.000000 16.463415 -0.060976 14.024390
845539 40 0.000000 0.000000 0.000000 12.073171 -0.487805 13.719513
845544 40 0.000000 0.000000 0.000000 9.756098 -2.134146 13.902439
845549 40 0.000000 0.000000 0.000000 8.170732 -3.780488 15.000000
845554 40 0.000000 0.000000 0.000000 8.109756 -3.414634 15.304878
845559 40 0.000000 0.000000 0.000000 11.036586 -2.621951 15.060976
845564 40 0.000000 0.000000 0.000000 12.073171 -1.463415 14.024390
845569 40 0.000000 0.000000 0.000000 5.243903 -3.475610 14.878049
845574 40 0.000000 0.000000 0.000000 6.036585 -4.268293 14.634147
845579 40 0.000000 0.000000 0.000000 10.000000 -4.695122 12.012196
845584 40 0.000000 0.000000 0.000000 10.853659 -4.695122 11.951220
845589 40 0.000000 0.000000 0.000000 13.231708 -2.073171 13.048780
845594 40 0.000000 0.000000 0.000000 15.000000 -3.109756 13.902439
845599 40 0.000000 0.000000 0.000000 13.841464 -1.768293 15.365854
845604 40 0.000000 0.000000 0.000000 13.658537 -0.670732 14.817074
845609 40 0.000000 0.000000 0.000000 17.134148 -0.792683 13.536586
845614 40 0.000000 0.000000 0.000000 17.195122 -2.073171 12.865854
845619 40 0.000000 0.000000 0.000000 11.402439 -3.414634 11.768293
845624 40 0.000000 0.000000 0.000000 10.548780 -1.402439 12.134147
845629 40 0.000000 0.000000 0.000000 10.304878 -0.731707 12.743903
845634 40 0.000000 0.000000 0.000000 10.975610 0.182927 11.768293
845639 40 0.000000 0.000000 0.000000 11.524390 -0.304878 10.914635
845644 40 0.000000 0.000000 0.000000 8.414635 -1.646341 9.512196
845649 40 0.000000 0.000000 0.000000 9.268292 -2.012195 9.573171
845654 40 0.000000 0.000000 0.000000 9.817074 -0.914634 11.097561
845659 40 0.000000 0.000000 0.000000 9.024390 2.073171 10.792684
845664 40 0.000000 0.000000 0.000000 7.682927 2.317073 10.792684
845669 40 0.000000 0.000000 0.000000 6.097561 0.853659 12.256098
845674 40 0.000000 0.000000 0.000000 6.951220 -0.792683 12.987805
845679 40 0.000000 0.000000 0.000000 10.304878 -1.036585 11.890244
845684 40 0.000000 0.000000 0.000000 11.463415 -0.792683 10.060976
845689 40 0.000000 0.000000 0.000000 8.719512 -0.853659 10.853659
845694 40 0.000000 0.000000 0.000000 10.914635 1.768293 11.463415
845699 40 0.000000 20.000000 0.000000 10.548780 0.000000 9.451220
845704 40 0.000000 20.000000 0.000000 9.878049 -1.158537 9.329268
845709 40 0.000000 20.000000 0.000000 11.097561 -0.609756 9.756098
845714 40 0.000000 20.000000 0.000000 11.341464 0.000000 9.695122
845719 40 0.000000 30.000000 0.000000 11.585366 3.780488 10.670732
845724 40 0.000000 30.000000 0.000000 9.268292 5.182927 10.914635
845729 40 0.000000 30.000000 0.000000 6.463415 6.463415 9.695122
845734 40 0.000000 30.000000 0.000000 5.365854 10.670732 10.243902
845739 40 0.000000 30.000000 0.000000 5.548780 14.695123 11.463415
845744 40 0.000000 30.000000 0.000000 7.317073 18.292683 10.731708
845749 40 0.000000 30.000000 0.000000 8.780488 20.731709 10.487805
845754 40 0.000000 30.000000 0.000000 8.292683 24.939026 11.707317
845759 40 0.000000 20.000000 0.000000 8.902439 31.829269 10.731708
845764 40 0.000000 20.000000 0.000000 9.695122 36.646343 9.451220
845769 40 0.000000 20.000000 0.000000 6.097561 36.463417 11.768293
845774 40 0.000000 20.000000 0.000000 6.829268 36.707317 12.987805
845779 40 0.000000 0.000000 0.000000 9.512196 36.280487 11.829268
845784 40 0.000000 0.000000 0.000000 10.365854 37.073170 12.256098
845789 40 0.000000 0.000000 0.000000 9.695122 38.170734 12.134147
845794 40 0.000000 0.000000 0.000000 9.451220 37.500000 12.012196
845799 40 0.000000 0.000000 0.000000 9.146341 30.731709 13.170732
845804 40 0.000000 0.000000 0.000000 10.182927 25.670732 12.378049
845809 40 0.000000 0.000000 0.000000 11.036586 23.048780 10.609756
845814 40 0.000000 0.000000 0.000000 11.219512 20.731709 12.317074
845819 38 0.000000 0.000000 0.000000 9.878049 15.914635 11.463415
845824 38 0.000000 0.000000 0.000000 8.963415 11.158537 9.939025
845829 38 0.000000 0.000000 0.000000 10.670732 6.036585 9.024390
845834 38 0.000000 0.000000 0.000000 13.231708 3.109756 8.658537
845839 37 0.000000 0.000000 0.000000 9.390244 -0.182927 9.512196
845844 37 0.000000 0.000000 0.000000 6.890244 -5.243903 9.024390
845849 37 0.000000 0.000000 0.000000 5.182927 -10.121951 9.634147
845854 37 0.000000 0.000000 0.000000 5.365854 -12.378049 9.939025
845859 37 0.000000 0.000000 0.000000 8.292683 -13.109756 9.085366
845864 37 0.000000 0.000000 0.000000 9.085366 -15.487805 7.621952
845869 37 0.000000 0.000000 0.000000 8.780488 -17.073172 8.414635
845874 37 0.000000 0.000000 0.000000 7.378049 -17.500000 9.024390
845879 37 0.000000 0.000000 0.000000 7.987805 -16.463415 7.865854
845884 37 0.000000 0.000000 0.000000 8.902439 -14.085366 7.439024
845889 37 0.000000 0.000000 0.000000 7.317073 -13.719513 8.231708
845894 37 0.000000 0.000000 0.000000 8.658537 -12.073171 8.536586
845899 37 0.000000 0.000000 0.000000 8.841464 -12.256098 7.500000
845904 37 0.000000 0.000000 0.000000 10.792684 -10.914635 6.158537
845909 37 0.000000 0.000000 0.000000 10.426829 -9.207317 7.012195
845914 37 0.000000 0.000000 0.000000 10.487805 -8.048780 8.902439
845919 38 0.000000 0.000000 0.000000 10.426829 -6.097561 8.963415
845924 38 0.000000 0.000000 0.000000 10.426829 -3.902439 7.682927
845929 38 0.000000 0.000000 0.000000 11.280488 -1.158537 6.829268
845934 38 0.000000 0.000000 0.000000 10.670732 0.548781 7.195122
845939 38 0.000000 0.000000 0.000000 8.780488 0.000000 8.902439
845944 38 0.000000 0.000000 0.000000 8.109756 -0.060976 9.634147
845949 38 0.000000 0.000000 0.000000 7.439024 -0.792683 7.987805
845954 38 0.000000 0.000000 0.000000 7.073171 0.670732 7.560976
845959 38 0.000000 0.000000 0.000000 4.695122 3.109756 7.621952
845964 38 0.000000 0.000000 0.000000 1.890244 5.243903 6.646342
845969 38 0.000000 0.000000 0.000000 -1.707317 3.963415 7.865854
845974 38 0.000000 0.000000 0.000000 0.914634 2.621951 8.963415
845979 39 0.000000 0.000000 0.000000 2.804878 1.951220 7.012195
845984 39 0.000000 0.000000 0.000000 3.353659 1.158537 6.890244
845989 39 0.000000 0.000000 0.000000 4.756098 1.280488 8.414635
845994 39 0.000000 0.000000 0.000000 4.695122 0.609756 8.780488
845999 39 0.000000 0.000000 0.000000 5.914634 -1.646341 7.439024
846004 39 0.000000 0.000000 0.000000 7.256098 -1.951220 5.731708
846009 39 0.000000 0.000000 0.000000 7.134147 -1.036585 6.951220
846014 39 0.000000 0.000000 0.000000 5.365854 -0.853659 8.170732
846019 39 0.000000 0.000000 0.000000 6.402439 -0.487805 6.829268
846024 39 0.000000 0.000000 0.000000 7.682927 -1.219512 6.280488
846029 39 0.000000 0.000000 0.000000 6.707317 -2.865854 7.073171
846034 39 0.000000 0.000000 0.000000 7.256098 -3.902439 8.292683
846039 39 0.000000 0.000000 0.000000 9.146341 -2.256098 6.768293
846044 39 0.000000 0.000000 0.000000 7.743903 -3.292683 5.365854
846049 39 0.000000 0.000000 0.000000 4.817073 -3.536585 7.256098
846054 39 0.000000 0.000000 0.000000 4.329268 -0.914634 6.768293
846059 40 0.000000 0.000000 0.000000 7.621952 2.682927 4.939024
846064 40 0.000000 0.000000 0.000000 5.548780 1.280488 6.402439
846069 40 0.000000 0.000000 0.000000 2.926829 -2.560976 8.170732
846074 40 0.000000 0.000000 0.000000 3.536585 -3.048780 8.048780
846079 40 0.000000 0.000000 0.000000 4.695122 -1.646341 6.646342
846084 40 0.000000 0.000000 0.000000 4.024390 -0.975610 6.219512
846089 40 0.000000 0.000000 0.000000 2.012195 -0.365854 7.743903
846094 40 0.000000 0.000000 0.000000 0.548781 -2.378049 7.195122
846099 40 0.000000 0.000000 0.000000 6.280488 -1.402439 4.146341
846104 40 0.000000 0.000000 0.000000 6.829268 -1.463415 4.756098
846109 40 0.000000 0.000000 0.000000 3.658537 -0.975610 6.280488
846114 40 0.000000 0.000000 0.000000 2.500000 0.000000 7.012195
846119 39 0.000000 0.000000 0.000000 1.097561 -1.585366 7.743903
846124 39 0.000000 0.000000 0.000000 3.170732 -0.182927 7.621952
846129 39 0.000000 0.000000 0.000000 3.170732 -1.768293 7.743903
846134 39 0.000000 0.000000 0.000000 2.500000 -5.426829 5.914634
846139 37 0.000000 0.000000 0.000000 5.060976 -4.390244 5.243903
846144 37 0.000000 0.000000 0.000000 6.402439 -2.682927 7.439024
846149 37 0.000000 0.000000 0.000000 6.829268 0.121951 7.378049
846154 37 0.000000 0.000000 0.000000 4.695122 0.060976 6.158537
846159 37 0.000000 0.000000 0.000000 1.707317 -1.646341 8.292683
846164 37 0.000000 0.000000 0.000000 0.000000 -4.451220 9.756098
846169 37 0.000000 0.000000 0.000000 1.158537 -3.658537 7.439024
846174 37 0.000000 0.000000 0.000000 0.975610 -3.170732 6.585366
846179 37 0.000000 0.000000 0.000000 2.926829 -3.231707 7.804878
846184 37 0.000000 0.000000 0.000000 3.353659 -4.146341 8.841464
846189 37 0.000000 0.000000 0.000000 2.865854 -3.963415 8.780488
846194 37 0.000000 0.000000 0.000000 3.597561 -2.134146 7.682927
846199 37 0.000000 0.000000 0.000000 1.280488 -1.768293 9.329268
846204 37 0.000000 0.000000 0.000000 1.768293 -2.500000 9.268292
846209 37 0.000000 0.000000 0.000000 4.573171 -1.402439 7.621952
846214 37 0.000000 0.000000 0.000000 5.121951 -1.890244 7.439024
846219 37 0.000000 0.000000 0.000000 6.524390 -2.865854 7.682927
846224 37 0.000000 0.000000 0.000000 5.731708 -2.865854 8.780488
846229 37 0.000000 0.000000 0.000000 6.951220 -2.804878 7.439024
846234 37 0.000000 0.000000 0.000000 6.524390 -2.500000 7.256098
846239 37 0.000000 0.000000 0.000000 5.548780 -3.475610 8.353659
846244 37 0.000000 0.000000 0.000000 5.914634 -4.695122 7.195122
846249 37 0.000000 0.000000 0.000000 5.609756 -5.609756 8.048780
846254 37 0.000000 0.000000 0.000000 4.939024 -4.085366 9.573171
846259 37 0.000000 0.000000 0.000000 2.256098 -1.341463 9.329268
846264 37 0.000000 0.000000 0.000000 -0.548781 -0.792683 10.060976
846269 37 0.000000 0.000000 0.000000 1.951220 -2.865854 10.304878
846274 37 0.000000 0.000000 0.000000 4.085366 -4.085366 9.695122
846279 37 0.000000 0.000000 0.000000 4.512195 -3.414634 9.268292
846284 37 0.000000 0.000000 0.000000 3.231707 -2.926829 9.634147
846289 37 0.000000 0.000000 0.000000 4.207317 -2.378049 10.121951
846294 37 0.000000 0.000000 0.000000 2.134146 -4.878049 8.597561
846299 37 0.000000 0.000000 0.000000 2.560976 -6.036585 7.621952
846304 37 0.000000 0.000000 0.000000 3.963415 -5.000000 8.963415
846309 37 0.000000 0.000000 0.000000 1.341463 -4.756098 8.658537
846314 37 0.000000 0.000000 0.000000 0.121951 -4.451220 8.597561
846319 37 0.000000 0.000000 0.000000 -1.280488 -3.414634 9.146341
846324 37 0.000000 0.000000 0.000000 -0.975610 -3.414634 9.451220
846329 37 0.000000 0.000000 0.000000 -2.743902 -1.829268 11.158537
846334 37 0.000000 0.000000 0.000000 -2.012195 -1.036585 11.341464
846339 37 0.000000 0.000000 0.000000 -0.853659 -2.256098 9.756098
846344 37 0.000000 0.000000 0.000000 -0.426829 -2.500000 8.292683
846349 37 0.000000 0.000000 0.000000 3.109756 -1.280488 8.780488
846354 37 0.000000 0.000000 0.000000 4.451220 -0.426829 9.268292
846359 37 0.000000 0.000000 0.000000 2.621951 -3.109756 7.865854
846364 37 0.000000 0.000000 0.000000 1.463415 -6.463415 7.926829
846369 37 0.000000 0.000000 0.000000 4.634146 -4.512195 8.231708
846374 37 0.000000 0.000000 0.000000 5.426829 -2.804878 7.012195
846379 37 0.000000 0.000000 0.000000 2.987805 -3.780488 8.780488
846384 37 0.000000 0.000000 0.000000 1.158537 -4.085366 9.268292
846389 37 0.000000 0.000000 0.000000 1.829268 -4.146341 8.536586
846394 37 0.000000 0.000000 0.000000 2.378049 -3.597561 9.268292
846399 38 0.000000 0.000000 0.000000 0.426829 -5.121951 10.426829
846404 38 0.000000 0.000000 0.000000 0.487805 -3.963415 10.000000
846409 38 0.000000 0.000000 0.000000 0.792683 -4.512195 7.926829
846414 38 0.000000 0.000000 0.000000 0.548781 -3.902439 7.195122
846419 39 -10.000000 0.000000 0.000000 1.890244 -3.292683 8.231708
846424 39 -10.000000 0.000000 0.000000 2.439024 -3.292683 7.987805
846429 39 -10.000000 0.000000 0.000000 -1.402439 -2.621951 9.329268
846434 39 -10.000000 0.000000 0.000000 -5.060976 -2.439024 8.475610
846439 39 -10.000000 0.000000 0.000000 -4.451220 -1.280488 7.134147
846444 39 -10.000000 0.000000 0.000000 -3.475610 -0.731707 7.804878
846449 39 -10.000000 0.000000 0.000000 -7.256098 -2.378049 8.353659
846454 39 -10.000000 0.000000 0.000000 -8.719512 -1.402439 8.841464
846459 39 -20.000000 0.000000 0.000000 -10.182927 -2.804878 8.109756
846464 39 -20.000000 0.000000 0.000000 -8.536586 -4.085366 7.439024
846469 39 -20.000000 0.000000 0.000000 -10.487805 -2.987805 7.926829
846474 39 -20.000000 0.000000 0.000000 -15.914635 -2.560976 7.195122
846479 39 -30.000000 0.000000 0.000000 -22.012196 -1.463415 8.170732
846484 39 -30.000000 0.000000 0.000000 -22.012196 0.914634 9.024390
846489 39 -30.000000 0.000000 0.000000 -21.341463 0.487805 6.829268
846494 39 -30.000000 0.000000 0.000000 -22.682928 0.000000 6.585366
846499 39 -40.000000 0.000000 0.000000 -24.695122 1.280488 6.097561
846504 39 -40.000000 0.000000 0.000000 -28.719513 0.670732 6.097561
846509 39 -40.000000 0.000000 0.000000 -35.121952 -1.158537 6.890244
846514 39 -40.000000 0.000000 0.000000 -37.134148 0.182927 6.097561
846519 39 -40.000000 0.000000 0.000000 -39.390244 1.646341 6.829268
846524 39 -40.000000 0.000000 0.000000 -42.012196 0.121951 6.829268
846529 39 -40.000000 0.000000 0.000000 -37.682926 0.365854 3.109756
846534 39 -40.000000 0.000000 0.000000 -40.487804 -0.182927 2.621951
846539 39 -30.000000 0.000000 0.000000 -47.804878 0.182927 4.756098
846544 39 -30.000000 0.000000 0.000000 -50.792683 -0.853659 6.524390
846549 39 -30.000000 0.000000 0.000000 -50.609756 -0.243902 6.280488
846554 39 -30.000000 0.000000 0.000000 -51.280491 -0.243902 5.792683
846559 39 -30.000000 0.000000 0.000000 -49.573174 -2.073171 5.304878
846564 39 -30.000000 0.000000 0.000000 -45.365856 -1.524390 3.841464
846569 39 -30.000000 0.000000 0.000000 -43.475613 -1.097561 5.731708
846574 39 -30.000000 0.000000 0.000000 -38.292683 -0.853659 6.402439
846579 39 -20.000000 0.000000 0.000000 -36.402439 -1.097561 6.219512
846584 39 -20.000000 0.000000 0.000000 -32.682926 -1.463415 7.256098
846589 39 -20.000000 0.000000 0.000000 -26.829269 -0.365854 6.829268
846594 39 -20.000000 0.000000 0.000000 -24.024391 -1.402439 7.500000
846599 39 -10.000000 0.000000 0.000000 -17.134148 -0.670732 8.170732
846604 39 -10.000000 0.000000 0.000000 -16.158537 -0.182927 7.621952
846609 39 -10.000000 0.000000 0.000000 -18.414635 -0.365854 8.414635
846614 39 -10.000000 0.000000 0.000000 -15.060976 1.097561 8.170732
846619 39 -20.000000 0.000000 0.000000 -12.256098 0.426829 8.597561
846624 39 -20.000000 0.000000 0.000000 -9.695122 -0.426829 8.719512
846629 39 -20.000000 0.000000 0.000000 -7.012195 -2.621951 7.317073
846634 39 -20.000000 0.000000 0.000000 -6.036585 -0.670732 8.414635
846639 39 -30.000000 0.000000 0.000000 -6.036585 2.012195 8.841464
846644 39 -30.000000 0.000000 0.000000 -5.853659 1.036585 7.256098
846649 39 -30.000000 0.000000 0.000000 -5.975610 0.975610 8.048780
846654 39 -30.000000 0.000000 0.000000 -9.939025 0.975610 7.865854
846659 39 -20.000000 0.000000 0.000000 -11.829268 -2.256098 7.378049
846664 39 -20.000000 0.000000 0.000000 -14.207317 -2.682927 6.646342
846669 39 -20.000000 0.000000 0.000000 -22.256098 0.670732 7.560976
846674 39 -20.000000 0.000000 0.000000 -26.524391 2.256098 6.890244
846679 39 -20.000000 0.000000 0.000000 -28.719513 1.768293 5.609756
846684 39 -20.000000 0.000000 0.000000 -30.853659 1.524390 5.548780
846689 39 -20.000000 0.000000 0.000000 -33.841465 0.792683 6.158537
846694 39 -20.000000 0.000000 0.000000 -33.353661 0.060976 5.000000
846699 39 -10.000000 0.000000 0.000000 -32.682926 0.243902 5.243903
846704 39 -10.000000 0.000000 0.000000 -33.170731 0.609756 6.036585
846709 39 -10.000000 0.000000 0.000000 -30.060976 1.890244 5.304878
846714 39 -10.000000 0.000000 0.000000 -26.890245 1.585366 6.036585
846719 40 0.000000 0.000000 0.000000 -23.536587 -0.975610 6.829268
846724 40 0.000000 0.000000 0.000000 -19.024391 -2.865854 7.073171
846729 40 0.000000 0.000000 0.000000 -14.878049 -0.121951 6.036585
846734 40 0.000000 0.000000 0.000000 -12.256098 -0.243902 5.304878
846739 41 0.000000 0.000000 0.000000 -7.439024 -1.280488 6.768293
846744 41 0.000000 0.000000 0.000000 -2.682927 -1.768293 6.707317
846749 41 0.000000 0.000000 0.000000 1.341463 -2.743902 7.195122
846754 41 0.000000 0.000000 0.000000 6.036585 -1.341463 7.621952
846759 41 0.000000 0.000000 0.000000 11.097561 3.414634 5.792683
846764 41 0.000000 0.000000 0.000000 14.085366 4.756098 5.914634
846769 41 0.000000 0.000000 0.000000 17.012196 3.353659 6.768293
846774 41 0.000000 0.000000 0.000000 18.597561 2.804878 6.585366
846779 42 0.000000 0.000000 0.000000 13.231708 1.890244 7.439024
846784 42 0.000000 0.000000 0.000000 13.231708 1.890244 6.707317
846789 42 0.000000 0.000000 0.000000 15.121951 2.073171 6.585366
846794 42 0.000000 0.000000 0.000000 11.524390 1.280488 5.914634
846799 43 0.000000 0.000000 0.000000 8.475610 1.158537 4.939024
846804 43 0.000000 0.000000 0.000000 4.451220 2.621951 5.182927
846809 43 0.000000 0.000000 0.000000 1.585366 5.487805 4.390244
846814 43 0.000000 0.000000 0.000000 0.000000 5.609756 4.390244
846819 44 0.000000 0.000000 0.000000 0.060976 5.853659 4.390244
846824 44 0.000000 0.000000 0.000000 2.134146 7.439024 3.902439
846829 44 0.000000 0.000000 0.000000 -1.158537 9.756098 4.756098
846834 44 0.000000 0.000000 0.000000 -5.182927 9.329268 3.475610
846839 44 0.000000 0.000000 0.000000 -4.268293 9.512196 2.500000
846844 44 0.000000 0.000000 0.000000 -3.841464 9.756098 2.134146
846849 44 0.000000 0.000000 0.000000 -7.500000 10.365854 2.500000
846854 44 0.000000 0.000000 0.000000 -9.451220 9.390244 3.902439
846859 44 0.000000 10.000000 0.000000 -10.975610 6.707317 4.085366
846864 44 0.000000 10.000000 0.000000 -8.292683 8.048780 4.085366
846869 44 0.000000 10.000000 0.000000 -6.158537 9.146341 4.085366
846874 44 0.000000 10.000000 0.000000 -5.731708 7.012195 4.390244
846879 44 0.000000 20.000000 0.000000 -5.304878 7.195122 4.756098
846884 44 0.000000 20.000000 0.000000 -3.475610 8.353659 4.146341
846889 44 0.000000 20.000000 0.000000 2.743902 8.658537 4.817073
846894 44 0.000000 20.000000 0.000000 8.536586 10.731708 5.304878
846899 44 0.000000 30.000000 0.000000 5.000000 13.780488 5.000000
846904 44 0.000000 30.000000 0.000000 4.939024 18.475611 5.914634
846909 44 0.000000 30.000000 0.000000 10.731708 23.841463 5.792683
846914 44 0.000000 30.000000 0.000000 12.378049 26.036587 4.207317
846919 44 0.000000 40.000000 0.000000 7.987805 28.109756 4.939024
846924 44 0.000000 40.000000 0.000000 4.939024 30.243902 6.097561
846929 44 0.000000 40.000000 0.000000 5.853659 31.890245 5.121951
846934 44 0.000000 40.000000 0.000000 5.548780 35.670734 5.243903
846939 44 0.000000 50.000000 0.000000 3.170732 40.731709 7.134147
846944 44 0.000000 50.000000 0.000000 1.097561 45.182926 6.951220
846949 44 0.000000 50.000000 0.000000 0.914634 48.536587 6.768293
846954 44 0.000000 50.000000 0.000000 2.378049 51.463417 7.743903
846959 44 0.000000 40.000000 0.000000 -4.634146 52.256100 8.963415
846964 44 0.000000 40.000000 0.000000 -5.365854 53.963417 7.500000
846969 44 0.000000 40.000000 0.000000 -3.719512 58.719513 6.585366
846974 44 0.000000 40.000000 0.000000 -3.048780 61.768295 7.073171
846979 44 0.000000 40.000000 0.000000 2.073171 62.987808 6.280488
846984 44 0.000000 40.000000 0.000000 4.817073 64.329269 5.426829
846989 44 0.000000 40.000000 0.000000 0.243902 65.731712 6.524390
846994 44 0.000000 40.000000 0.000000 -0.121951 65.121956 7.195122
846999 44 0.000000 40.000000 0.000000 0.731707 63.414635 6.768293
847004 44 0.000000 40.000000 0.000000 2.073171 63.231709 7.378049
847009 44 0.000000 40.000000 0.000000 3.902439 59.512196 7.073171
847014 44 0.000000 40.000000 0.000000 4.268293 54.329269 7.195122
847019 44 0.000000 40.000000 0.000000 1.097561 51.829269 7.439024
847024 44 0.000000 40.000000 0.000000 3.902439 51.097561 8.353659
847029 44 0.000000 40.000000 0.000000 10.000000 53.414635 6.646342
847034 44 0.000000 40.000000 0.000000 6.768293 53.048782 6.524390
847039 44 0.000000 30.000000 0.000000 2.378049 48.231709 7.987805
847044 44 0.000000 30.000000 0.000000 2.256098 45.365856 8.414635
847049 44 0.000000 30.000000 0.000000 0.731707 44.451221 8.414635
847054 44 0.000000 30.000000 0.000000 -1.280488 43.109756 9.024390
847059 44 0.000000 30.000000 0.000000 1.341463 41.829269 9.024390
847064 44 0.000000 30.000000 0.000000 1.280488 38.841465 7.682927
847069 44 0.000000 30.000000 0.000000 4.329268 37.195122 7.743903
847074 44 0.000000 30.000000 0.000000 5.000000 35.548782 7.560976
847079 44 0.000000 30.000000 0.000000 1.707317 34.451221 7.926829
847084 44 0.000000 30.000000 0.000000 -1.036585 35.670734 8.292683
847089 44 0.000000 30.000000 0.000000 -0.365854 36.036587 8.841464
847094 44 0.000000 30.000000 0.000000 -1.585366 34.695122 8.170732
847099 44 0.000000 30.000000 0.000000 2.378049 31.951220 6.951220
847104 44 0.000000 30.000000 0.000000 4.512195 32.073170 6.829268
847109 44 0.000000 30.000000 0.000000 3.780488 34.146343 7.317073
847114 44 0.000000 30.000000 0.000000 2.804878 35.121952 8.536586
847119 44 0.000000 30.000000 0.000000 1.524390 35.304878 8.414635
847124 44 0.000000 30.000000 0.000000 0.548781 37.560978 7.865854
847129 44 0.000000 30.000000 0.000000 0.853659 35.365856 7.256098
847134 44 0.000000 30.000000 0.000000 0.548781 33.353661 7.682927
847139 44 0.000000 30.000000 0.000000 -1.280488 33.353661 8.536586
847144 44 0.000000 30.000000 0.000000 -1.768293 32.378048 8.353659
847149 44 0.000000 30.000000 0.000000 1.646341 35.304878 7.256098
847154 44 0.000000 30.000000 0.000000 2.439024 38.292683 6.341464
847159 44 0.000000 20.000000 0.000000 4.878049 37.378048 6.219512
847164 44 0.000000 20.000000 0.000000 2.073171 36.524391 7.256098
847169 44 0.000000 20.000000 0.000000 -2.865854 36.280487 9.024390
847174 44 0.000000 20.000000 0.000000 -4.085366 36.646343 9.146341
847179 44 0.000000 10.000000 0.000000 -4.329268 36.829269 8.719512
847184 44 0.000000 10.000000 0.000000 -5.792683 32.865856 8.353659
847189 44 0.000000 10.000000 0.000000 -1.341463 29.695122 6.463415
847194 44 0.000000 10.000000 0.000000 6.036585 30.182928 5.000000
847199 44 0.000000 0.000000 0.000000 1.951220 30.792685 6.158537
847204 44 0.000000 0.000000 0.000000 -6.951220 26.585367 9.085366
847209 44 0.000000 0.000000 0.000000 -9.878049 21.524391 10.426829
847214 44 0.000000 0.000000 0.000000 -9.268292 20.853659 9.390244
847219 44 0.000000 0.000000 0.000000 -6.341464 16.463415 7.317073
847224 44 0.000000 0.000000 0.000000 -4.512195 11.402439 6.524390
847229 44 0.000000 0.000000 0.000000 -3.719512 8.048780 7.378049
847234 44 0.000000 0.000000 0.000000 -2.926829 7.012195 7.256098
847239 44 0.000000 0.000000 0.000000 -6.951220 4.451220 7.987805
847244 44 0.000000 0.000000 0.000000 -7.682927 2.195122 7.439024
847249 44 0.000000 0.000000 0.000000 -5.182927 1.280488 7.682927
847254 44 0.000000 0.000000 0.000000 -4.390244 -0.792683 8.414635
847259 44 0.000000 0.000000 0.000000 -2.743902 -6.951220 8.353659
847264 44 0.000000 0.000000 0.000000 0.731707 -6.890244 7.500000
847269 44 0.000000 0.000000 0.000000 2.500000 -3.841464 8.109756
847274 44 0.000000 0.000000 0.000000 6.341464 -0.426829 7.865854
847279 44 0.000000 0.000000 0.000000 6.463415 1.036585 6.524390
847284 44 0.000000 0.000000 0.000000 7.743903 -0.365854 7.682927
847289 44 0.000000 0.000000 0.000000 6.829268 -5.182927 6.585366
847294 44 0.000000 0.000000 0.000000 7.195122 -2.439024 6.463415
847299 44 0.000000 0.000000 0.000000 4.146341 0.182927 6.890244
847304 44 0.000000 0.000000 0.000000 0.670732 1.280488 6.280488
847309 44 0.000000 0.000000 0.000000 -2.926829 3.109756 5.975610
847314 44 0.000000 0.000000 0.000000 -5.731708 3.963415 6.219512
847319 43 0.000000 0.000000 0.000000 -0.243902 5.000000 5.000000
847324 43 0.000000 0.000000 0.000000 2.256098 7.256098 2.926829
847329 43 0.000000 0.000000 0.000000 -4.451220 7.500000 5.121951
847334 43 0.000000 0.000000 0.000000 -6.890244 7.073171 5.853659
847339 41 0.000000 0.000000 0.000000 -5.487805 9.085366 5.548780
847344 41 0.000000 0.000000 0.000000 -5.060976 10.182927 5.975610
847349 41 0.000000 0.000000 0.000000 -3.231707 5.000000 4.512195
847354 41 0.000000 0.000000 0.000000 -0.182927 1.219512 2.743902
847359 41 0.000000 0.000000 0.000000 -4.207317 3.475610 2.743902
847364 41 0.000000 0.000000 0.000000 -8.414635 3.841464 3.231707
847369 41 0.000000 0.000000 0.000000 -7.987805 1.341463 3.109756
847374 41 0.000000 0.000000 0.000000 -4.207317 0.365854 3.536585
847379 41 0.000000 0.000000 0.000000 -3.292683 1.707317 2.865854
847384 41 0.000000 0.000000 0.000000 -4.329268 1.097561 2.439024
847389 41 0.000000 0.000000 0.000000 1.219512 3.841464 1.158537
847394 41 0.000000 0.000000 0.000000 1.707317 2.073171 1.158537
847399 41 0.000000 0.000000 0.000000 -2.195122 -2.804878 3.658537
847404 41 0.000000 0.000000 0.000000 -2.987805 -3.048780 3.963415
847409 41 0.000000 0.000000 0.000000 -1.524390 -3.109756 2.987805
847414 41 0.000000 0.000000 0.000000 -1.036585 -4.512195 3.475610
847419 41 0.000000 0.000000 0.000000 -1.890244 -6.219512 3.109756
847424 41 0.000000 0.000000 0.000000 -2.439024 -7.682927 -0.060976
847429 41 0.000000 0.000000 0.000000 -2.621951 -5.243903 0.609756
847434 41 0.000000 0.000000 0.000000 -2.621951 -3.231707 1.280488
847439 41 0.000000 0.000000 0.000000 -0.914634 -2.865854 -0.182927
847444 41 0.000000 0.000000 0.000000 0.731707 -1.768293 0.243902
847449 41 0.000000 0.000000 0.000000 -0.670732 -2.500000 -0.304878
847454 41 0.000000 0.000000 0.000000 -4.695122 -2.804878 -0.609756
847459 41 0.000000 0.000000 0.000000 -6.463415 -4.512195 0.243902
847464 41 0.000000 0.000000 0.000000 -6.097561 -4.756098 0.000000
847469 41 0.000000 0.000000 0.000000 -2.560976 -1.768293 -0.670732
847474 41 0.000000 0.000000 0.000000 -2.804878 -0.548781 -1.524390
847479 41 0.000000 0.000000 0.000000 -6.280488 -2.621951 -1.097561
847484 41 0.000000 0.000000 0.000000 -4.939024 -3.475610 -1.036585
847489 41 0.000000 0.000000 0.000000 2.987805 -3.109756 -2.682927
847494 41 0.000000 0.000000 0.000000 1.768293 -1.097561 -2.256098
847499 41 0.000000 0.000000 0.000000 -3.658537 -0.121951 -2.743902
847504 41 0.000000 0.000000 0.000000 -5.121951 -1.890244 -2.682927
847509 41 0.000000 0.000000 0.000000 -5.426829 -2.865854 -1.890244
847514 41 0.000000 0.000000 0.000000 -4.207317 -2.682927 -2.865854
847519 41 0.000000 0.000000 0.000000 -9.024390 -4.146341 -1.341463
847524 41 0.000000 0.000000 0.000000 -9.817074 -5.548780 -0.487805
847529 41 0.000000 0.000000 0.000000 -3.109756 -3.414634 -2.682927
847534 41 0.000000 0.000000 0.000000 -0.731707 -3.109756 -4.268293
847539 41 0.000000 0.000000 0.000000 -1.707317 -2.073171 -2.621951
847544 41 0.000000 0.000000 0.000000 -1.280488 -0.853659 -2.560976
847549 41 0.000000 0.000000 0.000000 1.463415 -2.012195 -4.268293
847554 41 0.000000 0.000000 0.000000 6.402439 -2.560976 -4.695122
847559 41 0.000000 0.000000 0.000000 2.926829 -1.280488 -5.304878
847564 41 0.000000 0.000000 0.000000 -2.317073 -3.170732 -6.707317
847569 41 0.000000 0.000000 0.000000 -3.841464 -5.426829 -5.792683
847574 41 0.000000 0.000000 0.000000 -1.951220 -3.353659 -5.548780
847579 41 0.000000 0.000000 0.000000 1.707317 -4.085366 -5.914634
847584 41 0.000000 0.000000 0.000000 2.804878 -3.841464 -6.219512
847589 41 0.000000 0.000000 0.000000 0.000000 -2.073171 -6.646342
847594 41 0.000000 0.000000 0.000000 -2.987805 -3.109756 -6.646342
847599 40 0.000000 0.000000 -20.000000 -2.987805 -2.804878 -7.500000
847604 40 0.000000 0.000000 -20.000000 -1.036585 -2.073171 -6.280488
847609 40 0.000000 0.000000 -20.000000 -2.987805 -1.768293 -6.646342
847614 40 0.000000 0.000000 -20.000000 -4.878049 -3.170732 -9.756098
847619 40 0.000000 0.000000 -40.000000 -1.036585 -4.085366 -11.463415
847624 40 0.000000 0.000000 -40.000000 -1.951220 -5.426829 -13.475610
847629 40 0.000000 0.000000 -40.000000 -5.975610 -4.512195 -14.573171
847634 40 0.000000 0.000000 -40.000000 -6.951220 -4.390244 -16.463415
847639 40 0.000000 0.000000 -40.000000 -4.085366 -5.304878 -20.365854
847644 40 0.000000 0.000000 -40.000000 -2.682927 -5.060976 -21.402439
847649 40 0.000000 0.000000 -40.000000 -1.707317 -3.780488 -20.243902
847654 40 0.000000 0.000000 -40.000000 -1.280488 -2.743902 -20.426830
847659 41 0.000000 0.000000 -30.000000 0.304878 -5.000000 -21.829269
847664 41 0.000000 0.000000 -30.000000 0.670732 -5.975610 -23.963415
847669 41 0.000000 0.000000 -30.000000 -0.975610 -5.853659 -25.914635
847674 41 0.000000 0.000000 -30.000000 -0.243902 -5.000000 -25.304878
847679 41 0.000000 0.000000 -20.000000 3.658537 -3.597561 -26.280489
847684 41 0.000000 0.000000 -20.000000 8.170732 -1.707317 -25.792683
847689 41 0.000000 0.000000 -20.000000 5.853659 -3.536585 -25.365854
847694 41 0.000000 0.000000 -20.000000 3.658537 -3.353659 -24.573172
847699 41 0.000000 0.000000 -20.000000 2.865854 -4.573171 -22.865854
847704 41 0.000000 0.000000 0.000000 1.158537 -4.207317 -22.378050
847709 41 0.000000 0.000000 0.000000 -1.219512 -4.390244 -24.634148
847714 41 0.000000 0.000000 0.000000 -1.341463 -4.207317 -23.841463
847719 41 0.000000 0.000000 0.000000 -2.926829 -2.560976 -20.487804
847724 41 0.000000 0.000000 0.000000 -1.768293 -3.414634 -20.426830
847729 41 0.000000 0.000000 0.000000 4.939024 -1.463415 -20.060976
847734 41 0.000000 0.000000 0.000000 6.646342 -1.829268 -19.085367
847739 41 0.000000 0.000000 0.000000 3.902439 -2.926829 -18.902439
847744 41 0.000000 0.000000 0.000000 1.463415 -1.463415 -18.231709
847749 41 0.000000 0.000000 0.000000 -3.841464 -2.256098 -16.280489
847754 41 0.000000 0.000000 0.000000 -4.695122 -4.329268 -15.365854
847759 41 0.000000 0.000000 0.000000 1.036585 -2.439024 -15.731708
847764 41 0.000000 0.000000 0.000000 5.060976 -2.500000 -17.743902
847769 41 0.000000 0.000000 0.000000 1.707317 -4.878049 -18.719513
847774 41 0.000000 0.000000 0.000000 3.414634 -4.512195 -18.292683
847779 41 0.000000 0.000000 0.000000 6.829268 -4.512195 -16.951220
847784 41 0.000000 0.000000 0.000000 7.621952 -7.256098 -16.463415
847789 41 0.000000 0.000000 0.000000 10.121951 -7.926829 -17.865854
847794 41 0.000000 0.000000 0.000000 9.085366 -6.402439 -18.414635
847799 41 0.000000 0.000000 0.000000 3.048780 -4.756098 -17.682928
847804 41 0.000000 0.000000 0.000000 1.707317 -3.902439 -17.560976
847809 41 0.000000 0.000000 0.000000 1.951220 -4.268293 -17.804878
847814 41 0.000000 0.000000 0.000000 1.402439 -4.939024 -18.780489
847819 41 0.000000 0.000000 0.000000 7.195122 -3.536585 -20.304878
847824 41 0.000000 0.000000 0.000000 4.390244 -2.500000 -19.634148
847829 41 0.000000 0.000000 0.000000 -2.378049 -1.280488 -19.085367
847834 41 0.000000 0.000000 0.000000 -3.597561 -1.585366 -18.414635
847839 41 0.000000 0.000000 0.000000 -1.829268 -2.439024 -17.012196
847844 41 0.000000 0.000000 0.000000 -4.146341 -2.378049 -17.865854
847849 41 0.000000 0.000000 0.000000 1.219512 -2.560976 -20.609756
847854 41 0.000000 0.000000 0.000000 2.012195 -2.012195 -20.548780
847859 41 0.000000 0.000000 0.000000 -3.353659 0.243902 -19.878050
847864 41 0.000000 0.000000 0.000000 -4.268293 -1.280488 -19.207317
847869 41 0.000000 0.000000 0.000000 -3.292683 -3.353659 -17.195122
847874 41 0.000000 0.000000 0.000000 -4.390244 -3.780488 -16.707317
847879 41 0.000000 0.000000 0.000000 -3.841464 -2.804878 -17.682928
847884 41 0.000000 0.000000 0.000000 -2.195122 -1.646341 -17.439024
847889 41 0.000000 0.000000 0.000000 -2.256098 -1.646341 -17.439024
847894 41 0.000000 0.000000 0.000000 1.036585 -1.707317 -17.682928
847899 41 0.000000 0.000000 0.000000 7.012195 -1.707317 -17.987804
847904 41 0.000000 0.000000 0.000000 9.268292 -2.804878 -19.207317
847909 41 0.000000 0.000000 0.000000 8.658537 -2.987805 -19.451220
847914 41 0.000000 0.000000 0.000000 10.487805 -1.341463 -18.048780
847919 41 0.000000 0.000000 0.000000 12.134147 -2.317073 -15.792684
847924 42 0.000000 0.000000 0.000000 15.487805 -3.597561 -15.487805
847929 42 0.000000 0.000000 0.000000 18.231709 -2.317073 -16.463415
847934 42 0.000000 0.000000 0.000000 17.560976 -1.707317 -17.317074
847939 42 0.000000 0.000000 0.000000 13.414635 -2.621951 -19.024391
847944 42 0.000000 0.000000 0.000000 12.012196 -1.646341 -19.329269
847949 42 0.000000 0.000000 0.000000 4.268293 -2.500000 -15.487805
847954 42 0.000000 0.000000 0.000000 2.134146 -3.231707 -14.512196
847959 42 0.000000 0.000000 0.000000 5.548780 -1.768293 -17.073172
847964 42 0.000000 -10.000000 0.000000 5.975610 -0.182927 -18.719513
847969 42 0.000000 -10.000000 0.000000 2.439024 0.670732 -20.304878
847974 42 0.000000 -10.000000 0.000000 1.219512 1.402439 -20.792683
847979 42 0.000000 -10.000000 0.000000 0.731707 -0.365854 -18.353659
847984 43 0.000000 -20.000000 0.000000 -2.195122 -5.121951 -16.097561
847989 43 0.000000 -20.000000 0.000000 1.463415 -5.121951 -17.621952
847994 43 0.000000 -20.000000 0.000000 3.719512 -3.536585 -19.817074
847999 43 0.000000 -20.000000 0.000000 3.719512 -3.414634 -21.585367
848004 42 0.000000 -30.000000 0.000000 4.695122 -6.219512 -19.878050
848009 42 0.000000 -30.000000 0.000000 6.768293 -8.658537 -18.475611
848014 42 0.000000 -30.000000 0.000000 9.939025 -10.548780 -19.451220
848019 42 0.000000 -30.000000 0.000000 5.000000 -13.658537 -18.658537
848024 42 0.000000 -30.000000 0.000000 2.012195 -18.902439 -18.780489
848029 42 0.000000 -30.000000 0.000000 5.548780 -23.231709 -19.573172
848034 42 0.000000 -30.000000 0.000000 8.292683 -23.963415 -20.853659
848039 42 0.000000 -30.000000 0.000000 5.365854 -26.158537 -20.487804
848044 42 0.000000 -30.000000 0.000000 5.182927 -28.414635 -19.085367
848049 42 0.000000 -30.000000 0.000000 0.609756 -35.304878 -17.987804
848054 42 0.000000 -30.000000 0.000000 2.134146 -37.743904 -18.780489
848059 42 0.000000 -30.000000 0.000000 7.317073 -35.365856 -18.963415
848064 42 0.000000 -30.000000 0.000000 9.268292 -34.878048 -19.939024
848069 42 0.000000 -30.000000 0.000000 10.975610 -35.792683 -20.975611
848074 42 0.000000 -30.000000 0.000000 11.097561 -36.463417 -20.609756
848079 42 0.000000 -30.000000 0.000000 13.902439 -35.731709 -20.182928
848084 42 0.000000 -40.000000 0.000000 15.060976 -35.000000 -18.414635
848089 42 0.000000 -40.000000 0.000000 11.097561 -34.146343 -16.890244
848094 42 0.000000 -40.000000 0.000000 7.926829 -36.829269 -17.500000
848099 42 0.000000 -40.000000 0.000000 9.329268 -39.329269 -19.085367
848104 42 0.000000 -40.000000 0.000000 10.365854 -37.987804 -18.109756
848109 42 0.000000 -40.000000 0.000000 11.280488 -37.256100 -17.073172
848114 42 0.000000 -40.000000 0.000000 10.975610 -37.195122 -17.439024
848119 42 0.000000 -40.000000 0.000000 8.780488 -38.048782 -15.731708
848124 42 0.000000 -30.000000 0.000000 9.451220 -39.024391 -14.329268
848129 42 0.000000 -30.000000 0.000000 9.878049 -42.743904 -14.390244
848134 42 0.000000 -30.000000 0.000000 8.109756 -43.963417 -14.939025
848139 42 0.000000 -30.000000 0.000000 7.195122 -42.865856 -15.548780
848144 42 0.000000 -30.000000 0.000000 7.256098 -40.182926 -17.012196
848149 42 0.000000 -30.000000 0.000000 7.378049 -36.768295 -15.304878
848154 42 0.000000 -30.000000 0.000000 7.682927 -38.658539 -12.439025
848159 42 0.000000 -30.000000 0.000000 8.109756 -39.085365 -11.768293
848164 42 0.000000 -20.000000 0.000000 10.426829 -37.987804 -13.109756
848169 42 0.000000 -20.000000 0.000000 12.134147 -36.768295 -13.841464
848174 42 0.000000 -20.000000 0.000000 10.670732 -35.182926 -14.024390
848179 42 0.000000 -20.000000 0.000000 11.097561 -31.524391 -14.939025
848184 42 0.000000 -10.000000 0.000000 13.353659 -28.658537 -14.146341
848189 42 0.000000 -10.000000 0.000000 15.670732 -26.219513 -11.890244
848194 42 0.000000 -10.000000 0.000000 13.414635 -24.695122 -10.304878
848199 42 0.000000 -10.000000 0.000000 9.939025 -23.780489 -10.609756
848204 42 0.000000 -10.000000 0.000000 9.146341 -21.097561 -10.548780
848209 42 0.000000 -10.000000 0.000000 6.402439 -19.146341 -9.207317
848214 42 0.000000 -10.000000 0.000000 3.475610 -18.475611 -9.817074
848219 42 0.000000 -10.000000 0.000000 2.926829 -16.219513 -10.853659
848224 42 0.000000 0.000000 0.000000 2.256098 -11.524390 -10.243902
848229 42 0.000000 0.000000 0.000000 3.658537 -8.414635 -9.634147
848234 42 0.000000 0.000000 0.000000 3.048780 -9.268292 -9.085366
848239 42 0.000000 0.000000 0.000000 -0.609756 -7.012195 -7.682927
848244 42 0.000000 0.000000 0.000000 -2.682927 -4.878049 -6.585366
848249 42 0.000000 0.000000 0.000000 -2.743902 -5.182927 -7.134147
848254 42 0.000000 0.000000 0.000000 -1.890244 -3.109756 -8.170732
848259 42 0.000000 0.000000 0.000000 -0.304878 -0.792683 -7.012195
848264 42 0.000000 0.000000 0.000000 -0.548781 2.682927 -5.182927
848269 42 0.000000 0.000000 0.000000 -0.853659 5.487805 -5.609756
848274 42 0.000000 0.000000 0.000000 3.048780 5.792683 -5.731708
848279 42 0.000000 0.000000 0.000000 12.378049 5.060976 -5.670732
848284 42 0.000000 0.000000 0.000000 13.719513 4.939024 -5.914634
848289 42 0.000000 0.000000 0.000000 8.597561 4.817073 -3.841464
848294 42 0.000000 0.000000 0.000000 7.865854 3.292683 -2.865854
848299 42 0.000000 0.000000 0.000000 10.975610 1.829268 -3.414634
848304 42 0.000000 0.000000 0.000000 12.987805 3.109756 -3.597561
848309 42 0.000000 0.000000 0.000000 13.658537 4.207317 -3.414634
848314 42 0.000000 0.000000 0.000000 11.768293 6.402439 -3.109756
848319 42 0.000000 0.000000 0.000000 11.219512 3.780488 -1.707317
848324 42 0.000000 0.000000 0.000000 11.402439 1.524390 -2.012195
848329 42 0.000000 0.000000 0.000000 8.353659 1.341463 -0.609756
848334 42 0.000000 0.000000 0.000000 6.036585 0.731707 0.243902
848339 42 0.000000 0.000000 0.000000 3.414634 -0.060976 -0.243902
848344 42 0.000000 0.000000 0.000000 -1.097561 -1.402439 0.182927
848349 42 0.000000 0.000000 0.000000 -1.036585 -4.207317 -0.487805
848354 42 0.000000 0.000000 0.000000 2.317073 -5.609756 -1.951220
848359 42 0.000000 0.000000 0.000000 3.719512 -4.634146 -2.378049
848364 42 0.000000 0.000000 0.000000 3.353659 -3.353659 -1.829268
848369 42 0.000000 0.000000 0.000000 2.439024 -5.365854 -1.097561
848374 42 0.000000 0.000000 0.000000 0.060976 -5.182927 -1.524390
848379 42 0.000000 0.000000 0.000000 -1.890244 -6.463415 -0.914634
848384 43 0.000000 0.000000 0.000000 0.426829 -4.634146 0.121951
848389 43 0.000000 0.000000 0.000000 1.890244 -3.353659 0.121951
848394 43 0.000000 0.000000 0.000000 4.878049 -0.853659 0.731707
848399 43 0.000000 0.000000 0.000000 9.390244 0.914634 0.182927
848404 43 0.000000 0.000000 0.000000 9.390244 0.365854 -1.219512
848409 43 0.000000 0.000000 0.000000 1.768293 0.000000 2.195122
848414 43 0.000000 0.000000 0.000000 -0.304878 -0.365854 4.390244
848419 43 0.000000 0.000000 0.000000 5.426829 -1.158537 2.317073
848424 43 0.000000 0.000000 0.000000 7.865854 -0.121951 1.768293
848429 43 0.000000 0.000000 0.000000 5.243903 2.317073 1.463415
848434 43 0.000000 0.000000 0.000000 5.487805 3.231707 1.768293
848439 43 0.000000 0.000000 0.000000 5.487805 0.975610 2.195122
848444 43 0.000000 0.000000 0.000000 6.158537 -0.609756 2.804878
848449 43 0.000000 0.000000 0.000000 7.134147 2.560976 3.780488
848454 43 0.000000 0.000000 0.000000 7.012195 3.475610 3.780488
848459 43 0.000000 0.000000 0.000000 9.207317 2.439024 4.207317
848464 43 0.000000 0.000000 0.000000 10.548780 2.743902 3.841464
848469 43 0.000000 0.000000 0.000000 7.682927 2.987805 2.439024
848474 43 0.000000 0.000000 0.000000 3.963415 2.195122 2.500000
848479 43 0.000000 0.000000 0.000000 1.951220 -1.280488 2.621951
848484 43 0.000000 0.000000 0.000000 2.621951 -0.548781 3.231707
848489 43 0.000000 0.000000 0.000000 0.000000 1.036585 3.841464
848494 43 0.000000 0.000000 0.000000 -2.378049 0.609756 3.231707
848499 43 0.000000 0.000000 0.000000 1.951220 1.036585 2.926829
848504 43 0.000000 0.000000 0.000000 0.853659 -0.182927 4.268293
848509 43 0.000000 0.000000 0.000000 -4.329268 1.280488 4.695122
848514 43 0.000000 0.000000 0.000000 -5.975610 1.707317 3.658537
848519 43 0.000000 0.000000 0.000000 -5.304878 -3.658537 1.280488
848524 43 0.000000 0.000000 0.000000 -4.939024 -7.012195 1.951220
848529 43 0.000000 0.000000 0.000000 -5.182927 -4.268293 3.292683
848534 43 0.000000 0.000000 0.000000 -2.439024 -2.317073 4.085366
848539 43 0.000000 0.000000 0.000000 2.743902 -1.463415 2.682927
848544 42 0.000000 0.000000 0.000000 5.000000 -1.890244 2.560976
848549 42 0.000000 0.000000 0.000000 1.402439 -2.743902 5.426829
848554 42 0.000000 0.000000 0.000000 -0.609756 -2.865854 5.000000
848559 42 0.000000 0.000000 0.000000 0.000000 -4.634146 3.841464
848564 41 0.000000 0.000000 0.000000 -0.792683 -4.268293 4.451220
848569 41 0.000000 0.000000 0.000000 -1.524390 -1.646341 4.329268
848574 41 0.000000 0.000000 0.000000 2.743902 -0.487805 3.475610
848579 41 0.000000 0.000000 0.000000 7.378049 -2.804878 2.073171
848584 41 0.000000 0.000000 0.000000 5.365854 -3.536585 3.414634
848589 41 0.000000 0.000000 0.000000 2.317073 -1.463415 5.000000
848594 41 0.000000 0.000000 0.000000 1.707317 -1.707317 3.658537
848599 41 0.000000 0.000000 0.000000 5.365854 -1.036585 3.109756
848604 41 0.000000 0.000000 0.000000 6.768293 0.243902 3.902439
848609 41 0.000000 0.000000 0.000000 3.780488 5.243903 3.048780
848614 41 0.000000 0.000000 0.000000 -0.243902 3.719512 3.109756
848619 41 0.000000 0.000000 0.000000 -0.670732 -0.853659 3.170732
848624 41 0.000000 0.000000 0.000000 -0.182927 -2.195122 3.292683
848629 41 0.000000 0.000000 0.000000 -1.646341 -0.853659 2.500000
848634 41 0.000000 0.000000 0.000000 -2.804878 -1.768293 1.585366
848639 41 0.000000 0.000000 0.000000 -4.573171 -4.756098 3.414634
848644 41 0.000000 0.000000 0.000000 -5.731708 -7.621952 5.853659
848649 41 0.000000 0.000000 0.000000 -2.256098 -6.768293 5.426829
848654 41 0.000000 0.000000 0.000000 0.060976 -5.609756 3.902439
848659 41 0.000000 0.000000 0.000000 -1.951220 -5.487805 4.146341
848664 41 0.000000 0.000000 0.000000 -1.768293 -5.182927 3.841464
848669 41 0.000000 0.000000 0.000000 2.195122 -4.817073 2.195122
848674 41 0.000000 0.000000 0.000000 4.390244 -5.365854 2.317073
848679 41 0.000000 0.000000 0.000000 2.743902 -3.963415 2.743902
848684 41 0.000000 0.000000 0.000000 1.402439 -2.804878 2.621951
848689 41 0.000000 0.000000 0.000000 2.134146 -3.597561 1.585366
848694 41 0.000000 0.000000 0.000000 4.390244 -2.439024 0.853659
848699 41 0.000000 0.000000 0.000000 4.878049 0.121951 2.317073
848704 41 0.000000 0.000000 0.000000 3.292683 0.000000 2.012195
848709 41 0.000000 0.000000 0.000000 5.792683 3.048780 0.670732
848714 41 0.000000 0.000000 0.000000 4.695122 2.317073 1.890244
848719 41 0.000000 0.000000 0.000000 1.097561 -1.707317 2.134146
848724 41 0.000000 0.000000 0.000000 1.341463 -2.865854 1.463415
848729 41 0.000000 0.000000 0.000000 -0.792683 -2.804878 1.341463
848734 41 0.000000 0.000000 0.000000 -1.829268 -5.548780 0.853659
848739 41 0.000000 0.000000 0.000000 -3.658537 -7.560976 1.463415
848744 41 0.000000 0.000000 0.000000 -1.463415 -6.219512 1.097561
848749 41 0.000000 0.000000 0.000000 0.548781 -4.329268 0.548781
848754 41 0.000000 0.000000 0.000000 0.000000 -3.292683 0.853659
848759 41 0.000000 0.000000 0.000000 0.243902 -3.292683 1.158537
848764 42 0.000000 0.000000 0.000000 0.000000 -3.536585 0.000000
848769 42 0.000000 0.000000 0.000000 0.609756 -3.109756 -1.402439
848774 42 0.000000 0.000000 0.000000 1.768293 -3.231707 -1.280488
848779 42 0.000000 0.000000 0.000000 0.365854 -3.231707 -0.975610
848784 43 0.000000 0.000000 0.000000 0.853659 -1.585366 -1.646341
848789 43 0.000000 0.000000 0.000000 5.000000 -0.365854 -2.073171
848794 43 0.000000 0.000000 0.000000 5.609756 0.304878 -1.890244
848799 43 0.000000 0.000000 0.000000 4.756098 3.353659 -0.731707
848804 43 0.000000 0.000000 0.000000 3.048780 3.536585 -0.670732
848809 43 0.000000 0.000000 0.000000 3.963415 2.439024 -2.621951
848814 43 0.000000 0.000000 0.000000 6.158537 2.195122 -2.195122
848819 43 0.000000 0.000000 0.000000 7.926829 3.475610 -1.707317
848824 43 0.000000 0.000000 0.000000 5.243903 2.560976 -2.012195
848829 43 0.000000 0.000000 0.000000 1.280488 0.548781 -1.402439
848834 43 0.000000 0.000000 0.000000 -1.768293 1.341463 -1.951220
848839 43 0.000000 0.000000 0.000000 0.670732 2.560976 -3.475610
848844 43 0.000000 -10.000000 0.000000 -1.036585 3.536585 -3.475610
848849 43 0.000000 -10.000000 0.000000 -3.048780 2.987805 -3.475610
848854 43 0.000000 -10.000000 0.000000 -2.317073 2.682927 -2.560976
848859 43 0.000000 -10.000000 0.000000 -1.097561 1.402439 -0.731707
848864 43 0.000000 -20.000000 0.000000 -2.865854 -0.792683 -0.548781
848869 43 0.000000 -20.000000 0.000000 -5.060976 -4.390244 -2.317073
848874 43 0.000000 -20.000000 0.000000 -5.426829 -8.475610 -3.841464
848879 43 0.000000 -20.000000 0.000000 -7.500000 -7.621952 -3.109756
848884 43 0.000000 -20.000000 0.000000 -9.024390 -7.073171 -1.524390
848889 43 0.000000 -20.000000 0.000000 -4.512195 -10.426829 -1.585366
848894 43 0.000000 -20.000000 0.000000 -0.792683 -14.207317 -3.475610
848899 43 0.000000 -20.000000 0.000000 -0.304878 -14.512196 -3.597561
848904 43 0.000000 -20.000000 0.000000 -1.524390 -16.951220 -2.987805
848909 43 0.000000 -20.000000 0.000000 -1.768293 -23.780489 -2.621951
848914 43 0.000000 -20.000000 0.000000 -0.609756 -25.487806 -2.560976
848919 43 0.000000 -20.000000 0.000000 -1.036585 -23.597561 -2.134146
848924 43 0.000000 -20.000000 0.000000 0.853659 -24.573172 -1.829268
848929 43 0.000000 -20.000000 0.000000 3.231707 -26.036587 -3.902439
848934 43 0.000000 -20.000000 0.000000 4.512195 -26.219513 -5.060976
848939 43 0.000000 -20.000000 0.000000 -2.987805 -27.378050 -1.524390
848944 43 0.000000 -20.000000 0.000000 -4.939024 -28.536587 -1.158537
848949 43 0.000000 -20.000000 0.000000 1.219512 -27.621952 -3.231707
848954 43 0.000000 -20.000000 0.000000 4.329268 -25.914635 -4.390244
848959 43 0.000000 -20.000000 0.000000 4.024390 -24.634148 -5.060976
848964 42 0.000000 -20.000000 0.000000 4.756098 -23.292683 -4.085366
848969 42 0.000000 -20.000000 0.000000 7.865854 -19.878050 -4.756098
848974 42 0.000000 -20.000000 0.000000 7.743903 -16.829269 -5.670732
848979 42 0.000000 -20.000000 0.000000 3.414634 -19.268293 -4.146341
848984 42 0.000000 -20.000000 0.000000 0.060976 -19.756098 -2.865854
848989 42 0.000000 -20.000000 0.000000 2.743902 -18.719513 -2.378049
848994 42 0.000000 -20.000000 0.000000 5.000000 -19.329269 -2.926829
848999 42 0.000000 -20.000000 0.000000 3.292683 -18.963415 -4.756098
849004 42 0.000000 -20.000000 0.000000 5.060976 -17.439024 -6.219512
849009 42 0.000000 -20.000000 0.000000 9.268292 -15.853659 -7.012195
849014 42 0.000000 -20.000000 0.000000 6.219512 -18.658537 -6.341464
849019 42 0.000000 -20.000000 0.000000 -0.304878 -20.121952 -4.146341
849024 42 0.000000 -20.000000 0.000000 -3.292683 -20.304878 -3.780488
849029 42 0.000000 -20.000000 0.000000 -0.670732 -20.975611 -4.451220
849034 42 0.000000 -20.000000 0.000000 0.792683 -20.000000 -4.024390
849039 42 0.000000 -20.000000 0.000000 0.426829 -18.109756 -6.219512
849044 43 0.000000 -20.000000 0.000000 -3.536585 -20.182928 -6.402439
849049 43 0.000000 -20.000000 0.000000 -6.585366 -22.073172 -5.365854
849054 43 0.000000 -20.000000 0.000000 -7.865854 -21.707317 -3.475610
849059 43 0.000000 -20.000000 0.000000 -7.560976 -21.524391 -2.073171
849064 43 0.000000 -20.000000 0.000000 -9.451220 -21.890244 -3.170732
849069 43 0.000000 -20.000000 0.000000 -6.707317 -20.792683 -5.792683
849074 43 0.000000 -20.000000 0.000000 -0.670732 -18.719513 -6.585366
849079 43 0.000000 -20.000000 0.000000 -0.609756 -16.646341 -5.853659
849084 43 0.000000 -20.000000 0.000000 -2.926829 -18.109756 -4.512195
849089 43 0.000000 -20.000000 0.000000 -4.939024 -21.158537 -3.170732
849094 43 0.000000 -20.000000 0.000000 -5.853659 -21.768293 -2.439024
849099 43 0.000000 -20.000000 0.000000 -2.926829 -20.304878 -1.219512
849104 43 0.000000 -20.000000 0.000000 0.000000 -19.939024 -1.036585
849109 43 0.000000 -20.000000 0.000000 1.097561 -22.439024 -3.475610
849114 43 0.000000 -20.000000 0.000000 2.682927 -22.865854 -4.268293
849119 43 0.000000 -20.000000 0.000000 4.939024 -18.597561 -4.146341
849124 43 0.000000 -20.000000 0.000000 3.780488 -17.926830 -4.024390
849129 43 0.000000 -20.000000 0.000000 0.670732 -20.853659 -2.987805
849134 43 0.000000 -20.000000 0.000000 0.000000 -22.012196 -1.951220
849139 43 0.000000 -20.000000 0.000000 2.134146 -21.829269 -2.195122
849144 43 0.000000 -20.000000 0.000000 -0.304878 -22.500000 -2.012195
849149 43 0.000000 -20.000000 0.000000 -3.780488 -24.268293 -2.682927
849154 43 0.000000 -20.000000 0.000000 -4.695122 -23.414635 -2.804878
849159 43 0.000000 -20.000000 0.000000 -2.256098 -19.878050 -2.256098
849164 43 0.000000 -10.000000 0.000000 -2.865854 -18.658537 -1.280488
849169 43 0.000000 -10.000000 0.000000 -3.536585 -17.439024 -2.682927
849174 43 0.000000 -10.000000 0.000000 -1.646341 -18.170732 -2.256098
849179 43 0.000000 -10.000000 0.000000 -0.182927 -18.902439 -0.731707
849184 43 0.000000 -10.000000 0.000000 -0.731707 -18.231709 0.365854
849189 43 0.000000 -10.000000 0.000000 -3.353659 -18.780489 0.365854
849194 43 0.000000 -10.000000 0.000000 -5.548780 -17.987804 -1.463415
849199 43 0.000000 -10.000000 0.000000 -3.963415 -15.853659 -1.951220
849204 43 0.000000 0.000000 0.000000 -4.329268 -13.902439 -0.792683
849209 43 0.000000 0.000000 0.000000 -6.585366 -13.109756 0.121951
849214 43 0.000000 0.000000 0.000000 -5.609756 -9.939025 -0.182927
849219 43 0.000000 0.000000 0.000000 -1.402439 -5.670732 -0.731707
849224 43 0.000000 0.000000 0.000000 -1.280488 -5.243903 -0.121951
849229 43 0.000000 0.000000 0.000000 -2.987805 -3.902439 1.219512
849234 43 0.000000 0.000000 0.000000 -2.621951 -1.219512 2.439024
849239 43 0.000000 0.000000 0.000000 -0.121951 -0.121951 2.134146
849244 43 0.000000 0.000000 0.000000 0.914634 1.341463 2.195122
849249 43 0.000000 0.000000 0.000000 0.000000 2.743902 2.743902
849254 43 0.000000 0.000000 0.000000 -1.158537 3.597561 1.524390
849259 43 0.000000 0.000000 0.000000 0.000000 5.731708 1.402439
849264 43 0.000000 0.000000 0.000000 -1.829268 6.524390 2.012195
849269 43 0.000000 0.000000 0.000000 -3.719512 9.207317 1.219512
849274 43 0.000000 0.000000 0.000000 -4.085366 7.560976 2.621951
849279 43 0.000000 0.000000 0.000000 -4.634146 4.817073 4.146341
849284 43 0.000000 0.000000 0.000000 -6.219512 4.390244 4.268293
849289 43 0.000000 0.000000 0.000000 -9.024390 4.634146 3.902439
849294 43 0.000000 0.000000 0.000000 -11.524390 3.353659 2.621951
849299 43 0.000000 0.000000 0.000000 -7.195122 3.170732 1.768293
849304 43 0.000000 0.000000 0.000000 -7.682927 4.817073 1.341463
849309 43 0.000000 0.000000 0.000000 -6.402439 3.231707 1.585366
849314 43 0.000000 0.000000 0.000000 -4.695122 1.097561 2.682927
849319 43 0.000000 0.000000 0.000000 -6.768293 0.853659 3.475610
849324 43 0.000000 0.000000 0.000000 -8.597561 0.487805 4.085366
849329 43 0.000000 0.000000 0.000000 -7.256098 -0.487805 5.182927
849334 43 0.000000 0.000000 0.000000 -2.621951 -0.853659 5.853659
849339 43 0.000000 0.000000 0.000000 -3.170732 0.000000 5.121951
849344 43 0.000000 0.000000 0.000000 -5.000000 -1.402439 3.048780
849349 43 0.000000 0.000000 0.000000 -3.353659 -2.682927 2.073171
849354 43 0.000000 0.000000 0.000000 -3.292683 -1.097561 1.463415
849359 43 0.000000 0.000000 0.000000 -6.341464 0.914634 3.109756
849364 43 0.000000 0.000000 0.000000 -7.926829 0.243902 5.243903
849369 43 0.000000 0.000000 0.000000 -5.975610 -1.524390 5.548780
849374 43 0.000000 0.000000 0.000000 -3.292683 1.219512 4.268293
849379 43 0.000000 0.000000 0.000000 -3.292683 2.073171 4.268293
849384 43 0.000000 0.000000 0.000000 -4.329268 0.365854 5.304878
849389 43 0.000000 0.000000 0.000000 -3.475610 0.731707 5.853659
849394 43 0.000000 0.000000 0.000000 -2.195122 2.012195 4.817073
849399 43 0.000000 0.000000 0.000000 0.000000 1.463415 4.451220
849404 43 0.000000 0.000000 0.000000 0.548781 0.731707 4.207317
849409 43 0.000000 0.000000 0.000000 -3.353659 2.682927 3.597561
849414 43 0.000000 0.000000 0.000000 -2.926829 5.731708 3.780488
849419 43 0.000000 0.000000 0.000000 -0.914634 5.548780 4.024390
849424 43 0.000000 0.000000 0.000000 -1.585366 3.231707 4.451220
849429 43 0.000000 0.000000 0.000000 -5.426829 2.073171 5.365854
849434 43 0.000000 0.000000 0.000000 -7.012195 1.280488 7.560976
849439 43 0.000000 0.000000 0.000000 -1.829268 3.353659 6.890244
849444 43 0.000000 0.000000 0.000000 -1.158537 4.817073 4.085366
849449 43 0.000000 0.000000 0.000000 -4.207317 5.365854 5.000000
849454 43 0.000000 0.000000 0.000000 -3.597561 5.670732 5.000000
849459 43 0.000000 0.000000 0.000000 -1.585366 4.451220 4.268293
849464 43 0.000000 0.000000 0.000000 -4.512195 3.475610 4.756098
849469 43 0.000000 0.000000 0.000000 -8.536586 1.524390 5.975610
849474 43 0.000000 0.000000 0.000000 -6.585366 1.402439 6.219512
849479 43 0.000000 0.000000 0.000000 -2.987805 3.292683 4.634146
849484 43 0.000000 0.000000 0.000000 -4.146341 2.682927 4.451220
849489 43 0.000000 0.000000 0.000000 -5.792683 0.304878 4.024390
849494 43 0.000000 0.000000 0.000000 -6.524390 1.158537 3.414634
849499 43 0.000000 0.000000 0.000000 -9.634147 3.597561 5.060976
849504 43 0.000000 0.000000 0.000000 -9.085366 2.439024 4.878049
849509 43 0.000000 0.000000 0.000000 -1.280488 0.243902 2.804878
849514 43 0.000000 0.000000 0.000000 3.414634 1.280488 2.926829
849519 43 0.000000 0.000000 0.000000 1.768293 4.024390 3.170732
849524 43 0.000000 0.000000 0.000000 0.243902 2.743902 3.109756
849529 43 0.000000 0.000000 0.000000 3.170732 0.792683 1.463415
849534 43 0.000000 0.000000 0.000000 5.243903 3.780488 1.951220
849539 43 0.000000 0.000000 0.000000 2.256098 5.365854 4.085366
849544 43 0.000000 0.000000 0.000000 -0.853659 3.353659 3.780488
849549 43 0.000000 0.000000 0.000000 0.182927 3.231707 3.597561
849554 43 0.000000 0.000000 0.000000 -0.243902 5.487805 3.170732
849559 43 0.000000 0.000000 0.000000 -2.500000 5.121951 2.804878
849564 43 0.000000 0.000000 0.000000 -3.475610 4.573171 3.780488
849569 43 0.000000 0.000000 0.000000 -5.792683 2.743902 4.329268
849574 43 0.000000 0.000000 0.000000 -4.573171 2.804878 3.414634
849579 43 0.000000 0.000000 0.000000 -5.609756 1.646341 1.829268
849584 43 0.000000 0.000000 0.000000 -9.024390 0.121951 1.524390
849589 43 0.000000 0.000000 0.000000 -9.451220 1.768293 1.280488
849594 43 0.000000 0.000000 0.000000 -9.329268 3.963415 0.426829
849599 43 0.000000 0.000000 0.000000 -7.378049 3.780488 2.134146
849604 43 0.000000 0.000000 0.000000 -7.134147 0.304878 3.902439
849609 43 0.000000 0.000000 0.000000 -9.695122 -0.365854 4.207317
849614 43 0.000000 0.000000 0.000000 -8.109756 1.951220 3.414634
849619 43 0.000000 0.000000 0.000000 -5.487805 0.121951 4.268293
849624 43 0.000000 0.000000 0.000000 -4.634146 -1.890244 4.817073
849629 43 0.000000 0.000000 0.000000 -8.109756 -0.853659 4.756098
849634 43 0.000000 0.000000 0.000000 -5.487805 -1.524390 4.085366
849639 43 0.000000 0.000000 0.000000 2.682927 0.853659 3.292683
849644 43 0.000000 0.000000 0.000000 5.121951 2.195122 1.219512
849649 43 0.000000 0.000000 0.000000 1.646341 1.890244 2.378049
849654 43 0.000000 0.000000 0.000000 0.609756 2.560976 3.048780
849659 43 0.000000 0.000000 0.000000 2.621951 0.000000 3.292683
849664 43 0.000000 0.000000 0.000000 2.926829 -2.987805 4.695122
849669 43 0.000000 0.000000 0.000000 1.158537 -1.890244 5.060976
849674 43 0.000000 0.000000 0.000000 0.000000 1.829268 4.146341
849679 43 0.000000 0.000000 0.000000 -0.060976 5.914634 2.500000
849684 43 0.000000 0.000000 0.000000 -1.768293 5.000000 2.621951
849689 43 0.000000 0.000000 0.000000 -2.743902 4.085366 4.573171
849694 43 0.000000 0.000000 0.000000 -3.719512 4.085366 3.475610
849699 43 0.000000 0.000000 0.000000 -4.329268 2.682927 2.500000
849704 43 0.000000 0.000000 0.000000 -5.914634 3.109756 2.743902
849709 43 0.000000 0.000000 0.000000 -3.536585 4.451220 2.134146
849714 43 0.000000 0.000000 0.000000 -0.182927 7.926829 1.829268
849719 43 0.000000 0.000000 0.000000 -1.341463 9.695122 1.463415
849724 43 0.000000 0.000000 0.000000 -3.841464 7.134147 2.560976
849729 43 0.000000 0.000000 0.000000 -3.597561 4.695122 1.829268
849734 43 0.000000 0.000000 0.000000 -3.048780 4.695122 2.378049
849739 43 0.000000 0.000000 0.000000 -5.853659 5.975610 4.695122
849744 43 0.000000 0.000000 0.000000 -8.109756 4.817073 3.109756
849749 43 0.000000 0.000000 0.000000 -2.073171 4.573171 1.463415
849754 43 0.000000 0.000000 0.000000 2.500000 4.756098 1.951220
849759 43 0.000000 0.000000 0.000000 -0.243902 4.817073 2.378049
849764 43 0.000000 0.000000 0.000000 -3.902439 5.548780 1.829268
849769 43 0.000000 0.000000 0.000000 -3.048780 5.000000 0.975610
849774 43 0.000000 0.000000 0.000000 -0.182927 4.817073 1.829268
849779 43 0.000000 0.000000 0.000000 -2.134146 3.658537 2.621951
849784 43 0.000000 0.000000 0.000000 -4.939024 1.829268 2.743902
849789 43 0.000000 0.000000 0.000000 0.670732 3.719512 2.378049
849794 43 0.000000 0.000000 0.000000 5.121951 6.097561 0.365854
849799 43 0.000000 0.000000 0.000000 -0.426829 3.841464 1.158537
849804 43 0.000000 0.000000 0.000000 -6.097561 0.365854 2.317073
849809 43 0.000000 0.000000 0.000000 -8.048780 0.060976 1.524390
849814 43 0.000000 0.000000 0.000000 -6.463415 0.609756 0.731707
849819 43 0.000000 0.000000 0.000000 -6.646342 -2.134146 1.341463
849824 43 0.000000 0.000000 0.000000 -5.487805 -3.597561 2.743902
849829 43 0.000000 0.000000 0.000000 -0.243902 1.524390 2.195122
849834 43 0.000000 0.000000 0.000000 0.182927 2.439024 1.890244
849839 43 0.000000 0.000000 0.000000 -0.914634 -0.365854 3.475610
849844 43 0.000000 0.000000 0.000000 -1.829268 -0.914634 3.048780
849849 43 0.000000 0.000000 0.000000 -1.524390 0.975610 2.987805
849854 43 0.000000 0.000000 0.000000 4.695122 4.573171 3.048780
849859 43 0.000000 0.000000 0.000000 3.536585 -0.243902 2.865854
849864 43 0.000000 0.000000 0.000000 -0.426829 -2.195122 3.109756
849869 43 0.000000 0.000000 0.000000 -4.329268 0.975610 3.048780
849874 43 0.000000 0.000000 0.000000 -3.780488 3.658537 3.048780
849879 43 0.000000 0.000000 0.000000 -0.487805 3.841464 2.378049
849884 43 0.000000 0.000000 0.000000 -0.731707 1.707317 0.670732
849889 43 0.000000 0.000000 0.000000 -4.512195 1.463415 1.585366
849894 43 0.000000 0.000000 0.000000 -6.951220 1.707317 2.682927
849899 43 0.000000 0.000000 0.000000 -2.012195 2.073171 1.707317
849904 43 0.000000 0.000000 0.000000 -0.060976 3.597561 2.743902
849909 43 0.000000 0.000000 0.000000 -1.280488 7.439024 3.536585
849914 43 0.000000 0.000000 0.000000 1.158537 7.926829 3.109756
849919 43 0.000000 0.000000 0.000000 6.829268 6.707317 2.926829
849924 43 0.000000 0.000000 0.000000 8.048780 7.134147 4.573171
849929 43 0.000000 0.000000 0.000000 3.658537 8.170732 5.365854
849934 43 0.000000 0.000000 0.000000 0.609756 5.975610 3.353659
849939 43 0.000000 0.000000 0.000000 3.048780 3.841464 2.378049
849944 43 0.000000 0.000000 0.000000 2.804878 4.878049 2.256098
849949 43 0.000000 0.000000 0.000000 1.097561 5.000000 1.890244
849954 43 0.000000 0.000000 0.000000 -0.792683 4.634146 1.524390
849959 43 0.000000 0.000000 0.000000 0.243902 7.134147 0.792683
849964 43 0.000000 0.000000 0.000000 0.304878 7.256098 2.682927
849969 43 0.000000 0.000000 0.000000 -1.707317 2.743902 2.926829
849974 43 0.000000 0.000000 0.000000 -4.024390 0.365854 2.865854
849979 43 0.000000 0.000000 0.000000 -2.743902 2.987805 2.256098
849984 43 0.000000 0.000000 0.000000 -2.256098 4.268293 0.792683
849989 43 0.000000 0.000000 0.000000 -0.548781 2.926829 0.792683
849994 43 0.000000 0.000000 0.000000 -0.426829 0.243902 1.097561
849999 43 0.000000 0.000000 0.000000 -4.390244 0.731707 1.341463
850004 43 0.000000 0.000000 0.000000 -5.365854 2.134146 1.097561
850009 43 0.000000 0.000000 0.000000 -5.304878 -1.158537 0.426829
850014 43 0.000000 0.000000 0.000000 -5.975610 -3.963415 0.914634
850019 43 0.000000 0.000000 0.000000 -6.158537 0.182927 0.853659
850024 43 0.000000 0.000000 0.000000 -5.182927 4.024390 1.463415
850029 43 0.000000 0.000000 0.000000 -1.402439 2.073171 2.621951
850034 43 0.000000 0.000000 0.000000 -0.548781 -1.829268 1.402439
850039 43 0.000000 0.000000 0.000000 2.987805 -0.182927 0.548781
850044 43 0.000000 0.000000 0.000000 8.658537 5.060976 0.670732
850049 43 0.000000 0.000000 0.000000 5.914634 3.231707 1.280488
850054 43 0.000000 0.000000 0.000000 1.219512 0.853659 1.829268
850059 43 0.000000 0.000000 0.000000 -4.207317 2.621951 2.195122
850064 43 0.000000 0.000000 0.000000 -0.670732 3.414634 1.524390
850069 43 0.000000 0.000000 0.000000 6.280488 4.634146 0.182927
850074 43 0.000000 0.000000 0.000000 6.158537 2.743902 -2.073171
850079 43 0.000000 0.000000 0.000000 1.036585 1.646341 -1.097561
850084 43 0.000000 0.000000 0.000000 2.317073 4.573171 -0.548781
850089 43 0.000000 0.000000 0.000000 4.146341 -0.365854 -0.121951
850094 43 0.000000 0.000000 0.000000 1.890244 -2.134146 1.036585
850099 43 0.000000 0.000000 0.000000 -3.170732 3.231707 2.621951
850104 43 0.000000 0.000000 0.000000 -2.926829 6.463415 2.195122
850109 43 0.000000 0.000000 0.000000 -0.060976 6.158537 -0.304878
850114 43 0.000000 0.000000 0.000000 0.731707 5.731708 -1.829268
850119 43 0.000000 0.000000 0.000000 -2.439024 6.890244 0.121951
850124 43 0.000000 0.000000 0.000000 -5.670732 5.426829 1.158537
850129 43 0.000000 0.000000 0.000000 -1.951220 3.170732 0.000000
850134 43 0.000000 0.000000 0.000000 -0.731707 2.682927 -0.182927
850139 43 0.000000 0.000000 0.000000 -3.292683 4.024390 0.121951
850144 43 0.000000 0.000000 0.000000 -2.073171 4.939024 0.853659
850149 43 0.000000 0.000000 0.000000 0.426829 4.024390 -0.365854
850154 43 0.000000 0.000000 0.000000 2.012195 5.243903 0.487805
850159 43 0.000000 0.000000 0.000000 0.487805 7.926829 2.134146
850164 43 0.000000 0.000000 0.000000 -0.548781 5.975610 0.304878
850169 43 0.000000 0.000000 0.000000 2.256098 3.780488 -0.914634
850174 43 0.000000 0.000000 0.000000 2.804878 3.841464 -0.914634
850179 43 0.000000 0.000000 0.000000 1.280488 5.609756 -0.731707
850184 43 0.000000 0.000000 0.000000 0.426829 5.853659 -0.365854
850189 43 0.000000 0.000000 0.000000 3.719512 6.097561 -1.585366
850194 43 0.000000 0.000000 0.000000 4.634146 6.707317 0.670732
850199 43 0.000000 0.000000 0.000000 2.743902 5.182927 0.975610
850204 43 0.000000 0.000000 0.000000 0.792683 2.500000 -0.243902
850209 43 0.000000 0.000000 0.000000 3.780488 4.085366 -0.853659
850214 43 0.000000 0.000000 0.000000 3.231707 5.426829 -1.341463
850219 43 0.000000 0.000000 0.000000 2.439024 4.085366 -1.951220
850224 43 0.000000 0.000000 0.000000 3.414634 2.073171 -2.195122
850229 43 0.000000 0.000000 0.000000 2.378049 3.353659 -0.975610
850234 43 0.000000 0.000000 0.000000 2.682927 6.402439 0.548781
850239 43 0.000000 0.000000 0.000000 1.707317 4.878049 -0.182927
850244 43 0.000000 0.000000 0.000000 1.402439 3.963415 -0.731707
850249 43 0.000000 0.000000 0.000000 7.256098 9.451220 -0.609756
850254 43 0.000000 0.000000 0.000000 8.719512 12.012196 -1.951220
850259 43 0.000000 0.000000 0.000000 2.621951 6.524390 -0.670732
850264 43 0.000000 0.000000 0.000000 -2.560976 3.292683 0.121951
850269 43 0.000000 0.000000 0.000000 -1.524390 3.170732 0.304878
850274 43 0.000000 0.000000 0.000000 -1.829268 3.170732 -0.182927
850279 43 0.000000 0.000000 0.000000 -2.682927 2.682927 -1.768293
850284 43 0.000000 0.000000 0.000000 1.036585 4.085366 -2.500000
850289 43 0.000000 0.000000 0.000000 7.195122 7.804878 -3.292683
850294 43 0.000000 0.000000 0.000000 2.134146 4.573171 -1.463415
850299 43 0.000000 0.000000 0.000000 -3.292683 1.036585 0.670732
850304 43 0.000000 0.000000 0.000000 -5.548780 2.134146 0.548781
850309 43 0.000000 0.000000 0.000000 -2.500000 4.146341 0.426829
850314 43 0.000000 0.000000 0.000000 -1.707317 3.109756 -0.365854
850319 43 0.000000 0.000000 0.000000 0.853659 3.841464 -2.621951
850324 43 0.000000 0.000000 0.000000 4.024390 5.975610 -2.012195
850329 43 0.000000 0.000000 0.000000 3.170732 6.402439 -0.670732
850334 43 0.000000 0.000000 0.000000 0.609756 4.329268 0.487805
850339 43 0.000000 0.000000 0.000000 -0.609756 2.926829 0.853659
850344 43 0.000000 0.000000 0.000000 -2.500000 2.256098 0.975610
850349 43 0.000000 0.000000 0.000000 -0.975610 3.414634 1.402439
850354 43 0.000000 0.000000 0.000000 0.670732 5.731708 0.000000
850359 43 0.000000 0.000000 0.000000 3.475610 4.512195 -0.853659
850364 43 0.000000 0.000000 0.000000 2.926829 3.475610 -0.792683
850369 43 0.000000 0.000000 0.000000 1.463415 4.207317 -0.609756
850374 43 0.000000 0.000000 0.000000 2.865854 5.000000 -0.182927
850379 43 0.000000 0.000000 0.000000 3.170732 4.146341 0.426829
850384 43 0.000000 0.000000 0.000000 4.390244 3.719512 1.707317
850389 43 0.000000 0.000000 0.000000 4.573171 5.304878 1.158537
850394 43 0.000000 0.000000 0.000000 1.036585 5.182927 -0.609756
850399 43 0.000000 0.000000 0.000000 1.768293 4.512195 -0.304878
850404 43 0.000000 0.000000 0.000000 1.097561 3.719512 0.243902
850409 43 0.000000 0.000000 0.000000 -1.280488 4.817073 -0.304878
850414 43 0.000000 0.000000 0.000000 -0.304878 6.280488 -0.731707
850419 43 0.000000 0.000000 0.000000 -2.317073 3.231707 -0.365854
850424 43 0.000000 0.000000 0.000000 -2.256098 0.914634 0.548781
850429 43 0.000000 0.000000 0.000000 0.975610 4.451220 0.914634
850434 43 0.000000 0.000000 0.000000 1.890244 6.036585 0.609756
850439 43 0.000000 0.000000 0.000000 1.280488 3.048780 2.073171
850444 43 0.000000 0.000000 0.000000 0.000000 0.914634 2.012195
850449 43 0.000000 0.000000 0.000000 -0.975610 1.585366 1.890244
850454 43 0.000000 0.000000 0.000000 -1.402439 4.146341 2.439024
850459 43 0.000000 0.000000 0.000000 1.829268 4.085366 1.524390
850464 43 0.000000 0.000000 0.000000 3.414634 3.109756 1.036585
850469 43 0.000000 0.000000 0.000000 4.756098 5.853659 -0.426829
850474 43 0.000000 0.000000 0.000000 4.878049 6.829268 -0.731707
850479 43 0.000000 0.000000 0.000000 2.987805 3.963415 2.134146
850484 43 0.000000 0.000000 0.000000 2.500000 1.524390 3.780488
850489 43 0.000000 0.000000 0.000000 4.146341 4.146341 3.231707
850494 43 0.000000 0.000000 0.000000 5.243903 4.085366 3.109756
850499 43 0.000000 0.000000 0.000000 6.158537 2.500000 2.926829
850504 43 0.000000 0.000000 0.000000 5.609756 4.024390 1.951220
850509 43 0.000000 0.000000 0.000000 1.463415 5.060976 0.182927
850514 43 0.000000 0.000000 0.000000 -2.012195 5.853659 0.792683
850519 43 0.000000 0.000000 0.000000 -3.048780 3.658537 2.500000
850524 43 0.000000 0.000000 0.000000 -0.792683 3.475610 2.804878
850529 43 0.000000 0.000000 0.000000 -0.426829 5.792683 2.865854
850534 43 0.000000 0.000000 0.000000 0.182927 6.890244 2.865854
850539 43 0.000000 0.000000 0.000000 4.329268 6.158537 3.536585
850544 43 0.000000 0.000000 0.000000 3.780488 5.060976 2.195122
850549 42 0.000000 0.000000 0.000000 -4.756098 5.670732 2.804878
850554 42 0.000000 0.000000 0.000000 -2.621951 8.475610 3.841464
850559 42 0.000000 0.000000 0.000000 4.939024 6.036585 2.317073
850564 42 0.000000 0.000000 0.000000 7.560976 2.926829 1.219512
850569 42 0.000000 0.000000 0.000000 6.158537 3.841464 1.341463
850574 42 0.000000 0.000000 0.000000 5.853659 4.207317 1.646341
850579 42 0.000000 0.000000 0.000000 5.792683 -0.243902 0.975610
850584 42 0.000000 0.000000 0.000000 7.865854 -2.865854 0.060976
850589 41 0.000000 0.000000 0.000000 7.195122 0.182927 1.890244
850594 41 0.000000 0.000000 0.000000 4.756098 1.646341 2.439024
850599 41 0.000000 0.000000 0.000000 7.195122 2.134146 0.426829
850604 41 0.000000 0.000000 0.000000 11.341464 2.378049 -0.426829
850609 40 0.000000 0.000000 0.000000 10.426829 2.804878 0.060976
850614 40 0.000000 0.000000 0.000000 5.548780 4.695122 1.768293
850619 40 0.000000 0.000000 0.000000 4.634146 1.707317 0.731707
850624 40 0.000000 0.000000 0.000000 5.792683 1.646341 -1.097561
850629 39 0.000000 0.000000 0.000000 6.890244 2.865854 -1.890244
850634 39 0.000000 0.000000 0.000000 7.195122 3.841464 0.000000
850639 39 0.000000 0.000000 0.000000 4.756098 4.512195 1.280488
850644 39 0.000000 0.000000 0.000000 1.524390 2.317073 0.000000
850649 38 0.000000 0.000000 0.000000 4.085366 2.195122 -0.670732
850654 38 0.000000 0.000000 0.000000 2.378049 0.365854 -1.341463
850659 38 0.000000 0.000000 0.000000 -1.402439 -2.621951 -1.829268
850664 38 0.000000 0.000000 0.000000 -1.097561 -3.719512 -0.914634
850669 38 0.000000 0.000000 0.000000 0.304878 -2.317073 -1.585366
850674 38 0.000000 0.000000 0.000000 0.426829 -2.926829 -1.524390
850679 38 0.000000 0.000000 0.000000 -0.487805 -4.268293 -2.073171
850684 38 0.000000 0.000000 0.000000 0.182927 -4.268293 -2.804878
850689 39 0.000000 0.000000 0.000000 3.658537 -3.048780 -1.646341
850694 39 0.000000 0.000000 0.000000 2.621951 -3.902439 -1.646341
850699 39 0.000000 0.000000 0.000000 2.134146 -6.280488 -1.524390
850704 39 0.000000 0.000000 0.000000 3.841464 -6.341464 -0.792683
850709 39 0.000000 0.000000 0.000000 4.024390 -5.731708 -1.463415
850714 39 0.000000 0.000000 0.000000 4.756098 -4.573171 -1.219512
850719 39 0.000000 0.000000 0.000000 4.512195 -5.000000 -2.682927
850724 39 0.000000 0.000000 0.000000 3.719512 -6.463415 -4.329268
850729 39 0.000000 0.000000 0.000000 1.890244 -7.012195 -3.048780
850734 39 0.000000 0.000000 0.000000 1.646341 -5.731708 -2.439024
850739 39 0.000000 0.000000 0.000000 3.780488 -6.036585 -3.719512
850744 39 0.000000 0.000000 0.000000 4.024390 -5.914634 -4.878049
850749 39 0.000000 0.000000 0.000000 4.390244 -4.878049 -3.475610
850754 39 0.000000 0.000000 0.000000 3.353659 -3.841464 -1.951220
850759 39 0.000000 0.000000 0.000000 0.731707 -3.963415 -1.890244
850764 39 0.000000 0.000000 0.000000 -0.182927 -3.902439 -3.353659
850769 39 0.000000 0.000000 0.000000 0.609756 -3.109756 -2.804878
850774 39 0.000000 0.000000 0.000000 2.317073 -2.621951 -2.378049
850779 39 0.000000 0.000000 0.000000 6.402439 -2.012195 -4.756098
850784 39 0.000000 0.000000 0.000000 5.548780 -1.585366 -5.304878
850789 39 0.000000 0.000000 0.000000 3.414634 -0.670732 -2.743902
850794 39 0.000000 0.000000 0.000000 1.890244 -0.914634 -1.341463
850799 39 0.000000 0.000000 0.000000 3.292683 -1.707317 -1.707317
850804 39 0.000000 0.000000 0.000000 4.085366 -1.646341 -2.195122
850809 39 0.000000 0.000000 0.000000 -0.060976 -0.792683 -2.012195
850814 39 0.000000 0.000000 0.000000 -2.500000 -1.097561 -1.951220
850819 39 0.000000 0.000000 0.000000 0.792683 0.548781 -3.902439
850824 39 0.000000 0.000000 0.000000 5.304878 1.524390 -3.780488
850829 40 0.000000 0.000000 0.000000 4.573171 1.524390 -3.170732
850834 40 0.000000 0.000000 0.000000 3.841464 0.182927 -2.804878
850839 40 0.000000 0.000000 0.000000 8.719512 0.304878 -3.048780
850844 40 0.000000 0.000000 0.000000 10.304878 -2.378049 -4.085366
850849 40 0.000000 0.000000 0.000000 7.621952 -2.317073 -2.926829
850854 40 0.000000 0.000000 0.000000 5.304878 -1.219512 -2.439024
850859 40 0.000000 0.000000 0.000000 7.500000 0.731707 -4.512195
850864 40 0.000000 0.000000 0.000000 9.695122 1.158537 -4.207317
850869 40 0.000000 0.000000 0.000000 7.743903 0.000000 -3.231707
850874 40 0.000000 0.000000 0.000000 4.756098 -1.951220 -3.170732
850879 40 0.000000 0.000000 0.000000 9.268292 -0.914634 -3.475610
850884 40 0.000000 0.000000 0.000000 9.329268 0.000000 -5.426829
850889 41 0.000000 0.000000 0.000000 6.707317 -1.402439 -5.426829
850894 41 0.000000 0.000000 0.000000 3.963415 -1.707317 -3.353659
850899 41 0.000000 0.000000 0.000000 2.256098 -0.365854 -3.841464
850904 41 0.000000 0.000000 0.000000 3.597561 -0.487805 -3.597561
850909 41 0.000000 0.000000 0.000000 6.280488 0.487805 -2.195122
850914 41 0.000000 0.000000 0.000000 5.731708 1.951220 -3.475610
850919 41 0.000000 0.000000 0.000000 4.390244 2.987805 -5.182927
850924 41 0.000000 0.000000 0.000000 2.865854 1.402439 -5.975610
850929 41 0.000000 0.000000 0.000000 -1.280488 1.097561 -5.304878
850934 41 0.000000 0.000000 0.000000 -2.560976 2.926829 -4.207317
850939 41 0.000000 0.000000 0.000000 -1.768293 2.195122 -2.865854
850944 41 0.000000 0.000000 0.000000 -1.097561 1.524390 -2.073171
850949 42 0.000000 0.000000 0.000000 -2.987805 1.097561 -3.597561
850954 42 0.000000 0.000000 0.000000 -3.658537 1.158537 -5.487805
850959 42 0.000000 0.000000 0.000000 -4.085366 1.585366 -4.695122
850964 42 0.000000 0.000000 0.000000 -4.939024 2.134146 -3.658537
850969 43 0.000000 0.000000 0.000000 -2.256098 3.475610 -4.878049
850974 43 0.000000 0.000000 0.000000 1.463415 4.939024 -6.280488
850979 43 0.000000 0.000000 0.000000 4.817073 5.853659 -5.121951
850984 43 0.000000 0.000000 0.000000 5.121951 5.609756 -2.317073
850989 44 0.000000 0.000000 0.000000 2.439024 5.365854 -1.219512
850994 44 0.000000 0.000000 0.000000 1.707317 4.451220 -2.987805
850999 44 0.000000 0.000000 0.000000 5.121951 4.939024 -4.573171
851004 44 0.000000 0.000000 0.000000 5.548780 4.939024 -4.268293
851009 44 0.000000 0.000000 0.000000 3.658537 8.780488 -5.121951
851014 44 0.000000 0.000000 0.000000 1.585366 7.439024 -4.634146
851019 44 0.000000 0.000000 0.000000 0.182927 4.512195 -3.414634
851024 44 0.000000 0.000000 0.000000 -1.585366 3.597561 -2.134146
851029 44 0.000000 0.000000 0.000000 -2.804878 4.573171 -2.256098
851034 44 0.000000 0.000000 0.000000 -3.292683 5.609756 -4.146341
851039 44 0.000000 0.000000 0.000000 3.170732 6.768293 -5.853659
851044 44 0.000000 0.000000 0.000000 7.317073 8.719512 -6.341464
851049 43 0.000000 0.000000 0.000000 0.609756 9.451220 -5.243903
851054 43 0.000000 0.000000 0.000000 -2.865854 8.170732 -4.085366
851059 43 0.000000 0.000000 0.000000 -2.073171 6.951220 -3.902439
851064 43 0.000000 0.000000 0.000000 -1.524390 6.829268 -2.926829
851069 43 0.000000 0.000000 0.000000 -3.597561 5.000000 -2.621951
851074 43 0.000000 0.000000 0.000000 -5.304878 4.512195 -3.658537
851079 43 0.000000 0.000000 0.000000 0.182927 5.914634 -5.243903
851084 43 0.000000 0.000000 0.000000 3.780488 6.341464 -5.853659
851089 43 0.000000 0.000000 0.000000 -0.670732 5.304878 -5.121951
851094 43 0.000000 0.000000 0.000000 -1.768293 5.000000 -3.719512
851099 43 0.000000 0.000000 0.000000 0.487805 4.756098 -4.756098
851104 43 0.000000 0.000000 0.000000 1.341463 3.841464 -5.487805
851109 42 0.000000 0.000000 0.000000 -2.378049 5.182927 -3.658537
851114 42 0.000000 0.000000 0.000000 -3.048780 5.426829 -4.390244
851119 42 0.000000 0.000000 0.000000 1.829268 4.817073 -6.646342
851124 42 0.000000 0.000000 0.000000 4.146341 4.329268 -7.012195
851129 41 0.000000 0.000000 0.000000 0.000000 4.268293 -5.792683
851134 41 0.000000 0.000000 0.000000 0.182927 3.536585 -4.573171
851139 41 0.000000 0.000000 0.000000 3.353659 2.439024 -5.548780
851144 41 0.000000 0.000000 0.000000 3.963415 2.439024 -6.951220
851149 40 0.000000 0.000000 0.000000 2.317073 3.292683 -6.158537
851154 40 0.000000 0.000000 0.000000 1.463415 3.780488 -6.036585
851159 40 0.000000 0.000000 0.000000 2.926829 4.146341 -7.134147
851164 40 0.000000 0.000000 0.000000 3.963415 4.817073 -7.621952
851169 40 0.000000 0.000000 0.000000 5.548780 4.756098 -7.134147
851174 40 0.000000 0.000000 0.000000 11.402439 5.060976 -7.682927
851179 40 0.000000 0.000000 0.000000 10.304878 5.731708 -8.597561
851184 40 0.000000 0.000000 0.000000 4.573171 5.609756 -9.085366
851189 40 0.000000 0.000000 0.000000 2.865854 4.756098 -9.146341
851194 40 0.000000 0.000000 0.000000 1.158537 4.146341 -8.109756
851199 40 0.000000 0.000000 0.000000 0.731707 3.414634 -7.256098
851204 40 0.000000 0.000000 0.000000 2.195122 1.585366 -7.926829
851209 40 0.000000 0.000000 0.000000 -1.280488 1.219512 -10.000000
851214 40 0.000000 0.000000 0.000000 -4.024390 0.914634 -10.975610
851219 40 0.000000 0.000000 0.000000 -4.756098 -0.975610 -9.512196
851224 40 0.000000 0.000000 0.000000 -3.658537 -3.048780 -8.231708
851229 40 0.000000 0.000000 0.000000 -0.609756 -3.414634 -8.902439
851234 40 0.000000 0.000000 0.000000 -0.670732 -4.085366 -10.243902
851239 40 0.000000 0.000000 0.000000 -1.951220 -5.365854 -11.585366
851244 40 0.000000 0.000000 0.000000 -1.524390 -4.573171 -11.219512
851249 40 0.000000 0.000000 0.000000 -0.975610 -4.756098 -10.609756
851254 40 0.000000 0.000000 0.000000 0.670732 -3.475610 -10.853659
851259 40 0.000000 0.000000 0.000000 4.634146 -1.707317 -10.975610
851264 40 0.000000 0.000000 0.000000 4.695122 -1.036585 -10.365854
851269 40 0.000000 0.000000 0.000000 4.756098 -1.402439 -10.548780
851274 40 0.000000 0.000000 0.000000 3.414634 -2.926829 -10.914635
851279 40 0.000000 0.000000 0.000000 1.829268 -2.317073 -11.036586
851284 40 0.000000 0.000000 0.000000 2.317073 -0.426829 -12.865854
851289 41 0.000000 0.000000 0.000000 1.463415 -0.487805 -11.585366
851294 41 0.000000 0.000000 0.000000 3.292683 0.670732 -10.060976
851299 41 0.000000 0.000000 0.000000 4.085366 -0.609756 -11.585366
851304 41 0.000000 0.000000 0.000000 3.353659 -1.158537 -12.804878
851309 41 0.000000 0.000000 0.000000 2.378049 0.304878 -13.414635
851314 41 0.000000 0.000000 0.000000 0.000000 -0.853659 -13.902439
851319 41 0.000000 0.000000 0.000000 0.000000 0.000000 -12.926829
851324 41 0.000000 0.000000 0.000000 0.365854 0.670732 -12.195122
851329 42 0.000000 0.000000 0.000000 -0.304878 1.707317 -13.109756
851334 42 0.000000 0.000000 0.000000 1.768293 2.743902 -14.634147
851339 42 0.000000 0.000000 0.000000 3.841464 3.170732 -16.219513
851344 42 0.000000 0.000000 0.000000 2.012195 1.280488 -15.365854
851349 42 0.000000 0.000000 0.000000 0.548781 0.426829 -13.292684
851354 42 0.000000 0.000000 0.000000 0.975610 0.609756 -12.865854
851359 42 0.000000 0.000000 0.000000 -1.585366 0.853659 -12.439025
851364 42 0.000000 0.000000 0.000000 -3.109756 0.731707 -14.207317
851369 42 0.000000 0.000000 0.000000 -1.158537 3.292683 -15.000000
851374 42 0.000000 0.000000 0.000000 -1.646341 3.536585 -13.109756
851379 42 0.000000 0.000000 0.000000 -3.414634 0.609756 -12.804878
851384 42 0.000000 0.000000 0.000000 -1.036585 0.182927 -14.268293
851389 42 0.000000 0.000000 0.000000 -0.548781 1.341463 -13.658537
851394 42 0.000000 0.000000 0.000000 -1.524390 1.341463 -13.963415
851399 42 0.000000 0.000000 0.000000 0.000000 1.097561 -13.963415
851404 42 0.000000 0.000000 0.000000 3.170732 0.853659 -12.987805
851409 42 0.000000 0.000000 0.000000 3.536585 1.646341 -14.634147
851414 42 0.000000 0.000000 0.000000 1.219512 0.731707 -16.402439
851419 42 0.000000 0.000000 0.000000 -1.463415 1.951220 -15.731708
851424 42 0.000000 0.000000 0.000000 0.182927 4.512195 -14.634147
851429 42 0.000000 0.000000 0.000000 1.402439 1.646341 -13.475610
851434 42 0.000000 0.000000 0.000000 -0.426829 -3.292683 -12.743903
851439 42 0.000000 0.000000 0.000000 -0.365854 -3.170732 -12.560976
851444 42 0.000000 0.000000 0.000000 1.158537 0.365854 -14.146341
851449 42 0.000000 0.000000 0.000000 1.585366 4.024390 -15.975610
851454 42 0.000000 0.000000 0.000000 1.280488 3.475610 -14.451220
851459 42 0.000000 0.000000 0.000000 -0.792683 0.914634 -13.658537
851464 42 0.000000 0.000000 0.000000 -1.097561 1.463415 -14.878049
851469 42 0.000000 0.000000 0.000000 -0.304878 0.365854 -14.634147
851474 42 0.000000 0.000000 0.000000 0.609756 0.000000 -14.878049
851479 42 0.000000 0.000000 0.000000 -0.853659 0.487805 -13.780488
851484 42 0.000000 0.000000 0.000000 -0.121951 0.853659 -13.048780
851489 42 0.000000 0.000000 0.000000 2.682927 1.341463 -13.780488
851494 42 0.000000 0.000000 0.000000 3.292683 2.012195 -14.756098
851499 42 0.000000 0.000000 0.000000 1.402439 0.914634 -16.036585
851504 42 0.000000 0.000000 0.000000 -0.975610 0.487805 -14.695123
851509 42 0.000000 0.000000 0.000000 -1.463415 1.829268 -12.804878
851514 42 0.000000 0.000000 0.000000 -0.304878 0.792683 -13.597561
851519 42 0.000000 0.000000 0.000000 1.097561 -0.487805 -14.817074
851524 42 0.000000 0.000000 0.000000 1.524390 0.304878 -15.000000
851529 42 0.000000 0.000000 0.000000 1.951220 1.829268 -15.000000
851534 42 0.000000 0.000000 0.000000 -0.975610 2.317073 -15.609756
851539 42 0.000000 0.000000 0.000000 -4.268293 -0.182927 -16.280489
851544 42 0.000000 0.000000 0.000000 -4.451220 -0.670732 -16.158537
851549 42 0.000000 0.000000 0.000000 -3.902439 1.036585 -15.548780
851554 42 0.000000 0.000000 0.000000 -1.829268 2.317073 -15.731708
851559 42 0.000000 0.000000 0.000000 -0.304878 2.256098 -14.573171
851564 42 0.000000 0.000000 0.000000 -2.621951 2.134146 -12.926829
851569 42 0.000000 0.000000 0.000000 -4.634146 1.463415 -13.597561
851574 42 0.000000 0.000000 0.000000 -0.365854 2.317073 -14.451220
851579 42 0.000000 0.000000 0.000000 5.670732 3.780488 -14.817074
851584 42 0.000000 0.000000 0.000000 5.853659 3.048780 -15.426829
851589 42 0.000000 0.000000 0.000000 1.524390 2.134146 -15.731708
851594 42 0.000000 0.000000 0.000000 1.524390 3.231707 -15.548780
851599 42 0.000000 0.000000 0.000000 -4.207317 0.975610 -11.707317
851604 42 0.000000 0.000000 0.000000 -4.451220 -0.670732 -11.097561
851609 42 0.000000 0.000000 0.000000 -0.609756 -0.853659 -12.926829
851614 42 0.000000 0.000000 0.000000 1.097561 -0.975610 -13.292684
851619 42 0.000000 0.000000 0.000000 2.621951 1.219512 -13.719513
851624 42 0.000000 0.000000 0.000000 4.207317 2.378049 -13.719513
851629 42 0.000000 0.000000 0.000000 2.195122 -0.060976 -12.804878
851634 42 0.000000 0.000000 0.000000 -3.963415 -3.902439 -13.353659
851639 42 0.000000 0.000000 0.000000 -3.231707 -3.536585 -14.390244
851644 42 0.000000 0.000000 0.000000 1.829268 -0.609756 -14.817074
851649 42 0.000000 0.000000 0.000000 2.743902 1.768293 -13.048780
851654 42 0.000000 0.000000 0.000000 2.012195 1.585366 -10.365854
851659 42 0.000000 0.000000 0.000000 1.890244 0.182927 -9.817074
851664 42 0.000000 0.000000 0.000000 2.621951 -0.975610 -10.914635
851669 42 0.000000 0.000000 0.000000 7.012195 -0.121951 -11.951220
851674 42 0.000000 0.000000 0.000000 5.243903 -1.341463 -13.475610
851679 42 0.000000 0.000000 0.000000 -2.012195 -2.621951 -12.865854
851684 42 0.000000 0.000000 0.000000 -4.390244 -0.853659 -12.073171
851689 42 0.000000 0.000000 0.000000 -5.000000 -1.463415 -11.951220
851694 42 0.000000 0.000000 0.000000 -6.768293 -5.182927 -11.768293
851699 42 0.000000 0.000000 0.000000 -4.634146 -7.256098 -10.609756
851704 42 0.000000 0.000000 0.000000 -3.536585 -5.792683 -10.365854
851709 42 0.000000 0.000000 0.000000 -7.073171 -2.926829 -11.341464
851714 42 0.000000 0.000000 0.000000 -7.743903 -1.768293 -12.987805
851719 42 0.000000 0.000000 0.000000 -6.036585 -0.670732 -12.012196
851724 42 0.000000 0.000000 0.000000 -7.317073 1.097561 -10.000000
851729 42 0.000000 0.000000 0.000000 -9.512196 -1.036585 -10.731708
851734 42 0.000000 0.000000 0.000000 -6.768293 -1.158537 -11.463415
851739 42 0.000000 0.000000 0.000000 -4.573171 2.195122 -10.914635
851744 42 0.000000 0.000000 0.000000 -2.256098 3.963415 -12.378049
851749 42 0.000000 0.000000 0.000000 -0.365854 0.243902 -13.292684
851754 42 0.000000 0.000000 0.000000 -1.890244 -2.256098 -12.012196
851759 42 0.000000 0.000000 0.000000 -0.548781 0.365854 -10.426829
851764 42 0.000000 0.000000 0.000000 1.951220 2.743902 -10.304878
851769 42 0.000000 0.000000 0.000000 0.914634 2.987805 -10.548780
851774 42 0.000000 0.000000 0.000000 -0.914634 0.670732 -9.146341
851779 42 0.000000 0.000000 0.000000 -2.804878 -2.073171 -9.939025
851784 42 0.000000 0.000000 0.000000 -1.463415 -2.134146 -11.097561
851789 42 0.000000 0.000000 0.000000 0.792683 -1.646341 -10.670732
851794 42 0.000000 0.000000 0.000000 0.182927 -2.256098 -9.329268
851799 42 0.000000 0.000000 0.000000 -2.012195 -4.878049 -8.536586
851804 42 0.000000 0.000000 0.000000 -1.646341 -5.609756 -8.841464
851809 42 0.000000 0.000000 0.000000 1.158537 -2.621951 -9.207317
851814 42 0.000000 0.000000 0.000000 2.865854 -0.914634 -8.902439
851819 42 0.000000 0.000000 0.000000 1.402439 -2.073171 -9.817074
851824 42 0.000000 0.000000 0.000000 -2.621951 -3.780488 -10.000000
851829 42 0.000000 0.000000 0.000000 -11.036586 -3.902439 -8.658537
851834 42 0.000000 0.000000 0.000000 -9.146341 -3.536585 -9.390244
851839 42 0.000000 0.000000 0.000000 -4.329268 -4.268293 -10.792684
851844 42 0.000000 0.000000 0.000000 -4.207317 -4.390244 -10.792684
851849 42 0.000000 0.000000 0.000000 -3.841464 -3.414634 -10.243902
851854 42 0.000000 0.000000 0.000000 -3.841464 0.000000 -9.573171
851859 42 0.000000 0.000000 0.000000 -1.463415 6.463415 -10.304878
851864 42 0.000000 0.000000 0.000000 3.475610 8.109756 -10.060976
851869 42 0.000000 0.000000 0.000000 5.487805 4.634146 -8.536586
851874 42 0.000000 0.000000 0.000000 3.536585 0.670732 -8.048780
851879 42 0.000000 0.000000 0.000000 0.426829 0.000000 -8.170732
851884 42 0.000000 0.000000 0.000000 0.609756 0.914634 -7.682927
851889 42 0.000000 0.000000 0.000000 0.060976 0.000000 -7.682927
851894 42 0.000000 0.000000 0.000000 -1.707317 -2.073171 -8.963415
851899 42 0.000000 0.000000 0.000000 -2.256098 -2.378049 -10.609756
851904 42 0.000000 0.000000 0.000000 -2.682927 -0.853659 -9.878049
851909 42 0.000000 0.000000 0.000000 -2.865854 0.609756 -8.719512
851914 42 0.000000 0.000000 0.000000 -4.329268 -0.182927 -8.353659
851919 42 0.000000 0.000000 0.000000 -7.073171 -2.134146 -7.256098
851924 42 0.000000 0.000000 0.000000 -9.573171 -3.536585 -7.804878
851929 42 0.000000 0.000000 0.000000 -9.451220 -3.658537 -9.878049
851934 42 0.000000 0.000000 0.000000 -7.682927 -3.353659 -8.780488
851939 42 0.000000 0.000000 0.000000 -8.475610 -3.353659 -6.768293
851944 42 0.000000 0.000000 0.000000 -9.939025 -4.207317 -6.463415
851949 42 0.000000 0.000000 0.000000 -9.451220 -5.365854 -8.048780
851954 42 0.000000 0.000000 0.000000 -8.475610 -5.121951 -8.292683
851959 42 0.000000 0.000000 0.000000 2.865854 -1.158537 -7.743903
851964 42 0.000000 0.000000 0.000000 5.426829 -1.158537 -7.804878
851969 42 0.000000 0.000000 0.000000 -3.902439 -4.695122 -7.865854
851974 42 0.000000 0.000000 0.000000 -8.414635 -5.670732 -6.768293
851979 42 0.000000 0.000000 0.000000 -8.414635 -6.097561 -6.280488
851984 42 0.000000 0.000000 0.000000 -6.524390 -3.597561 -6.768293
851989 42 0.000000 0.000000 0.000000 -3.658537 -2.256098 -6.768293
851994 42 0.000000 0.000000 0.000000 -2.317073 -4.573171 -5.426829
851999 42 0.000000 0.000000 0.000000 -3.719512 -3.048780 -3.170732
852004 42 0.000000 0.000000 0.000000 -3.536585 -1.890244 -3.231707
852009 42 0.000000 0.000000 0.000000 0.304878 -0.914634 -5.365854
852014 42 0.000000 0.000000 0.000000 1.158537 0.853659 -6.585366
852019 42 0.000000 0.000000 0.000000 -0.609756 -0.304878 -7.500000
852024 42 0.000000 0.000000 0.000000 -2.865854 -2.682927 -7.743903
852029 42 0.000000 0.000000 0.000000 -6.707317 -2.256098 -5.365854
852034 42 0.000000 0.000000 0.000000 -5.304878 -0.975610 -4.329268
852039 42 0.000000 0.000000 0.000000 -3.902439 -2.195122 -5.914634
852044 42 0.000000 0.000000 0.000000 -3.292683 -2.926829 -7.012195
852049 42 0.000000 0.000000 0.000000 -2.560976 -2.804878 -4.878049
852054 42 0.000000 0.000000 0.000000 -4.024390 -2.012195 -2.987805
852059 42 0.000000 0.000000 0.000000 -1.585366 2.256098 -5.121951
852064 42 0.000000 0.000000 0.000000 1.219512 2.317073 -5.975610
852069 42 0.000000 0.000000 0.000000 3.048780 0.000000 -6.829268
852074 42 0.000000 0.000000 0.000000 3.231707 -0.792683 -6.280488
852079 42 0.000000 0.000000 0.000000 3.414634 -1.219512 -4.451220
852084 42 0.000000 0.000000 0.000000 2.743902 0.000000 -3.597561
852089 42 0.000000 0.000000 0.000000 -0.365854 0.853659 -2.439024
852094 42 0.000000 0.000000 0.000000 -2.073171 -0.609756 -3.292683
852099 42 0.000000 0.000000 0.000000 -1.524390 -1.463415 -5.304878
852104 42 0.000000 0.000000 0.000000 -1.768293 -1.524390 -3.780488
852109 42 0.000000 0.000000 0.000000 1.158537 -0.548781 -2.621951
852114 42 0.000000 0.000000 0.000000 -0.121951 -1.707317 -4.146341
852119 42 0.000000 0.000000 0.000000 -7.804878 -3.780488 -3.963415
852124 42 0.000000 0.000000 0.000000 -13.109756 -4.756098 -3.536585
852129 42 0.000000 0.000000 0.000000 -9.695122 -5.060976 -3.536585
852134 42 0.000000 0.000000 0.000000 -6.768293 -5.548780 -2.743902
852139 42 0.000000 0.000000 0.000000 -6.585366 -6.097561 -1.829268
852144 42 0.000000 0.000000 0.000000 -6.768293 -6.097561 -0.975610
852149 42 0.000000 0.000000 0.000000 -5.975610 -5.487805 -1.341463
852154 42 0.000000 0.000000 0.000000 -1.768293 -3.841464 -1.219512
852159 42 0.000000 0.000000 0.000000 4.207317 -0.731707 -0.792683
852164 42 0.000000 0.000000 0.000000 4.207317 -0.487805 -1.646341
852169 42 0.000000 0.000000 0.000000 -0.609756 -1.524390 -1.036585
852174 42 0.000000 0.000000 0.000000 -0.731707 0.426829 0.670732
852179 42 0.000000 0.000000 0.000000 2.073171 1.768293 0.731707
852184 42 0.000000 0.000000 0.000000 2.560976 0.731707 -1.036585
852189 42 0.000000 0.000000 0.000000 6.280488 -4.085366 -2.987805
852194 43 0.000000 0.000000 0.000000 5.243903 -4.573171 -2.682927
852199 43 0.000000 0.000000 0.000000 -1.341463 -0.060976 -1.280488
852204 43 0.000000 0.000000 0.000000 -3.902439 1.524390 0.182927
852209 43 0.000000 0.000000 0.000000 -2.743902 0.060976 1.402439
852214 44 0.000000 0.000000 0.000000 -3.475610 -0.914634 2.256098
852219 44 0.000000 0.000000 0.000000 -1.585366 -1.097561 1.097561
852224 44 0.000000 0.000000 0.000000 0.975610 -0.731707 0.731707
852229 44 0.000000 0.000000 0.000000 -2.682927 1.585366 2.195122
852234 45 0.000000 0.000000 0.000000 -5.792683 2.073171 1.829268
852239 45 0.000000 0.000000 0.000000 -2.804878 2.865854 1.280488
852244 45 0.000000 0.000000 0.000000 0.670732 5.731708 3.048780
852249 45 0.000000 0.000000 0.000000 0.914634 6.158537 3.109756
852254 45 0.000000 0.000000 0.000000 -1.829268 5.243903 1.768293
852259 45 0.000000 0.000000 0.000000 -5.609756 0.365854 1.158537
852264 45 0.000000 0.000000 0.000000 -9.268292 -1.341463 1.280488
852269 45 0.000000 0.000000 0.000000 -11.280488 0.975610 3.231707
852274 45 0.000000 0.000000 0.000000 -8.536586 3.536585 5.060976
852279 45 0.000000 0.000000 0.000000 -6.951220 0.670732 4.817073
852284 45 0.000000 0.000000 0.000000 -7.073171 -3.170732 4.146341
852289 45 0.000000 0.000000 0.000000 -8.414635 -2.560976 5.609756
852294 45 0.000000 0.000000 0.000000 -7.256098 0.304878 5.182927
852299 45 0.000000 0.000000 0.000000 -3.658537 -1.646341 4.024390
852304 45 0.000000 0.000000 0.000000 -3.170732 -1.890244 5.121951
852309 45 0.000000 0.000000 0.000000 -5.670732 0.670732 7.987805
852314 45 0.000000 0.000000 0.000000 -2.865854 5.609756 7.378049
852319 45 0.000000 0.000000 0.000000 5.121951 7.073171 5.487805
852324 45 0.000000 0.000000 0.000000 4.268293 4.207317 6.158537
852329 45 0.000000 0.000000 0.000000 -1.097561 3.780488 7.743903
852334 45 0.000000 0.000000 0.000000 0.914634 6.036585 8.353659
852339 45 0.000000 0.000000 0.000000 5.792683 8.414635 6.219512
852344 45 0.000000 0.000000 0.000000 4.512195 6.341464 5.548780
852349 45 0.000000 0.000000 0.000000 -1.097561 1.097561 8.353659
852354 45 0.000000 0.000000 0.000000 -3.902439 -2.134146 9.756098
852359 45 0.000000 0.000000 0.000000 -4.878049 0.182927 8.658537
852364 45 0.000000 0.000000 0.000000 -3.170732 3.475610 7.134147
852369 45 0.000000 0.000000 0.000000 -3.780488 2.987805 7.560976
852374 43 0.000000 0.000000 0.000000 -4.390244 2.987805 8.048780
852379 43 0.000000 0.000000 0.000000 -4.939024 6.158537 8.780488
852384 43 0.000000 0.000000 0.000000 -4.939024 5.609756 9.695122
852389 43 0.000000 0.000000 0.000000 0.243902 2.926829 9.512196
852394 43 0.000000 0.000000 0.000000 -0.731707 2.073171 9.329268
852399 43 0.000000 0.000000 0.000000 -2.378049 1.890244 9.085366
852404 43 0.000000 0.000000 0.000000 0.365854 4.146341 10.121951
852409 43 0.000000 0.000000 0.000000 5.548780 4.878049 9.756098
852414 43 0.000000 0.000000 0.000000 4.878049 4.451220 9.085366
852419 43 0.000000 0.000000 0.000000 0.548781 2.500000 8.658537
852424 43 0.000000 0.000000 0.000000 -1.097561 0.548781 9.207317
852429 43 0.000000 0.000000 0.000000 0.731707 1.402439 11.158537
852434 43 0.000000 0.000000 0.000000 1.097561 0.914634 11.646341
852439 43 0.000000 0.000000 0.000000 -0.121951 -1.402439 10.731708
852444 43 0.000000 0.000000 0.000000 -2.012195 -1.646341 10.914635
852449 43 0.000000 0.000000 0.000000 7.378049 1.402439 9.329268
852454 43 0.000000 0.000000 0.000000 9.512196 1.463415 8.048780
852459 43 0.000000 0.000000 0.000000 1.097561 -1.829268 9.878049
852464 43 0.000000 0.000000 0.000000 -4.573171 -2.987805 11.402439
852469 43 0.000000 0.000000 0.000000 -5.121951 -3.719512 11.280488
852474 43 0.000000 0.000000 0.000000 -5.000000 -4.817073 10.975610
852479 43 0.000000 0.000000 0.000000 -7.073171 -5.365854 11.341464
852484 43 0.000000 0.000000 0.000000 -4.878049 -4.939024 12.378049
852489 43 0.000000 0.000000 0.000000 1.341463 -2.804878 11.341464
852494 43 0.000000 0.000000 0.000000 2.743902 -3.353659 9.451220
852499 43 0.000000 0.000000 0.000000 -0.792683 -4.268293 11.280488
852504 43 0.000000 0.000000 0.000000 0.792683 -2.500000 12.012196
852509 43 0.000000 0.000000 0.000000 3.231707 -3.170732 10.487805
852514 43 0.000000 0.000000 0.000000 2.500000 -4.085366 11.402439
852519 43 0.000000 0.000000 0.000000 -0.365854 -0.548781 12.743903
852524 43 0.000000 0.000000 0.000000 0.548781 0.548781 11.646341
852529 43 0.000000 0.000000 0.000000 5.853659 1.341463 10.609756
852534 43 0.000000 0.000000 0.000000 6.036585 0.975610 10.975610
852539 43 0.000000 0.000000 0.000000 3.170732 1.890244 11.951220
852544 43 0.000000 0.000000 0.000000 3.292683 3.231707 11.768293
852549 43 0.000000 0.000000 0.000000 5.731708 0.792683 9.268292
852554 43 0.000000 0.000000 0.000000 4.146341 0.792683 9.268292
852559 43 0.000000 0.000000 0.000000 0.975610 4.695122 9.939025
852564 43 0.000000 0.000000 0.000000 -1.158537 5.000000 9.817074
852569 43 0.000000 0.000000 0.000000 -4.146341 1.707317 11.036586
852574 43 0.000000 0.000000 0.000000 -6.097561 0.853659 12.195122
852579 43 0.000000 0.000000 0.000000 -3.475610 0.060976 13.719513
852584 43 0.000000 0.000000 0.000000 -3.597561 0.000000 13.963415
852589 43 0.000000 0.000000 0.000000 -3.475610 -1.280488 13.353659
852594 43 0.000000 0.000000 0.000000 -0.731707 -0.365854 13.414635
852599 43 0.000000 0.000000 0.000000 -0.670732 0.060976 11.158537
852604 43 0.000000 0.000000 0.000000 -0.792683 -0.060976 9.695122
852609 43 0.000000 0.000000 0.000000 -1.585366 -0.243902 11.341464
852614 43 0.000000 0.000000 0.000000 -3.414634 -1.402439 12.621951
852619 43 0.000000 0.000000 0.000000 -0.731707 -0.487805 12.134147
852624 43 0.000000 0.000000 0.000000 -0.792683 -0.487805 11.524390
852629 43 0.000000 0.000000 0.000000 0.304878 0.853659 11.341464
852634 43 0.000000 0.000000 0.000000 1.890244 1.402439 11.219512
852639 43 0.000000 0.000000 0.000000 4.390244 -0.182927 10.304878
852644 43 0.000000 0.000000 0.000000 7.804878 1.890244 10.792684
852649 43 0.000000 0.000000 0.000000 7.439024 4.573171 12.012196
852654 43 0.000000 0.000000 0.000000 7.926829 2.195122 11.097561
852659 43 0.000000 0.000000 0.000000 10.426829 1.280488 11.097561
852664 43 0.000000 0.000000 0.000000 11.341464 2.012195 10.914635
852669 43 0.000000 0.000000 0.000000 7.256098 2.073171 10.487805
852674 43 0.000000 0.000000 0.000000 2.560976 2.195122 12.012196
852679 43 0.000000 0.000000 0.000000 0.609756 -2.012195 13.902439
852684 43 0.000000 0.000000 0.000000 0.365854 -2.682927 13.353659
852689 43 0.000000 0.000000 0.000000 -3.170732 -1.036585 12.317074
852694 43 0.000000 0.000000 0.000000 -4.939024 0.121951 12.500000
852699 43 0.000000 0.000000 0.000000 -4.878049 1.158537 12.926829
852704 43 0.000000 0.000000 0.000000 -5.548780 -0.243902 11.341464
852709 43 0.000000 0.000000 0.000000 -8.780488 0.365854 12.134147
852714 43 0.000000 0.000000 0.000000 -9.390244 1.646341 13.475610
852719 43 0.000000 0.000000 0.000000 -2.195122 -0.243902 12.256098
852724 43 0.000000 0.000000 0.000000 1.402439 -1.646341 10.975610
852729 43 0.000000 0.000000 0.000000 0.182927 0.548781 10.670732
852734 43 0.000000 0.000000 0.000000 -1.402439 0.000000 11.646341
852739 43 0.000000 0.000000 0.000000 -0.060976 -2.804878 10.365854
852744 43 0.000000 0.000000 0.000000 3.658537 -2.256098 8.719512
852749 43 0.000000 0.000000 0.000000 2.621951 1.463415 11.402439
852754 43 0.000000 0.000000 0.000000 1.219512 1.036585 12.500000
852759 43 0.000000 0.000000 0.000000 5.060976 -0.365854 11.524390
852764 43 0.000000 0.000000 0.000000 8.536586 1.219512 12.378049
852769 43 0.000000 0.000000 0.000000 6.585366 1.951220 11.829268
852774 43 0.000000 0.000000 0.000000 0.914634 1.890244 11.951220
852779 43 0.000000 0.000000 0.000000 -4.329268 -1.463415 14.329268
852784 43 0.000000 0.000000 0.000000 -2.743902 -2.012195 14.756098
852789 43 0.000000 0.000000 0.000000 -0.365854 0.060976 13.536586
852794 43 0.000000 0.000000 0.000000 -1.219512 0.792683 12.317074
852799 43 0.000000 0.000000 0.000000 -2.560976 0.975610 13.048780
852804 43 0.000000 0.000000 0.000000 -3.292683 1.219512 12.682927
852809 43 0.000000 0.000000 0.000000 -4.268293 0.975610 12.926829
852814 43 0.000000 0.000000 0.000000 -2.317073 2.073171 12.621951
852819 43 0.000000 0.000000 0.000000 0.121951 -0.853659 11.402439
852824 43 0.000000 0.000000 0.000000 2.073171 -1.463415 10.975610
852829 43 0.000000 0.000000 0.000000 2.926829 -0.792683 10.365854
852834 43 0.000000 0.000000 0.000000 0.670732 -1.097561 10.975610
852839 43 0.000000 0.000000 0.000000 -0.670732 -2.256098 10.975610
852844 43 0.000000 0.000000 0.000000 0.792683 -2.012195 9.329268
852849 43 0.000000 0.000000 0.000000 1.524390 1.219512 10.182927
852854 43 0.000000 0.000000 0.000000 -0.304878 1.890244 11.219512
852859 43 0.000000 0.000000 0.000000 1.402439 1.158537 10.548780
852864 43 0.000000 0.000000 0.000000 3.902439 1.463415 11.585366
852869 43 0.000000 0.000000 0.000000 3.536585 1.097561 12.195122
852874 43 0.000000 0.000000 0.000000 0.243902 2.012195 11.890244
852879 43 0.000000 0.000000 0.000000 1.402439 2.865854 10.792684
852884 43 0.000000 0.000000 0.000000 2.682927 1.036585 10.792684
852889 43 0.000000 0.000000 0.000000 1.646341 -0.914634 12.012196
852894 43 0.000000 0.000000 0.000000 -1.768293 -2.926829 10.487805
852899 43 0.000000 0.000000 0.000000 -7.195122 -5.121951 10.670732
852904 43 0.000000 0.000000 0.000000 -9.268292 -5.000000 11.585366
852909 43 0.000000 0.000000 0.000000 -7.073171 -5.243903 12.073171
852914 43 0.000000 0.000000 0.000000 -3.780488 -4.268293 11.402439
852919 43 0.000000 0.000000 0.000000 -3.170732 -2.256098 11.280488
852924 43 0.000000 0.000000 0.000000 -0.914634 1.097561 11.036586
852929 43 0.000000 0.000000 0.000000 2.621951 0.853659 9.817074
852934 43 0.000000 0.000000 0.000000 1.341463 -1.707317 10.000000
852939 43 0.000000 0.000000 0.000000 -4.146341 -2.682927 11.219512
852944 43 0.000000 0.000000 0.000000 -4.756098 -0.975610 9.756098
852949 43 0.000000 0.000000 0.000000 -1.219512 1.097561 9.329268
852954 43 0.000000 0.000000 0.000000 -1.768293 2.012195 10.975610
852959 43 0.000000 0.000000 0.000000 -1.890244 2.682927 10.914635
852964 43 0.000000 0.000000 0.000000 0.182927 0.975610 11.402439
852969 43 0.000000 0.000000 0.000000 1.341463 -0.060976 12.500000
852974 43 0.000000 0.000000 0.000000 2.195122 1.524390 12.378049
852979 43 0.000000 0.000000 0.000000 0.853659 2.560976 12.317074
852984 43 0.000000 0.000000 0.000000 -0.243902 0.304878 13.292684
852989 43 0.000000 0.000000 0.000000 3.109756 0.000000 13.658537
852994 44 0.000000 0.000000 0.000000 3.170732 0.243902 11.646341
852999 44 0.000000 0.000000 0.000000 -3.841464 -0.548781 11.036586
853004 44 0.000000 0.000000 0.000000 -10.182927 -1.524390 11.890244
853009 44 0.000000 0.000000 0.000000 -7.439024 -2.012195 11.219512
853014 44 0.000000 0.000000 0.000000 -3.353659 -2.012195 10.914635
853019 44 0.000000 0.000000 0.000000 -2.500000 -1.585366 11.219512
853024 44 0.000000 0.000000 0.000000 0.060976 0.853659 10.731708
853029 44 0.000000 0.000000 0.000000 3.170732 3.170732 9.756098
853034 44 0.000000 0.000000 0.000000 1.036585 1.341463 9.878049
853039 44 0.000000 0.000000 0.000000 -3.231707 -1.585366 11.219512
853044 44 0.000000 0.000000 0.000000 -1.890244 -1.219512 10.060976
853049 44 0.000000 0.000000 0.000000 2.134146 0.304878 10.853659
853054 44 0.000000 0.000000 0.000000 3.475610 0.243902 11.646341
853059 44 0.000000 0.000000 0.000000 6.402439 0.000000 11.036586
853064 44 0.000000 0.000000 0.000000 5.792683 1.280488 11.890244
853069 44 0.000000 0.000000 0.000000 3.719512 5.731708 11.768293
853074 44 0.000000 0.000000 0.000000 2.865854 5.365854 12.317074
853079 44 0.000000 0.000000 0.000000 2.378049 2.012195 11.951220
853084 44 0.000000 0.000000 0.000000 1.097561 1.280488 12.926829
853089 44 0.000000 0.000000 0.000000 -3.170732 0.731707 12.987805
853094 44 0.000000 0.000000 0.000000 -3.170732 0.609756 12.621951
853099 44 0.000000 0.000000 0.000000 4.817073 4.024390 12.378049
853104 44 0.000000 0.000000 0.000000 8.597561 5.792683 11.036586
853109 44 0.000000 0.000000 0.000000 0.670732 1.341463 12.195122
853114 44 0.000000 0.000000 0.000000 -6.463415 -1.097561 13.658537
853119 44 0.000000 0.000000 0.000000 -5.426829 -1.036585 15.304878
853124 44 0.000000 0.000000 0.000000 -4.024390 -0.304878 14.756098
853129 44 0.000000 0.000000 0.000000 -2.439024 -0.609756 13.170732
853134 44 0.000000 0.000000 0.000000 2.621951 1.951220 12.560976
853139 44 0.000000 0.000000 0.000000 -0.182927 3.109756 12.804878
853144 44 0.000000 0.000000 0.000000 -6.768293 0.304878 14.085366
853149 44 0.000000 0.000000 0.000000 -9.268292 -2.012195 14.939025
853154 44 0.000000 0.000000 0.000000 -8.353659 -2.256098 14.878049
853159 44 0.000000 0.000000 0.000000 -9.207317 -2.621951 15.426829
853164 44 0.000000 0.000000 0.000000 -7.560976 -3.536585 16.219513
853169 44 0.000000 0.000000 0.000000 0.365854 -1.585366 15.792684
853174 44 0.000000 0.000000 0.000000 2.987805 2.256098 14.756098
853179 44 0.000000 0.000000 0.000000 3.841464 3.841464 15.914635
853184 44 0.000000 0.000000 0.000000 4.634146 2.439024 15.548780
853189 44 0.000000 0.000000 0.000000 6.036585 3.292683 15.975610
853194 44 0.000000 0.000000 0.000000 7.378049 4.268293 16.402439
853199 44 0.000000 0.000000 0.000000 12.926829 -0.060976 16.036585
853204 44 0.000000 0.000000 0.000000 15.853659 -0.243902 15.426829
853209 44 0.000000 0.000000 0.000000 8.780488 3.170732 16.585365
853214 44 0.000000 0.000000 0.000000 3.658537 3.841464 16.341463
853219 44 0.000000 0.000000 0.000000 3.475610 1.463415 14.878049
853224 44 0.000000 0.000000 0.000000 4.085366 1.829268 15.000000
853229 44 0.000000 0.000000 0.000000 4.817073 2.621951 14.390244
853234 44 0.000000 0.000000 0.000000 9.207317 4.573171 13.597561
853239 44 0.000000 0.000000 0.000000 7.560976 7.926829 14.451220
853244 44 0.000000 0.000000 0.000000 4.146341 7.987805 15.914635
853249 44 0.000000 0.000000 0.000000 1.768293 5.304878 15.304878
853254 44 0.000000 0.000000 0.000000 -0.548781 5.000000 13.902439
853259 44 0.000000 0.000000 0.000000 -3.902439 6.585366 14.024390
853264 44 0.000000 0.000000 0.000000 -3.475610 7.073171 14.085366
853269 44 0.000000 0.000000 0.000000 0.670732 6.036585 12.926829
853274 44 0.000000 0.000000 0.000000 -0.365854 6.585366 13.048780
853279 44 0.000000 0.000000 0.000000 -5.121951 7.560976 15.243903
853284 44 0.000000 0.000000 0.000000 -6.219512 5.975610 16.097561
853289 44 0.000000 0.000000 0.000000 -4.878049 5.609756 15.609756
853294 44 0.000000 0.000000 0.000000 -1.524390 6.341464 15.304878
853299 44 0.000000 0.000000 0.000000 6.097561 5.060976 14.817074
853304 44 0.000000 0.000000 0.000000 7.560976 3.963415 13.841464
853309 44 0.000000 0.000000 0.000000 3.902439 4.085366 15.243903
853314 44 0.000000 0.000000 0.000000 2.804878 4.695122 15.304878
853319 44 0.000000 0.000000 0.000000 6.463415 6.158537 15.304878
853324 44 0.000000 0.000000 0.000000 5.792683 4.756098 15.609756
853329 44 0.000000 0.000000 0.000000 5.487805 1.829268 14.756098
853334 44 0.000000 0.000000 0.000000 6.890244 -0.670732 13.048780
853339 44 0.000000 0.000000 0.000000 2.378049 0.792683 14.329268
853344 44 0.000000 0.000000 0.000000 -1.097561 2.256098 14.878049
853349 44 0.000000 0.000000 0.000000 1.829268 4.207317 14.512196
853354 44 0.000000 0.000000 0.000000 2.195122 5.731708 14.390244
853359 44 0.000000 0.000000 0.000000 -1.890244 3.536585 15.792684
853364 44 0.000000 0.000000 0.000000 -4.390244 2.012195 15.975610
853369 44 0.000000 0.000000 0.000000 -5.304878 3.597561 16.585365
853374 44 0.000000 0.000000 0.000000 -6.646342 2.621951 15.304878
853379 44 0.000000 0.000000 0.000000 -2.865854 1.463415 13.902439
853384 44 0.000000 0.000000 0.000000 -0.914634 0.426829 13.963415
853389 44 0.000000 0.000000 0.000000 -6.524390 0.914634 15.487805
853394 44 0.000000 0.000000 0.000000 -10.121951 0.609756 17.256098
853399 44 0.000000 0.000000 0.000000 -6.890244 -0.792683 18.719513
853404 44 0.000000 0.000000 0.000000 -5.487805 -1.524390 16.646341
853409 44 0.000000 0.000000 0.000000 -4.024390 -1.463415 15.609756
853414 44 0.000000 0.000000 0.000000 -2.256098 -0.365854 14.939025
853419 44 0.000000 0.000000 0.000000 -4.451220 -0.487805 14.329268
853424 44 0.000000 0.000000 0.000000 -3.109756 1.341463 15.243903
853429 44 0.000000 0.000000 0.000000 -0.975610 -4.024390 16.097561
853434 44 0.000000 0.000000 0.000000 0.792683 -4.268293 16.219513
853439 44 0.000000 0.000000 0.000000 1.036585 -2.378049 16.341463
853444 44 0.000000 0.000000 0.000000 2.560976 1.280488 16.097561
853449 44 0.000000 0.000000 0.000000 1.341463 1.463415 16.341463
853454 44 0.000000 0.000000 0.000000 1.768293 0.853659 17.073172
853459 44 0.000000 0.000000 0.000000 2.743902 -0.853659 13.414635
853464 44 0.000000 0.000000 0.000000 2.317073 0.121951 12.804878
853469 44 0.000000 0.000000 0.000000 -0.548781 2.743902 14.146341
853474 44 0.000000 0.000000 0.000000 -0.182927 5.548780 13.841464
853479 44 0.000000 0.000000 0.000000 2.621951 7.439024 12.560976
853484 44 0.000000 0.000000 0.000000 2.621951 7.378049 13.841464
853489 44 0.000000 0.000000 0.000000 2.926829 6.524390 14.573171
853494 44 0.000000 0.000000 0.000000 3.048780 4.939024 14.573171
853499 44 0.000000 0.000000 0.000000 -2.256098 5.487805 13.719513
853504 44 0.000000 0.000000 0.000000 -3.353659 6.036585 13.353659
853509 44 0.000000 0.000000 0.000000 1.341463 6.341464 13.353659
853514 44 0.000000 0.000000 0.000000 1.707317 4.146341 12.865854
853519 44 0.000000 0.000000 0.000000 -1.585366 3.414634 13.109756
853524 44 0.000000 0.000000 0.000000 -1.402439 0.853659 14.817074
853529 44 0.000000 0.000000 0.000000 0.548781 0.670732 13.902439
853534 44 0.000000 0.000000 0.000000 -2.195122 1.341463 12.743903
853539 44 0.000000 0.000000 0.000000 -4.024390 -1.158537 12.378049
853544 44 0.000000 0.000000 0.000000 -4.146341 -2.621951 11.524390
853549 44 0.000000 0.000000 0.000000 -5.426829 -2.195122 12.317074
853554 44 0.000000 0.000000 0.000000 -6.097561 -1.463415 13.231708
853559 45 0.000000 0.000000 0.000000 -4.695122 -0.304878 12.378049
853564 45 0.000000 0.000000 0.000000 -6.280488 1.036585 11.829268
853569 45 0.000000 0.000000 0.000000 -7.012195 -2.317073 12.682927
853574 45 0.000000 0.000000 0.000000 -5.731708 -1.524390 11.890244
853579 45 0.000000 0.000000 0.000000 -3.719512 4.329268 13.109756
853584 45 0.000000 0.000000 0.000000 -1.951220 5.914634 12.256098
853589 45 0.000000 0.000000 0.000000 1.036585 3.109756 10.304878
853594 45 0.000000 0.000000 0.000000 0.609756 4.207317 10.609756
853599 45 0.000000 0.000000 0.000000 3.963415 3.109756 10.975610
853604 45 0.000000 0.000000 0.000000 6.402439 1.341463 11.097561
853609 45 0.000000 0.000000 0.000000 2.926829 1.646341 13.536586
853614 45 0.000000 0.000000 0.000000 0.914634 2.682927 12.621951
853619 45 0.000000 0.000000 0.000000 1.768293 2.134146 11.402439
853624 45 0.000000 0.000000 0.000000 1.768293 4.085366 11.219512
853629 45 0.000000 0.000000 0.000000 5.060976 4.329268 9.878049
853634 45 0.000000 0.000000 0.000000 7.500000 5.487805 9.512196
853639 45 0.000000 0.000000 0.000000 2.012195 6.097561 10.365854
853644 45 0.000000 0.000000 0.000000 -2.195122 5.792683 10.426829
853649 45 0.000000 0.000000 0.000000 -1.280488 5.060976 10.426829
853654 45 0.000000 0.000000 0.000000 -1.463415 3.963415 10.731708
853659 45 0.000000 0.000000 0.000000 2.378049 1.951220 10.000000
853664 45 0.000000 0.000000 0.000000 4.695122 4.512195 9.390244
853669 45 0.000000 0.000000 0.000000 0.304878 8.048780 8.841464
853674 45 0.000000 0.000000 0.000000 -3.475610 6.219512 8.231708
853679 45 0.000000 0.000000 0.000000 -2.012195 3.475610 8.719512
853684 45 0.000000 0.000000 0.000000 1.036585 3.353659 8.719512
853689 45 0.000000 0.000000 0.000000 4.268293 0.000000 7.317073
853694 45 0.000000 0.000000 0.000000 3.841464 2.560976 7.743903
853699 45 0.000000 0.000000 0.000000 -1.890244 7.134147 8.231708
853704 45 0.000000 0.000000 0.000000 -3.658537 7.987805 8.475610
853709 45 0.000000 0.000000 0.000000 -1.158537 6.646342 7.317073
853714 45 0.000000 0.000000 0.000000 -0.365854 5.975610 7.500000
853719 45 0.000000 0.000000 0.000000 -0.914634 3.536585 6.219512
853724 45 0.000000 0.000000 0.000000 -1.524390 0.121951 5.365854
853729 45 0.000000 0.000000 0.000000 -5.365854 1.280488 6.280488
853734 45 0.000000 0.000000 0.000000 -5.060976 3.841464 6.707317
853739 45 0.000000 0.000000 0.000000 -1.036585 8.231708 5.670732
853744 45 0.000000 0.000000 0.000000 -0.914634 7.926829 5.365854
853749 45 0.000000 0.000000 0.000000 0.548781 4.756098 4.695122
853754 45 0.000000 0.000000 0.000000 2.560976 4.329268 4.695122
853759 45 0.000000 0.000000 0.000000 -1.402439 5.914634 5.487805
853764 45 0.000000 0.000000 0.000000 -4.939024 4.085366 3.841464
853769 45 0.000000 0.000000 0.000000 -5.121951 3.170732 3.414634
853774 45 0.000000 0.000000 0.000000 -4.695122 2.500000 2.682927
853779 45 0.000000 0.000000 0.000000 1.341463 2.134146 0.731707
853784 45 0.000000 0.000000 0.000000 3.597561 1.585366 -0.548781
853789 45 0.000000 0.000000 0.000000 -2.134146 2.256098 0.121951
853794 45 0.000000 0.000000 0.000000 -4.756098 1.036585 0.182927
853799 45 0.000000 0.000000 0.000000 -3.231707 -0.243902 1.036585
853804 45 0.000000 0.000000 0.000000 -1.341463 -0.426829 0.121951
853809 45 0.000000 0.000000 0.000000 2.560976 0.243902 -1.707317
853814 45 0.000000 0.000000 0.000000 3.170732 1.158537 -2.012195
853819 45 0.000000 0.000000 0.000000 3.902439 5.060976 -2.256098
853824 45 0.000000 0.000000 0.000000 6.402439 7.804878 -1.890244
853829 45 0.000000 0.000000 0.000000 5.548780 6.402439 -2.317073
853834 45 0.000000 0.000000 0.000000 3.719512 4.451220 -1.524390
853839 45 0.000000 0.000000 0.000000 2.256098 2.743902 -2.926829
853844 45 0.000000 0.000000 0.000000 1.585366 3.780488 -3.353659
853849 45 0.000000 0.000000 0.000000 -0.975610 4.329268 -1.707317
853854 45 0.000000 0.000000 0.000000 -3.048780 0.914634 -2.682927
853859 45 0.000000 0.000000 0.000000 -1.524390 3.048780 -5.304878
853864 45 0.000000 0.000000 0.000000 -1.158537 6.402439 -5.182927
853869 45 0.000000 0.000000 0.000000 1.585366 7.012195 -4.451220
853874 45 0.000000 0.000000 0.000000 2.743902 5.670732 -5.731708
853879 45 0.000000 0.000000 0.000000 -1.280488 6.097561 -5.548780
853884 45 0.000000 0.000000 0.000000 -5.121951 6.829268 -5.060976
853889 45 0.000000 0.000000 0.000000 0.182927 7.317073 -7.012195
853894 45 0.000000 0.000000 0.000000 5.365854 8.292683 -7.804878
853899 45 0.000000 0.000000 0.000000 3.841464 6.219512 -7.317073
853904 45 0.000000 0.000000 0.000000 2.256098 4.268293 -5.731708
853909 45 0.000000 0.000000 0.000000 1.097561 6.524390 -6.524390
853914 45 0.000000 0.000000 0.000000 -0.792683 6.097561 -7.621952
853919 45 0.000000 0.000000 0.000000 1.585366 3.292683 -10.609756
853924 45 0.000000 0.000000 0.000000 1.341463 2.560976 -12.621951
853929 45 0.000000 0.000000 0.000000 -2.317073 3.902439 -12.073171
853934 45 0.000000 0.000000 0.000000 -3.353659 5.121951 -10.670732
853939 45 0.000000 0.000000 0.000000 -1.768293 6.036585 -9.695122
853944 45 0.000000 0.000000 0.000000 0.060976 5.853659 -10.487805
853949 45 0.000000 0.000000 0.000000 7.134147 3.780488 -11.402439
853954 45 0.000000 0.000000 0.000000 9.817074 2.073171 -11.402439
853959 45 0.000000 0.000000 0.000000 5.914634 5.853659 -11.890244
853964 45 0.000000 0.000000 0.000000 5.426829 8.658537 -11.524390
853969 45 0.000000 0.000000 0.000000 10.060976 9.146341 -11.646341
853974 45 0.000000 0.000000 0.000000 9.268292 5.975610 -11.890244
853979 45 0.000000 0.000000 0.000000 4.146341 2.804878 -12.256098
853984 45 0.000000 0.000000 0.000000 1.036585 0.487805 -13.536586
853989 45 0.000000 0.000000 0.000000 -0.487805 1.829268 -11.951220
853994 45 0.000000 0.000000 0.000000 -0.243902 1.951220 -10.487805
853999 45 0.000000 0.000000 0.000000 0.792683 -0.853659 -12.134147
854004 45 0.000000 0.000000 0.000000 1.524390 -0.060976 -13.475610
854009 45 0.000000 0.000000 0.000000 -2.012195 3.536585 -13.353659
854014 45 0.000000 0.000000 0.000000 -4.085366 5.670732 -11.524390
854019 45 0.000000 0.000000 0.000000 0.670732 9.451220 -11.036586
854024 45 0.000000 0.000000 0.000000 3.658537 9.207317 -12.134147
854029 45 0.000000 0.000000 0.000000 -0.182927 3.841464 -11.341464
854034 45 0.000000 0.000000 0.000000 -2.195122 1.463415 -10.487805
854039 45 0.000000 0.000000 0.000000 0.000000 0.731707 -11.585366
854044 45 0.000000 0.000000 0.000000 2.560976 4.207317 -12.012196
854049 45 0.000000 0.000000 0.000000 1.402439 5.609756 -11.280488
854054 45 0.000000 0.000000 0.000000 3.170732 4.573171 -11.158537
854059 45 0.000000 0.000000 0.000000 4.756098 4.756098 -10.975610
854064 45 0.000000 0.000000 0.000000 6.646342 4.512195 -11.036586
854069 45 0.000000 0.000000 0.000000 13.597561 4.756098 -12.012196
854074 45 0.000000 0.000000 0.000000 14.085366 4.207317 -12.195122
854079 45 0.000000 0.000000 0.000000 9.695122 5.365854 -12.804878
854084 45 0.000000 0.000000 0.000000 6.280488 4.085366 -12.804878
854089 45 0.000000 0.000000 0.000000 5.731708 0.060976 -13.109756
854094 45 0.000000 0.000000 0.000000 8.597561 -1.524390 -12.560976
854099 44 0.000000 0.000000 0.000000 7.987805 -2.073171 -10.975610
854104 44 0.000000 0.000000 0.000000 5.243903 -2.926829 -11.463415
854109 44 0.000000 0.000000 0.000000 1.829268 -1.890244 -11.524390
854114 44 0.000000 0.000000 0.000000 -3.414634 0.304878 -11.341464
854119 44 0.000000 0.000000 -10.000000 -1.646341 0.243902 -12.804878
854124 44 0.000000 0.000000 -10.000000 1.219512 1.463415 -12.865854
854129 44 0.000000 0.000000 -10.000000 1.951220 4.634146 -13.719513
854134 44 0.000000 0.000000 -10.000000 0.243902 4.329268 -13.780488
854139 44 0.000000 0.000000 0.000000 -0.975610 2.743902 -12.743903
854144 44 0.000000 0.000000 0.000000 0.426829 2.743902 -11.402439
854149 44 0.000000 0.000000 0.000000 0.365854 5.914634 -10.548780
854154 44 0.000000 0.000000 0.000000 0.000000 6.280488 -11.829268
854159 44 0.000000 0.000000 0.000000 3.780488 4.268293 -13.902439
854164 44 0.000000 0.000000 0.000000 6.707317 5.426829 -13.414635
854169 44 0.000000 0.000000 0.000000 4.573171 8.841464 -11.951220
854174 44 0.000000 0.000000 0.000000 2.743902 7.378049 -10.426829
854179 44 0.000000 0.000000 0.000000 5.792683 4.329268 -10.548780
854184 44 0.000000 0.000000 0.000000 5.000000 2.500000 -9.939025
854189 44 0.000000 0.000000 0.000000 0.365854 3.963415 -8.353659
854194 44 0.000000 0.000000 0.000000 -0.243902 4.390244 -8.902439
854199 44 0.000000 0.000000 0.000000 3.048780 1.158537 -9.695122
854204 44 0.000000 0.000000 0.000000 3.414634 0.182927 -9.207317
854209 44 0.000000 0.000000 0.000000 -5.792683 0.426829 -7.256098
854214 44 0.000000 0.000000 0.000000 -6.402439 0.121951 -6.524390
854219 44 0.000000 0.000000 0.000000 -1.097561 -0.731707 -8.719512
854224 44 0.000000 0.000000 0.000000 4.939024 0.304878 -9.878049
854229 44 0.000000 0.000000 0.000000 7.134147 2.317073 -8.780488
854234 44 0.000000 0.000000 0.000000 8.353659 3.048780 -7.560976
854239 44 0.000000 0.000000 0.000000 10.853659 0.548781 -6.890244
854244 44 0.000000 0.000000 0.000000 10.853659 -0.365854 -6.707317
854249 44 0.000000 0.000000 0.000000 8.292683 0.731707 -6.768293
854254 44 0.000000 0.000000 0.000000 5.243903 2.012195 -6.768293
854259 44 0.000000 0.000000 0.000000 3.719512 1.829268 -8.048780
854264 44 0.000000 0.000000 0.000000 5.243903 2.804878 -8.658537
854269 44 0.000000 0.000000 0.000000 3.963415 3.353659 -7.621952
854274 44 0.000000 0.000000 0.000000 1.402439 1.036585 -6.707317
854279 44 0.000000 0.000000 0.000000 4.939024 1.829268 -7.073171
854284 44 0.000000 0.000000 0.000000 6.097561 3.536585 -9.146341
854289 44 0.000000 0.000000 0.000000 5.243903 3.353659 -9.268292
854294 44 0.000000 0.000000 0.000000 3.292683 2.012195 -7.743903
854299 44 0.000000 0.000000 0.000000 2.743902 0.304878 -7.987805
854304 44 0.000000 0.000000 0.000000 4.146341 1.341463 -8.109756
854309 44 0.000000 0.000000 0.000000 0.975610 2.317073 -8.292683
854314 44 0.000000 0.000000 0.000000 0.243902 0.000000 -9.451220
854319 44 0.000000 0.000000 0.000000 5.000000 1.280488 -9.390244
854324 44 0.000000 0.000000 0.000000 6.219512 1.585366 -9.756098
854329 44 0.000000 0.000000 0.000000 3.475610 0.914634 -9.390244
854334 44 0.000000 0.000000 0.000000 0.487805 -0.731707 -9.268292
854339 44 0.000000 0.000000 0.000000 3.841464 -3.170732 -10.670732
854344 44 0.000000 0.000000 0.000000 4.939024 -2.987805 -10.304878
854349 44 0.000000 0.000000 0.000000 1.097561 -2.804878 -8.597561
854354 44 0.000000 0.000000 0.000000 -0.609756 -2.865854 -8.353659
854359 44 0.000000 0.000000 0.000000 2.560976 -0.609756 -9.512196
854364 44 0.000000 0.000000 0.000000 3.231707 -0.365854 -9.390244
854369 44 0.000000 0.000000 0.000000 -0.243902 -0.365854 -8.536586
854374 44 0.000000 0.000000 0.000000 -1.707317 0.243902 -7.926829
854379 44 0.000000 0.000000 0.000000 0.914634 -0.914634 -9.695122
854384 44 0.000000 0.000000 0.000000 5.000000 -0.609756 -9.878049
854389 44 0.000000 0.000000 0.000000 4.512195 -1.036585 -7.256098
854394 44 0.000000 0.000000 0.000000 2.865854 -3.719512 -6.524390
854399 44 0.000000 0.000000 0.000000 3.719512 -3.292683 -7.621952
854404 44 0.000000 0.000000 0.000000 2.926829 -0.670732 -8.475610
854409 44 0.000000 0.000000 0.000000 0.609756 0.914634 -8.048780
854414 44 0.000000 0.000000 0.000000 0.487805 0.000000 -6.768293
854419 44 0.000000 0.000000 0.000000 1.463415 -1.951220 -6.585366
854424 44 0.000000 0.000000 0.000000 3.719512 -1.402439 -6.402439
854429 44 0.000000 0.000000 0.000000 3.048780 1.280488 -5.121951
854434 44 0.000000 0.000000 0.000000 1.341463 -1.585366 -3.841464
854439 43 0.000000 0.000000 0.000000 6.768293 -4.878049 -4.329268
854444 43 0.000000 0.000000 0.000000 6.036585 -3.048780 -6.158537
854449 43 0.000000 0.000000 0.000000 1.158537 1.158537 -7.804878
854454 43 0.000000 0.000000 0.000000 0.060976 1.829268 -6.646342
854459 43 0.000000 0.000000 0.000000 -0.792683 0.304878 -5.121951
854464 43 0.000000 0.000000 0.000000 -2.256098 -0.487805 -4.329268
854469 43 0.000000 0.000000 0.000000 -4.451220 4.268293 -2.256098
854474 43 0.000000 0.000000 0.000000 -4.268293 3.414634 -3.414634
854479 42 0.000000 0.000000 0.000000 1.585366 0.243902 -6.036585
854484 42 0.000000 0.000000 0.000000 4.390244 0.000000 -6.951220
854489 42 0.000000 0.000000 0.000000 0.548781 0.182927 -6.646342
854494 42 0.000000 0.000000 0.000000 -1.829268 -1.890244 -5.548780
854499 42 0.000000 0.000000 0.000000 -1.890244 -3.231707 -3.841464
854504 42 0.000000 0.000000 0.000000 0.365854 -2.560976 -2.073171
854509 42 0.000000 0.000000 0.000000 -0.609756 -2.682927 -2.743902
854514 42 0.000000 0.000000 0.000000 -2.134146 -3.353659 -4.878049
854519 41 0.000000 0.000000 0.000000 -1.341463 -4.451220 -5.853659
854524 41 0.000000 0.000000 0.000000 -2.317073 -4.634146 -4.939024
854529 41 0.000000 0.000000 0.000000 -3.902439 -4.207317 -3.902439
854534 41 0.000000 0.000000 0.000000 -3.902439 -3.048780 -2.621951
854539 40 0.000000 0.000000 0.000000 -0.853659 -4.878049 -2.073171
854544 40 0.000000 0.000000 0.000000 2.621951 -5.243903 -0.487805
854549 40 0.000000 0.000000 0.000000 5.609756 -4.817073 -1.707317
854554 40 0.000000 0.000000 0.000000 6.646342 -5.121951 -3.780488
854559 40 0.000000 0.000000 0.000000 6.280488 -4.207317 -3.231707
854564 40 0.000000 0.000000 0.000000 5.609756 -4.756098 -1.646341
854569 40 0.000000 0.000000 0.000000 9.817074 -6.219512 -2.439024
854574 40 0.000000 0.000000 0.000000 10.426829 -5.365854 -3.109756
854579 40 0.000000 0.000000 0.000000 9.268292 -4.634146 -3.109756
854584 40 0.000000 0.000000 0.000000 8.719512 -4.878049 -1.890244
854589 40 0.000000 0.000000 0.000000 4.939024 -5.731708 -1.707317
854594 40 0.000000 0.000000 0.000000 0.182927 -6.463415 -3.109756
854599 40 0.000000 0.000000 0.000000 -6.402439 -7.621952 -1.646341
854604 40 0.000000 0.000000 0.000000 -5.731708 -7.682927 -1.280488
854609 40 0.000000 0.000000 0.000000 1.341463 -7.500000 -2.012195
854614 40 0.000000 0.000000 0.000000 5.792683 -6.585366 -1.280488
854619 40 0.000000 0.000000 0.000000 4.634146 -8.841464 -2.134146
854624 40 0.000000 0.000000 0.000000 4.817073 -10.000000 -2.073171
854629 40 0.000000 0.000000 0.000000 4.878049 -6.707317 -2.073171
854634 40 0.000000 0.000000 0.000000 6.768293 -4.329268 -2.743902
854639 40 0.000000 0.000000 0.000000 8.109756 -5.731708 -1.158537
854644 40 0.000000 0.000000 0.000000 7.134147 -7.012195 -0.426829
854649 40 0.000000 0.000000 0.000000 8.353659 -7.926829 -0.670732
854654 40 0.000000 0.000000 0.000000 11.219512 -7.073171 -0.243902
854659 40 0.000000 0.000000 0.000000 11.646341 -5.975610 -1.280488
854664 40 0.000000 0.000000 0.000000 9.329268 -6.768293 -1.280488
854669 40 0.000000 0.000000 0.000000 8.719512 -7.682927 -1.402439
854674 40 0.000000 0.000000 0.000000 9.268292 -7.195122 -1.951220
854679 40 0.000000 0.000000 0.000000 8.658537 -6.219512 -1.158537
854684 40 0.000000 0.000000 0.000000 6.158537 -5.670732 -0.060976
854689 40 0.000000 0.000000 0.000000 5.731708 -6.219512 0.182927
854694 40 0.000000 0.000000 0.000000 6.341464 -7.195122 -1.341463
854699 40 0.000000 0.000000 0.000000 2.926829 -9.085366 -2.012195
854704 40 0.000000 0.000000 0.000000 1.219512 -7.195122 -0.548781
854709 40 0.000000 0.000000 0.000000 -0.609756 -6.097561 -1.219512
854714 40 0.000000 0.000000 0.000000 -1.219512 -7.560976 -1.768293
854719 40 0.000000 0.000000 0.000000 0.853659 -8.475610 -1.280488
854724 40 0.000000 0.000000 0.000000 2.012195 -7.256098 -2.560976
854729 40 0.000000 0.000000 0.000000 5.792683 -5.000000 -4.085366
854734 40 0.000000 0.000000 0.000000 6.219512 -7.317073 -3.597561
854739 40 0.000000 0.000000 0.000000 2.500000 -8.658537 -1.707317
854744 40 0.000000 0.000000 0.000000 0.914634 -8.048780 0.304878
854749 40 0.000000 0.000000 0.000000 -1.097561 -8.109756 0.792683
854754 40 0.000000 0.000000 0.000000 -0.975610 -7.560976 0.243902
854759 40 0.000000 0.000000 0.000000 0.731707 -6.402439 -0.121951
854764 40 0.000000 0.000000 0.000000 3.231707 -6.707317 -1.097561
854769 40 0.000000 0.000000 0.000000 5.304878 -7.073171 -1.829268
854774 40 0.000000 0.000000 0.000000 3.841464 -6.951220 -1.829268
854779 40 0.000000 0.000000 0.000000 -0.975610 -7.439024 -0.975610
854784 40 0.000000 0.000000 0.000000 -2.439024 -7.195122 -0.670732
854789 40 0.000000 0.000000 0.000000 -1.890244 -6.707317 -1.097561
854794 40 0.000000 0.000000 0.000000 -3.719512 -9.878049 -1.341463
854799 40 0.000000 0.000000 0.000000 -2.378049 -10.243902 -2.865854
854804 40 0.000000 0.000000 0.000000 -0.182927 -8.780488 -2.926829
854809 40 0.000000 0.000000 0.000000 4.390244 -7.195122 -1.524390
854814 40 0.000000 0.000000 0.000000 4.268293 -8.841464 -2.743902
854819 40 0.000000 0.000000 0.000000 -0.914634 -10.000000 -1.707317
854824 40 0.000000 0.000000 0.000000 -4.451220 -9.207317 0.609756
854829 40 0.000000 0.000000 0.000000 0.304878 -7.987805 -0.914634
854834 40 0.000000 0.000000 0.000000 2.743902 -7.865854 -1.768293
854839 40 0.000000 0.000000 0.000000 2.317073 -9.207317 -2.743902
854844 40 0.000000 0.000000 0.000000 3.841464 -7.987805 -3.231707
854849 40 0.000000 0.000000 0.000000 5.487805 -7.012195 -2.134146
854854 40 0.000000 0.000000 0.000000 5.487805 -9.329268 -2.621951
854859 40 0.000000 0.000000 0.000000 -0.792683 -10.121951 -0.243902
854864 40 0.000000 0.000000 0.000000 -0.121951 -8.414635 1.402439
854869 40 0.000000 0.000000 0.000000 2.256098 -7.926829 -0.914634
854874 40 0.000000 0.000000 0.000000 2.804878 -7.560976 -1.890244
854879 40 0.000000 0.000000 0.000000 2.682927 -7.073171 -0.975610
854884 40 0.000000 0.000000 0.000000 2.804878 -6.829268 -1.036585
854889 40 0.000000 0.000000 0.000000 2.682927 -7.682927 -2.134146
854894 40 0.000000 0.000000 0.000000 -0.060976 -8.475610 -4.085366
854899 40 0.000000 0.000000 0.000000 -4.329268 -7.378049 -3.963415
854904 40 0.000000 0.000000 0.000000 -4.085366 -5.792683 -2.621951
854909 40 0.000000 0.000000 0.000000 -1.219512 -6.768293 -2.378049
854914 40 0.000000 0.000000 0.000000 -0.853659 -7.012195 -2.560976
854919 41 0.000000 0.000000 0.000000 -0.792683 -4.695122 -2.682927
854924 41 0.000000 0.000000 0.000000 0.487805 -2.865854 -1.707317
854929 41 0.000000 0.000000 0.000000 -0.182927 -4.451220 -1.036585
854934 41 0.000000 0.000000 0.000000 -1.219512 -5.182927 -1.585366
854939 41 0.000000 0.000000 0.000000 -3.231707 -5.914634 -2.073171
854944 41 0.000000 0.000000 0.000000 -0.487805 -4.146341 -1.951220
854949 41 0.000000 0.000000 0.000000 2.439024 -5.548780 -2.621951
854954 41 0.000000 0.000000 0.000000 4.512195 -6.158537 -3.475610
854959 40 0.000000 0.000000 0.000000 8.231708 -4.451220 -4.512195
854964 40 0.000000 0.000000 0.000000 6.524390 -4.451220 -3.841464
854969 40 0.000000 0.000000 0.000000 2.195122 -3.719512 -2.134146
854974 40 0.000000 0.000000 0.000000 -1.524390 -5.000000 -2.134146
854979 40 0.000000 0.000000 0.000000 -0.792683 -5.121951 -2.073171
854984 40 0.000000 0.000000 0.000000 -0.304878 -4.512195 -2.012195
854989 40 0.000000 0.000000 0.000000 -1.646341 -7.500000 -3.841464
854994 40 0.000000 0.000000 0.000000 -0.548781 -7.195122 -3.292683
854999 41 0.000000 0.000000 0.000000 -1.158537 -4.878049 -2.926829
855004 41 0.000000 0.000000 0.000000 -1.280488 -4.451220 -4.024390
855009 41 0.000000 0.000000 0.000000 0.487805 -4.512195 -3.475610
855014 41 0.000000 0.000000 0.000000 1.829268 -4.817073 -3.597561
855019 40 0.000000 0.000000 0.000000 3.048780 -6.097561 -3.353659
855024 40 0.000000 0.000000 0.000000 6.646342 -4.878049 -2.926829
855029 40 0.000000 0.000000 0.000000 4.268293 -5.853659 -4.512195
855034 40 0.000000 0.000000 0.000000 2.256098 -6.036585 -3.902439
855039 41 0.000000 0.000000 0.000000 -0.121951 -5.548780 -2.865854
855044 41 0.000000 0.000000 0.000000 -0.914634 -5.548780 -4.573171
855049 41 0.000000 0.000000 0.000000 0.853659 -3.902439 -4.817073
855054 41 0.000000 0.000000 0.000000 0.670732 -2.012195 -3.536585
855059 41 0.000000 0.000000 0.000000 -0.853659 -3.048780 -2.987805
855064 41 0.000000 0.000000 0.000000 -1.097561 -4.207317 -2.560976
855069 41 0.000000 0.000000 0.000000 -0.243902 -1.707317 -4.024390
855074 41 0.000000 0.000000 0.000000 -0.853659 0.121951 -4.878049
855079 40 0.000000 0.000000 0.000000 -0.975610 -3.109756 -4.085366
855084 40 0.000000 0.000000 0.000000 0.548781 -5.609756 -4.695122
855089 40 0.000000 0.000000 0.000000 4.878049 -2.439024 -5.182927
855094 40 0.000000 0.000000 0.000000 5.670732 -3.048780 -3.536585
855099 40 0.000000 0.000000 0.000000 2.621951 -4.024390 -1.829268
855104 40 0.000000 0.000000 0.000000 1.463415 -3.658537 -0.487805
855109 40 0.000000 0.000000 0.000000 0.182927 -5.426829 -0.426829
855114 40 0.000000 0.000000 0.000000 2.439024 -5.182927 -0.914634
855119 40 0.000000 0.000000 0.000000 2.134146 -6.280488 -1.890244
855124 40 0.000000 0.000000 0.000000 -0.609756 -6.097561 -4.146341
855129 40 0.000000 0.000000 0.000000 -0.548781 -5.243903 -4.085366
855134 40 0.000000 0.000000 0.000000 -1.219512 -4.207317 -3.292683
855139 40 0.000000 0.000000 0.000000 -4.878049 -3.475610 -3.170732
855144 40 0.000000 0.000000 0.000000 -6.463415 -3.963415 -2.987805
855149 40 0.000000 0.000000 0.000000 -7.256098 -7.073171 -0.609756
855154 40 0.000000 0.000000 0.000000 -6.280488 -7.560976 -0.731707
855159 40 0.000000 0.000000 0.000000 -6.463415 -6.158537 -2.439024
855164 40 0.000000 0.000000 0.000000 -5.975610 -7.317073 -4.878049
855169 40 0.000000 0.000000 0.000000 -4.329268 -9.573171 -4.573171
855174 40 0.000000 0.000000 0.000000 -3.048780 -9.024390 -3.902439
855179 40 0.000000 0.000000 0.000000 -1.341463 -7.621952 -5.121951
855184 40 0.000000 0.000000 0.000000 -2.378049 -8.597561 -4.268293
855189 40 0.000000 0.000000 0.000000 -3.658537 -10.182927 -3.170732
855194 40 0.000000 0.000000 0.000000 -2.439024 -10.182927 -3.902439
855199 40 0.000000 0.000000 0.000000 -0.304878 -10.243902 -4.756098
855204 40 0.000000 0.000000 0.000000 -0.853659 -10.182927 -4.573171
855209 40 0.000000 0.000000 0.000000 -2.804878 -7.804878 -4.024390
855214 40 0.000000 0.000000 0.000000 -1.951220 -4.878049 -3.414634
855219 40 0.000000 0.000000 0.000000 -0.304878 -5.670732 -5.487805
855224 40 0.000000 0.000000 0.000000 -0.853659 -8.170732 -7.012195
855229 40 0.000000 0.000000 0.000000 -0.487805 -8.048780 -5.975610
855234 40 0.000000 0.000000 0.000000 0.243902 -6.463415 -6.402439
855239 41 0.000000 0.000000 0.000000 1.402439 -8.048780 -6.097561
855244 41 0.000000 0.000000 0.000000 -0.365854 -8.841464 -4.695122
855249 41 0.000000 0.000000 0.000000 -0.670732 -4.634146 -7.073171
855254 41 0.000000 0.000000 0.000000 0.792683 -4.085366 -7.439024
855259 40 0.000000 0.000000 0.000000 1.524390 -5.487805 -5.853659
855264 40 0.000000 0.000000 0.000000 0.243902 -5.243903 -7.195122
855269 40 0.000000 0.000000 0.000000 -0.914634 -4.878049 -8.048780
855274 40 0.000000 0.000000 0.000000 -0.914634 -5.731708 -8.231708
855279 41 0.000000 0.000000 0.000000 -2.256098 -7.317073 -8.780488
855284 41 0.000000 0.000000 0.000000 -0.792683 -4.878049 -7.134147
855289 41 0.000000 0.000000 0.000000 -0.121951 -2.926829 -5.548780
855294 41 0.000000 0.000000 0.000000 -1.402439 -4.695122 -6.951220
855299 41 0.000000 0.000000 0.000000 1.646341 -4.268293 -8.292683
855304 41 0.000000 0.000000 0.000000 2.682927 -3.292683 -8.170732
855309 41 0.000000 0.000000 0.000000 2.926829 -2.560976 -8.597561
855314 41 0.000000 0.000000 0.000000 3.048780 -2.500000 -8.414635
855319 41 0.000000 0.000000 0.000000 -1.219512 -2.073171 -8.170732
855324 41 0.000000 0.000000 0.000000 -3.170732 -1.585366 -9.024390
855329 41 0.000000 0.000000 0.000000 -2.073171 -2.682927 -8.170732
855334 41 0.000000 0.000000 0.000000 -1.402439 -1.951220 -7.865854
855339 41 0.000000 0.000000 0.000000 0.060976 -2.134146 -8.902439
855344 41 0.000000 0.000000 0.000000 2.256098 -5.000000 -9.207317
855349 41 0.000000 0.000000 0.000000 3.902439 -4.817073 -9.939025
855354 41 0.000000 0.000000 0.000000 0.853659 -3.353659 -9.878049
855359 41 0.000000 0.000000 0.000000 -1.707317 -3.109756 -9.878049
855364 41 0.000000 0.000000 0.000000 -0.365854 -3.109756 -9.634147
855369 41 0.000000 0.000000 0.000000 1.646341 -2.804878 -9.085366
855374 41 0.000000 0.000000 0.000000 4.146341 -2.439024 -10.182927
855379 41 0.000000 0.000000 0.000000 4.939024 -1.829268 -12.743903
855384 41 0.000000 0.000000 0.000000 -0.426829 -2.439024 -13.414635
855389 41 0.000000 0.000000 0.000000 -7.682927 -2.073171 -11.402439
855394 41 0.000000 0.000000 0.000000 -8.109756 -0.670732 -9.512196
855399 41 0.000000 0.000000 0.000000 -5.914634 -3.292683 -8.841464
855404 41 0.000000 0.000000 0.000000 -6.158537 -2.743902 -8.719512
855409 41 0.000000 0.000000 0.000000 -1.402439 0.548781 -9.573171
855414 41 0.000000 0.000000 0.000000 -0.914634 -0.731707 -10.304878
855419 41 0.000000 0.000000 0.000000 -6.646342 -3.048780 -9.024390
855424 41 0.000000 0.000000 0.000000 -6.463415 -2.378049 -7.560976
855429 41 0.000000 0.000000 0.000000 -3.902439 -2.073171 -8.780488
855434 41 0.000000 0.000000 0.000000 -2.560976 -1.707317 -9.024390
855439 42 0.000000 0.000000 0.000000 0.487805 0.304878 -8.292683
855444 42 0.000000 0.000000 0.000000 1.036585 -0.426829 -9.817074
855449 42 0.000000 0.000000 0.000000 -5.304878 -2.256098 -9.878049
855454 42 0.000000 0.000000 0.000000 -7.500000 -2.439024 -9.451220
855459 42 0.000000 0.000000 0.000000 -5.975610 -3.658537 -8.109756
855464 42 0.000000 0.000000 0.000000 -5.000000 -4.451220 -7.073171
855469 42 0.000000 0.000000 0.000000 -4.634146 -2.926829 -8.353659
855474 42 0.000000 0.000000 0.000000 -3.475610 -3.231707 -10.000000
855479 42 0.000000 0.000000 0.000000 -5.121951 -4.085366 -9.756098
855484 42 0.000000 0.000000 0.000000 -7.134147 -4.207317 -8.170732
855489 42 0.000000 0.000000 0.000000 -7.378049 -4.024390 -8.109756
855494 42 0.000000 0.000000 0.000000 -7.439024 -2.804878 -9.085366
855499 42 0.000000 0.000000 0.000000 -3.048780 1.158537 -8.048780
855504 42 0.000000 0.000000 0.000000 2.012195 3.109756 -7.926829
855509 42 0.000000 0.000000 0.000000 1.280488 3.841464 -9.512196
855514 42 0.000000 0.000000 0.000000 -3.963415 0.426829 -9.146341
855519 42 0.000000 0.000000 0.000000 -8.719512 -4.695122 -8.109756
855524 42 0.000000 0.000000 0.000000 -9.634147 -4.268293 -8.048780
855529 42 0.000000 0.000000 0.000000 -6.707317 -3.048780 -8.292683
855534 42 0.000000 0.000000 0.000000 -5.182927 -2.317073 -7.926829
855539 42 0.000000 0.000000 0.000000 -10.670732 -0.914634 -7.256098
855544 42 0.000000 0.000000 0.000000 -9.451220 0.000000 -7.012195
855549 42 0.000000 0.000000 0.000000 -4.817073 -0.121951 -7.134147
855554 42 0.000000 0.000000 0.000000 -4.878049 -1.402439 -8.353659
855559 43 0.000000 0.000000 0.000000 -4.573171 -0.731707 -7.378049
855564 43 0.000000 0.000000 0.000000 -3.780488 0.304878 -5.487805
855569 43 0.000000 0.000000 0.000000 -2.012195 0.000000 -6.463415
855574 43 0.000000 0.000000 0.000000 2.439024 2.195122 -6.890244
855579 43 0.000000 0.000000 0.000000 6.219512 3.353659 -6.707317
855584 43 0.000000 0.000000 0.000000 5.243903 0.731707 -7.317073
855589 43 0.000000 0.000000 0.000000 -0.548781 -1.036585 -7.682927
855594 43 0.000000 0.000000 0.000000 -3.780488 -1.402439 -7.195122
855599 43 0.000000 0.000000 0.000000 -4.939024 -2.560976 -5.975610
855604 43 0.000000 0.000000 0.000000 -3.841464 -3.963415 -5.121951
855609 43 0.000000 0.000000 0.000000 -7.134147 -3.048780 -6.158537
855614 43 0.000000 0.000000 0.000000 -10.792684 -1.951220 -7.560976
855619 43 0.000000 0.000000 0.000000 -11.158537 -2.378049 -7.560976
855624 43 0.000000 0.000000 0.000000 -10.792684 -2.134146 -6.524390
855629 43 0.000000 0.000000 0.000000 -10.731708 -2.378049 -6.951220
855634 43 0.000000 0.000000 0.000000 -11.585366 -1.036585 -6.158537
855639 43 0.000000 0.000000 0.000000 -17.682928 -2.317073 -2.804878
855644 43 0.000000 0.000000 0.000000 -13.963415 -2.012195 -3.841464
855649 43 0.000000 0.000000 0.000000 -8.170732 -1.524390 -5.670732
855654 43 0.000000 0.000000 0.000000 -7.865854 -1.524390 -5.548780
855659 43 0.000000 0.000000 0.000000 -8.536586 -0.487805 -5.365854
855664 42 0.000000 0.000000 0.000000 -4.268293 2.743902 -6.097561
855669 42 0.000000 0.000000 0.000000 8.841464 5.670732 -10.060976
855674 42 0.000000 0.000000 0.000000 10.609756 5.670732 -9.146341
855679 42 0.000000 0.000000 0.000000 4.390244 5.182927 -4.878049
855684 42 0.000000 0.000000 0.000000 2.439024 4.329268 -2.865854
855689 42 0.000000 0.000000 0.000000 3.048780 3.719512 -3.231707
855694 42 0.000000 0.000000 0.000000 3.414634 3.292683 -3.902439
855699 42 0.000000 0.000000 0.000000 0.609756 4.207317 -4.756098
855704 42 0.000000 0.000000 0.000000 -1.707317 5.182927 -6.585366
855709 42 0.000000 0.000000 0.000000 0.731707 2.500000 -6.341464
855714 42 0.000000 0.000000 0.000000 -0.121951 0.000000 -3.475610
855719 42 0.000000 0.000000 0.000000 -2.500000 -1.768293 -3.536585
855724 42 0.000000 0.000000 0.000000 0.060976 -2.621951 -5.182927
855729 42 0.000000 0.000000 0.000000 -1.158537 -3.597561 -5.182927
855734 42 0.000000 0.000000 0.000000 -5.548780 -4.512195 -4.207317
855739 42 0.000000 0.000000 0.000000 0.487805 -2.378049 -4.390244
855744 42 0.000000 0.000000 0.000000 4.024390 -1.219512 -6.036585
855749 42 0.000000 0.000000 0.000000 -0.487805 -2.865854 -6.524390
855754 42 0.000000 0.000000 0.000000 -1.463415 -0.548781 -4.878049
855759 42 0.000000 0.000000 0.000000 0.000000 0.182927 -5.000000
855764 42 0.000000 0.000000 0.000000 0.000000 -2.195122 -7.134147
855769 42 0.000000 0.000000 0.000000 4.817073 -1.280488 -9.024390
855774 42 0.000000 0.000000 0.000000 5.182927 0.670732 -8.597561
855779 42 0.000000 0.000000 0.000000 1.158537 2.012195 -8.231708
855784 42 0.000000 0.000000 0.000000 1.097561 2.317073 -7.926829
855789 42 0.000000 0.000000 0.000000 1.768293 2.439024 -7.012195
855794 42 0.000000 0.000000 0.000000 -0.548781 3.048780 -6.646342
855799 42 0.000000 0.000000 0.000000 4.268293 1.951220 -7.682927
855804 42 0.000000 0.000000 0.000000 3.597561 1.341463 -8.597561
855809 42 0.000000 0.000000 0.000000 -2.134146 2.926829 -10.121951
855814 42 0.000000 0.000000 0.000000 -4.268293 3.780488 -9.817074
855819 42 0.000000 0.000000 0.000000 -5.182927 3.109756 -7.621952
855824 42 0.000000 0.000000 0.000000 -5.792683 3.170732 -7.865854
855829 42 0.000000 0.000000 0.000000 -6.280488 -0.304878 -8.109756
855834 42 0.000000 0.000000 0.000000 -8.048780 -1.402439 -7.134147
855839 42 0.000000 0.000000 0.000000 -6.463415 1.829268 -7.439024
855844 42 0.000000 0.000000 0.000000 -3.658537 3.902439 -8.597561
855849 42 0.000000 0.000000 0.000000 -3.902439 1.768293 -10.487805
855854 42 0.000000 0.000000 0.000000 -5.182927 -0.609756 -11.219512
855859 42 0.000000 0.000000 0.000000 -4.512195 1.402439 -9.329268
855864 42 0.000000 0.000000 0.000000 -4.573171 3.170732 -8.658537
855869 42 0.000000 0.000000 0.000000 -2.682927 0.731707 -11.036586
855874 42 0.000000 0.000000 0.000000 -0.487805 0.609756 -13.231708
855879 42 0.000000 0.000000 0.000000 2.621951 2.073171 -13.597561
855884 42 0.000000 0.000000 0.000000 2.987805 -0.548781 -12.682927
855889 42 0.000000 0.000000 0.000000 -1.707317 -2.134146 -10.548780
855894 42 0.000000 0.000000 0.000000 -5.487805 -1.829268 -8.231708
855899 42 0.000000 0.000000 0.000000 -9.146341 -4.146341 -7.926829
855904 42 0.000000 0.000000 0.000000 -6.768293 -4.695122 -10.731708
855909 42 0.000000 0.000000 0.000000 -1.768293 -4.207317 -12.621951
855914 42 0.000000 0.000000 0.000000 -0.121951 -2.743902 -13.353659
855919 42 0.000000 0.000000 0.000000 -2.804878 -0.548781 -12.987805
855924 42 0.000000 0.000000 0.000000 -3.292683 -0.792683 -12.378049
855929 42 0.000000 0.000000 0.000000 -1.585366 -0.731707 -12.682927
855934 42 0.000000 0.000000 0.000000 -2.987805 -0.060976 -12.560976
855939 42 0.000000 0.000000 0.000000 -1.829268 -1.219512 -13.109756
855944 42 0.000000 0.000000 0.000000 1.707317 0.731707 -11.768293
855949 42 0.000000 0.000000 0.000000 0.365854 3.109756 -11.280488
855954 42 0.000000 0.000000 0.000000 -0.975610 2.073171 -12.439025
855959 42 0.000000 0.000000 0.000000 3.841464 2.987805 -12.073171
855964 42 0.000000 0.000000 0.000000 5.792683 2.621951 -12.195122
855969 42 0.000000 0.000000 0.000000 2.804878 -0.182927 -13.841464
855974 42 0.000000 0.000000 0.000000 2.865854 -0.243902 -15.060976
855979 42 0.000000 0.000000 0.000000 3.292683 1.829268 -13.780488
855984 42 0.000000 0.000000 0.000000 4.451220 1.036585 -12.560976
855989 42 0.000000 0.000000 0.000000 4.390244 -2.012195 -13.170732
855994 42 0.000000 0.000000 0.000000 3.170732 -2.073171 -13.353659
855999 42 0.000000 0.000000 0.000000 5.060976 0.975610 -13.231708
856004 42 0.000000 0.000000 0.000000 2.804878 1.158537 -14.146341
856009 42 0.000000 0.000000 0.000000 -0.792683 0.670732 -14.817074
856014 42 0.000000 0.000000 0.000000 -0.060976 1.097561 -15.182927
856019 42 0.000000 0.000000 0.000000 0.975610 2.500000 -14.085366
856024 42 0.000000 0.000000 0.000000 0.548781 3.780488 -12.560976
856029 42 0.000000 0.000000 0.000000 2.378049 2.926829 -12.317074
856034 42 0.000000 0.000000 0.000000 0.304878 2.256098 -12.682927
856039 42 0.000000 0.000000 0.000000 -3.780488 3.536585 -14.268293
856044 42 0.000000 0.000000 0.000000 -3.780488 4.390244 -15.426829
856049 42 0.000000 0.000000 0.000000 -3.414634 3.597561 -12.439025
856054 42 0.000000 0.000000 0.000000 -2.865854 3.231707 -11.585366
856059 42 0.000000 0.000000 0.000000 -2.439024 -0.060976 -13.658537
856064 42 0.000000 0.000000 0.000000 0.914634 -0.609756 -14.207317
856069 42 0.000000 0.000000 0.000000 0.487805 0.000000 -13.841464
856074 42 0.000000 0.000000 0.000000 -0.609756 1.341463 -14.024390
856079 42 0.000000 0.000000 0.000000 2.621951 5.000000 -14.939025
856084 42 0.000000 0.000000 0.000000 5.182927 5.670732 -13.414635
856089 42 0.000000 0.000000 0.000000 12.317074 7.743903 -11.951220
856094 42 0.000000 0.000000 0.000000 11.158537 7.195122 -13.048780
856099 42 0.000000 0.000000 0.000000 2.987805 5.975610 -13.536586
856104 42 0.000000 0.000000 0.000000 -0.609756 5.609756 -13.475610
856109 42 0.000000 0.000000 0.000000 -1.585366 4.085366 -13.170732
856114 42 0.000000 0.000000 0.000000 -1.097561 2.987805 -12.256098
856119 42 0.000000 0.000000 0.000000 0.426829 1.890244 -13.170732
856124 42 0.000000 0.000000 0.000000 0.182927 0.853659 -15.243903
856129 42 0.000000 0.000000 0.000000 -1.463415 1.524390 -16.463415
856134 42 0.000000 0.000000 0.000000 -2.256098 2.865854 -16.036585
856139 42 0.000000 0.000000 0.000000 -2.317073 0.792683 -13.780488
856144 42 0.000000 0.000000 0.000000 -0.792683 -1.036585 -13.292684
856149 42 0.000000 0.000000 0.000000 2.743902 0.000000 -14.451220
856154 42 0.000000 0.000000 0.000000 8.658537 2.256098 -15.975610
856159 42 0.000000 0.000000 0.000000 10.853659 4.512195 -17.804878
856164 42 0.000000 0.000000 0.000000 8.353659 4.939024 -18.109756
856169 42 0.000000 0.000000 0.000000 4.939024 4.512195 -16.707317
856174 42 0.000000 0.000000 0.000000 4.024390 4.085366 -14.085366
856179 42 0.000000 0.000000 0.000000 4.634146 3.536585 -12.134147
856184 42 0.000000 0.000000 0.000000 5.000000 2.012195 -12.804878
856189 42 0.000000 0.000000 0.000000 6.158537 0.121951 -13.597561
856194 42 0.000000 0.000000 0.000000 8.231708 1.280488 -15.000000
856199 42 0.000000 0.000000 0.000000 9.573171 4.878049 -16.097561
856204 42 0.000000 0.000000 0.000000 9.024390 5.609756 -15.304878
856209 42 0.000000 0.000000 0.000000 6.707317 5.060976 -14.634147
856214 42 0.000000 0.000000 0.000000 6.463415 4.512195 -15.548780
856219 42 0.000000 0.000000 0.000000 7.560976 0.853659 -16.646341
856224 42 0.000000 0.000000 0.000000 7.743903 0.121951 -16.463415
856229 42 0.000000 0.000000 0.000000 6.524390 3.780488 -14.878049
856234 42 0.000000 0.000000 0.000000 4.939024 6.280488 -14.451220
856239 42 0.000000 0.000000 0.000000 4.878049 7.987805 -16.097561
856244 42 0.000000 0.000000 0.000000 5.000000 7.560976 -15.609756
856249 42 0.000000 0.000000 0.000000 3.658537 5.853659 -16.158537
856254 42 0.000000 0.000000 0.000000 2.621951 5.914634 -16.890244
856259 42 0.000000 0.000000 0.000000 3.170732 6.341464 -16.097561
856264 42 0.000000 0.000000 0.000000 2.621951 6.158537 -16.341463
856269 42 0.000000 0.000000 0.000000 1.463415 7.134147 -17.682928
856274 42 0.000000 0.000000 0.000000 -0.304878 7.317073 -18.414635
856279 42 0.000000 0.000000 0.000000 -2.804878 5.731708 -16.585365
856284 42 0.000000 0.000000 0.000000 -5.121951 4.207317 -14.329268
856289 42 0.000000 0.000000 0.000000 -6.280488 2.012195 -15.426829
856294 42 0.000000 0.000000 0.000000 -4.390244 1.524390 -15.548780
856299 42 0.000000 0.000000 0.000000 -2.500000 0.000000 -14.939025
856304 43 0.000000 0.000000 0.000000 -5.792683 -1.829268 -16.524391
856309 43 0.000000 0.000000 0.000000 -9.329268 -0.609756 -18.719513
856314 43 0.000000 0.000000 0.000000 -9.268292 1.036585 -18.170732
856319 43 0.000000 0.000000 0.000000 -5.609756 1.463415 -14.817074
856324 43 0.000000 0.000000 0.000000 -7.804878 -0.853659 -13.048780
856329 43 0.000000 0.000000 0.000000 -11.097561 -2.865854 -15.243903
856334 43 0.000000 0.000000 0.000000 -10.853659 -3.841464 -16.707317
856339 43 0.000000 0.000000 0.000000 -10.487805 -2.378049 -15.487805
856344 43 0.000000 0.000000 0.000000 -7.926829 -2.073171 -13.902439
856349 43 0.000000 0.000000 0.000000 -9.146341 -4.451220 -13.902439
856354 43 0.000000 0.000000 0.000000 -10.000000 -6.158537 -14.329268
856359 43 0.000000 0.000000 0.000000 -7.073171 -6.219512 -14.085366
856364 43 0.000000 0.000000 0.000000 -5.000000 -5.609756 -14.695123
856369 43 0.000000 0.000000 0.000000 -6.219512 -2.560976 -15.426829
856374 43 0.000000 0.000000 0.000000 -6.219512 -0.426829 -15.365854
856379 43 0.000000 0.000000 0.000000 1.951220 2.743902 -13.170732
856384 43 0.000000 0.000000 0.000000 7.743903 5.000000 -12.012196
856389 43 0.000000 0.000000 0.000000 5.182927 3.597561 -13.841464
856394 43 0.000000 0.000000 0.000000 0.304878 0.853659 -15.426829
856399 43 0.000000 0.000000 0.000000 -3.841464 0.731707 -13.963415
856404 43 0.000000 0.000000 0.000000 -3.963415 1.219512 -11.280488
856409 43 0.000000 0.000000 0.000000 -3.414634 -0.548781 -10.670732
856414 43 0.000000 0.000000 0.000000 -4.695122 -1.707317 -12.378049
856419 43 0.000000 0.000000 0.000000 -1.585366 1.219512 -12.926829
856424 43 0.000000 0.000000 0.000000 -0.548781 3.658537 -12.621951
856429 43 0.000000 0.000000 0.000000 -2.073171 3.963415 -12.256098
856434 43 0.000000 0.000000 0.000000 -2.439024 2.195122 -13.536586
856439 43 0.000000 0.000000 0.000000 0.243902 2.682927 -14.634147
856444 43 0.000000 0.000000 0.000000 7.560976 5.975610 -13.597561
856449 43 0.000000 0.000000 0.000000 8.902439 6.219512 -14.390244
856454 43 0.000000 0.000000 0.000000 1.646341 4.329268 -15.975610
856459 43 0.000000 0.000000 0.000000 -3.231707 3.902439 -15.975610
856464 43 0.000000 0.000000 0.000000 -5.975610 3.292683 -13.719513
856469 43 0.000000 0.000000 0.000000 -7.987805 2.256098 -12.012196
856474 43 0.000000 0.000000 0.000000 -10.548780 0.731707 -13.109756
856479 43 0.000000 0.000000 0.000000 -12.256098 0.243902 -14.024390
856484 43 0.000000 0.000000 0.000000 -11.524390 1.158537 -14.024390
856489 43 0.000000 0.000000 0.000000 -11.219512 -0.914634 -14.756098
856494 43 0.000000 0.000000 0.000000 -11.341464 -1.890244 -15.731708
856499 43 0.000000 0.000000 0.000000 -9.146341 -1.402439 -15.243903
856504 44 0.000000 0.000000 0.000000 -9.451220 -1.463415 -12.439025
856509 44 0.000000 0.000000 0.000000 -6.585366 2.256098 -12.378049
856514 44 0.000000 0.000000 0.000000 -4.207317 3.902439 -14.390244
856519 44 0.000000 0.000000 0.000000 -1.219512 3.414634 -15.487805
856524 44 0.000000 0.000000 0.000000 2.621951 4.756098 -13.963415
856529 44 0.000000 0.000000 0.000000 7.378049 6.585366 -12.073171
856534 44 0.000000 0.000000 0.000000 6.280488 6.341464 -12.926829
856539 44 0.000000 0.000000 0.000000 -1.768293 3.292683 -12.500000
856544 44 0.000000 0.000000 0.000000 -7.378049 0.731707 -12.134147
856549 44 0.000000 0.000000 0.000000 -4.146341 0.853659 -13.231708
856554 44 0.000000 0.000000 0.000000 -0.182927 1.463415 -14.573171
856559 44 0.000000 0.000000 0.000000 -2.621951 3.414634 -12.621951
856564 44 0.000000 0.000000 0.000000 -2.621951 4.939024 -11.097561
856569 44 0.000000 0.000000 0.000000 -3.109756 3.231707 -12.073171
856574 44 0.000000 0.000000 0.000000 -5.243903 -0.304878 -13.353659
856579 44 0.000000 0.000000 0.000000 -2.439024 1.158537 -13.231708
856584 44 0.000000 0.000000 0.000000 -0.060976 5.182927 -12.073171
856589 44 0.000000 0.000000 0.000000 -0.853659 5.609756 -12.134147
856594 44 0.000000 0.000000 0.000000 -3.109756 2.256098 -13.597561
856599 44 0.000000 0.000000 0.000000 -0.792683 2.012195 -13.292684
856604 44 0.000000 0.000000 0.000000 0.853659 3.902439 -14.085366
856609 44 0.000000 0.000000 0.000000 -1.951220 6.280488 -15.548780
856614 44 0.000000 0.000000 0.000000 -4.634146 5.000000 -14.817074
856619 44 0.000000 0.000000 0.000000 -3.292683 4.146341 -13.536586
856624 44 0.000000 0.000000 0.000000 -1.158537 3.902439 -12.378049
856629 44 0.000000 0.000000 0.000000 -1.463415 4.939024 -12.804878
856634 44 0.000000 0.000000 0.000000 -5.548780 3.353659 -13.658537
856639 44 0.000000 0.000000 0.000000 -10.548780 1.524390 -12.865854
856644 44 0.000000 0.000000 0.000000 -8.292683 1.585366 -12.560976
856649 44 0.000000 0.000000 0.000000 -2.500000 0.487805 -13.414635
856654 44 0.000000 0.000000 0.000000 -1.707317 -1.158537 -13.414635
856659 44 0.000000 0.000000 0.000000 -5.060976 0.243902 -11.524390
856664 44 0.000000 0.000000 0.000000 -5.487805 0.731707 -12.134147
856669 44 0.000000 0.000000 0.000000 -4.573171 -2.682927 -13.292684
856674 44 0.000000 0.000000 0.000000 -1.951220 -3.414634 -13.475610
856679 44 0.000000 0.000000 0.000000 -2.256098 -0.182927 -11.890244
856684 44 0.000000 0.000000 0.000000 -1.219512 1.463415 -11.280488
856689 44 0.000000 0.000000 0.000000 -0.975610 -0.670732 -12.926829
856694 44 0.000000 0.000000 0.000000 -1.707317 -2.865854 -13.841464
856699 44 0.000000 0.000000 0.000000 1.097561 -0.853659 -12.682927
856704 44 0.000000 0.000000 0.000000 4.024390 2.621951 -10.548780
856709 44 0.000000 0.000000 0.000000 4.207317 3.353659 -10.792684
856714 44 0.000000 0.000000 0.000000 3.475610 2.012195 -12.378049
856719 44 0.000000 0.000000 0.000000 5.304878 0.792683 -12.804878
856724 44 0.000000 0.000000 0.000000 4.573171 -0.365854 -12.865854
856729 44 0.000000 0.000000 0.000000 1.280488 -0.487805 -13.231708
856734 44 0.000000 0.000000 0.000000 0.000000 0.060976 -14.207317
856739 44 0.000000 0.000000 0.000000 0.548781 0.060976 -14.695123
856744 44 0.000000 0.000000 0.000000 -0.548781 0.304878 -14.207317
856749 44 0.000000 0.000000 0.000000 0.731707 1.463415 -14.390244
856754 44 0.000000 0.000000 0.000000 0.792683 2.743902 -15.304878
856759 44 0.000000 0.000000 0.000000 -2.560976 3.414634 -14.695123
856764 44 0.000000 0.000000 0.000000 -2.195122 3.475610 -14.146341
856769 44 0.000000 0.000000 0.000000 2.743902 4.390244 -15.000000
856774 44 0.000000 0.000000 0.000000 4.573171 5.609756 -15.548780
856779 44 0.000000 0.000000 0.000000 3.170732 6.097561 -15.914635
856784 44 0.000000 0.000000 0.000000 1.402439 4.207317 -16.097561
856789 44 0.000000 0.000000 0.000000 0.853659 3.353659 -16.951220
856794 44 0.000000 0.000000 0.000000 1.036585 3.841464 -16.402439
856799 44 0.000000 0.000000 0.000000 4.085366 4.634146 -16.158537
856804 44 0.000000 0.000000 0.000000 5.548780 2.195122 -18.292683
856809 44 0.000000 0.000000 0.000000 2.256098 1.524390 -19.817074
856814 44 0.000000 0.000000 0.000000 1.280488 0.731707 -20.792683
856819 44 0.000000 0.000000 0.000000 3.048780 -0.182927 -19.512196
856824 44 0.000000 0.000000 0.000000 3.353659 1.097561 -17.743902
856829 44 0.000000 0.000000 0.000000 5.243903 1.768293 -18.536585
856834 44 0.000000 0.000000 0.000000 7.012195 1.890244 -19.695122
856839 44 0.000000 0.000000 0.000000 5.670732 2.317073 -20.060976
856844 44 0.000000 0.000000 0.000000 5.609756 1.768293 -21.463415
856849 44 0.000000 0.000000 0.000000 5.060976 0.182927 -22.865854
856854 44 0.000000 0.000000 0.000000 4.939024 0.365854 -22.195122
856859 44 0.000000 0.000000 0.000000 3.536585 0.304878 -19.512196
856864 44 0.000000 0.000000 0.000000 6.036585 0.426829 -19.695122
856869 44 0.000000 0.000000 0.000000 5.487805 1.951220 -21.402439
856874 44 0.000000 0.000000 0.000000 3.231707 2.073171 -21.585367
856879 44 0.000000 0.000000 0.000000 1.890244 0.670732 -20.304878
856884 44 0.000000 0.000000 0.000000 0.670732 0.792683 -20.609756
856889 44 0.000000 0.000000 0.000000 3.048780 1.097561 -20.914635
856894 44 0.000000 0.000000 0.000000 5.000000 1.829268 -22.012196
856899 44 0.000000 0.000000 0.000000 4.329268 4.756098 -23.841463
856904 44 0.000000 0.000000 0.000000 3.109756 5.000000 -24.146341
856909 44 0.000000 0.000000 0.000000 4.451220 5.365854 -22.682928
856914 44 0.000000 0.000000 0.000000 5.060976 6.463415 -21.280489
856919 44 0.000000 0.000000 0.000000 4.939024 5.000000 -22.926830
856924 44 0.000000 -10.000000 0.000000 1.524390 3.109756 -22.987806
856929 44 0.000000 -10.000000 0.000000 -4.695122 4.146341 -20.792683
856934 44 0.000000 -10.000000 0.000000 -4.390244 4.512195 -20.243902
856939 44 0.000000 -10.000000 0.000000 0.548781 3.292683 -19.390244
856944 44 0.000000 -10.000000 0.000000 1.463415 0.975610 -20.121952
856949 44 0.000000 -10.000000 0.000000 2.865854 -1.524390 -22.560976
856954 44 0.000000 -10.000000 0.000000 5.243903 -4.268293 -22.195122
856959 44 0.000000 -10.000000 0.000000 4.573171 -3.597561 -19.512196
856964 44 0.000000 -10.000000 0.000000 3.292683 -2.560976 -19.878050
856969 44 0.000000 -10.000000 0.000000 3.597561 -5.426829 -21.341463
856974 44 0.000000 -10.000000 0.000000 2.865854 -7.195122 -20.731709
856979 44 0.000000 -10.000000 0.000000 1.097561 -9.085366 -20.853659
856984 44 0.000000 -10.000000 0.000000 3.170732 -7.621952 -19.268293
856989 44 0.000000 -10.000000 0.000000 1.707317 -6.524390 -17.195122
856994 44 0.000000 -10.000000 0.000000 -4.329268 -9.451220 -17.439024
856999 44 0.000000 -10.000000 0.000000 -2.804878 -10.243902 -17.926830
857004 44 0.000000 -20.000000 0.000000 0.000000 -9.085366 -17.926830
857009 44 0.000000 -20.000000 0.000000 2.926829 -8.048780 -18.902439
857014 44 0.000000 -20.000000 0.000000 4.878049 -7.500000 -19.329269
857019 44 0.000000 -20.000000 0.000000 5.182927 -7.682927 -17.560976
857024 44 0.000000 -20.000000 0.000000 6.646342 -10.548780 -17.195122
857029 44 0.000000 -20.000000 0.000000 7.012195 -13.719513 -17.926830
857034 44 0.000000 -20.000000 0.000000 6.646342 -14.451220 -17.743902
857039 44 0.000000 -20.000000 0.000000 5.975610 -14.634147 -18.170732
857044 44 0.000000 -20.000000 0.000000 5.670732 -15.182927 -17.439024
857049 44 0.000000 -20.000000 0.000000 4.085366 -15.121951 -15.060976
857054 44 0.000000 -20.000000 0.000000 4.390244 -15.609756 -15.426829
857059 44 0.000000 -20.000000 0.000000 11.402439 -14.634147 -16.280489
857064 44 0.000000 -20.000000 0.000000 12.926829 -14.146341 -18.353659
857069 44 0.000000 -20.000000 0.000000 9.756098 -11.524390 -20.121952
857074 44 0.000000 -20.000000 0.000000 7.682927 -10.121951 -20.426830
857079 44 0.000000 -20.000000 0.000000 10.182927 -10.060976 -18.231709
857084 44 0.000000 -30.000000 0.000000 11.402439 -10.426829 -16.463415
857089 44 0.000000 -30.000000 0.000000 12.560976 -12.560976 -18.963415
857094 44 0.000000 -30.000000 0.000000 11.585366 -14.390244 -19.390244
857099 44 0.000000 -30.000000 0.000000 6.585366 -15.365854 -17.804878
857104 44 0.000000 -30.000000 0.000000 3.719512 -14.085366 -16.402439
857109 44 0.000000 -30.000000 0.000000 0.731707 -15.792684 -13.658537
857114 44 0.000000 -30.000000 0.000000 -0.426829 -20.182928 -14.878049
857119 44 0.000000 -30.000000 0.000000 1.341463 -22.987806 -17.012196
857124 44 0.000000 -30.000000 0.000000 4.939024 -23.780489 -15.853659
857129 44 0.000000 -30.000000 0.000000 5.670732 -21.158537 -14.085366
857134 44 0.000000 -30.000000 0.000000 4.329268 -20.243902 -13.902439
857139 44 0.000000 -30.000000 0.000000 4.512195 -22.500000 -15.182927
857144 44 0.000000 -30.000000 0.000000 5.853659 -22.621952 -16.402439
857149 44 0.000000 -30.000000 0.000000 10.000000 -19.573172 -17.195122
857154 44 0.000000 -30.000000 0.000000 11.402439 -17.865854 -15.426829
857159 44 0.000000 -30.000000 0.000000 8.658537 -18.597561 -12.865854
857164 44 0.000000 -30.000000 0.000000 5.914634 -22.012196 -12.317074
857169 44 0.000000 -30.000000 0.000000 6.341464 -25.304878 -12.743903
857174 44 0.000000 -30.000000 0.000000 5.853659 -26.951220 -13.170732
857179 44 0.000000 -30.000000 0.000000 6.402439 -28.048780 -13.902439
857184 44 0.000000 -30.000000 0.000000 7.804878 -28.353659 -14.207317
857189 44 0.000000 -30.000000 0.000000 0.609756 -27.987806 -9.634147
857194 44 0.000000 -30.000000 0.000000 1.402439 -26.280489 -9.207317
857199 44 0.000000 -30.000000 0.000000 4.207317 -25.365854 -12.134147
857204 44 0.000000 -30.000000 0.000000 4.146341 -25.670732 -13.170732
857209 44 0.000000 -30.000000 0.000000 6.463415 -25.182928 -12.012196
857214 44 0.000000 -30.000000 0.000000 10.670732 -23.597561 -10.731708
857219 44 0.000000 -30.000000 0.000000 7.500000 -21.036587 -10.182927
857224 44 0.000000 -30.000000 0.000000 5.243903 -22.439024 -10.792684
857229 44 0.000000 -30.000000 0.000000 7.682927 -24.817074 -12.682927
857234 44 0.000000 -30.000000 0.000000 8.170732 -23.963415 -14.329268
857239 44 0.000000 -30.000000 0.000000 8.292683 -20.792683 -14.146341
857244 44 0.000000 -30.000000 0.000000 6.951220 -21.158537 -12.317074
857249 44 0.000000 -30.000000 0.000000 5.792683 -21.524391 -12.865854
857254 44 0.000000 -30.000000 0.000000 6.341464 -21.402439 -13.902439
857259 44 0.000000 -30.000000 0.000000 5.487805 -24.573172 -14.085366
857264 44 0.000000 -30.000000 0.000000 4.817073 -27.073172 -12.987805
857269 44 0.000000 -30.000000 0.000000 5.853659 -28.658537 -13.475610
857274 44 0.000000 -30.000000 0.000000 5.426829 -28.902439 -13.963415
857279 44 0.000000 -30.000000 0.000000 0.548781 -28.536587 -11.463415
857284 44 0.000000 -30.000000 0.000000 -5.548780 -30.182928 -11.036586
857289 44 0.000000 -30.000000 0.000000 -2.682927 -30.914635 -12.621951
857294 44 0.000000 -30.000000 0.000000 3.231707 -27.378050 -13.658537
857299 44 0.000000 -30.000000 0.000000 7.987805 -25.548780 -13.109756
857304 44 0.000000 -30.000000 0.000000 10.975610 -26.097561 -11.768293
857309 44 0.000000 -30.000000 0.000000 9.939025 -26.341463 -12.195122
857314 44 0.000000 -30.000000 0.000000 9.695122 -27.317074 -12.621951
857319 44 0.000000 -30.000000 0.000000 12.560976 -29.451220 -12.987805
857324 44 0.000000 -30.000000 0.000000 13.719513 -28.231709 -14.146341
857329 44 0.000000 -30.000000 0.000000 14.634147 -25.426830 -13.902439
857334 44 0.000000 -30.000000 0.000000 14.207317 -25.304878 -13.780488
857339 44 0.000000 -30.000000 0.000000 12.743903 -24.695122 -16.036585
857344 44 0.000000 -30.000000 0.000000 13.109756 -24.329269 -17.743902
857349 44 0.000000 -30.000000 0.000000 17.012196 -23.902439 -19.146341
857354 44 0.000000 -30.000000 0.000000 17.926830 -23.841463 -17.256098
857359 44 0.000000 -30.000000 0.000000 16.829269 -24.329269 -14.573171
857364 44 0.000000 -30.000000 0.000000 13.414635 -28.048780 -14.634147
857369 44 0.000000 -30.000000 0.000000 8.963415 -30.975611 -15.487805
857374 44 0.000000 -30.000000 0.000000 8.475610 -30.182928 -16.036585
857379 44 0.000000 -30.000000 0.000000 6.646342 -28.475611 -16.463415
857384 44 0.000000 -30.000000 0.000000 3.170732 -27.317074 -15.365854
857389 44 0.000000 -20.000000 0.000000 4.024390 -28.597561 -14.878049
857394 44 0.000000 -20.000000 0.000000 5.914634 -29.146341 -15.853659
857399 44 0.000000 -20.000000 0.000000 5.304878 -29.573172 -17.378050
857404 44 0.000000 -20.000000 0.000000 3.658537 -30.365854 -18.414635
857409 44 0.000000 -20.000000 0.000000 4.573171 -29.268293 -17.378050
857414 44 0.000000 -20.000000 0.000000 6.463415 -26.890245 -14.939025
857419 44 0.000000 -20.000000 0.000000 6.219512 -24.695122 -14.939025
857424 44 0.000000 -20.000000 0.000000 4.939024 -24.207317 -16.158537
857429 44 0.000000 -10.000000 0.000000 5.487805 -24.268293 -16.646341
857434 44 0.000000 -10.000000 0.000000 4.573171 -22.378050 -17.682928
857439 44 0.000000 -10.000000 0.000000 5.792683 -19.817074 -19.146341
857444 44 0.000000 -10.000000 0.000000 8.719512 -17.743902 -18.475611
857449 44 0.000000 0.000000 0.000000 10.609756 -17.317074 -16.646341
857454 44 0.000000 0.000000 0.000000 7.378049 -17.378050 -16.585365
857459 44 0.000000 0.000000 0.000000 4.207317 -15.365854 -17.134148
857464 44 0.000000 0.000000 0.000000 3.292683 -10.853659 -16.890244
857469 44 0.000000 0.000000 0.000000 2.134146 -6.951220 -15.853659
857474 44 0.000000 0.000000 0.000000 1.402439 -6.463415 -15.060976
857479 44 0.000000 0.000000 0.000000 3.597561 -4.756098 -15.304878
857484 44 0.000000 0.000000 0.000000 4.085366 -2.865854 -16.890244
857489 44 0.000000 0.000000 0.000000 5.121951 0.000000 -17.317074
857494 44 0.000000 0.000000 0.000000 6.219512 3.536585 -14.695123
857499 44 0.000000 0.000000 0.000000 8.231708 4.146341 -12.073171
857504 44 0.000000 0.000000 0.000000 8.780488 3.597561 -13.231708
857509 44 0.000000 0.000000 0.000000 10.121951 4.939024 -15.060976
857514 44 0.000000 0.000000 0.000000 9.939025 10.304878 -14.390244
857519 44 0.000000 0.000000 0.000000 9.024390 13.292684 -11.951220
857524 44 0.000000 0.000000 0.000000 9.573171 13.475610 -11.585366
857529 44 0.000000 0.000000 0.000000 11.036586 12.987805 -13.292684
857534 44 0.000000 0.000000 0.000000 10.914635 14.146341 -14.085366
857539 44 0.000000 0.000000 0.000000 12.682927 15.304878 -12.560976
857544 44 0.000000 0.000000 0.000000 15.975610 15.121951 -11.646341
857549 44 0.000000 0.000000 0.000000 12.682927 14.268293 -11.829268
857554 44 0.000000 0.000000 0.000000 9.573171 11.829268 -11.707317
857559 44 0.000000 0.000000 0.000000 6.890244 9.817074 -11.280488
857564 44 0.000000 0.000000 0.000000 4.939024 7.439024 -11.707317
857569 44 0.000000 0.000000 0.000000 2.439024 5.975610 -10.853659
857574 44 0.000000 0.000000 0.000000 -0.121951 3.963415 -10.609756
857579 44 0.000000 0.000000 0.000000 -1.219512 3.658537 -12.621951
857584 44 0.000000 0.000000 0.000000 0.548781 5.853659 -14.512196
857589 44 0.000000 0.000000 0.000000 1.402439 6.829268 -13.170732
857594 44 0.000000 0.000000 0.000000 3.170732 6.158537 -10.731708
857599 44 0.000000 0.000000 0.000000 3.536585 4.817073 -10.792684
857604 44 0.000000 0.000000 0.000000 2.865854 3.597561 -12.012196
857609 44 0.000000 0.000000 0.000000 5.304878 2.987805 -11.646341
857614 44 0.000000 0.000000 0.000000 4.695122 2.134146 -12.256098
857619 44 0.000000 0.000000 0.000000 1.280488 2.621951 -12.073171
857624 44 0.000000 0.000000 0.000000 -1.524390 2.073171 -12.378049
857629 45 0.000000 0.000000 0.000000 -0.975610 -0.121951 -13.048780
857634 45 0.000000 0.000000 0.000000 -2.134146 -1.158537 -14.695123
857639 45 0.000000 0.000000 0.000000 1.036585 -0.426829 -16.890244
857644 45 0.000000 0.000000 0.000000 2.012195 -1.707317 -14.939025
857649 45 0.000000 0.000000 0.000000 -0.243902 -3.658537 -13.109756
857654 45 0.000000 0.000000 0.000000 -2.317073 -4.573171 -14.695123
857659 45 0.000000 0.000000 0.000000 -1.890244 -3.719512 -16.097561
857664 45 0.000000 0.000000 0.000000 -0.243902 -3.292683 -15.304878
857669 46 0.000000 0.000000 0.000000 2.317073 -3.475610 -13.902439
857674 46 0.000000 0.000000 0.000000 5.000000 -2.865854 -14.390244
857679 46 0.000000 0.000000 0.000000 3.658537 -4.939024 -16.219513
857684 46 0.000000 0.000000 0.000000 2.865854 -2.743902 -15.853659
857689 46 0.000000 0.000000 0.000000 0.975610 0.548781 -14.451220
857694 46 0.000000 0.000000 0.000000 0.182927 0.792683 -15.731708
857699 46 0.000000 0.000000 0.000000 0.914634 -0.670732 -17.073172
857704 46 0.000000 0.000000 0.000000 0.060976 -2.195122 -17.621952
857709 46 0.000000 0.000000 0.000000 0.243902 -1.829268 -17.743902
857714 46 0.000000 0.000000 0.000000 1.951220 -2.317073 -17.134148
857719 46 0.000000 0.000000 0.000000 1.951220 -0.792683 -16.463415
857724 46 0.000000 0.000000 0.000000 2.012195 0.304878 -15.548780
857729 46 0.000000 0.000000 0.000000 4.573171 -0.121951 -14.451220
857734 46 0.000000 0.000000 0.000000 7.804878 0.487805 -14.939025
857739 46 0.000000 0.000000 0.000000 10.975610 1.158537 -15.365854
857744 46 0.000000 0.000000 0.000000 9.817074 0.670732 -13.048780
857749 46 0.000000 0.000000 0.000000 5.609756 2.134146 -10.792684
857754 46 0.000000 0.000000 0.000000 2.012195 2.743902 -10.548780
857759 46 0.000000 0.000000 0.000000 0.548781 -0.731707 -9.634147
857764 46 0.000000 0.000000 0.000000 0.365854 -1.707317 -7.926829
857769 46 0.000000 0.000000 0.000000 0.000000 -2.621951 -7.195122
857774 46 0.000000 0.000000 0.000000 -1.097561 -1.402439 -6.280488
857779 46 0.000000 0.000000 0.000000 -4.085366 2.621951 -5.853659
857784 46 0.000000 0.000000 0.000000 -3.902439 5.121951 -6.280488
857789 46 0.000000 0.000000 0.000000 -1.646341 4.817073 -5.548780
857794 46 0.000000 0.000000 0.000000 -0.853659 6.585366 -4.878049
857799 46 0.000000 0.000000 0.000000 -0.060976 8.109756 -4.573171
857804 46 0.000000 0.000000 0.000000 0.792683 8.841464 -3.780488
857809 46 0.000000 0.000000 0.000000 1.585366 8.048780 -2.804878
857814 46 0.000000 0.000000 0.000000 1.036585 7.439024 -1.158537
857819 46 0.000000 0.000000 0.000000 1.768293 7.743903 -0.731707
857824 46 0.000000 0.000000 0.000000 3.109756 7.134147 -1.463415
857829 46 0.000000 0.000000 0.000000 -0.426829 8.658537 -1.097561
857834 46 0.000000 0.000000 0.000000 -4.146341 10.243902 -1.097561
857839 46 0.000000 0.000000 0.000000 -0.731707 10.731708 -1.951220
857844 46 0.000000 0.000000 0.000000 2.500000 11.219512 -2.317073
857849 46 0.000000 0.000000 0.000000 1.585366 11.585366 -2.134146
857854 46 0.000000 0.000000 0.000000 0.487805 11.585366 -0.426829
857859 46 0.000000 0.000000 0.000000 -0.365854 10.975610 -0.487805
857864 46 0.000000 0.000000 0.000000 -0.182927 10.487805 -2.926829
857869 46 0.000000 0.000000 0.000000 1.463415 13.170732 -4.085366
857874 46 0.000000 0.000000 0.000000 4.451220 15.243903 -2.621951
857879 46 0.000000 0.000000 0.000000 5.121951 14.024390 0.365854
857884 46 0.000000 0.000000 0.000000 3.658537 12.621951 0.914634
857889 46 0.000000 0.000000 0.000000 3.048780 13.475610 -1.463415
857894 46 0.000000 0.000000 0.000000 4.512195 14.451220 -2.804878
857899 46 0.000000 0.000000 0.000000 3.231707 17.804878 -0.731707
857904 46 0.000000 0.000000 0.000000 2.621951 15.914635 1.829268
857909 46 0.000000 0.000000 0.000000 4.878049 13.353659 1.646341
857914 46 0.000000 0.000000 0.000000 4.695122 13.536586 0.609756
857919 46 0.000000 0.000000 0.000000 2.012195 13.170732 -0.548781
857924 46 0.000000 0.000000 0.000000 -1.524390 12.195122 0.670732
857929 46 0.000000 0.000000 0.000000 0.731707 13.902439 3.170732
857934 46 0.000000 0.000000 0.000000 0.853659 15.426829 4.451220
857939 46 0.000000 0.000000 0.000000 -3.048780 12.317074 3.597561
857944 46 0.000000 0.000000 0.000000 -6.402439 9.634147 1.829268
857949 46 0.000000 0.000000 0.000000 -7.439024 10.426829 2.317073
857954 46 0.000000 0.000000 0.000000 -3.963415 11.707317 3.597561
857959 46 0.000000 0.000000 0.000000 -2.256098 9.878049 3.597561
857964 46 0.000000 0.000000 0.000000 -3.841464 6.341464 3.353659
857969 46 0.000000 0.000000 0.000000 -4.329268 8.475610 5.243903
857974 46 0.000000 0.000000 0.000000 -0.365854 12.134147 8.536586
857979 46 0.000000 0.000000 0.000000 0.731707 11.768293 8.658537
857984 46 0.000000 0.000000 0.000000 0.975610 10.487805 7.073171
857989 46 0.000000 0.000000 10.000000 -0.304878 13.414635 7.073171
857994 46 0.000000 0.000000 10.000000 -4.268293 16.341463 9.878049
857999 46 0.000000 0.000000 10.000000 -0.182927 19.146341 9.085366
858004 46 0.000000 0.000000 10.000000 4.878049 19.573172 8.841464
858009 46 0.000000 0.000000 10.000000 0.731707 15.243903 11.280488
858014 46 0.000000 0.000000 10.000000 -1.402439 11.951220 12.134147
858019 46 0.000000 0.000000 10.000000 -0.121951 11.036586 12.682927
858024 46 0.000000 0.000000 10.000000 1.768293 12.560976 14.146341
858029 46 0.000000 0.000000 20.000000 -0.365854 13.658537 15.487805
858034 46 0.000000 0.000000 20.000000 -0.060976 12.865854 13.841464
858039 46 0.000000 0.000000 20.000000 1.646341 12.500000 13.414635
858044 46 0.000000 0.000000 20.000000 0.304878 12.317074 16.585365
858049 46 0.000000 0.000000 30.000000 -2.317073 11.402439 17.682928
858054 46 0.000000 0.000000 30.000000 -1.646341 10.121951 16.341463
858059 46 0.000000 0.000000 30.000000 4.573171 5.365854 16.707317
858064 46 0.000000 0.000000 30.000000 3.963415 7.560976 21.890244
858069 46 0.000000 0.000000 30.000000 -0.914634 12.256098 25.975611
858074 46 0.000000 0.000000 30.000000 -1.463415 12.560976 24.085367
858079 46 0.000000 0.000000 30.000000 0.914634 11.219512 22.134148
858084 46 0.000000 0.000000 30.000000 0.548781 11.829268 24.024391
858089 46 0.000000 0.000000 30.000000 -8.414635 13.658537 28.841465
858094 46 0.000000 0.000000 30.000000 -11.097561 12.987805 30.426830
858099 46 0.000000 0.000000 30.000000 -3.048780 13.414635 28.170732
858104 46 0.000000 0.000000 30.000000 0.914634 13.597561 27.682928
858109 46 0.000000 0.000000 30.000000 1.219512 15.975610 28.658537
858114 46 0.000000 0.000000 30.000000 3.597561 17.804878 29.146341
858119 46 0.000000 0.000000 30.000000 7.378049 15.975610 28.292683
858124 46 0.000000 0.000000 30.000000 9.146341 14.634147 28.658537
858129 46 0.000000 0.000000 30.000000 3.109756 15.182927 29.451220
858134 46 0.000000 0.000000 30.000000 0.182927 15.182927 28.963415
858139 46 0.000000 0.000000 30.000000 1.463415 13.231708 28.719513
858144 46 0.000000 0.000000 30.000000 -0.548781 12.073171 30.670732
858149 46 0.000000 0.000000 30.000000 -5.060976 13.658537 32.439026
858154 46 0.000000 0.000000 30.000000 -7.256098 14.207317 32.134148
858159 46 0.000000 0.000000 30.000000 -4.695122 10.609756 31.219513
858164 46 0.000000 0.000000 30.000000 -2.073171 11.829268 31.951220
858169 46 0.000000 0.000000 30.000000 -4.695122 15.365854 34.329269
858174 46 0.000000 0.000000 30.000000 -5.060976 15.731708 34.512196
858179 46 0.000000 0.000000 30.000000 -3.414634 12.256098 33.292683
858184 46 0.000000 0.000000 30.000000 -2.865854 11.280488 32.743904
858189 46 0.000000 0.000000 30.000000 -5.609756 12.987805 34.024391
858194 46 0.000000 0.000000 30.000000 -4.024390 13.353659 34.085365
858199 46 0.000000 0.000000 30.000000 -0.121951 12.621951 32.926830
858204 46 0.000000 0.000000 30.000000 0.304878 12.073171 33.109756
858209 46 0.000000 0.000000 30.000000 -1.463415 12.256098 32.804878
858214 46 0.000000 0.000000 30.000000 -1.890244 12.804878 32.378048
858219 46 0.000000 0.000000 30.000000 5.000000 13.170732 30.975611
858224 46 0.000000 0.000000 30.000000 5.609756 14.268293 31.890245
858229 46 0.000000 0.000000 30.000000 0.000000 14.390244 34.207317
858234 46 0.000000 0.000000 30.000000 -0.731707 13.170732 34.695122
858239 46 0.000000 0.000000 30.000000 4.878049 14.146341 33.353661
858244 46 0.000000 0.000000 30.000000 5.975610 13.719513 32.865856
858249 46 0.000000 0.000000 10.000000 0.365854 11.951220 33.841465
858254 46 0.000000 0.000000 10.000000 -1.646341 10.426829 34.939026
858259 46 0.000000 0.000000 10.000000 1.524390 8.841464 34.939026
858264 46 0.000000 0.000000 10.000000 0.243902 6.829268 32.621952
858269 46 0.000000 0.000000 0.000000 -4.390244 5.487805 31.646341
858274 46 0.000000 0.000000 0.000000 -5.426829 5.365854 31.890245
858279 46 0.000000 0.000000 0.000000 -5.426829 4.390244 29.207317
858284 46 0.000000 0.000000 0.000000 -9.024390 3.536585 26.768293
858289 46 0.000000 0.000000 0.000000 -10.731708 1.341463 27.195122
858294 46 0.000000 0.000000 0.000000 -10.792684 0.182927 26.402439
858299 46 0.000000 0.000000 0.000000 -9.024390 2.317073 24.756098
858304 46 0.000000 0.000000 0.000000 -8.719512 4.146341 24.939026
858309 46 0.000000 0.000000 0.000000 -9.817074 2.682927 25.426830
858314 46 0.000000 0.000000 0.000000 -10.670732 1.463415 25.121952
858319 46 0.000000 0.000000 0.000000 -12.256098 5.121951 25.853659
858324 46 0.000000 0.000000 0.000000 -8.597561 9.207317 24.512196
858329 46 0.000000 0.000000 0.000000 -3.536585 9.939025 22.317074
858334 46 0.000000 0.000000 0.000000 0.243902 10.548780 22.195122
858339 46 0.000000 0.000000 0.000000 0.792683 10.609756 22.073172
858344 46 0.000000 0.000000 0.000000 0.000000 10.853659 20.853659
858349 46 0.000000 0.000000 0.000000 0.000000 10.975610 21.463415
858354 46 0.000000 0.000000 0.000000 0.609756 10.426829 21.158537
858359 46 0.000000 0.000000 0.000000 1.646341 8.902439 20.243902
858364 46 0.000000 0.000000 0.000000 -1.890244 9.329268 21.524391
858369 46 -10.000000 0.000000 0.000000 -6.219512 11.707317 22.804878
858374 46 -10.000000 0.000000 0.000000 -5.975610 12.378049 21.036587
858379 46 -10.000000 0.000000 0.000000 4.207317 14.939025 17.804878
858384 46 -10.000000 0.000000 0.000000 1.707317 17.073172 18.048780
858389 46 -20.000000 0.000000 0.000000 -5.731708 13.170732 18.902439
858394 46 -20.000000 0.000000 0.000000 -8.170732 10.792684 18.292683
858399 46 -20.000000 0.000000 0.000000 -12.317074 8.475610 18.597561
858404 46 -20.000000 0.000000 0.000000 -16.524391 6.097561 19.573172
858409 45 -20.000000 0.000000 0.000000 -20.853659 2.256098 17.804878
858414 45 -20.000000 0.000000 0.000000 -23.475611 1.219512 16.158537
858419 45 -20.000000 0.000000 0.000000 -26.707317 5.365854 16.951220
858424 45 -20.000000 0.000000 0.000000 -28.170732 8.048780 16.829269
858429 46 -30.000000 0.000000 0.000000 -28.292683 5.000000 15.914635
858434 46 -30.000000 0.000000 0.000000 -31.036587 2.743902 16.097561
858439 46 -30.000000 0.000000 0.000000 -35.914635 0.487805 17.865854
858444 46 -30.000000 0.000000 0.000000 -37.012196 -2.804878 18.902439
858449 46 -50.000000 0.000000 0.000000 -35.609756 -0.853659 17.987804
858454 46 -50.000000 0.000000 0.000000 -38.414635 4.451220 18.658537
858459 46 -50.000000 0.000000 0.000000 -40.000000 6.158537 19.085367
858464 46 -50.000000 0.000000 0.000000 -38.414635 8.963415 17.682928
858469 46 -70.000000 0.000000 0.000000 -39.817074 11.341464 15.914635
858474 46 -70.000000 0.000000 0.000000 -46.402439 10.365854 15.853659
858479 46 -70.000000 0.000000 0.000000 -53.353661 6.707317 17.256098
858484 46 -70.000000 0.000000 0.000000 -57.317074 5.121951 16.402439
858489 46 -70.000000 0.000000 0.000000 -64.268295 6.036585 15.609756
858494 46 -70.000000 0.000000 0.000000 -67.865852 9.085366 16.036585
858499 46 -70.000000 0.000000 0.000000 -72.439026 8.292683 15.670732
858504 46 -70.000000 0.000000 0.000000 -79.451218 6.402439 14.756098
858509 46 -70.000000 0.000000 0.000000 -91.585365 5.975610 16.219513
858514 46 -70.000000 0.000000 0.000000 -96.524391 5.304878 16.219513
858519 46 -70.000000 0.000000 0.000000 -93.414635 3.841464 14.817074
858524 46 -70.000000 0.000000 0.000000 -91.768295 4.512195 13.475610
858529 46 -70.000000 0.000000 0.000000 -94.756104 6.219512 13.414635
858534 46 -70.000000 0.000000 0.000000 -94.939026 6.585366 15.426829
858539 46 -70.000000 0.000000 0.000000 -88.963417 8.292683 15.060976
858544 46 -70.000000 0.000000 0.000000 -89.146347 9.817074 14.207317
858549 46 -60.000000 0.000000 0.000000 -87.073174 7.073171 15.060976
858554 46 -60.000000 0.000000 0.000000 -81.463417 8.109756 14.817074
858559 46 -60.000000 0.000000 0.000000 -79.146347 9.878049 14.146341
858564 46 -60.000000 0.000000 0.000000 -77.621956 9.268292 15.182927
858569 46 -60.000000 0.000000 0.000000 -75.914635 9.512196 16.097561
858574 46 -60.000000 0.000000 0.000000 -73.414635 10.243902 15.731708
858579 46 -60.000000 0.000000 0.000000 -65.975609 8.902439 15.365854
858584 46 -60.000000 0.000000 0.000000 -59.146343 9.207317 14.573171
858589 46 -50.000000 0.000000 0.000000 -59.024391 9.756098 13.719513
858594 46 -50.000000 0.000000 0.000000 -61.402439 6.097561 13.719513
858599 46 -50.000000 0.000000 0.000000 -59.756100 3.414634 11.646341
858604 46 -50.000000 0.000000 0.000000 -59.146343 3.658537 11.036586
858609 46 -30.000000 0.000000 0.000000 -58.719513 3.109756 13.658537
858614 46 -30.000000 0.000000 0.000000 -55.365856 0.182927 14.573171
858619 46 -30.000000 0.000000 0.000000 -54.146343 0.121951 14.268293
858624 46 -30.000000 0.000000 0.000000 -53.109756 -0.487805 14.390244
858629 46 0.000000 0.000000 0.000000 -48.353661 -1.951220 12.195122
858634 46 0.000000 0.000000 0.000000 -43.963417 -0.365854 11.646341
858639 46 0.000000 0.000000 0.000000 -40.914635 3.536585 13.475610
858644 46 0.000000 0.000000 0.000000 -32.865856 2.804878 15.182927
858649 46 0.000000 0.000000 0.000000 -22.621952 3.658537 16.280489
858654 46 0.000000 0.000000 0.000000 -13.902439 5.487805 16.219513
858659 46 0.000000 0.000000 0.000000 -5.487805 6.036585 14.939025
858664 46 0.000000 0.000000 0.000000 1.829268 3.109756 14.268293
858669 46 0.000000 0.000000 0.000000 9.390244 6.768293 17.012196
858674 46 0.000000 0.000000 0.000000 15.304878 8.353659 18.780489
858679 46 0.000000 0.000000 0.000000 17.256098 7.317073 16.768293
858684 46 0.000000 0.000000 0.000000 18.048780 5.975610 15.060976
858689 46 0.000000 0.000000 0.000000 19.146341 7.256098 13.841464
858694 46 0.000000 0.000000 0.000000 20.243902 6.219512 12.987805
858699 46 0.000000 0.000000 0.000000 17.378050 4.634146 13.292684
858704 46 0.000000 0.000000 0.000000 13.414635 3.475610 14.573171
858709 46 0.000000 0.000000 0.000000 15.487805 4.512195 14.085366
858714 46 0.000000 0.000000 0.000000 18.780489 7.256098 12.256098
858719 46 0.000000 0.000000 0.000000 16.341463 7.987805 11.524390
858724 46 0.000000 0.000000 0.000000 11.097561 5.792683 12.317074
858729 46 0.000000 0.000000 0.000000 11.951220 5.243903 12.317074
858734 46 0.000000 0.000000 0.000000 11.890244 6.402439 11.219512
858739 46 0.000000 0.000000 0.000000 10.731708 5.182927 8.841464
858744 46 0.000000 0.000000 0.000000 9.817074 5.426829 8.597561
858749 46 0.000000 0.000000 0.000000 9.878049 9.390244 8.475610
858754 46 0.000000 0.000000 0.000000 7.560976 8.841464 9.085366
858759 46 0.000000 0.000000 0.000000 5.000000 4.695122 10.548780
858764 46 0.000000 0.000000 0.000000 4.878049 4.207317 11.646341
858769 46 0.000000 0.000000 0.000000 2.865854 6.707317 12.439025
858774 46 0.000000 0.000000 0.000000 -2.621951 6.463415 12.012196
858779 46 0.000000 0.000000 0.000000 -6.219512 3.597561 9.878049
858784 46 0.000000 0.000000 0.000000 -6.646342 2.073171 8.780488
858789 46 0.000000 0.000000 0.000000 -7.500000 2.865854 11.463415
858794 46 0.000000 0.000000 0.000000 -5.670732 4.024390 12.926829
858799 46 0.000000 0.000000 0.000000 -4.207317 -0.914634 13.048780
858804 46 0.000000 0.000000 0.000000 -4.512195 0.548781 12.926829
858809 46 0.000000 0.000000 0.000000 -6.280488 4.390244 13.597561
858814 46 0.000000 0.000000 0.000000 -4.207317 5.182927 13.597561
858819 46 0.000000 0.000000 0.000000 4.817073 8.353659 12.012196
858824 46 0.000000 0.000000 0.000000 8.841464 9.878049 11.219512
858829 46 0.000000 0.000000 0.000000 6.402439 8.902439 13.719513
858834 46 0.000000 0.000000 0.000000 7.073171 10.487805 15.426829
858839 46 0.000000 0.000000 0.000000 9.878049 11.341464 12.865854
858844 46 0.000000 0.000000 0.000000 9.817074 8.109756 10.609756
858849 46 0.000000 0.000000 0.000000 8.658537 6.280488 11.280488
858854 46 0.000000 0.000000 0.000000 7.682927 7.012195 11.463415
858859 46 0.000000 0.000000 0.000000 7.500000 9.939025 11.646341
858864 46 0.000000 0.000000 0.000000 7.682927 12.682927 12.317074
858869 46 0.000000 0.000000 0.000000 10.792684 10.487805 12.195122
858874 46 0.000000 0.000000 0.000000 11.646341 7.621952 13.109756
858879 46 0.000000 0.000000 0.000000 9.817074 7.317073 11.829268
858884 46 0.000000 0.000000 0.000000 9.939025 8.109756 9.329268
858889 46 0.000000 0.000000 0.000000 16.036585 10.426829 7.256098
858894 46 0.000000 0.000000 0.000000 19.573172 12.621951 5.731708
858899 46 0.000000 0.000000 0.000000 10.182927 10.975610 7.682927
858904 46 0.000000 0.000000 0.000000 3.780488 7.256098 10.000000
858909 46 0.000000 0.000000 0.000000 2.926829 4.329268 10.243902
858914 46 0.000000 0.000000 0.000000 2.682927 3.231707 10.365854
858919 46 0.000000 0.000000 0.000000 -0.975610 3.292683 10.548780
858924 46 0.000000 0.000000 0.000000 -3.597561 1.524390 9.390244
858929 46 0.000000 0.000000 0.000000 -2.012195 -0.731707 8.902439
858934 46 0.000000 0.000000 0.000000 -2.134146 1.463415 9.512196
858939 46 0.000000 0.000000 0.000000 -3.170732 0.853659 11.341464
858944 46 0.000000 0.000000 0.000000 -1.707317 1.524390 12.195122
858949 46 0.000000 0.000000 0.000000 -0.365854 5.670732 10.548780
858954 46 0.000000 0.000000 0.000000 -1.158537 5.975610 9.085366
858959 46 0.000000 0.000000 0.000000 -1.341463 5.487805 9.512196
858964 46 0.000000 0.000000 0.000000 2.682927 5.548780 9.024390
858969 46 0.000000 0.000000 0.000000 5.243903 5.670732 7.865854
858974 46 0.000000 0.000000 0.000000 5.365854 6.341464 8.963415
858979 46 0.000000 0.000000 0.000000 4.695122 5.914634 11.219512
858984 46 0.000000 0.000000 0.000000 5.853659 5.609756 10.731708
858989 46 0.000000 0.000000 0.000000 5.365854 6.097561 10.853659
858994 46 0.000000 0.000000 0.000000 8.109756 7.682927 11.097561
858999 46 0.000000 0.000000 0.000000 11.768293 6.890244 9.939025
859004 46 0.000000 0.000000 0.000000 10.975610 4.207317 8.780488
859009 46 0.000000 0.000000 0.000000 8.414635 3.658537 8.048780
859014 46 0.000000 0.000000 0.000000 11.402439 4.146341 8.475610
859019 46 0.000000 0.000000 0.000000 22.317074 7.256098 9.329268
859024 46 0.000000 0.000000 0.000000 28.292683 10.548780 7.682927
859029 46 0.000000 0.000000 0.000000 21.646341 7.682927 8.048780
859034 46 0.000000 0.000000 0.000000 14.024390 4.512195 9.512196
859039 46 0.000000 0.000000 0.000000 12.926829 2.317073 10.060976
859044 46 0.000000 0.000000 0.000000 15.670732 2.621951 9.634147
859049 46 0.000000 0.000000 0.000000 12.621951 1.951220 9.207317
859054 46 0.000000 0.000000 0.000000 8.353659 -1.524390 8.841464
859059 46 0.000000 0.000000 0.000000 7.073171 -1.646341 9.756098
859064 46 0.000000 0.000000 0.000000 2.865854 0.304878 11.219512
859069 46 0.000000 0.000000 0.000000 -0.487805 0.304878 11.341464
859074 46 0.000000 0.000000 0.000000 2.195122 1.707317 11.036586
859079 46 0.000000 0.000000 0.000000 3.658537 2.439024 10.121951
859084 46 0.000000 0.000000 0.000000 0.670732 3.109756 10.182927
859089 46 0.000000 0.000000 0.000000 -4.512195 2.500000 13.353659
859094 46 0.000000 0.000000 0.000000 -1.707317 3.719512 13.048780
859099 46 0.000000 0.000000 0.000000 3.475610 4.085366 12.500000
859104 46 0.000000 0.000000 0.000000 8.109756 4.573171 13.231708
859109 46 0.000000 0.000000 0.000000 8.963415 2.073171 14.512196
859114 46 0.000000 0.000000 0.000000 8.048780 0.792683 15.000000
859119 46 0.000000 0.000000 0.000000 5.548780 2.439024 14.512196
859124 46 0.000000 0.000000 0.000000 5.121951 3.475610 13.719513
859129 46 0.000000 0.000000 0.000000 10.792684 3.414634 13.109756
859134 46 0.000000 0.000000 0.000000 12.987805 2.743902 12.378049
859139 46 0.000000 0.000000 0.000000 13.536586 2.439024 10.731708
859144 46 0.000000 0.000000 0.000000 13.536586 3.048780 11.280488
859149 46 0.000000 0.000000 0.000000 9.573171 1.585366 15.060976
859154 46 0.000000 0.000000 0.000000 8.475610 1.524390 17.256098
859159 46 0.000000 0.000000 0.000000 7.865854 3.231707 16.402439
859164 46 0.000000 0.000000 0.000000 5.487805 3.048780 14.268293
859169 46 0.000000 0.000000 0.000000 8.658537 3.048780 13.109756
859174 46 0.000000 0.000000 0.000000 9.817074 4.329268 13.109756
859179 46 0.000000 0.000000 0.000000 5.975610 3.536585 13.292684
859184 46 0.000000 0.000000 0.000000 3.841464 1.036585 12.500000
859189 46 0.000000 0.000000 0.000000 1.219512 0.243902 12.317074
859194 46 0.000000 0.000000 0.000000 0.304878 1.341463 13.536586
859199 46 0.000000 0.000000 0.000000 -1.280488 1.341463 13.658537
859204 46 0.000000 0.000000 0.000000 -2.621951 -0.731707 13.109756
859209 46 0.000000 0.000000 0.000000 -3.597561 -2.195122 14.573171
859214 46 0.000000 0.000000 0.000000 -5.243903 -0.853659 15.548780
859219 46 0.000000 0.000000 0.000000 -1.158537 -1.219512 14.451220
859224 46 0.000000 0.000000 0.000000 4.085366 2.195122 12.804878
859229 46 0.000000 0.000000 0.000000 3.719512 5.975610 12.743903
859234 46 0.000000 0.000000 0.000000 1.524390 2.317073 13.719513
859239 46 0.000000 0.000000 0.000000 2.682927 -3.963415 13.170732
859244 46 0.000000 0.000000 0.000000 4.024390 -5.000000 12.743903
859249 46 0.000000 0.000000 0.000000 -1.219512 -2.682927 15.731708
859254 46 0.000000 0.000000 0.000000 3.841464 -0.182927 15.121951
859259 46 0.000000 0.000000 0.000000 10.975610 -1.402439 12.865854
859264 46 0.000000 0.000000 0.000000 11.585366 -1.280488 13.109756
859269 46 0.000000 0.000000 0.000000 10.853659 -0.670732 14.878049
859274 46 0.000000 0.000000 0.000000 13.902439 1.463415 14.573171
859279 46 0.000000 0.000000 0.000000 19.695122 6.158537 12.195122
859284 46 0.000000 0.000000 0.000000 18.536585 6.097561 11.707317
859289 46 0.000000 0.000000 0.000000 16.097561 1.768293 13.597561
859294 46 0.000000 0.000000 0.000000 15.426829 0.487805 13.902439
859299 46 0.000000 0.000000 0.000000 16.524391 1.768293 14.085366
859304 46 0.000000 0.000000 0.000000 17.073172 3.048780 14.817074
859309 46 0.000000 0.000000 0.000000 15.426829 -1.158537 16.585365
859314 46 0.000000 0.000000 0.000000 15.487805 -4.756098 18.109756
859319 46 0.000000 0.000000 0.000000 13.536586 -1.707317 16.951220
859324 46 0.000000 0.000000 0.000000 9.634147 -1.341463 16.036585
859329 46 0.000000 0.000000 0.000000 7.134147 -5.670732 16.036585
859334 46 0.000000 0.000000 0.000000 6.402439 -6.707317 15.182927
859339 46 0.000000 0.000000 0.000000 5.243903 -2.804878 16.097561
859344 46 0.000000 0.000000 0.000000 3.109756 -1.219512 18.109756
859349 46 0.000000 0.000000 0.000000 5.975610 -1.280488 17.500000
859354 46 0.000000 0.000000 0.000000 7.012195 -1.646341 17.012196
859359 46 0.000000 0.000000 0.000000 5.426829 0.060976 16.463415
859364 46 0.000000 0.000000 0.000000 6.097561 0.243902 16.951220
859369 46 -10.000000 0.000000 0.000000 7.743903 -2.256098 17.256098
859374 46 -10.000000 0.000000 0.000000 7.621952 -2.926829 17.804878
859379 46 -10.000000 0.000000 0.000000 4.268293 0.121951 19.268293
859384 46 -10.000000 0.000000 0.000000 5.731708 -0.548781 19.817074
859389 46 -10.000000 0.000000 0.000000 9.329268 -1.890244 20.000000
859394 46 -10.000000 0.000000 0.000000 8.658537 -3.231707 19.268293
859399 46 -10.000000 0.000000 0.000000 6.951220 -2.743902 17.987804
859404 46 -10.000000 0.000000 0.000000 6.707317 -1.829268 18.902439
859409 46 0.000000 0.000000 0.000000 9.146341 1.280488 18.475611
859414 46 0.000000 0.000000 0.000000 5.426829 0.000000 20.060976
859419 46 0.000000 0.000000 0.000000 0.792683 -1.768293 21.829269
859424 46 0.000000 0.000000 0.000000 -0.731707 -3.170732 21.768293
859429 46 0.000000 0.000000 0.000000 0.060976 -2.317073 21.768293
859434 46 0.000000 0.000000 0.000000 0.000000 -2.865854 20.121952
859439 46 0.000000 0.000000 0.000000 8.658537 -2.256098 17.743902
859444 46 0.000000 0.000000 0.000000 12.378049 -3.353659 18.658537
859449 46 -10.000000 0.000000 0.000000 4.512195 -4.573171 21.829269
859454 46 -10.000000 0.000000 0.000000 1.768293 -4.146341 22.621952
859459 46 -10.000000 0.000000 0.000000 4.207317 -3.658537 21.951220
859464 46 -10.000000 0.000000 0.000000 4.390244 -6.463415 21.890244
859469 46 -10.000000 0.000000 0.000000 2.073171 -6.219512 20.060976
859474 46 -10.000000 0.000000 0.000000 5.914634 -1.890244 18.902439
859479 46 -10.000000 0.000000 0.000000 8.841464 -0.670732 19.146341
859484 46 -10.000000 0.000000 0.000000 5.670732 -2.743902 20.426830
859489 46 -10.000000 0.000000 0.000000 1.280488 -4.390244 21.829269
859494 46 -10.000000 0.000000 0.000000 -0.731707 -3.597561 22.804878
859499 46 -10.000000 0.000000 0.000000 1.890244 -1.341463 23.170732
859504 46 -10.000000 0.000000 0.000000 1.951220 0.609756 21.158537
859509 46 -10.000000 0.000000 0.000000 2.865854 -0.487805 19.268293
859514 46 -10.000000 0.000000 0.000000 3.048780 -1.097561 19.695122
859519 46 -10.000000 0.000000 0.000000 -0.243902 -0.975610 20.426830
859524 46 -10.000000 0.000000 0.000000 -2.743902 -0.975610 20.182928
859529 46 -10.000000 0.000000 0.000000 -2.743902 -3.780488 20.000000
859534 46 -10.000000 0.000000 0.000000 -1.158537 -6.341464 19.939024
859539 46 -10.000000 0.000000 0.000000 -3.658537 -4.512195 18.353659
859544 46 -10.000000 0.000000 0.000000 -5.853659 -3.536585 18.231709
859549 46 -10.000000 0.000000 0.000000 -2.987805 -3.841464 19.146341
859554 46 -10.000000 0.000000 0.000000 -1.646341 -5.853659 19.695122
859559 46 -10.000000 0.000000 0.000000 -4.085366 -5.609756 20.000000
859564 46 -10.000000 0.000000 0.000000 -5.548780 -5.609756 20.000000
859569 46 -10.000000 0.000000 0.000000 2.682927 -4.329268 19.451220
859574 46 -10.000000 0.000000 0.000000 1.463415 -3.048780 18.292683
859579 46 -10.000000 0.000000 0.000000 0.609756 -1.951220 18.292683
859584 46 -10.000000 0.000000 0.000000 1.341463 -1.463415 19.146341
859589 46 -10.000000 0.000000 0.000000 -0.304878 -2.378049 18.841463
859594 46 -10.000000 0.000000 0.000000 0.182927 -1.768293 17.560976
859599 46 -10.000000 0.000000 0.000000 3.170732 -4.512195 17.195122
859604 46 -10.000000 0.000000 0.000000 4.512195 -5.914634 17.560976
859609 46 -10.000000 0.000000 0.000000 1.158537 -2.560976 16.402439
859614 46 -10.000000 0.000000 0.000000 0.792683 0.426829 16.280489
859619 46 -10.000000 0.000000 0.000000 4.390244 0.426829 16.585365
859624 46 -10.000000 0.000000 0.000000 5.792683 -2.073171 16.768293
859629 46 -10.000000 0.000000 0.000000 5.243903 -2.865854 16.585365
859634 46 0.000000 0.000000 0.000000 4.634146 -3.292683 15.609756
859639 46 0.000000 0.000000 0.000000 7.012195 -1.463415 14.390244
859644 46 0.000000 0.000000 0.000000 5.670732 -0.853659 14.146341
859649 46 0.000000 0.000000 0.000000 3.109756 -1.768293 15.000000
859654 46 0.000000 0.000000 0.000000 0.975610 -3.719512 15.426829
859659 46 0.000000 0.000000 0.000000 0.792683 -3.475610 15.853659
859664 46 0.000000 0.000000 0.000000 1.280488 -2.804878 16.097561
859669 46 0.000000 0.000000 0.000000 2.256098 -5.121951 15.121951
859674 46 0.000000 0.000000 0.000000 3.780488 -4.146341 14.756098
859679 46 0.000000 0.000000 0.000000 3.353659 -0.609756 14.817074
859684 46 0.000000 0.000000 0.000000 1.951220 -2.073171 15.731708
859689 46 0.000000 0.000000 0.000000 3.292683 -5.304878 15.000000
859694 46 0.000000 0.000000 0.000000 4.146341 -4.634146 14.329268
859699 46 0.000000 0.000000 0.000000 -1.524390 -3.048780 16.707317
859704 46 0.000000 0.000000 0.000000 1.219512 -4.146341 16.097561
859709 46 0.000000 0.000000 0.000000 0.060976 -6.341464 16.402439
859714 46 0.000000 0.000000 0.000000 -0.792683 -6.097561 17.560976
859719 46 0.000000 0.000000 0.000000 5.304878 -4.756098 16.463415
859724 46 0.000000 0.000000 0.000000 10.060976 -4.756098 15.060976
859729 46 0.000000 0.000000 0.000000 10.060976 -1.341463 14.451220
859734 46 0.000000 0.000000 0.000000 11.097561 1.768293 15.426829
859739 46 0.000000 0.000000 0.000000 14.207317 -1.219512 13.902439
859744 46 0.000000 0.000000 0.000000 14.451220 -3.353659 13.902439
859749 46 0.000000 0.000000 0.000000 13.170732 -0.121951 14.451220
859754 46 0.000000 0.000000 0.000000 14.390244 0.914634 14.451220
859759 46 0.000000 0.000000 0.000000 20.487804 0.182927 13.048780
859764 46 0.000000 0.000000 0.000000 20.548780 2.621951 13.292684
859769 46 0.000000 0.000000 0.000000 13.780488 3.658537 14.817074
859774 46 0.000000 0.000000 0.000000 9.512196 0.000000 14.085366
859779 46 0.000000 0.000000 0.000000 11.707317 -0.731707 12.987805
859784 46 0.000000 0.000000 0.000000 8.841464 -2.560976 12.804878
859789 46 0.000000 0.000000 0.000000 4.085366 -4.756098 13.048780
859794 46 0.000000 0.000000 0.000000 4.573171 -4.756098 12.865854
859799 46 0.000000 0.000000 0.000000 3.902439 -3.353659 14.085366
859804 46 0.000000 0.000000 0.000000 3.414634 -4.390244 15.548780
859809 46 0.000000 0.000000 0.000000 6.829268 -5.975610 15.731708
859814 46 0.000000 0.000000 0.000000 7.987805 -5.000000 15.365854
859819 46 0.000000 0.000000 0.000000 3.719512 -2.500000 15.792684
859824 46 0.000000 0.000000 0.000000 -0.487805 -3.719512 17.439024
859829 46 0.000000 0.000000 0.000000 2.682927 -6.646342 17.012196
859834 46 0.000000 0.000000 0.000000 5.914634 -6.341464 17.378050
859839 46 0.000000 0.000000 0.000000 4.695122 -6.097561 18.109756
859844 46 0.000000 0.000000 0.000000 4.634146 -4.085366 18.536585
859849 46 0.000000 0.000000 0.000000 8.658537 -2.012195 17.621952
859854 46 0.000000 0.000000 0.000000 8.109756 -1.829268 17.012196
859859 46 0.000000 0.000000 0.000000 3.353659 -7.256098 18.109756
859864 46 0.000000 0.000000 0.000000 4.451220 -7.926829 17.804878
859869 46 0.000000 0.000000 0.000000 5.975610 -6.097561 18.841463
859874 45 0.000000 0.000000 0.000000 5.487805 -6.402439 18.841463
859879 45 0.000000 0.000000 0.000000 9.207317 -5.975610 18.536585
859884 45 0.000000 0.000000 0.000000 9.207317 -5.914634 17.926830
859889 45 0.000000 0.000000 0.000000 0.792683 -7.987805 18.780489
859894 46 0.000000 0.000000 0.000000 0.487805 -8.536586 18.658537
859899 46 0.000000 0.000000 0.000000 6.951220 -8.719512 18.231709
859904 46 0.000000 0.000000 0.000000 8.109756 -9.085366 19.085367
859909 46 0.000000 0.000000 0.000000 6.219512 -8.414635 19.329269
859914 46 0.000000 0.000000 0.000000 6.585366 -5.975610 19.573172
859919 46 0.000000 0.000000 0.000000 9.817074 -7.073171 17.317074
859924 46 0.000000 0.000000 0.000000 7.682927 -7.560976 16.707317
859929 46 0.000000 0.000000 0.000000 4.817073 -9.024390 16.890244
859934 45 0.000000 -10.000000 0.000000 2.804878 -9.085366 17.560976
859939 45 0.000000 -10.000000 0.000000 1.646341 -5.975610 18.414635
859944 45 0.000000 -10.000000 0.000000 0.548781 -4.146341 18.353659
859949 45 0.000000 -10.000000 0.000000 3.353659 -7.134147 16.341463
859954 45 0.000000 -20.000000 0.000000 6.097561 -9.817074 14.573171
859959 45 0.000000 -20.000000 0.000000 1.951220 -10.853659 15.792684
859964 45 0.000000 -20.000000 0.000000 0.000000 -10.609756 15.670732
859969 45 0.000000 -20.000000 0.000000 4.634146 -8.963415 14.512196
859974 45 0.000000 -30.000000 0.000000 5.670732 -10.670732 14.390244
859979 45 0.000000 -30.000000 0.000000 3.963415 -15.792684 14.573171
859984 45 0.000000 -30.000000 0.000000 4.634146 -20.426830 12.195122
859989 45 0.000000 -30.000000 0.000000 2.560976 -21.524391 11.341464
859994 45 0.000000 -30.000000 0.000000 0.853659 -22.134148 12.195122
859999 45 0.000000 -30.000000 0.000000 5.792683 -23.170732 11.707317
860004 45 0.000000 -30.000000 0.000000 7.500000 -27.073172 12.500000
860009 45 0.000000 -30.000000 0.000000 3.902439 -29.512196 13.963415
860014 46 0.000000 -30.000000 0.000000 3.170732 -33.231709 10.792684
860019 46 0.000000 -30.000000 0.000000 12.560976 -32.865856 7.195122
860024 46 0.000000 -30.000000 0.000000 10.609756 -34.451221 7.134147
860029 46 0.000000 -30.000000 0.000000 5.182927 -38.231709 8.780488
860034 45 0.000000 -20.000000 0.000000 3.963415 -39.329269 10.121951
860039 45 0.000000 -20.000000 0.000000 5.975610 -39.085365 10.792684
860044 45 0.000000 -20.000000 0.000000 5.304878 -39.451221 9.024390
860049 45 0.000000 -20.000000 0.000000 14.329268 -38.048782 5.853659
860054 46 0.000000 -20.000000 0.000000 17.682928 -36.890244 6.097561
860059 46 0.000000 -20.000000 0.000000 10.487805 -35.731709 8.292683
860064 46 0.000000 -20.000000 0.000000 7.621952 -33.109756 9.085366
860069 46 0.000000 -20.000000 0.000000 8.780488 -32.012196 8.536586
860074 46 0.000000 -10.000000 0.000000 8.841464 -29.817074 8.170732
860079 46 0.000000 -10.000000 0.000000 9.573171 -24.512196 7.134147
860084 46 0.000000 -10.000000 0.000000 7.682927 -21.158537 6.707317
860089 46 0.000000 -10.000000 0.000000 5.914634 -22.073172 7.500000
860094 46 0.000000 -20.000000 0.000000 2.682927 -23.109756 7.865854
860099 46 0.000000 -20.000000 0.000000 0.609756 -20.487804 8.170732
860104 46 0.000000 -20.000000 0.000000 2.439024 -16.219513 8.597561
860109 46 0.000000 -20.000000 0.000000 3.841464 -18.170732 8.536586
860114 45 0.000000 -20.000000 0.000000 6.280488 -18.414635 8.780488
860119 45 0.000000 -20.000000 0.000000 3.963415 -12.621951 7.987805
860124 45 0.000000 -20.000000 0.000000 0.914634 -10.000000 8.536586
860129 45 0.000000 -20.000000 0.000000 -0.182927 -11.707317 9.573171
860134 45 0.000000 -20.000000 0.000000 0.060976 -13.048780 9.756098
860139 45 0.000000 -20.000000 0.000000 -0.914634 -11.036586 9.939025
860144 45 0.000000 -20.000000 0.000000 -2.865854 -11.829268 10.365854
860149 45 0.000000 -20.000000 0.000000 4.024390 -13.292684 8.353659
860154 45 0.000000 -30.000000 0.000000 7.195122 -14.512196 7.134147
860159 45 0.000000 -30.000000 0.000000 3.597561 -17.134148 8.719512
860164 45 0.000000 -30.000000 0.000000 1.768293 -19.573172 10.609756
860169 45 0.000000 -30.000000 0.000000 4.878049 -19.390244 11.646341
860174 45 0.000000 -30.000000 0.000000 5.975610 -19.451220 10.182927
860179 45 0.000000 -30.000000 0.000000 12.439025 -21.829269 9.024390
860184 45 0.000000 -30.000000 0.000000 11.707317 -27.560976 8.231708
860189 45 0.000000 -30.000000 0.000000 5.975610 -28.170732 7.926829
860194 45 0.000000 -30.000000 0.000000 4.817073 -28.536587 8.780488
860199 45 0.000000 -30.000000 0.000000 8.597561 -32.621952 8.963415
860204 45 0.000000 -30.000000 0.000000 8.841464 -35.182926 7.743903
860209 45 0.000000 -30.000000 0.000000 -1.890244 -35.121952 8.292683
860214 45 0.000000 -20.000000 0.000000 -5.914634 -37.256100 8.719512
860219 45 0.000000 -20.000000 0.000000 -1.463415 -39.146343 7.987805
860224 45 0.000000 -20.000000 0.000000 0.548781 -39.268295 7.378049
860229 45 0.000000 -20.000000 0.000000 1.219512 -38.719513 8.475610
860234 45 0.000000 -20.000000 0.000000 0.182927 -40.365856 10.609756
860239 45 0.000000 -20.000000 0.000000 -2.134146 -40.365856 12.378049
860244 45 0.000000 -20.000000 0.000000 -1.829268 -36.219513 13.841464
860249 45 0.000000 -20.000000 0.000000 0.670732 -36.402439 13.841464
860254 45 0.000000 -20.000000 0.000000 4.146341 -35.670734 13.048780
860259 45 0.000000 -20.000000 0.000000 7.865854 -30.365854 11.951220
860264 45 0.000000 -20.000000 0.000000 6.646342 -26.524391 11.585366
860269 45 0.000000 -20.000000 0.000000 3.780488 -26.158537 13.048780
860274 45 0.000000 -10.000000 0.000000 3.353659 -26.036587 12.987805
860279 45 0.000000 -10.000000 0.000000 -3.109756 -25.426830 13.963415
860284 45 0.000000 -10.000000 0.000000 -7.134147 -24.451220 14.207317
860289 45 0.000000 -10.000000 0.000000 2.012195 -21.463415 11.707317
860294 45 0.000000 -10.000000 0.000000 8.780488 -17.012196 11.829268
860299 45 0.000000 -10.000000 0.000000 9.329268 -14.878049 13.231708
860304 45 0.000000 -10.000000 0.000000 7.743903 -10.975610 14.268293
860309 45 0.000000 -10.000000 0.000000 6.463415 -10.426829 14.939025
860314 45 0.000000 -10.000000 0.000000 7.560976 -11.951220 15.548780
860319 45 0.000000 -10.000000 0.000000 8.780488 -9.756098 13.536586
860324 45 0.000000 -10.000000 0.000000 5.243903 -8.414635 11.829268
860329 45 0.000000 -10.000000 0.000000 1.158537 -9.451220 13.536586
860334 45 0.000000 -10.000000 -20.000000 -0.426829 -9.146341 14.634147
860339 45 0.000000 -10.000000 -20.000000 -2.621951 -8.109756 16.585365
860344 45 0.000000 -10.000000 -20.000000 -3.597561 -7.500000 15.975610
860349 45 0.000000 -10.000000 -20.000000 -1.463415 -7.926829 12.804878
860354 45 0.000000 0.000000 -20.000000 -1.646341 -9.878049 8.231708
860359 45 0.000000 0.000000 -20.000000 -5.975610 -8.902439 7.682927
860364 45 0.000000 0.000000 -20.000000 -7.378049 -8.841464 7.804878
860369 45 0.000000 0.000000 -20.000000 1.646341 -7.926829 6.097561
860374 45 0.000000 0.000000 -20.000000 -1.829268 -7.743903 6.646342
860379 45 0.000000 0.000000 -20.000000 -9.329268 -10.243902 7.378049
860384 45 0.000000 0.000000 -20.000000 -10.731708 -10.792684 7.560976
860389 45 0.000000 0.000000 -20.000000 -9.146341 -7.682927 7.987805
860394 45 0.000000 0.000000 -20.000000 -7.560976 -5.243903 7.987805
860399 45 0.000000 0.000000 -20.000000 -5.426829 -8.658537 6.951220
860404 45 0.000000 0.000000 -20.000000 -6.036585 -8.536586 5.975610
860409 45 0.000000 0.000000 -20.000000 -6.890244 -5.853659 6.890244
860414 45 0.000000 0.000000 -20.000000 -6.951220 -5.365854 8.048780
860419 45 0.000000 0.000000 -20.000000 -5.975610 -2.621951 8.109756
860424 45 0.000000 0.000000 -20.000000 -6.829268 -0.731707 8.963415
860429 45 0.000000 0.000000 -20.000000 -5.182927 -3.597561 7.621952
860434 45 0.000000 0.000000 -30.000000 0.792683 -2.804878 7.560976
860439 45 0.000000 0.000000 -30.000000 2.256098 0.365854 8.475610
860444 45 0.000000 0.000000 -30.000000 0.487805 2.134146 9.207317
860449 45 0.000000 0.000000 -30.000000 -2.439024 1.768293 7.378049
860454 45 0.000000 0.000000 -30.000000 -0.914634 2.682927 6.890244
860459 45 0.000000 0.000000 -30.000000 2.500000 1.402439 6.341464
860464 45 0.000000 0.000000 -30.000000 2.256098 -1.646341 6.158537
860469 45 0.000000 0.000000 -30.000000 0.975610 -1.951220 7.682927
860474 45 0.000000 0.000000 -30.000000 0.060976 -0.670732 7.378049
860479 45 0.000000 0.000000 -30.000000 0.609756 1.219512 7.378049
860484 45 0.000000 0.000000 -30.000000 1.280488 0.670732 6.219512
860489 45 0.000000 0.000000 -30.000000 5.000000 1.585366 5.975610
860494 45 0.000000 0.000000 -30.000000 3.170732 -1.280488 4.817073
860499 45 0.000000 0.000000 -30.000000 -4.329268 -6.890244 7.439024
860504 45 0.000000 0.000000 -30.000000 -4.573171 -4.817073 8.719512
860509 45 0.000000 0.000000 -30.000000 -4.512195 -0.853659 6.951220
860514 45 0.000000 0.000000 -30.000000 -6.646342 -1.524390 4.878049
860519 45 0.000000 0.000000 -30.000000 -6.890244 -3.658537 5.426829
860524 45 0.000000 0.000000 -30.000000 -6.707317 -4.756098 6.524390
860529 45 0.000000 0.000000 -30.000000 3.841464 -4.573171 4.329268
860534 45 0.000000 0.000000 -40.000000 4.634146 -2.560976 4.451220
860539 45 0.000000 0.000000 -40.000000 -5.182927 -0.426829 6.707317
860544 45 0.000000 0.000000 -40.000000 -10.304878 -0.609756 7.804878
860549 45 0.000000 0.000000 -40.000000 -11.524390 0.426829 4.573171
860554 45 0.000000 0.000000 -40.000000 -11.402439 0.975610 3.231707
860559 45 0.000000 0.000000 -40.000000 -9.512196 1.646341 3.963415
860564 45 0.000000 0.000000 -40.000000 -10.304878 1.890244 4.573171
860569 45 0.000000 0.000000 -40.000000 -7.317073 0.121951 3.231707
860574 45 0.000000 0.000000 -40.000000 -4.146341 0.060976 3.658537
860579 45 0.000000 0.000000 -40.000000 -5.182927 0.426829 5.487805
860584 45 0.000000 0.000000 -40.000000 -5.426829 -0.609756 5.060976
860589 45 0.000000 0.000000 -40.000000 -5.792683 1.036585 3.292683
860594 45 0.000000 0.000000 -50.000000 -7.256098 1.463415 3.536585
860599 45 0.000000 0.000000 -50.000000 -4.512195 2.195122 2.743902
860604 45 0.000000 0.000000 -50.000000 -1.707317 2.560976 2.012195
860609 45 0.000000 0.000000 -50.000000 1.951220 -0.304878 1.219512
860614 45 0.000000 0.000000 -50.000000 3.109756 -2.134146 0.548781
860619 45 0.000000 0.000000 -50.000000 1.585366 -2.865854 1.219512
860624 45 0.000000 0.000000 -50.000000 1.707317 -2.439024 0.365854
860629 45 0.000000 0.000000 -50.000000 -1.402439 -1.219512 -1.768293
860634 45 0.000000 0.000000 -50.000000 -2.682927 -0.182927 -2.743902
860639 45 0.000000 0.000000 -50.000000 -0.426829 2.134146 -2.621951
860644 45 0.000000 0.000000 -50.000000 -0.853659 3.109756 -2.743902
860649 45 0.000000 0.000000 -50.000000 -0.487805 2.134146 -1.280488
860654 45 0.000000 0.000000 -50.000000 1.646341 1.158537 -1.829268
860659 45 0.000000 0.000000 -50.000000 2.560976 -1.768293 -4.329268
860664 45 0.000000 0.000000 -50.000000 -2.134146 -1.768293 -4.207317
860669 45 0.000000 0.000000 -50.000000 -4.939024 0.548781 -4.390244
860674 45 0.000000 0.000000 -50.000000 -3.719512 2.378049 -4.756098
860679 45 0.000000 0.000000 -50.000000 -8.048780 3.414634 -3.536585
860684 45 0.000000 0.000000 -50.000000 -10.426829 4.329268 -3.963415
860689 45 0.000000 0.000000 -50.000000 -10.853659 4.939024 -6.585366
860694 45 0.000000 0.000000 -50.000000 -11.402439 4.756098 -6.646342
860699 45 0.000000 0.000000 -50.000000 -7.317073 2.926829 -6.829268
860704 45 0.000000 0.000000 -50.000000 -4.817073 2.378049 -6.951220
860709 45 0.000000 0.000000 -50.000000 -4.878049 0.000000 -6.707317
860714 45 0.000000 0.000000 -50.000000 -3.597561 -2.012195 -7.560976
860719 45 0.000000 0.000000 -50.000000 0.060976 -2.743902 -7.621952
860724 45 0.000000 0.000000 -50.000000 3.353659 -5.914634 -9.146341
860729 45 0.000000 0.000000 -50.000000 -1.951220 -2.500000 -9.451220
860734 45 0.000000 0.000000 -50.000000 -3.780488 2.073171 -10.365854
860739 45 0.000000 0.000000 -50.000000 -2.804878 3.902439 -12.743903
860744 45 0.000000 0.000000 -50.000000 -2.987805 3.841464 -13.170732
860749 45 0.000000 0.000000 -50.000000 -2.195122 3.841464 -12.012196
860754 45 0.000000 0.000000 -50.000000 -3.719512 5.000000 -12.073171
860759 45 0.000000 0.000000 -50.000000 -2.743902 2.378049 -13.780488
860764 45 0.000000 0.000000 -50.000000 -1.707317 1.829268 -14.634147
860769 45 0.000000 0.000000 -50.000000 -2.256098 3.109756 -15.243903
860774 45 0.000000 0.000000 -50.000000 -2.560976 3.536585 -14.817074
860779 45 0.000000 0.000000 -50.000000 -3.414634 4.146341 -13.902439
860784 45 0.000000 0.000000 -50.000000 -2.560976 1.829268 -13.353659
860789 45 0.000000 0.000000 -50.000000 0.731707 0.487805 -16.890244
860794 45 0.000000 0.000000 -60.000000 1.707317 1.585366 -18.963415
860799 45 0.000000 0.000000 -60.000000 5.365854 0.487805 -20.304878
860804 45 0.000000 0.000000 -60.000000 6.585366 0.670732 -20.609756
860809 45 0.000000 0.000000 -60.000000 2.012195 0.000000 -20.670732
860814 45 0.000000 0.000000 -60.000000 -0.487805 -1.890244 -20.304878
860819 45 0.000000 0.000000 -60.000000 -1.524390 1.219512 -21.585367
860824 45 0.000000 0.000000 -60.000000 -3.780488 0.792683 -24.329269
860829 45 0.000000 0.000000 -60.000000 -3.597561 0.792683 -25.548780
860834 45 0.000000 0.000000 -60.000000 -3.902439 0.182927 -26.707317
860839 45 0.000000 0.000000 -60.000000 -2.682927 -2.256098 -27.439026
860844 45 0.000000 0.000000 -60.000000 0.121951 -2.743902 -26.280489
860849 45 0.000000 0.000000 -60.000000 -3.109756 -2.134146 -26.463415
860854 45 0.000000 0.000000 -60.000000 -4.695122 -2.073171 -29.756098
860859 45 0.000000 0.000000 -60.000000 -5.365854 0.000000 -31.158537
860864 45 0.000000 0.000000 -60.000000 -5.670732 0.182927 -32.682926
860869 45 0.000000 0.000000 -60.000000 -3.658537 1.585366 -34.268295
860874 45 0.000000 0.000000 -60.000000 0.426829 3.475610 -33.780487
860879 45 0.000000 0.000000 -60.000000 1.707317 -0.182927 -32.804878
860884 45 0.000000 0.000000 -60.000000 0.000000 -1.585366 -34.146343
860889 45 0.000000 0.000000 -60.000000 -2.256098 -1.524390 -35.426830
860894 45 0.000000 0.000000 -60.000000 -3.109756 -0.304878 -37.012196
860899 45 0.000000 0.000000 -60.000000 -3.658537 0.426829 -37.560978
860904 45 0.000000 0.000000 -60.000000 -4.146341 0.670732 -37.195122
860909 45 0.000000 0.000000 -60.000000 -1.402439 1.280488 -36.646343
860914 45 0.000000 0.000000 -60.000000 0.182927 3.109756 -37.804878
860919 45 0.000000 0.000000 -60.000000 2.195122 2.012195 -39.024391
860924 45 0.000000 0.000000 -60.000000 3.963415 0.975610 -41.158539
860929 45 0.000000 0.000000 -60.000000 1.463415 0.060976 -40.853661
860934 45 0.000000 0.000000 -60.000000 0.121951 0.487805 -40.121952
860939 45 0.000000 0.000000 -60.000000 -0.548781 4.085366 -40.426830
860944 45 0.000000 0.000000 -60.000000 -2.439024 6.402439 -41.036587
860949 45 0.000000 0.000000 -60.000000 0.914634 3.719512 -40.609756
860954 45 0.000000 0.000000 -60.000000 -0.121951 1.402439 -42.439026
860959 45 0.000000 0.000000 -60.000000 -6.646342 -1.402439 -42.134148
860964 45 0.000000 0.000000 -60.000000 -8.536586 -0.609756 -41.402439
860969 45 0.000000 0.000000 -60.000000 -8.719512 0.731707 -41.402439
860974 45 0.000000 0.000000 -60.000000 -7.134147 -0.304878 -42.560978
860979 45 0.000000 0.000000 -60.000000 -2.439024 -1.341463 -43.963417
860984 45 0.000000 0.000000 -60.000000 -2.012195 0.426829 -42.134148
860989 45 0.000000 0.000000 -60.000000 1.890244 -0.426829 -43.048782
860994 45 0.000000 0.000000 -60.000000 4.024390 -1.768293 -44.024391
860999 45 0.000000 0.000000 -60.000000 -0.670732 0.487805 -41.707317
861004 45 0.000000 0.000000 -60.000000 -3.170732 1.219512 -41.463417
861009 45 0.000000 0.000000 -60.000000 -2.256098 0.426829 -43.658539
861014 45 0.000000 0.000000 -60.000000 -2.195122 -1.280488 -42.256100
861019 45 0.000000 0.000000 -60.000000 1.280488 -2.256098 -42.865856
861024 45 0.000000 0.000000 -60.000000 2.560976 -1.097561 -43.109756
861029 45 0.000000 0.000000 -60.000000 2.317073 -1.524390 -43.109756
861034 45 0.000000 0.000000 -60.000000 1.402439 -4.207317 -42.500000
861039 45 0.000000 0.000000 -60.000000 -1.463415 -4.329268 -41.951221
861044 45 0.000000 0.000000 -60.000000 -3.231707 -3.719512 -40.670734
861049 45 0.000000 0.000000 -60.000000 4.390244 -1.646341 -42.378048
861054 45 0.000000 0.000000 -50.000000 6.219512 -2.195122 -44.878048
861059 45 0.000000 0.000000 -50.000000 4.207317 -4.329268 -46.890244
861064 45 0.000000 0.000000 -50.000000 3.902439 -3.109756 -46.341465
861069 45 0.000000 0.000000 -50.000000 4.207317 2.134146 -44.939026
861074 45 0.000000 0.000000 -40.000000 -0.670732 3.292683 -43.780487
861079 45 0.000000 0.000000 -40.000000 -1.097561 0.121951 -42.317074
861084 45 0.000000 0.000000 -40.000000 0.975610 -1.585366 -41.768295
861089 45 0.000000 0.000000 -40.000000 1.463415 0.182927 -41.097561
861094 45 0.000000 0.000000 -20.000000 0.121951 0.304878 -41.280487
861099 45 0.000000 0.000000 -20.000000 -2.865854 1.585366 -40.243904
861104 45 0.000000 0.000000 -20.000000 -5.670732 0.731707 -38.658539
861109 45 0.000000 0.000000 -20.000000 2.073171 -0.304878 -38.597561
861114 45 0.000000 0.000000 0.000000 3.414634 0.121951 -37.500000
861119 45 0.000000 0.000000 0.000000 -1.829268 0.182927 -35.548782
861124 45 0.000000 0.000000 0.000000 -4.695122 0.426829 -33.231709
861129 45 0.000000 0.000000 0.000000 -3.231707 -0.060976 -29.695122
861134 45 0.000000 0.000000 0.000000 -3.170732 0.000000 -29.024391
861139 45 0.000000 0.000000 0.000000 -5.548780 1.097561 -27.926830
861144 45 0.000000 0.000000 0.000000 -5.609756 0.975610 -26.707317
861149 45 0.000000 0.000000 0.000000 -5.121951 -0.487805 -27.317074
861154 45 0.000000 0.000000 0.000000 -0.243902 2.804878 -26.280489
861159 45 0.000000 0.000000 0.000000 1.890244 3.536585 -24.878050
861164 45 0.000000 0.000000 0.000000 0.304878 2.317073 -24.817074
861169 45 0.000000 0.000000 0.000000 0.975610 5.121951 -25.182928
861174 45 0.000000 0.000000 0.000000 0.914634 7.439024 -23.414635
861179 45 0.000000 0.000000 0.000000 3.658537 5.121951 -23.231709
861184 45 0.000000 0.000000 0.000000 3.231707 3.231707 -23.841463
861189 45 0.000000 0.000000 0.000000 2.317073 4.573171 -23.414635
861194 45 0.000000 0.000000 0.000000 1.768293 4.451220 -23.658537
861199 45 0.000000 0.000000 0.000000 6.829268 2.804878 -25.731709
861204 45 0.000000 0.000000 0.000000 12.926829 2.926829 -27.256098
861209 45 0.000000 0.000000 0.000000 7.500000 6.768293 -25.365854
861214 45 0.000000 0.000000 0.000000 2.134146 6.524390 -23.292683
861219 45 0.000000 0.000000 0.000000 0.853659 4.634146 -23.170732
861224 45 0.000000 0.000000 0.000000 -0.426829 4.573171 -23.719513
861229 45 0.000000 0.000000 0.000000 -3.536585 6.219512 -23.170732
861234 45 0.000000 0.000000 0.000000 -5.487805 7.073171 -23.658537
861239 45 0.000000 0.000000 0.000000 0.000000 6.097561 -23.902439
861244 45 0.000000 0.000000 0.000000 2.317073 2.682927 -23.048780
861249 45 0.000000 0.000000 0.000000 -1.524390 2.012195 -22.621952
861254 45 0.000000 0.000000 0.000000 -2.378049 4.573171 -22.987806
861259 45 0.000000 0.000000 0.000000 -0.609756 2.256098 -21.646341
861264 45 0.000000 0.000000 0.000000 2.073171 -0.731707 -20.914635
861269 45 0.000000 0.000000 0.000000 -1.707317 1.280488 -22.621952
861274 45 0.000000 0.000000 0.000000 -4.756098 0.975610 -23.475611
861279 45 0.000000 0.000000 0.000000 -4.024390 0.609756 -23.414635
861284 45 0.000000 0.000000 0.000000 -0.487805 4.024390 -23.536587
861289 45 0.000000 0.000000 0.000000 1.219512 6.829268 -22.560976
861294 45 0.000000 0.000000 0.000000 0.548781 5.670732 -21.341463
861299 45 0.000000 0.000000 0.000000 6.280488 1.341463 -21.890244
861304 45 0.000000 0.000000 0.000000 8.963415 4.512195 -22.804878
861309 45 0.000000 0.000000 0.000000 4.878049 8.658537 -22.560976
861314 45 0.000000 0.000000 0.000000 1.402439 5.426829 -21.951220
861319 45 0.000000 0.000000 0.000000 1.341463 0.853659 -23.719513
861324 45 0.000000 0.000000 0.000000 2.560976 0.243902 -23.048780
861329 45 0.000000 0.000000 0.000000 -1.951220 0.365854 -20.000000
861334 45 0.000000 0.000000 0.000000 -2.560976 1.463415 -20.365854
861339 45 0.000000 0.000000 0.000000 2.621951 3.353659 -23.231709
861344 45 0.000000 0.000000 0.000000 2.743902 1.097561 -22.926830
861349 45 0.000000 0.000000 0.000000 -1.890244 0.792683 -20.000000
861354 45 0.000000 0.000000 0.000000 -3.963415 2.134146 -20.548780
861359 45 0.000000 0.000000 0.000000 0.000000 0.609756 -22.500000
861364 45 0.000000 0.000000 0.000000 2.439024 -1.585366 -22.987806
861369 45 0.000000 0.000000 0.000000 -2.134146 0.609756 -22.439024
861374 45 0.000000 0.000000 0.000000 -1.890244 4.024390 -21.585367
861379 45 0.000000 0.000000 0.000000 0.060976 2.743902 -21.768293
861384 45 0.000000 0.000000 0.000000 -0.304878 1.219512 -21.768293
861389 45 0.000000 0.000000 0.000000 -3.902439 4.146341 -20.731709
861394 45 0.000000 0.000000 0.000000 -7.926829 4.451220 -19.939024
861399 45 0.000000 0.000000 0.000000 -3.780488 2.195122 -20.853659
861404 45 0.000000 0.000000 0.000000 -1.158537 0.731707 -21.524391
861409 45 0.000000 0.000000 0.000000 -1.951220 2.804878 -21.768293
861414 45 0.000000 0.000000 0.000000 -9.329268 0.914634 -18.719513
861419 45 0.000000 0.000000 0.000000 -12.256098 -3.719512 -16.707317
861424 45 0.000000 0.000000 0.000000 -4.085366 -3.170732 -19.817074
861429 45 0.000000 0.000000 0.000000 0.304878 0.304878 -20.609756
861434 45 0.000000 0.000000 0.000000 1.097561 0.365854 -19.451220
861439 45 0.000000 0.000000 0.000000 0.487805 -0.853659 -19.878050
861444 45 0.000000 0.000000 0.000000 0.853659 -0.060976 -21.097561
861449 45 0.000000 0.000000 0.000000 2.378049 1.829268 -21.524391
861454 45 0.000000 0.000000 0.000000 4.634146 3.353659 -20.548780
861459 45 0.000000 0.000000 0.000000 6.158537 2.317073 -21.646341
861464 45 0.000000 0.000000 0.000000 7.134147 2.195122 -22.926830
861469 45 0.000000 0.000000 0.000000 5.182927 4.390244 -21.036587
861474 45 0.000000 0.000000 0.000000 3.658537 4.085366 -20.060976
861479 45 0.000000 0.000000 0.000000 5.304878 2.378049 -21.036587
861484 45 0.000000 0.000000 0.000000 4.512195 3.353659 -21.463415
861489 45 0.000000 0.000000 0.000000 -2.682927 4.512195 -19.512196
861494 45 0.000000 0.000000 0.000000 -3.475610 3.597561 -19.024391
861499 45 0.000000 0.000000 0.000000 -2.134146 3.231707 -21.585367
861504 45 0.000000 0.000000 0.000000 -0.182927 5.731708 -22.134148
861509 45 0.000000 0.000000 0.000000 -1.341463 7.195122 -20.487804
861514 45 0.000000 0.000000 0.000000 -3.109756 6.707317 -20.975611
861519 45 0.000000 0.000000 0.000000 6.280488 7.804878 -23.536587
861524 45 0.000000 0.000000 0.000000 7.500000 8.109756 -23.109756
861529 45 0.000000 0.000000 0.000000 -2.134146 5.548780 -20.670732
861534 45 0.000000 0.000000 0.000000 -6.402439 3.109756 -20.060976
861539 45 0.000000 0.000000 0.000000 -4.634146 1.280488 -22.195122
861544 45 0.000000 0.000000 0.000000 -3.475610 0.487805 -21.158537
861549 45 0.000000 0.000000 0.000000 -6.158537 2.743902 -19.024391
861554 45 0.000000 0.000000 0.000000 -6.829268 3.719512 -20.365854
861559 43 0.000000 0.000000 0.000000 0.670732 3.231707 -21.951220
861564 43 0.000000 0.000000 0.000000 2.195122 -0.487805 -21.097561
861569 43 0.000000 0.000000 0.000000 -5.000000 -2.743902 -20.609756
861574 43 0.000000 0.000000 0.000000 -7.378049 -2.804878 -21.829269
861579 43 0.000000 0.000000 0.000000 -3.231707 -2.195122 -23.780489
861584 43 0.000000 0.000000 0.000000 -0.548781 -0.914634 -23.353659
861589 43 0.000000 0.000000 0.000000 -4.573171 1.524390 -21.768293
861594 43 0.000000 0.000000 0.000000 -3.902439 0.060976 -21.707317
861599 42 0.000000 0.000000 0.000000 0.914634 -0.975610 -20.792683
861604 42 0.000000 0.000000 0.000000 -0.487805 -1.158537 -20.060976
861609 42 0.000000 0.000000 0.000000 -4.390244 -1.219512 -20.548780
861614 42 0.000000 0.000000 0.000000 -5.426829 -0.792683 -19.817074
861619 42 0.000000 0.000000 0.000000 -6.951220 -3.048780 -18.292683
861624 42 0.000000 0.000000 0.000000 -1.829268 -1.463415 -19.390244
861629 42 0.000000 0.000000 0.000000 4.207317 0.426829 -20.914635
861634 42 0.000000 0.000000 0.000000 2.073171 -1.829268 -22.621952
861639 41 0.000000 0.000000 0.000000 -0.609756 -3.292683 -21.829269
861644 41 0.000000 0.000000 0.000000 -1.036585 -1.402439 -21.158537
861649 41 0.000000 0.000000 0.000000 0.609756 1.097561 -22.500000
861654 41 0.000000 0.000000 0.000000 2.256098 1.463415 -21.036587
861659 41 0.000000 0.000000 0.000000 0.000000 0.060976 -19.085367
861664 41 0.000000 0.000000 0.000000 -1.890244 -0.975610 -19.695122
861669 41 0.000000 0.000000 0.000000 -4.329268 -1.707317 -18.597561
861674 41 0.000000 0.000000 0.000000 -4.024390 -1.585366 -18.414635
861679 41 0.000000 0.000000 0.000000 -6.036585 -0.243902 -19.146341
861684 41 0.000000 0.000000 0.000000 -8.719512 -2.560976 -19.573172
861689 41 0.000000 0.000000 0.000000 -6.097561 -6.036585 -21.463415
861694 41 0.000000 0.000000 0.000000 -4.329268 -5.548780 -21.158537
861699 41 0.000000 0.000000 0.000000 -1.402439 -3.658537 -19.268293
861704 41 0.000000 0.000000 0.000000 -1.890244 -4.939024 -19.390244
861709 41 0.000000 0.000000 0.000000 -6.402439 -5.487805 -18.170732
861714 41 0.000000 0.000000 0.000000 -10.792684 -6.158537 -15.853659
861719 41 0.000000 0.000000 0.000000 -7.682927 -5.243903 -17.621952
861724 41 0.000000 0.000000 0.000000 -6.829268 -5.548780 -18.536585
861729 41 0.000000 0.000000 0.000000 -6.890244 -6.951220 -18.902439
861734 41 0.000000 0.000000 0.000000 -4.451220 -4.939024 -19.024391
861739 41 0.000000 0.000000 0.000000 -3.292683 -5.365854 -17.804878
861744 41 0.000000 0.000000 0.000000 1.402439 -5.000000 -17.743902
861749 41 0.000000 0.000000 0.000000 0.853659 -4.451220 -17.865854
861754 41 0.000000 0.000000 0.000000 0.182927 -3.597561 -16.707317
861759 41 0.000000 0.000000 0.000000 2.621951 -2.987805 -17.073172
861764 41 0.000000 0.000000 0.000000 4.634146 -3.048780 -16.890244
861769 41 0.000000 0.000000 0.000000 5.365854 -2.134146 -15.792684
861774 41 0.000000 0.000000 0.000000 1.463415 -4.146341 -16.280489
861779 41 0.000000 0.000000 0.000000 0.731707 -5.670732 -16.097561
861784 41 0.000000 0.000000 0.000000 3.597561 -4.451220 -15.548780
861789 41 0.000000 0.000000 0.000000 4.512195 -2.073171 -16.219513
861794 41 0.000000 0.000000 0.000000 3.719512 -2.012195 -16.036585
861799 41 0.000000 0.000000 0.000000 3.658537 -1.097561 -15.548780
861804 41 0.000000 0.000000 0.000000 0.670732 -3.475610 -16.097561
861809 41 0.000000 0.000000 0.000000 1.036585 -2.865854 -15.060976
861814 41 0.000000 0.000000 0.000000 0.000000 -2.926829 -14.756098
861819 41 0.000000 0.000000 0.000000 -2.378049 -4.512195 -16.097561
861824 41 0.000000 0.000000 0.000000 -4.024390 -6.158537 -15.914635
861829 41 0.000000 0.000000 0.000000 -2.195122 -6.036585 -15.914635
861834 41 0.000000 0.000000 0.000000 -1.951220 -7.012195 -16.280489
861839 41 0.000000 0.000000 0.000000 -7.743903 -4.329268 -14.329268
861844 41 0.000000 0.000000 0.000000 -11.280488 -3.902439 -13.658537
861849 41 0.000000 0.000000 0.000000 -9.207317 -7.134147 -14.207317
861854 41 0.000000 0.000000 0.000000 -6.036585 -6.585366 -14.146341
861859 41 0.000000 0.000000 0.000000 -7.621952 -8.536586 -15.731708
861864 41 0.000000 0.000000 0.000000 -6.951220 -7.682927 -16.219513
861869 41 0.000000 0.000000 0.000000 -2.865854 -5.670732 -14.207317
861874 41 0.000000 0.000000 0.000000 0.609756 -3.536585 -14.268293
861879 41 0.000000 0.000000 0.000000 -3.658537 -4.207317 -14.939025
861884 41 0.000000 0.000000 0.000000 -4.146341 -4.268293 -13.414635
861889 41 0.000000 0.000000 0.000000 -1.280488 -4.451220 -12.439025
861894 41 0.000000 0.000000 0.000000 -1.524390 -5.182927 -13.536586
861899 41 0.000000 0.000000 0.000000 1.341463 -3.597561 -15.182927
861904 41 0.000000 0.000000 0.000000 1.524390 -2.926829 -15.731708
861909 41 0.000000 0.000000 0.000000 -1.585366 -3.414634 -14.512196
861914 41 0.000000 0.000000 0.000000 -2.926829 -4.817073 -14.085366
861919 41 0.000000 0.000000 0.000000 -2.134146 -4.939024 -14.024390
861924 41 0.000000 0.000000 0.000000 -3.353659 -5.060976 -13.414635
861929 41 0.000000 0.000000 0.000000 -4.573171 -4.451220 -13.292684
861934 41 0.000000 0.000000 0.000000 -3.353659 -3.536585 -12.682927
861939 41 0.000000 0.000000 0.000000 -2.500000 -3.841464 -11.707317
861944 41 0.000000 0.000000 0.000000 -2.621951 -3.902439 -12.500000
861949 41 0.000000 0.000000 0.000000 -4.634146 -5.121951 -14.146341
861954 41 0.000000 0.000000 0.000000 -5.243903 -7.134147 -14.634147
861959 41 0.000000 0.000000 0.000000 -2.560976 -6.280488 -13.414635
861964 41 0.000000 0.000000 0.000000 -0.975610 -2.804878 -12.743903
861969 41 0.000000 0.000000 0.000000 -4.329268 -0.365854 -13.414635
861974 41 0.000000 0.000000 0.000000 -3.841464 -1.646341 -12.682927
861979 41 0.000000 0.000000 0.000000 0.487805 -2.804878 -11.097561
861984 41 0.000000 0.000000 0.000000 0.243902 -0.182927 -12.134147
861989 41 0.000000 0.000000 0.000000 0.365854 3.231707 -13.841464
861994 41 0.000000 0.000000 0.000000 -0.365854 -0.243902 -11.768293
861999 41 0.000000 0.000000 0.000000 -2.804878 -1.707317 -7.743903
862004 41 0.000000 0.000000 0.000000 -4.329268 -1.158537 -7.012195
862009 41 0.000000 0.000000 0.000000 -5.975610 -2.134146 -8.048780
862014 41 0.000000 0.000000 0.000000 -7.378049 -2.682927 -8.780488
862019 41 0.000000 0.000000 0.000000 -6.829268 -2.073171 -9.512196
862024 41 0.000000 0.000000 0.000000 -6.158537 -1.890244 -9.878049
862029 41 0.000000 0.000000 0.000000 -3.475610 -3.780488 -10.000000
862034 41 0.000000 0.000000 0.000000 -3.353659 -4.268293 -10.243902
862039 41 0.000000 0.000000 0.000000 -7.073171 -2.378049 -10.365854
862044 41 0.000000 0.000000 0.000000 -8.475610 -1.219512 -9.634147
862049 41 0.000000 0.000000 0.000000 -6.402439 -2.256098 -9.146341
862054 41 0.000000 0.000000 0.000000 -3.841464 -2.804878 -9.634147
862059 41 -20.000000 0.000000 0.000000 -5.000000 -3.902439 -8.658537
862064 41 -20.000000 0.000000 0.000000 -6.158537 -3.963415 -7.073171
862069 41 -20.000000 0.000000 0.000000 -4.817073 -4.024390 -6.768293
862074 41 -20.000000 0.000000 0.000000 -5.914634 -4.817073 -6.524390
862079 41 -30.000000 0.000000 0.000000 -9.512196 -4.024390 -6.585366
862084 41 -30.000000 0.000000 0.000000 -11.524390 -3.353659 -6.463415
862089 41 -30.000000 0.000000 0.000000 -14.756098 -3.048780 -5.975610
862094 41 -30.000000 0.000000 0.000000 -20.121952 -2.256098 -5.670732
862099 41 -30.000000 0.000000 0.000000 -26.097561 -4.817073 -7.073171
862104 41 -30.000000 0.000000 0.000000 -29.817074 -5.975610 -8.841464
862109 41 -30.000000 0.000000 0.000000 -31.768293 -6.036585 -9.634147
862114 41 -30.000000 0.000000 0.000000 -34.329269 -5.548780 -8.292683
862119 42 -30.000000 0.000000 0.000000 -36.341465 -5.487805 -8.536586
862124 42 -30.000000 0.000000 0.000000 -36.646343 -4.085366 -8.719512
862129 42 -30.000000 0.000000 0.000000 -45.487804 -3.841464 -6.219512
862134 42 -30.000000 0.000000 0.000000 -47.317074 -4.756098 -6.341464
862139 42 -30.000000 0.000000 0.000000 -42.926830 -2.926829 -7.195122
862144 42 -30.000000 0.000000 0.000000 -42.865856 -2.256098 -7.317073
862149 42 -30.000000 0.000000 0.000000 -40.670734 -2.073171 -8.780488
862154 42 -30.000000 0.000000 0.000000 -40.121952 -1.402439 -8.353659
862159 42 -30.000000 0.000000 0.000000 -37.073170 1.036585 -6.890244
862164 42 -30.000000 0.000000 0.000000 -34.146343 3.780488 -7.682927
862169 42 -30.000000 0.000000 0.000000 -34.817074 3.109756 -7.012195
862174 42 -30.000000 0.000000 0.000000 -30.853659 2.621951 -6.890244
862179 42 -30.000000 0.000000 0.000000 -28.414635 2.317073 -7.804878
862184 42 -30.000000 0.000000 0.000000 -26.341463 3.109756 -7.012195
862189 42 -30.000000 0.000000 0.000000 -23.841463 3.048780 -8.109756
862194 42 -30.000000 0.000000 0.000000 -25.426830 0.426829 -8.475610
862199 42 -20.000000 0.000000 0.000000 -27.012196 0.731707 -7.195122
862204 42 -20.000000 0.000000 0.000000 -26.951220 1.402439 -7.804878
862209 42 -20.000000 0.000000 0.000000 -23.475611 2.926829 -7.804878
862214 42 -20.000000 0.000000 0.000000 -24.817074 3.536585 -6.768293
862219 42 -20.000000 0.000000 0.000000 -26.158537 2.621951 -7.195122
862224 42 -20.000000 0.000000 0.000000 -25.914635 -0.365854 -6.707317
862229 42 -20.000000 0.000000 0.000000 -27.865854 0.426829 -6.280488
862234 42 -20.000000 0.000000 0.000000 -26.402439 1.768293 -7.317073
862239 42 -20.000000 0.000000 0.000000 -22.865854 1.829268 -6.646342
862244 42 -20.000000 0.000000 0.000000 -22.743902 1.890244 -6.036585
862249 42 -20.000000 0.000000 0.000000 -22.926830 -0.060976 -6.097561
862254 42 -20.000000 0.000000 0.000000 -22.378050 -0.853659 -6.402439
862259 43 -20.000000 0.000000 0.000000 -19.512196 1.768293 -8.048780
862264 43 -20.000000 0.000000 0.000000 -19.512196 -0.060976 -8.109756
862269 43 -20.000000 0.000000 0.000000 -15.731708 -2.865854 -8.658537
862274 43 -20.000000 0.000000 0.000000 -13.292684 -2.743902 -9.207317
862279 43 -20.000000 0.000000 0.000000 -12.500000 -2.865854 -7.865854
862284 43 -20.000000 0.000000 0.000000 -10.792684 -1.097561 -8.902439
862289 43 -20.000000 0.000000 0.000000 -15.304878 -0.609756 -9.329268
862294 43 -20.000000 0.000000 0.000000 -16.524391 -1.585366 -8.658537
862299 43 -20.000000 0.000000 0.000000 -14.146341 -2.195122 -9.390244
862304 43 -20.000000 0.000000 0.000000 -14.512196 0.609756 -9.817074
862309 43 -20.000000 0.000000 0.000000 -13.597561 4.085366 -9.085366
862314 43 -20.000000 0.000000 0.000000 -14.451220 2.560976 -8.109756
862319 43 -20.000000 0.000000 0.000000 -21.036587 3.719512 -5.487805
862324 43 -20.000000 0.000000 0.000000 -23.048780 5.487805 -5.365854
862329 43 -20.000000 0.000000 0.000000 -20.914635 2.804878 -6.341464
862334 43 -20.000000 0.000000 0.000000 -19.756098 3.780488 -6.768293
862339 43 0.000000 0.000000 0.000000 -21.829269 5.243903 -7.621952
862344 43 0.000000 0.000000 0.000000 -22.865854 3.658537 -7.439024
862349 43 0.000000 0.000000 0.000000 -23.109756 6.158537 -5.914634
862354 43 0.000000 0.000000 0.000000 -23.292683 7.317073 -5.670732
862359 43 0.000000 0.000000 0.000000 -17.743902 5.609756 -6.707317
862364 43 0.000000 0.000000 0.000000 -12.012196 6.341464 -6.341464
862369 43 0.000000 0.000000 0.000000 -10.487805 5.975610 -6.280488
862374 43 0.000000 0.000000 0.000000 -7.926829 5.731708 -5.914634
862379 43 0.000000 0.000000 0.000000 -3.353659 5.365854 -4.634146
862384 43 0.000000 0.000000 0.000000 2.439024 4.634146 -4.878049
862389 43 0.000000 0.000000 0.000000 9.085366 6.829268 -4.573171
862394 43 0.000000 0.000000 0.000000 12.500000 6.646342 -4.390244
862399 43 0.000000 0.000000 0.000000 13.109756 6.768293 -4.268293
862404 43 0.000000 0.000000 0.000000 14.817074 7.195122 -3.170732
862409 43 0.000000 0.000000 0.000000 20.121952 3.353659 -3.536585
862414 43 0.000000 0.000000 0.000000 23.536587 0.670732 -3.780488
862419 43 0.000000 0.000000 0.000000 20.182928 5.914634 -2.987805
862424 43 0.000000 0.000000 0.000000 17.439024 9.024390 -2.865854
862429 43 0.000000 0.000000 0.000000 16.219513 7.865854 -2.195122
862434 43 0.000000 0.000000 0.000000 13.963415 6.890244 -1.280488
862439 43 0.000000 0.000000 0.000000 12.682927 6.768293 -0.609756
862444 43 0.000000 0.000000 0.000000 11.402439 7.560976 -2.317073
862449 43 0.000000 0.000000 0.000000 4.573171 5.243903 -3.841464
862454 43 0.000000 0.000000 0.000000 2.865854 5.914634 -2.500000
862459 43 0.000000 0.000000 0.000000 0.792683 4.634146 -1.524390
862464 43 0.000000 0.000000 0.000000 -2.012195 3.048780 -2.073171
862469 43 0.000000 0.000000 0.000000 -1.524390 3.170732 -2.560976
862474 43 0.000000 0.000000 0.000000 -3.414634 1.829268 -1.829268
862479 43 0.000000 0.000000 0.000000 -5.853659 3.231707 -0.243902
862484 43 0.000000 0.000000 0.000000 -6.219512 3.658537 -1.829268
862489 43 0.000000 0.000000 0.000000 -3.780488 4.085366 -3.353659
862494 43 0.000000 0.000000 0.000000 -4.878049 3.475610 -2.743902
862499 43 0.000000 0.000000 0.000000 -5.365854 2.987805 -1.829268
862504 43 0.000000 0.000000 0.000000 0.000000 3.658537 -1.585366
862509 43 0.000000 0.000000 0.000000 1.646341 2.987805 -0.975610
862514 43 0.000000 0.000000 0.000000 2.439024 3.353659 -1.219512
862519 43 0.000000 0.000000 0.000000 5.914634 3.292683 -2.256098
862524 43 0.000000 0.000000 0.000000 8.902439 3.841464 -2.439024
862529 43 0.000000 0.000000 0.000000 8.353659 5.365854 -1.219512
862534 43 0.000000 0.000000 0.000000 6.524390 2.804878 -0.853659
862539 43 0.000000 0.000000 0.000000 10.914635 1.524390 -0.853659
862544 43 0.000000 0.000000 0.000000 14.878049 2.682927 -0.609756
862549 43 0.000000 0.000000 0.000000 14.756098 0.792683 -2.804878
862554 43 0.000000 0.000000 0.000000 18.780489 -0.304878 -5.000000
862559 43 0.000000 0.000000 0.000000 19.146341 1.585366 -4.573171
862564 43 0.000000 0.000000 0.000000 14.573171 3.475610 -2.621951
862569 43 0.000000 0.000000 0.000000 11.219512 3.353659 -1.646341
862574 43 0.000000 0.000000 0.000000 8.902439 4.695122 -1.524390
862579 43 0.000000 0.000000 0.000000 7.256098 3.963415 -1.280488
862584 43 0.000000 0.000000 0.000000 5.975610 2.195122 -2.256098
862589 43 0.000000 0.000000 0.000000 3.353659 2.987805 -4.268293
862594 43 0.000000 0.000000 0.000000 2.439024 4.146341 -3.536585
862599 43 0.000000 10.000000 0.000000 2.378049 1.524390 -2.134146
862604 43 0.000000 10.000000 0.000000 1.707317 -2.378049 -2.743902
862609 43 0.000000 10.000000 0.000000 4.146341 -0.792683 -4.695122
862614 43 0.000000 10.000000 0.000000 2.865854 1.402439 -3.536585
862619 43 0.000000 20.000000 0.000000 0.365854 5.182927 -1.158537
862624 43 0.000000 20.000000 0.000000 -0.426829 7.682927 -1.524390
862629 43 0.000000 20.000000 0.000000 0.000000 8.109756 -2.560976
862634 43 0.000000 20.000000 0.000000 2.500000 10.304878 -2.134146
862639 43 0.000000 30.000000 0.000000 6.402439 12.256098 -2.439024
862644 43 0.000000 30.000000 0.000000 5.609756 12.865854 -4.085366
862649 43 0.000000 30.000000 0.000000 3.963415 14.146341 -3.719512
862654 43 0.000000 30.000000 0.000000 4.329268 17.621952 -1.768293
862659 43 0.000000 40.000000 0.000000 5.060976 22.073172 -2.621951
862664 43 0.000000 40.000000 0.000000 7.378049 24.573172 -4.207317
862669 43 0.000000 40.000000 0.000000 11.097561 29.146341 -4.268293
862674 43 0.000000 40.000000 0.000000 10.426829 32.012196 -2.804878
862679 43 0.000000 40.000000 0.000000 8.841464 34.756100 -2.621951
862684 43 0.000000 40.000000 0.000000 9.451220 36.036587 -3.170732
862689 43 0.000000 40.000000 0.000000 7.804878 38.780487 -3.048780
862694 43 0.000000 40.000000 0.000000 6.219512 44.573174 -3.719512
862699 43 0.000000 40.000000 0.000000 8.109756 48.658539 -5.426829
862704 43 0.000000 40.000000 0.000000 10.182927 51.158539 -5.914634
862709 43 0.000000 40.000000 0.000000 10.304878 53.719513 -5.243903
862714 43 0.000000 40.000000 0.000000 8.292683 54.146343 -5.182927
862719 43 0.000000 40.000000 0.000000 7.439024 53.170734 -5.243903
862724 43 0.000000 40.000000 0.000000 9.085366 53.170734 -7.439024
862729 43 0.000000 40.000000 0.000000 7.682927 53.353661 -7.743903
862734 43 0.000000 40.000000 0.000000 6.158537 53.597561 -5.975610
862739 43 0.000000 40.000000 0.000000 9.451220 52.012196 -7.012195
862744 43 0.000000 40.000000 0.000000 11.585366 53.353661 -7.987805
862749 43 0.000000 40.000000 0.000000 11.585366 53.963417 -8.963415
862754 43 0.000000 40.000000 0.000000 11.890244 53.902439 -7.804878
862759 43 0.000000 40.000000 0.000000 9.878049 53.841465 -6.219512
862764 43 0.000000 40.000000 0.000000 7.195122 53.231709 -6.646342
862769 43 0.000000 40.000000 0.000000 9.451220 51.768295 -7.012195
862774 43 0.000000 40.000000 0.000000 8.048780 47.317074 -7.073171
862779 43 0.000000 40.000000 0.000000 7.500000 43.719513 -7.439024
862784 43 0.000000 40.000000 0.000000 7.317073 42.926830 -6.463415
862789 43 0.000000 40.000000 0.000000 5.670732 44.756100 -6.646342
862794 43 0.000000 40.000000 0.000000 5.670732 45.182926 -6.585366
862799 43 0.000000 40.000000 0.000000 5.975610 43.109756 -5.914634
862804 43 0.000000 40.000000 0.000000 7.317073 40.975609 -7.195122
862809 43 0.000000 40.000000 0.000000 10.243902 41.341465 -8.597561
862814 43 0.000000 40.000000 0.000000 11.097561 41.341465 -8.048780
862819 43 0.000000 40.000000 0.000000 9.634147 42.621952 -6.524390
862824 43 0.000000 40.000000 0.000000 10.853659 43.963417 -5.548780
862829 43 0.000000 40.000000 0.000000 7.865854 43.414635 -5.365854
862834 43 0.000000 40.000000 0.000000 6.524390 41.890244 -5.365854
862839 43 0.000000 40.000000 0.000000 6.158537 41.463417 -5.060976
862844 43 0.000000 40.000000 0.000000 5.548780 42.317074 -5.792683
862849 43 0.000000 40.000000 0.000000 5.182927 41.890244 -4.756098
862854 43 0.000000 40.000000 0.000000 3.902439 42.012196 -2.987805
862859 43 0.000000 40.000000 0.000000 -0.609756 42.987804 -2.378049
862864 43 0.000000 40.000000 0.000000 -1.951220 43.292683 -2.926829
862869 43 0.000000 40.000000 0.000000 -0.548781 43.109756 -4.146341
862874 43 0.000000 40.000000 0.000000 -1.158537 43.292683 -4.024390
862879 43 0.000000 50.000000 0.000000 0.000000 45.304878 -3.597561
862884 43 0.000000 50.000000 0.000000 0.000000 45.548782 -4.207317
862889 43 0.000000 50.000000 0.000000 -5.365854 45.243904 -3.902439
862894 43 0.000000 50.000000 0.000000 -10.548780 44.756100 -1.890244
862899 43 0.000000 50.000000 0.000000 -7.987805 45.060978 -1.951220
862904 43 0.000000 50.000000 0.000000 -2.926829 46.951221 -2.317073
862909 43 0.000000 50.000000 0.000000 3.414634 50.670734 -2.865854
862914 43 0.000000 50.000000 0.000000 2.134146 51.585365 -2.987805
862919 43 0.000000 40.000000 0.000000 -1.341463 52.378052 -2.682927
862924 43 0.000000 40.000000 0.000000 0.487805 55.000000 -2.195122
862929 43 0.000000 40.000000 0.000000 1.707317 56.036587 -3.170732
862934 43 0.000000 40.000000 0.000000 -0.121951 55.426830 -3.658537
862939 43 0.000000 40.000000 0.000000 0.548781 54.024391 -3.963415
862944 43 0.000000 40.000000 0.000000 1.524390 53.536587 -4.939024
862949 43 0.000000 40.000000 0.000000 -0.121951 52.560978 -3.048780
862954 43 0.000000 40.000000 0.000000 0.000000 50.000000 -1.585366
862959 43 0.000000 40.000000 0.000000 3.780488 49.451221 -2.926829
862964 43 0.000000 40.000000 0.000000 3.841464 50.365856 -3.597561
862969 43 0.000000 40.000000 0.000000 2.195122 51.524391 -1.585366
862974 43 0.000000 40.000000 0.000000 0.548781 50.243904 -1.463415
862979 43 0.000000 30.000000 0.000000 -0.182927 48.902439 -2.682927
862984 43 0.000000 30.000000 0.000000 0.853659 47.682926 -3.292683
862989 43 0.000000 30.000000 0.000000 -1.036585 43.231709 -4.207317
862994 43 0.000000 30.000000 0.000000 -1.158537 41.402439 -4.268293
862999 43 0.000000 30.000000 0.000000 -0.853659 40.365856 -2.500000
863004 43 0.000000 30.000000 0.000000 0.731707 40.000000 -1.890244
863009 43 0.000000 30.000000 0.000000 2.743902 35.731709 -2.560976
863014 43 0.000000 30.000000 0.000000 2.256098 31.890245 -4.207317
863019 43 0.000000 30.000000 0.000000 3.963415 29.512196 -3.597561
863024 43 0.000000 30.000000 0.000000 4.268293 30.000000 -2.134146
863029 43 0.000000 30.000000 0.000000 5.426829 31.219513 -2.804878
863034 43 0.000000 30.000000 0.000000 4.390244 29.756098 -2.134146
863039 43 0.000000 30.000000 0.000000 2.743902 27.134148 -1.463415
863044 43 0.000000 30.000000 0.000000 2.378049 26.219513 -1.463415
863049 43 0.000000 30.000000 0.000000 -0.914634 27.195122 -2.256098
863054 43 0.000000 30.000000 0.000000 -2.439024 29.146341 -2.865854
863059 43 0.000000 20.000000 0.000000 -0.121951 29.573172 -1.829268
863064 43 0.000000 20.000000 0.000000 -0.426829 29.451220 -2.439024
863069 43 0.000000 20.000000 0.000000 1.829268 28.780489 -4.146341
863074 43 0.000000 20.000000 0.000000 4.451220 29.756098 -4.024390
863079 43 0.000000 10.000000 0.000000 1.951220 32.134148 -3.292683
863084 43 0.000000 10.000000 0.000000 -1.219512 34.268295 -2.317073
863089 43 0.000000 10.000000 0.000000 -0.365854 31.402439 -1.463415
863094 43 0.000000 10.000000 0.000000 1.524390 29.695122 -0.792683
863099 44 0.000000 0.000000 0.000000 3.475610 28.841465 -1.707317
863104 44 0.000000 0.000000 0.000000 2.560976 26.402439 -2.134146
863109 44 0.000000 0.000000 0.000000 -0.121951 22.743902 -1.341463
863114 44 0.000000 0.000000 0.000000 -1.707317 17.682928 -2.317073
863119 44 0.000000 0.000000 0.000000 -3.658537 16.158537 -1.585366
863124 44 0.000000 0.000000 0.000000 -6.036585 12.256098 -0.609756
863129 44 0.000000 0.000000 0.000000 -2.560976 9.878049 -1.463415
863134 44 0.000000 0.000000 0.000000 -0.182927 7.926829 -4.085366
863139 44 0.000000 0.000000 0.000000 3.902439 7.195122 -3.841464
863144 44 0.000000 0.000000 0.000000 4.329268 4.634146 -2.439024
863149 44 0.000000 0.000000 0.000000 -0.548781 3.353659 -0.304878
863154 44 0.000000 0.000000 0.000000 -2.865854 -0.304878 0.914634
863159 44 0.000000 0.000000 0.000000 -0.548781 -3.658537 0.304878
863164 44 0.000000 0.000000 0.000000 0.243902 -5.243903 -1.646341
863169 44 0.000000 0.000000 0.000000 -3.109756 -6.219512 -1.890244
863174 44 0.000000 0.000000 0.000000 -2.378049 -5.182927 -1.646341
863179 44 0.000000 0.000000 0.000000 0.914634 -9.573171 -0.853659
863184 44 0.000000 0.000000 0.000000 1.280488 -8.841464 -0.365854
863189 44 0.000000 0.000000 0.000000 -1.951220 -4.878049 -0.060976
863194 44 0.000000 0.000000 0.000000 -2.926829 -4.024390 0.670732
863199 44 0.000000 0.000000 0.000000 -0.609756 -3.475610 0.182927
863204 44 0.000000 0.000000 0.000000 -0.487805 -2.256098 0.000000
863209 44 0.000000 0.000000 0.000000 0.000000 -0.121951 0.304878
863214 44 0.000000 0.000000 0.000000 -1.768293 0.914634 -0.487805
863219 44 0.000000 0.000000 0.000000 -3.597561 0.121951 0.609756
863224 44 0.000000 0.000000 0.000000 -5.243903 0.670732 2.317073
863229 44 0.000000 0.000000 0.000000 -5.731708 0.548781 1.707317
863234 44 0.000000 0.000000 0.000000 -5.487805 -0.731707 2.134146
863239 44 0.000000 0.000000 0.000000 -7.743903 0.487805 2.804878
863244 44 0.000000 0.000000 0.000000 -7.378049 1.951220 1.524390
863249 44 0.000000 0.000000 0.000000 -3.597561 0.426829 0.365854
863254 44 0.000000 0.000000 0.000000 -1.890244 -1.219512 1.402439
863259 44 0.000000 0.000000 0.000000 -3.048780 -0.365854 2.500000
863264 44 0.000000 0.000000 0.000000 -2.621951 -0.548781 1.463415
863269 44 0.000000 0.000000 0.000000 2.439024 -0.121951 0.243902
863274 44 0.000000 0.000000 0.000000 4.939024 -1.097561 -1.585366
863279 44 0.000000 0.000000 0.000000 -1.219512 -1.585366 -0.914634
863284 44 0.000000 0.000000 0.000000 -1.585366 -0.426829 -0.060976
863289 44 0.000000 0.000000 0.000000 2.012195 -2.134146 0.000000
863294 44 0.000000 0.000000 0.000000 3.292683 -2.743902 -0.243902
863299 44 0.000000 0.000000 0.000000 1.768293 -0.731707 -0.975610
863304 44 0.000000 0.000000 0.000000 -1.646341 -1.768293 -1.280488
863309 44 0.000000 0.000000 0.000000 -0.792683 -4.268293 -2.621951
863314 44 0.000000 0.000000 0.000000 0.731707 -3.353659 -3.292683
863319 45 0.000000 0.000000 0.000000 -0.548781 -1.646341 -2.134146
863324 45 0.000000 0.000000 0.000000 -1.524390 -2.256098 -2.682927
863329 45 0.000000 0.000000 0.000000 -2.500000 -4.268293 -1.646341
863334 45 0.000000 0.000000 0.000000 -3.780488 -4.085366 -0.426829
863339 45 0.000000 0.000000 0.000000 -3.170732 -5.182927 -0.243902
863344 45 0.000000 0.000000 0.000000 -2.195122 -5.426829 -0.853659
863349 45 0.000000 0.000000 0.000000 -3.170732 -6.280488 -0.975610
863354 45 0.000000 0.000000 0.000000 -3.170732 -4.756098 -1.768293
863359 45 0.000000 0.000000 0.000000 -3.475610 -3.536585 -3.902439
863364 45 0.000000 0.000000 0.000000 -5.243903 -2.926829 -3.292683
863369 45 0.000000 0.000000 0.000000 -10.121951 -0.243902 -1.707317
863374 45 0.000000 0.000000 0.000000 -8.353659 -1.707317 -2.621951
863379 45 0.000000 0.000000 0.000000 -1.219512 -2.195122 -4.146341
863384 45 0.000000 0.000000 0.000000 1.097561 -0.670732 -5.365854
863389 45 0.000000 0.000000 0.000000 -1.524390 -0.914634 -5.975610
863394 45 0.000000 0.000000 0.000000 -5.182927 -3.780488 -5.487805
863399 45 0.000000 0.000000 0.000000 -8.536586 -6.463415 -5.914634
863404 45 0.000000 0.000000 0.000000 -6.951220 -4.756098 -6.585366
863409 45 0.000000 0.000000 0.000000 -5.914634 -4.573171 -5.609756
863414 45 0.000000 0.000000 0.000000 -4.451220 -6.219512 -5.792683
863419 45 0.000000 0.000000 0.000000 1.768293 -4.573171 -7.926829
863424 45 0.000000 0.000000 0.000000 3.414634 -3.048780 -9.329268
863429 45 0.000000 0.000000 0.000000 -1.463415 -5.304878 -8.597561
863434 45 0.000000 0.000000 0.000000 -4.634146 -8.170732 -7.804878
863439 45 0.000000 0.000000 0.000000 -1.890244 -8.475610 -9.695122
863444 45 0.000000 0.000000 0.000000 2.560976 -6.341464 -9.207317
863449 45 0.000000 0.000000 0.000000 2.073171 -3.353659 -8.353659
863454 45 0.000000 0.000000 0.000000 1.890244 -3.231707 -10.182927
863459 45 0.000000 0.000000 0.000000 8.597561 -1.890244 -11.768293
863464 45 0.000000 0.000000 0.000000 16.280489 0.792683 -12.439025
863469 45 0.000000 0.000000 0.000000 10.365854 -0.365854 -12.743903
863474 45 0.000000 0.000000 0.000000 3.780488 -1.768293 -12.317074
863479 45 0.000000 0.000000 0.000000 0.731707 -4.512195 -12.012196
863484 45 0.000000 0.000000 0.000000 -1.097561 -5.731708 -12.987805
863489 45 0.000000 0.000000 0.000000 -2.987805 -3.902439 -14.451220
863494 45 0.000000 0.000000 0.000000 -5.670732 -2.865854 -16.280489
863499 45 0.000000 0.000000 0.000000 -4.878049 -2.378049 -17.621952
863504 45 0.000000 0.000000 0.000000 -1.768293 -1.951220 -17.256098
863509 45 0.000000 0.000000 0.000000 1.341463 -2.012195 -17.804878
863514 45 0.000000 0.000000 0.000000 3.048780 -2.621951 -19.207317
863519 45 0.000000 0.000000 0.000000 2.195122 -2.682927 -18.292683
863524 45 0.000000 0.000000 0.000000 3.841464 -2.804878 -17.987804
863529 45 0.000000 0.000000 0.000000 4.390244 -7.378049 -19.146341
863534 45 0.000000 0.000000 0.000000 2.621951 -5.487805 -19.939024
863539 45 0.000000 0.000000 0.000000 0.609756 0.304878 -19.817074
863544 45 0.000000 0.000000 0.000000 0.121951 1.036585 -20.365854
863549 45 0.000000 0.000000 0.000000 1.829268 -0.182927 -20.975611
863554 45 0.000000 0.000000 0.000000 1.097561 -1.097561 -22.195122
863559 45 0.000000 0.000000 0.000000 2.500000 -2.865854 -24.268293
863564 45 0.000000 0.000000 0.000000 3.963415 -1.707317 -23.170732
863569 45 0.000000 0.000000 0.000000 2.987805 -1.036585 -22.378050
863574 45 0.000000 0.000000 0.000000 2.317073 -0.365854 -23.353659
863579 45 0.000000 0.000000 0.000000 7.073171 3.170732 -23.780489
863584 45 0.000000 0.000000 0.000000 9.939025 3.841464 -23.841463
863589 45 0.000000 0.000000 0.000000 10.121951 4.634146 -25.243902
863594 45 0.000000 0.000000 0.000000 7.804878 4.695122 -26.280489
863599 45 0.000000 0.000000 0.000000 6.890244 2.012195 -26.524391
863604 45 0.000000 0.000000 0.000000 7.073171 1.890244 -25.670732
863609 45 0.000000 0.000000 0.000000 9.329268 2.012195 -24.329269
863614 45 0.000000 0.000000 0.000000 9.573171 1.951220 -24.634148
863619 45 0.000000 0.000000 0.000000 9.085366 2.804878 -26.463415
863624 45 0.000000 0.000000 0.000000 12.073171 4.390244 -27.987806
863629 45 0.000000 0.000000 0.000000 15.609756 4.695122 -27.865854
863634 45 0.000000 0.000000 0.000000 15.670732 2.682927 -26.707317
863639 45 0.000000 0.000000 0.000000 13.841464 1.646341 -25.121952
863644 45 0.000000 0.000000 0.000000 13.231708 1.890244 -25.853659
863649 45 0.000000 0.000000 0.000000 13.048780 -0.548781 -26.707317
863654 45 0.000000 0.000000 0.000000 13.719513 -3.963415 -26.890245
863659 45 0.000000 0.000000 0.000000 16.524391 -4.207317 -26.707317
863664 45 0.000000 0.000000 0.000000 17.134148 -2.073171 -26.280489
863669 45 0.000000 0.000000 0.000000 15.670732 1.036585 -27.134148
863674 45 0.000000 0.000000 0.000000 15.365854 2.134146 -29.451220
863679 45 0.000000 0.000000 0.000000 14.268293 -0.670732 -28.780489
863684 45 0.000000 0.000000 0.000000 12.439025 -3.658537 -27.073172
863689 45 0.000000 0.000000 0.000000 15.487805 -1.524390 -29.024391
863694 45 0.000000 0.000000 0.000000 20.182928 0.792683 -30.731709
863699 45 0.000000 0.000000 0.000000 17.378050 -2.195122 -29.207317
863704 45 0.000000 0.000000 0.000000 13.780488 -4.146341 -29.024391
863709 45 0.000000 0.000000 0.000000 16.585365 -2.804878 -29.634148
863714 45 0.000000 0.000000 0.000000 20.487804 -3.780488 -28.414635
863719 45 0.000000 0.000000 0.000000 26.036587 -4.695122 -29.756098
863724 45 0.000000 0.000000 0.000000 21.829269 -5.182927 -30.426830
863729 45 0.000000 0.000000 0.000000 16.341463 -6.219512 -29.817074
863734 45 0.000000 0.000000 0.000000 16.585365 -6.402439 -28.902439
863739 45 0.000000 0.000000 0.000000 15.426829 -6.646342 -28.292683
863744 45 0.000000 0.000000 0.000000 14.817074 -7.500000 -29.268293
863749 45 0.000000 0.000000 0.000000 15.000000 -9.390244 -28.658537
863754 45 0.000000 0.000000 0.000000 16.341463 -8.353659 -27.256098
863759 45 0.000000 0.000000 0.000000 16.707317 -6.524390 -27.987806
863764 45 0.000000 -10.000000 0.000000 15.182927 -6.280488 -29.817074
863769 45 0.000000 -10.000000 0.000000 14.207317 -6.707317 -30.792685
863774 45 0.000000 -10.000000 0.000000 15.304878 -5.853659 -30.060976
863779 45 0.000000 -10.000000 0.000000 16.707317 -3.536585 -27.743902
863784 45 0.000000 -10.000000 0.000000 16.951220 -3.902439 -25.365854
863789 45 0.000000 -10.000000 0.000000 18.353659 -8.170732 -26.890245
863794 45 0.000000 -10.000000 0.000000 18.963415 -9.085366 -28.475611
863799 45 0.000000 -10.000000 0.000000 19.695122 -5.487805 -28.109756
863804 45 0.000000 -10.000000 0.000000 18.658537 -5.121951 -26.829269
863809 45 0.000000 -10.000000 0.000000 16.463415 -8.841464 -26.646341
863814 45 0.000000 -10.000000 0.000000 13.719513 -10.000000 -26.951220
863819 45 0.000000 -10.000000 0.000000 11.402439 -9.146341 -24.329269
863824 45 0.000000 -10.000000 0.000000 14.512196 -8.353659 -22.317074
863829 45 0.000000 -10.000000 0.000000 15.121951 -10.426829 -22.926830
863834 45 0.000000 -10.000000 0.000000 14.390244 -12.378049 -23.841463
863839 45 0.000000 -10.000000 0.000000 21.402439 -10.182927 -23.963415
863844 45 0.000000 -10.000000 0.000000 30.365854 -7.987805 -24.695122
863849 45 0.000000 -10.000000 0.000000 28.475611 -9.390244 -24.268293
863854 45 0.000000 -10.000000 0.000000 22.560976 -13.231708 -21.585367
863859 45 0.000000 -10.000000 0.000000 20.060976 -16.036585 -20.121952
863864 45 0.000000 -10.000000 0.000000 20.914635 -16.341463 -20.670732
863869 45 0.000000 -10.000000 0.000000 21.463415 -16.219513 -19.817074
863874 45 0.000000 -10.000000 0.000000 22.621952 -15.182927 -18.353659
863879 45 0.000000 -10.000000 0.000000 25.670732 -14.146341 -17.560976
863884 45 0.000000 -10.000000 0.000000 23.780489 -14.024390 -16.585365
863889 45 0.000000 -10.000000 0.000000 17.743902 -13.780488 -13.780488
863894 45 0.000000 -10.000000 0.000000 15.731708 -13.170732 -11.524390
863899 45 0.000000 -10.000000 0.000000 15.487805 -13.719513 -12.195122
863904 45 0.000000 -10.000000 0.000000 15.365854 -13.719513 -13.414635
863909 45 0.000000 -10.000000 0.000000 24.939026 -10.121951 -13.963415
863914 45 0.000000 -10.000000 0.000000 27.378050 -8.475610 -11.524390
863919 45 0.000000 -10.000000 0.000000 19.634148 -10.609756 -9.085366
863924 45 -10.000000 -10.000000 0.000000 13.658537 -11.951220 -8.658537
863929 45 -10.000000 -10.000000 0.000000 11.158537 -13.048780 -7.987805
863934 45 -10.000000 -10.000000 0.000000 11.036586 -15.182927 -7.926829
863939 45 -10.000000 -10.000000 0.000000 9.756098 -18.536585 -7.195122
863944 44 -20.000000 -10.000000 0.000000 6.280488 -16.646341 -6.341464
863949 44 -20.000000 -10.000000 0.000000 3.170732 -12.560976 -6.951220
863954 44 -20.000000 -10.000000 0.000000 1.036585 -9.939025 -7.743903
863959 44 -20.000000 -10.000000 0.000000 -2.987805 -7.073171 -6.402439
863964 45 -20.000000 -10.000000 0.000000 -7.134147 -7.743903 -5.365854
863969 45 -20.000000 -10.000000 0.000000 -6.219512 -7.560976 -5.487805
863974 45 -20.000000 -10.000000 0.000000 -3.841464 -5.487805 -5.487805
863979 45 -20.000000 -10.000000 0.000000 -8.475610 -5.609756 -5.243903
863984 45 -30.000000 0.000000 0.000000 -15.060976 -7.134147 -5.548780
863989 45 -30.000000 0.000000 0.000000 -21.402439 -6.097561 -4.695122
863994 45 -30.000000 0.000000 0.000000 -25.548780 -4.878049 -5.060976
863999 45 -30.000000 0.000000 0.000000 -24.024391 -3.902439 -5.670732
864004 45 -30.000000 0.000000 0.000000 -23.048780 -2.926829 -5.304878
864009 45 -30.000000 0.000000 0.000000 -26.219513 -2.560976 -4.146341
864014 45 -30.000000 0.000000 0.000000 -28.902439 -4.268293 -3.536585
864019 45 -30.000000 0.000000 0.000000 -31.768293 -3.414634 -2.439024
864024 45 -30.000000 0.000000 0.000000 -32.317074 -1.890244 -2.378049
864029 45 -30.000000 0.000000 0.000000 -29.573172 -1.402439 -2.987805
864034 45 -30.000000 0.000000 0.000000 -28.170732 -1.829268 -3.536585
864039 45 -30.000000 0.000000 0.000000 -29.512196 -1.036585 -3.475610
864044 45 -40.000000 0.000000 0.000000 -27.378050 2.621951 -2.743902
864049 45 -40.000000 0.000000 0.000000 -25.975611 1.646341 -2.195122
864054 45 -40.000000 0.000000 0.000000 -26.097561 -0.365854 -2.195122
864059 45 -40.000000 0.000000 0.000000 -23.780489 0.609756 -2.500000
864064 44 -40.000000 0.000000 0.000000 -23.536587 0.365854 -1.402439
864069 44 -40.000000 0.000000 0.000000 -32.682926 -0.792683 0.182927
864074 44 -40.000000 0.000000 0.000000 -31.280489 -0.853659 -0.487805
864079 44 -40.000000 0.000000 0.000000 -27.743902 -1.341463 -2.378049
864084 44 -40.000000 0.000000 0.000000 -27.987806 -1.524390 -3.109756
864089 44 -40.000000 0.000000 0.000000 -28.780489 0.548781 -3.719512
864094 44 -40.000000 0.000000 0.000000 -29.817074 1.341463 -4.268293
864099 44 -40.000000 0.000000 0.000000 -37.500000 -0.914634 -1.158537
864104 44 -40.000000 0.000000 0.000000 -40.731709 -3.475610 -0.365854
864109 44 -40.000000 0.000000 0.000000 -38.048782 -3.841464 -1.707317
864114 44 -40.000000 0.000000 0.000000 -35.609756 -3.841464 -2.621951
864119 44 -40.000000 0.000000 0.000000 -37.073170 -2.134146 -4.085366
864124 44 -40.000000 0.000000 0.000000 -37.926830 -1.219512 -3.170732
864129 44 -40.000000 0.000000 0.000000 -40.426830 -5.060976 0.975610
864134 44 -40.000000 0.000000 0.000000 -41.036587 -9.695122 3.353659
864139 44 -40.000000 0.000000 0.000000 -37.439026 -8.231708 2.804878
864144 44 -30.000000 0.000000 0.000000 -36.707317 -7.195122 1.280488
864149 44 -30.000000 0.000000 0.000000 -40.000000 -6.646342 1.890244
864154 44 -30.000000 0.000000 0.000000 -38.719513 -5.792683 4.268293
864159 44 -30.000000 0.000000 0.000000 -35.548782 -7.256098 6.890244
864164 44 -30.000000 0.000000 0.000000 -32.743904 -9.878049 9.512196
864169 44 -30.000000 0.000000 0.000000 -32.378048 -8.353659 10.426829
864174 44 -30.000000 0.000000 0.000000 -32.804878 -6.280488 10.731708
864179 44 -30.000000 0.000000 0.000000 -31.219513 -6.646342 11.341464
864184 44 -30.000000 0.000000 0.000000 -27.682928 -6.646342 11.646341
864189 44 -30.000000 0.000000 0.000000 -22.500000 -7.621952 12.317074
864194 44 -30.000000 0.000000 0.000000 -19.329269 -9.268292 13.292684
864199 44 -30.000000 0.000000 0.000000 -19.878050 -6.707317 14.390244
864204 44 -10.000000 0.000000 0.000000 -20.243902 -6.097561 15.243903
864209 44 -10.000000 0.000000 0.000000 -21.280489 -7.926829 13.353659
864214 44 -10.000000 0.000000 0.000000 -21.341463 -8.780488 13.658537
864219 44 -10.000000 0.000000 0.000000 -21.951220 -6.890244 15.670732
864224 44 0.000000 0.000000 0.000000 -22.317074 -5.914634 15.487805
864229 44 0.000000 0.000000 0.000000 -17.682928 -5.853659 15.304878
864234 44 0.000000 0.000000 0.000000 -14.756098 -7.012195 16.585365
864239 44 0.000000 0.000000 0.000000 -9.512196 -6.951220 18.414635
864244 44 0.000000 0.000000 0.000000 -5.304878 -6.036585 18.170732
864249 44 0.000000 0.000000 0.000000 -1.890244 -6.280488 16.524391
864254 44 0.000000 0.000000 0.000000 1.341463 -5.487805 16.890244
864259 44 0.000000 0.000000 0.000000 3.597561 -2.621951 15.243903
864264 44 0.000000 0.000000 0.000000 10.304878 0.060976 14.512196
864269 44 0.000000 0.000000 0.000000 15.670732 -2.317073 17.317074
864274 44 0.000000 0.000000 0.000000 19.878050 -3.719512 20.243902
864279 44 0.000000 0.000000 0.000000 21.890244 -3.902439 18.841463
864284 44 0.000000 0.000000 0.000000 19.878050 -3.597561 13.170732
864289 44 0.000000 0.000000 0.000000 10.487805 -6.463415 6.341464
864294 44 0.000000 0.000000 0.000000 6.097561 -9.146341 -0.243902
864299 44 0.000000 0.000000 0.000000 9.024390 -8.658537 -3.353659
864304 44 0.000000 0.000000 0.000000 12.317074 -10.914635 -2.560976
864309 44 0.000000 0.000000 0.000000 12.134147 -12.378049 1.646341
864314 44 0.000000 0.000000 0.000000 13.109756 -14.512196 4.024390
864319 44 0.000000 0.000000 0.000000 17.682928 -16.341463 4.512195
864324 44 0.000000 0.000000 0.000000 19.146341 -19.451220 4.146341
864329 44 0.000000 0.000000 0.000000 17.378050 -20.975611 5.731708
864334 44 0.000000 0.000000 0.000000 15.000000 -21.341463 9.085366
864339 44 0.000000 0.000000 0.000000 10.914635 -21.341463 11.219512
864344 44 0.000000 0.000000 0.000000 10.853659 -20.914635 11.646341
864349 44 0.000000 0.000000 0.000000 8.963415 -20.365854 9.939025
864354 44 0.000000 0.000000 0.000000 4.939024 -19.756098 8.902439
864359 44 0.000000 0.000000 0.000000 1.829268 -18.475611 10.182927
864364 44 0.000000 0.000000 0.000000 -1.097561 -16.463415 10.182927
864369 44 0.000000 0.000000 0.000000 -3.231707 -15.243903 9.390244
864374 44 0.000000 0.000000 0.000000 -3.048780 -15.060976 9.573171
864379 44 0.000000 0.000000 0.000000 -2.134146 -16.524391 9.024390
864384 44 0.000000 0.000000 0.000000 0.121951 -16.280489 8.292683
864389 44 0.000000 0.000000 0.000000 2.439024 -13.902439 8.109756
864394 44 0.000000 0.000000 0.000000 -0.609756 -13.170732 8.658537
864399 44 0.000000 0.000000 0.000000 -2.560976 -13.231708 9.085366
864404 44 0.000000 0.000000 0.000000 -1.646341 -11.585366 7.743903
864409 44 0.000000 0.000000 0.000000 1.097561 -10.182927 6.524390
864414 44 0.000000 0.000000 0.000000 2.073171 -9.817074 -0.792683
864419 44 0.000000 0.000000 0.000000 4.390244 -27.317074 -9.451220
864424 44 0.000000 0.000000 0.000000 18.048780 -86.036591 3.963415
864429 44 0.000000 0.000000 0.000000 43.780487 -171.524399 34.512196
864434 44 0.000000 0.000000 0.000000 70.121956 -252.804886 63.963417
864439 44 0.000000 0.000000 0.000000 90.853661 -317.621948 88.109756
864444 44 0.000000 0.000000 0.000000 98.963417 -361.280487 108.231712
864449 44 0.000000 0.000000 0.000000 102.134148 -377.743896 117.073174
864454 44 0.000000 0.000000 0.000000 103.536591 -379.329285 117.317078
864459 44 0.000000 0.000000 0.000000 100.304878 -370.426849 118.719513
864464 44 0.000000 0.000000 0.000000 90.000000 -360.548798 126.036591
864469 44 0.000000 0.000000 0.000000 78.170731 -359.573181 123.719513
864474 44 0.000000 0.000000 0.000000 52.926830 -365.731720 89.390244
864479 44 0.000000 0.000000 0.000000 7.500000 -382.926849 21.585367
864484 44 0.000000 0.000000 0.000000 -36.402439 -404.512207 -51.768295
864489 44 0.000000 0.000000 0.000000 -73.719513 -422.256104 -108.353661
864494 44 0.000000 0.000000 0.000000 -97.378052 -422.317078 -141.158539
864499 44 0.000000 0.000000 0.000000 -117.134148 -439.451233 -151.280487
864504 44 0.000000 0.000000 0.000000 -130.243912 -429.451233 -148.231705
864509 44 0.000000 0.000000 0.000000 -133.902435 -385.548798 -145.975616
864514 44 0.000000 0.000000 0.000000 -137.804886 -356.829285 -140.365860
864519 44 0.000000 0.000000 0.000000 -141.280487 -333.414642 -123.048782
864524 44 0.000000 0.000000 0.000000 -132.621948 -300.975616 -99.512199
864529 44 0.000000 0.000000 0.000000 -121.951225 -265.487823 -81.036591
864534 44 0.000000 0.000000 0.000000 -105.487808 -226.097565 -61.036587
864539 44 0.000000 0.000000 0.000000 -83.841469 -187.317078 -41.829269
864544 44 0.000000 0.000000 0.000000 -57.012196 -140.853668 -25.304878
864549 44 0.000000 0.000000 0.000000 -42.560978 -103.841469 -8.963415
864554 44 0.000000 0.000000 0.000000 -38.109756 -79.146347 3.414634
864559 44 0.000000 0.000000 0.000000 -30.914635 -51.158539 12.560976
864564 44 0.000000 0.000000 0.000000 -29.329269 -30.792685 20.365854
864569 44 0.000000 0.000000 0.000000 -27.500000 -14.085366 27.073172
864574 44 0.000000 0.000000 0.000000 -29.268293 3.231707 29.634148
864579 44 0.000000 0.000000 0.000000 -40.182926 10.121951 33.597561
864584 44 0.000000 0.000000 0.000000 -40.975609 15.853659 34.756100
864589 44 0.000000 0.000000 0.000000 -36.219513 22.012196 33.963417
864594 44 0.000000 0.000000 0.000000 -33.414635 24.939026 33.902439
864599 44 0.000000 0.000000 0.000000 -28.292683 24.878050 33.658539
864604 44 0.000000 0.000000 0.000000 -14.878049 28.902439 33.536587
864609 44 0.000000 0.000000 0.000000 -8.170732 31.280489 36.280487
864614 44 0.000000 0.000000 0.000000 3.963415 37.804878 40.243904
864619 44 0.000000 0.000000 0.000000 19.329269 47.926830 43.414635
864624 44 0.000000 0.000000 0.000000 33.536587 58.597561 47.317074
864629 44 0.000000 0.000000 0.000000 46.341465 70.060974 52.682926
864634 44 0.000000 0.000000 0.000000 56.646343 83.414635 55.975613
864639 44 0.000000 0.000000 0.000000 65.975609 94.817078 57.317074
864644 44 0.000000 0.000000 0.000000 70.731712 102.378052 57.621952
864649 44 0.000000 0.000000 0.000000 70.731712 102.073174 58.780491
864654 44 0.000000 0.000000 0.000000 72.195122 97.134148 58.597561
864659 44 0.000000 0.000000 0.000000 73.048782 90.182930 57.500000
864664 44 0.000000 0.000000 0.000000 68.353661 83.292686 56.951221
864669 44 0.000000 0.000000 0.000000 60.975613 75.304878 56.524391
864674 44 0.000000 0.000000 0.000000 58.353661 70.182930 53.353661
864679 44 0.000000 0.000000 0.000000 52.195122 68.048782 53.170734
864684 44 0.000000 0.000000 0.000000 43.597561 61.585369 53.353661
864689 44 0.000000 0.000000 0.000000 38.902439 52.500000 51.097561
864694 44 0.000000 0.000000 0.000000 33.963417 45.853661 49.329269
864699 44 0.000000 0.000000 0.000000 25.548780 39.451221 50.121952
864704 44 0.000000 0.000000 0.000000 19.451220 31.402439 50.243904
864709 44 0.000000 0.000000 0.000000 23.048780 26.280489 47.987804
864714 44 0.000000 0.000000 0.000000 24.695122 24.634148 47.926830
864719 44 0.000000 0.000000 0.000000 20.182928 22.073172 48.597561
864724 44 0.000000 0.000000 0.000000 18.414635 19.878050 48.292683
864729 44 0.000000 0.000000 0.000000 21.585367 17.804878 45.000000
864734 44 0.000000 0.000000 0.000000 23.414635 14.634147 43.353661
864739 44 0.000000 0.000000 0.000000 18.475611 13.231708 44.817074
864744 44 0.000000 0.000000 0.000000 15.670732 10.548780 45.000000
864749 44 0.000000 0.000000 0.000000 17.195122 9.817074 44.634148
864754 44 0.000000 0.000000 0.000000 19.207317 7.621952 42.987804
864759 44 0.000000 0.000000 0.000000 15.365854 8.048780 40.792683
864764 44 0.000000 0.000000 0.000000 13.719513 9.207317 41.585365
864769 44 0.000000 0.000000 0.000000 15.975610 8.353659 39.939026
864774 44 0.000000 0.000000 0.000000 18.841463 8.292683 37.073170
864779 44 0.000000 0.000000 0.000000 19.268293 8.719512 35.243904
864784 44 0.000000 0.000000 0.000000 19.512196 10.609756 35.182926
864789 44 0.000000 0.000000 0.000000 21.158537 12.987805 34.756100
864794 44 0.000000 0.000000 0.000000 20.792683 13.658537 32.439026
864799 44 0.000000 0.000000 0.000000 23.597561 14.573171 29.329269
864804 44 0.000000 0.000000 0.000000 22.073172 15.792684 26.524391
864809 44 0.000000 0.000000 0.000000 17.621952 17.743902 27.317074
864814 44 0.000000 0.000000 0.000000 15.121951 19.146341 26.768293
864819 44 0.000000 0.000000 0.000000 14.634147 18.963415 25.182928
864824 44 0.000000 0.000000 0.000000 13.048780 19.390244 21.646341
864829 44 0.000000 0.000000 0.000000 15.121951 20.182928 18.780489
864834 44 0.000000 0.000000 0.000000 15.853659 22.073172 18.902439
864839 44 0.000000 0.000000 0.000000 12.012196 25.243902 18.780489
864844 44 0.000000 0.000000 0.000000 8.780488 26.463415 16.280489
864849 44 0.000000 0.000000 0.000000 7.987805 25.792683 15.182927
864854 44 0.000000 0.000000 0.000000 9.146341 26.402439 13.963415
864859 44 0.000000 0.000000 0.000000 9.207317 26.402439 12.134147
864864 44 0.000000 0.000000 0.000000 8.231708 24.634148 9.939025
864869 44 0.000000 0.000000 0.000000 6.829268 24.634148 9.146341
864874 44 0.000000 0.000000 0.000000 4.329268 25.670732 7.926829
864879 44 0.000000 0.000000 0.000000 3.902439 26.097561 6.219512
864884 44 0.000000 0.000000 0.000000 6.097561 25.853659 5.365854
864889 44 0.000000 0.000000 0.000000 9.268292 26.341463 3.475610
864894 44 0.000000 0.000000 0.000000 11.829268 27.012196 2.378049
864899 44 0.000000 0.000000 0.000000 8.536586 27.804878 2.134146
864904 44 0.000000 0.000000 0.000000 5.792683 29.207317 1.341463
864909 44 0.000000 0.000000 0.000000 3.963415 28.292683 0.609756
864914 44 0.000000 0.000000 0.000000 5.731708 27.926830 -0.731707
864919 44 0.000000 0.000000 0.000000 7.378049 28.658537 -1.829268
864924 44 0.000000 0.000000 0.000000 8.353659 28.109756 -2.865854
864929 44 0.000000 0.000000 0.000000 8.231708 27.500000 -2.378049
864934 44 0.000000 0.000000 0.000000 8.231708 28.170732 -2.987805
864939 44 0.000000 0.000000 0.000000 9.634147 28.780489 -3.902439
864944 44 0.000000 0.000000 0.000000 11.951220 29.756098 -3.902439
864949 44 0.000000 0.000000 0.000000 17.256098 28.963415 -4.878049
864954 44 0.000000 0.000000 0.000000 23.170732 29.207317 -5.182927
864959 44 0.000000 0.000000 0.000000 26.036587 30.975611 -5.548780
864964 44 0.000000 0.000000 0.000000 24.512196 31.707317 -3.963415
864969 44 0.000000 0.000000 0.000000 21.341463 31.646341 -2.012195
864974 44 0.000000 0.000000 0.000000 17.378050 29.451220 -2.195122
864979 44 0.000000 0.000000 0.000000 13.963415 26.341463 -1.951220
864984 44 0.000000 0.000000 0.000000 12.134147 26.707317 -1.890244
864989 44 0.000000 0.000000 0.000000 11.097561 26.097561 -1.158537
864994 44 0.000000 0.000000 0.000000 10.670732 26.158537 -0.548781
864999 44 0.000000 0.000000 0.000000 9.024390 28.109756 0.060976
865004 44 0.000000 0.000000 0.000000 8.719512 30.000000 0.975610
865009 44 0.000000 0.000000 0.000000 9.451220 27.926830 1.524390
865014 44 0.000000 0.000000 0.000000 13.170732 26.219513 2.317073
865019 44 0.000000 0.000000 0.000000 14.878049 25.060976 2.926829
865024 44 0.000000 0.000000 0.000000 14.634147 23.353659 3.048780
865029 44 0.000000 0.000000 0.000000 15.365854 22.743902 3.780488
865034 44 0.000000 0.000000 0.000000 15.000000 23.536587 4.024390
865039 44 0.000000 0.000000 0.000000 13.719513 24.695122 4.024390
865044 44 0.000000 0.000000 0.000000 14.573171 25.548780 3.719512
865049 44 0.000000 0.000000 0.000000 19.817074 25.670732 2.378049
865054 44 0.000000 0.000000 0.000000 23.597561 25.975611 2.134146
865059 44 0.000000 0.000000 0.000000 21.280489 27.073172 3.048780
865064 44 0.000000 0.000000 0.000000 20.000000 26.707317 3.902439
865069 44 0.000000 0.000000 0.000000 18.414635 26.158537 3.658537
865074 44 0.000000 0.000000 0.000000 17.378050 25.853659 2.500000
865079 44 0.000000 0.000000 0.000000 16.524391 25.548780 2.804878
865084 44 0.000000 0.000000 0.000000 14.817074 26.036587 3.902439
865089 44 0.000000 0.000000 0.000000 17.012196 28.231709 3.414634
865094 44 0.000000 0.000000 0.000000 17.743902 27.743902 0.853659
865099 44 0.000000 0.000000 0.000000 16.219513 27.195122 0.487805
865104 44 0.000000 0.000000 0.000000 14.390244 27.804878 1.158537
865109 44 0.000000 0.000000 0.000000 11.890244 30.243902 1.341463
865114 44 0.000000 0.000000 0.000000 9.329268 30.243902 0.243902
865119 44 0.000000 0.000000 0.000000 10.000000 28.048780 -2.134146
865124 44 0.000000 0.000000 0.000000 11.890244 28.475611 -2.317073
865129 44 0.000000 0.000000 0.000000 12.560976 29.085367 -1.524390
865134 44 0.000000 0.000000 0.000000 11.829268 27.560976 -1.158537
865139 44 0.000000 0.000000 0.000000 10.365854 28.170732 -2.682927
865144 44 0.000000 0.000000 0.000000 10.670732 30.060976 -4.268293
865149 44 0.000000 0.000000 0.000000 11.646341 30.609756 -2.987805
865154 44 0.000000 0.000000 0.000000 12.743903 29.207317 -2.378049
865159 44 0.000000 0.000000 0.000000 15.000000 29.817074 -3.902439
865164 44 0.000000 0.000000 0.000000 13.597561 29.024391 -4.817073
865169 44 0.000000 0.000000 0.000000 11.524390 28.658537 -4.817073
865174 44 0.000000 0.000000 0.000000 9.573171 28.719513 -4.329268
865179 44 0.000000 0.000000 0.000000 7.195122 29.573172 -5.853659
865184 44 0.000000 0.000000 0.000000 5.548780 29.329269 -6.280488
865189 44 0.000000 0.000000 0.000000 3.719512 28.048780 -6.402439
865194 44 0.000000 0.000000 0.000000 1.585366 27.743902 -6.951220
865199 44 0.000000 0.000000 0.000000 1.707317 29.024391 -7.987805
865204 44 0.000000 0.000000 0.000000 5.243903 30.000000 -9.390244
865209 44 0.000000 0.000000 0.000000 2.317073 31.646341 -7.195122
865214 44 0.000000 0.000000 0.000000 0.670732 30.304878 -7.134147
865219 44 0.000000 0.000000 0.000000 5.426829 28.353659 -9.329268
865224 44 0.000000 0.000000 0.000000 5.609756 27.195122 -11.585366
865229 44 0.000000 0.000000 0.000000 4.390244 24.329269 -13.902439
865234 44 0.000000 0.000000 0.000000 5.304878 21.402439 -14.207317
865239 44 0.000000 0.000000 0.000000 4.634146 20.548780 -14.146341
865244 44 0.000000 0.000000 0.000000 1.402439 20.426830 -14.146341
865249 44 0.000000 0.000000 0.000000 -0.975610 18.963415 -15.487805
865254 44 0.000000 0.000000 0.000000 -0.731707 17.256098 -18.414635
865259 44 0.000000 0.000000 0.000000 0.670732 15.365854 -20.243902
865264 44 0.000000 0.000000 0.000000 1.463415 15.731708 -19.634148
865269 44 0.000000 0.000000 0.000000 1.219512 14.695123 -19.817074
865274 44 0.000000 0.000000 0.000000 -0.365854 12.378049 -20.853659
865279 44 0.000000 0.000000 0.000000 -3.170732 13.719513 -19.085367
865284 44 0.000000 0.000000 0.000000 -5.000000 15.670732 -17.865854
865289 44 0.000000 0.000000 0.000000 -7.073171 16.158537 -19.756098
865294 44 0.000000 0.000000 0.000000 -8.475610 15.609756 -21.219513
865299 44 0.000000 0.000000 0.000000 -8.536586 17.073172 -20.975611
865304 44 0.000000 0.000000 0.000000 -10.243902 19.695122 -20.426830
865309 44 0.000000 0.000000 0.000000 -12.865854 20.975611 -19.573172
865314 44 0.000000 0.000000 0.000000 -15.121951 20.731709 -19.512196
865319 44 0.000000 0.000000 0.000000 -16.707317 19.634148 -20.609756
865324 44 0.000000 0.000000 0.000000 -19.756098 20.304878 -21.890244
865329 44 0.000000 0.000000 0.000000 -22.865854 23.475611 -23.414635
865334 44 0.000000 0.000000 0.000000 -23.170732 25.670732 -23.414635
865339 44 0.000000 0.000000 0.000000 -23.658537 27.621952 -21.097561
865344 44 0.000000 0.000000 0.000000 -20.365854 29.207317 -19.756098
865349 44 0.000000 0.000000 0.000000 -16.463415 30.426830 -19.939024
865354 44 0.000000 0.000000 0.000000 -11.890244 30.243902 -19.024391
865359 44 0.000000 0.000000 0.000000 -11.646341 30.182928 -15.792684
865364 44 0.000000 0.000000 0.000000 -12.317074 29.878050 -14.390244
865369 44 0.000000 0.000000 0.000000 -11.768293 26.768293 -14.390244
865374 44 0.000000 0.000000 0.000000 -7.987805 27.256098 -14.756098
865379 44 0.000000 0.000000 0.000000 -4.207317 27.926830 -15.670732
865384 44 0.000000 0.000000 0.000000 -3.841464 23.658537 -15.487805
865389 44 0.000000 0.000000 0.000000 -5.548780 21.524391 -13.902439
865394 44 0.000000 0.000000 0.000000 -0.853659 21.036587 -14.756098
865399 44 0.000000 0.000000 0.000000 1.524390 17.621952 -16.280489
865404 44 0.000000 0.000000 0.000000 3.536585 14.390244 -18.902439
865409 44 0.000000 0.000000 0.000000 10.365854 15.609756 -21.036587
865414 44 0.000000 0.000000 0.000000 15.609756 18.231709 -21.463415
865419 44 0.000000 0.000000 0.000000 16.646341 19.024391 -22.378050
865424 44 0.000000 0.000000 0.000000 15.487805 16.524391 -23.109756
865429 44 0.000000 0.000000 0.000000 14.390244 15.670732 -22.378050
865434 44 0.000000 0.000000 0.000000 14.390244 17.682928 -21.646341
865439 44 0.000000 0.000000 0.000000 17.012196 17.134148 -22.134148
865444 44 0.000000 0.000000 0.000000 18.414635 15.670732 -23.170732
865449 44 0.000000 0.000000 0.000000 19.390244 17.073172 -23.292683
865454 44 0.000000 0.000000 0.000000 16.463415 16.097561 -22.256098
865459 44 0.000000 0.000000 0.000000 11.280488 17.804878 -21.829269
865464 44 0.000000 0.000000 0.000000 8.170732 20.853659 -21.646341
865469 44 0.000000 0.000000 0.000000 5.000000 21.097561 -20.853659
865474 44 0.000000 0.000000 0.000000 0.121951 19.756098 -20.975611
865479 44 0.000000 0.000000 0.000000 -1.463415 23.109756 -21.524391
865484 44 0.000000 0.000000 0.000000 -4.390244 25.121952 -20.914635
865489 44 0.000000 0.000000 0.000000 -9.695122 25.670732 -19.146341
865494 44 0.000000 0.000000 0.000000 -12.926829 27.439026 -18.536585
865499 44 0.000000 0.000000 0.000000 -15.060976 27.926830 -18.841463
865504 44 0.000000 0.000000 0.000000 -16.829269 26.097561 -19.573172
865509 44 0.000000 0.000000 0.000000 -16.463415 25.487806 -18.902439
865514 44 0.000000 0.000000 0.000000 -14.207317 27.012196 -17.073172
865519 44 0.000000 0.000000 0.000000 -13.475610 27.134148 -17.621952
865524 44 0.000000 0.000000 0.000000 -15.243903 25.060976 -19.268293
865529 44 0.000000 0.000000 0.000000 -21.951220 25.548780 -19.085367
865534 44 0.000000 0.000000 0.000000 -19.512196 25.792683 -19.451220
865539 44 0.000000 0.000000 0.000000 -14.817074 22.987806 -19.512196
865544 44 0.000000 0.000000 0.000000 -14.024390 20.060976 -18.780489
865549 44 0.000000 0.000000 0.000000 -11.585366 18.475611 -18.719513
865554 44 0.000000 0.000000 0.000000 -7.500000 18.475611 -19.695122
865559 44 0.000000 0.000000 0.000000 -5.975610 19.695122 -21.097561
865564 44 0.000000 0.000000 0.000000 -4.512195 19.268293 -21.768293
865569 44 0.000000 0.000000 0.000000 -3.170732 19.451220 -20.121952
865574 44 0.000000 0.000000 0.000000 -3.780488 18.475611 -18.353659
865579 44 0.000000 0.000000 0.000000 -2.987805 14.695123 -18.902439
865584 44 0.000000 0.000000 0.000000 0.792683 16.158537 -19.329269
865589 44 0.000000 0.000000 0.000000 0.487805 15.609756 -18.231709
865594 44 0.000000 0.000000 0.000000 -1.829268 14.146341 -17.560976
865599 44 0.000000 0.000000 0.000000 -2.743902 17.012196 -17.987804
865604 44 0.000000 0.000000 0.000000 -4.573171 18.170732 -18.292683
865609 44 0.000000 0.000000 0.000000 -6.707317 16.585365 -18.353659
865614 44 0.000000 0.000000 0.000000 -9.085366 13.780488 -18.963415
865619 44 0.000000 0.000000 0.000000 -10.792684 13.780488 -20.365854
865624 44 0.000000 0.000000 0.000000 -11.036586 15.548780 -20.243902
865629 44 0.000000 0.000000 0.000000 -10.792684 15.243903 -19.390244
865634 44 0.000000 0.000000 0.000000 -12.865854 14.756098 -19.268293
865639 44 0.000000 0.000000 0.000000 -14.085366 15.304878 -19.512196
865644 44 0.000000 0.000000 0.000000 -14.390244 17.012196 -20.365854
865649 44 0.000000 0.000000 0.000000 -13.841464 20.365854 -21.280489
865654 44 0.000000 0.000000 0.000000 -10.121951 22.621952 -21.158537
865659 44 0.000000 0.000000 0.000000 -4.878049 21.341463 -18.475611
865664 44 0.000000 0.000000 0.000000 -6.097561 20.487804 -16.158537
865669 44 0.000000 0.000000 0.000000 -9.939025 19.390244 -17.500000
865674 44 0.000000 0.000000 0.000000 -9.146341 20.426830 -19.695122
865679 44 0.000000 0.000000 0.000000 -8.963415 21.524391 -19.512196
865684 44 0.000000 0.000000 0.000000 -10.975610 20.182928 -18.902439
865689 43 0.000000 0.000000 0.000000 -10.731708 18.048780 -18.719513
865694 43 0.000000 0.000000 0.000000 -9.268292 16.158537 -17.987804
865699 43 0.000000 0.000000 0.000000 -7.743903 16.219513 -19.146341
865704 43 0.000000 0.000000 0.000000 -6.890244 17.926830 -20.426830
865709 36 0.000000 0.000000 0.000000 -6.036585 18.597561 -21.951220
865714 36 0.000000 0.000000 0.000000 -8.475610 16.402439 -23.353659
865719 36 0.000000 0.000000 0.000000 -13.414635 14.573171 -22.195122
865724 36 0.000000 0.000000 0.000000 -11.158537 18.109756 -20.487804
865729 33 0.000000 0.000000 0.000000 -7.926829 19.024391 -20.914635
865734 33 0.000000 0.000000 0.000000 -7.987805 17.317074 -23.048780
865739 33 0.000000 0.000000 0.000000 -7.378049 18.109756 -25.182928
865744 33 0.000000 0.000000 0.000000 -6.280488 17.439024 -24.695122
865749 33 0.000000 0.000000 0.000000 -7.256098 16.890244 -21.280489
865754 33 0.000000 0.000000 0.000000 -7.621952 14.390244 -20.670732
865759 33 0.000000 0.000000 0.000000 -5.426829 11.158537 -22.560976
865764 33 0.000000 0.000000 0.000000 -5.365854 6.219512 -23.048780
865769 33 0.000000 0.000000 0.000000 -3.780488 3.475610 -22.439024
865774 33 0.000000 0.000000 0.000000 -5.182927 1.646341 -21.463415
865779 33 0.000000 0.000000 0.000000 -9.268292 -3.597561 -17.378050
865784 33 0.000000 0.000000 0.000000 -10.670732 -5.853659 -15.121951
865789 33 0.000000 0.000000 0.000000 -11.097561 -4.817073 -16.097561
865794 33 0.000000 0.000000 0.000000 -12.195122 -5.182927 -16.951220
865799 33 0.000000 0.000000 0.000000 -13.719513 -8.536586 -17.621952
865804 33 0.000000 0.000000 0.000000 -16.036585 -10.487805 -17.560976
865809 33 0.000000 0.000000 0.000000 -19.512196 -9.085366 -16.219513
865814 33 0.000000 0.000000 0.000000 -22.804878 -9.146341 -15.609756
865819 33 0.000000 0.000000 0.000000 -21.524391 -12.012196 -16.158537
865824 33 0.000000 0.000000 0.000000 -22.439024 -12.256098 -16.646341
865829 33 0.000000 0.000000 0.000000 -25.365854 -11.158537 -15.792684
865834 33 0.000000 0.000000 0.000000 -27.012196 -9.939025 -15.914635
865839 33 0.000000 0.000000 0.000000 -27.987806 -9.573171 -15.731708
865844 33 0.000000 0.000000 0.000000 -28.414635 -10.304878 -14.939025
865849 27 0.000000 0.000000 0.000000 -30.975611 -9.390244 -16.158537
865854 27 0.000000 0.000000 0.000000 -33.292683 -8.475610 -17.134148
865859 27 0.000000 0.000000 0.000000 -34.451221 -6.646342 -16.280489
865864 27 0.000000 0.000000 0.000000 -34.573170 -4.451220 -14.207317
865869 6 0.000000 0.000000 0.000000 -32.865856 -2.621951 -12.682927
865874 6 0.000000 0.000000 0.000000 -30.426830 -2.682927 -12.926829
865879 6 0.000000 0.000000 0.000000 -28.780489 -2.317073 -13.353659
865884 6 0.000000 0.000000 0.000000 -24.573172 -3.536585 -14.329268
865889 0 0.000000 0.000000 0.000000 -22.256098 -20.121952 -20.609756
865894 0 0.000000 0.000000 0.000000 155.426834 -245.731720 -137.682938
865899 0 0.000000 0.000000 0.000000 376.646362 -467.195129 -196.951218
865904 0 0.000000 0.000000 0.000000 335.853668 -353.170746 -192.500000
865909 0 0.000000 0.000000 0.000000 226.097565 -200.000000 -107.134148
865914 0 0.000000 0.000000 0.000000 219.024399 -230.426834 -24.512196
865919 0 0.000000 0.000000 0.000000 231.707321 -268.963409 -17.621952
865924 0 0.000000 0.000000 0.000000 215.060974 -258.414642 -48.658539
865929 0 0.000000 0.000000 0.000000 219.207321 -279.268311 -71.158539
865934 0 0.000000 0.000000 0.000000 237.012207 -307.439026 -103.658539
865939 0 0.000000 0.000000 0.000000 237.012207 -303.780487 -136.524399
865944 0 0.000000 0.000000 0.000000 216.402451 -275.121948 -144.146347
865949 0 0.000000 0.000000 0.000000 190.182938 -241.829269 -127.195122
865954 0 0.000000 0.000000 0.000000 169.512192 -221.036591 -101.158539
