[ ---- PITCH ---- ]	P = 1.2		I = 0.2		D = 0.5
[ ---- ROLL ----- ]	P = 1.2		I = 0.2		D = 0.5
[ ---- GyroX ---- ]	P = 1.3		I = 1.0		D = 1.2
[ ---- GyroY ---- ]	P = 1.5		I = 0.8		D = 1.6
[ ---- GyroZ ---- ]	P = 2.0		I = 0.0		D = 0.0
[ ---- Type ----- ]	AngularPID
-----------------------------------------------------------------------------
1363939 23 0.000000 0.000000 0.000000 -0.487805 2.134146 -2.621951
1363944 23 0.000000 0.000000 0.000000 0.487805 1.158537 -4.390244
1363949 23 0.000000 0.000000 0.000000 0.609756 0.243902 -3.597561
1363954 23 0.000000 0.000000 0.000000 0.487805 -1.524390 -3.841464
1363959 23 0.000000 0.000000 0.000000 0.182927 -4.573171 -5.243903
1363964 23 0.000000 0.000000 0.000000 0.365854 -7.195122 -6.402439
1363969 23 0.000000 0.000000 0.000000 1.829268 -8.109756 -8.597561
1363974 23 0.000000 0.000000 0.000000 2.682927 -8.536586 -11.158537
1363979 23 0.000000 0.000000 0.000000 2.073171 -8.780488 -13.109756
1363984 23 0.000000 0.000000 0.000000 2.012195 -8.292683 -14.634147
1363989 23 0.000000 0.000000 0.000000 1.402439 -7.317073 -14.573171
1363994 23 0.000000 0.000000 0.000000 0.792683 -4.939024 -15.182927
1363999 23 0.000000 0.000000 0.000000 1.097561 -1.951220 -16.707317
1364004 23 0.000000 0.000000 0.000000 2.621951 -0.182927 -17.317074
1364009 23 0.000000 0.000000 0.000000 3.414634 1.341463 -18.170732
1364014 23 0.000000 0.000000 0.000000 2.439024 3.475610 -17.621952
1364019 23 0.000000 0.000000 0.000000 0.670732 5.243903 -17.500000
1364024 23 0.000000 0.000000 0.000000 -1.036585 6.402439 -18.170732
1364029 23 0.000000 0.000000 0.000000 -1.646341 6.646342 -18.902439
1364034 23 0.000000 0.000000 0.000000 -1.829268 5.365854 -19.390244
1364039 23 0.000000 0.000000 0.000000 -2.865854 3.353659 -21.219513
1364044 23 0.000000 0.000000 0.000000 -4.390244 2.134146 -21.951220
1364049 23 0.000000 0.000000 0.000000 -6.829268 0.914634 -22.682928
1364054 23 0.000000 0.000000 0.000000 -7.926829 -1.768293 -21.707317
1364059 23 0.000000 0.000000 0.000000 -6.829268 -5.609756 -19.939024
1364064 23 0.000000 0.000000 0.000000 -5.731708 -7.560976 -18.963415
1364069 23 0.000000 0.000000 0.000000 -4.756098 -7.560976 -18.658537
1364074 23 0.000000 0.000000 0.000000 -2.804878 -5.609756 -18.597561
1364079 23 0.000000 0.000000 0.000000 0.670732 -3.841464 -19.390244
1364084 23 0.000000 0.000000 0.000000 1.219512 -2.073171 -19.512196
1364089 23 0.000000 0.000000 0.000000 0.121951 0.000000 -19.939024
1364094 23 0.000000 0.000000 0.000000 0.243902 2.195122 -20.121952
1364099 23 0.000000 0.000000 0.000000 0.731707 3.475610 -18.902439
1364104 23 0.000000 0.000000 0.000000 1.280488 4.634146 -18.475611
1364109 23 0.000000 0.000000 0.000000 0.792683 6.341464 -19.268293
1364114 23 0.000000 0.000000 0.000000 -0.304878 7.256098 -18.597561
1364119 23 0.000000 0.000000 0.000000 -0.853659 7.073171 -17.012196
1364124 23 0.000000 0.000000 0.000000 -1.219512 6.646342 -15.000000
1364129 23 0.000000 0.000000 0.000000 -1.768293 6.951220 -13.231708
1364134 23 0.000000 0.000000 0.000000 -2.865854 5.609756 -11.463415
1364139 23 0.000000 0.000000 0.000000 -2.743902 3.902439 -10.365854
1364144 23 0.000000 0.000000 0.000000 -2.012195 4.268293 -8.841464
1364149 23 0.000000 0.000000 0.000000 -2.012195 4.024390 -7.621952
1364154 23 0.000000 0.000000 0.000000 -3.170732 4.207317 -6.402439
1364159 23 0.000000 0.000000 0.000000 -3.170732 5.365854 -4.695122
1364164 23 0.000000 0.000000 0.000000 -3.902439 4.878049 -3.536585
1364169 23 0.000000 0.000000 0.000000 -4.329268 3.902439 -2.926829
1364174 23 0.000000 0.000000 0.000000 -2.682927 5.304878 -1.524390
1364179 23 0.000000 0.000000 0.000000 -3.170732 5.304878 -1.646341
1364184 23 0.000000 0.000000 0.000000 -1.219512 2.621951 -1.524390
1364189 23 0.000000 0.000000 0.000000 0.792683 1.280488 0.731707
1364194 23 0.000000 0.000000 0.000000 -0.548781 0.914634 1.219512
1364199 23 0.000000 0.000000 0.000000 -2.378049 -0.243902 -0.731707
1364204 23 0.000000 0.000000 0.000000 -1.585366 -0.792683 0.000000
1364209 23 0.000000 0.000000 0.000000 -1.097561 -2.195122 1.097561
1364214 23 0.000000 0.000000 0.000000 -0.304878 -3.841464 2.439024
1364219 23 0.000000 0.000000 0.000000 0.182927 -4.512195 5.121951
1364224 23 0.000000 0.000000 0.000000 -0.914634 -3.048780 6.341464
1364229 23 0.000000 0.000000 0.000000 -1.829268 -0.731707 6.646342
1364234 23 0.000000 0.000000 0.000000 -1.646341 -1.036585 7.439024
1364239 23 0.000000 0.000000 0.000000 0.182927 -0.853659 8.841464
1364244 23 0.000000 0.000000 0.000000 1.768293 0.426829 10.914635
1364249 23 0.000000 0.000000 0.000000 1.219512 2.134146 11.219512
1364254 23 0.000000 0.000000 0.000000 -0.365854 5.304878 11.158537
1364259 23 0.000000 0.000000 0.000000 -1.890244 7.682927 11.524390
1364264 23 0.000000 0.000000 0.000000 -2.621951 9.512196 11.463415
1364269 23 0.000000 0.000000 0.000000 -3.353659 9.695122 12.500000
1364274 23 0.000000 0.000000 0.000000 -3.841464 7.500000 12.439025
1364279 23 0.000000 0.000000 0.000000 -3.780488 5.975610 11.341464
1364284 23 0.000000 0.000000 0.000000 -4.207317 4.756098 11.097561
1364289 23 0.000000 0.000000 0.000000 -5.121951 3.536585 11.280488
1364294 23 0.000000 0.000000 0.000000 -5.182927 2.134146 10.914635
1364299 23 0.000000 0.000000 0.000000 -4.573171 0.426829 10.731708
1364304 23 0.000000 0.000000 0.000000 -2.621951 -1.219512 10.426829
1364309 23 0.000000 0.000000 0.000000 0.792683 -2.500000 8.902439
1364314 23 0.000000 0.000000 0.000000 2.500000 -3.475610 8.170732
1364319 23 0.000000 0.000000 0.000000 3.048780 -3.841464 8.231708
1364324 23 0.000000 0.000000 0.000000 2.926829 -4.390244 7.378049
1364329 23 0.000000 0.000000 0.000000 2.743902 -5.060976 6.646342
1364334 23 0.000000 0.000000 0.000000 3.353659 -5.914634 6.524390
1364339 23 0.000000 0.000000 0.000000 3.414634 -6.463415 5.853659
1364344 23 0.000000 0.000000 0.000000 2.256098 -6.768293 4.756098
1364349 23 0.000000 0.000000 0.000000 -0.121951 -7.134147 3.658537
1364354 23 0.000000 0.000000 0.000000 -1.524390 -7.560976 3.109756
1364359 23 0.000000 0.000000 0.000000 -2.865854 -8.658537 3.170732
1364364 23 0.000000 0.000000 0.000000 -5.121951 -9.207317 3.414634
1364369 23 0.000000 0.000000 0.000000 -6.280488 -9.573171 3.048780
1364374 23 0.000000 0.000000 0.000000 -7.804878 -9.634147 3.353659
1364379 23 0.000000 0.000000 0.000000 -8.170732 -9.085366 4.146341
1364384 23 0.000000 0.000000 0.000000 -8.109756 -9.634147 5.304878
1364389 23 0.000000 0.000000 0.000000 -7.987805 -11.219512 6.219512
1364394 23 0.000000 0.000000 0.000000 -7.134147 -12.378049 7.378049
1364399 23 0.000000 0.000000 0.000000 -7.317073 -12.621951 8.902439
1364404 23 0.000000 0.000000 0.000000 -7.317073 -11.829268 9.695122
1364409 23 0.000000 0.000000 0.000000 -6.158537 -10.060976 9.146341
1364414 23 0.000000 0.000000 0.000000 -5.243903 -9.451220 7.743903
1364419 23 0.000000 0.000000 0.000000 -5.365854 -9.878049 6.097561
1364424 23 0.000000 0.000000 0.000000 -4.695122 -9.329268 5.365854
1364429 23 0.000000 0.000000 0.000000 -4.085366 -8.475610 4.451220
1364434 23 0.000000 0.000000 0.000000 -3.353659 -6.890244 3.841464
1364439 23 0.000000 0.000000 0.000000 -4.024390 -4.390244 3.658537
1364444 23 0.000000 0.000000 0.000000 -5.121951 -2.378049 3.231707
1364449 23 0.000000 0.000000 0.000000 -4.085366 -0.548781 4.146341
1364454 23 0.000000 0.000000 0.000000 -2.500000 0.548781 5.365854
1364459 23 0.000000 0.000000 0.000000 0.000000 1.646341 5.304878
1364464 23 0.000000 0.000000 0.000000 1.585366 1.951220 4.634146
1364469 23 0.000000 0.000000 0.000000 2.500000 1.951220 3.475610
1364474 23 0.000000 0.000000 0.000000 3.963415 1.951220 2.743902
1364479 23 0.000000 0.000000 0.000000 4.390244 1.585366 2.865854
1364484 23 0.000000 0.000000 0.000000 3.719512 0.792683 2.560976
1364489 23 0.000000 0.000000 0.000000 2.012195 0.000000 2.439024
1364494 23 0.000000 0.000000 0.000000 0.487805 -0.548781 2.134146
1364499 23 0.000000 0.000000 0.000000 0.000000 0.426829 1.036585
1364504 23 0.000000 0.000000 0.000000 -1.158537 1.707317 -0.426829
1364509 23 0.000000 0.000000 0.000000 -0.914634 -0.121951 -2.378049
1364514 23 0.000000 0.000000 0.000000 -1.951220 -0.121951 -5.182927
1364519 23 0.000000 0.000000 0.000000 -3.963415 2.743902 -7.439024
1364524 23 0.000000 0.000000 0.000000 -5.548780 6.036585 -9.329268
1364529 23 0.000000 0.000000 0.000000 -6.768293 8.597561 -11.158537
1364534 23 0.000000 0.000000 0.000000 -6.341464 8.902439 -12.256098
1364539 23 0.000000 0.000000 0.000000 -4.939024 7.682927 -12.439025
1364544 23 0.000000 0.000000 0.000000 -3.292683 6.280488 -12.926829
1364549 23 0.000000 0.000000 0.000000 -1.829268 5.243903 -12.500000
1364554 23 0.000000 0.000000 0.000000 -1.768293 5.060976 -12.560976
1364559 23 0.000000 0.000000 0.000000 -0.609756 4.268293 -13.231708
1364564 23 0.000000 0.000000 0.000000 2.317073 2.317073 -13.780488
1364569 23 0.000000 0.000000 0.000000 4.146341 -0.304878 -15.000000
1364574 23 0.000000 0.000000 0.000000 4.817073 -1.524390 -14.756098
1364579 23 0.000000 0.000000 0.000000 3.475610 -2.195122 -14.390244
1364584 23 0.000000 0.000000 0.000000 1.768293 -2.439024 -14.878049
1364589 23 0.000000 0.000000 0.000000 0.487805 -1.402439 -14.817074
1364594 23 0.000000 0.000000 0.000000 -0.914634 -1.524390 -15.182927
1364599 23 0.000000 0.000000 0.000000 -2.500000 -2.134146 -17.195122
1364604 23 0.000000 0.000000 0.000000 -4.329268 -1.341463 -17.134148
1364609 23 0.000000 0.000000 0.000000 -5.975610 -1.829268 -17.500000
1364614 23 0.000000 0.000000 0.000000 -6.829268 -2.195122 -18.048780
1364619 23 0.000000 0.000000 0.000000 -6.646342 -0.975610 -17.439024
1364624 23 0.000000 0.000000 0.000000 -5.731708 0.060976 -16.829269
1364629 23 0.000000 0.000000 0.000000 -5.609756 0.426829 -17.439024
1364634 23 0.000000 0.000000 0.000000 -5.731708 1.463415 -16.036585
1364639 23 0.000000 0.000000 0.000000 -4.390244 0.914634 -14.634147
1364644 23 0.000000 0.000000 0.000000 -2.926829 0.548781 -13.841464
1364649 23 0.000000 0.000000 0.000000 -2.134146 1.463415 -13.353659
1364654 23 0.000000 0.000000 0.000000 -1.524390 1.463415 -12.621951
1364659 23 0.000000 0.000000 0.000000 -1.951220 0.792683 -12.439025
1364664 23 0.000000 0.000000 0.000000 -0.731707 0.609756 -10.487805
1364669 23 0.000000 0.000000 0.000000 -0.487805 1.158537 -7.682927
1364674 23 0.000000 0.000000 0.000000 -1.158537 1.707317 -7.804878
1364679 23 0.000000 0.000000 0.000000 0.000000 -1.036585 -9.878049
1364684 23 0.000000 0.000000 0.000000 0.731707 -3.658537 -10.670732
1364689 23 0.000000 0.000000 0.000000 0.060976 -3.841464 -10.121951
1364694 23 0.000000 0.000000 0.000000 0.487805 -2.926829 -9.939025
1364699 23 0.000000 0.000000 0.000000 1.097561 -1.829268 -10.853659
1364704 23 0.000000 0.000000 0.000000 0.609756 -0.731707 -10.121951
1364709 23 0.000000 0.000000 0.000000 1.524390 -1.097561 -10.365854
1364714 23 0.000000 0.000000 0.000000 0.914634 -0.670732 -10.426829
1364719 23 0.000000 0.000000 0.000000 -0.975610 1.341463 -10.731708
1364724 23 0.000000 0.000000 0.000000 -1.890244 2.317073 -11.219512
1364729 23 0.000000 0.000000 0.000000 -1.524390 1.951220 -12.317074
1364734 23 0.000000 0.000000 0.000000 -2.439024 3.231707 -12.804878
1364739 23 0.000000 0.000000 0.000000 -4.146341 4.878049 -13.475610
1364744 23 0.000000 0.000000 0.000000 -5.000000 5.304878 -14.024390
1364749 23 0.000000 0.000000 0.000000 -7.378049 6.219512 -13.780488
1364754 23 0.000000 0.000000 0.000000 -10.000000 6.768293 -13.536586
1364759 23 0.000000 0.000000 0.000000 -10.000000 6.036585 -13.048780
1364764 23 0.000000 0.000000 0.000000 -9.939025 5.670732 -12.256098
1364769 23 0.000000 0.000000 0.000000 -9.817074 6.829268 -11.890244
1364774 23 0.000000 0.000000 0.000000 -8.048780 6.768293 -12.804878
1364779 23 0.000000 0.000000 0.000000 -5.975610 6.219512 -14.573171
1364784 23 0.000000 0.000000 0.000000 -3.048780 6.585366 -16.097561
1364789 23 0.000000 0.000000 0.000000 -0.121951 8.231708 -17.743902
1364794 23 0.000000 0.000000 0.000000 2.195122 7.804878 -19.207317
1364799 23 0.000000 0.000000 0.000000 5.548780 6.341464 -19.512196
1364804 23 0.000000 0.000000 0.000000 8.353659 5.243903 -19.329269
1364809 23 0.000000 0.000000 0.000000 8.231708 5.182927 -19.695122
1364814 23 0.000000 0.000000 0.000000 8.658537 4.451220 -19.024391
1364819 23 0.000000 0.000000 0.000000 8.963415 2.195122 -18.414635
1364824 23 0.000000 0.000000 0.000000 5.000000 1.463415 -18.719513
1364829 23 0.000000 0.000000 0.000000 2.682927 3.048780 -17.195122
1364834 23 0.000000 0.000000 0.000000 0.609756 3.719512 -16.585365
1364839 23 0.000000 0.000000 0.000000 -1.646341 1.646341 -18.414635
1364844 23 0.000000 0.000000 0.000000 -3.841464 1.341463 -18.292683
1364849 23 0.000000 0.000000 0.000000 -7.317073 2.865854 -15.853659
1364854 23 0.000000 0.000000 0.000000 -11.219512 2.256098 -14.207317
1364859 23 0.000000 0.000000 0.000000 -13.780488 1.829268 -13.841464
1364864 23 0.000000 0.000000 0.000000 -13.902439 2.134146 -13.048780
1364869 23 0.000000 0.000000 0.000000 -13.475610 1.768293 -12.439025
1364874 23 0.000000 0.000000 0.000000 -12.195122 1.341463 -11.158537
1364879 23 0.000000 0.000000 0.000000 -9.939025 1.829268 -9.085366
1364884 23 0.000000 0.000000 0.000000 -7.621952 2.134146 -7.682927
1364889 23 0.000000 0.000000 0.000000 -4.512195 2.804878 -7.865854
1364894 23 0.000000 0.000000 0.000000 -1.829268 3.902439 -7.560976
1364899 23 0.000000 0.000000 0.000000 0.853659 3.353659 -6.097561
1364904 23 0.000000 0.000000 0.000000 3.658537 2.378049 -4.756098
1364909 23 0.000000 0.000000 0.000000 6.219512 1.524390 -2.987805
1364914 23 0.000000 0.000000 0.000000 7.195122 0.304878 -1.890244
1364919 23 0.000000 0.000000 0.000000 6.768293 -1.524390 -1.341463
1364924 23 0.000000 0.000000 0.000000 6.585366 -3.414634 -0.487805
1364929 23 0.000000 0.000000 0.000000 5.182927 -4.878049 0.792683
1364934 23 0.000000 0.000000 0.000000 3.475610 -5.000000 1.158537
1364939 23 0.000000 0.000000 0.000000 2.195122 -5.975610 0.365854
1364944 23 0.000000 0.000000 0.000000 1.829268 -8.658537 -0.304878
1364949 23 0.000000 0.000000 0.000000 2.804878 -11.646341 -0.182927
1364954 23 0.000000 0.000000 0.000000 0.975610 -13.963415 0.731707
1364959 23 0.000000 0.000000 0.000000 -2.743902 -15.000000 1.280488
1364964 23 0.000000 0.000000 0.000000 -4.817073 -16.402439 2.500000
1364969 23 0.000000 0.000000 0.000000 -5.975610 -17.743902 4.390244
1364974 23 0.000000 0.000000 0.000000 -6.646342 -16.951220 6.280488
1364979 23 0.000000 0.000000 0.000000 -7.987805 -16.280489 8.597561
1364984 23 0.000000 0.000000 0.000000 -8.597561 -16.097561 9.390244
1364989 23 0.000000 0.000000 0.000000 -9.024390 -14.756098 8.292683
1364994 23 0.000000 0.000000 0.000000 -10.487805 -11.890244 8.292683
1364999 23 0.000000 0.000000 0.000000 -11.768293 -9.817074 9.207317
1365004 23 0.000000 0.000000 0.000000 -11.646341 -8.475610 10.792684
1365009 23 0.000000 0.000000 0.000000 -12.560976 -7.378049 12.621951
1365014 23 0.000000 0.000000 0.000000 -14.390244 -6.280488 13.963415
1365019 23 0.000000 0.000000 0.000000 -14.695123 -5.731708 14.329268
1365024 23 0.000000 0.000000 0.000000 -12.317074 -7.682927 15.243903
1365029 23 0.000000 0.000000 0.000000 -9.573171 -10.304878 15.060976
1365034 23 0.000000 0.000000 0.000000 -6.768293 -12.134147 14.695123
1365039 23 0.000000 0.000000 0.000000 -3.414634 -12.378049 14.451220
1365044 23 0.000000 0.000000 0.000000 -1.280488 -12.500000 14.573171
1365049 23 0.000000 0.000000 0.000000 0.426829 -11.463415 14.878049
1365054 23 0.000000 0.000000 0.000000 1.463415 -10.487805 14.451220
1365059 23 0.000000 0.000000 0.000000 2.682927 -9.207317 13.109756
1365064 23 0.000000 0.000000 0.000000 2.987805 -7.500000 11.707317
1365069 23 0.000000 0.000000 0.000000 2.378049 -4.512195 11.036586
1365074 23 0.000000 0.000000 0.000000 1.524390 -0.853659 11.219512
1365079 23 0.000000 0.000000 0.000000 -1.768293 1.585366 14.390244
1365084 23 0.000000 0.000000 0.000000 -3.597561 4.390244 16.707317
1365089 23 0.000000 0.000000 0.000000 -2.987805 5.365854 14.451220
1365094 23 0.000000 0.000000 0.000000 -1.768293 6.097561 12.926829
1365099 23 0.000000 0.000000 0.000000 -1.219512 6.158537 12.256098
1365104 23 0.000000 0.000000 0.000000 -2.560976 3.963415 12.134147
1365109 23 0.000000 0.000000 0.000000 -4.878049 1.951220 12.256098
1365114 23 0.000000 0.000000 0.000000 -7.134147 0.426829 11.890244
1365119 23 0.000000 0.000000 0.000000 -7.804878 -0.426829 11.219512
1365124 23 0.000000 0.000000 0.000000 -8.597561 -0.670732 10.548780
1365129 23 0.000000 0.000000 0.000000 -9.939025 0.121951 8.658537
1365134 23 0.000000 0.000000 0.000000 -11.524390 0.853659 6.707317
1365139 23 0.000000 0.000000 0.000000 -11.768293 1.341463 5.975610
1365144 23 0.000000 0.000000 0.000000 -10.548780 3.109756 5.487805
1365149 23 0.000000 0.000000 0.000000 -8.902439 4.634146 4.878049
1365154 23 0.000000 0.000000 0.000000 -6.097561 5.853659 4.573171
1365159 23 0.000000 0.000000 0.000000 -2.743902 7.378049 4.024390
1365164 23 0.000000 0.000000 0.000000 0.000000 7.987805 3.109756
1365169 23 0.000000 0.000000 0.000000 0.243902 7.926829 4.451220
1365174 23 0.000000 0.000000 0.000000 0.304878 7.500000 5.731708
1365179 23 0.000000 0.000000 0.000000 0.792683 6.890244 6.158537
1365184 23 0.000000 0.000000 0.000000 0.060976 7.560976 6.829268
1365189 23 0.000000 0.000000 0.000000 -1.463415 9.390244 7.743903
1365194 23 0.000000 0.000000 0.000000 -2.743902 9.939025 8.109756
1365199 23 0.000000 0.000000 0.000000 -3.414634 11.341464 7.560976
1365204 23 0.000000 0.000000 0.000000 -3.658537 11.280488 6.280488
1365209 23 0.000000 0.000000 0.000000 -3.292683 9.207317 4.207317
1365214 23 0.000000 0.000000 0.000000 -2.378049 7.804878 2.134146
1365219 23 0.000000 0.000000 0.000000 -2.195122 7.073171 0.182927
1365224 23 0.000000 0.000000 0.000000 -2.378049 7.804878 -1.280488
1365229 23 0.000000 0.000000 0.000000 -3.719512 7.926829 -3.475610
1365234 23 0.000000 0.000000 0.000000 -4.878049 9.329268 -5.548780
1365239 23 0.000000 0.000000 0.000000 -4.207317 11.280488 -6.280488
1365244 23 0.000000 0.000000 0.000000 -3.597561 11.463415 -6.463415
1365249 23 0.000000 0.000000 0.000000 -3.475610 11.097561 -6.036585
1365254 23 0.000000 0.000000 0.000000 -3.841464 10.060976 -7.073171
1365259 23 0.000000 0.000000 0.000000 -3.536585 9.146341 -7.926829
1365264 23 0.000000 0.000000 0.000000 -1.463415 8.719512 -7.926829
1365269 23 0.000000 0.000000 0.000000 0.426829 9.085366 -8.353659
1365274 23 0.000000 0.000000 0.000000 1.341463 9.634147 -9.024390
1365279 23 0.000000 0.000000 0.000000 2.865854 9.085366 -9.329268
1365284 23 0.000000 0.000000 0.000000 2.804878 8.597561 -10.426829
1365289 23 0.000000 0.000000 0.000000 0.426829 8.414635 -11.829268
1365294 23 0.000000 0.000000 0.000000 -1.524390 9.024390 -13.109756
1365299 23 0.000000 0.000000 0.000000 -1.646341 7.865854 -14.573171
1365304 23 0.000000 0.000000 0.000000 -1.890244 5.914634 -16.158537
1365309 23 0.000000 0.000000 0.000000 -1.951220 5.182927 -16.951220
1365314 23 0.000000 0.000000 0.000000 -2.682927 3.414634 -18.841463
1365319 23 0.000000 0.000000 0.000000 -2.987805 2.378049 -21.707317
1365324 23 0.000000 0.000000 0.000000 -4.207317 3.170732 -22.682928
1365329 23 0.000000 0.000000 0.000000 -7.195122 3.963415 -22.073172
1365334 23 0.000000 0.000000 0.000000 -8.353659 2.500000 -21.646341
1365339 23 0.000000 0.000000 0.000000 -8.292683 -0.121951 -20.853659
1365344 23 0.000000 0.000000 0.000000 -7.682927 -1.097561 -20.182928
1365349 23 0.000000 0.000000 0.000000 -4.939024 -2.134146 -20.243902
1365354 23 0.000000 0.000000 0.000000 -2.621951 -3.170732 -20.792683
1365359 23 0.000000 0.000000 0.000000 -0.975610 -4.085366 -20.731709
1365364 23 0.000000 0.000000 0.000000 0.975610 -4.512195 -20.060976
1365369 23 0.000000 0.000000 0.000000 3.048780 -4.268293 -19.329269
1365374 23 0.000000 0.000000 0.000000 3.841464 -3.902439 -19.329269
1365379 23 0.000000 0.000000 0.000000 3.841464 -4.268293 -19.939024
1365384 23 0.000000 0.000000 0.000000 5.000000 -5.609756 -19.695122
1365389 23 0.000000 0.000000 0.000000 4.390244 -5.975610 -18.353659
1365394 23 0.000000 0.000000 0.000000 3.780488 -5.731708 -17.012196
1365399 23 0.000000 0.000000 0.000000 3.536585 -4.512195 -15.365854
1365404 23 0.000000 0.000000 0.000000 1.951220 -4.695122 -14.756098
1365409 23 0.000000 0.000000 0.000000 -0.487805 -5.548780 -13.780488
1365414 23 0.000000 0.000000 0.000000 -2.560976 -5.914634 -12.743903
1365419 23 0.000000 0.000000 0.000000 -2.804878 -4.634146 -11.280488
1365424 23 0.000000 0.000000 0.000000 -3.475610 -3.658537 -10.853659
1365429 23 0.000000 0.000000 0.000000 -4.817073 -2.804878 -11.280488
1365434 23 0.000000 0.000000 0.000000 -4.268293 -3.475610 -10.243902
1365439 23 0.000000 0.000000 0.000000 -3.902439 -3.170732 -8.414635
1365444 23 0.000000 0.000000 0.000000 -5.000000 -2.500000 -8.231708
1365449 23 0.000000 0.000000 0.000000 -3.353659 -2.378049 -7.682927
1365454 23 0.000000 0.000000 0.000000 -2.073171 -2.256098 -6.524390
1365459 23 0.000000 0.000000 0.000000 -2.926829 -2.317073 -6.219512
1365464 23 0.000000 0.000000 0.000000 -0.853659 -3.170732 -5.670732
1365469 23 0.000000 0.000000 0.000000 1.036585 -3.292683 -4.817073
1365474 23 0.000000 0.000000 0.000000 0.121951 -1.951220 -4.451220
1365479 23 0.000000 0.000000 0.000000 2.500000 -3.048780 -4.634146
1365484 23 0.000000 0.000000 0.000000 4.756098 -4.024390 -4.817073
1365489 23 0.000000 0.000000 0.000000 3.780488 -3.353659 -5.243903
1365494 23 0.000000 0.000000 0.000000 2.926829 -2.134146 -5.609756
1365499 23 0.000000 0.000000 0.000000 2.195122 -1.219512 -5.426829
1365504 23 0.000000 0.000000 0.000000 -0.975610 -1.402439 -4.451220
1365509 23 0.000000 0.000000 0.000000 -2.500000 -0.670732 -3.597561
1365514 23 0.000000 0.000000 0.000000 -3.719512 -0.609756 -3.048780
1365519 23 0.000000 0.000000 0.000000 -5.792683 0.060976 -3.231707
1365524 23 0.000000 0.000000 0.000000 -7.195122 0.548781 -3.475610
1365529 23 0.000000 0.000000 0.000000 -7.256098 -0.365854 -3.292683
1365534 23 0.000000 0.000000 0.000000 -6.097561 -0.975610 -4.024390
1365539 23 0.000000 0.000000 0.000000 -6.768293 -0.243902 -4.390244
1365544 23 0.000000 0.000000 0.000000 -7.682927 1.158537 -4.878049
1365549 23 0.000000 0.000000 0.000000 -6.036585 1.036585 -5.426829
1365554 23 0.000000 0.000000 0.000000 -4.268293 0.487805 -5.426829
1365559 23 0.000000 0.000000 0.000000 -3.841464 0.426829 -5.609756
1365564 23 0.000000 0.000000 0.000000 -3.231707 0.914634 -5.060976
1365569 23 0.000000 0.000000 0.000000 -1.585366 1.402439 -4.817073
1365574 23 0.000000 0.000000 0.000000 0.609756 1.036585 -4.878049
1365579 23 0.000000 0.000000 0.000000 2.439024 1.707317 -4.817073
1365584 23 0.000000 0.000000 0.000000 3.109756 2.134146 -5.243903
1365589 23 0.000000 0.000000 0.000000 2.865854 1.890244 -6.219512
1365594 23 0.000000 0.000000 0.000000 1.829268 1.402439 -6.951220
1365599 23 0.000000 0.000000 0.000000 0.182927 -0.853659 -7.317073
1365604 23 0.000000 0.000000 0.000000 0.000000 -2.439024 -7.682927
1365609 23 0.000000 0.000000 0.000000 0.182927 -2.743902 -7.987805
1365614 23 0.000000 0.000000 0.000000 -0.121951 -3.414634 -8.170732
1365619 23 0.000000 0.000000 0.000000 0.731707 -3.902439 -7.987805
1365624 23 0.000000 0.000000 0.000000 0.182927 -5.060976 -8.292683
1365629 23 0.000000 0.000000 0.000000 0.487805 -4.939024 -9.268292
1365634 23 0.000000 0.000000 0.000000 1.341463 -4.390244 -9.268292
1365639 23 0.000000 0.000000 0.000000 0.365854 -4.024390 -8.414635
1365644 23 0.000000 0.000000 0.000000 0.365854 -3.597561 -6.768293
1365649 23 0.000000 0.000000 0.000000 4.024390 -4.329268 -4.207317
1365654 23 0.000000 0.000000 0.000000 5.304878 -5.182927 -3.292683
1365659 23 0.000000 0.000000 0.000000 2.378049 -5.426829 -2.134146
1365664 23 0.000000 0.000000 0.000000 1.097561 -5.853659 0.121951
1365669 23 0.000000 0.000000 0.000000 -0.548781 -6.097561 1.707317
1365674 23 0.000000 0.000000 0.000000 -2.256098 -5.365854 3.170732
1365679 23 0.000000 0.000000 0.000000 -4.146341 -3.963415 4.634146
1365684 23 0.000000 0.000000 0.000000 -5.731708 -4.390244 5.609756
1365689 23 0.000000 0.000000 0.000000 -6.890244 -7.317073 5.548780
1365694 23 0.000000 0.000000 0.000000 -5.914634 -9.573171 5.792683
1365699 23 0.000000 0.000000 0.000000 -5.243903 -10.670732 6.097561
1365704 23 0.000000 0.000000 0.000000 -6.097561 -9.329268 6.585366
1365709 23 0.000000 0.000000 0.000000 -8.170732 -7.195122 7.439024
1365714 23 0.000000 0.000000 0.000000 -7.804878 -5.731708 8.414635
1365719 23 0.000000 0.000000 0.000000 -5.731708 -5.304878 9.329268
1365724 23 0.000000 0.000000 0.000000 -3.841464 -4.939024 10.000000
1365729 23 0.000000 0.000000 0.000000 -1.829268 -4.207317 10.304878
1365734 23 0.000000 0.000000 0.000000 -0.304878 -2.743902 10.792684
1365739 23 0.000000 0.000000 0.000000 0.365854 -1.707317 11.158537
1365744 23 0.000000 0.000000 0.000000 0.609756 -0.914634 11.951220
1365749 23 0.000000 0.000000 0.000000 0.000000 0.060976 13.170732
1365754 23 0.000000 0.000000 0.000000 -1.219512 0.000000 13.292684
1365759 23 0.000000 0.000000 0.000000 -1.341463 -1.280488 13.780488
1365764 23 0.000000 0.000000 0.000000 0.000000 -3.048780 13.963415
1365769 23 0.000000 0.000000 0.000000 0.182927 -3.353659 13.658537
1365774 23 0.000000 0.000000 0.000000 -2.865854 -2.500000 12.682927
1365779 23 0.000000 0.000000 0.000000 -5.548780 -1.768293 10.487805
1365784 23 0.000000 0.000000 0.000000 -5.304878 -0.060976 8.902439
1365789 23 0.000000 0.000000 0.000000 -4.817073 0.914634 7.195122
1365794 23 0.000000 0.000000 0.000000 -4.756098 1.524390 5.914634
1365799 23 0.000000 0.000000 0.000000 -4.451220 2.560976 5.000000
1365804 23 0.000000 0.000000 0.000000 -3.048780 3.658537 5.670732
1365809 23 0.000000 0.000000 0.000000 -1.524390 3.841464 6.951220
1365814 23 0.000000 0.000000 0.000000 -0.121951 2.926829 6.890244
1365819 23 0.000000 0.000000 0.000000 1.463415 2.317073 7.439024
1365824 23 0.000000 0.000000 0.000000 2.682927 2.500000 7.682927
1365829 23 0.000000 0.000000 0.000000 3.414634 3.109756 7.804878
1365834 23 0.000000 0.000000 0.000000 3.414634 4.390244 6.158537
1365839 23 0.000000 0.000000 0.000000 3.292683 5.609756 2.926829
1365844 23 0.000000 0.000000 0.000000 2.378049 5.487805 0.731707
1365849 23 0.000000 0.000000 0.000000 1.768293 4.939024 -1.280488
1365854 23 0.000000 0.000000 0.000000 1.402439 5.121951 -2.012195
1365859 23 0.000000 0.000000 0.000000 0.426829 4.451220 -2.804878
1365864 23 0.000000 0.000000 0.000000 -0.731707 3.414634 -3.841464
1365869 23 0.000000 0.000000 0.000000 -1.524390 3.658537 -4.878049
1365874 23 0.000000 0.000000 0.000000 -3.536585 4.756098 -5.548780
1365879 23 0.000000 0.000000 0.000000 -5.182927 5.975610 -6.646342
1365884 23 0.000000 0.000000 0.000000 -5.487805 7.073171 -7.743903
1365889 23 0.000000 0.000000 0.000000 -4.817073 7.195122 -8.414635
1365894 23 0.000000 0.000000 0.000000 -3.658537 6.524390 -9.024390
1365899 23 0.000000 0.000000 0.000000 -3.353659 5.426829 -9.390244
1365904 23 0.000000 0.000000 0.000000 -3.597561 5.487805 -10.487805
1365909 23 0.000000 0.000000 0.000000 -4.085366 6.646342 -10.914635
1365914 23 0.000000 0.000000 0.000000 -4.085366 7.195122 -11.219512
1365919 23 0.000000 0.000000 0.000000 -2.317073 6.341464 -11.829268
1365924 23 0.000000 0.000000 0.000000 -1.646341 5.487805 -11.951220
1365929 23 0.000000 0.000000 0.000000 -1.585366 4.634146 -12.865854
1365934 23 0.000000 0.000000 0.000000 0.304878 3.414634 -11.768293
1365939 23 0.000000 0.000000 0.000000 0.548781 3.231707 -11.219512
1365944 23 0.000000 0.000000 0.000000 0.000000 4.085366 -11.707317
1365949 23 0.000000 0.000000 0.000000 1.158537 4.878049 -11.280488
1365954 23 0.000000 0.000000 0.000000 2.012195 4.756098 -11.585366
1365959 23 0.000000 0.000000 0.000000 1.280488 3.536585 -13.109756
1365964 23 0.000000 0.000000 0.000000 1.524390 2.256098 -12.439025
1365969 23 0.000000 0.000000 0.000000 1.280488 -0.304878 -11.707317
1365974 23 0.000000 0.000000 0.000000 1.463415 -2.073171 -11.402439
1365979 23 0.000000 0.000000 0.000000 0.243902 -0.914634 -10.243902
1365984 23 0.000000 0.000000 0.000000 -2.560976 -0.121951 -10.060976
1365989 23 0.000000 0.000000 0.000000 -3.658537 -0.670732 -11.036586
1365994 23 0.000000 0.000000 0.000000 -4.146341 -1.524390 -11.036586
1365999 23 0.000000 0.000000 0.000000 -4.085366 -1.036585 -11.524390
1366004 23 0.000000 0.000000 0.000000 -3.048780 0.000000 -12.256098
1366009 23 0.000000 0.000000 0.000000 -1.890244 0.121951 -12.195122
1366014 23 0.000000 0.000000 0.000000 -2.317073 1.707317 -11.829268
1366019 23 0.000000 0.000000 0.000000 -2.804878 3.658537 -11.402439
1366024 23 0.000000 0.000000 0.000000 -1.768293 2.743902 -10.548780
1366029 23 0.000000 0.000000 0.000000 -2.317073 2.439024 -8.841464
1366034 23 0.000000 0.000000 0.000000 -3.597561 2.621951 -7.378049
1366039 23 0.000000 0.000000 0.000000 -4.024390 0.365854 -6.341464
1366044 23 0.000000 0.000000 0.000000 -3.048780 -2.012195 -5.548780
1366049 23 0.000000 0.000000 0.000000 -1.463415 -2.621951 -5.365854
1366054 23 0.000000 0.000000 0.000000 0.304878 -3.719512 -6.036585
1366059 23 0.000000 0.000000 0.000000 0.548781 -4.878049 -7.195122
1366064 23 0.000000 0.000000 0.000000 1.219512 -4.756098 -7.256098
1366069 23 0.000000 0.000000 0.000000 2.134146 -4.390244 -7.621952
1366074 23 0.000000 0.000000 0.000000 3.719512 -3.048780 -7.865854
1366079 23 0.000000 0.000000 0.000000 4.878049 -1.036585 -6.768293
1366084 23 0.000000 0.000000 0.000000 4.329268 -0.670732 -6.036585
1366089 23 0.000000 0.000000 0.000000 3.780488 -1.219512 -6.402439
1366094 23 0.000000 0.000000 0.000000 4.695122 -1.646341 -5.792683
1366099 23 0.000000 0.000000 0.000000 4.024390 -2.012195 -4.939024
1366104 23 0.000000 0.000000 0.000000 2.073171 -0.853659 -3.475610
1366109 23 0.000000 0.000000 0.000000 0.792683 -1.097561 -1.524390
1366114 23 0.000000 0.000000 0.000000 0.121951 -3.109756 -1.036585
1366119 23 0.000000 0.000000 0.000000 -0.304878 -4.329268 -1.524390
1366124 23 0.000000 0.000000 0.000000 -2.134146 -4.634146 -1.585366
1366129 23 0.000000 0.000000 0.000000 -4.085366 -6.036585 -2.500000
1366134 23 0.000000 0.000000 0.000000 -4.268293 -8.109756 -3.475610
1366139 23 0.000000 0.000000 0.000000 -4.268293 -8.597561 -4.695122
1366144 23 0.000000 0.000000 0.000000 -3.780488 -8.231708 -5.792683
1366149 23 0.000000 0.000000 0.000000 -3.048780 -7.256098 -5.121951
1366154 23 0.000000 0.000000 0.000000 -2.865854 -5.609756 -4.024390
1366159 23 0.000000 0.000000 0.000000 -2.012195 -3.963415 -2.439024
1366164 23 0.000000 0.000000 0.000000 -1.402439 -2.439024 -1.524390
1366169 23 0.000000 0.000000 0.000000 -1.158537 -2.134146 -1.951220
1366174 23 0.000000 0.000000 0.000000 0.000000 -1.707317 -1.524390
1366179 23 0.000000 0.000000 0.000000 1.463415 -0.182927 -0.121951
1366184 23 0.000000 0.000000 0.000000 1.158537 0.000000 0.792683
1366189 23 0.000000 0.000000 0.000000 1.097561 0.670732 1.707317
1366194 23 0.000000 0.000000 0.000000 0.121951 0.121951 2.195122
1366199 23 0.000000 0.000000 0.000000 -0.914634 -1.280488 2.317073
1366204 23 0.000000 0.000000 0.000000 -1.280488 -2.439024 2.378049
1366209 23 0.000000 0.000000 0.000000 -1.646341 -4.024390 2.500000
1366214 23 0.000000 0.000000 0.000000 -0.914634 -4.939024 2.012195
1366219 23 0.000000 0.000000 0.000000 1.158537 -3.658537 1.158537
1366224 23 0.000000 0.000000 0.000000 0.487805 -1.951220 0.060976
1366229 23 0.000000 0.000000 0.000000 -3.536585 -1.341463 -0.487805
1366234 23 0.000000 0.000000 0.000000 -5.243903 -0.243902 -1.158537
1366239 23 0.000000 0.000000 0.000000 -4.207317 0.731707 -2.195122
1366244 23 0.000000 0.000000 0.000000 -3.475610 1.524390 -2.987805
1366249 23 0.000000 0.000000 0.000000 -3.414634 1.463415 -3.109756
1366254 23 0.000000 0.000000 0.000000 -3.231707 0.914634 -2.256098
1366259 23 0.000000 0.000000 0.000000 -3.780488 0.060976 -0.792683
1366264 23 0.000000 0.000000 0.000000 -3.963415 -0.853659 0.487805
1366269 23 0.000000 0.000000 0.000000 -2.804878 -1.829268 1.463415
1366274 23 0.000000 0.000000 0.000000 -1.158537 -3.109756 2.073171
1366279 23 0.000000 0.000000 0.000000 0.670732 -4.329268 2.195122
1366284 23 0.000000 0.000000 0.000000 1.280488 -4.695122 2.195122
1366289 23 0.000000 0.000000 0.000000 0.853659 -4.207317 1.768293
1366294 23 0.000000 0.000000 0.000000 0.121951 -1.890244 0.914634
1366299 23 0.000000 0.000000 0.000000 -0.914634 0.792683 0.060976
1366304 23 0.000000 0.000000 0.000000 -0.609756 3.292683 -1.036585
1366309 23 0.000000 0.000000 0.000000 -1.158537 5.365854 -1.951220
1366314 23 0.000000 0.000000 0.000000 -1.829268 5.670732 -2.439024
1366319 23 0.000000 0.000000 0.000000 -1.280488 4.085366 -2.500000
1366324 23 0.000000 0.000000 0.000000 -1.707317 2.682927 -1.890244
1366329 23 0.000000 0.000000 0.000000 -2.621951 1.524390 -0.731707
1366334 23 0.000000 0.000000 0.000000 -3.231707 0.670732 -0.182927
1366339 23 0.000000 0.000000 0.000000 -2.500000 -0.914634 -0.853659
1366344 23 0.000000 0.000000 0.000000 -1.585366 -3.109756 -2.134146
1366349 23 0.000000 0.000000 0.000000 -1.402439 -4.329268 -2.743902
1366354 23 0.000000 0.000000 0.000000 -1.341463 -4.329268 -3.109756
1366359 23 0.000000 0.000000 0.000000 -0.182927 -2.865854 -3.536585
1366364 23 0.000000 0.000000 0.000000 0.792683 -1.585366 -4.146341
1366369 23 0.000000 0.000000 0.000000 1.524390 -0.487805 -4.268293
1366374 23 0.000000 0.000000 0.000000 3.658537 1.036585 -3.902439
1366379 23 0.000000 0.000000 0.000000 4.573171 1.890244 -3.414634
1366384 23 0.000000 0.000000 0.000000 3.841464 2.256098 -2.500000
1366389 23 0.000000 0.000000 0.000000 1.524390 2.682927 -1.158537
1366394 23 0.000000 0.000000 0.000000 0.243902 3.231707 0.304878
1366399 23 0.000000 0.000000 0.000000 0.304878 3.170732 1.890244
1366404 23 0.000000 0.000000 0.000000 -0.487805 2.682927 2.865854
1366409 23 0.000000 0.000000 0.000000 -1.219512 2.682927 3.109756
1366414 23 0.000000 0.000000 0.000000 -2.439024 2.439024 2.743902
1366419 23 0.000000 0.000000 0.000000 -4.451220 1.707317 1.219512
1366424 23 0.000000 0.000000 0.000000 -5.487805 1.829268 0.487805
1366429 23 0.000000 0.000000 0.000000 -5.975610 2.439024 0.304878
1366434 23 0.000000 0.000000 0.000000 -6.768293 2.256098 -0.731707
1366439 23 0.000000 0.000000 0.000000 -6.890244 2.195122 -0.792683
1366444 23 0.000000 0.000000 0.000000 -6.829268 2.500000 -0.487805
1366449 23 0.000000 0.000000 0.000000 -5.975610 3.597561 -0.060976
1366454 23 0.000000 0.000000 0.000000 -5.243903 3.780488 0.975610
1366459 23 0.000000 0.000000 0.000000 -4.329268 2.439024 1.463415
1366464 23 0.000000 0.000000 0.000000 -0.914634 1.707317 1.890244
1366469 23 0.000000 0.000000 0.000000 1.890244 0.975610 2.134146
1366474 23 0.000000 0.000000 0.000000 4.390244 0.670732 2.256098
1366479 23 0.000000 0.000000 0.000000 6.768293 0.060976 2.865854
1366484 23 0.000000 0.000000 0.000000 8.292683 -0.060976 2.317073
1366489 23 0.000000 0.000000 0.000000 9.024390 1.707317 2.317073
1366494 23 0.000000 0.000000 0.000000 7.682927 2.865854 3.719512
1366499 23 0.000000 0.000000 0.000000 6.219512 4.573171 4.390244
1366504 23 0.000000 0.000000 0.000000 4.573171 5.304878 4.207317
1366509 23 0.000000 0.000000 0.000000 1.890244 4.085366 3.658537
1366514 23 0.000000 0.000000 0.000000 -0.609756 2.804878 4.146341
1366519 23 0.000000 0.000000 0.000000 -2.012195 1.890244 4.939024
1366524 23 0.000000 0.000000 0.000000 -2.804878 0.487805 5.000000
1366529 23 0.000000 0.000000 0.000000 -4.207317 -0.914634 4.329268
1366534 23 0.000000 0.000000 0.000000 -5.914634 -2.560976 3.841464
1366539 23 0.000000 0.000000 0.000000 -7.500000 -3.902439 3.475610
1366544 23 0.000000 0.000000 0.000000 -7.256098 -4.695122 3.597561
1366549 23 0.000000 0.000000 0.000000 -6.097561 -4.817073 4.512195
1366554 23 0.000000 0.000000 0.000000 -5.121951 -4.024390 4.207317
1366559 23 0.000000 0.000000 0.000000 -3.780488 -3.414634 4.634146
1366564 23 0.000000 0.000000 0.000000 -2.134146 -3.292683 5.243903
1366569 23 0.000000 0.000000 0.000000 0.609756 -2.195122 5.487805
1366574 23 0.000000 10.000000 0.000000 2.195122 -0.792683 5.792683
1366579 23 0.000000 10.000000 0.000000 2.073171 0.975610 5.670732
1366584 23 0.000000 10.000000 0.000000 1.829268 2.073171 5.853659
1366589 23 0.000000 10.000000 0.000000 0.792683 3.109756 6.280488
1366594 23 0.000000 10.000000 0.000000 0.121951 5.243903 6.585366
1366599 23 0.000000 10.000000 0.000000 -1.463415 7.012195 6.646342
1366604 23 0.000000 10.000000 0.000000 -4.146341 7.439024 7.073171
1366609 23 0.000000 10.000000 0.000000 -5.792683 7.195122 7.865854
1366614 23 0.000000 10.000000 0.000000 -6.890244 5.243903 8.780488
1366619 23 0.000000 10.000000 0.000000 -7.073171 4.085366 9.512196
1366624 23 0.000000 10.000000 0.000000 -8.048780 3.170732 9.146341
1366629 23 0.000000 10.000000 0.000000 -8.963415 1.341463 7.865854
1366634 23 0.000000 10.000000 0.000000 -8.353659 0.182927 6.341464
1366639 23 0.000000 10.000000 0.000000 -7.134147 0.487805 4.390244
1366644 23 0.000000 10.000000 0.000000 -5.853659 1.402439 2.804878
1366649 23 0.000000 10.000000 0.000000 -5.426829 2.743902 1.707317
1366654 23 0.000000 10.000000 0.000000 -3.902439 3.170732 0.914634
1366659 23 0.000000 10.000000 0.000000 -1.097561 3.414634 1.646341
1366664 23 0.000000 10.000000 0.000000 0.548781 4.573171 2.804878
1366669 23 0.000000 20.000000 0.000000 0.609756 6.341464 2.926829
1366674 23 0.000000 20.000000 0.000000 1.341463 8.475610 4.329268
1366679 23 0.000000 20.000000 0.000000 1.707317 9.634147 5.060976
1366684 23 0.000000 20.000000 0.000000 1.402439 10.548780 4.390244
1366689 23 0.000000 20.000000 0.000000 1.585366 11.158537 4.512195
1366694 23 0.000000 20.000000 0.000000 3.536585 10.975610 3.475610
1366699 23 0.000000 30.000000 0.000000 6.280488 11.463415 2.195122
1366704 23 0.000000 30.000000 0.000000 5.304878 12.926829 0.609756
1366709 23 0.000000 30.000000 0.000000 2.134146 13.780488 -0.243902
1366714 23 0.000000 30.000000 0.000000 0.121951 14.939025 -1.097561
1366719 23 0.000000 30.000000 0.000000 -1.219512 14.512196 -2.134146
1366724 23 0.000000 30.000000 0.000000 -2.073171 14.024390 -2.743902
1366729 23 0.000000 30.000000 0.000000 -2.743902 14.390244 -2.987805
1366734 23 0.000000 30.000000 0.000000 -2.804878 14.329268 -3.109756
1366739 23 0.000000 30.000000 0.000000 -2.500000 13.048780 -3.719512
1366744 23 0.000000 30.000000 0.000000 -2.682927 12.865854 -4.268293
1366749 23 0.000000 30.000000 0.000000 -2.804878 12.195122 -5.182927
1366754 23 0.000000 40.000000 0.000000 -2.500000 11.097561 -5.304878
1366759 23 0.000000 40.000000 0.000000 -2.317073 11.341464 -4.268293
1366764 23 0.000000 40.000000 0.000000 -3.109756 11.097561 -4.695122
1366769 23 0.000000 40.000000 0.000000 -3.719512 11.951220 -4.939024
1366774 23 0.000000 50.000000 0.000000 -3.719512 15.487805 -3.353659
1366779 23 0.000000 50.000000 0.000000 -3.414634 17.682928 -2.682927
1366784 23 0.000000 50.000000 0.000000 -2.073171 18.292683 -4.512195
1366789 23 0.000000 50.000000 0.000000 -0.609756 21.646341 -4.634146
1366794 23 0.000000 60.000000 0.000000 0.182927 25.426830 -3.109756
1366799 23 0.000000 60.000000 0.000000 -0.304878 27.378050 -4.024390
1366804 23 0.000000 60.000000 0.000000 -0.487805 30.975611 -4.695122
1366809 23 0.000000 60.000000 0.000000 -1.097561 34.878048 -4.207317
1366814 23 0.000000 60.000000 0.000000 -1.036585 37.621952 -4.024390
1366819 23 0.000000 60.000000 0.000000 0.121951 39.512196 -4.451220
1366824 23 0.000000 60.000000 0.000000 2.987805 40.609756 -3.780488
1366829 23 0.000000 70.000000 0.000000 4.207317 38.414635 -2.743902
1366834 23 0.000000 70.000000 0.000000 3.963415 33.658539 -3.048780
1366839 23 0.000000 70.000000 0.000000 5.609756 30.731709 -2.317073
1366844 23 0.000000 70.000000 0.000000 6.646342 28.658537 -1.158537
1366849 23 0.000000 70.000000 0.000000 4.634146 27.560976 -0.731707
1366854 23 0.000000 70.000000 0.000000 3.536585 25.487806 -0.914634
1366859 23 0.000000 80.000000 0.000000 3.048780 25.609756 -0.609756
1366864 23 0.000000 80.000000 0.000000 0.853659 26.097561 -0.609756
1366869 23 0.000000 80.000000 0.000000 -1.219512 25.853659 -2.621951
1366874 23 0.000000 80.000000 0.000000 -2.195122 26.890245 -3.414634
1366879 23 0.000000 80.000000 0.000000 -2.560976 29.939026 -1.463415
1366884 23 0.000000 80.000000 0.000000 -2.926829 32.317074 -0.792683
1366889 23 0.000000 80.000000 0.000000 -4.268293 35.060978 -1.463415
1366894 23 0.000000 80.000000 0.000000 -3.719512 39.573174 -1.341463
1366899 23 0.000000 80.000000 0.000000 -2.012195 42.256100 -0.548781
1366904 23 0.000000 80.000000 0.000000 -0.914634 43.353661 -0.609756
1366909 23 0.000000 80.000000 0.000000 -0.548781 43.841465 -1.402439
1366914 23 0.000000 80.000000 0.000000 0.792683 43.048782 -1.097561
1366919 23 0.000000 80.000000 0.000000 2.134146 41.951221 0.487805
1366924 23 0.000000 90.000000 0.000000 2.560976 40.609756 2.804878
1366929 23 0.000000 90.000000 0.000000 1.646341 36.219513 3.170732
1366934 23 0.000000 90.000000 0.000000 1.097561 31.158537 3.109756
1366939 23 0.000000 90.000000 0.000000 1.463415 29.634148 3.231707
1366944 23 0.000000 90.000000 0.000000 2.073171 28.841465 3.963415
1366949 23 0.000000 90.000000 0.000000 1.280488 27.682928 5.000000
1366954 23 0.000000 90.000000 0.000000 1.036585 28.658537 4.573171
1366959 23 0.000000 90.000000 0.000000 1.707317 30.792685 4.695122
1366964 23 0.000000 90.000000 0.000000 1.036585 32.743904 5.121951
1366969 23 0.000000 90.000000 0.000000 0.792683 36.219513 6.036585
1366974 23 0.000000 90.000000 0.000000 0.000000 38.414635 5.792683
1366979 23 0.000000 90.000000 0.000000 -2.621951 39.512196 4.085366
1366984 23 0.000000 90.000000 0.000000 -4.207317 42.317074 5.121951
1366989 23 0.000000 90.000000 0.000000 -5.121951 42.560978 6.036585
1366994 23 0.000000 90.000000 0.000000 -6.524390 41.341465 7.012195
1366999 23 0.000000 90.000000 0.000000 -8.048780 38.902439 7.256098
1367004 23 0.000000 90.000000 0.000000 -9.329268 36.768295 8.780488
1367009 23 0.000000 90.000000 0.000000 -8.353659 35.975609 12.865854
1367014 23 0.000000 90.000000 0.000000 -6.341464 35.000000 15.914635
1367019 23 0.000000 90.000000 0.000000 -5.670732 32.134148 16.524391
1367024 23 0.000000 90.000000 0.000000 -4.146341 29.085367 14.756098
1367029 23 0.000000 90.000000 0.000000 -2.256098 25.243902 12.621951
1367034 23 0.000000 80.000000 0.000000 -0.731707 23.353659 12.317074
1367039 23 0.000000 80.000000 0.000000 -0.670732 23.414635 13.902439
1367044 23 0.000000 80.000000 0.000000 0.000000 23.353659 14.329268
1367049 23 0.000000 80.000000 0.000000 2.378049 24.207317 14.268293
1367054 23 0.000000 80.000000 0.000000 2.743902 23.658537 13.780488
1367059 23 0.000000 80.000000 0.000000 2.012195 25.243902 14.024390
1367064 23 0.000000 80.000000 0.000000 1.951220 25.914635 14.451220
1367069 23 0.000000 80.000000 0.000000 0.975610 24.695122 13.231708
1367074 23 0.000000 80.000000 0.000000 0.792683 25.243902 12.439025
1367079 23 0.000000 80.000000 0.000000 2.195122 25.548780 13.475610
1367084 23 0.000000 80.000000 0.000000 1.036585 26.219513 14.085366
1367089 23 0.000000 80.000000 0.000000 -2.804878 25.975611 12.378049
1367094 23 0.000000 80.000000 0.000000 -6.402439 25.548780 11.829268
1367099 23 0.000000 80.000000 0.000000 -8.048780 26.158537 13.475610
1367104 23 0.000000 80.000000 0.000000 -9.085366 25.609756 14.085366
1367109 23 0.000000 80.000000 0.000000 -11.097561 23.841463 12.743903
1367114 23 0.000000 80.000000 0.000000 -9.268292 21.219513 12.439025
1367119 23 0.000000 80.000000 0.000000 -5.426829 20.609756 14.390244
1367124 23 0.000000 80.000000 0.000000 -3.963415 19.268293 14.390244
1367129 23 0.000000 80.000000 0.000000 -4.756098 17.865854 11.524390
1367134 23 0.000000 80.000000 0.000000 -3.292683 16.524391 8.292683
1367139 23 0.000000 80.000000 0.000000 -0.853659 16.707317 7.439024
1367144 23 0.000000 80.000000 0.000000 0.731707 17.560976 7.987805
1367149 23 0.000000 70.000000 0.000000 0.426829 18.475611 7.439024
1367154 23 0.000000 70.000000 0.000000 0.000000 19.451220 7.987805
1367159 23 0.000000 70.000000 0.000000 0.365854 20.243902 10.182927
1367164 23 0.000000 70.000000 0.000000 0.365854 20.853659 12.195122
1367169 23 0.000000 70.000000 0.000000 -1.219512 19.329269 11.341464
1367174 23 0.000000 70.000000 0.000000 -1.890244 16.402439 8.841464
1367179 23 0.000000 60.000000 0.000000 -0.731707 15.853659 7.865854
1367184 23 0.000000 60.000000 0.000000 -0.670732 15.121951 8.536586
1367189 23 0.000000 60.000000 0.000000 -1.036585 11.585366 8.841464
1367194 23 0.000000 60.000000 0.000000 -1.585366 7.012195 7.804878
1367199 23 0.000000 60.000000 0.000000 -2.134146 3.597561 6.585366
1367204 23 0.000000 50.000000 0.000000 -2.256098 1.524390 6.768293
1367209 23 0.000000 50.000000 0.000000 -4.512195 -0.121951 5.000000
1367214 23 0.000000 50.000000 0.000000 -4.268293 -1.097561 3.353659
1367219 23 0.000000 50.000000 0.000000 -2.500000 -2.804878 2.560976
1367224 23 0.000000 50.000000 0.000000 -1.341463 -3.414634 2.743902
1367229 23 0.000000 40.000000 0.000000 -0.914634 -1.829268 3.597561
1367234 23 0.000000 40.000000 0.000000 -0.731707 -1.341463 0.548781
1367239 23 0.000000 40.000000 0.000000 0.487805 -0.365854 -1.097561
1367244 23 0.000000 40.000000 0.000000 1.646341 -0.731707 -1.097561
1367249 23 0.000000 30.000000 0.000000 1.646341 -0.670732 0.060976
1367254 23 0.000000 30.000000 0.000000 0.975610 -1.585366 0.548781
1367259 23 0.000000 30.000000 0.000000 0.243902 -4.329268 -0.243902
1367264 23 0.000000 30.000000 0.000000 0.121951 -6.646342 -0.243902
1367269 23 0.000000 30.000000 0.000000 0.121951 -10.121951 0.121951
1367274 23 0.000000 30.000000 0.000000 -0.670732 -14.146341 0.000000
1367279 23 0.000000 20.000000 0.000000 -0.853659 -20.060976 -1.097561
1367284 23 0.000000 20.000000 0.000000 0.000000 -23.780489 -1.524390
1367289 23 0.000000 20.000000 0.000000 0.121951 -24.573172 -1.280488
1367294 23 0.000000 20.000000 0.000000 -0.853659 -27.560976 -3.292683
1367299 23 0.000000 20.000000 0.000000 -1.402439 -29.085367 -5.000000
1367304 23 0.000000 20.000000 0.000000 -1.829268 -27.256098 -5.914634
1367309 23 0.000000 20.000000 0.000000 -2.378049 -24.573172 -5.548780
1367314 23 0.000000 20.000000 0.000000 -2.439024 -23.048780 -5.670732
1367319 23 0.000000 10.000000 0.000000 -2.682927 -21.280489 -6.768293
1367324 23 0.000000 10.000000 0.000000 -3.170732 -18.414635 -4.817073
1367329 23 0.000000 10.000000 0.000000 -2.195122 -18.414635 -4.207317
1367334 23 0.000000 10.000000 0.000000 -0.731707 -19.573172 -4.207317
1367339 23 0.000000 10.000000 0.000000 -0.609756 -20.975611 -4.817073
1367344 23 0.000000 10.000000 0.000000 -0.548781 -23.048780 -4.268293
1367349 23 0.000000 10.000000 0.000000 1.646341 -25.487806 -2.012195
1367354 23 0.000000 10.000000 0.000000 3.719512 -25.609756 1.890244
1367359 23 0.000000 10.000000 0.000000 2.682927 -26.463415 2.195122
1367364 23 0.000000 10.000000 0.000000 -0.304878 -30.548780 -3.048780
1367369 23 0.000000 10.000000 0.000000 -0.121951 -32.743904 -5.243903
1367374 23 0.000000 10.000000 0.000000 0.853659 -33.292683 -5.365854
1367379 23 0.000000 10.000000 0.000000 -0.487805 -35.060978 -6.219512
1367384 23 0.000000 10.000000 0.000000 -1.829268 -34.756100 -6.768293
1367389 23 0.000000 10.000000 0.000000 -1.341463 -33.658539 -7.378049
1367394 23 0.000000 10.000000 0.000000 0.670732 -30.853659 -6.524390
1367399 23 0.000000 10.000000 0.000000 0.487805 -28.292683 -6.097561
1367404 23 0.000000 10.000000 0.000000 -1.158537 -25.121952 -6.585366
1367409 23 0.000000 10.000000 0.000000 -0.487805 -22.012196 -7.256098
1367414 23 0.000000 10.000000 0.000000 0.243902 -21.280489 -7.682927
1367419 23 0.000000 10.000000 0.000000 1.585366 -21.036587 -6.463415
1367424 23 0.000000 10.000000 0.000000 2.073171 -21.219513 -6.890244
1367429 23 0.000000 10.000000 0.000000 1.402439 -21.890244 -9.268292
1367434 23 0.000000 10.000000 0.000000 1.280488 -23.902439 -9.817074
1367439 23 0.000000 10.000000 0.000000 2.012195 -25.670732 -8.109756
1367444 23 0.000000 10.000000 0.000000 1.097561 -27.743902 -7.317073
1367449 23 0.000000 10.000000 0.000000 -0.548781 -30.304878 -9.451220
1367454 23 0.000000 10.000000 0.000000 -1.768293 -31.097561 -10.975610
1367459 23 0.000000 10.000000 0.000000 -1.341463 -30.121952 -10.243902
1367464 23 0.000000 10.000000 0.000000 -0.121951 -29.512196 -10.060976
1367469 23 0.000000 10.000000 0.000000 -0.792683 -29.451220 -11.829268
1367474 23 0.000000 10.000000 0.000000 -0.304878 -30.548780 -13.170732
1367479 23 0.000000 10.000000 0.000000 0.000000 -29.329269 -13.353659
1367484 23 0.000000 10.000000 0.000000 -0.548781 -25.792683 -12.500000
1367489 23 0.000000 0.000000 0.000000 -0.243902 -24.878050 -13.353659
1367494 23 0.000000 0.000000 0.000000 0.975610 -23.353659 -13.841464
1367499 23 0.000000 0.000000 0.000000 3.170732 -22.560976 -13.109756
1367504 23 0.000000 0.000000 0.000000 5.670732 -21.829269 -12.378049
1367509 23 0.000000 0.000000 0.000000 5.365854 -22.378050 -12.621951
1367514 23 0.000000 0.000000 0.000000 3.170732 -25.914635 -15.914635
1367519 23 0.000000 0.000000 0.000000 2.378049 -27.926830 -18.719513
1367524 23 0.000000 0.000000 0.000000 0.914634 -29.634148 -19.695122
1367529 23 0.000000 0.000000 0.000000 -0.792683 -32.256100 -18.658537
1367534 23 0.000000 0.000000 0.000000 -2.256098 -34.634148 -18.353659
1367539 23 0.000000 0.000000 0.000000 -4.451220 -36.036587 -19.573172
1367544 23 0.000000 0.000000 0.000000 -4.451220 -35.548782 -18.353659
1367549 23 0.000000 0.000000 0.000000 -2.804878 -33.963417 -16.768293
1367554 23 0.000000 0.000000 0.000000 -1.097561 -32.682926 -15.670732
1367559 23 0.000000 0.000000 0.000000 -1.402439 -32.682926 -16.097561
1367564 23 0.000000 0.000000 0.000000 -1.219512 -31.036587 -16.707317
1367569 23 0.000000 0.000000 0.000000 0.182927 -26.585367 -16.951220
1367574 23 0.000000 0.000000 0.000000 0.731707 -21.829269 -16.585365
1367579 23 0.000000 0.000000 0.000000 0.000000 -17.500000 -17.378050
1367584 23 0.000000 0.000000 0.000000 0.365854 -14.756098 -17.073172
1367589 23 0.000000 0.000000 0.000000 1.341463 -14.939025 -16.524391
1367594 23 0.000000 0.000000 0.000000 1.280488 -15.487805 -15.426829
1367599 23 0.000000 0.000000 0.000000 1.768293 -15.792684 -13.048780
1367604 23 0.000000 0.000000 0.000000 2.073171 -17.378050 -12.743903
1367609 23 0.000000 0.000000 0.000000 1.890244 -18.536585 -13.109756
1367614 23 0.000000 0.000000 0.000000 1.280488 -19.451220 -12.682927
1367619 23 0.000000 0.000000 0.000000 0.060976 -19.268293 -11.707317
1367624 23 0.000000 0.000000 0.000000 -1.890244 -19.207317 -11.890244
1367629 23 0.000000 0.000000 0.000000 -3.719512 -20.548780 -13.597561
1367634 23 0.000000 0.000000 0.000000 -3.902439 -20.182928 -14.390244
1367639 23 0.000000 0.000000 0.000000 -3.536585 -19.756098 -13.536586
1367644 23 0.000000 0.000000 0.000000 -2.743902 -21.036587 -13.841464
1367649 23 0.000000 0.000000 0.000000 -2.134146 -22.560976 -16.402439
1367654 23 0.000000 0.000000 0.000000 -1.829268 -22.012196 -16.890244
1367659 23 0.000000 0.000000 0.000000 -0.670732 -19.878050 -14.695123
1367664 23 0.000000 0.000000 0.000000 0.060976 -18.963415 -14.146341
1367669 23 0.000000 0.000000 0.000000 1.280488 -17.073172 -13.597561
1367674 23 0.000000 0.000000 0.000000 1.646341 -13.658537 -12.743903
1367679 23 0.000000 0.000000 0.000000 2.804878 -10.731708 -10.304878
1367684 23 0.000000 0.000000 0.000000 3.841464 -9.939025 -9.329268
1367689 23 0.000000 0.000000 0.000000 2.500000 -10.243902 -11.219512
1367694 23 0.000000 0.000000 0.000000 2.073171 -9.817074 -11.036586
1367699 23 0.000000 0.000000 0.000000 0.731707 -9.207317 -10.426829
1367704 23 0.000000 0.000000 0.000000 -0.792683 -8.414635 -9.451220
1367709 23 0.000000 0.000000 0.000000 -2.804878 -8.841464 -9.634147
1367714 23 0.000000 0.000000 0.000000 -3.719512 -9.146341 -9.878049
1367719 23 0.000000 0.000000 0.000000 -3.536585 -9.573171 -8.536586
1367724 23 0.000000 0.000000 0.000000 -4.207317 -9.573171 -9.085366
1367729 23 0.000000 0.000000 0.000000 -6.158537 -7.621952 -9.878049
1367734 23 0.000000 0.000000 0.000000 -6.768293 -6.707317 -10.914635
1367739 23 0.000000 0.000000 0.000000 -6.036585 -7.804878 -11.707317
1367744 23 0.000000 0.000000 0.000000 -5.121951 -8.231708 -11.585366
1367749 23 0.000000 0.000000 0.000000 -2.621951 -9.268292 -10.060976
1367754 23 0.000000 0.000000 0.000000 -1.707317 -10.000000 -9.451220
1367759 23 0.000000 0.000000 0.000000 -2.195122 -9.756098 -9.451220
1367764 23 0.000000 0.000000 0.000000 -1.280488 -9.024390 -9.817074
1367769 23 0.000000 0.000000 0.000000 0.487805 -7.500000 -8.902439
1367774 23 0.000000 0.000000 0.000000 1.951220 -5.487805 -8.414635
1367779 23 0.000000 0.000000 0.000000 2.256098 -3.170732 -9.634147
1367784 23 0.000000 0.000000 0.000000 2.682927 -0.609756 -10.060976
1367789 23 0.000000 0.000000 0.000000 4.573171 0.853659 -9.024390
1367794 23 0.000000 0.000000 0.000000 6.097561 0.243902 -8.780488
1367799 23 0.000000 0.000000 0.000000 6.280488 -0.121951 -8.719512
1367804 23 0.000000 0.000000 0.000000 5.609756 -1.402439 -7.987805
1367809 23 0.000000 0.000000 0.000000 4.146341 -4.573171 -8.231708
1367814 23 0.000000 0.000000 0.000000 1.768293 -6.097561 -7.926829
1367819 23 0.000000 0.000000 0.000000 -0.426829 -6.768293 -5.182927
1367824 23 0.000000 0.000000 0.000000 -2.987805 -8.536586 -2.743902
1367829 23 0.000000 0.000000 0.000000 -3.658537 -10.914635 -1.707317
1367834 23 0.000000 0.000000 0.000000 -3.414634 -14.085366 -1.768293
1367839 23 0.000000 0.000000 0.000000 -6.097561 -13.963415 -3.902439
1367844 23 0.000000 0.000000 0.000000 -7.987805 -12.500000 -4.756098
1367849 23 0.000000 0.000000 0.000000 -8.414635 -10.792684 -3.963415
1367854 23 0.000000 0.000000 0.000000 -8.963415 -8.902439 -5.365854
1367859 23 0.000000 0.000000 0.000000 -8.353659 -6.097561 -5.000000
1367864 23 0.000000 0.000000 0.000000 -6.036585 -4.146341 -4.024390
1367869 23 0.000000 0.000000 0.000000 -4.390244 -3.963415 -3.719512
1367874 23 0.000000 0.000000 0.000000 -2.073171 -3.231707 -2.073171
1367879 23 0.000000 0.000000 0.000000 1.036585 -2.256098 0.731707
1367884 23 0.000000 0.000000 0.000000 1.951220 -3.475610 2.804878
1367889 23 0.000000 0.000000 0.000000 3.536585 -3.658537 4.634146
1367894 23 0.000000 0.000000 0.000000 4.268293 -4.268293 6.158537
1367899 23 0.000000 0.000000 0.000000 4.390244 -6.036585 6.463415
1367904 23 0.000000 0.000000 0.000000 4.329268 -7.500000 6.036585
1367909 23 0.000000 0.000000 0.000000 2.560976 -7.500000 5.731708
1367914 23 0.000000 0.000000 0.000000 0.975610 -6.219512 4.573171
1367919 23 0.000000 0.000000 0.000000 -1.097561 -5.000000 4.146341
1367924 23 0.000000 0.000000 0.000000 -3.414634 -5.304878 5.853659
1367929 23 0.000000 0.000000 0.000000 -4.939024 -6.280488 5.731708
1367934 23 0.000000 0.000000 0.000000 -5.121951 -6.585366 3.841464
1367939 23 0.000000 0.000000 0.000000 -6.158537 -6.341464 3.475610
1367944 23 0.000000 0.000000 0.000000 -9.085366 -5.000000 4.268293
1367949 23 0.000000 0.000000 0.000000 -10.670732 -4.878049 5.121951
1367954 23 0.000000 0.000000 0.000000 -10.182927 -5.792683 4.939024
1367959 23 0.000000 0.000000 0.000000 -9.512196 -5.670732 4.390244
1367964 23 0.000000 0.000000 0.000000 -9.756098 -5.975610 3.902439
1367969 23 0.000000 0.000000 0.000000 -9.512196 -6.524390 3.475610
1367974 23 0.000000 0.000000 0.000000 -6.768293 -7.439024 3.475610
1367979 23 0.000000 0.000000 0.000000 -4.146341 -8.292683 2.378049
1367984 23 0.000000 0.000000 0.000000 -2.378049 -6.829268 2.012195
1367989 23 0.000000 0.000000 0.000000 -0.487805 -4.390244 2.743902
1367994 23 0.000000 0.000000 0.000000 1.768293 -3.353659 2.865854
1367999 23 0.000000 0.000000 0.000000 4.329268 -2.865854 2.987805
1368004 23 0.000000 0.000000 0.000000 5.914634 -3.719512 1.768293
1368009 23 0.000000 0.000000 0.000000 7.743903 -4.329268 1.707317
1368014 23 0.000000 0.000000 0.000000 8.048780 -4.268293 2.256098
1368019 23 0.000000 0.000000 0.000000 6.158537 -4.268293 1.768293
1368024 23 0.000000 0.000000 0.000000 3.902439 -4.329268 1.341463
1368029 23 0.000000 0.000000 0.000000 2.317073 -4.512195 1.097561
1368034 23 0.000000 0.000000 0.000000 1.463415 -4.512195 1.829268
1368039 23 0.000000 0.000000 0.000000 -0.426829 -4.573171 2.012195
1368044 23 0.000000 0.000000 0.000000 -2.317073 -4.024390 1.097561
1368049 23 0.000000 0.000000 0.000000 -2.073171 -3.841464 0.365854
1368054 23 0.000000 0.000000 0.000000 -3.170732 -3.719512 -0.914634
1368059 23 0.000000 0.000000 0.000000 -5.731708 -2.500000 -3.048780
1368064 23 0.000000 0.000000 0.000000 -7.804878 -2.256098 -4.817073
1368069 23 0.000000 0.000000 0.000000 -8.414635 -1.707317 -5.000000
1368074 23 0.000000 0.000000 0.000000 -8.536586 -1.646341 -6.158537
1368079 23 0.000000 0.000000 0.000000 -8.841464 -2.865854 -6.341464
1368084 23 0.000000 0.000000 0.000000 -7.987805 -4.695122 -5.487805
1368089 23 0.000000 0.000000 0.000000 -5.609756 -6.402439 -3.719512
1368094 23 0.000000 0.000000 0.000000 -3.780488 -7.317073 -3.353659
1368099 23 0.000000 0.000000 0.000000 -3.292683 -6.524390 -4.268293
1368104 23 0.000000 0.000000 0.000000 -2.317073 -4.939024 -3.841464
1368109 23 0.000000 0.000000 0.000000 -0.853659 -4.451220 -4.024390
1368114 23 0.000000 0.000000 0.000000 1.097561 -4.329268 -4.634146
1368119 23 0.000000 0.000000 0.000000 2.195122 -3.658537 -5.000000
1368124 23 0.000000 0.000000 0.000000 2.560976 -2.317073 -5.609756
1368129 23 0.000000 0.000000 0.000000 3.353659 -0.731707 -6.036585
1368134 23 0.000000 0.000000 0.000000 4.085366 0.487805 -5.670732
1368139 23 0.000000 0.000000 0.000000 4.512195 0.365854 -5.365854
1368144 23 0.000000 0.000000 0.000000 3.841464 0.426829 -4.756098
1368149 23 0.000000 0.000000 0.000000 1.829268 1.219512 -3.536585
1368154 23 0.000000 0.000000 0.000000 0.548781 1.219512 -2.926829
1368159 23 0.000000 0.000000 0.000000 0.000000 0.914634 -3.292683
1368164 23 0.000000 0.000000 0.000000 -1.097561 0.487805 -3.658537
1368169 23 0.000000 0.000000 0.000000 -1.829268 -1.097561 -4.512195
1368174 23 0.000000 0.000000 0.000000 -3.292683 -2.865854 -5.121951
1368179 23 0.000000 0.000000 0.000000 -5.121951 -3.963415 -5.182927
1368184 23 0.000000 0.000000 0.000000 -6.402439 -3.414634 -5.487805
1368189 23 0.000000 0.000000 0.000000 -6.646342 -3.231707 -5.670732
1368194 23 0.000000 0.000000 0.000000 -5.243903 -5.670732 -5.731708
1368199 23 0.000000 0.000000 0.000000 -3.780488 -6.097561 -5.426829
1368204 23 0.000000 0.000000 0.000000 -4.207317 -3.963415 -5.243903
1368209 23 0.000000 0.000000 0.000000 -4.024390 -1.402439 -5.670732
1368214 23 0.000000 0.000000 0.000000 -0.792683 -0.914634 -5.000000
1368219 23 0.000000 0.000000 0.000000 2.621951 -1.768293 -3.353659
1368224 23 0.000000 0.000000 0.000000 3.719512 -0.914634 -3.048780
1368229 23 0.000000 0.000000 0.000000 2.134146 2.012195 -2.256098
1368234 23 0.000000 0.000000 0.000000 0.304878 3.170732 -2.560976
1368239 23 0.000000 0.000000 0.000000 -0.060976 1.829268 -3.841464
1368244 23 0.000000 0.000000 0.000000 0.000000 0.243902 -3.902439
1368249 23 0.000000 0.000000 0.000000 -1.341463 0.000000 -3.353659
1368254 23 0.000000 0.000000 0.000000 -3.475610 0.365854 -3.231707
1368259 23 0.000000 0.000000 0.000000 -5.426829 0.304878 -2.926829
1368264 23 0.000000 0.000000 0.000000 -5.365854 -1.219512 -3.048780
1368269 23 0.000000 0.000000 0.000000 -6.097561 -1.890244 -3.475610
1368274 23 0.000000 0.000000 0.000000 -7.195122 -0.975610 -4.024390
1368279 23 0.000000 0.000000 0.000000 -6.219512 -1.829268 -5.000000
1368284 23 0.000000 0.000000 0.000000 -3.780488 -3.902439 -5.121951
1368289 23 0.000000 0.000000 0.000000 -1.951220 -5.670732 -4.878049
1368294 23 0.000000 0.000000 0.000000 -1.524390 -4.878049 -4.634146
1368299 23 0.000000 0.000000 0.000000 -1.097561 -3.475610 -4.207317
1368304 23 0.000000 0.000000 0.000000 1.463415 -4.207317 -4.207317
1368309 23 0.000000 0.000000 0.000000 4.268293 -3.963415 -4.024390
1368314 23 0.000000 0.000000 0.000000 3.475610 -2.621951 -3.902439
1368319 23 0.000000 0.000000 0.000000 1.524390 -0.243902 -4.268293
1368324 23 0.000000 0.000000 0.000000 2.134146 1.036585 -4.146341
1368329 23 0.000000 0.000000 0.000000 4.268293 -0.914634 -3.658537
1368334 23 0.000000 0.000000 0.000000 3.780488 -1.219512 -3.292683
1368339 23 0.000000 0.000000 0.000000 -0.304878 1.402439 -2.012195
1368344 23 0.000000 0.000000 0.000000 -4.024390 2.743902 -2.195122
1368349 23 0.000000 0.000000 0.000000 -4.207317 1.829268 -2.378049
1368354 23 0.000000 0.000000 0.000000 -3.597561 -0.304878 -1.585366
1368359 23 0.000000 0.000000 0.000000 -2.256098 -2.256098 -1.036585
1368364 23 0.000000 0.000000 0.000000 -1.890244 -2.987805 -0.487805
1368369 23 0.000000 0.000000 0.000000 -3.414634 -1.829268 -0.182927
1368374 23 0.000000 0.000000 0.000000 -3.780488 -1.463415 -0.853659
1368379 23 0.000000 0.000000 0.000000 -2.865854 -2.987805 -1.768293
1368384 23 0.000000 0.000000 0.000000 -2.134146 -4.207317 -2.621951
1368389 23 0.000000 0.000000 0.000000 -1.524390 -3.170732 -3.719512
1368394 23 0.000000 0.000000 0.000000 -1.768293 -1.097561 -4.878049
1368399 23 0.000000 0.000000 0.000000 -1.158537 0.182927 -5.548780
1368404 23 0.000000 0.000000 0.000000 -0.731707 0.182927 -4.573171
1368409 23 0.000000 0.000000 0.000000 -0.853659 -0.975610 -2.439024
1368414 23 0.000000 0.000000 0.000000 -0.609756 -1.707317 -0.609756
1368419 23 0.000000 0.000000 0.000000 -1.768293 -1.402439 1.097561
1368424 23 0.000000 0.000000 0.000000 -1.829268 -1.341463 2.378049
1368429 23 0.000000 0.000000 0.000000 0.121951 -2.926829 2.926829
1368434 23 0.000000 0.000000 0.000000 2.378049 -3.902439 2.682927
1368439 23 0.000000 0.000000 0.000000 2.439024 -2.743902 1.829268
1368444 23 0.000000 0.000000 0.000000 1.463415 -0.670732 0.487805
1368449 23 0.000000 0.000000 0.000000 0.792683 1.463415 -0.426829
1368454 23 0.000000 0.000000 0.000000 1.280488 1.463415 -0.853659
1368459 23 0.000000 0.000000 0.000000 1.951220 -0.060976 -0.914634
1368464 23 0.000000 0.000000 0.000000 2.865854 -1.158537 -1.097561
1368469 23 0.000000 0.000000 0.000000 2.987805 -1.219512 -1.036585
1368474 23 0.000000 0.000000 0.000000 0.487805 0.000000 -0.731707
1368479 23 0.000000 0.000000 0.000000 -1.219512 0.548781 -0.243902
1368484 23 0.000000 0.000000 0.000000 -2.256098 0.060976 -0.060976
1368489 23 0.000000 0.000000 0.000000 -2.256098 -1.036585 -0.609756
1368494 23 0.000000 0.000000 0.000000 0.853659 -3.353659 0.000000
1368499 23 0.000000 0.000000 0.000000 0.731707 -3.841464 0.000000
1368504 23 0.000000 0.000000 0.000000 -3.292683 -2.012195 -1.646341
1368509 23 0.000000 0.000000 0.000000 -6.768293 -0.304878 -2.743902
1368514 23 0.000000 0.000000 0.000000 -7.134147 -0.182927 -3.414634
1368519 23 0.000000 0.000000 0.000000 -4.817073 -1.829268 -2.987805
1368524 23 0.000000 0.000000 0.000000 -2.926829 -3.170732 -2.621951
1368529 23 0.000000 0.000000 0.000000 -0.853659 -3.170732 -2.743902
1368534 23 0.000000 0.000000 0.000000 0.853659 -1.829268 -1.768293
1368539 24 0.000000 0.000000 0.000000 0.975610 0.426829 -1.524390
1368544 24 0.000000 0.000000 0.000000 1.097561 1.585366 -1.219512
1368549 24 0.000000 0.000000 0.000000 1.585366 0.670732 -0.975610
1368554 24 0.000000 0.000000 0.000000 2.134146 -1.036585 -1.463415
1368559 24 0.000000 0.000000 0.000000 1.524390 -1.036585 -1.768293
1368564 24 0.000000 0.000000 0.000000 -0.975610 0.548781 -2.012195
1368569 24 0.000000 0.000000 0.000000 -2.012195 1.524390 -2.195122
1368574 24 0.000000 0.000000 0.000000 -2.500000 2.073171 -2.439024
1368579 24 0.000000 0.000000 0.000000 -2.987805 0.182927 -3.536585
1368584 24 0.000000 0.000000 0.000000 -2.378049 -2.500000 -3.963415
1368589 24 0.000000 0.000000 0.000000 -1.524390 -3.292683 -3.170732
1368594 24 0.000000 0.000000 0.000000 -1.768293 -3.170732 -3.414634
1368599 24 0.000000 0.000000 0.000000 -1.585366 -2.134146 -2.987805
1368604 24 0.000000 0.000000 0.000000 -2.682927 -1.036585 -3.048780
1368609 24 0.000000 0.000000 0.000000 -4.512195 -0.487805 -4.207317
1368614 24 0.000000 0.000000 0.000000 -5.853659 1.036585 -4.268293
1368619 24 0.000000 0.000000 0.000000 -6.829268 2.439024 -3.963415
1368624 24 0.000000 0.000000 0.000000 -4.817073 3.414634 -2.621951
1368629 25 0.000000 0.000000 0.000000 -1.707317 4.024390 -0.121951
1368634 25 0.000000 0.000000 0.000000 0.853659 3.048780 0.792683
1368639 25 0.000000 0.000000 0.000000 2.682927 2.073171 -0.182927
1368644 25 0.000000 0.000000 0.000000 4.024390 2.926829 -1.341463
1368649 25 0.000000 0.000000 0.000000 4.146341 3.719512 -3.109756
1368654 25 0.000000 0.000000 0.000000 5.060976 5.609756 -2.560976
1368659 25 0.000000 0.000000 0.000000 5.731708 6.585366 -0.243902
1368664 25 0.000000 0.000000 0.000000 4.512195 6.402439 0.609756
1368669 25 0.000000 0.000000 0.000000 2.560976 6.890244 0.243902
1368674 25 0.000000 0.000000 0.000000 0.914634 6.707317 0.548781
1368679 25 0.000000 0.000000 0.000000 -0.792683 4.634146 0.000000
1368684 25 0.000000 0.000000 0.000000 -1.585366 3.780488 1.768293
1368689 25 0.000000 0.000000 0.000000 -2.317073 2.865854 2.621951
1368694 25 0.000000 0.000000 0.000000 -3.780488 1.890244 1.951220
1368699 25 0.000000 0.000000 0.000000 -5.853659 2.317073 0.914634
1368704 25 0.000000 0.000000 0.000000 -7.317073 4.207317 -0.243902
1368709 25 0.000000 0.000000 0.000000 -7.621952 6.219512 -2.256098
1368714 25 0.000000 0.000000 0.000000 -7.987805 8.780488 -3.353659
1368719 25 0.000000 0.000000 0.000000 -8.353659 10.975610 -3.414634
1368724 25 0.000000 0.000000 0.000000 -8.658537 12.317074 -2.073171
1368729 25 0.000000 0.000000 0.000000 -7.317073 13.841464 -1.219512
1368734 25 0.000000 0.000000 0.000000 -4.939024 15.060976 -0.304878
1368739 25 0.000000 0.000000 0.000000 -0.731707 15.548780 1.219512
1368744 25 0.000000 0.000000 0.000000 2.743902 15.487805 2.560976
1368749 25 0.000000 0.000000 0.000000 5.060976 16.158537 3.475610
1368754 25 0.000000 0.000000 0.000000 5.121951 16.341463 3.231707
1368759 25 0.000000 0.000000 0.000000 5.304878 16.707317 3.475610
1368764 25 0.000000 0.000000 0.000000 5.914634 16.280489 3.719512
1368769 25 0.000000 0.000000 0.000000 6.768293 15.243903 4.024390
1368774 25 0.000000 0.000000 0.000000 6.402439 12.987805 3.841464
1368779 25 0.000000 0.000000 0.000000 5.060976 10.914635 4.634146
1368784 25 0.000000 0.000000 0.000000 2.621951 9.756098 3.414634
1368789 25 0.000000 0.000000 0.000000 0.487805 9.085366 2.560976
1368794 25 0.000000 0.000000 0.000000 -0.792683 10.121951 1.036585
1368799 25 0.000000 0.000000 0.000000 -2.500000 12.682927 -1.463415
1368804 25 0.000000 0.000000 0.000000 -4.268293 15.060976 -2.621951
1368809 25 0.000000 0.000000 0.000000 -5.121951 15.060976 -3.231707
1368814 25 0.000000 0.000000 0.000000 -3.902439 14.939025 -1.646341
1368819 25 0.000000 0.000000 0.000000 -2.621951 14.512196 -1.524390
1368824 25 0.000000 0.000000 0.000000 -2.317073 14.207317 -0.792683
1368829 25 0.000000 0.000000 0.000000 -3.048780 15.487805 1.707317
1368834 25 0.000000 0.000000 0.000000 -3.719512 17.621952 3.475610
1368839 25 0.000000 0.000000 0.000000 -4.024390 19.634148 3.109756
1368844 25 0.000000 0.000000 0.000000 -4.024390 20.792683 0.731707
1368849 25 0.000000 0.000000 0.000000 -2.926829 21.890244 1.158537
1368854 25 0.000000 0.000000 0.000000 -0.914634 22.012196 1.341463
1368859 25 0.000000 0.000000 0.000000 0.914634 20.121952 -0.548781
1368864 25 0.000000 0.000000 0.000000 1.707317 18.414635 -0.365854
1368869 25 0.000000 0.000000 0.000000 1.097561 17.317074 1.768293
1368874 25 0.000000 0.000000 0.000000 0.426829 15.121951 2.865854
1368879 25 0.000000 0.000000 0.000000 -0.914634 13.353659 2.073171
1368884 25 0.000000 0.000000 0.000000 -1.097561 12.500000 0.487805
1368889 25 0.000000 0.000000 0.000000 -0.243902 12.500000 1.219512
1368894 25 0.000000 0.000000 0.000000 0.487805 12.195122 -0.243902
1368899 25 0.000000 0.000000 0.000000 0.975610 10.487805 -3.475610
1368904 25 0.000000 0.000000 0.000000 1.219512 10.121951 -2.926829
1368909 25 0.000000 0.000000 0.000000 1.646341 12.012196 -1.768293
1368914 25 0.000000 0.000000 0.000000 1.219512 13.536586 -1.890244
1368919 25 0.000000 0.000000 0.000000 -1.097561 14.756098 -3.780488
1368924 25 0.000000 0.000000 0.000000 -2.012195 15.670732 -4.085366
1368929 25 0.000000 0.000000 0.000000 -0.060976 15.792684 -1.402439
1368934 25 0.000000 0.000000 0.000000 0.975610 14.939025 -2.195122
1368939 25 0.000000 0.000000 0.000000 3.048780 12.378049 -2.073171
1368944 25 0.000000 0.000000 0.000000 4.329268 8.902439 -0.182927
1368949 25 0.000000 0.000000 0.000000 5.060976 6.768293 1.646341
1368954 25 0.000000 0.000000 0.000000 4.878049 5.731708 1.951220
1368959 25 0.000000 0.000000 0.000000 2.865854 4.817073 0.365854
1368964 25 0.000000 0.000000 0.000000 1.219512 5.792683 0.426829
1368969 25 0.000000 0.000000 0.000000 0.365854 7.073171 0.670732
1368974 25 0.000000 0.000000 0.000000 -2.500000 8.292683 -0.670732
1368979 25 0.000000 0.000000 0.000000 -4.817073 8.719512 -3.170732
1368984 25 0.000000 0.000000 0.000000 -7.195122 8.536586 -3.841464
1368989 25 0.000000 0.000000 0.000000 -9.390244 7.256098 -3.475610
1368994 25 0.000000 0.000000 0.000000 -9.268292 4.024390 -1.768293
1368999 25 0.000000 0.000000 0.000000 -8.109756 0.670732 0.975610
1369004 25 0.000000 0.000000 0.000000 -6.524390 -0.853659 2.195122
1369009 25 0.000000 0.000000 0.000000 -3.414634 -0.426829 2.134146
1369014 25 0.000000 0.000000 0.000000 -0.365854 0.000000 1.402439
1369019 25 0.000000 0.000000 0.000000 1.463415 1.463415 -0.121951
1369024 25 0.000000 0.000000 0.000000 3.292683 3.597561 -1.097561
1369029 25 0.000000 0.000000 0.000000 4.756098 4.939024 -2.378049
1369034 25 0.000000 0.000000 0.000000 5.975610 5.792683 -2.804878
1369039 25 0.000000 0.000000 0.000000 8.353659 5.426829 -0.670732
1369044 25 0.000000 0.000000 0.000000 9.207317 4.695122 0.609756
1369049 25 0.000000 0.000000 0.000000 8.231708 3.597561 -0.121951
1369054 25 0.000000 0.000000 0.000000 6.768293 2.560976 2.012195
1369059 25 0.000000 0.000000 0.000000 6.646342 2.439024 10.243902
1369064 25 0.000000 0.000000 0.000000 5.121951 1.097561 13.475610
1369069 25 0.000000 0.000000 0.000000 1.402439 -0.914634 6.646342
1369074 25 0.000000 0.000000 0.000000 -1.646341 -1.219512 1.890244
1369079 25 0.000000 0.000000 0.000000 -5.060976 -0.975610 -1.097561
1369084 25 0.000000 0.000000 0.000000 -8.475610 -0.060976 -0.548781
1369089 25 0.000000 0.000000 0.000000 -10.670732 0.000000 0.975610
1369094 25 0.000000 0.000000 0.000000 -10.792684 -1.646341 2.621951
1369099 25 0.000000 0.000000 0.000000 -9.634147 -4.268293 2.865854
1369104 25 0.000000 0.000000 0.000000 -8.231708 -5.243903 2.926829
1369109 25 0.000000 0.000000 0.000000 -6.219512 -4.939024 3.719512
1369114 25 0.000000 0.000000 0.000000 -5.548780 -4.146341 3.231707
1369119 25 0.000000 0.000000 0.000000 -5.182927 -2.500000 1.585366
1369124 25 0.000000 0.000000 0.000000 -3.902439 -0.731707 0.060976
1369129 25 0.000000 0.000000 0.000000 -1.585366 0.426829 -0.609756
1369134 25 0.000000 0.000000 0.000000 0.975610 0.487805 -0.243902
1369139 25 0.000000 0.000000 0.000000 5.000000 -0.548781 0.975610
1369144 25 0.000000 0.000000 0.000000 9.085366 -2.500000 1.646341
1369149 25 0.000000 0.000000 0.000000 11.646341 -3.353659 1.768293
1369154 25 0.000000 0.000000 0.000000 12.682927 -3.475610 1.951220
1369159 25 0.000000 0.000000 0.000000 10.914635 -2.743902 2.621951
1369164 25 0.000000 0.000000 0.000000 7.865854 -2.012195 2.621951
1369169 25 0.000000 0.000000 0.000000 5.914634 -1.585366 1.890244
1369174 25 0.000000 0.000000 0.000000 3.780488 -1.158537 1.646341
1369179 25 0.000000 0.000000 0.000000 0.670732 -0.792683 1.707317
1369184 25 0.000000 0.000000 0.000000 -1.707317 -1.768293 1.280488
1369189 25 0.000000 0.000000 0.000000 -3.963415 -2.621951 1.890244
1369194 25 0.000000 0.000000 0.000000 -7.378049 -3.170732 2.012195
1369199 25 0.000000 0.000000 0.000000 -11.219512 -2.621951 1.890244
1369204 25 0.000000 0.000000 0.000000 -14.451220 -2.134146 3.109756
1369209 25 0.000000 0.000000 0.000000 -16.524391 -3.414634 4.024390
1369214 25 0.000000 0.000000 0.000000 -16.158537 -5.548780 3.841464
1369219 25 0.000000 0.000000 0.000000 -14.024390 -6.707317 4.390244
1369224 25 0.000000 0.000000 0.000000 -11.951220 -7.439024 3.902439
1369229 25 0.000000 0.000000 0.000000 -9.939025 -7.256098 2.317073
1369234 25 0.000000 0.000000 0.000000 -8.292683 -4.512195 1.402439
1369239 25 0.000000 0.000000 0.000000 -7.073171 -2.195122 0.182927
1369244 25 0.000000 0.000000 0.000000 -4.268293 -1.585366 -2.317073
1369249 25 0.000000 0.000000 0.000000 -0.731707 0.609756 -3.231707
1369254 25 0.000000 0.000000 0.000000 3.353659 2.195122 -2.560976
1369259 25 0.000000 0.000000 0.000000 7.317073 0.731707 -2.012195
1369264 25 0.000000 0.000000 0.000000 10.548780 -0.304878 -1.219512
1369269 25 0.000000 0.000000 0.000000 13.597561 0.792683 0.731707
1369274 25 0.000000 0.000000 0.000000 15.243903 1.158537 2.439024
1369279 25 0.000000 0.000000 0.000000 14.878049 0.060976 1.280488
1369284 25 0.000000 0.000000 0.000000 13.170732 -1.036585 0.487805
1369289 25 0.000000 0.000000 0.000000 10.853659 -2.682927 0.853659
1369294 25 0.000000 0.000000 0.000000 6.890244 -3.414634 0.426829
1369299 25 0.000000 0.000000 0.000000 0.914634 -2.439024 0.121951
1369304 25 0.000000 0.000000 0.000000 -4.817073 -3.780488 -0.731707
1369309 25 0.000000 0.000000 0.000000 -8.658537 -5.487805 -2.804878
1369314 25 0.000000 0.000000 0.000000 -12.987805 -4.451220 -4.390244
1369319 25 0.000000 0.000000 0.000000 -18.048780 -1.219512 -5.365854
1369324 25 0.000000 0.000000 0.000000 -20.670732 1.219512 -5.426829
1369329 25 0.000000 0.000000 0.000000 -20.914635 2.621951 -4.634146
1369334 25 0.000000 0.000000 0.000000 -18.353659 3.109756 -5.000000
1369339 25 0.000000 0.000000 0.000000 -12.743903 2.560976 -5.000000
1369344 25 0.000000 0.000000 0.000000 -7.439024 1.829268 -4.512195
1369349 25 0.000000 0.000000 0.000000 -3.231707 1.524390 -3.170732
1369354 25 0.000000 0.000000 0.000000 1.646341 1.158537 -2.195122
1369359 25 0.000000 0.000000 0.000000 6.646342 1.280488 -1.524390
1369364 25 0.000000 0.000000 0.000000 10.609756 2.134146 -1.280488
1369369 25 0.000000 0.000000 0.000000 13.475610 1.890244 -2.560976
1369374 25 0.000000 0.000000 0.000000 14.817074 1.280488 -3.475610
1369379 25 0.000000 0.000000 0.000000 13.841464 2.195122 -3.414634
1369384 25 0.000000 0.000000 0.000000 12.317074 2.865854 -4.024390
1369389 25 0.000000 0.000000 0.000000 10.304878 2.012195 -5.670732
1369394 25 0.000000 0.000000 0.000000 7.012195 1.585366 -5.853659
1369399 25 0.000000 0.000000 0.000000 3.353659 1.097561 -5.609756
1369404 25 0.000000 0.000000 0.000000 -0.487805 1.646341 -5.914634
1369409 25 0.000000 0.000000 0.000000 -5.060976 4.207317 -6.036585
1369414 25 0.000000 0.000000 0.000000 -8.719512 5.548780 -6.097561
1369419 25 0.000000 0.000000 0.000000 -9.390244 4.939024 -5.609756
1369424 25 0.000000 0.000000 0.000000 -8.780488 5.426829 -4.512195
1369429 25 0.000000 0.000000 0.000000 -8.292683 5.548780 -4.329268
1369434 25 0.000000 0.000000 0.000000 -8.170732 4.939024 -5.853659
1369439 25 0.000000 0.000000 0.000000 -6.768293 5.426829 -5.426829
1369444 25 0.000000 0.000000 0.000000 -4.878049 4.878049 -5.182927
1369449 25 0.000000 0.000000 0.000000 -3.780488 2.073171 -7.743903
1369454 25 0.000000 0.000000 0.000000 -1.158537 0.975610 -8.414635
1369459 25 0.000000 0.000000 0.000000 1.707317 1.463415 -8.719512
1369464 25 0.000000 0.000000 0.000000 4.207317 1.219512 -7.804878
1369469 25 0.000000 0.000000 0.000000 5.121951 1.036585 -7.500000
1369474 25 0.000000 0.000000 0.000000 5.731708 1.158537 -7.073171
1369479 26 0.000000 0.000000 0.000000 6.951220 0.000000 -6.463415
1369484 26 0.000000 0.000000 0.000000 5.487805 -0.182927 -5.182927
1369489 26 0.000000 0.000000 0.000000 2.378049 0.060976 -5.243903
1369494 26 0.000000 0.000000 0.000000 0.548781 0.365854 -3.719512
1369499 26 0.000000 0.000000 0.000000 1.036585 -0.914634 -3.170732
1369504 26 0.000000 0.000000 0.000000 1.768293 -1.646341 -3.597561
1369509 26 0.000000 0.000000 0.000000 1.280488 0.243902 -3.475610
1369514 26 0.000000 0.000000 0.000000 0.000000 2.987805 -3.780488
1369519 26 0.000000 0.000000 0.000000 -1.036585 5.365854 -4.451220
1369524 27 0.000000 0.000000 0.000000 -0.182927 6.890244 -5.000000
1369529 27 0.000000 0.000000 0.000000 0.243902 7.743903 -5.487805
1369534 27 0.000000 0.000000 0.000000 0.304878 7.926829 -4.573171
1369539 27 0.000000 0.000000 0.000000 1.524390 7.926829 -2.012195
1369544 27 0.000000 0.000000 0.000000 1.890244 7.378049 0.060976
1369549 27 0.000000 0.000000 0.000000 0.060976 5.182927 0.548781
1369554 27 0.000000 0.000000 0.000000 -1.097561 4.695122 1.524390
1369559 27 0.000000 0.000000 0.000000 0.731707 6.951220 3.719512
1369564 27 0.000000 0.000000 0.000000 3.109756 7.195122 5.000000
1369569 27 0.000000 0.000000 0.000000 4.939024 4.634146 3.780488
1369574 27 0.000000 0.000000 0.000000 5.121951 3.536585 2.743902
1369579 27 0.000000 0.000000 0.000000 3.109756 5.670732 2.743902
1369584 27 0.000000 0.000000 0.000000 -0.487805 8.658537 1.524390
1369589 27 0.000000 0.000000 0.000000 -2.073171 10.000000 0.426829
1369594 27 0.000000 0.000000 0.000000 -1.707317 9.939025 0.182927
1369599 27 0.000000 0.000000 0.000000 -3.353659 10.914635 0.365854
1369604 27 0.000000 0.000000 0.000000 -6.646342 12.317074 0.548781
1369609 27 0.000000 0.000000 0.000000 -9.512196 13.902439 0.914634
1369614 27 0.000000 0.000000 0.000000 -11.585366 15.914635 0.304878
1369619 27 0.000000 0.000000 0.000000 -9.817074 15.975610 -1.097561
1369624 27 0.000000 0.000000 0.000000 -5.609756 16.280489 -1.402439
1369629 27 0.000000 0.000000 0.000000 0.975610 17.256098 4.756098
1369634 27 0.000000 0.000000 0.000000 7.195122 15.182927 7.560976
1369639 27 0.000000 0.000000 0.000000 6.768293 12.804878 0.975610
1369644 27 0.000000 0.000000 0.000000 7.682927 12.195122 -0.853659
1369649 27 0.000000 0.000000 0.000000 9.634147 10.548780 -1.097561
1369654 27 0.000000 0.000000 0.000000 9.085366 10.731708 -0.304878
1369659 27 0.000000 0.000000 0.000000 7.012195 11.951220 1.585366
1369664 27 0.000000 0.000000 0.000000 6.646342 12.804878 2.926829
1369669 27 0.000000 0.000000 0.000000 8.231708 11.707317 3.048780
1369674 27 0.000000 0.000000 0.000000 7.073171 11.585366 3.292683
1369679 27 0.000000 0.000000 0.000000 1.951220 13.963415 2.378049
1369684 27 0.000000 0.000000 0.000000 -0.792683 16.707317 0.853659
1369689 27 0.000000 0.000000 0.000000 -1.463415 19.817074 -0.182927
1369694 27 0.000000 0.000000 0.000000 -4.512195 22.926830 -1.036585
1369699 27 0.000000 0.000000 0.000000 -9.085366 24.451220 -2.256098
1369704 27 0.000000 0.000000 0.000000 -10.243902 24.024391 -1.768293
1369709 27 0.000000 0.000000 0.000000 -11.097561 22.134148 0.060976
1369714 27 0.000000 0.000000 0.000000 -11.463415 20.853659 1.341463
1369719 27 0.000000 0.000000 0.000000 -10.609756 21.158537 2.926829
1369724 27 0.000000 0.000000 0.000000 -8.963415 20.000000 2.682927
1369729 27 0.000000 0.000000 0.000000 -7.012195 17.073172 -0.426829
1369734 27 0.000000 0.000000 0.000000 -2.134146 16.158537 -1.097561
1369739 27 0.000000 0.000000 0.000000 1.341463 16.463415 -0.365854
1369744 27 0.000000 0.000000 0.000000 3.170732 16.280489 -0.731707
1369749 27 0.000000 0.000000 0.000000 6.036585 16.707317 -1.341463
1369754 27 0.000000 0.000000 0.000000 6.890244 17.804878 -1.646341
1369759 27 0.000000 0.000000 0.000000 6.402439 17.317074 -2.256098
1369764 27 0.000000 0.000000 0.000000 8.475610 17.317074 -2.073171
1369769 27 0.000000 0.000000 0.000000 8.353659 18.292683 -2.012195
1369774 27 0.000000 0.000000 0.000000 7.073171 20.365854 -0.060976
1369779 27 0.000000 0.000000 0.000000 5.975610 21.524391 1.829268
1369784 27 0.000000 0.000000 0.000000 3.597561 23.475611 3.170732
1369789 27 0.000000 0.000000 0.000000 -0.304878 24.329269 2.865854
1369794 27 0.000000 0.000000 0.000000 -3.841464 23.841463 2.439024
1369799 27 0.000000 0.000000 0.000000 -8.353659 23.719513 0.487805
1369804 27 0.000000 0.000000 0.000000 -11.524390 23.292683 0.487805
1369809 27 0.000000 0.000000 0.000000 -12.621951 20.670732 1.158537
1369814 27 0.000000 0.000000 0.000000 -11.768293 18.170732 0.853659
1369819 27 0.000000 0.000000 0.000000 -11.280488 16.463415 -2.317073
1369824 27 0.000000 0.000000 0.000000 -8.780488 14.878049 -3.048780
1369829 27 0.000000 0.000000 0.000000 -6.524390 14.085366 -2.682927
1369834 27 0.000000 0.000000 0.000000 -2.682927 14.085366 -0.060976
1369839 27 0.000000 0.000000 0.000000 1.219512 14.268293 1.158537
1369844 27 0.000000 0.000000 0.000000 4.756098 15.060976 1.951220
1369849 27 0.000000 0.000000 0.000000 7.621952 16.280489 2.500000
1369854 27 0.000000 0.000000 0.000000 10.000000 17.621952 2.134146
1369859 27 0.000000 0.000000 0.000000 12.012196 18.963415 1.768293
1369864 27 0.000000 0.000000 0.000000 11.951220 19.451220 0.426829
1369869 27 0.000000 0.000000 0.000000 10.670732 17.500000 -2.012195
1369874 27 0.000000 0.000000 0.000000 8.658537 15.548780 -1.402439
1369879 27 0.000000 0.000000 0.000000 4.085366 15.731708 1.280488
1369884 27 0.000000 0.000000 0.000000 -0.731707 15.182927 2.682927
1369889 27 0.000000 0.000000 0.000000 -3.780488 12.926829 3.231707
1369894 27 0.000000 0.000000 0.000000 -7.378049 10.609756 2.439024
1369899 27 0.000000 0.000000 0.000000 -12.378049 8.719512 -0.121951
1369904 27 0.000000 0.000000 0.000000 -15.060976 7.317073 0.243902
1369909 27 0.000000 0.000000 0.000000 -14.573171 4.817073 4.268293
1369914 27 0.000000 0.000000 0.000000 -14.390244 2.500000 6.280488
1369919 27 0.000000 0.000000 0.000000 -14.329268 2.804878 5.792683
1369924 27 0.000000 0.000000 0.000000 -11.158537 3.475610 4.817073
1369929 27 0.000000 0.000000 0.000000 -8.109756 4.390244 2.317073
1369934 27 0.000000 0.000000 0.000000 -6.585366 6.219512 0.487805
1369939 27 0.000000 0.000000 0.000000 -3.414634 7.682927 1.036585
1369944 27 0.000000 0.000000 0.000000 -0.243902 9.085366 -0.304878
1369949 27 0.000000 0.000000 0.000000 2.256098 10.731708 -1.951220
1369954 27 0.000000 0.000000 0.000000 9.573171 8.658537 1.158537
1369959 27 0.000000 0.000000 0.000000 12.500000 5.914634 3.536585
1369964 27 0.000000 0.000000 0.000000 12.743903 4.878049 4.390244
1369969 27 0.000000 0.000000 0.000000 14.268293 2.804878 5.731708
1369974 27 0.000000 0.000000 0.000000 14.024390 0.975610 8.353659
1369979 27 0.000000 0.000000 0.000000 10.487805 1.280488 9.024390
1369984 27 0.000000 0.000000 0.000000 6.707317 1.158537 6.951220
1369989 27 0.000000 0.000000 0.000000 3.414634 0.914634 6.219512
1369994 27 0.000000 0.000000 0.000000 -2.317073 2.439024 5.914634
1369999 27 0.000000 0.000000 0.000000 -6.585366 3.902439 5.975610
1370004 27 0.000000 0.000000 0.000000 -9.268292 4.939024 6.097561
1370009 27 0.000000 0.000000 0.000000 -13.292684 5.670732 4.756098
1370014 27 0.000000 0.000000 0.000000 -13.902439 5.975610 3.658537
1370019 27 0.000000 0.000000 0.000000 -12.987805 8.597561 3.658537
1370024 27 0.000000 0.000000 0.000000 -13.780488 11.036586 2.682927
1370029 27 0.000000 0.000000 0.000000 -14.329268 9.817074 -0.548781
1370034 27 0.000000 0.000000 0.000000 -10.426829 7.012195 -1.646341
1370039 27 0.000000 0.000000 0.000000 -7.012195 5.304878 -0.426829
1370044 27 0.000000 0.000000 0.000000 -5.792683 3.414634 -1.524390
1370049 27 0.000000 0.000000 0.000000 -2.012195 1.707317 -1.768293
1370054 27 0.000000 0.000000 0.000000 2.256098 1.097561 -0.792683
1370059 27 0.000000 0.000000 0.000000 5.487805 0.548781 0.853659
1370064 27 0.000000 0.000000 0.000000 9.268292 -0.609756 1.097561
1370069 27 0.000000 0.000000 0.000000 12.134147 -0.243902 0.365854
1370074 27 0.000000 0.000000 0.000000 12.256098 3.109756 -0.060976
1370079 27 0.000000 0.000000 0.000000 13.170732 4.085366 -2.134146
1370084 27 0.000000 0.000000 0.000000 13.719513 3.963415 -4.024390
1370089 27 0.000000 0.000000 0.000000 12.500000 5.670732 -4.878049
1370094 27 0.000000 0.000000 0.000000 9.085366 6.707317 -5.426829
1370099 27 0.000000 0.000000 0.000000 3.902439 5.670732 -7.378049
1370104 27 0.000000 0.000000 0.000000 0.243902 5.731708 -7.621952
1370109 27 0.000000 0.000000 0.000000 -3.963415 5.487805 -5.731708
1370114 27 0.000000 0.000000 0.000000 -10.609756 4.695122 -4.634146
1370119 27 0.000000 0.000000 0.000000 -15.426829 2.195122 -4.146341
1370124 27 0.000000 0.000000 0.000000 -17.560976 -0.243902 -3.902439
1370129 27 0.000000 0.000000 0.000000 -19.878050 -2.134146 -5.121951
1370134 27 0.000000 0.000000 0.000000 -21.707317 -2.378049 -6.829268
1370139 27 0.000000 0.000000 0.000000 -19.939024 -1.646341 -8.353659
1370144 27 0.000000 0.000000 0.000000 -15.365854 -1.219512 -8.475610
1370149 27 0.000000 0.000000 0.000000 -11.280488 -0.731707 -8.658537
1370154 27 0.000000 0.000000 0.000000 -7.682927 0.975610 -9.878049
1370159 27 0.000000 0.000000 0.000000 -3.231707 2.743902 -11.158537
1370164 27 0.000000 0.000000 0.000000 3.780488 2.743902 -10.609756
1370169 27 0.000000 0.000000 0.000000 10.304878 1.951220 -8.536586
1370174 27 0.000000 0.000000 0.000000 13.475610 2.073171 -6.463415
1370179 27 0.000000 0.000000 0.000000 14.756098 2.621951 -4.695122
1370184 27 0.000000 0.000000 0.000000 17.621952 2.987805 -3.231707
1370189 27 0.000000 0.000000 0.000000 20.304878 3.902439 -2.865854
1370194 27 0.000000 0.000000 0.000000 20.426830 2.621951 -2.743902
1370199 27 0.000000 0.000000 0.000000 19.878050 1.280488 -4.512195
1370204 27 0.000000 0.000000 0.000000 15.000000 0.304878 -6.280488
1370209 27 0.000000 0.000000 0.000000 8.292683 0.487805 -5.792683
1370214 27 0.000000 0.000000 0.000000 2.500000 0.243902 -4.756098
1370219 27 0.000000 0.000000 0.000000 -3.719512 -3.170732 -5.121951
1370224 27 0.000000 0.000000 0.000000 -11.707317 -5.609756 -6.402439
1370229 27 0.000000 0.000000 0.000000 -18.719513 -4.268293 -6.707317
1370234 27 0.000000 0.000000 0.000000 -21.829269 -3.048780 -5.182927
1370239 27 0.000000 0.000000 0.000000 -24.634148 -3.414634 -5.487805
1370244 27 0.000000 0.000000 0.000000 -26.158537 -2.804878 -5.426829
1370249 27 0.000000 0.000000 0.000000 -24.268293 -0.609756 -2.865854
1370254 27 0.000000 0.000000 0.000000 -20.000000 -0.121951 -0.670732
1370259 27 0.000000 0.000000 0.000000 -14.634147 0.487805 -0.914634
1370264 27 0.000000 0.000000 0.000000 -10.182927 -0.853659 -4.878049
1370269 27 0.000000 0.000000 0.000000 -4.695122 -1.463415 -6.768293
1370274 27 0.000000 0.000000 0.000000 1.707317 -1.158537 -7.317073
1370279 27 0.000000 0.000000 0.000000 6.585366 -0.670732 -8.536586
1370284 27 0.000000 0.000000 0.000000 11.219512 -1.097561 -9.329268
1370289 27 0.000000 0.000000 0.000000 15.853659 -1.585366 -8.353659
1370294 27 0.000000 0.000000 0.000000 19.939024 -1.158537 -4.390244
1370299 27 0.000000 0.000000 0.000000 22.439024 0.548781 -2.439024
1370304 27 0.000000 0.000000 0.000000 24.573172 -0.182927 -1.646341
1370309 27 0.000000 0.000000 0.000000 23.536587 -2.743902 -1.402439
1370314 27 0.000000 0.000000 0.000000 19.390244 -3.170732 -1.463415
1370319 27 0.000000 0.000000 0.000000 13.719513 -0.487805 -1.036585
1370324 27 0.000000 0.000000 0.000000 7.500000 -1.280488 -2.621951
1370329 27 0.000000 0.000000 0.000000 2.195122 -4.817073 -3.536585
1370334 27 0.000000 0.000000 0.000000 -5.243903 -4.756098 -3.353659
1370339 27 0.000000 0.000000 0.000000 -10.487805 -3.963415 -2.073171
1370344 27 0.000000 0.000000 0.000000 -13.231708 -5.182927 -2.195122
1370349 27 0.000000 0.000000 0.000000 -18.414635 -6.158537 -4.695122
1370354 27 0.000000 0.000000 0.000000 -23.536587 -3.719512 -3.597561
1370359 27 0.000000 0.000000 0.000000 -25.487806 -2.073171 -3.231707
1370364 27 0.000000 0.000000 0.000000 -22.926830 -1.890244 -4.939024
1370369 27 0.000000 0.000000 0.000000 -20.853659 -2.682927 -8.170732
1370374 27 0.000000 0.000000 0.000000 -19.634148 -2.012195 -8.536586
1370379 27 0.000000 0.000000 0.000000 -15.853659 -0.304878 -5.487805
1370384 27 0.000000 0.000000 0.000000 -9.390244 -2.378049 -5.243903
1370389 27 0.000000 0.000000 0.000000 -3.780488 -4.512195 -5.609756
1370394 27 0.000000 0.000000 0.000000 3.048780 -4.207317 -4.024390
1370399 27 0.000000 0.000000 0.000000 11.951220 -2.743902 0.000000
1370404 27 0.000000 0.000000 0.000000 17.926830 -1.829268 0.914634
1370409 27 0.000000 0.000000 0.000000 19.268293 -1.463415 -2.743902
1370414 27 0.000000 0.000000 0.000000 20.487804 0.975610 -5.060976
1370419 27 0.000000 0.000000 0.000000 21.463415 4.207317 -4.756098
1370424 27 0.000000 0.000000 0.000000 19.878050 5.243903 -4.085366
1370429 27 0.000000 0.000000 0.000000 16.219513 4.329268 -3.780488
1370434 27 0.000000 0.000000 0.000000 12.317074 2.621951 -3.048780
1370439 27 0.000000 0.000000 0.000000 8.109756 1.585366 -0.792683
1370444 27 0.000000 0.000000 0.000000 -0.609756 1.463415 -0.487805
1370449 27 0.000000 0.000000 0.000000 -9.451220 1.341463 -1.402439
1370454 27 0.000000 0.000000 0.000000 -14.573171 1.158537 -0.975610
1370459 27 0.000000 0.000000 0.000000 -16.402439 0.731707 0.914634
1370464 27 0.000000 0.000000 0.000000 -18.963415 -1.524390 0.792683
1370469 27 0.000000 0.000000 0.000000 -22.865854 -4.695122 -2.560976
1370474 27 0.000000 0.000000 0.000000 -24.512196 -3.963415 -4.207317
1370479 27 0.000000 0.000000 0.000000 -23.170732 -2.682927 -5.060976
1370484 27 0.000000 0.000000 0.000000 -20.060976 -3.658537 -6.768293
1370489 27 0.000000 0.000000 0.000000 -17.134148 -4.085366 -8.536586
1370494 27 0.000000 0.000000 0.000000 -13.780488 -1.890244 -8.841464
1370499 27 0.000000 0.000000 0.000000 -6.158537 -1.036585 -6.646342
1370504 27 0.000000 0.000000 0.000000 0.243902 -2.500000 -5.731708
1370509 27 0.000000 0.000000 0.000000 5.182927 -0.975610 -4.451220
1370514 27 0.000000 0.000000 0.000000 10.487805 0.243902 -4.268293
1370519 27 0.000000 0.000000 0.000000 16.219513 -0.304878 -3.597561
1370524 27 0.000000 0.000000 0.000000 20.609756 -1.219512 -3.597561
1370529 27 0.000000 0.000000 0.000000 22.012196 -1.951220 -4.573171
1370534 27 0.000000 0.000000 0.000000 20.426830 -1.951220 -5.609756
1370539 27 0.000000 0.000000 0.000000 16.280489 0.060976 -6.646342
1370544 27 0.000000 0.000000 0.000000 12.804878 0.853659 -5.853659
1370549 27 0.000000 0.000000 0.000000 7.500000 1.219512 -4.451220
1370554 27 0.000000 0.000000 0.000000 0.304878 1.646341 -4.329268
1370559 27 0.000000 0.000000 0.000000 -5.060976 1.097561 -4.817073
1370564 27 0.000000 0.000000 0.000000 -10.609756 0.304878 -3.902439
1370569 27 0.000000 0.000000 0.000000 -15.426829 1.402439 -0.731707
1370574 27 0.000000 0.000000 0.000000 -19.024391 1.829268 -1.158537
1370579 27 0.000000 0.000000 0.000000 -18.902439 -1.219512 -4.085366
1370584 27 0.000000 0.000000 0.000000 -17.926830 -4.695122 -5.304878
1370589 27 0.000000 0.000000 0.000000 -19.268293 -3.475610 -3.719512
1370594 27 0.000000 0.000000 0.000000 -19.695122 -1.036585 -3.597561
1370599 27 0.000000 0.000000 0.000000 -16.707317 -2.621951 -6.036585
1370604 27 0.000000 0.000000 0.000000 -11.463415 -2.865854 -5.731708
1370609 27 0.000000 0.000000 0.000000 -5.243903 0.487805 -2.195122
1370614 27 0.000000 0.000000 0.000000 0.426829 2.926829 -0.914634
1370619 27 0.000000 0.000000 0.000000 3.719512 3.292683 -3.475610
1370624 27 0.000000 0.000000 0.000000 7.500000 5.060976 -4.939024
1370629 27 0.000000 0.000000 0.000000 13.658537 6.890244 -2.865854
1370634 27 0.000000 0.000000 0.000000 16.524391 7.134147 -0.365854
1370639 27 0.000000 0.000000 0.000000 13.658537 6.402439 -1.890244
1370644 27 0.000000 0.000000 0.000000 11.890244 5.304878 -2.378049
1370649 27 0.000000 0.000000 0.000000 13.353659 2.804878 0.914634
1370654 27 0.000000 0.000000 0.000000 10.304878 0.487805 2.012195
1370659 27 0.000000 0.000000 0.000000 2.804878 -2.256098 -0.304878
1370664 27 0.000000 0.000000 0.000000 -1.646341 -4.634146 -0.975610
1370669 27 0.000000 0.000000 0.000000 -3.719512 -5.426829 1.463415
1370674 27 0.000000 0.000000 0.000000 -7.134147 -6.707317 1.768293
1370679 27 0.000000 0.000000 0.000000 -12.195122 -8.048780 -2.682927
1370684 27 0.000000 0.000000 0.000000 -16.890244 -7.560976 -5.487805
1370689 27 0.000000 0.000000 0.000000 -17.804878 -4.451220 -4.573171
1370694 27 0.000000 0.000000 0.000000 -16.463415 -1.829268 -4.024390
1370699 27 0.000000 0.000000 0.000000 -16.341463 0.060976 -6.524390
1370704 27 0.000000 0.000000 0.000000 -16.524391 2.987805 -7.134147
1370709 27 0.000000 0.000000 0.000000 -13.658537 6.890244 -3.414634
1370714 27 0.000000 0.000000 0.000000 -7.987805 8.658537 -0.487805
1370719 27 0.000000 0.000000 0.000000 -1.158537 6.036585 -0.975610
1370724 27 0.000000 0.000000 0.000000 4.451220 4.329268 0.914634
1370729 27 0.000000 0.000000 0.000000 8.414635 5.609756 3.292683
1370734 27 0.000000 0.000000 0.000000 12.012196 5.548780 3.170732
1370739 27 0.000000 0.000000 0.000000 13.048780 3.170732 -0.914634
1370744 27 0.000000 0.000000 0.000000 14.390244 1.646341 -2.987805
1370749 27 0.000000 0.000000 0.000000 15.670732 1.707317 -1.341463
1370754 27 0.000000 0.000000 0.000000 14.085366 1.585366 -2.987805
1370759 27 0.000000 0.000000 0.000000 11.707317 1.402439 -4.634146
1370764 27 0.000000 0.000000 0.000000 7.987805 1.768293 -3.841464
1370769 27 0.000000 0.000000 0.000000 5.182927 3.109756 0.243902
1370774 27 0.000000 0.000000 0.000000 0.304878 3.353659 1.768293
1370779 27 0.000000 0.000000 0.000000 -3.780488 1.768293 -0.304878
1370784 27 0.000000 0.000000 0.000000 -8.475610 1.219512 0.000000
1370789 27 0.000000 0.000000 0.000000 -15.792684 3.719512 -0.243902
1370794 27 0.000000 0.000000 0.000000 -18.658537 5.060976 -1.890244
1370799 27 0.000000 0.000000 0.000000 -15.670732 4.512195 -3.475610
1370804 27 0.000000 0.000000 0.000000 -14.756098 4.756098 -4.634146
1370809 27 0.000000 0.000000 0.000000 -16.951220 5.853659 -6.646342
1370814 27 0.000000 0.000000 0.000000 -13.475610 6.219512 -7.317073
1370819 27 0.000000 0.000000 0.000000 -8.353659 4.939024 -6.890244
1370824 27 0.000000 0.000000 0.000000 -5.182927 4.756098 -6.219512
1370829 27 0.000000 0.000000 0.000000 -3.048780 4.695122 -6.280488
1370834 27 0.000000 0.000000 0.000000 2.682927 2.378049 -5.609756
1370839 27 0.000000 0.000000 0.000000 10.000000 1.219512 -3.170732
1370844 27 0.000000 0.000000 0.000000 12.804878 1.768293 -2.743902
1370849 27 0.000000 0.000000 0.000000 16.219513 1.646341 -2.012195
1370854 27 0.000000 0.000000 0.000000 19.451220 -0.731707 -2.682927
1370859 27 0.000000 0.000000 0.000000 20.243902 -2.073171 -2.621951
1370864 27 0.000000 0.000000 0.000000 15.853659 -1.524390 -4.268293
1370869 27 0.000000 0.000000 0.000000 8.170732 -0.609756 -8.353659
1370874 27 0.000000 0.000000 0.000000 3.902439 -0.243902 -9.085366
1370879 27 0.000000 0.000000 0.000000 0.731707 -1.768293 -9.207317
1370884 27 0.000000 0.000000 0.000000 -4.024390 -0.609756 -7.378049
1370889 27 0.000000 0.000000 0.000000 -11.280488 1.646341 -7.256098
1370894 27 0.000000 0.000000 0.000000 -15.121951 3.292683 -6.341464
1370899 27 0.000000 0.000000 0.000000 -16.646341 5.731708 -3.536585
1370904 27 0.000000 0.000000 0.000000 -19.451220 6.951220 -2.987805
1370909 27 0.000000 0.000000 0.000000 -19.939024 6.890244 -3.841464
1370914 27 0.000000 0.000000 0.000000 -18.353659 4.695122 -5.182927
1370919 27 0.000000 0.000000 0.000000 -16.646341 4.268293 -5.304878
1370924 27 0.000000 0.000000 0.000000 -11.768293 4.146341 -4.695122
1370929 27 0.000000 0.000000 0.000000 -4.573171 1.463415 -3.780488
1370934 27 0.000000 0.000000 0.000000 1.646341 -1.951220 -3.353659
1370939 27 0.000000 0.000000 0.000000 6.951220 -4.695122 -3.719512
1370944 27 0.000000 0.000000 0.000000 10.060976 -3.841464 -3.109756
1370949 27 0.000000 0.000000 0.000000 9.634147 -1.646341 -2.195122
1370954 27 0.000000 0.000000 0.000000 10.426829 -0.304878 -2.682927
1370959 27 0.000000 0.000000 0.000000 14.329268 0.243902 -4.390244
1370964 27 0.000000 0.000000 0.000000 16.890244 1.036585 -4.817073
1370969 27 0.000000 0.000000 0.000000 14.085366 2.804878 -3.353659
1370974 27 0.000000 0.000000 0.000000 7.926829 4.939024 -2.560976
1370979 27 0.000000 0.000000 0.000000 4.756098 5.304878 -2.439024
1370984 27 0.000000 0.000000 0.000000 3.719512 3.475610 -2.012195
1370989 27 0.000000 0.000000 0.000000 0.365854 1.768293 -1.768293
1370994 27 0.000000 0.000000 0.000000 -5.000000 2.378049 -1.646341
1370999 27 0.000000 0.000000 0.000000 -8.231708 2.743902 -0.792683
1371004 27 0.000000 0.000000 0.000000 -10.243902 0.182927 -0.060976
1371009 27 0.000000 0.000000 0.000000 -12.560976 -2.439024 -2.378049
1371014 27 0.000000 0.000000 0.000000 -13.353659 -3.536585 -3.780488
1371019 27 0.000000 0.000000 0.000000 -11.829268 -2.682927 -1.890244
1371024 27 0.000000 0.000000 0.000000 -12.439025 -0.609756 -2.743902
1371029 27 0.000000 0.000000 0.000000 -13.414635 0.121951 -6.463415
1371034 27 0.000000 0.000000 0.000000 -8.536586 -0.670732 -6.585366
1371039 27 0.000000 0.000000 0.000000 -1.768293 -1.341463 -2.317073
1371044 27 0.000000 0.000000 0.000000 1.585366 -0.060976 -0.548781
1371049 27 0.000000 0.000000 0.000000 3.658537 0.000000 -3.536585
1371054 27 0.000000 0.000000 0.000000 7.621952 -1.219512 -4.512195
1371059 27 0.000000 0.000000 0.000000 13.109756 -1.219512 -1.341463
1371064 27 0.000000 0.000000 0.000000 15.243903 0.000000 -0.182927
1371069 27 0.000000 0.000000 0.000000 14.573171 0.609756 -4.024390
1371074 27 0.000000 0.000000 0.000000 14.329268 0.060976 -6.097561
1371079 27 0.000000 0.000000 0.000000 14.878049 0.853659 -3.109756
1371084 27 0.000000 0.000000 0.000000 13.231708 1.890244 -1.829268
1371089 27 0.000000 0.000000 0.000000 8.109756 2.256098 -3.780488
1371094 27 0.000000 0.000000 0.000000 4.024390 1.646341 -1.829268
1371099 27 0.000000 0.000000 0.000000 -0.792683 0.975610 0.914634
1371104 27 0.000000 0.000000 0.000000 -3.658537 -1.219512 1.768293
1371109 27 0.000000 0.000000 0.000000 -7.865854 -2.134146 0.000000
1371114 27 0.000000 0.000000 0.000000 -13.170732 -2.560976 -0.548781
1371119 27 0.000000 0.000000 0.000000 -15.426829 -4.573171 0.548781
1371124 27 0.000000 0.000000 0.000000 -14.329268 -5.365854 0.365854
1371129 27 0.000000 0.000000 0.000000 -13.353659 -3.536585 -0.853659
1371134 27 0.000000 0.000000 0.000000 -12.804878 -1.097561 -2.012195
1371139 28 0.000000 0.000000 0.000000 -11.036586 -0.121951 -2.682927
1371144 27 0.000000 0.000000 0.000000 -6.707317 0.609756 -3.536585
1371149 28 0.000000 0.000000 0.000000 -2.012195 3.109756 -4.390244
1371154 28 0.000000 0.000000 0.000000 0.060976 5.914634 -3.414634
1371159 27 0.000000 0.000000 0.000000 3.414634 5.853659 -1.158537
1371164 27 0.000000 0.000000 0.000000 8.963415 4.268293 0.426829
1371169 27 0.000000 0.000000 0.000000 12.012196 3.597561 0.121951
1371174 27 0.000000 0.000000 0.000000 11.646341 3.353659 0.731707
1371179 28 0.000000 0.000000 0.000000 12.926829 1.524390 3.475610
1371184 28 0.000000 0.000000 0.000000 14.695123 -1.097561 3.353659
1371189 27 0.000000 0.000000 0.000000 12.195122 -0.548781 2.012195
1371194 27 0.000000 0.000000 0.000000 8.414635 0.609756 0.670732
1371199 27 0.000000 0.000000 0.000000 5.670732 -1.036585 -0.182927
1371204 27 0.000000 0.000000 0.000000 1.707317 -1.280488 -0.975610
1371209 27 0.000000 0.000000 0.000000 -1.829268 2.073171 -1.829268
1371214 27 0.000000 0.000000 0.000000 -4.634146 3.353659 -2.743902
1371219 28 0.000000 0.000000 0.000000 -6.829268 4.207317 -2.256098
1371224 27 0.000000 0.000000 0.000000 -9.390244 4.512195 -2.378049
1371229 28 0.000000 0.000000 0.000000 -9.817074 5.304878 -1.280488
1371234 28 0.000000 0.000000 0.000000 -10.060976 5.487805 -1.036585
1371239 27 0.000000 0.000000 0.000000 -13.048780 5.182927 -3.414634
1371244 27 0.000000 0.000000 0.000000 -13.048780 5.670732 -3.841464
1371249 27 0.000000 0.000000 0.000000 -9.390244 2.987805 -3.719512
1371254 27 0.000000 0.000000 0.000000 -5.426829 1.951220 -2.256098
1371259 28 0.000000 0.000000 0.000000 -2.560976 1.097561 -2.134146
1371264 28 0.000000 0.000000 0.000000 0.609756 0.304878 -2.012195
1371269 28 0.000000 0.000000 0.000000 5.060976 1.097561 -0.731707
1371274 28 0.000000 0.000000 0.000000 8.963415 0.914634 -0.548781
1371279 28 0.000000 0.000000 0.000000 12.560976 1.707317 -1.158537
1371284 28 0.000000 0.000000 0.000000 13.536586 2.317073 -2.865854
1371289 28 0.000000 0.000000 0.000000 13.536586 2.560976 -3.536585
1371294 28 0.000000 0.000000 0.000000 11.585366 2.926829 -3.292683
1371299 28 0.000000 0.000000 0.000000 7.682927 3.475610 -2.500000
1371304 27 0.000000 0.000000 0.000000 4.085366 3.231707 -2.134146
1371309 28 0.000000 0.000000 0.000000 1.463415 2.743902 -1.402439
1371314 28 0.000000 0.000000 0.000000 -2.378049 3.963415 0.304878
1371319 28 0.000000 0.000000 0.000000 -6.463415 4.512195 0.914634
1371324 28 0.000000 0.000000 0.000000 -8.658537 4.634146 0.914634
1371329 28 0.000000 0.000000 0.000000 -9.268292 6.280488 1.585366
1371334 28 0.000000 0.000000 0.000000 -10.426829 8.109756 0.670732
1371339 28 0.000000 0.000000 0.000000 -13.780488 6.097561 -5.792683
1371344 28 0.000000 0.000000 0.000000 -13.780488 5.365854 -8.109756
1371349 28 0.000000 0.000000 0.000000 -10.000000 8.292683 -1.707317
1371354 28 0.000000 0.000000 0.000000 -7.621952 8.841464 1.097561
1371359 28 0.000000 0.000000 0.000000 -7.987805 6.829268 -1.219512
1371364 28 0.000000 0.000000 0.000000 -6.463415 6.280488 -2.439024
1371369 28 0.000000 0.000000 0.000000 -2.560976 7.378049 0.000000
1371374 28 0.000000 0.000000 0.000000 0.548781 8.292683 2.621951
1371379 28 0.000000 0.000000 0.000000 2.134146 7.134147 0.426829
1371384 28 0.000000 0.000000 0.000000 4.573171 7.073171 -0.975610
1371389 28 0.000000 0.000000 0.000000 9.634147 7.500000 0.426829
1371394 28 0.000000 0.000000 0.000000 13.048780 7.073171 2.012195
1371399 28 0.000000 0.000000 0.000000 12.378049 7.378049 1.402439
1371404 28 0.000000 0.000000 0.000000 12.012196 7.073171 -2.073171
1371409 28 0.000000 0.000000 0.000000 10.975610 8.292683 -3.475610
1371414 28 0.000000 0.000000 0.000000 7.317073 9.817074 -2.987805
1371419 28 0.000000 0.000000 0.000000 3.902439 9.024390 -1.402439
1371424 28 0.000000 0.000000 0.000000 0.548781 9.939025 0.121951
1371429 29 0.000000 0.000000 0.000000 -3.963415 12.987805 1.707317
1371434 29 0.000000 0.000000 0.000000 -7.804878 12.134147 0.426829
1371439 29 0.000000 0.000000 0.000000 -10.731708 10.670732 -0.853659
1371444 30 0.000000 0.000000 0.000000 -12.682927 10.000000 -0.914634
1371449 30 0.000000 0.000000 0.000000 -13.780488 9.939025 0.975610
1371454 30 0.000000 0.000000 0.000000 -14.207317 9.634147 1.158537
1371459 31 0.000000 0.000000 0.000000 -13.048780 7.987805 -0.914634
1371464 32 0.000000 0.000000 0.000000 -11.402439 8.109756 -0.914634
1371469 32 0.000000 0.000000 0.000000 -9.451220 8.719512 -1.036585
1371474 32 0.000000 0.000000 0.000000 -7.195122 8.658537 -1.585366
1371479 33 0.000000 0.000000 0.000000 -3.475610 8.841464 -1.768293
1371484 33 0.000000 0.000000 0.000000 1.707317 10.182927 -1.341463
1371489 33 0.000000 0.000000 0.000000 5.670732 13.109756 -0.426829
1371494 33 0.000000 0.000000 0.000000 9.024390 14.573171 0.426829
1371499 33 0.000000 0.000000 0.000000 10.975610 15.670732 1.402439
1371504 33 0.000000 0.000000 0.000000 12.012196 17.439024 2.804878
1371509 33 0.000000 0.000000 0.000000 11.646341 19.817074 5.121951
1371514 33 0.000000 0.000000 0.000000 9.634147 20.853659 4.695122
1371519 33 0.000000 0.000000 0.000000 5.914634 22.439024 2.439024
1371524 33 0.000000 0.000000 0.000000 2.073171 22.804878 -0.609756
1371529 33 0.000000 0.000000 0.000000 -1.524390 22.439024 -1.890244
1371534 33 0.000000 0.000000 0.000000 -4.146341 21.585367 -1.829268
1371539 33 0.000000 0.000000 0.000000 -6.219512 22.865854 0.304878
1371544 33 0.000000 0.000000 0.000000 -8.963415 25.243902 0.548781
1371549 33 0.000000 0.000000 0.000000 -11.707317 27.500000 -2.439024
1371554 33 0.000000 0.000000 0.000000 -10.487805 26.829269 -4.878049
1371559 33 0.000000 0.000000 0.000000 -7.987805 26.768293 -4.085366
1371564 33 0.000000 0.000000 0.000000 -5.792683 29.390245 -3.109756
1371569 33 0.000000 0.000000 0.000000 -2.743902 30.731709 -0.914634
1371574 33 0.000000 0.000000 0.000000 -0.426829 30.670732 -0.304878
1371579 33 0.000000 0.000000 0.000000 -0.487805 32.865856 -3.719512
1371584 33 0.000000 0.000000 0.000000 0.243902 35.670734 -5.792683
1371589 33 0.000000 0.000000 0.000000 1.524390 38.292683 -5.670732
1371594 33 0.000000 0.000000 0.000000 3.902439 38.719513 -4.390244
1371599 33 0.000000 0.000000 0.000000 6.097561 40.670734 -1.829268
1371604 33 0.000000 0.000000 0.000000 6.768293 42.743904 -1.646341
1371609 33 0.000000 0.000000 0.000000 4.817073 43.780487 -5.548780
1371614 33 0.000000 0.000000 0.000000 3.170732 45.914635 -7.439024
1371619 33 0.000000 0.000000 0.000000 0.121951 47.804878 -8.658537
1371624 33 0.000000 0.000000 0.000000 -2.560976 48.231709 -8.414635
1371629 33 0.000000 0.000000 0.000000 -6.097561 48.841465 -8.048780
1371634 33 0.000000 0.000000 0.000000 -8.841464 48.780487 -7.926829
1371639 33 0.000000 0.000000 0.000000 -10.975610 47.804878 -8.963415
1371644 33 0.000000 0.000000 0.000000 -11.097561 47.317074 -10.121951
1371649 33 0.000000 0.000000 0.000000 -9.268292 46.097561 -11.097561
1371654 33 0.000000 0.000000 0.000000 -6.524390 45.853661 -10.670732
1371659 33 0.000000 0.000000 0.000000 -4.817073 45.670734 -10.975610
1371664 33 0.000000 0.000000 0.000000 -3.597561 47.804878 -11.219512
1371669 33 0.000000 0.000000 0.000000 0.060976 51.158539 -10.304878
1371674 33 0.000000 0.000000 0.000000 3.597561 52.804878 -10.548780
1371679 33 0.000000 0.000000 0.000000 8.048780 52.682926 -10.426829
1371684 33 0.000000 0.000000 0.000000 8.719512 52.804878 -11.280488
1371689 33 0.000000 0.000000 0.000000 7.987805 53.597561 -12.439025
1371694 33 0.000000 0.000000 0.000000 6.280488 53.963417 -11.646341
1371699 33 0.000000 0.000000 0.000000 3.170732 55.000000 -10.060976
1371704 33 0.000000 0.000000 0.000000 0.609756 56.585365 -9.329268
1371709 33 0.000000 0.000000 0.000000 -2.804878 56.524391 -9.390244
1371714 33 0.000000 0.000000 0.000000 -5.609756 55.792683 -9.329268
1371719 33 0.000000 0.000000 0.000000 -7.378049 55.853661 -8.719512
1371724 33 0.000000 0.000000 0.000000 -10.914635 56.219513 -9.695122
1371729 33 0.000000 0.000000 0.000000 -14.939025 54.939026 -12.073171
1371734 33 0.000000 0.000000 0.000000 -17.195122 53.902439 -13.292684
1371739 33 0.000000 0.000000 0.000000 -16.768293 54.634148 -13.170732
1371744 33 0.000000 0.000000 0.000000 -13.902439 54.512196 -13.292684
1371749 33 0.000000 0.000000 0.000000 -12.073171 52.439026 -13.963415
1371754 33 0.000000 0.000000 0.000000 -9.207317 51.219513 -13.231708
1371759 33 0.000000 0.000000 0.000000 -4.329268 52.926830 -11.524390
1371764 33 0.000000 0.000000 0.000000 1.402439 55.000000 -9.024390
1371769 33 0.000000 0.000000 0.000000 5.426829 55.487804 -7.560976
1371774 33 0.000000 0.000000 0.000000 8.353659 55.670734 -9.573171
1371779 33 0.000000 0.000000 0.000000 10.060976 55.000000 -9.390244
1371784 33 0.000000 0.000000 0.000000 11.158537 55.365856 -8.475610
1371789 33 0.000000 0.000000 0.000000 11.707317 57.865856 -7.743903
1371794 33 0.000000 0.000000 0.000000 9.634147 59.512196 -8.475610
1371799 33 0.000000 0.000000 0.000000 4.024390 60.182930 -10.670732
1371804 33 0.000000 0.000000 0.000000 -1.036585 61.768295 -12.256098
1371809 33 0.000000 0.000000 0.000000 -5.060976 63.170734 -11.768293
1371814 33 0.000000 0.000000 0.000000 -11.219512 63.414635 -12.621951
1371819 33 0.000000 0.000000 0.000000 -17.682928 63.475613 -14.451220
1371824 33 0.000000 0.000000 0.000000 -22.500000 63.170734 -13.658537
1371829 33 0.000000 0.000000 0.000000 -23.841463 64.024391 -11.097561
1371834 33 0.000000 0.000000 0.000000 -24.878050 62.500000 -11.890244
1371839 33 0.000000 0.000000 0.000000 -22.865854 58.841465 -12.804878
1371844 33 0.000000 0.000000 0.000000 -17.621952 55.853661 -12.804878
1371849 33 0.000000 0.000000 0.000000 -11.646341 54.146343 -10.975610
1371854 33 0.000000 0.000000 0.000000 -4.756098 52.560978 -10.426829
1371859 33 0.000000 0.000000 0.000000 0.182927 50.060978 -13.109756
1371864 33 0.000000 0.000000 0.000000 5.975610 48.658539 -14.756098
1371869 33 0.000000 0.000000 0.000000 12.317074 47.378052 -14.634147
1371874 33 0.000000 0.000000 0.000000 15.975610 45.792683 -15.487805
1371879 33 0.000000 0.000000 0.000000 16.280489 43.231709 -17.012196
1371884 33 0.000000 0.000000 0.000000 15.548780 41.097561 -17.012196
1371889 33 0.000000 0.000000 0.000000 14.512196 40.121952 -16.036585
1371894 33 0.000000 0.000000 0.000000 13.048780 39.390244 -13.597561
1371899 33 0.000000 0.000000 0.000000 8.109756 37.804878 -11.341464
1371904 33 0.000000 0.000000 0.000000 5.060976 37.560978 -7.804878
1371909 33 0.000000 0.000000 0.000000 -0.853659 36.768295 -9.024390
1371914 33 0.000000 0.000000 0.000000 -9.695122 35.853661 -15.426829
1371919 33 0.000000 0.000000 0.000000 -16.402439 37.560978 -17.682928
1371924 33 0.000000 0.000000 0.000000 -21.646341 38.597561 -18.841463
1371929 33 0.000000 0.000000 0.000000 -24.268293 39.817074 -18.597561
1371934 33 0.000000 0.000000 0.000000 -25.670732 41.768295 -16.219513
1371939 32 0.000000 0.000000 0.000000 -25.548780 44.146343 -13.841464
1371944 32 0.000000 0.000000 0.000000 -22.560976 47.926830 -10.975610
1371949 32 0.000000 0.000000 0.000000 -16.707317 52.195122 -7.195122
1371954 32 0.000000 0.000000 0.000000 -11.585366 54.634148 -7.743903
1371959 31 0.000000 0.000000 0.000000 -5.731708 57.500000 -7.804878
1371964 31 0.000000 0.000000 0.000000 0.000000 59.390244 -5.792683
1371969 31 0.000000 0.000000 0.000000 5.243903 59.390244 -5.060976
1371974 30 0.000000 0.000000 0.000000 9.878049 58.780491 -5.304878
1371979 29 0.000000 0.000000 0.000000 14.695123 58.658539 -4.146341
1371984 29 0.000000 0.000000 0.000000 16.219513 58.780491 -4.512195
1371989 28 0.000000 0.000000 0.000000 16.829269 56.890244 -5.121951
1371994 26 0.000000 0.000000 0.000000 15.243903 55.548782 -7.560976
1371999 26 0.000000 0.000000 0.000000 12.743903 53.353661 -9.207317
1372004 26 0.000000 0.000000 0.000000 8.841464 49.878052 -10.792684
1372009 23 0.000000 0.000000 0.000000 3.597561 46.036587 -12.378049
1372014 21 0.000000 0.000000 10.000000 -2.134146 42.987804 -14.024390
1372019 19 0.000000 0.000000 10.000000 -7.378049 41.463417 -15.182927
1372024 19 0.000000 0.000000 10.000000 -12.073171 38.109756 -16.036585
1372029 18 0.000000 0.000000 10.000000 -14.024390 33.841465 -15.060976
1372034 16 0.000000 0.000000 20.000000 -15.182927 28.902439 -14.390244
1372039 15 0.000000 0.000000 20.000000 -15.304878 23.841463 -14.878049
1372044 15 0.000000 0.000000 20.000000 -14.146341 18.963415 -15.548780
1372049 14 0.000000 0.000000 20.000000 -12.073171 14.756098 -14.634147
1372054 13 0.000000 0.000000 10.000000 -9.329268 11.341464 -13.719513
1372059 13 0.000000 0.000000 10.000000 -6.951220 7.804878 -13.963415
1372064 13 0.000000 0.000000 10.000000 -3.231707 4.329268 -15.426829
1372069 13 0.000000 0.000000 10.000000 0.731707 2.073171 -18.048780
1372074 12 0.000000 0.000000 10.000000 4.512195 -0.487805 -22.439024
1372079 12 0.000000 0.000000 10.000000 6.890244 -3.475610 -27.317074
1372084 12 0.000000 0.000000 10.000000 9.207317 -7.621952 -30.365854
1372089 12 0.000000 0.000000 10.000000 10.609756 -12.804878 -32.500000
1372094 13 0.000000 0.000000 10.000000 12.500000 -18.231709 -32.987804
1372099 13 0.000000 0.000000 10.000000 14.268293 -23.658537 -31.890245
1372104 13 0.000000 0.000000 10.000000 15.304878 -28.231709 -30.548780
1372109 12 0.000000 0.000000 10.000000 15.975610 -33.292683 -29.634148
1372114 12 0.000000 0.000000 10.000000 15.914635 -39.085365 -29.085367
1372119 12 0.000000 0.000000 10.000000 15.914635 -45.182926 -28.536587
1372124 12 0.000000 0.000000 10.000000 15.670732 -50.975613 -27.926830
1372129 12 0.000000 0.000000 10.000000 15.487805 -56.097561 -27.256098
1372134 12 0.000000 0.000000 10.000000 14.939025 -60.121952 -26.463415
1372139 12 0.000000 0.000000 10.000000 14.573171 -62.926830 -25.975611
1372144 12 0.000000 0.000000 10.000000 14.573171 -65.000000 -25.060976
1372149 12 0.000000 0.000000 10.000000 14.451220 -66.646339 -23.597561
1372154 12 0.000000 0.000000 10.000000 14.329268 -67.256096 -21.707317
1372159 12 0.000000 0.000000 0.000000 15.243903 -67.134148 -19.817074
1372164 12 0.000000 0.000000 0.000000 16.036585 -66.463417 -16.585365
1372169 12 0.000000 0.000000 0.000000 16.036585 -65.792686 -13.353659
1372174 12 0.000000 0.000000 0.000000 16.585365 -64.268295 -11.707317
1372179 12 0.000000 0.000000 0.000000 16.402439 -61.219513 -9.878049
1372184 12 0.000000 0.000000 0.000000 15.548780 -57.317074 -7.439024
1372189 12 0.000000 0.000000 0.000000 14.451220 -52.743904 -3.902439
1372194 12 0.000000 0.000000 0.000000 13.170732 -47.804878 0.121951
1372199 13 0.000000 0.000000 0.000000 11.646341 -42.926830 5.243903
1372204 13 0.000000 0.000000 0.000000 9.451220 -38.109756 10.975610
1372209 13 0.000000 0.000000 0.000000 5.914634 -33.841465 17.378050
1372214 13 0.000000 0.000000 0.000000 2.378049 -30.487806 24.573172
1372219 13 0.000000 0.000000 0.000000 -0.853659 -28.475611 32.987804
1372224 13 0.000000 0.000000 0.000000 -5.121951 -27.378050 43.353661
1372229 13 0.000000 0.000000 0.000000 -10.182927 -27.926830 54.573174
1372234 13 0.000000 0.000000 0.000000 -15.426829 -31.341465 65.182930
1372239 13 0.000000 0.000000 0.000000 -19.756098 -38.902439 74.634148
1372244 13 0.000000 0.000000 0.000000 -23.719513 -51.097561 82.439026
1372249 13 0.000000 0.000000 0.000000 -27.743902 -67.439026 89.207321
1372254 13 0.000000 0.000000 0.000000 -31.768293 -86.463417 95.548782
1372259 13 0.000000 0.000000 0.000000 -34.451221 -110.060982 102.743904
1372264 13 0.000000 0.000000 0.000000 -37.560978 -135.853668 110.121956
1372269 13 0.000000 0.000000 0.000000 -42.012196 -162.195129 117.621956
1372274 13 0.000000 0.000000 0.000000 -46.829269 -188.292694 125.975616
1372279 13 0.000000 0.000000 0.000000 -52.926830 -212.378052 133.902435
1372284 13 0.000000 0.000000 0.000000 -61.707317 -233.414642 139.939026
1372289 13 0.000000 0.000000 0.000000 -71.951218 -250.000000 143.780487
1372294 13 0.000000 0.000000 0.000000 -83.536591 -261.280487 145.975616
1372299 13 0.000000 0.000000 0.000000 -98.414635 -267.682922 144.268295
1372304 13 0.000000 0.000000 0.000000 -113.475609 -268.902435 139.390244
1372309 13 0.000000 0.000000 0.000000 -128.231705 -265.792694 131.585373
1372314 13 0.000000 0.000000 0.000000 -143.048782 -259.329285 121.768295
1372319 13 0.000000 0.000000 0.000000 -154.756104 -251.097565 109.634148
1372324 13 0.000000 0.000000 0.000000 -166.158539 -239.512207 95.121956
1372329 13 0.000000 0.000000 0.000000 -176.768295 -227.439026 76.890244
1372334 13 0.000000 0.000000 0.000000 -182.682938 -214.756104 57.560978
1372339 13 0.000000 0.000000 0.000000 -180.121948 -202.987808 40.548782
1372344 13 0.000000 0.000000 0.000000 -172.682938 -193.597565 21.524391
1372349 13 0.000000 0.000000 0.000000 -160.731705 -186.524399 0.792683
1372354 13 0.000000 0.000000 0.000000 -142.378052 -180.365860 -18.902439
1372359 13 0.000000 0.000000 0.000000 -118.231712 -172.621948 -38.109756
1372364 13 0.000000 0.000000 0.000000 -88.475609 -167.256104 -56.524391
1372369 13 0.000000 0.000000 0.000000 -56.585365 -163.475616 -75.609756
1372374 13 0.000000 0.000000 0.000000 -22.134148 -159.878052 -94.512199
1372379 13 0.000000 0.000000 0.000000 14.634147 -154.817078 -113.658539
1372384 13 0.000000 0.000000 0.000000 50.975613 -151.341461 -130.121948
1372389 13 0.000000 0.000000 0.000000 86.646347 -151.219513 -143.170731
1372394 13 0.000000 0.000000 0.000000 119.939026 -152.317078 -155.548782
1372399 13 0.000000 0.000000 0.000000 149.878052 -157.804886 -165.243912
1372404 13 0.000000 0.000000 0.000000 176.280487 -166.829269 -172.012192
1372409 13 0.000000 0.000000 0.000000 196.219513 -178.109756 -176.585373
1372414 13 0.000000 0.000000 0.000000 212.012207 -190.426834 -178.963425
1372419 13 0.000000 0.000000 0.000000 223.231720 -204.085373 -179.817078
1372424 13 0.000000 0.000000 0.000000 226.951218 -217.317078 -178.963425
1372429 13 0.000000 0.000000 0.000000 225.426834 -226.646347 -177.256104
1372434 13 0.000000 0.000000 0.000000 219.329269 -231.951218 -173.841461
1372439 13 0.000000 0.000000 0.000000 208.963425 -233.292694 -168.780487
1372444 13 0.000000 0.000000 0.000000 194.817078 -230.182938 -163.353668
1372449 13 0.000000 0.000000 0.000000 179.512192 -221.951218 -154.512192
1372454 13 0.000000 0.000000 0.000000 161.463425 -206.402451 -147.682938
1372459 13 0.000000 0.000000 0.000000 142.195129 -184.451218 -138.719513
1372464 13 0.000000 0.000000 0.000000 124.939026 -158.414642 -128.536591
1372469 13 0.000000 0.000000 0.000000 108.902443 -129.756104 -117.500000
1372474 13 0.000000 0.000000 0.000000 96.646347 -104.268295 -105.243904
1372479 13 0.000000 0.000000 0.000000 79.817078 -67.439026 -88.292686
1372484 13 0.000000 0.000000 0.000000 59.573174 -34.695122 -74.146339
1372489 13 0.000000 0.000000 0.000000 43.902439 -7.500000 -60.975613
1372494 13 0.000000 0.000000 0.000000 30.182928 13.231708 -49.024391
1372499 13 0.000000 0.000000 0.000000 14.756098 28.109756 -38.780487
1372504 13 0.000000 0.000000 0.000000 -1.158537 37.804878 -31.829269
1372509 13 0.000000 0.000000 0.000000 -17.073172 41.280487 -28.597561
1372514 13 0.000000 0.000000 0.000000 -31.890245 37.987804 -26.219513
1372519 13 0.000000 0.000000 0.000000 -45.304878 30.548780 -23.963415
1372524 13 0.000000 0.000000 0.000000 -57.195122 20.121952 -23.231709
1372529 13 0.000000 0.000000 0.000000 -65.182930 8.353659 -23.353659
1372534 13 0.000000 0.000000 0.000000 -71.768295 -5.487805 -23.963415
1372539 13 0.000000 0.000000 0.000000 -74.634148 -20.000000 -24.817074
1372544 14 0.000000 0.000000 0.000000 -71.524391 -32.804878 -25.365854
1372549 14 0.000000 0.000000 0.000000 -66.219513 -42.987804 -25.853659
1372554 14 0.000000 0.000000 0.000000 -58.231709 -50.609756 -26.097561
1372559 14 0.000000 0.000000 0.000000 -47.804878 -55.609756 -25.365854
1372564 14 0.000000 0.000000 0.000000 -35.121952 -57.256100 -24.024391
1372569 14 0.000000 0.000000 0.000000 -20.853659 -56.524391 -22.073172
1372574 14 0.000000 0.000000 0.000000 -6.768293 -53.963417 -17.804878
1372579 14 0.000000 0.000000 0.000000 4.634146 -51.768295 -13.719513
1372584 14 0.000000 0.000000 0.000000 15.365854 -49.695122 -8.475610
1372589 14 0.000000 0.000000 0.000000 25.487806 -47.439026 -1.097561
1372594 14 0.000000 0.000000 0.000000 32.073170 -46.890244 5.243903
1372599 14 0.000000 0.000000 0.000000 34.573170 -47.682926 10.243902
1372604 14 0.000000 0.000000 0.000000 33.597561 -49.207317 15.914635
1372609 14 0.000000 0.000000 0.000000 30.792685 -51.585365 21.341463
1372614 14 0.000000 0.000000 0.000000 25.060976 -54.024391 26.951220
1372619 14 0.000000 0.000000 0.000000 16.158537 -57.134148 32.378048
1372624 15 0.000000 0.000000 0.000000 5.548780 -60.304878 36.463417
1372629 15 0.000000 0.000000 0.000000 -6.402439 -62.865856 39.756100
1372634 15 0.000000 0.000000 0.000000 -18.963415 -64.451218 42.621952
1372639 15 0.000000 0.000000 0.000000 -31.341465 -65.426834 45.609756
1372644 15 0.000000 0.000000 0.000000 -43.780487 -64.390244 47.682926
1372649 15 0.000000 0.000000 0.000000 -52.987804 -62.743904 49.024391
1372654 15 0.000000 0.000000 0.000000 -60.060978 -61.036587 50.365856
1372659 15 0.000000 0.000000 0.000000 -66.036591 -58.536587 51.585365
1372664 15 0.000000 0.000000 0.000000 -70.000000 -55.792683 52.500000
1372669 15 0.000000 0.000000 0.000000 -70.548782 -52.804878 52.317074
1372674 15 0.000000 0.000000 0.000000 -67.560974 -50.914635 52.073174
1372679 15 0.000000 0.000000 0.000000 -63.414635 -48.658539 52.256100
1372684 15 0.000000 0.000000 0.000000 -58.536587 -45.365856 52.560978
1372689 15 0.000000 0.000000 0.000000 -51.829269 -41.890244 52.804878
1372694 15 0.000000 0.000000 0.000000 -43.109756 -39.146343 53.048782
1372699 15 0.000000 0.000000 0.000000 -35.121952 -36.097561 54.268295
1372704 15 0.000000 0.000000 0.000000 -27.621952 -31.463415 55.670734
1372709 15 0.000000 0.000000 0.000000 -19.939024 -25.853659 56.951221
1372714 15 0.000000 0.000000 0.000000 -11.524390 -21.402439 57.926830
1372719 15 0.000000 0.000000 0.000000 -4.939024 -16.463415 58.963417
1372724 15 0.000000 0.000000 0.000000 -0.914634 -11.585366 60.060978
1372729 15 0.000000 0.000000 0.000000 2.256098 -6.951220 60.731709
1372734 15 0.000000 0.000000 0.000000 4.390244 -2.134146 60.792683
1372739 15 0.000000 0.000000 0.000000 5.853659 0.914634 61.097561
1372744 15 0.000000 0.000000 0.000000 6.158537 2.926829 61.219513
1372749 15 0.000000 0.000000 0.000000 4.756098 4.451220 61.158539
1372754 15 0.000000 0.000000 0.000000 2.743902 6.158537 60.548782
1372759 15 0.000000 0.000000 0.000000 -0.243902 8.170732 59.512196
1372764 15 0.000000 0.000000 0.000000 -4.512195 10.548780 58.048782
1372769 15 0.000000 0.000000 0.000000 -9.329268 13.231708 56.341465
1372774 15 0.000000 0.000000 0.000000 -13.536586 14.878049 54.878052
1372779 15 0.000000 0.000000 0.000000 -16.097561 15.426829 53.780491
1372784 15 0.000000 0.000000 0.000000 -17.804878 15.365854 51.829269
1372789 15 0.000000 0.000000 0.000000 -18.109756 14.207317 49.451221
1372794 15 0.000000 0.000000 0.000000 -17.500000 12.621951 47.560978
1372799 15 0.000000 0.000000 0.000000 -16.951220 12.439025 45.243904
1372804 15 0.000000 0.000000 0.000000 -16.524391 13.231708 42.804878
1372809 15 0.000000 0.000000 0.000000 -14.878049 14.390244 40.731709
1372814 15 0.000000 0.000000 0.000000 -13.231708 16.097561 38.658539
1372819 16 0.000000 0.000000 0.000000 -10.548780 17.439024 35.609756
1372824 16 0.000000 0.000000 0.000000 -8.109756 19.817074 32.560978
1372829 16 0.000000 0.000000 0.000000 -5.304878 21.951220 29.024391
1372834 16 0.000000 0.000000 0.000000 -2.439024 24.207317 26.036587
1372839 16 0.000000 0.000000 0.000000 -0.121951 26.829269 23.353659
1372844 16 0.000000 0.000000 0.000000 1.341463 28.780489 20.182928
1372849 16 0.000000 0.000000 0.000000 3.109756 30.304878 16.402439
1372854 16 0.000000 0.000000 0.000000 4.634146 32.134148 12.987805
1372859 16 0.000000 0.000000 0.000000 6.463415 32.560978 9.878049
1372864 16 0.000000 0.000000 0.000000 7.317073 32.195122 7.560976
1372869 16 0.000000 0.000000 0.000000 7.317073 31.463415 5.914634
1372874 16 0.000000 0.000000 0.000000 6.219512 30.792685 3.719512
1372879 16 0.000000 0.000000 0.000000 4.878049 30.121952 0.975610
1372884 16 0.000000 0.000000 0.000000 4.329268 28.597561 -1.829268
1372889 16 0.000000 0.000000 0.000000 3.048780 26.158537 -4.573171
1372894 16 0.000000 0.000000 0.000000 0.670732 24.024391 -7.317073
1372899 16 0.000000 0.000000 0.000000 -2.682927 22.378050 -9.878049
1372904 16 0.000000 0.000000 0.000000 -5.304878 20.792683 -12.682927
1372909 16 0.000000 0.000000 0.000000 -7.439024 19.817074 -15.121951
1372914 16 0.000000 0.000000 0.000000 -9.878049 20.182928 -16.890244
1372919 16 0.000000 0.000000 0.000000 -12.560976 21.707317 -18.841463
1372924 17 0.000000 0.000000 0.000000 -14.756098 23.048780 -20.731709
1372929 17 0.000000 0.000000 0.000000 -16.158537 23.963415 -22.317074
1372934 17 0.000000 0.000000 0.000000 -16.585365 24.695122 -24.207317
1372939 17 0.000000 0.000000 0.000000 -16.158537 25.060976 -26.219513
1372944 17 0.000000 0.000000 0.000000 -15.304878 24.756098 -27.804878
1372949 17 0.000000 0.000000 0.000000 -13.231708 24.512196 -28.536587
1372954 17 0.000000 0.000000 0.000000 -10.914635 24.268293 -29.329269
1372959 17 0.000000 0.000000 0.000000 -8.231708 24.268293 -29.939026
1372964 17 0.000000 0.000000 0.000000 -5.548780 23.780489 -30.426830
1372969 17 0.000000 0.000000 0.000000 -3.841464 23.170732 -30.975611
1372974 17 0.000000 0.000000 0.000000 -2.256098 22.134148 -31.829269
1372979 17 0.000000 0.000000 0.000000 -0.426829 20.731709 -32.682926
1372984 17 0.000000 0.000000 0.000000 0.060976 18.963415 -33.353661
1372989 17 0.000000 0.000000 0.000000 -0.304878 17.560976 -33.475609
1372994 17 0.000000 0.000000 0.000000 -0.914634 16.707317 -33.780487
1372999 17 0.000000 0.000000 0.000000 -1.158537 15.060976 -34.451221
1373004 17 0.000000 0.000000 0.000000 -1.951220 12.926829 -35.548782
1373009 17 0.000000 0.000000 0.000000 -2.926829 11.280488 -37.134148
1373014 17 0.000000 0.000000 0.000000 -3.780488 10.000000 -38.231709
1373019 17 0.000000 0.000000 0.000000 -5.060976 9.268292 -39.024391
1373024 17 0.000000 0.000000 0.000000 -6.158537 8.109756 -39.329269
1373029 18 0.000000 0.000000 0.000000 -6.341464 7.621952 -38.719513
1373034 18 0.000000 0.000000 0.000000 -7.439024 7.195122 -38.841465
1373039 18 0.000000 0.000000 0.000000 -8.170732 8.292683 -39.146343
1373044 18 0.000000 0.000000 0.000000 -7.439024 10.121951 -36.036587
1373049 18 0.000000 0.000000 0.000000 -7.560976 11.158537 -35.000000
1373054 18 0.000000 0.000000 0.000000 -8.902439 10.000000 -37.378048
1373059 18 0.000000 0.000000 0.000000 -8.475610 9.146341 -38.658539
1373064 18 0.000000 0.000000 0.000000 -7.195122 9.024390 -37.560978
1373069 18 0.000000 0.000000 0.000000 -6.280488 8.658537 -36.158539
1373074 18 0.000000 0.000000 0.000000 -5.548780 8.292683 -35.000000
1373079 18 0.000000 0.000000 0.000000 -4.695122 8.902439 -33.353661
1373084 19 0.000000 0.000000 0.000000 -3.719512 9.451220 -32.012196
1373089 19 0.000000 0.000000 0.000000 -3.231707 9.146341 -31.707317
1373094 19 0.000000 0.000000 0.000000 -2.256098 8.048780 -31.646341
1373099 19 0.000000 0.000000 0.000000 -0.731707 7.804878 -30.670732
1373104 19 0.000000 0.000000 0.000000 -0.548781 7.987805 -29.695122
1373109 19 0.000000 0.000000 0.000000 -0.670732 9.390244 -29.329269
1373114 19 0.000000 0.000000 0.000000 -1.524390 10.000000 -29.146341
1373119 19 0.000000 0.000000 0.000000 -3.109756 10.060976 -29.817074
1373124 19 0.000000 0.000000 0.000000 -3.841464 9.817074 -29.573172
1373129 20 0.000000 0.000000 0.000000 -5.365854 10.304878 -30.182928
1373134 20 0.000000 0.000000 0.000000 -6.890244 11.158537 -30.670732
1373139 20 0.000000 0.000000 0.000000 -6.707317 11.524390 -29.512196
1373144 20 0.000000 0.000000 0.000000 -5.548780 11.707317 -28.475611
1373149 20 0.000000 0.000000 0.000000 -6.219512 11.219512 -27.134148
1373154 20 0.000000 0.000000 0.000000 -6.829268 9.329268 -26.463415
1373159 20 0.000000 0.000000 0.000000 -6.463415 7.987805 -26.158537
1373164 20 0.000000 0.000000 0.000000 -5.731708 7.378049 -25.426830
1373169 20 0.000000 0.000000 0.000000 -4.085366 7.865854 -24.207317
1373174 20 0.000000 0.000000 0.000000 -3.719512 8.719512 -22.439024
1373179 20 0.000000 0.000000 0.000000 -4.939024 10.182927 -21.158537
1373184 20 0.000000 0.000000 0.000000 -4.451220 11.402439 -20.365854
1373189 20 0.000000 0.000000 0.000000 -2.439024 12.621951 -18.719513
1373194 20 0.000000 0.000000 0.000000 -2.073171 13.963415 -17.621952
1373199 20 0.000000 0.000000 0.000000 -1.707317 15.182927 -15.243903
1373204 20 0.000000 0.000000 0.000000 -2.012195 16.829269 -14.390244
1373209 20 0.000000 0.000000 0.000000 -2.500000 18.231709 -15.304878
1373214 20 0.000000 0.000000 0.000000 -2.865854 19.573172 -14.695123
1373219 20 0.000000 0.000000 0.000000 -3.048780 20.548780 -13.841464
1373224 20 0.000000 0.000000 0.000000 -3.963415 21.890244 -14.146341
1373229 20 0.000000 0.000000 0.000000 -4.939024 21.951220 -14.085366
1373234 20 0.000000 0.000000 0.000000 -5.182927 21.524391 -13.109756
1373239 20 0.000000 0.000000 0.000000 -5.304878 21.890244 -11.280488
1373244 20 0.000000 0.000000 0.000000 -5.304878 21.585367 -8.658537
1373249 20 0.000000 0.000000 0.000000 -5.000000 20.121952 -6.707317
1373254 20 0.000000 0.000000 0.000000 -5.426829 18.902439 -6.036585
1373259 21 0.000000 0.000000 0.000000 -4.817073 18.475611 -5.060976
1373264 21 0.000000 0.000000 0.000000 -4.146341 18.658537 -3.963415
1373269 21 0.000000 0.000000 0.000000 -4.207317 19.146341 -2.439024
1373274 21 0.000000 0.000000 0.000000 -3.719512 19.512196 -1.585366
1373279 21 0.000000 0.000000 0.000000 -4.207317 19.634148 -1.463415
1373284 21 0.000000 0.000000 0.000000 -4.756098 19.390244 -1.219512
1373289 21 0.000000 0.000000 0.000000 -6.036585 20.304878 -0.304878
1373294 21 0.000000 0.000000 0.000000 -7.560976 21.951220 0.426829
1373299 21 0.000000 0.000000 0.000000 -7.682927 22.987806 1.585366
1373304 21 0.000000 0.000000 0.000000 -8.902439 24.512196 2.012195
1373309 21 0.000000 0.000000 0.000000 -11.707317 26.402439 1.890244
1373314 21 0.000000 0.000000 0.000000 -13.353659 26.524391 3.780488
1373319 21 0.000000 0.000000 0.000000 -13.536586 26.158537 5.182927
1373324 21 0.000000 0.000000 0.000000 -12.012196 25.304878 6.585366
1373329 21 0.000000 0.000000 0.000000 -10.000000 24.329269 8.353659
1373334 21 0.000000 0.000000 0.000000 -7.987805 24.085367 9.573171
1373339 21 0.000000 0.000000 0.000000 -5.975610 24.268293 10.487805
1373344 21 0.000000 0.000000 0.000000 -4.024390 23.780489 10.060976
1373349 21 0.000000 0.000000 0.000000 -2.865854 22.926830 9.817074
1373354 21 0.000000 0.000000 0.000000 -1.280488 22.743902 10.060976
1373359 21 0.000000 0.000000 0.000000 0.000000 23.109756 9.878049
1373364 21 0.000000 0.000000 0.000000 0.121951 23.475611 10.000000
1373369 21 0.000000 0.000000 0.000000 -0.792683 23.902439 10.609756
1373374 21 0.000000 0.000000 0.000000 -3.414634 24.817074 11.402439
1373379 21 0.000000 0.000000 0.000000 -5.792683 24.512196 11.707317
1373384 21 0.000000 0.000000 0.000000 -8.353659 25.731709 12.560976
1373389 21 0.000000 0.000000 0.000000 -10.792684 27.500000 13.963415
1373394 21 0.000000 0.000000 0.000000 -11.890244 27.256098 14.451220
1373399 21 0.000000 0.000000 0.000000 -12.621951 26.280489 14.329268
1373404 21 0.000000 0.000000 0.000000 -12.682927 23.902439 13.048780
1373409 21 0.000000 0.000000 0.000000 -11.707317 21.219513 11.646341
1373414 21 0.000000 0.000000 0.000000 -11.097561 19.329269 11.585366
1373419 21 0.000000 0.000000 0.000000 -10.914635 18.292683 12.256098
1373424 21 0.000000 0.000000 0.000000 -9.756098 16.768293 12.439025
1373429 21 0.000000 0.000000 0.000000 -9.329268 15.365854 11.890244
1373434 22 0.000000 0.000000 0.000000 -7.073171 15.304878 12.439025
1373439 22 0.000000 0.000000 0.000000 -4.573171 15.609756 12.560976
1373444 22 0.000000 0.000000 0.000000 -2.560976 15.365854 12.256098
1373449 22 0.000000 0.000000 0.000000 -2.500000 16.707317 11.707317
1373454 22 0.000000 0.000000 0.000000 -3.780488 19.390244 11.890244
1373459 22 0.000000 0.000000 0.000000 -4.146341 21.585367 12.439025
1373464 22 0.000000 0.000000 0.000000 -4.329268 22.865854 12.134147
1373469 22 0.000000 0.000000 0.000000 -4.146341 22.926830 11.951220
1373474 22 0.000000 0.000000 0.000000 -5.792683 23.170732 11.890244
1373479 22 0.000000 0.000000 0.000000 -6.890244 23.109756 11.646341
1373484 22 0.000000 0.000000 0.000000 -7.804878 21.829269 11.402439
1373489 22 0.000000 0.000000 0.000000 -8.719512 20.792683 11.707317
1373494 22 0.000000 0.000000 0.000000 -10.121951 19.024391 11.280488
1373499 22 0.000000 0.000000 0.000000 -10.060976 17.500000 10.914635
1373504 23 0.000000 0.000000 0.000000 -7.987805 15.487805 9.695122
1373509 23 0.000000 0.000000 0.000000 -6.829268 13.719513 8.658537
1373514 23 0.000000 0.000000 0.000000 -4.817073 12.317074 7.560976
1373519 23 0.000000 0.000000 0.000000 -3.658537 10.914635 5.792683
1373524 23 0.000000 0.000000 0.000000 -3.109756 10.426829 6.036585
1373529 23 0.000000 0.000000 0.000000 -0.853659 10.121951 6.524390
1373534 23 0.000000 0.000000 0.000000 0.000000 9.512196 6.524390
1373539 23 0.000000 0.000000 0.000000 -0.914634 9.756098 6.097561
1373544 23 0.000000 0.000000 0.000000 -1.219512 10.914635 5.609756
1373549 23 0.000000 0.000000 0.000000 -0.548781 13.536586 6.341464
1373554 23 0.000000 0.000000 0.000000 -1.524390 16.463415 5.731708
1373559 23 0.000000 0.000000 0.000000 -3.048780 18.048780 4.146341
1373564 23 0.000000 0.000000 0.000000 -4.512195 18.597561 2.926829
1373569 23 0.000000 0.000000 0.000000 -5.731708 19.268293 1.219512
1373574 23 0.000000 0.000000 0.000000 -6.951220 19.695122 -0.060976
1373579 23 0.000000 0.000000 0.000000 -8.658537 20.670732 -0.121951
1373584 23 0.000000 0.000000 0.000000 -8.109756 20.548780 -1.219512
1373589 23 0.000000 0.000000 0.000000 -4.695122 18.109756 -2.439024
1373594 23 0.000000 0.000000 0.000000 -1.341463 15.853659 -3.109756
1373599 23 0.000000 0.000000 0.000000 -0.609756 15.548780 -2.804878
1373604 23 0.000000 0.000000 0.000000 -1.707317 14.390244 -2.439024
1373609 23 0.000000 0.000000 0.000000 -1.524390 12.743903 -2.804878
1373614 23 0.000000 0.000000 0.000000 -2.621951 10.487805 -5.792683
1373619 24 0.000000 0.000000 0.000000 -2.012195 10.975610 -6.280488
1373624 24 0.000000 0.000000 0.000000 0.243902 13.780488 -3.536585
1373629 24 0.000000 0.000000 0.000000 1.219512 14.329268 -2.987805
1373634 24 0.000000 0.000000 0.000000 2.439024 12.682927 -3.292683
1373639 24 0.000000 0.000000 0.000000 3.536585 12.560976 -4.878049
1373644 24 0.000000 0.000000 0.000000 3.475610 13.841464 -6.219512
1373649 24 0.000000 0.000000 0.000000 2.865854 15.548780 -6.341464
1373654 24 0.000000 0.000000 0.000000 1.768293 17.439024 -6.951220
1373659 24 0.000000 0.000000 0.000000 -1.402439 18.536585 -9.085366
1373664 24 0.000000 0.000000 0.000000 -3.475610 18.170732 -10.182927
1373669 24 0.000000 0.000000 0.000000 -5.000000 17.500000 -9.512196
1373674 24 0.000000 0.000000 0.000000 -8.170732 16.463415 -10.304878
1373679 24 0.000000 0.000000 0.000000 -10.975610 14.939025 -11.036586
1373684 24 0.000000 0.000000 0.000000 -11.341464 14.512196 -8.841464
1373689 24 0.000000 0.000000 0.000000 -11.280488 12.500000 -7.865854
1373694 24 0.000000 0.000000 0.000000 -12.439025 11.585366 -7.560976
1373699 24 0.000000 0.000000 0.000000 -14.024390 12.500000 -7.500000
1373704 24 0.000000 0.000000 0.000000 -12.926829 13.170732 -8.170732
1373709 24 0.000000 0.000000 0.000000 -8.841464 13.841464 -8.658537
1373714 24 0.000000 0.000000 0.000000 -4.939024 15.548780 -10.243902
1373719 24 0.000000 0.000000 0.000000 -1.524390 19.329269 -9.756098
1373724 24 0.000000 0.000000 0.000000 -0.487805 23.536587 -9.695122
1373729 24 0.000000 0.000000 0.000000 -0.426829 24.878050 -11.768293
1373734 24 0.000000 0.000000 0.000000 0.487805 25.304878 -12.195122
1373739 24 0.000000 0.000000 0.000000 1.219512 25.609756 -10.548780
1373744 24 0.000000 0.000000 0.000000 0.365854 25.548780 -9.573171
1373749 24 0.000000 0.000000 0.000000 -1.829268 25.000000 -8.475610
1373754 24 0.000000 0.000000 0.000000 -2.804878 23.048780 -8.170732
1373759 24 0.000000 0.000000 0.000000 -2.804878 21.524391 -7.743903
1373764 24 0.000000 0.000000 0.000000 -3.658537 19.695122 -8.658537
1373769 24 0.000000 0.000000 0.000000 -5.487805 16.890244 -12.073171
1373774 24 0.000000 0.000000 0.000000 -6.585366 15.792684 -12.439025
1373779 24 0.000000 0.000000 0.000000 -7.073171 14.756098 -12.439025
1373784 24 0.000000 0.000000 0.000000 -7.256098 14.329268 -12.926829
1373789 24 0.000000 0.000000 0.000000 -7.804878 15.487805 -13.719513
1373794 24 0.000000 0.000000 0.000000 -9.024390 17.317074 -13.658537
1373799 24 0.000000 0.000000 0.000000 -8.841464 18.475611 -12.256098
1373804 24 0.000000 0.000000 0.000000 -8.963415 17.865854 -11.829268
1373809 24 0.000000 0.000000 0.000000 -7.865854 18.475611 -12.865854
1373814 24 0.000000 0.000000 0.000000 -6.463415 21.097561 -11.768293
1373819 24 0.000000 0.000000 0.000000 -5.914634 24.573172 -8.902439
1373824 24 0.000000 0.000000 0.000000 -5.914634 25.914635 -7.987805
1373829 25 0.000000 0.000000 0.000000 -5.792683 26.280489 -9.207317
1373834 24 0.000000 0.000000 0.000000 -5.914634 25.548780 -9.512196
1373839 24 0.000000 0.000000 0.000000 -5.731708 25.792683 -10.000000
1373844 24 0.000000 0.000000 0.000000 -5.548780 25.792683 -11.097561
1373849 25 0.000000 0.000000 0.000000 -5.853659 23.780489 -13.658537
1373854 25 0.000000 0.000000 0.000000 -5.121951 21.097561 -14.817074
1373859 25 0.000000 0.000000 0.000000 -4.329268 19.329269 -12.926829
1373864 25 0.000000 0.000000 0.000000 -4.207317 17.439024 -11.158537
1373869 25 0.000000 0.000000 0.000000 -2.378049 14.817074 -10.365854
1373874 25 0.000000 0.000000 0.000000 -1.158537 13.170732 -10.304878
1373879 25 0.000000 0.000000 0.000000 -1.219512 13.048780 -11.036586
1373884 25 0.000000 0.000000 0.000000 -1.280488 14.268293 -11.097561
1373889 25 0.000000 0.000000 0.000000 -1.097561 16.158537 -9.695122
1373894 25 0.000000 0.000000 0.000000 -0.121951 16.646341 -9.695122
1373899 25 0.000000 0.000000 0.000000 -0.060976 16.036585 -11.646341
1373904 25 0.000000 0.000000 0.000000 -0.609756 15.975610 -12.926829
1373909 25 0.000000 0.000000 0.000000 -1.890244 16.524391 -12.987805
1373914 25 0.000000 0.000000 0.000000 -3.719512 17.500000 -13.170732
1373919 25 0.000000 0.000000 0.000000 -5.426829 17.743902 -14.146341
1373924 25 0.000000 0.000000 0.000000 -6.524390 18.597561 -14.268293
1373929 25 0.000000 0.000000 0.000000 -9.329268 19.695122 -14.695123
1373934 25 0.000000 0.000000 0.000000 -11.158537 20.670732 -12.621951
1373939 25 0.000000 0.000000 0.000000 -12.134147 19.756098 -10.487805
1373944 25 0.000000 0.000000 0.000000 -11.707317 18.841463 -8.902439
1373949 25 0.000000 0.000000 0.000000 -10.121951 17.256098 -7.743903
1373954 25 0.000000 0.000000 0.000000 -8.780488 15.975610 -8.414635
1373959 25 0.000000 0.000000 0.000000 -7.682927 15.000000 -10.000000
1373964 25 0.000000 0.000000 0.000000 -5.914634 15.487805 -10.365854
1373969 25 0.000000 0.000000 0.000000 -5.182927 15.914635 -13.109756
1373974 25 0.000000 0.000000 0.000000 -3.414634 16.890244 -14.390244
1373979 25 0.000000 0.000000 0.000000 0.121951 18.963415 -11.158537
1373984 25 0.000000 0.000000 0.000000 4.146341 18.841463 -8.414635
1373989 25 0.000000 0.000000 0.000000 6.585366 16.829269 -8.963415
1373994 25 0.000000 0.000000 0.000000 5.853659 15.975610 -9.939025
1373999 25 0.000000 0.000000 0.000000 3.902439 16.707317 -9.573171
1374004 25 0.000000 0.000000 0.000000 2.378049 16.890244 -8.170732
1374009 25 0.000000 0.000000 0.000000 1.341463 17.195122 -6.280488
1374014 25 0.000000 0.000000 0.000000 0.365854 16.646341 -4.756098
1374019 25 0.000000 0.000000 0.000000 -1.829268 14.085366 -5.670732
1374024 25 0.000000 0.000000 0.000000 -3.780488 13.109756 -6.524390
1374029 25 0.000000 0.000000 0.000000 -6.341464 14.207317 -4.512195
1374034 25 0.000000 0.000000 0.000000 -8.658537 14.939025 -3.780488
1374039 25 0.000000 0.000000 0.000000 -10.243902 15.304878 -4.878049
1374044 25 0.000000 0.000000 0.000000 -12.195122 16.097561 -5.914634
1374049 25 0.000000 0.000000 0.000000 -11.524390 16.280489 -6.158537
1374054 25 0.000000 0.000000 0.000000 -7.804878 15.670732 -5.304878
1374059 25 0.000000 0.000000 0.000000 -6.890244 14.939025 -5.548780
1374064 25 0.000000 0.000000 0.000000 -5.914634 14.634147 -5.731708
1374069 26 0.000000 0.000000 0.000000 -3.414634 15.914635 -4.390244
1374074 26 0.000000 0.000000 0.000000 -1.219512 16.707317 -3.719512
1374079 26 0.000000 0.000000 0.000000 1.036585 14.756098 -4.695122
1374084 26 0.000000 0.000000 0.000000 3.841464 11.585366 -4.756098
1374089 26 0.000000 0.000000 0.000000 4.695122 9.085366 -3.536585
1374094 26 0.000000 0.000000 0.000000 4.634146 7.926829 -2.743902
1374099 26 0.000000 0.000000 0.000000 4.146341 8.048780 -2.134146
1374104 26 0.000000 0.000000 0.000000 2.743902 9.085366 -2.195122
1374109 26 0.000000 0.000000 0.000000 0.304878 10.792684 -3.353659
1374114 26 0.000000 0.000000 0.000000 -1.219512 12.865854 -1.951220
1374119 26 0.000000 0.000000 0.000000 -3.536585 14.512196 -2.256098
1374124 26 0.000000 0.000000 0.000000 -4.146341 14.085366 -3.597561
1374129 26 0.000000 0.000000 0.000000 -3.170732 14.024390 -3.170732
1374134 26 0.000000 0.000000 0.000000 -3.841464 13.597561 -2.134146
1374139 26 0.000000 0.000000 0.000000 -6.158537 12.500000 -2.134146
1374144 26 0.000000 0.000000 0.000000 -7.804878 12.682927 -2.012195
1374149 26 0.000000 0.000000 0.000000 -7.926829 11.768293 -1.402439
1374154 26 0.000000 0.000000 0.000000 -7.804878 10.731708 -0.548781
1374159 26 0.000000 0.000000 0.000000 -8.292683 11.585366 1.524390
1374164 26 0.000000 0.000000 0.000000 -9.634147 12.317074 1.646341
1374169 26 0.000000 0.000000 0.000000 -10.426829 10.975610 -1.707317
1374174 26 0.000000 0.000000 0.000000 -7.134147 10.731708 -1.463415
1374179 26 0.000000 0.000000 0.000000 -2.195122 13.658537 1.158537
1374184 26 0.000000 0.000000 0.000000 1.646341 15.060976 0.060976
1374189 26 0.000000 0.000000 0.000000 1.585366 12.439025 -4.207317
1374194 26 0.000000 0.000000 0.000000 1.097561 10.731708 -5.731708
1374199 26 0.000000 0.000000 0.000000 2.134146 10.365854 -3.658537
1374204 26 0.000000 0.000000 0.000000 2.560976 9.939025 -2.439024
1374209 26 0.000000 0.000000 0.000000 1.036585 10.000000 -0.426829
1374214 26 0.000000 0.000000 0.000000 0.000000 10.975610 1.768293
1374219 26 0.000000 0.000000 0.000000 -0.182927 11.646341 3.170732
1374224 26 0.000000 0.000000 0.000000 -0.853659 12.682927 3.231707
1374229 26 0.000000 0.000000 0.000000 -2.743902 13.719513 1.646341
1374234 26 0.000000 0.000000 0.000000 -2.012195 13.292684 1.524390
1374239 26 0.000000 0.000000 0.000000 -2.439024 13.536586 2.317073
1374244 26 0.000000 0.000000 0.000000 -3.414634 14.146341 2.317073
1374249 26 0.000000 0.000000 0.000000 -3.414634 12.682927 0.000000
1374254 26 0.000000 0.000000 0.000000 -2.378049 11.524390 -0.426829
1374259 26 0.000000 0.000000 0.000000 -2.804878 11.402439 1.646341
1374264 26 0.000000 0.000000 0.000000 -6.158537 11.097561 1.585366
1374269 26 0.000000 0.000000 0.000000 -8.597561 10.000000 1.829268
1374274 26 0.000000 0.000000 0.000000 -8.902439 8.048780 2.682927
1374279 27 0.000000 0.000000 0.000000 -8.719512 6.707317 2.621951
1374284 27 0.000000 0.000000 0.000000 -8.475610 5.914634 1.951220
1374289 27 0.000000 0.000000 0.000000 -8.780488 6.158537 1.219512
1374294 27 0.000000 0.000000 0.000000 -7.621952 7.378049 0.182927
1374299 27 0.000000 0.000000 0.000000 -5.304878 8.109756 -2.012195
1374304 27 0.000000 0.000000 0.000000 -1.890244 10.243902 -2.317073
1374309 27 0.000000 0.000000 0.000000 -1.951220 13.292684 -3.780488
1374314 27 0.000000 0.000000 0.000000 -0.243902 15.487805 -4.146341
1374319 27 0.000000 0.000000 0.000000 3.170732 17.012196 -1.219512
1374324 27 0.000000 0.000000 0.000000 2.987805 18.719513 0.487805
1374329 27 0.000000 0.000000 0.000000 2.073171 18.841463 1.768293
1374334 27 0.000000 0.000000 0.000000 2.195122 15.792684 1.829268
1374339 27 0.000000 0.000000 0.000000 3.780488 12.804878 2.987805
1374344 27 0.000000 0.000000 0.000000 3.597561 10.792684 3.963415
1374349 27 0.000000 0.000000 0.000000 3.353659 9.146341 3.780488
1374354 27 0.000000 0.000000 0.000000 3.414634 7.987805 2.500000
1374359 27 0.000000 0.000000 0.000000 1.768293 8.597561 0.731707
1374364 27 0.000000 0.000000 0.000000 -0.792683 10.853659 -1.219512
1374369 27 0.000000 0.000000 0.000000 -0.853659 12.195122 -0.670732
1374374 27 0.000000 0.000000 0.000000 -1.707317 13.231708 -0.243902
1374379 27 0.000000 0.000000 0.000000 -5.304878 14.634147 -1.707317
1374384 27 0.000000 0.000000 0.000000 -7.926829 16.585365 -1.341463
1374389 27 0.000000 0.000000 0.000000 -9.085366 17.926830 0.548781
1374394 27 0.000000 0.000000 0.000000 -10.182927 17.682928 1.402439
1374399 27 0.000000 0.000000 0.000000 -10.975610 17.743902 1.768293
1374404 27 0.000000 0.000000 0.000000 -11.829268 18.048780 1.463415
1374409 27 0.000000 0.000000 0.000000 -11.524390 17.500000 -0.609756
1374414 27 0.000000 0.000000 0.000000 -10.426829 17.865854 -1.890244
1374419 27 0.000000 0.000000 0.000000 -7.804878 17.560976 -1.280488
1374424 27 0.000000 0.000000 0.000000 -5.243903 16.158537 -2.073171
1374429 27 0.000000 0.000000 0.000000 -3.292683 15.914635 -3.597561
1374434 27 0.000000 0.000000 0.000000 -0.914634 16.402439 -4.146341
1374439 27 0.000000 0.000000 0.000000 2.743902 16.707317 -3.109756
1374444 27 0.000000 0.000000 0.000000 6.280488 15.914635 -3.353659
1374449 27 0.000000 0.000000 0.000000 9.451220 15.060976 -4.085366
1374454 27 0.000000 0.000000 0.000000 10.304878 16.036585 -4.146341
1374459 27 0.000000 0.000000 0.000000 10.243902 17.926830 -4.695122
1374464 27 0.000000 0.000000 0.000000 9.329268 18.658537 -5.060976
1374469 27 0.000000 0.000000 0.000000 7.317073 19.329269 -4.390244
1374474 27 0.000000 0.000000 0.000000 4.451220 18.963415 -3.902439
1374479 27 0.000000 0.000000 0.000000 2.073171 16.829269 -4.268293
1374484 27 0.000000 0.000000 0.000000 -2.560976 16.524391 -2.378049
1374489 27 0.000000 0.000000 0.000000 -5.426829 15.975610 -1.463415
1374494 27 0.000000 0.000000 0.000000 -7.073171 14.817074 -1.646341
1374499 27 0.000000 0.000000 0.000000 -9.634147 14.817074 -1.646341
1374504 27 0.000000 0.000000 0.000000 -12.317074 15.304878 -2.987805
1374509 27 0.000000 0.000000 0.000000 -12.134147 14.024390 -4.878049
1374514 27 0.000000 0.000000 0.000000 -11.219512 13.902439 -4.390244
1374519 27 0.000000 0.000000 0.000000 -10.853659 15.426829 -5.365854
1374524 27 0.000000 0.000000 0.000000 -10.000000 17.317074 -7.256098
1374529 27 0.000000 0.000000 0.000000 -5.731708 18.292683 -7.012195
1374534 27 0.000000 0.000000 0.000000 -1.524390 18.536585 -6.463415
1374539 27 0.000000 0.000000 0.000000 0.000000 17.500000 -7.926829
1374544 27 0.000000 0.000000 0.000000 4.451220 16.524391 -6.097561
1374549 27 0.000000 0.000000 0.000000 7.926829 15.792684 -3.353659
1374554 27 0.000000 0.000000 0.000000 9.695122 13.902439 -2.804878
1374559 27 0.000000 0.000000 0.000000 8.597561 11.951220 -4.878049
1374564 27 0.000000 0.000000 0.000000 6.402439 12.134147 -5.487805
1374569 27 0.000000 0.000000 0.000000 5.487805 11.768293 -4.756098
1374574 27 0.000000 0.000000 0.000000 5.365854 11.707317 -3.902439
1374579 27 0.000000 0.000000 0.000000 3.536585 14.146341 -2.865854
1374584 27 0.000000 0.000000 0.000000 0.670732 15.975610 -3.414634
1374589 27 0.000000 0.000000 0.000000 -1.402439 15.365854 -7.378049
1374594 27 0.000000 0.000000 0.000000 -0.487805 13.841464 -9.451220
1374599 27 0.000000 0.000000 0.000000 0.182927 12.682927 -6.219512
1374604 27 0.000000 0.000000 0.000000 -2.317073 11.951220 -3.536585
1374609 27 0.000000 0.000000 0.000000 -5.365854 11.768293 -3.231707
1374614 27 0.000000 0.000000 0.000000 -6.463415 11.585366 -3.536585
1374619 27 0.000000 0.000000 0.000000 -5.609756 9.817074 -3.658537
1374624 27 0.000000 0.000000 0.000000 -4.939024 8.719512 -4.695122
1374629 27 0.000000 0.000000 0.000000 -4.207317 8.780488 -5.914634
1374634 27 0.000000 0.000000 0.000000 -3.475610 9.207317 -5.975610
1374639 27 0.000000 0.000000 0.000000 -3.597561 9.817074 -7.012195
1374644 27 0.000000 0.000000 0.000000 -3.902439 11.341464 -7.621952
1374649 27 0.000000 0.000000 0.000000 -2.926829 12.804878 -6.951220
1374654 27 0.000000 0.000000 0.000000 -0.914634 12.500000 -5.731708
1374659 27 0.000000 0.000000 0.000000 1.951220 10.792684 -5.060976
1374664 27 0.000000 0.000000 0.000000 5.243903 8.902439 -4.146341
1374669 27 0.000000 0.000000 0.000000 6.036585 7.500000 -4.390244
1374674 27 0.000000 0.000000 0.000000 5.975610 7.865854 -3.780488
1374679 27 0.000000 0.000000 0.000000 5.000000 6.707317 -3.902439
1374684 27 0.000000 0.000000 0.000000 3.902439 5.975610 -3.231707
1374689 27 0.000000 0.000000 0.000000 3.353659 7.804878 -0.731707
1374694 27 0.000000 0.000000 0.000000 2.256098 8.597561 -1.402439
1374699 27 0.000000 0.000000 0.000000 0.365854 7.682927 -2.317073
1374704 27 0.000000 0.000000 0.000000 -2.317073 6.707317 -4.512195
1374709 27 0.000000 0.000000 0.000000 -5.243903 6.219512 -6.524390
1374714 27 0.000000 0.000000 0.000000 -8.597561 6.829268 -8.414635
1374719 27 0.000000 0.000000 0.000000 -9.512196 6.829268 -8.841464
1374724 27 0.000000 0.000000 0.000000 -8.780488 5.548780 -7.804878
1374729 27 0.000000 0.000000 0.000000 -8.658537 5.304878 -6.097561
1374734 27 0.000000 0.000000 0.000000 -10.121951 5.670732 -5.609756
1374739 27 0.000000 0.000000 0.000000 -8.109756 7.317073 -4.817073
1374744 27 0.000000 0.000000 0.000000 -4.695122 7.804878 -4.207317
1374749 27 0.000000 0.000000 0.000000 -0.426829 6.829268 1.524390
1374754 27 0.000000 0.000000 0.000000 2.926829 4.634146 2.195122
1374759 27 0.000000 0.000000 0.000000 1.463415 2.012195 -7.317073
1374764 27 0.000000 0.000000 0.000000 0.792683 2.621951 -9.512196
1374769 27 0.000000 0.000000 0.000000 0.243902 4.573171 -7.560976
1374774 27 0.000000 0.000000 0.000000 1.402439 4.634146 -5.060976
1374779 27 0.000000 0.000000 0.000000 6.585366 2.682927 -2.865854
1374784 27 0.000000 0.000000 0.000000 10.182927 0.548781 -1.097561
1374789 27 0.000000 0.000000 0.000000 8.170732 0.487805 -0.609756
1374794 27 0.000000 0.000000 0.000000 4.756098 1.707317 -2.743902
1374799 27 0.000000 0.000000 0.000000 3.231707 3.414634 -5.609756
1374804 27 0.000000 0.000000 0.000000 0.731707 4.146341 -8.231708
1374809 27 0.000000 0.000000 0.000000 -2.865854 4.634146 -10.243902
1374814 27 0.000000 0.000000 0.000000 -5.060976 5.304878 -9.939025
1374819 27 0.000000 0.000000 0.000000 -5.731708 5.426829 -7.195122
1374824 27 0.000000 0.000000 0.000000 -3.841464 2.926829 -5.000000
1374829 27 0.000000 0.000000 0.000000 -4.451220 0.670732 -4.695122
1374834 27 0.000000 0.000000 0.000000 -6.585366 0.609756 -3.902439
1374839 27 0.000000 0.000000 0.000000 -4.268293 1.463415 -0.792683
1374844 27 0.000000 0.000000 0.000000 -2.195122 1.341463 0.060976
1374849 27 0.000000 0.000000 0.000000 -1.158537 -0.975610 -2.134146
1374854 27 0.000000 0.000000 0.000000 0.609756 0.182927 -2.804878
1374859 27 0.000000 0.000000 0.000000 3.048780 4.085366 -1.463415
1374864 27 0.000000 0.000000 0.000000 4.878049 5.243903 -1.524390
1374869 27 0.000000 0.000000 0.000000 5.182927 2.987805 -4.207317
1374874 27 0.000000 0.000000 0.000000 5.000000 2.378049 -4.939024
1374879 27 0.000000 0.000000 0.000000 3.963415 4.878049 -2.621951
1374884 27 0.000000 0.000000 0.000000 1.463415 5.609756 -0.731707
1374889 27 0.000000 0.000000 0.000000 -0.609756 4.146341 -1.829268
1374894 27 0.000000 0.000000 0.000000 -1.585366 3.109756 -2.073171
1374899 27 0.000000 0.000000 0.000000 -1.890244 3.170732 -0.426829
1374904 27 0.000000 0.000000 0.000000 -3.658537 1.585366 -0.426829
1374909 27 0.000000 0.000000 0.000000 -5.975610 -1.707317 -1.707317
1374914 27 0.000000 0.000000 0.000000 -7.073171 -3.414634 -3.902439
1374919 27 0.000000 0.000000 0.000000 -8.170732 -3.475610 -5.182927
1374924 27 0.000000 0.000000 0.000000 -7.682927 -3.597561 -5.487805
1374929 27 0.000000 0.000000 0.000000 -4.695122 -4.939024 -4.817073
1374934 27 0.000000 0.000000 0.000000 -2.926829 -6.280488 -3.902439
1374939 27 0.000000 0.000000 0.000000 -4.024390 -5.975610 -3.414634
1374944 27 0.000000 0.000000 0.000000 -3.170732 -3.292683 -3.048780
1374949 27 0.000000 0.000000 0.000000 1.768293 -1.219512 -2.804878
1374954 27 0.000000 0.000000 0.000000 6.036585 -0.487805 -2.378049
1374959 27 0.000000 0.000000 0.000000 7.073171 1.219512 -1.585366
1374964 27 0.000000 0.000000 0.000000 6.036585 4.024390 -1.280488
1374969 27 0.000000 0.000000 0.000000 5.853659 5.914634 -2.134146
1374974 27 0.000000 0.000000 0.000000 6.890244 4.451220 -1.951220
1374979 27 0.000000 0.000000 0.000000 5.731708 1.402439 -0.731707
1374984 27 0.000000 0.000000 0.000000 1.646341 0.243902 0.000000
1374989 27 0.000000 0.000000 0.000000 -2.865854 -0.121951 -0.426829
1374994 27 0.000000 0.000000 0.000000 -5.487805 -2.926829 -1.036585
1374999 27 0.000000 0.000000 0.000000 -7.804878 -6.951220 -1.585366
1375004 27 0.000000 0.000000 0.000000 -10.304878 -7.317073 -2.560976
1375009 27 0.000000 0.000000 0.000000 -10.792684 -5.182927 -2.317073
1375014 27 0.000000 0.000000 0.000000 -8.719512 -3.475610 -2.256098
1375019 27 0.000000 0.000000 0.000000 -6.585366 -3.719512 -3.353659
1375024 27 0.000000 0.000000 0.000000 -4.146341 -3.597561 -4.146341
1375029 27 0.000000 0.000000 0.000000 0.121951 -1.402439 -3.292683
1375034 27 0.000000 0.000000 0.000000 3.719512 0.731707 -2.012195
1375039 27 0.000000 0.000000 0.000000 4.695122 1.768293 -2.378049
1375044 27 0.000000 0.000000 0.000000 6.158537 1.646341 -2.195122
1375049 27 0.000000 0.000000 0.000000 9.024390 1.402439 -1.158537
1375054 27 0.000000 0.000000 0.000000 11.158537 0.853659 0.000000
1375059 27 0.000000 0.000000 0.000000 9.939025 -0.182927 0.243902
1375064 27 0.000000 0.000000 0.000000 7.865854 -0.304878 -0.365854
1375069 27 0.000000 0.000000 0.000000 7.439024 -1.036585 0.060976
1375074 27 0.000000 0.000000 0.000000 7.134147 -0.060976 1.707317
1375079 27 0.000000 0.000000 0.000000 4.817073 0.243902 2.195122
1375084 27 0.000000 0.000000 0.000000 0.182927 0.731707 2.073171
1375089 27 0.000000 0.000000 0.000000 -4.390244 2.256098 2.682927
1375094 27 0.000000 0.000000 0.000000 -8.780488 2.012195 2.743902
1375099 27 0.000000 0.000000 0.000000 -11.402439 0.487805 3.414634
1375104 27 0.000000 0.000000 0.000000 -15.060976 -0.914634 2.439024
1375109 27 0.000000 0.000000 0.000000 -17.073172 -2.560976 1.646341
1375114 27 0.000000 0.000000 0.000000 -16.890244 -5.548780 1.097561
1375119 27 0.000000 0.000000 0.000000 -15.548780 -8.292683 -0.060976
1375124 27 0.000000 0.000000 0.000000 -13.841464 -8.292683 -0.975610
1375129 27 0.000000 0.000000 0.000000 -11.097561 -9.268292 -1.951220
1375134 27 0.000000 0.000000 0.000000 -8.963415 -6.768293 -1.951220
1375139 27 0.000000 0.000000 0.000000 -6.890244 -3.780488 -2.865854
1375144 27 0.000000 0.000000 0.000000 -2.439024 -1.768293 -2.926829
1375149 27 0.000000 0.000000 0.000000 2.621951 1.219512 -0.365854
1375154 27 0.000000 0.000000 0.000000 5.975610 2.926829 0.853659
1375159 27 0.000000 0.000000 0.000000 9.390244 3.719512 2.560976
1375164 27 0.000000 0.000000 0.000000 10.548780 3.353659 2.500000
1375169 27 0.000000 0.000000 0.000000 10.548780 4.024390 3.780488
1375174 27 0.000000 0.000000 0.000000 9.024390 3.841464 4.512195
1375179 27 0.000000 0.000000 0.000000 5.548780 1.707317 2.256098
1375184 27 0.000000 0.000000 0.000000 3.292683 -0.487805 -0.548781
1375189 27 0.000000 0.000000 0.000000 2.500000 -1.829268 -0.914634
1375194 27 0.000000 0.000000 0.000000 -0.548781 -4.024390 1.280488
1375199 27 0.000000 0.000000 0.000000 -4.817073 -6.036585 0.731707
1375204 27 0.000000 0.000000 0.000000 -6.707317 -5.914634 -0.304878
1375209 27 0.000000 0.000000 0.000000 -7.987805 -3.963415 1.158537
1375214 27 0.000000 0.000000 0.000000 -10.060976 -2.560976 1.707317
1375219 27 0.000000 0.000000 0.000000 -11.768293 -2.378049 -0.792683
1375224 27 0.000000 0.000000 0.000000 -12.743903 -1.524390 -3.536585
1375229 27 0.000000 0.000000 0.000000 -12.073171 3.109756 -2.865854
1375234 27 0.000000 0.000000 0.000000 -9.329268 5.853659 -2.439024
1375239 27 0.000000 0.000000 0.000000 -5.975610 5.121951 -4.024390
1375244 27 0.000000 0.000000 0.000000 -3.231707 3.658537 -2.621951
1375249 27 0.000000 0.000000 0.000000 -0.853659 3.414634 0.975610
1375254 27 0.000000 0.000000 0.000000 -0.121951 2.987805 0.853659
1375259 27 0.000000 0.000000 0.000000 0.975610 1.097561 -1.097561
1375264 27 0.000000 0.000000 0.000000 4.268293 -1.341463 -0.792683
1375269 27 0.000000 0.000000 0.000000 7.317073 -3.719512 1.768293
1375274 27 0.000000 0.000000 0.000000 7.256098 -4.329268 2.012195
1375279 27 0.000000 0.000000 0.000000 4.817073 -3.902439 -0.853659
1375284 27 0.000000 0.000000 0.000000 5.060976 -3.597561 -1.890244
1375289 27 0.000000 0.000000 0.000000 5.853659 -3.109756 -1.280488
1375294 27 0.000000 0.000000 0.000000 3.841464 -0.182927 -2.195122
1375299 27 0.000000 0.000000 0.000000 0.000000 2.256098 -5.121951
1375304 27 0.000000 0.000000 0.000000 -2.195122 2.378049 -5.914634
1375309 27 0.000000 0.000000 0.000000 -3.963415 2.926829 -3.353659
1375314 27 0.000000 0.000000 0.000000 -5.670732 3.414634 -3.231707
1375319 27 0.000000 0.000000 0.000000 -6.585366 0.670732 -5.914634
1375324 27 0.000000 0.000000 0.000000 -6.890244 -1.890244 -5.609756
1375329 27 0.000000 0.000000 0.000000 -6.524390 -0.853659 -0.487805
1375334 27 0.000000 0.000000 0.000000 -5.304878 -0.731707 2.256098
1375339 27 0.000000 0.000000 0.000000 -2.865854 -2.012195 1.646341
1375344 27 0.000000 0.000000 0.000000 -2.073171 -1.707317 0.060976
1375349 27 0.000000 0.000000 0.000000 -2.865854 -0.487805 -1.829268
1375354 27 0.000000 0.000000 0.000000 -0.548781 -0.060976 -3.475610
1375359 27 0.000000 0.000000 0.000000 2.682927 0.304878 -4.573171
1375364 27 0.000000 0.000000 0.000000 2.134146 1.463415 -4.451220
1375369 27 0.000000 0.000000 0.000000 -1.402439 2.378049 -4.207317
1375374 27 0.000000 0.000000 0.000000 -1.585366 2.926829 -4.085366
1375379 27 0.000000 0.000000 0.000000 0.000000 5.731708 -2.804878
1375384 27 0.000000 0.000000 0.000000 -0.365854 7.865854 -1.524390
1375389 27 0.000000 0.000000 0.000000 -3.109756 7.621952 -1.402439
1375394 27 0.000000 0.000000 0.000000 -3.780488 5.914634 -2.621951
1375399 27 0.000000 0.000000 0.000000 -0.853659 4.939024 -4.207317
1375404 27 0.000000 0.000000 0.000000 1.463415 2.865854 -5.365854
1375409 27 0.000000 0.000000 0.000000 1.524390 1.402439 -6.402439
1375414 27 0.000000 0.000000 0.000000 0.548781 0.487805 -7.560976
1375419 27 0.000000 0.000000 0.000000 1.097561 1.280488 -8.231708
1375424 27 0.000000 0.000000 0.000000 2.439024 2.439024 -8.414635
1375429 27 0.000000 0.000000 0.000000 2.865854 1.341463 -8.536586
1375434 27 0.000000 0.000000 0.000000 3.231707 0.853659 -7.560976
1375439 27 0.000000 0.000000 0.000000 3.597561 1.463415 -7.804878
1375444 27 0.000000 0.000000 0.000000 5.670732 1.219512 -8.109756
1375449 27 0.000000 0.000000 0.000000 6.036585 -0.243902 -8.780488
1375454 27 0.000000 0.000000 0.000000 4.207317 0.243902 -8.170732
1375459 27 0.000000 0.000000 0.000000 1.463415 4.390244 -5.670732
1375464 27 0.000000 0.000000 0.000000 -2.500000 6.890244 -5.731708
1375469 27 0.000000 0.000000 0.000000 -4.390244 8.109756 -5.670732
1375474 27 0.000000 0.000000 0.000000 -6.951220 7.317073 -7.317073
1375479 27 0.000000 0.000000 0.000000 -9.512196 6.341464 -6.951220
1375484 27 0.000000 0.000000 0.000000 -12.439025 3.963415 -7.256098
1375489 27 0.000000 0.000000 0.000000 -13.658537 0.487805 -10.182927
1375494 27 0.000000 0.000000 0.000000 -11.036586 -2.378049 -11.219512
1375499 27 0.000000 0.000000 0.000000 -8.902439 -4.573171 -10.670732
1375504 27 0.000000 0.000000 0.000000 -6.463415 -4.695122 -9.695122
1375509 27 0.000000 0.000000 0.000000 -4.024390 -2.682927 -10.243902
1375514 27 0.000000 0.000000 0.000000 -2.987805 0.609756 -11.097561
1375519 27 0.000000 0.000000 0.000000 0.792683 2.621951 -10.975610
1375524 27 0.000000 0.000000 0.000000 5.182927 3.231707 -10.914635
1375529 27 0.000000 0.000000 0.000000 7.073171 4.512195 -9.817074
1375534 27 0.000000 0.000000 0.000000 8.170732 5.121951 -8.353659
1375539 27 0.000000 0.000000 0.000000 9.512196 5.060976 -7.256098
1375544 27 0.000000 0.000000 0.000000 9.573171 4.878049 -5.304878
1375549 27 0.000000 0.000000 0.000000 8.780488 5.487805 -2.500000
1375554 27 0.000000 0.000000 0.000000 6.036585 6.768293 -1.829268
1375559 27 0.000000 0.000000 0.000000 2.256098 6.829268 -1.829268
1375564 27 0.000000 0.000000 0.000000 1.341463 5.365854 -3.048780
1375569 27 0.000000 0.000000 0.000000 0.670732 3.231707 -4.207317
1375574 27 0.000000 0.000000 0.000000 -0.670732 2.256098 -5.304878
1375579 27 0.000000 0.000000 0.000000 -2.256098 3.048780 -7.012195
1375584 27 0.000000 0.000000 0.000000 -4.024390 3.780488 -7.378049
1375589 27 0.000000 0.000000 0.000000 -7.500000 4.329268 -5.548780
1375594 27 0.000000 0.000000 0.000000 -12.926829 3.902439 -6.524390
1375599 27 0.000000 0.000000 0.000000 -14.085366 1.829268 -8.231708
1375604 27 0.000000 0.000000 0.000000 -12.378049 0.609756 -7.987805
1375609 27 0.000000 0.000000 0.000000 -11.463415 0.000000 -5.914634
1375614 27 0.000000 0.000000 0.000000 -10.060976 -2.012195 -5.000000
1375619 27 0.000000 0.000000 0.000000 -6.646342 -4.146341 -6.036585
1375624 27 0.000000 0.000000 0.000000 -2.195122 -4.817073 -5.182927
1375629 27 0.000000 0.000000 0.000000 0.243902 -2.560976 -3.353659
1375634 27 0.000000 0.000000 0.000000 2.500000 0.182927 -3.658537
1375639 27 0.000000 0.000000 0.000000 5.121951 1.524390 -6.341464
1375644 27 0.000000 0.000000 0.000000 7.073171 3.048780 -7.439024
1375649 27 0.000000 0.000000 0.000000 9.085366 5.243903 -5.426829
1375654 27 0.000000 0.000000 0.000000 9.878049 5.975610 -4.085366
1375659 27 0.000000 0.000000 0.000000 6.951220 5.121951 -5.914634
1375664 27 0.000000 0.000000 0.000000 3.292683 5.975610 -6.402439
1375669 27 0.000000 0.000000 0.000000 1.341463 8.231708 -3.597561
1375674 27 0.000000 0.000000 0.000000 1.524390 7.012195 -2.621951
1375679 27 0.000000 0.000000 0.000000 -0.060976 2.439024 -4.390244
1375684 27 0.000000 0.000000 0.000000 -3.475610 -0.060976 -5.609756
1375689 27 0.000000 0.000000 0.000000 -6.524390 0.121951 -4.451220
1375694 27 0.000000 0.000000 0.000000 -8.048780 -0.548781 -3.475610
1375699 27 0.000000 0.000000 0.000000 -7.500000 -2.012195 -3.475610
1375704 27 0.000000 0.000000 0.000000 -5.731708 -4.146341 -3.536585
1375709 27 0.000000 0.000000 0.000000 -5.121951 -3.963415 -3.109756
1375714 27 0.000000 0.000000 0.000000 -5.304878 -2.195122 -4.146341
1375719 27 0.000000 0.000000 0.000000 -4.085366 1.280488 -3.902439
1375724 27 0.000000 0.000000 0.000000 -1.280488 3.048780 -3.841464
1375729 27 0.000000 0.000000 0.000000 0.365854 5.000000 -4.634146
1375734 27 0.000000 0.000000 0.000000 2.256098 7.317073 -4.695122
1375739 27 0.000000 0.000000 0.000000 4.024390 9.390244 -3.414634
1375744 27 0.000000 0.000000 0.000000 3.902439 10.975610 -2.926829
1375749 27 0.000000 0.000000 0.000000 2.439024 11.341464 -3.658537
1375754 27 0.000000 0.000000 0.000000 1.646341 9.756098 -3.231707
1375759 27 0.000000 0.000000 0.000000 0.670732 6.829268 -2.195122
1375764 27 0.000000 0.000000 0.000000 -2.012195 3.780488 -1.890244
1375769 27 0.000000 0.000000 0.000000 -5.975610 1.951220 -2.804878
1375774 27 0.000000 0.000000 0.000000 -7.500000 -1.768293 -3.902439
1375779 27 0.000000 0.000000 0.000000 -4.634146 -6.036585 -2.560976
1375784 27 0.000000 0.000000 0.000000 -2.073171 -7.256098 -1.585366
1375789 27 0.000000 0.000000 0.000000 -2.926829 -5.914634 -2.439024
1375794 27 0.000000 0.000000 0.000000 -3.170732 -4.756098 -4.207317
1375799 27 0.000000 0.000000 0.000000 -1.280488 -4.268293 -4.939024
1375804 27 0.000000 0.000000 0.000000 -1.219512 -1.280488 -4.512195
1375809 27 0.000000 0.000000 0.000000 -3.048780 2.134146 -4.695122
1375814 27 0.000000 0.000000 0.000000 -4.268293 3.170732 -4.207317
1375819 27 0.000000 0.000000 0.000000 -3.719512 2.317073 -2.743902
1375824 27 0.000000 0.000000 0.000000 -3.048780 2.439024 -0.975610
1375829 27 0.000000 0.000000 0.000000 -3.414634 3.963415 0.304878
1375834 27 0.000000 0.000000 0.000000 -5.243903 4.451220 1.219512
1375839 27 0.000000 0.000000 0.000000 -5.426829 4.268293 2.195122
1375844 27 0.000000 0.000000 0.000000 -4.268293 3.658537 2.073171
1375849 27 0.000000 0.000000 0.000000 -2.926829 2.256098 1.768293
1375854 27 0.000000 0.000000 0.000000 -2.256098 0.365854 1.158537
1375859 27 0.000000 0.000000 0.000000 -2.500000 0.000000 0.000000
1375864 27 0.000000 0.000000 0.000000 -2.012195 -0.487805 -0.731707
1375869 27 0.000000 0.000000 0.000000 -2.500000 -1.585366 -1.768293
1375874 27 0.000000 0.000000 0.000000 -4.390244 -3.170732 -2.134146
1375879 27 0.000000 0.000000 0.000000 -5.975610 -2.317073 -2.012195
1375884 27 0.000000 0.000000 0.000000 -3.963415 -2.195122 -1.829268
1375889 27 0.000000 0.000000 0.000000 -1.707317 -1.463415 1.707317
1375894 27 0.000000 0.000000 0.000000 -0.914634 -1.890244 3.719512
1375899 27 0.000000 0.000000 0.000000 -1.097561 -4.939024 0.121951
1375904 27 0.000000 0.000000 0.000000 0.670732 -5.243903 -1.524390
1375909 27 0.000000 0.000000 0.000000 1.707317 -4.756098 -1.829268
1375914 27 0.000000 0.000000 0.000000 -0.243902 -2.804878 -1.768293
1375919 27 0.000000 0.000000 0.000000 -1.768293 -0.914634 -0.853659
1375924 27 0.000000 0.000000 0.000000 -0.914634 -1.158537 0.304878
1375929 27 0.000000 0.000000 0.000000 0.304878 -0.426829 1.524390
1375934 27 0.000000 0.000000 0.000000 -1.036585 0.365854 1.463415
1375939 27 0.000000 0.000000 0.000000 -3.414634 1.646341 1.768293
1375944 27 0.000000 0.000000 0.000000 -5.487805 3.353659 1.768293
1375949 27 0.000000 0.000000 0.000000 -5.975610 3.292683 0.243902
1375954 27 0.000000 0.000000 0.000000 -5.609756 2.500000 -1.219512
1375959 27 0.000000 0.000000 0.000000 -7.195122 2.317073 -2.987805
1375964 27 0.000000 0.000000 0.000000 -8.353659 1.890244 -2.012195
1375969 27 0.000000 0.000000 0.000000 -6.829268 -0.548781 -1.280488
1375974 27 0.000000 0.000000 0.000000 -4.268293 -2.317073 -0.426829
1375979 27 0.000000 0.000000 0.000000 -3.048780 -2.682927 1.341463
1375984 27 0.000000 0.000000 0.000000 -1.219512 -4.451220 3.475610
1375989 27 0.000000 0.000000 0.000000 -0.182927 -6.524390 4.329268
1375994 27 0.000000 0.000000 0.000000 0.243902 -6.951220 1.890244
1375999 27 0.000000 0.000000 0.000000 0.670732 -6.585366 -0.182927
1376004 27 0.000000 0.000000 0.000000 0.792683 -6.219512 -1.707317
1376009 27 0.000000 0.000000 0.000000 -0.792683 -4.268293 -3.719512
1376014 27 0.000000 0.000000 0.000000 -1.707317 -1.463415 -5.914634
1376019 27 0.000000 0.000000 0.000000 -1.524390 0.975610 -6.585366
1376024 27 0.000000 0.000000 0.000000 -1.707317 3.780488 -4.207317
1376029 27 0.000000 0.000000 0.000000 -3.536585 4.939024 -3.292683
1376034 27 0.000000 0.000000 0.000000 -4.756098 6.341464 -2.439024
1376039 27 0.000000 0.000000 0.000000 -4.146341 7.682927 -0.060976
1376044 27 0.000000 0.000000 0.000000 -2.317073 5.670732 1.768293
1376049 27 0.000000 0.000000 0.000000 -1.585366 2.134146 0.548781
1376054 27 10.000000 0.000000 0.000000 -1.402439 -0.243902 -2.195122
1376059 27 10.000000 0.000000 0.000000 -0.609756 -1.158537 -1.829268
1376064 27 10.000000 0.000000 0.000000 0.914634 -3.902439 -1.951220
1376069 27 10.000000 0.000000 0.000000 1.707317 -6.890244 -3.963415
1376074 27 10.000000 0.000000 0.000000 3.658537 -7.439024 -4.878049
1376079 27 10.000000 0.000000 0.000000 7.073171 -6.585366 -3.231707
1376084 27 10.000000 0.000000 0.000000 8.963415 -7.134147 -2.256098
1376089 27 10.000000 0.000000 0.000000 9.817074 -6.951220 -4.451220
1376094 27 10.000000 0.000000 0.000000 12.317074 -5.487805 -5.365854
1376099 27 20.000000 0.000000 0.000000 15.000000 -2.500000 -2.865854
1376104 27 20.000000 0.000000 0.000000 15.182927 -0.060976 -2.317073
1376109 27 20.000000 0.000000 0.000000 12.987805 0.060976 -4.878049
1376114 27 20.000000 0.000000 0.000000 13.780488 1.585366 -4.451220
1376119 27 20.000000 0.000000 0.000000 15.853659 4.146341 -2.012195
1376124 27 20.000000 0.000000 0.000000 17.256098 3.231707 -1.402439
1376129 27 30.000000 0.000000 0.000000 15.609756 0.853659 -4.756098
1376134 27 30.000000 0.000000 0.000000 13.536586 0.731707 -5.548780
1376139 27 30.000000 0.000000 0.000000 16.341463 1.585366 -1.524390
1376144 27 30.000000 0.000000 0.000000 20.487804 -1.280488 -0.548781
1376149 27 30.000000 0.000000 0.000000 22.256098 -4.024390 -1.585366
1376154 27 30.000000 0.000000 0.000000 24.512196 -4.390244 -1.219512
1376159 27 30.000000 0.000000 0.000000 29.878050 -3.353659 2.560976
1376164 27 30.000000 0.000000 0.000000 32.256100 -1.036585 3.048780
1376169 27 30.000000 0.000000 0.000000 31.524391 0.792683 -1.158537
1376174 27 30.000000 0.000000 0.000000 32.439026 1.219512 -1.219512
1376179 27 30.000000 0.000000 0.000000 32.926830 1.341463 1.280488
1376184 27 30.000000 0.000000 0.000000 31.219513 1.463415 1.829268
1376189 27 40.000000 0.000000 0.000000 28.292683 0.426829 -0.731707
1376194 27 40.000000 0.000000 0.000000 28.048780 -0.548781 -0.853659
1376199 27 40.000000 0.000000 0.000000 29.573172 -1.158537 2.804878
1376204 27 40.000000 0.000000 0.000000 27.865854 -1.829268 2.926829
1376209 27 40.000000 0.000000 0.000000 25.121952 -2.743902 1.097561
1376214 27 40.000000 0.000000 0.000000 26.707317 -3.597561 1.219512
1376219 27 40.000000 0.000000 0.000000 31.219513 -4.024390 4.329268
1376224 27 40.000000 0.000000 0.000000 32.012196 -3.536585 5.060976
1376229 27 40.000000 0.000000 0.000000 29.024391 -3.780488 2.378049
1376234 27 40.000000 0.000000 0.000000 29.024391 -3.780488 3.353659
1376239 27 40.000000 0.000000 0.000000 30.365854 -2.926829 5.365854
1376244 27 50.000000 0.000000 0.000000 32.804878 -2.073171 7.012195
1376249 27 50.000000 0.000000 0.000000 34.939026 -4.146341 8.658537
1376254 27 50.000000 0.000000 0.000000 36.097561 -5.365854 11.036586
1376259 27 50.000000 0.000000 0.000000 36.768295 -3.109756 13.536586
1376264 27 50.000000 0.000000 0.000000 37.439026 -2.073171 14.878049
1376269 27 50.000000 0.000000 0.000000 37.987804 -1.036585 15.365854
1376274 27 50.000000 0.000000 0.000000 39.939026 -0.365854 15.792684
1376279 27 50.000000 0.000000 0.000000 41.402439 1.463415 16.219513
1376284 27 50.000000 0.000000 0.000000 42.073174 2.865854 17.682928
1376289 27 50.000000 0.000000 0.000000 41.585365 2.743902 19.390244
1376294 27 50.000000 0.000000 0.000000 40.853661 3.841464 20.548780
1376299 27 50.000000 0.000000 0.000000 39.817074 3.719512 21.097561
1376304 27 50.000000 0.000000 0.000000 38.170734 4.817073 23.841463
1376309 27 50.000000 0.000000 0.000000 37.317074 4.207317 24.756098
1376314 27 50.000000 0.000000 0.000000 39.207317 2.134146 25.914635
1376319 27 50.000000 0.000000 0.000000 42.134148 1.829268 29.390245
1376324 27 50.000000 0.000000 0.000000 42.560978 0.731707 31.036587
1376329 27 50.000000 0.000000 0.000000 40.975609 -3.109756 32.134148
1376334 27 50.000000 0.000000 0.000000 38.780487 -3.902439 33.780487
1376339 27 50.000000 0.000000 0.000000 37.500000 -4.634146 34.085365
1376344 27 50.000000 0.000000 0.000000 36.707317 -4.878049 35.365856
1376349 27 50.000000 0.000000 0.000000 34.390244 -4.024390 37.987804
1376354 27 50.000000 0.000000 0.000000 31.585367 -3.048780 40.670734
1376359 27 50.000000 0.000000 0.000000 29.695122 -1.524390 42.073174
1376364 27 50.000000 0.000000 0.000000 29.390245 -0.487805 44.634148
1376369 27 50.000000 0.000000 0.000000 29.146341 0.914634 46.951221
1376374 27 50.000000 0.000000 0.000000 28.048780 3.414634 48.048782
1376379 27 50.000000 0.000000 0.000000 25.914635 5.731708 48.475613
1376384 27 50.000000 0.000000 0.000000 23.170732 6.158537 48.719513
1376389 27 50.000000 0.000000 0.000000 22.378050 5.609756 50.121952
1376394 27 50.000000 0.000000 0.000000 22.926830 4.756098 52.804878
1376399 27 50.000000 0.000000 0.000000 25.182928 4.512195 55.670734
1376404 27 50.000000 0.000000 0.000000 27.682928 5.000000 58.170734
1376409 27 50.000000 0.000000 0.000000 30.914635 5.121951 60.182930
1376414 27 50.000000 0.000000 0.000000 33.414635 5.000000 62.500000
1376419 27 40.000000 0.000000 0.000000 35.304878 4.451220 64.451218
1376424 27 40.000000 0.000000 0.000000 37.073170 6.646342 65.182930
1376429 27 40.000000 0.000000 0.000000 38.414635 9.451220 64.024391
1376434 27 40.000000 0.000000 0.000000 39.512196 9.878049 64.512199
1376439 27 40.000000 0.000000 0.000000 39.085365 9.390244 66.829269
1376444 27 40.000000 0.000000 0.000000 37.439026 9.329268 68.719513
1376449 27 40.000000 0.000000 0.000000 35.304878 9.817074 70.975609
1376454 27 40.000000 0.000000 0.000000 30.548780 9.878049 74.146339
1376459 27 40.000000 0.000000 0.000000 24.024391 10.487805 74.756096
1376464 27 40.000000 0.000000 0.000000 17.012196 11.341464 76.219513
1376469 27 40.000000 0.000000 0.000000 14.024390 11.036586 80.121956
1376474 27 40.000000 0.000000 0.000000 12.073171 10.426829 82.987808
1376479 27 40.000000 0.000000 0.000000 9.817074 8.719512 84.451225
1376484 27 40.000000 0.000000 0.000000 7.621952 6.829268 82.621956
1376489 27 40.000000 0.000000 0.000000 6.585366 5.182927 80.426834
1376494 27 40.000000 0.000000 0.000000 5.975610 4.146341 78.719513
1376499 27 40.000000 0.000000 0.000000 7.195122 3.475610 77.560974
1376504 27 30.000000 0.000000 0.000000 9.329268 3.231707 77.804878
1376509 27 30.000000 0.000000 0.000000 12.195122 4.573171 79.939026
1376514 27 30.000000 0.000000 0.000000 14.573171 5.609756 80.975609
1376519 27 30.000000 0.000000 0.000000 16.890244 6.890244 82.621956
1376524 27 30.000000 0.000000 0.000000 18.353659 7.743903 83.841469
1376529 27 30.000000 0.000000 0.000000 19.512196 8.597561 84.451225
1376534 27 30.000000 0.000000 0.000000 20.000000 10.426829 85.609756
1376539 27 30.000000 0.000000 0.000000 20.121952 13.414635 87.743904
1376544 27 30.000000 0.000000 0.000000 18.048780 16.036585 86.402443
1376549 27 30.000000 0.000000 0.000000 15.914635 18.109756 87.073174
1376554 27 30.000000 0.000000 0.000000 13.597561 19.512196 88.658539
1376559 27 30.000000 0.000000 0.000000 11.463415 19.085367 90.000000
1376564 27 30.000000 0.000000 0.000000 8.597561 19.146341 90.548782
1376569 27 30.000000 0.000000 0.000000 6.158537 19.329269 91.463417
1376574 27 30.000000 0.000000 0.000000 4.268293 17.865854 91.463417
1376579 27 30.000000 0.000000 0.000000 2.560976 16.951220 91.890244
1376584 27 30.000000 0.000000 0.000000 1.951220 16.280489 92.804878
1376589 27 30.000000 0.000000 0.000000 2.926829 15.914635 93.414635
1376594 27 30.000000 0.000000 0.000000 4.451220 14.024390 92.865852
1376599 27 30.000000 0.000000 0.000000 6.646342 12.256098 93.109756
1376604 27 30.000000 0.000000 0.000000 8.719512 11.707317 93.597565
1376609 27 30.000000 0.000000 0.000000 11.158537 11.890244 91.341469
1376614 27 30.000000 0.000000 0.000000 13.475610 11.158537 88.841469
1376619 27 30.000000 0.000000 0.000000 14.756098 9.634147 87.926834
1376624 27 30.000000 0.000000 0.000000 15.365854 8.658537 87.256096
1376629 27 30.000000 0.000000 0.000000 17.317074 8.475610 86.646347
1376634 27 30.000000 0.000000 0.000000 19.756098 8.109756 87.378052
1376639 27 30.000000 0.000000 0.000000 20.121952 9.512196 87.682930
1376644 27 30.000000 0.000000 0.000000 19.756098 11.890244 87.987808
1376649 27 30.000000 0.000000 0.000000 18.780489 14.085366 87.926834
1376654 27 30.000000 0.000000 0.000000 16.280489 17.256098 88.597565
1376659 27 30.000000 0.000000 0.000000 12.926829 20.182928 88.963417
1376664 27 30.000000 0.000000 0.000000 10.060976 21.951220 88.109756
1376669 27 30.000000 0.000000 0.000000 8.231708 21.280489 88.292686
1376674 27 30.000000 0.000000 0.000000 6.707317 19.695122 88.231712
1376679 27 30.000000 0.000000 0.000000 5.426829 17.317074 87.865852
1376684 27 30.000000 0.000000 0.000000 5.243903 13.536586 86.768295
1376689 27 30.000000 0.000000 0.000000 4.939024 9.939025 86.280487
1376694 27 30.000000 0.000000 0.000000 5.060976 6.707317 85.121956
1376699 27 30.000000 0.000000 0.000000 7.256098 5.000000 84.085365
1376704 27 30.000000 0.000000 0.000000 10.304878 3.170732 83.109756
1376709 27 30.000000 0.000000 0.000000 12.804878 2.865854 83.475609
1376714 27 30.000000 0.000000 0.000000 14.817074 3.841464 83.658539
1376719 27 30.000000 0.000000 0.000000 16.646341 6.097561 83.353661
1376724 27 30.000000 0.000000 0.000000 16.524391 9.146341 82.743904
1376729 27 30.000000 0.000000 0.000000 14.146341 12.621951 81.951218
1376734 27 30.000000 0.000000 0.000000 11.463415 15.792684 82.073174
1376739 27 30.000000 0.000000 0.000000 9.939025 17.682928 81.768295
1376744 27 30.000000 0.000000 0.000000 7.926829 18.231709 81.585365
1376749 27 30.000000 0.000000 0.000000 5.121951 17.926830 80.670731
1376754 27 30.000000 0.000000 0.000000 4.451220 16.280489 79.451218
1376759 27 30.000000 0.000000 0.000000 2.987805 14.573171 77.804878
1376764 27 30.000000 0.000000 0.000000 1.890244 13.048780 76.463417
1376769 27 30.000000 0.000000 0.000000 0.914634 12.317074 73.963417
1376774 27 30.000000 0.000000 0.000000 0.000000 11.158537 71.890244
1376779 27 30.000000 0.000000 0.000000 -0.365854 9.329268 70.060974
1376784 27 30.000000 0.000000 0.000000 0.914634 7.439024 68.902443
1376789 27 30.000000 0.000000 0.000000 3.292683 5.000000 67.378052
1376794 27 30.000000 0.000000 0.000000 6.341464 3.963415 67.256096
1376799 27 30.000000 0.000000 0.000000 9.268292 4.939024 66.219513
1376804 27 30.000000 0.000000 0.000000 12.378049 5.853659 65.609756
1376809 27 30.000000 0.000000 0.000000 14.756098 7.256098 65.121956
1376814 27 30.000000 0.000000 0.000000 16.158537 8.780488 63.475613
1376819 27 30.000000 0.000000 0.000000 17.439024 9.817074 60.487804
1376824 27 30.000000 0.000000 0.000000 19.024391 11.036586 60.304878
1376829 27 30.000000 0.000000 0.000000 19.085367 12.073171 60.121952
1376834 27 30.000000 0.000000 0.000000 17.865854 12.317074 59.390244
1376839 27 30.000000 0.000000 0.000000 16.219513 11.585366 58.597561
1376844 27 30.000000 0.000000 0.000000 14.573171 10.731708 56.707317
1376849 27 30.000000 0.000000 0.000000 11.646341 8.719512 54.024391
1376854 27 30.000000 0.000000 0.000000 8.719512 7.195122 52.743904
1376859 27 30.000000 0.000000 0.000000 6.768293 6.402439 52.317074
1376864 27 30.000000 0.000000 0.000000 5.609756 5.853659 50.914635
1376869 27 30.000000 0.000000 0.000000 5.914634 4.695122 49.451221
1376874 27 30.000000 0.000000 0.000000 5.670732 2.987805 48.841465
1376879 27 30.000000 0.000000 0.000000 5.487805 3.353659 48.780487
1376884 27 30.000000 0.000000 0.000000 4.756098 4.329268 45.853661
1376889 27 20.000000 0.000000 0.000000 4.573171 5.060976 43.536587
1376894 27 20.000000 0.000000 0.000000 4.878049 4.817073 41.951221
1376899 27 20.000000 0.000000 0.000000 5.121951 5.060976 41.036587
1376904 27 20.000000 0.000000 0.000000 5.243903 6.280488 39.695122
1376909 27 20.000000 0.000000 0.000000 5.365854 7.439024 38.109756
1376914 27 20.000000 0.000000 0.000000 5.243903 6.768293 38.658539
1376919 27 20.000000 0.000000 0.000000 4.817073 5.243903 38.048782
1376924 27 20.000000 0.000000 0.000000 3.841464 3.963415 36.463417
1376929 27 20.000000 0.000000 0.000000 2.439024 3.414634 34.146343
1376934 27 20.000000 0.000000 0.000000 1.585366 1.646341 31.402439
1376939 27 20.000000 0.000000 0.000000 -0.914634 -0.365854 28.963415
1376944 27 20.000000 0.000000 0.000000 -1.524390 -1.951220 27.865854
1376949 27 20.000000 0.000000 0.000000 -1.646341 -3.780488 26.341463
1376954 27 20.000000 0.000000 0.000000 -2.439024 -4.390244 25.670732
1376959 27 20.000000 0.000000 0.000000 -2.987805 -4.817073 25.975611
1376964 27 20.000000 0.000000 0.000000 -2.256098 -4.695122 25.609756
1376969 27 20.000000 0.000000 0.000000 -1.097561 -4.085366 24.756098
1376974 27 20.000000 0.000000 0.000000 2.073171 -2.865854 23.170732
1376979 27 20.000000 0.000000 0.000000 4.390244 -1.707317 21.402439
1376984 27 20.000000 0.000000 0.000000 4.939024 -1.219512 19.817074
1376989 27 20.000000 0.000000 0.000000 5.548780 -1.890244 18.353659
1376994 27 20.000000 0.000000 0.000000 4.817073 -2.012195 17.682928
1376999 27 20.000000 0.000000 0.000000 2.987805 -1.402439 16.463415
1377004 27 20.000000 0.000000 0.000000 0.426829 0.548781 16.524391
1377009 27 20.000000 0.000000 0.000000 -1.585366 1.768293 17.682928
1377014 27 20.000000 0.000000 0.000000 -1.707317 2.439024 17.987804
1377019 27 20.000000 0.000000 0.000000 -1.158537 2.621951 17.134148
1377024 27 20.000000 0.000000 0.000000 -0.060976 1.768293 17.439024
1377029 27 20.000000 0.000000 0.000000 0.121951 0.000000 14.695123
1377034 27 20.000000 0.000000 0.000000 1.707317 -1.951220 12.073171
1377039 27 20.000000 0.000000 0.000000 3.353659 -3.719512 11.219512
1377044 27 20.000000 0.000000 0.000000 3.780488 -2.926829 10.731708
1377049 27 20.000000 0.000000 0.000000 4.695122 -2.865854 9.573171
1377054 27 20.000000 0.000000 0.000000 5.487805 -3.170732 9.695122
1377059 27 20.000000 0.000000 0.000000 4.390244 -1.829268 10.609756
1377064 27 20.000000 0.000000 0.000000 4.756098 0.609756 10.121951
1377069 27 20.000000 0.000000 0.000000 6.951220 2.195122 10.182927
1377074 27 20.000000 0.000000 0.000000 6.707317 3.780488 9.756098
1377079 27 20.000000 0.000000 0.000000 6.890244 4.634146 9.390244
1377084 27 20.000000 0.000000 0.000000 6.768293 5.365854 9.329268
1377089 27 20.000000 0.000000 0.000000 7.317073 5.609756 10.060976
1377094 27 20.000000 0.000000 0.000000 6.097561 5.060976 9.695122
1377099 27 20.000000 0.000000 0.000000 4.573171 2.500000 7.926829
1377104 27 20.000000 0.000000 0.000000 2.804878 1.585366 6.402439
1377109 27 20.000000 0.000000 0.000000 3.414634 0.182927 6.280488
1377114 27 20.000000 0.000000 0.000000 2.134146 -0.914634 4.756098
1377119 27 20.000000 0.000000 0.000000 -0.914634 -3.658537 1.402439
1377124 27 20.000000 0.000000 0.000000 -0.792683 -5.731708 0.426829
1377129 27 20.000000 0.000000 0.000000 -0.365854 -6.707317 -1.097561
1377134 27 20.000000 0.000000 0.000000 -1.219512 -6.402439 -2.743902
1377139 27 20.000000 0.000000 0.000000 -1.768293 -5.548780 -6.097561
1377144 27 30.000000 0.000000 0.000000 -1.585366 -3.475610 -8.414635
1377149 27 30.000000 0.000000 0.000000 0.914634 -1.829268 -6.890244
1377154 27 30.000000 0.000000 0.000000 2.256098 -0.548781 -6.097561
1377159 27 30.000000 0.000000 0.000000 5.975610 -0.182927 -5.182927
1377164 27 30.000000 0.000000 0.000000 9.573171 -0.487805 -6.829268
1377169 27 30.000000 0.000000 0.000000 12.743903 0.304878 -7.682927
1377174 27 30.000000 0.000000 0.000000 16.097561 -0.182927 -8.292683
1377179 27 30.000000 0.000000 0.000000 18.536585 -1.341463 -8.536586
1377184 27 30.000000 0.000000 0.000000 22.682928 -2.743902 -9.329268
1377189 27 30.000000 0.000000 0.000000 25.365854 -3.353659 -9.512196
1377194 27 30.000000 0.000000 0.000000 26.829269 -3.353659 -11.097561
1377199 27 30.000000 0.000000 0.000000 27.560976 -2.804878 -10.670732
1377204 27 30.000000 0.000000 0.000000 25.792683 -1.951220 -10.853659
1377209 27 30.000000 0.000000 0.000000 21.097561 -1.646341 -14.085366
1377214 27 30.000000 0.000000 0.000000 16.951220 -0.060976 -14.817074
1377219 27 30.000000 0.000000 0.000000 12.195122 0.670732 -15.792684
1377224 27 30.000000 0.000000 0.000000 10.060976 2.012195 -14.451220
1377229 27 30.000000 0.000000 0.000000 10.000000 1.951220 -12.865854
1377234 27 30.000000 0.000000 0.000000 9.146341 0.670732 -12.926829
1377239 27 30.000000 0.000000 0.000000 5.975610 -0.487805 -13.963415
1377244 27 30.000000 0.000000 0.000000 4.695122 -0.792683 -14.695123
1377249 27 30.000000 0.000000 0.000000 6.585366 -1.219512 -16.280489
1377254 27 30.000000 0.000000 0.000000 9.207317 -0.182927 -17.134148
1377259 27 40.000000 0.000000 0.000000 11.829268 0.731707 -15.731708
1377264 27 40.000000 0.000000 0.000000 14.451220 -0.731707 -15.000000
1377269 27 40.000000 0.000000 0.000000 16.890244 -4.207317 -16.951220
1377274 27 40.000000 0.000000 0.000000 19.573172 -6.646342 -17.804878
1377279 27 40.000000 0.000000 0.000000 21.829269 -6.829268 -16.646341
1377284 27 40.000000 0.000000 0.000000 25.365854 -4.268293 -13.048780
1377289 27 40.000000 0.000000 0.000000 28.170732 -0.731707 -10.914635
1377294 27 40.000000 0.000000 0.000000 29.939026 0.304878 -9.695122
1377299 27 40.000000 0.000000 0.000000 30.792685 0.853659 -8.536586
1377304 27 40.000000 0.000000 0.000000 31.524391 1.463415 -10.609756
1377309 27 40.000000 0.000000 0.000000 30.609756 0.365854 -14.146341
1377314 27 40.000000 0.000000 0.000000 29.329269 -1.036585 -13.780488
1377319 27 40.000000 0.000000 0.000000 29.451220 -0.487805 -10.182927
1377324 27 40.000000 0.000000 0.000000 27.987806 0.548781 -8.292683
1377329 27 40.000000 0.000000 0.000000 24.756098 0.670732 -8.109756
1377334 27 40.000000 0.000000 0.000000 21.219513 1.341463 -8.353659
1377339 27 40.000000 0.000000 0.000000 16.036585 0.792683 -9.695122
1377344 27 40.000000 0.000000 0.000000 15.000000 0.365854 -8.597561
1377349 27 40.000000 0.000000 0.000000 16.402439 1.524390 -4.817073
1377354 27 40.000000 0.000000 0.000000 15.365854 1.890244 -3.475610
1377359 27 40.000000 0.000000 0.000000 14.024390 1.951220 -4.146341
1377364 27 40.000000 0.000000 0.000000 15.060976 1.890244 -3.353659
1377369 27 40.000000 0.000000 0.000000 16.524391 -0.365854 -1.585366
1377374 27 50.000000 0.000000 0.000000 17.621952 -1.097561 -1.280488
1377379 27 50.000000 0.000000 0.000000 18.597561 -0.487805 -0.548781
1377384 27 50.000000 0.000000 0.000000 19.878050 -1.463415 0.853659
1377389 27 40.000000 0.000000 0.000000 22.256098 -1.585366 3.963415
1377394 27 40.000000 0.000000 0.000000 22.378050 -1.524390 5.853659
1377399 27 50.000000 0.000000 0.000000 22.073172 -2.865854 4.695122
1377404 27 50.000000 0.000000 0.000000 25.670732 -2.317073 5.365854
1377409 27 50.000000 0.000000 0.000000 30.060976 -1.585366 7.012195
1377414 27 50.000000 0.000000 0.000000 31.524391 0.243902 8.475610
1377419 27 50.000000 0.000000 0.000000 32.012196 3.658537 11.402439
1377424 27 50.000000 0.000000 0.000000 32.682926 4.878049 13.475610
1377429 27 50.000000 0.000000 0.000000 31.585367 5.121951 13.414635
1377434 27 50.000000 0.000000 0.000000 32.134148 6.158537 15.731708
1377439 27 50.000000 0.000000 0.000000 31.707317 5.000000 16.951220
1377444 27 50.000000 0.000000 0.000000 30.487806 3.597561 17.743902
1377449 27 50.000000 0.000000 0.000000 26.280489 3.597561 18.536585
1377454 27 50.000000 0.000000 0.000000 23.048780 2.439024 19.878050
1377459 27 50.000000 0.000000 0.000000 21.768293 1.890244 21.768293
1377464 27 50.000000 0.000000 0.000000 20.487804 1.402439 23.109756
1377469 27 50.000000 0.000000 0.000000 20.670732 1.036585 23.841463
1377474 27 50.000000 0.000000 0.000000 21.463415 0.853659 24.573172
1377479 27 50.000000 0.000000 0.000000 23.719513 0.853659 27.012196
1377484 27 50.000000 0.000000 0.000000 23.414635 2.073171 29.024391
1377489 27 50.000000 0.000000 0.000000 23.231709 1.829268 28.475611
1377494 27 50.000000 0.000000 0.000000 26.829269 1.097561 30.365854
1377499 27 50.000000 0.000000 0.000000 28.414635 0.060976 32.987804
1377504 27 50.000000 0.000000 0.000000 28.780489 0.182927 35.426830
1377509 27 50.000000 0.000000 0.000000 29.573172 0.426829 36.280487
1377514 27 50.000000 0.000000 0.000000 29.939026 0.121951 37.317074
1377519 27 50.000000 0.000000 0.000000 30.304878 -0.609756 39.207317
1377524 27 50.000000 0.000000 0.000000 30.243902 -0.853659 40.243904
1377529 27 50.000000 0.000000 0.000000 27.743902 0.060976 40.121952
1377534 27 50.000000 0.000000 0.000000 27.195122 0.548781 40.853661
1377539 27 50.000000 0.000000 0.000000 27.134148 1.646341 41.585365
1377544 27 50.000000 0.000000 0.000000 25.670732 2.012195 43.536587
1377549 27 50.000000 0.000000 0.000000 24.207317 0.792683 46.280487
1377554 27 50.000000 0.000000 0.000000 21.524391 1.341463 48.292683
1377559 27 50.000000 0.000000 0.000000 18.963415 2.439024 49.329269
1377564 27 50.000000 0.000000 0.000000 17.926830 2.682927 51.585365
1377569 27 50.000000 0.000000 0.000000 16.097561 2.865854 52.926830
1377574 27 50.000000 0.000000 0.000000 15.792684 2.378049 54.451221
1377579 27 50.000000 0.000000 0.000000 15.975610 1.707317 54.695122
1377584 27 50.000000 0.000000 0.000000 15.853659 1.951220 55.853661
1377589 27 50.000000 0.000000 0.000000 17.804878 2.500000 57.560978
1377594 27 50.000000 0.000000 0.000000 20.243902 1.219512 57.500000
1377599 27 50.000000 0.000000 0.000000 21.707317 1.585366 58.841465
1377604 27 50.000000 0.000000 0.000000 21.768293 4.146341 61.158539
1377609 27 50.000000 0.000000 0.000000 23.658537 6.219512 63.048782
1377614 27 50.000000 0.000000 0.000000 25.975611 7.195122 64.573174
1377619 27 50.000000 0.000000 0.000000 27.743902 8.048780 65.000000
1377624 27 50.000000 0.000000 0.000000 29.512196 7.743903 67.012199
1377629 27 50.000000 0.000000 0.000000 30.304878 7.560976 69.634148
1377634 27 50.000000 0.000000 0.000000 30.060976 7.134147 70.548782
1377639 27 50.000000 0.000000 0.000000 28.597561 7.378049 71.829269
1377644 27 50.000000 0.000000 0.000000 26.097561 7.378049 73.170731
1377649 27 50.000000 0.000000 0.000000 23.597561 6.829268 74.329269
1377654 27 50.000000 0.000000 0.000000 20.853659 7.378049 74.268295
1377659 27 50.000000 0.000000 0.000000 18.963415 8.170732 73.475609
1377664 27 50.000000 0.000000 0.000000 17.926830 7.743903 74.207321
1377669 27 50.000000 0.000000 0.000000 17.195122 7.682927 74.634148
1377674 27 50.000000 0.000000 0.000000 16.341463 8.048780 75.487808
1377679 27 50.000000 0.000000 0.000000 15.000000 8.780488 76.158539
1377684 27 50.000000 0.000000 0.000000 15.670732 8.841464 76.524391
1377689 27 50.000000 0.000000 0.000000 17.073172 8.780488 76.036591
1377694 27 50.000000 0.000000 0.000000 18.109756 8.963415 77.134148
1377699 27 50.000000 0.000000 0.000000 20.792683 7.560976 79.085365
1377704 27 50.000000 0.000000 0.000000 23.231709 6.829268 80.365852
1377709 27 50.000000 0.000000 0.000000 24.390244 7.256098 81.219513
1377714 27 50.000000 0.000000 0.000000 25.792683 7.317073 83.353661
1377719 27 50.000000 0.000000 0.000000 25.792683 8.048780 85.182930
1377724 27 50.000000 0.000000 0.000000 24.207317 9.268292 86.280487
1377729 27 50.000000 0.000000 0.000000 23.536587 9.512196 86.707321
1377734 27 50.000000 0.000000 0.000000 22.560976 10.243902 86.890244
1377739 27 50.000000 0.000000 0.000000 21.158537 11.097561 87.987808
1377744 27 50.000000 0.000000 0.000000 19.451220 10.975610 87.439026
1377749 27 50.000000 0.000000 0.000000 17.987804 10.731708 87.195122
1377754 27 50.000000 0.000000 0.000000 17.439024 10.731708 87.195122
1377759 27 50.000000 0.000000 0.000000 16.524391 11.463415 87.439026
1377764 27 50.000000 0.000000 0.000000 15.000000 12.134147 87.743904
1377769 27 50.000000 0.000000 0.000000 14.695123 12.560976 89.451225
1377774 27 50.000000 0.000000 0.000000 14.512196 12.804878 90.426834
1377779 27 50.000000 0.000000 0.000000 16.463415 10.670732 89.817078
1377784 27 50.000000 0.000000 0.000000 17.439024 8.841464 88.536591
1377789 27 50.000000 0.000000 0.000000 19.207317 8.536586 87.987808
1377794 27 50.000000 0.000000 0.000000 21.280489 8.231708 87.134148
1377799 27 50.000000 0.000000 0.000000 25.000000 6.036585 85.914635
1377804 27 50.000000 0.000000 0.000000 24.573172 5.365854 84.451225
1377809 27 50.000000 0.000000 0.000000 25.365854 7.560976 84.085365
1377814 27 50.000000 0.000000 0.000000 26.219513 9.756098 84.268295
1377819 27 50.000000 0.000000 0.000000 26.646341 11.097561 84.512199
1377824 27 50.000000 0.000000 0.000000 27.012196 13.353659 84.207321
1377829 27 40.000000 0.000000 0.000000 28.048780 15.365854 84.024391
1377834 27 40.000000 0.000000 0.000000 28.963415 16.158537 84.329269
1377839 27 40.000000 0.000000 0.000000 27.012196 16.585365 84.024391
1377844 27 40.000000 0.000000 0.000000 24.817074 17.317074 84.146347
1377849 27 40.000000 0.000000 0.000000 21.463415 20.000000 84.207321
1377854 27 40.000000 0.000000 0.000000 16.463415 20.731709 84.390244
1377859 27 40.000000 0.000000 0.000000 11.402439 19.695122 85.731712
1377864 27 40.000000 0.000000 0.000000 7.804878 17.865854 87.987808
1377869 27 40.000000 0.000000 0.000000 4.573171 14.024390 87.804878
1377874 27 40.000000 0.000000 0.000000 1.585366 9.695122 87.134148
1377879 27 40.000000 0.000000 0.000000 0.609756 5.853659 86.341469
1377884 27 40.000000 0.000000 0.000000 0.304878 3.231707 86.280487
1377889 27 40.000000 0.000000 0.000000 1.341463 0.609756 85.914635
1377894 27 30.000000 0.000000 0.000000 2.560976 -0.121951 85.914635
1377899 27 30.000000 0.000000 0.000000 3.475610 0.792683 84.634148
1377904 27 30.000000 0.000000 0.000000 4.512195 2.073171 83.780487
1377909 27 30.000000 0.000000 0.000000 5.853659 2.439024 83.902443
1377914 27 30.000000 0.000000 0.000000 6.463415 4.085366 85.243904
1377919 27 20.000000 0.000000 0.000000 6.463415 7.560976 86.890244
1377924 27 20.000000 0.000000 0.000000 7.560976 9.939025 89.146347
1377929 27 20.000000 0.000000 0.000000 7.195122 11.219512 90.853661
1377934 27 20.000000 0.000000 0.000000 5.670732 13.048780 91.829269
1377939 27 20.000000 0.000000 0.000000 1.890244 15.548780 91.280487
1377944 27 20.000000 0.000000 0.000000 -2.134146 16.524391 90.914635
1377949 27 20.000000 0.000000 0.000000 -5.548780 15.365854 90.914635
1377954 27 10.000000 0.000000 0.000000 -7.865854 13.597561 90.914635
1377959 27 10.000000 0.000000 0.000000 -7.500000 9.207317 92.073174
1377964 27 10.000000 0.000000 0.000000 -9.146341 6.158537 92.256104
1377969 27 10.000000 0.000000 0.000000 -11.646341 3.902439 92.073174
1377974 27 10.000000 0.000000 0.000000 -13.780488 2.500000 91.585365
1377979 27 0.000000 0.000000 0.000000 -14.817074 1.402439 91.341469
1377984 27 0.000000 0.000000 0.000000 -16.646341 1.463415 91.341469
1377989 27 0.000000 0.000000 0.000000 -18.475611 1.951220 91.585365
1377994 27 0.000000 0.000000 0.000000 -19.634148 1.646341 90.853661
1377999 27 0.000000 0.000000 0.000000 -21.707317 2.256098 91.219513
1378004 27 0.000000 0.000000 0.000000 -25.000000 2.560976 92.378052
1378009 27 0.000000 0.000000 0.000000 -27.926830 3.414634 93.597565
1378014 27 0.000000 0.000000 0.000000 -30.548780 4.817073 94.817078
1378019 27 0.000000 0.000000 0.000000 -32.012196 5.853659 94.878052
1378024 27 0.000000 0.000000 0.000000 -32.378048 6.585366 95.000000
1378029 27 0.000000 0.000000 0.000000 -31.890245 6.890244 94.634148
1378034 27 0.000000 0.000000 0.000000 -31.036587 7.987805 94.390244
1378039 27 0.000000 0.000000 0.000000 -28.597561 8.048780 93.841469
1378044 27 0.000000 0.000000 0.000000 -24.695122 7.256098 92.195122
1378049 27 0.000000 0.000000 0.000000 -18.414635 3.109756 91.463417
1378054 27 0.000000 0.000000 0.000000 -14.878049 0.914634 89.939026
1378059 27 0.000000 0.000000 0.000000 -11.646341 0.670732 88.719513
1378064 27 0.000000 0.000000 0.000000 -9.451220 0.670732 87.073174
1378069 27 0.000000 0.000000 0.000000 -8.902439 0.914634 85.365852
1378074 27 0.000000 0.000000 0.000000 -8.719512 1.585366 83.780487
1378079 27 0.000000 0.000000 0.000000 -10.853659 3.902439 82.073174
1378084 27 0.000000 0.000000 0.000000 -12.134147 3.353659 81.219513
1378089 27 0.000000 0.000000 0.000000 -13.597561 2.682927 80.000000
1378094 27 0.000000 0.000000 0.000000 -14.695123 2.012195 78.719513
1378099 27 0.000000 0.000000 0.000000 -15.853659 0.792683 76.524391
1378104 27 0.000000 0.000000 0.000000 -17.865854 1.707317 74.268295
1378109 27 0.000000 0.000000 0.000000 -19.756098 3.353659 73.353661
1378114 27 0.000000 0.000000 0.000000 -21.646341 3.170732 71.097565
1378119 27 0.000000 0.000000 0.000000 -23.292683 2.256098 68.719513
1378124 27 0.000000 0.000000 0.000000 -24.573172 1.707317 66.707321
1378129 27 0.000000 0.000000 0.000000 -24.573172 0.731707 64.756096
1378134 27 0.000000 0.000000 0.000000 -24.268293 0.304878 62.500000
1378139 27 0.000000 0.000000 0.000000 -23.780489 1.280488 60.975613
1378144 27 0.000000 0.000000 0.000000 -25.182928 1.707317 58.658539
1378149 27 0.000000 0.000000 0.000000 -26.829269 2.195122 56.646343
1378154 27 0.000000 0.000000 0.000000 -27.926830 1.951220 54.207317
1378159 27 0.000000 0.000000 0.000000 -27.926830 0.914634 51.707317
1378164 27 0.000000 0.000000 0.000000 -25.670732 -1.097561 49.207317
1378169 27 0.000000 0.000000 0.000000 -24.024391 -4.451220 46.219513
1378174 27 0.000000 0.000000 0.000000 -25.243902 -6.768293 44.146343
1378179 27 0.000000 0.000000 0.000000 -24.634148 -7.865854 41.524391
1378184 27 0.000000 0.000000 0.000000 -22.439024 -8.414635 38.109756
1378189 27 0.000000 0.000000 0.000000 -20.609756 -8.780488 34.695122
1378194 27 0.000000 0.000000 0.000000 -18.597561 -8.170732 32.865856
1378199 27 0.000000 0.000000 0.000000 -17.256098 -7.682927 30.853659
1378204 27 0.000000 0.000000 0.000000 -14.878049 -7.195122 27.987806
1378209 27 0.000000 0.000000 0.000000 -12.378049 -5.792683 24.878050
1378214 27 0.000000 0.000000 0.000000 -10.182927 -4.756098 22.560976
1378219 27 0.000000 0.000000 0.000000 -8.902439 -3.414634 21.463415
1378224 27 0.000000 0.000000 0.000000 -8.109756 -2.134146 20.121952
1378229 27 0.000000 0.000000 0.000000 -7.317073 -0.792683 19.024391
1378234 27 0.000000 0.000000 0.000000 -8.048780 0.487805 16.097561
1378239 27 0.000000 0.000000 0.000000 -8.902439 2.439024 13.780488
1378244 27 0.000000 0.000000 0.000000 -10.304878 4.390244 11.585366
1378249 27 0.000000 0.000000 0.000000 -13.902439 5.000000 8.109756
1378254 27 0.000000 0.000000 0.000000 -15.548780 4.329268 6.219512
1378259 27 0.000000 0.000000 0.000000 -16.036585 3.536585 5.548780
1378264 27 0.000000 0.000000 0.000000 -17.743902 2.560976 3.292683
1378269 27 0.000000 0.000000 0.000000 -18.231709 1.341463 0.914634
1378274 27 0.000000 0.000000 0.000000 -18.658537 0.365854 -2.012195
1378279 27 0.000000 0.000000 0.000000 -18.353659 -1.951220 -6.463415
1378284 27 0.000000 0.000000 0.000000 -16.585365 -4.451220 -8.963415
1378289 27 0.000000 0.000000 0.000000 -15.365854 -5.731708 -8.414635
1378294 27 0.000000 0.000000 0.000000 -13.719513 -7.865854 -10.548780
1378299 27 0.000000 0.000000 0.000000 -10.243902 -9.146341 -13.231708
1378304 27 0.000000 0.000000 0.000000 -6.036585 -10.365854 -14.695123
1378309 27 0.000000 0.000000 0.000000 -4.207317 -8.780488 -14.512196
1378314 27 0.000000 0.000000 0.000000 -3.292683 -6.036585 -15.548780
1378319 27 0.000000 0.000000 0.000000 -1.707317 -5.731708 -19.329269
1378324 27 0.000000 0.000000 0.000000 0.914634 -4.207317 -21.524391
1378329 27 0.000000 0.000000 0.000000 2.439024 -3.170732 -23.292683
1378334 27 0.000000 0.000000 0.000000 1.707317 -2.378049 -25.670732
1378339 27 0.000000 0.000000 0.000000 -1.219512 -0.975610 -28.719513
1378344 27 0.000000 0.000000 0.000000 -4.512195 1.585366 -30.914635
1378349 27 0.000000 0.000000 0.000000 -7.195122 3.902439 -32.317074
1378354 27 0.000000 0.000000 0.000000 -8.963415 4.634146 -32.743904
1378359 27 0.000000 0.000000 0.000000 -12.195122 3.231707 -35.609756
1378364 27 0.000000 0.000000 0.000000 -16.341463 2.439024 -37.621952
1378369 27 0.000000 0.000000 0.000000 -19.024391 1.951220 -40.060978
1378374 27 0.000000 0.000000 0.000000 -18.963415 1.158537 -41.463417
1378379 27 0.000000 0.000000 0.000000 -16.890244 -0.182927 -42.560978
1378384 27 0.000000 0.000000 0.000000 -14.268293 -1.341463 -43.231709
1378389 27 0.000000 0.000000 0.000000 -14.939025 -1.707317 -46.646343
1378394 27 0.000000 0.000000 0.000000 -14.573171 -0.426829 -49.268295
1378399 27 0.000000 0.000000 0.000000 -11.585366 1.585366 -50.487804
1378404 27 0.000000 0.000000 0.000000 -9.573171 3.475610 -52.256100
1378409 27 0.000000 0.000000 0.000000 -7.804878 5.853659 -52.865856
1378414 27 0.000000 0.000000 0.000000 -4.939024 5.731708 -54.878052
1378419 27 0.000000 0.000000 0.000000 -1.707317 5.731708 -56.097561
1378424 27 0.000000 0.000000 0.000000 -0.487805 5.487805 -56.951221
1378429 27 0.000000 0.000000 0.000000 -1.158537 5.853659 -58.536587
1378434 27 0.000000 0.000000 0.000000 -0.487805 5.243903 -59.451221
1378439 27 0.000000 0.000000 0.000000 -0.792683 3.963415 -61.768295
1378444 27 0.000000 0.000000 0.000000 -0.609756 3.536585 -62.804878
1378449 27 0.000000 0.000000 0.000000 -0.060976 4.146341 -62.560978
1378454 27 0.000000 0.000000 0.000000 -1.463415 3.353659 -63.902439
1378459 27 0.000000 0.000000 0.000000 -3.353659 2.865854 -66.829269
1378464 27 0.000000 0.000000 0.000000 -4.268293 3.475610 -68.414635
1378469 27 0.000000 0.000000 0.000000 -4.939024 3.902439 -69.756096
1378474 27 0.000000 0.000000 0.000000 -5.731708 3.902439 -70.304878
1378479 27 0.000000 0.000000 0.000000 -5.853659 4.878049 -70.914635
1378484 27 0.000000 0.000000 0.000000 -5.487805 5.000000 -71.707321
1378489 27 0.000000 0.000000 0.000000 -5.060976 4.634146 -74.146339
1378494 27 0.000000 0.000000 0.000000 -4.756098 4.878049 -75.670731
1378499 27 0.000000 0.000000 0.000000 -5.243903 5.487805 -76.890244
1378504 27 0.000000 0.000000 0.000000 -6.036585 5.609756 -77.195122
1378509 27 0.000000 0.000000 0.000000 -4.756098 6.890244 -77.073174
1378514 27 0.000000 0.000000 0.000000 -4.329268 6.219512 -76.585365
1378519 27 0.000000 0.000000 0.000000 -5.365854 5.792683 -76.219513
1378524 27 0.000000 0.000000 0.000000 -5.914634 6.341464 -75.853661
1378529 27 0.000000 0.000000 0.000000 -5.548780 6.524390 -76.463417
1378534 27 0.000000 0.000000 0.000000 -4.390244 6.341464 -77.378052
1378539 27 0.000000 0.000000 0.000000 -3.170732 6.585366 -77.439026
1378544 27 0.000000 0.000000 0.000000 -4.756098 5.487805 -79.817078
1378549 27 0.000000 0.000000 0.000000 -5.609756 4.817073 -80.243904
1378554 27 0.000000 0.000000 0.000000 -5.670732 4.939024 -80.426834
1378559 27 0.000000 0.000000 0.000000 -5.121951 4.817073 -79.695122
1378564 27 0.000000 0.000000 0.000000 -5.487805 5.243903 -77.439026
1378569 27 0.000000 0.000000 0.000000 -5.914634 5.426829 -75.000000
1378574 27 0.000000 0.000000 0.000000 -6.219512 5.975610 -74.817078
1378579 27 0.000000 0.000000 0.000000 -6.524390 5.548780 -75.243904
1378584 27 0.000000 0.000000 0.000000 -6.036585 5.365854 -74.756096
1378589 27 0.000000 0.000000 0.000000 -5.121951 4.939024 -73.780487
1378594 27 0.000000 0.000000 0.000000 -4.329268 4.695122 -72.621956
1378599 27 0.000000 0.000000 0.000000 -5.548780 4.085366 -73.231712
1378604 27 0.000000 0.000000 0.000000 -5.182927 3.231707 -72.682930
1378609 27 0.000000 0.000000 0.000000 -4.817073 3.475610 -72.682930
1378614 27 0.000000 0.000000 0.000000 -4.878049 4.756098 -72.378052
1378619 27 0.000000 0.000000 0.000000 -5.060976 6.646342 -72.317078
1378624 27 0.000000 0.000000 0.000000 -5.365854 8.353659 -72.560974
1378629 27 0.000000 0.000000 0.000000 -5.365854 9.695122 -73.414635
1378634 27 0.000000 0.000000 0.000000 -8.231708 8.170732 -75.060974
1378639 27 0.000000 0.000000 0.000000 -8.658537 7.439024 -73.841469
1378644 27 0.000000 0.000000 0.000000 -7.560976 6.707317 -72.987808
1378649 27 0.000000 0.000000 0.000000 -6.524390 6.280488 -73.353661
1378654 27 0.000000 0.000000 0.000000 -5.731708 5.182927 -74.207321
1378659 27 0.000000 0.000000 0.000000 -4.024390 3.353659 -74.085365
1378664 27 0.000000 0.000000 0.000000 -3.536585 2.500000 -74.939026
1378669 27 0.000000 0.000000 0.000000 -4.634146 1.341463 -73.719513
1378674 27 0.000000 0.000000 0.000000 -4.146341 0.914634 -73.109756
1378679 27 0.000000 0.000000 0.000000 -2.865854 1.463415 -72.256096
1378684 27 0.000000 0.000000 0.000000 -2.012195 3.658537 -71.585365
1378689 27 0.000000 0.000000 0.000000 -1.280488 5.853659 -70.548782
1378694 27 0.000000 0.000000 0.000000 -0.243902 8.048780 -68.902443
1378699 27 0.000000 0.000000 0.000000 -0.548781 8.963415 -69.878052
1378704 27 0.000000 0.000000 0.000000 -1.768293 9.634147 -70.243904
1378709 27 0.000000 0.000000 0.000000 -3.292683 9.878049 -70.853661
1378714 27 0.000000 0.000000 0.000000 -3.780488 10.487805 -70.243904
1378719 27 0.000000 0.000000 0.000000 -4.939024 10.487805 -69.695122
1378724 27 0.000000 0.000000 0.000000 -5.914634 10.243902 -68.048782
1378729 27 0.000000 0.000000 0.000000 -7.256098 10.609756 -65.670731
1378734 27 0.000000 0.000000 0.000000 -7.256098 12.134147 -65.365852
1378739 27 0.000000 0.000000 0.000000 -8.658537 11.097561 -64.329269
1378744 27 0.000000 0.000000 0.000000 -9.268292 8.109756 -62.926830
1378749 27 0.000000 0.000000 0.000000 -8.902439 5.670732 -63.048782
1378754 27 0.000000 0.000000 0.000000 -9.573171 3.597561 -62.500000
1378759 27 0.000000 0.000000 0.000000 -9.146341 3.841464 -61.707317
1378764 27 0.000000 0.000000 0.000000 -8.231708 3.658537 -62.134148
1378769 27 0.000000 0.000000 0.000000 -7.439024 3.597561 -64.329269
1378774 27 0.000000 0.000000 0.000000 -6.036585 4.695122 -64.939026
1378779 27 0.000000 0.000000 0.000000 -5.182927 5.670732 -65.182930
1378784 27 0.000000 0.000000 0.000000 -5.548780 5.792683 -64.390244
1378789 27 0.000000 0.000000 0.000000 -4.146341 6.768293 -60.182930
1378794 27 0.000000 0.000000 0.000000 -4.146341 6.890244 -59.634148
1378799 27 0.000000 0.000000 0.000000 -4.268293 6.951220 -60.304878
1378804 27 0.000000 0.000000 0.000000 -4.451220 6.707317 -59.512196
1378809 27 0.000000 0.000000 0.000000 -4.268293 6.646342 -58.109756
1378814 27 0.000000 0.000000 0.000000 -4.451220 6.402439 -57.012196
1378819 27 0.000000 0.000000 0.000000 -3.963415 6.402439 -54.756100
1378824 27 0.000000 0.000000 0.000000 -4.451220 4.817073 -54.390244
1378829 27 0.000000 0.000000 0.000000 -4.939024 4.878049 -53.841465
1378834 27 0.000000 0.000000 0.000000 -5.121951 5.182927 -53.353661
1378839 27 0.000000 0.000000 0.000000 -4.146341 5.853659 -52.926830
1378844 27 0.000000 0.000000 0.000000 -3.780488 6.158537 -52.560978
1378849 27 0.000000 0.000000 0.000000 -3.048780 7.134147 -50.365856
1378854 27 0.000000 0.000000 0.000000 -4.329268 7.317073 -47.804878
1378859 27 0.000000 0.000000 0.000000 -5.182927 8.536586 -44.939026
1378864 27 0.000000 0.000000 0.000000 -4.695122 7.317073 -42.621952
1378869 27 0.000000 0.000000 0.000000 -5.060976 4.512195 -41.036587
1378874 27 0.000000 0.000000 0.000000 -3.963415 1.829268 -39.146343
1378879 27 0.000000 0.000000 0.000000 -3.353659 0.792683 -37.560978
1378884 27 0.000000 0.000000 0.000000 -4.756098 -0.609756 -36.951221
1378889 27 0.000000 0.000000 0.000000 -6.951220 -2.560976 -37.865856
1378894 27 0.000000 0.000000 0.000000 -8.597561 -2.865854 -38.109756
1378899 27 0.000000 0.000000 0.000000 -9.329268 -3.597561 -37.560978
1378904 27 0.000000 0.000000 0.000000 -10.853659 -2.560976 -37.378048
1378909 27 0.000000 0.000000 0.000000 -12.439025 -1.707317 -38.292683
1378914 27 0.000000 0.000000 0.000000 -12.195122 -0.487805 -36.829269
1378919 27 0.000000 0.000000 0.000000 -11.097561 0.853659 -33.658539
1378924 27 0.000000 0.000000 0.000000 -10.182927 2.317073 -32.073170
1378929 27 0.000000 0.000000 0.000000 -7.500000 4.207317 -30.487806
1378934 27 0.000000 0.000000 0.000000 -4.146341 6.158537 -28.963415
1378939 27 0.000000 0.000000 0.000000 -1.463415 7.865854 -26.951220
1378944 27 0.000000 0.000000 0.000000 -1.158537 6.951220 -28.719513
1378949 27 0.000000 0.000000 0.000000 -2.621951 6.158537 -30.548780
1378954 27 0.000000 0.000000 0.000000 -3.658537 5.731708 -30.304878
1378959 27 0.000000 0.000000 0.000000 -6.341464 2.987805 -30.426830
1378964 27 0.000000 0.000000 0.000000 -8.292683 0.182927 -30.426830
1378969 27 0.000000 0.000000 0.000000 -8.353659 -2.865854 -28.536587
1378974 27 0.000000 0.000000 0.000000 -7.378049 -5.304878 -24.756098
1378979 27 0.000000 0.000000 0.000000 -6.707317 -5.487805 -21.219513
1378984 27 0.000000 0.000000 0.000000 -7.804878 -5.304878 -20.182928
1378989 27 0.000000 0.000000 0.000000 -9.207317 -3.292683 -21.219513
1378994 27 0.000000 0.000000 0.000000 -9.878049 -1.646341 -21.585367
1378999 27 0.000000 0.000000 0.000000 -9.756098 -1.280488 -21.341463
1379004 27 0.000000 0.000000 0.000000 -10.121951 -0.914634 -21.341463
1379009 27 0.000000 0.000000 0.000000 -11.829268 0.731707 -21.219513
1379014 27 0.000000 0.000000 0.000000 -12.439025 2.804878 -20.670732
1379019 27 0.000000 0.000000 0.000000 -10.182927 2.378049 -18.963415
1379024 27 0.000000 0.000000 0.000000 -8.963415 0.609756 -17.560976
1379029 27 0.000000 0.000000 0.000000 -8.170732 0.731707 -15.975610
1379034 27 0.000000 0.000000 0.000000 -9.573171 0.000000 -17.865854
1379039 27 0.000000 0.000000 0.000000 -9.878049 -1.585366 -18.292683
1379044 27 0.000000 0.000000 0.000000 -7.743903 -4.268293 -17.012196
1379049 27 0.000000 0.000000 0.000000 -4.878049 -7.439024 -16.402439
1379054 27 0.000000 0.000000 0.000000 -3.231707 -8.292683 -15.487805
1379059 27 0.000000 0.000000 0.000000 -1.951220 -6.646342 -12.987805
1379064 27 0.000000 0.000000 0.000000 -0.426829 -5.853659 -10.243902
1379069 27 0.000000 0.000000 0.000000 0.365854 -5.792683 -8.719512
1379074 27 0.000000 0.000000 0.000000 -0.121951 -5.365854 -8.658537
1379079 27 0.000000 0.000000 0.000000 -1.707317 -5.365854 -11.280488
1379084 27 0.000000 0.000000 0.000000 -4.268293 -5.182927 -11.829268
1379089 27 0.000000 0.000000 0.000000 -6.402439 -3.963415 -9.451220
1379094 27 0.000000 0.000000 0.000000 -8.719512 -2.560976 -5.914634
1379099 27 0.000000 0.000000 0.000000 -13.658537 -1.768293 -6.402439
1379104 27 0.000000 0.000000 0.000000 -18.353659 -0.243902 -7.317073
1379109 27 0.000000 0.000000 0.000000 -21.036587 -0.731707 -8.658537
1379114 27 0.000000 0.000000 0.000000 -20.609756 -1.402439 -7.621952
1379119 27 0.000000 0.000000 0.000000 -17.804878 0.243902 -2.804878
1379124 27 0.000000 0.000000 0.000000 -15.121951 1.219512 -0.060976
1379129 27 0.000000 0.000000 0.000000 -14.085366 1.036585 -1.158537
1379134 27 0.000000 0.000000 0.000000 -12.439025 1.707317 -2.926829
1379139 27 0.000000 0.000000 0.000000 -8.902439 0.731707 -4.390244
1379144 27 0.000000 0.000000 0.000000 -4.573171 -1.219512 -3.109756
1379149 27 0.000000 0.000000 0.000000 0.000000 -1.402439 0.000000
1379154 27 0.000000 0.000000 0.000000 2.012195 -1.219512 2.073171
1379159 27 0.000000 0.000000 0.000000 3.414634 -2.256098 2.865854
1379164 27 0.000000 0.000000 0.000000 5.000000 -2.926829 3.414634
1379169 27 0.000000 0.000000 0.000000 6.890244 -4.512195 3.353659
1379174 27 0.000000 0.000000 0.000000 7.134147 -7.012195 3.963415
1379179 27 0.000000 0.000000 0.000000 3.475610 -7.987805 4.817073
1379184 27 0.000000 0.000000 0.000000 -1.768293 -6.524390 3.414634
1379189 27 0.000000 0.000000 0.000000 -5.243903 -5.243903 3.292683
1379194 27 0.000000 0.000000 0.000000 -5.304878 -6.463415 4.024390
1379199 27 0.000000 0.000000 0.000000 -8.170732 -6.280488 5.548780
1379204 27 0.000000 0.000000 0.000000 -14.573171 -3.780488 6.036585
1379209 27 0.000000 0.000000 0.000000 -19.390244 -2.621951 5.060976
1379214 27 0.000000 0.000000 0.000000 -20.853659 -3.841464 5.670732
1379219 27 0.000000 0.000000 0.000000 -21.585367 -5.243903 6.829268
1379224 27 0.000000 0.000000 0.000000 -23.841463 -5.365854 7.439024
1379229 27 0.000000 0.000000 0.000000 -24.146341 -5.548780 6.402439
1379234 27 0.000000 0.000000 0.000000 -19.756098 -7.317073 6.341464
1379239 27 0.000000 0.000000 0.000000 -14.878049 -9.024390 8.475610
1379244 27 0.000000 0.000000 0.000000 -12.134147 -9.329268 8.475610
1379249 27 0.000000 0.000000 0.000000 -8.475610 -9.024390 7.012195
1379254 27 0.000000 0.000000 0.000000 -2.926829 -7.195122 4.817073
1379259 27 0.000000 0.000000 0.000000 1.280488 -3.841464 4.085366
1379264 27 0.000000 0.000000 0.000000 4.573171 -2.560976 3.536585
1379269 27 0.000000 0.000000 0.000000 6.707317 -1.646341 2.378049
1379274 27 0.000000 0.000000 0.000000 6.829268 0.060976 3.231707
1379279 27 10.000000 0.000000 0.000000 7.743903 0.548781 5.304878
1379284 27 10.000000 0.000000 0.000000 5.792683 1.463415 7.073171
1379289 27 10.000000 0.000000 0.000000 2.439024 1.829268 6.219512
1379294 27 20.000000 0.000000 0.000000 0.975610 1.280488 6.341464
1379299 27 20.000000 0.000000 0.000000 2.743902 2.012195 10.000000
1379304 27 20.000000 0.000000 0.000000 -0.304878 2.987805 9.451220
1379309 27 30.000000 0.000000 0.000000 -6.402439 1.524390 3.170732
1379314 27 30.000000 0.000000 0.000000 -5.548780 -0.060976 -0.609756
1379319 27 30.000000 0.000000 0.000000 -2.926829 0.000000 -1.036585
1379324 27 30.000000 0.000000 0.000000 1.219512 -1.036585 -2.500000
1379329 27 40.000000 0.000000 0.000000 5.853659 -1.768293 -4.817073
1379334 27 40.000000 0.000000 0.000000 12.865854 -0.670732 -4.634146
1379339 27 50.000000 0.000000 0.000000 22.134148 -0.487805 -2.804878
1379344 27 50.000000 0.000000 0.000000 29.207317 -0.426829 -3.902439
1379349 27 50.000000 0.000000 0.000000 35.853661 -0.304878 -5.670732
1379354 27 50.000000 0.000000 0.000000 43.475613 0.304878 -5.670732
1379359 27 60.000000 0.000000 0.000000 51.219513 3.170732 -3.414634
1379364 27 60.000000 0.000000 0.000000 59.085369 4.268293 -0.304878
1379369 27 60.000000 0.000000 0.000000 64.512199 3.902439 0.670732
1379374 27 60.000000 0.000000 0.000000 67.865852 4.695122 -0.914634
1379379 27 70.000000 0.000000 0.000000 71.036591 6.219512 0.670732
1379384 27 70.000000 0.000000 0.000000 70.914635 6.463415 0.609756
1379389 27 70.000000 0.000000 0.000000 69.024391 4.817073 -3.170732
1379394 27 70.000000 0.000000 0.000000 68.414635 4.146341 -4.756098
1379399 27 70.000000 0.000000 0.000000 67.804878 5.304878 -1.951220
1379404 27 70.000000 0.000000 0.000000 65.670731 4.207317 1.463415
1379409 27 70.000000 0.000000 0.000000 61.829269 1.829268 0.121951
1379414 27 70.000000 0.000000 0.000000 56.768295 1.463415 0.426829
1379419 27 80.000000 0.000000 0.000000 52.317074 1.707317 4.390244
1379424 27 80.000000 0.000000 0.000000 50.426830 2.012195 6.341464
1379429 27 80.000000 0.000000 0.000000 49.329269 1.280488 5.182927
1379434 27 80.000000 0.000000 0.000000 48.963417 2.256098 7.378049
1379439 27 80.000000 0.000000 0.000000 52.682926 1.890244 10.487805
1379444 27 80.000000 0.000000 0.000000 54.817074 1.402439 11.524390
1379449 27 80.000000 0.000000 0.000000 55.426830 0.000000 9.512196
1379454 27 80.000000 0.000000 0.000000 57.500000 0.548781 10.060976
1379459 27 80.000000 0.000000 0.000000 59.695122 3.109756 13.292684
1379464 27 80.000000 0.000000 0.000000 61.524391 3.719512 15.426829
1379469 27 80.000000 0.000000 0.000000 63.902439 4.146341 17.682928
1379474 27 80.000000 0.000000 0.000000 65.914635 5.670732 20.304878
1379479 27 80.000000 0.000000 0.000000 67.195122 6.524390 23.475611
1379484 27 80.000000 0.000000 0.000000 66.890244 6.829268 26.219513
1379489 27 80.000000 0.000000 0.000000 65.670731 7.073171 27.500000
1379494 27 80.000000 0.000000 0.000000 66.768295 6.890244 29.512196
1379499 27 80.000000 0.000000 0.000000 66.768295 5.000000 31.707317
1379504 27 80.000000 0.000000 0.000000 65.243904 2.743902 33.414635
1379509 27 90.000000 0.000000 0.000000 63.719513 1.646341 35.304878
1379514 27 90.000000 0.000000 0.000000 61.646343 1.829268 37.317074
1379519 27 90.000000 0.000000 0.000000 59.573174 2.134146 38.353661
1379524 27 90.000000 0.000000 0.000000 60.121952 2.682927 42.195122
1379529 27 90.000000 0.000000 0.000000 61.402439 2.500000 46.219513
1379534 27 80.000000 0.000000 0.000000 61.951221 2.621951 49.329269
1379539 27 80.000000 0.000000 0.000000 62.134148 5.670732 51.951221
1379544 27 80.000000 0.000000 0.000000 62.865856 8.048780 54.939026
1379549 27 80.000000 0.000000 0.000000 64.390244 8.841464 57.804878
1379554 27 80.000000 0.000000 0.000000 63.719513 10.670732 61.646343
1379559 27 80.000000 0.000000 0.000000 62.195122 12.073171 65.121956
1379564 27 80.000000 0.000000 0.000000 60.609756 12.682927 68.109756
1379569 27 80.000000 0.000000 0.000000 58.353661 13.536586 70.975609
1379574 27 80.000000 0.000000 0.000000 56.097561 14.451220 73.780487
1379579 27 80.000000 0.000000 0.000000 54.634148 14.817074 77.560974
1379584 27 80.000000 0.000000 0.000000 54.024391 15.670732 81.890244
1379589 27 80.000000 0.000000 0.000000 53.841465 15.182927 83.963417
1379594 27 80.000000 0.000000 0.000000 54.512196 14.268293 86.707321
1379599 27 80.000000 0.000000 0.000000 55.426830 13.841464 89.939026
1379604 27 80.000000 0.000000 0.000000 56.097561 14.695123 92.378052
1379609 27 80.000000 0.000000 0.000000 56.036587 17.195122 93.963417
1379614 27 80.000000 0.000000 0.000000 56.341465 19.756098 95.365852
1379619 27 80.000000 0.000000 0.000000 56.890244 21.219513 97.621956
1379624 27 80.000000 0.000000 0.000000 56.524391 22.012196 99.878052
1379629 27 80.000000 0.000000 0.000000 56.707317 22.256098 102.012199
1379634 27 80.000000 0.000000 0.000000 57.073174 21.341463 105.792686
1379639 27 80.000000 0.000000 0.000000 56.829269 20.609756 109.939026
1379644 27 80.000000 0.000000 0.000000 56.524391 21.219513 114.207321
1379649 27 80.000000 0.000000 0.000000 56.768295 21.158537 119.085365
1379654 27 80.000000 0.000000 0.000000 54.878052 21.585367 123.231712
1379659 27 70.000000 0.000000 0.000000 51.829269 22.256098 126.036591
1379664 27 70.000000 0.000000 0.000000 49.512196 22.865854 128.170731
1379669 27 70.000000 0.000000 0.000000 49.329269 21.585367 129.695129
1379674 27 70.000000 0.000000 0.000000 48.292683 20.914635 131.036591
1379679 27 60.000000 0.000000 0.000000 46.768295 21.463415 134.207321
1379684 27 60.000000 0.000000 0.000000 44.207317 22.743902 135.670731
1379689 27 60.000000 0.000000 0.000000 40.548782 25.060976 136.646347
1379694 27 50.000000 0.000000 0.000000 36.158539 27.439026 137.500000
1379699 27 40.000000 0.000000 0.000000 32.804878 28.780489 138.048782
1379704 27 40.000000 0.000000 0.000000 29.817074 29.085367 139.390244
1379709 27 30.000000 0.000000 0.000000 26.402439 28.658537 141.158539
1379714 27 20.000000 0.000000 0.000000 22.500000 30.304878 143.963425
1379719 27 0.000000 0.000000 0.000000 19.512196 31.585367 147.256104
1379724 27 0.000000 0.000000 0.000000 15.670732 31.646341 149.756104
1379729 27 0.000000 0.000000 0.000000 8.902439 33.353661 151.402435
1379734 27 0.000000 0.000000 0.000000 -1.219512 35.670734 152.439026
1379739 27 0.000000 0.000000 0.000000 -11.768293 36.768295 153.414642
1379744 27 0.000000 0.000000 0.000000 -22.317074 36.219513 154.024399
1379749 27 0.000000 0.000000 0.000000 -30.914635 34.329269 155.060974
1379754 27 0.000000 0.000000 0.000000 -37.682926 30.975611 156.341461
1379759 27 0.000000 0.000000 0.000000 -43.719513 27.378050 157.195129
1379764 27 0.000000 0.000000 0.000000 -48.475613 24.695122 158.536591
1379769 27 0.000000 0.000000 0.000000 -49.268295 22.012196 160.060974
1379774 27 0.000000 0.000000 0.000000 -50.548782 19.817074 160.975616
1379779 27 0.000000 0.000000 0.000000 -51.646343 17.378050 160.853668
1379784 27 0.000000 0.000000 0.000000 -49.146343 13.963415 160.670731
1379789 27 0.000000 0.000000 0.000000 -43.170734 10.426829 161.036591
1379794 27 0.000000 0.000000 0.000000 -37.378048 9.146341 161.341461
1379799 27 0.000000 0.000000 0.000000 -32.317074 9.512196 160.426834
1379804 27 0.000000 0.000000 0.000000 -27.500000 10.243902 159.573181
1379809 27 0.000000 0.000000 0.000000 -23.658537 12.012196 158.963425
1379814 27 0.000000 0.000000 0.000000 -20.426830 15.000000 158.292694
1379819 27 0.000000 0.000000 0.000000 -17.987804 19.085367 157.560974
1379824 27 0.000000 0.000000 0.000000 -15.548780 22.256098 157.073181
1379829 27 0.000000 0.000000 0.000000 -12.865854 24.268293 157.073181
1379834 27 0.000000 0.000000 0.000000 -11.890244 26.951220 156.280487
1379839 27 0.000000 0.000000 0.000000 -11.707317 31.341465 155.487808
1379844 27 0.000000 0.000000 0.000000 -11.951220 35.304878 154.817078
1379849 27 0.000000 0.000000 0.000000 -13.231708 38.231709 154.512192
1379854 27 0.000000 0.000000 0.000000 -15.121951 39.634148 153.719513
1379859 27 0.000000 0.000000 0.000000 -17.621952 39.756100 152.256104
1379864 27 0.000000 0.000000 0.000000 -18.048780 38.048782 151.585373
1379869 27 0.000000 0.000000 0.000000 -15.975610 34.329269 151.402435
1379874 27 0.000000 0.000000 0.000000 -13.048780 29.085367 150.182938
1379879 27 0.000000 0.000000 0.000000 -12.195122 25.182928 148.414642
1379884 27 0.000000 0.000000 0.000000 -11.646341 22.865854 146.768295
1379889 27 0.000000 0.000000 0.000000 -11.402439 21.768293 145.792679
1379894 27 0.000000 0.000000 0.000000 -12.195122 21.768293 144.146347
1379899 27 0.000000 0.000000 0.000000 -14.207317 22.195122 140.792679
1379904 27 0.000000 0.000000 0.000000 -15.731708 21.707317 138.170731
1379909 27 0.000000 0.000000 0.000000 -16.402439 20.487804 137.134155
1379914 27 0.000000 0.000000 0.000000 -17.378050 18.780489 135.426834
1379919 27 0.000000 0.000000 0.000000 -20.121952 18.536585 132.865860
1379924 27 0.000000 0.000000 0.000000 -23.170732 19.085367 130.487808
1379929 27 0.000000 0.000000 0.000000 -24.329269 18.231709 127.682930
1379934 27 0.000000 0.000000 0.000000 -25.914635 18.292683 124.329269
1379939 27 0.000000 0.000000 0.000000 -26.951220 18.841463 120.731712
1379944 27 0.000000 0.000000 0.000000 -25.609756 18.536585 117.621956
1379949 27 0.000000 0.000000 0.000000 -23.109756 17.926830 114.085365
1379954 27 0.000000 0.000000 0.000000 -20.548780 17.743902 110.365860
1379959 27 0.000000 0.000000 0.000000 -18.658537 19.451220 108.414635
1379964 27 0.000000 0.000000 0.000000 -17.865854 22.012196 106.280487
1379969 27 0.000000 0.000000 0.000000 -17.621952 24.390244 103.292686
1379974 27 0.000000 0.000000 0.000000 -15.609756 25.182928 100.365852
1379979 27 0.000000 0.000000 0.000000 -13.475610 24.329269 98.170731
1379984 27 0.000000 0.000000 0.000000 -13.109756 24.207317 96.036591
1379989 27 0.000000 0.000000 0.000000 -11.280488 22.804878 94.329269
1379994 27 0.000000 0.000000 0.000000 -7.804878 20.365854 92.378052
1379999 27 0.000000 0.000000 0.000000 -5.121951 17.804878 89.878052
1380004 27 0.000000 0.000000 0.000000 -5.548780 16.463415 87.804878
1380009 27 0.000000 0.000000 0.000000 -6.402439 15.548780 85.670731
1380014 27 0.000000 0.000000 0.000000 -6.646342 14.878049 83.780487
1380019 27 0.000000 0.000000 0.000000 -6.585366 13.048780 80.609756
1380024 27 0.000000 0.000000 0.000000 -7.560976 11.341464 76.646347
1380029 27 0.000000 0.000000 0.000000 -9.512196 10.304878 73.353661
1380034 27 0.000000 0.000000 0.000000 -11.707317 9.329268 69.878052
1380039 27 0.000000 0.000000 0.000000 -13.231708 9.390244 66.219513
1380044 27 0.000000 0.000000 0.000000 -16.768293 10.121951 62.073174
1380049 27 0.000000 0.000000 0.000000 -20.060976 10.792684 58.902439
1380054 27 0.000000 0.000000 0.000000 -23.414635 11.219512 56.158539
1380059 27 0.000000 0.000000 0.000000 -25.060976 11.585366 54.085365
1380064 27 0.000000 0.000000 0.000000 -25.487806 12.682927 51.524391
1380069 27 0.000000 0.000000 0.000000 -24.878050 14.146341 48.475613
1380074 27 0.000000 0.000000 0.000000 -24.146341 13.658537 45.365856
1380079 27 0.000000 0.000000 0.000000 -23.353659 12.560976 42.439026
1380084 27 0.000000 0.000000 0.000000 -21.280489 10.792684 40.548782
1380089 27 0.000000 0.000000 0.000000 -18.841463 8.414635 39.024391
1380094 27 0.000000 0.000000 0.000000 -15.304878 6.280488 35.975609
1380099 27 0.000000 0.000000 0.000000 -11.463415 3.597561 31.829269
1380104 27 0.000000 0.000000 0.000000 -7.439024 1.280488 28.292683
1380109 27 0.000000 0.000000 0.000000 -4.146341 0.060976 25.914635
1380114 27 0.000000 0.000000 0.000000 -1.341463 -0.914634 22.621952
1380119 27 0.000000 0.000000 0.000000 0.060976 -1.341463 18.780489
1380124 27 0.000000 0.000000 0.000000 0.487805 -0.731707 16.280489
1380129 27 0.000000 0.000000 0.000000 1.158537 -0.731707 15.060976
1380134 27 0.000000 0.000000 0.000000 2.560976 0.060976 14.329268
1380139 27 0.000000 0.000000 0.000000 2.073171 0.731707 13.109756
1380144 27 0.000000 0.000000 0.000000 -0.792683 1.463415 10.487805
1380149 27 0.000000 0.000000 0.000000 -3.536585 1.951220 7.317073
1380154 27 0.000000 0.000000 0.000000 -5.609756 1.768293 4.573171
1380159 27 0.000000 0.000000 0.000000 -7.804878 1.890244 3.170732
1380164 27 0.000000 0.000000 0.000000 -10.731708 0.000000 0.000000
1380169 27 0.000000 0.000000 0.000000 -13.414635 0.121951 -4.390244
1380174 27 0.000000 0.000000 0.000000 -14.573171 1.646341 -6.097561
1380179 27 0.000000 0.000000 0.000000 -14.878049 2.073171 -8.353659
1380184 27 0.000000 0.000000 0.000000 -15.060976 1.402439 -11.280488
1380189 27 0.000000 0.000000 0.000000 -14.390244 -0.792683 -13.536586
1380194 27 0.000000 0.000000 0.000000 -13.414635 -2.926829 -17.804878
1380199 27 0.000000 0.000000 0.000000 -13.170732 -2.073171 -22.439024
1380204 27 0.000000 0.000000 0.000000 -10.487805 -1.341463 -23.597561
1380209 27 0.000000 0.000000 0.000000 -9.207317 -3.536585 -26.951220
1380214 27 0.000000 0.000000 0.000000 -7.865854 -4.207317 -30.487806
1380219 27 0.000000 0.000000 0.000000 -4.085366 -2.621951 -31.646341
1380224 27 0.000000 0.000000 0.000000 -0.609756 -3.231707 -32.256100
1380229 27 0.000000 0.000000 0.000000 0.182927 -5.792683 -35.000000
1380234 27 0.000000 0.000000 0.000000 -0.975610 -7.560976 -40.182926
1380239 27 0.000000 0.000000 0.000000 -1.463415 -7.073171 -43.109756
1380244 27 0.000000 0.000000 0.000000 -1.463415 -6.646342 -44.268295
1380249 27 0.000000 0.000000 0.000000 -0.365854 -5.731708 -42.987804
1380254 27 0.000000 0.000000 0.000000 -1.402439 -5.060976 -43.170734
1380259 27 0.000000 0.000000 0.000000 -5.609756 -4.756098 -47.256100
1380264 27 0.000000 0.000000 0.000000 -8.353659 -4.390244 -48.963417
1380269 27 0.000000 0.000000 0.000000 -10.609756 -4.207317 -50.000000
1380274 27 0.000000 0.000000 0.000000 -11.585366 -3.841464 -50.182926
1380279 27 0.000000 0.000000 0.000000 -12.195122 -2.500000 -48.963417
1380284 27 0.000000 0.000000 0.000000 -13.475610 -2.134146 -50.487804
1380289 27 0.000000 0.000000 0.000000 -13.353659 -2.256098 -52.500000
1380294 27 0.000000 0.000000 0.000000 -12.926829 -3.963415 -56.707317
1380299 27 0.000000 0.000000 0.000000 -11.219512 -4.329268 -57.621952
1380304 27 0.000000 0.000000 0.000000 -9.512196 -5.060976 -56.951221
1380309 27 0.000000 0.000000 0.000000 -7.621952 -5.914634 -58.414635
1380314 27 0.000000 0.000000 0.000000 -4.390244 -6.463415 -60.000000
1380319 27 0.000000 0.000000 0.000000 -2.256098 -6.158537 -62.073174
1380324 27 0.000000 0.000000 0.000000 0.121951 -6.768293 -64.695122
1380329 27 0.000000 0.000000 0.000000 3.170732 -5.792683 -65.548782
1380334 27 0.000000 0.000000 0.000000 5.426829 -4.573171 -66.585365
1380339 27 0.000000 0.000000 0.000000 5.670732 -3.292683 -68.780487
1380344 27 0.000000 0.000000 0.000000 5.426829 -2.378049 -70.853661
1380349 27 0.000000 0.000000 0.000000 4.146341 -1.646341 -72.865852
1380354 27 0.000000 0.000000 0.000000 1.158537 -0.853659 -75.000000
1380359 27 0.000000 0.000000 0.000000 -0.182927 0.731707 -75.121956
1380364 27 0.000000 0.000000 0.000000 -2.134146 0.792683 -75.060974
1380369 27 0.000000 0.000000 0.000000 -4.939024 0.609756 -75.731712
1380374 27 0.000000 0.000000 0.000000 -7.317073 0.914634 -76.036591
1380379 27 0.000000 0.000000 0.000000 -8.597561 1.097561 -77.195122
1380384 27 0.000000 0.000000 0.000000 -10.609756 0.792683 -79.024391
1380389 27 0.000000 0.000000 0.000000 -10.304878 0.670732 -78.414635
1380394 27 0.000000 0.000000 0.000000 -8.536586 -0.365854 -78.048782
1380399 27 0.000000 0.000000 0.000000 -6.585366 -1.280488 -78.109756
1380404 27 0.000000 0.000000 0.000000 -5.487805 -1.768293 -79.207321
1380409 27 0.000000 0.000000 0.000000 -4.390244 -1.524390 -80.487808
1380414 27 0.000000 0.000000 0.000000 -3.536585 -0.975610 -83.109756
1380419 27 0.000000 0.000000 0.000000 -3.841464 -1.707317 -83.414635
1380424 27 0.000000 0.000000 0.000000 -4.146341 -1.890244 -82.987808
1380429 27 0.000000 0.000000 0.000000 -4.146341 -1.219512 -82.378052
1380434 27 0.000000 0.000000 0.000000 -5.182927 0.426829 -82.195122
1380439 27 0.000000 0.000000 0.000000 -5.975610 1.707317 -86.524391
1380444 27 0.000000 0.000000 0.000000 -4.390244 4.329268 -87.682930
1380449 27 0.000000 0.000000 0.000000 -1.890244 6.463415 -84.146347
1380454 27 0.000000 0.000000 0.000000 -0.731707 7.926829 -81.036591
1380459 27 0.000000 0.000000 0.000000 -0.365854 9.390244 -82.317078
1380464 27 0.000000 0.000000 0.000000 0.487805 9.939025 -84.024391
1380469 27 0.000000 0.000000 0.000000 1.219512 10.243902 -85.243904
1380474 27 0.000000 0.000000 0.000000 1.768293 10.000000 -86.341469
1380479 27 0.000000 0.000000 0.000000 3.475610 9.573171 -86.219513
1380484 27 0.000000 0.000000 0.000000 2.865854 8.902439 -87.439026
1380489 27 0.000000 0.000000 0.000000 3.048780 8.414635 -87.560974
1380494 27 0.000000 0.000000 0.000000 2.256098 7.439024 -87.134148
1380499 27 0.000000 0.000000 0.000000 0.609756 6.219512 -86.280487
1380504 27 0.000000 0.000000 0.000000 -0.548781 5.426829 -85.914635
1380509 27 0.000000 0.000000 0.000000 -1.890244 4.146341 -84.146347
1380514 27 0.000000 0.000000 0.000000 -1.951220 4.329268 -82.560974
1380519 27 0.000000 0.000000 0.000000 -3.048780 4.817073 -80.670731
1380524 27 0.000000 0.000000 0.000000 -5.182927 5.304878 -79.756096
1380529 27 0.000000 0.000000 0.000000 -7.256098 4.573171 -79.939026
1380534 27 0.000000 0.000000 0.000000 -8.414635 3.780488 -80.121956
1380539 27 0.000000 0.000000 0.000000 -9.573171 3.719512 -80.670731
1380544 27 0.000000 0.000000 0.000000 -9.695122 4.207317 -78.841469
1380549 27 0.000000 0.000000 0.000000 -9.695122 3.963415 -77.621956
1380554 27 0.000000 0.000000 0.000000 -9.451220 3.536585 -77.621956
1380559 27 0.000000 0.000000 0.000000 -8.414635 3.048780 -77.926834
1380564 27 0.000000 0.000000 0.000000 -6.524390 1.951220 -77.012199
1380569 27 0.000000 0.000000 0.000000 -3.048780 1.402439 -74.695122
1380574 27 0.000000 0.000000 0.000000 -1.402439 1.158537 -75.243904
1380579 27 0.000000 0.000000 0.000000 0.426829 1.280488 -75.548782
1380584 27 0.000000 0.000000 0.000000 2.256098 0.853659 -75.548782
1380589 27 0.000000 0.000000 0.000000 4.329268 -0.060976 -75.000000
1380594 27 0.000000 0.000000 0.000000 4.573171 -1.402439 -73.841469
1380599 27 0.000000 0.000000 0.000000 2.378049 -2.804878 -72.682930
1380604 27 0.000000 0.000000 0.000000 2.378049 -2.804878 -71.280487
1380609 27 0.000000 0.000000 0.000000 1.280488 -2.682927 -70.731712
1380614 27 0.000000 0.000000 0.000000 0.487805 -2.865854 -70.000000
1380619 27 0.000000 0.000000 0.000000 -1.097561 -2.987805 -69.756096
1380624 27 0.000000 0.000000 0.000000 -3.658537 -3.902439 -70.060974
1380629 27 0.000000 0.000000 0.000000 -4.878049 -4.756098 -71.829269
1380634 27 0.000000 0.000000 0.000000 -4.512195 -4.939024 -70.426834
1380639 27 0.000000 0.000000 0.000000 -4.268293 -3.597561 -69.207321
1380644 27 0.000000 0.000000 0.000000 -4.817073 -1.219512 -68.170731
1380649 27 0.000000 0.000000 0.000000 -4.573171 0.548781 -67.560974
1380654 27 0.000000 0.000000 0.000000 -4.207317 1.036585 -66.463417
1380659 27 0.000000 0.000000 0.000000 -3.780488 1.219512 -64.024391
1380664 27 0.000000 0.000000 0.000000 -4.573171 0.304878 -63.170734
1380669 27 0.000000 0.000000 0.000000 -4.329268 -0.853659 -61.707317
1380674 27 0.000000 0.000000 0.000000 -4.390244 -2.439024 -60.548782
1380679 27 0.000000 0.000000 0.000000 -3.841464 -4.756098 -58.963417
1380684 27 0.000000 0.000000 0.000000 -3.414634 -7.682927 -57.560978
1380689 27 0.000000 0.000000 0.000000 -2.804878 -9.512196 -54.756100
1380694 27 0.000000 0.000000 0.000000 -4.207317 -11.402439 -56.097561
1380699 27 0.000000 0.000000 0.000000 -5.000000 -12.865854 -55.975613
1380704 27 0.000000 0.000000 0.000000 -5.548780 -12.012196 -55.914635
1380709 27 0.000000 0.000000 0.000000 -5.914634 -9.756098 -55.853661
1380714 27 0.000000 0.000000 0.000000 -6.158537 -7.256098 -55.914635
1380719 27 0.000000 0.000000 0.000000 -6.280488 -5.609756 -55.670734
1380724 27 0.000000 0.000000 0.000000 -6.585366 -4.329268 -55.060978
1380729 27 0.000000 0.000000 0.000000 -6.768293 -4.390244 -54.329269
1380734 27 0.000000 0.000000 0.000000 -6.280488 -4.756098 -52.682926
1380739 27 0.000000 0.000000 0.000000 -5.304878 -4.878049 -50.731709
1380744 27 0.000000 0.000000 0.000000 -3.414634 -4.939024 -49.573174
1380749 27 0.000000 0.000000 0.000000 -0.792683 -5.792683 -48.292683
1380754 27 0.000000 0.000000 0.000000 1.890244 -5.731708 -47.682926
1380759 27 0.000000 0.000000 0.000000 1.951220 -7.317073 -47.804878
1380764 27 0.000000 0.000000 0.000000 0.792683 -7.987805 -48.170734
1380769 27 0.000000 0.000000 0.000000 0.243902 -8.536586 -48.231709
1380774 27 0.000000 0.000000 0.000000 -0.548781 -8.719512 -48.719513
1380779 27 0.000000 0.000000 0.000000 -1.097561 -9.268292 -48.170734
1380784 27 0.000000 0.000000 0.000000 -1.585366 -8.719512 -47.500000
1380789 27 0.000000 0.000000 0.000000 -2.987805 -9.634147 -46.707317
1380794 27 0.000000 0.000000 0.000000 -4.939024 -8.841464 -46.524391
1380799 27 0.000000 0.000000 0.000000 -5.731708 -7.500000 -45.609756
1380804 27 0.000000 0.000000 0.000000 -6.890244 -5.609756 -44.329269
1380809 27 0.000000 0.000000 0.000000 -7.500000 -2.926829 -42.317074
1380814 27 0.000000 0.000000 0.000000 -7.987805 -0.365854 -41.158539
1380819 27 0.000000 0.000000 0.000000 -9.695122 0.548781 -41.768295
1380824 27 0.000000 0.000000 0.000000 -10.243902 0.365854 -42.500000
1380829 27 0.000000 0.000000 0.000000 -9.878049 0.121951 -40.792683
1380834 27 0.000000 0.000000 0.000000 -9.756098 -0.731707 -40.243904
1380839 27 0.000000 0.000000 0.000000 -10.670732 -1.646341 -40.426830
1380844 27 0.000000 0.000000 0.000000 -11.585366 -2.560976 -41.707317
1380849 27 0.000000 0.000000 0.000000 -11.097561 -3.475610 -40.975609
1380854 27 0.000000 0.000000 0.000000 -10.731708 -4.573171 -39.024391
1380859 27 0.000000 0.000000 0.000000 -9.390244 -5.060976 -37.621952
1380864 27 0.000000 0.000000 0.000000 -7.195122 -3.780488 -35.365856
1380869 27 0.000000 0.000000 0.000000 -4.085366 -4.634146 -35.487804
1380874 27 0.000000 0.000000 0.000000 -1.890244 -5.426829 -34.146343
1380879 27 0.000000 0.000000 0.000000 0.731707 -4.390244 -30.609756
1380884 27 0.000000 0.000000 0.000000 2.317073 -5.487805 -30.426830
1380889 27 0.000000 0.000000 0.000000 0.731707 -6.341464 -30.975611
1380894 27 0.000000 0.000000 0.000000 -0.792683 -6.707317 -31.036587
1380899 27 0.000000 0.000000 0.000000 -2.317073 -7.804878 -29.512196
1380904 27 0.000000 0.000000 0.000000 -4.817073 -7.682927 -26.402439
1380909 27 0.000000 0.000000 0.000000 -8.292683 -7.560976 -26.707317
1380914 27 0.000000 0.000000 0.000000 -8.841464 -8.475610 -25.670732
1380919 27 0.000000 0.000000 0.000000 -7.317073 -8.719512 -21.463415
1380924 27 0.000000 0.000000 0.000000 -8.963415 -7.012195 -20.792683
1380929 27 0.000000 0.000000 0.000000 -11.951220 -5.670732 -21.402439
1380934 27 0.000000 0.000000 0.000000 -11.524390 -5.792683 -20.609756
1380939 27 0.000000 0.000000 0.000000 -9.390244 -5.182927 -20.731709
1380944 27 0.000000 0.000000 0.000000 -9.451220 -4.512195 -20.975611
1380949 27 0.000000 0.000000 0.000000 -10.548780 -4.024390 -20.914635
1380954 27 0.000000 0.000000 0.000000 -10.487805 -3.475610 -19.756098
1380959 27 0.000000 0.000000 0.000000 -9.878049 -3.902439 -17.987804
1380964 27 0.000000 0.000000 0.000000 -9.146341 -5.000000 -16.890244
1380969 27 0.000000 0.000000 0.000000 -8.780488 -6.280488 -15.853659
1380974 27 0.000000 0.000000 0.000000 -8.292683 -6.341464 -12.682927
1380979 27 0.000000 0.000000 0.000000 -8.048780 -4.390244 -8.719512
1380984 27 0.000000 0.000000 0.000000 -8.109756 -2.560976 -7.073171
1380989 27 0.000000 0.000000 0.000000 -9.939025 -2.073171 -10.914635
1380994 27 0.000000 0.000000 0.000000 -11.890244 -2.378049 -15.609756
1380999 27 0.000000 0.000000 0.000000 -12.804878 -4.024390 -16.097561
1381004 27 0.000000 0.000000 0.000000 -10.060976 -5.914634 -12.195122
1381009 27 0.000000 0.000000 0.000000 -5.182927 -6.097561 -7.439024
1381014 27 0.000000 0.000000 0.000000 -3.841464 -5.182927 -6.280488
1381019 27 0.000000 0.000000 0.000000 -6.463415 -4.207317 -11.036586
1381024 27 0.000000 0.000000 0.000000 -7.195122 -3.841464 -15.060976
1381029 27 0.000000 0.000000 0.000000 -6.158537 -3.902439 -14.085366
1381034 27 0.000000 0.000000 0.000000 -3.109756 -3.597561 -9.512196
1381039 27 0.000000 0.000000 0.000000 -0.365854 -4.573171 -6.585366
1381044 27 0.000000 0.000000 0.000000 -0.121951 -5.914634 -5.487805
1381049 27 0.000000 0.000000 0.000000 -2.439024 -6.890244 -5.487805
1381054 27 0.000000 0.000000 0.000000 -4.268293 -7.804878 -7.256098
1381059 27 0.000000 0.000000 0.000000 -5.426829 -8.902439 -8.780488
1381064 27 0.000000 0.000000 0.000000 -6.707317 -8.475610 -7.439024
1381069 27 0.000000 0.000000 0.000000 -8.780488 -7.134147 -6.585366
1381074 27 0.000000 0.000000 0.000000 -10.975610 -6.219512 -6.646342
1381079 27 0.000000 0.000000 0.000000 -12.804878 -6.036585 -6.890244
1381084 27 0.000000 0.000000 0.000000 -13.902439 -5.548780 -7.500000
1381089 27 0.000000 0.000000 0.000000 -13.170732 -5.914634 -9.268292
1381094 27 10.000000 0.000000 0.000000 -10.487805 -7.500000 -6.097561
1381099 27 10.000000 0.000000 0.000000 -7.804878 -9.756098 -4.024390
1381104 27 10.000000 0.000000 0.000000 -6.524390 -10.487805 -4.878049
1381109 27 20.000000 0.000000 0.000000 -8.170732 -10.914635 -8.231708
1381114 27 20.000000 0.000000 0.000000 -7.682927 -9.756098 -9.390244
1381119 27 20.000000 0.000000 0.000000 -1.585366 -6.951220 -6.951220
1381124 27 20.000000 0.000000 0.000000 4.390244 -5.670732 -6.463415
1381129 27 30.000000 0.000000 0.000000 8.292683 -4.512195 -7.134147
1381134 27 30.000000 0.000000 0.000000 10.914635 -3.109756 -7.865854
1381139 27 30.000000 0.000000 0.000000 14.695123 -2.926829 -9.573171
1381144 27 30.000000 0.000000 0.000000 20.365854 -3.231707 -8.902439
1381149 27 30.000000 0.000000 0.000000 27.378050 -2.621951 -4.939024
1381154 27 30.000000 0.000000 0.000000 32.987804 -2.500000 -2.865854
1381159 27 30.000000 0.000000 0.000000 36.341465 -4.329268 -4.207317
1381164 27 30.000000 0.000000 0.000000 38.902439 -6.707317 -6.280488
1381169 27 40.000000 0.000000 0.000000 39.634148 -9.451220 -8.170732
1381174 27 40.000000 0.000000 0.000000 39.939026 -11.341464 -7.865854
1381179 27 40.000000 0.000000 0.000000 39.085365 -13.048780 -6.097561
1381184 27 40.000000 0.000000 0.000000 34.146343 -13.536586 -4.695122
1381189 27 40.000000 0.000000 0.000000 29.634148 -12.804878 -3.536585
1381194 27 40.000000 0.000000 0.000000 27.926830 -11.951220 -2.134146
1381199 27 40.000000 0.000000 0.000000 24.451220 -11.707317 -2.195122
1381204 27 40.000000 0.000000 0.000000 21.219513 -9.695122 -2.195122
1381209 27 40.000000 0.000000 0.000000 20.426830 -6.402439 -0.060976
1381214 27 50.000000 0.000000 0.000000 19.024391 -5.304878 -0.548781
1381219 27 40.000000 0.000000 0.000000 18.414635 -2.560976 -0.792683
1381224 27 40.000000 0.000000 0.000000 18.597561 1.585366 -0.670732
1381229 27 40.000000 0.000000 0.000000 20.000000 4.451220 0.975610
1381234 27 40.000000 0.000000 0.000000 23.353659 2.317073 2.560976
1381239 27 40.000000 0.000000 0.000000 25.975611 -0.243902 3.780488
1381244 27 40.000000 0.000000 0.000000 28.170732 -1.707317 5.548780
1381249 27 40.000000 0.000000 0.000000 32.743904 -5.060976 8.170732
1381254 27 40.000000 0.000000 0.000000 35.121952 -7.195122 10.426829
1381259 27 40.000000 0.000000 0.000000 37.012196 -7.621952 12.743903
1381264 27 40.000000 0.000000 0.000000 40.365856 -9.146341 14.207317
1381269 27 30.000000 0.000000 0.000000 39.939026 -11.280488 13.353659
1381274 27 30.000000 0.000000 0.000000 38.719513 -10.426829 12.256098
1381279 27 30.000000 0.000000 0.000000 38.292683 -9.207317 11.768293
1381284 27 30.000000 0.000000 0.000000 37.500000 -7.682927 13.597561
1381289 27 30.000000 0.000000 0.000000 32.256100 -6.219512 14.451220
1381294 27 30.000000 0.000000 0.000000 26.402439 -3.963415 15.426829
1381299 27 30.000000 0.000000 0.000000 22.987806 -2.195122 18.719513
1381304 27 30.000000 0.000000 0.000000 17.743902 -1.951220 20.609756
1381309 27 30.000000 0.000000 0.000000 11.463415 -2.560976 22.926830
1381314 27 30.000000 0.000000 0.000000 6.341464 -2.621951 25.060976
1381319 27 30.000000 0.000000 0.000000 1.402439 -1.463415 27.439026
1381324 27 30.000000 0.000000 0.000000 -1.280488 -1.951220 29.146341
1381329 27 30.000000 0.000000 0.000000 -2.073171 -2.621951 29.634148
1381334 27 30.000000 0.000000 0.000000 -3.475610 -2.134146 30.548780
1381339 27 30.000000 0.000000 0.000000 -3.902439 -1.829268 31.829269
1381344 27 30.000000 0.000000 0.000000 -3.048780 -2.500000 33.414635
1381349 27 20.000000 0.000000 0.000000 -0.426829 -3.109756 35.609756
1381354 27 20.000000 0.000000 0.000000 4.451220 -4.329268 37.987804
1381359 27 20.000000 0.000000 0.000000 8.902439 -6.524390 38.780487
1381364 27 20.000000 0.000000 0.000000 13.353659 -7.621952 40.304878
1381369 27 10.000000 0.000000 0.000000 17.317074 -5.487805 41.768295
1381374 27 10.000000 0.000000 0.000000 18.536585 -3.902439 44.085365
1381379 27 10.000000 0.000000 0.000000 19.146341 -2.439024 45.670734
1381384 27 10.000000 0.000000 0.000000 17.500000 -0.792683 45.792683
1381389 27 0.000000 0.000000 0.000000 12.500000 0.243902 44.390244
1381394 27 0.000000 0.000000 0.000000 7.073171 3.353659 44.451221
1381399 27 0.000000 0.000000 0.000000 0.975610 6.341464 46.036587
1381404 27 0.000000 0.000000 0.000000 -5.914634 7.317073 48.109756
1381409 27 0.000000 0.000000 0.000000 -12.804878 8.292683 50.609756
1381414 27 0.000000 0.000000 0.000000 -19.329269 8.536586 52.073174
1381419 27 0.000000 0.000000 0.000000 -25.000000 7.804878 54.634148
1381424 27 0.000000 0.000000 0.000000 -30.182928 5.548780 56.768295
1381429 27 0.000000 0.000000 0.000000 -34.085365 2.865854 57.560978
1381434 27 0.000000 0.000000 0.000000 -36.585365 1.341463 58.658539
1381439 27 0.000000 0.000000 0.000000 -37.560978 -0.792683 58.231709
1381444 27 0.000000 0.000000 0.000000 -35.487804 -3.597561 57.195122
1381449 27 0.000000 0.000000 0.000000 -32.865856 -5.853659 56.036587
1381454 27 0.000000 0.000000 0.000000 -30.853659 -7.439024 55.121952
1381459 27 0.000000 0.000000 0.000000 -27.865854 -7.682927 53.231709
1381464 27 0.000000 0.000000 0.000000 -22.926830 -6.158537 54.268295
1381469 27 0.000000 0.000000 0.000000 -18.902439 -4.451220 54.573174
1381474 27 0.000000 0.000000 0.000000 -15.609756 -2.378049 55.000000
1381479 27 0.000000 0.000000 0.000000 -11.768293 -1.097561 56.036587
1381484 27 0.000000 0.000000 0.000000 -6.463415 1.341463 55.914635
1381489 27 0.000000 0.000000 0.000000 -1.341463 3.597561 55.121952
1381494 27 0.000000 0.000000 0.000000 -0.365854 5.304878 53.109756
1381499 27 0.000000 0.000000 0.000000 -0.304878 7.134147 51.341465
1381504 27 0.000000 0.000000 0.000000 -0.365854 9.390244 50.304878
1381509 27 0.000000 0.000000 0.000000 -2.865854 11.036586 48.841465
1381514 27 0.000000 0.000000 0.000000 -5.243903 11.280488 48.292683
1381519 27 0.000000 0.000000 0.000000 -8.109756 11.341464 48.292683
1381524 27 0.000000 0.000000 0.000000 -11.158537 10.182927 47.134148
1381529 27 0.000000 0.000000 0.000000 -14.207317 9.390244 46.951221
1381534 27 0.000000 0.000000 0.000000 -16.768293 8.536586 46.402439
1381539 27 0.000000 0.000000 0.000000 -19.146341 7.682927 45.792683
1381544 27 0.000000 0.000000 0.000000 -20.731709 6.829268 44.817074
1381549 27 0.000000 0.000000 0.000000 -21.707317 6.402439 44.451221
1381554 27 0.000000 0.000000 0.000000 -22.012196 5.365854 43.292683
1381559 27 0.000000 0.000000 0.000000 -22.987806 4.695122 41.158539
1381564 27 0.000000 0.000000 0.000000 -23.353659 4.024390 39.146343
1381569 27 0.000000 0.000000 0.000000 -22.804878 3.170732 37.378048
1381574 27 0.000000 0.000000 0.000000 -20.426830 2.560976 36.341465
1381579 27 0.000000 0.000000 0.000000 -19.329269 2.378049 36.646343
1381584 27 0.000000 0.000000 0.000000 -16.341463 2.378049 34.695122
1381589 27 0.000000 0.000000 0.000000 -13.292684 4.268293 31.890245
1381594 27 0.000000 0.000000 0.000000 -11.158537 5.609756 30.731709
1381599 27 0.000000 0.000000 0.000000 -8.475610 6.219512 30.243902
1381604 27 0.000000 0.000000 0.000000 -5.975610 7.073171 29.573172
1381609 27 0.000000 0.000000 0.000000 -4.512195 7.743903 28.780489
1381614 27 0.000000 0.000000 0.000000 -4.146341 7.500000 27.134148
1381619 27 0.000000 0.000000 0.000000 -4.512195 7.987805 24.329269
1381624 27 0.000000 0.000000 0.000000 -6.341464 8.536586 22.439024
1381629 27 0.000000 0.000000 0.000000 -10.060976 8.292683 20.792683
1381634 27 0.000000 0.000000 0.000000 -12.926829 7.378049 20.060976
1381639 27 0.000000 0.000000 0.000000 -15.121951 6.341464 20.243902
1381644 27 0.000000 0.000000 0.000000 -16.951220 5.548780 19.939024
1381649 27 0.000000 0.000000 0.000000 -17.500000 5.060976 18.109756
1381654 27 0.000000 0.000000 0.000000 -17.195122 3.841464 15.304878
1381659 27 0.000000 0.000000 0.000000 -16.158537 2.439024 13.963415
1381664 27 0.000000 0.000000 0.000000 -15.853659 0.548781 12.560976
1381669 27 0.000000 0.000000 0.000000 -17.500000 0.975610 9.512196
1381674 27 0.000000 0.000000 0.000000 -18.048780 2.682927 6.219512
1381679 27 0.000000 0.000000 0.000000 -18.414635 2.682927 3.597561
1381684 27 0.000000 0.000000 0.000000 -18.231709 2.500000 1.829268
1381689 27 0.000000 0.000000 0.000000 -16.097561 2.987805 1.463415
1381694 27 0.000000 0.000000 0.000000 -14.817074 4.146341 1.036585
1381699 27 0.000000 0.000000 0.000000 -12.560976 5.060976 -0.731707
1381704 27 0.000000 0.000000 0.000000 -10.548780 5.121951 -1.829268
1381709 27 0.000000 0.000000 0.000000 -9.390244 5.670732 -3.414634
1381714 27 0.000000 0.000000 0.000000 -9.756098 6.829268 -5.304878
1381719 27 0.000000 0.000000 0.000000 -10.304878 7.073171 -8.658537
1381724 27 0.000000 0.000000 0.000000 -9.817074 5.975610 -11.219512
1381729 27 0.000000 0.000000 0.000000 -9.268292 3.292683 -11.768293
1381734 27 0.000000 0.000000 0.000000 -9.085366 1.097561 -13.597561
1381739 27 0.000000 0.000000 0.000000 -10.792684 0.487805 -16.341463
1381744 27 0.000000 0.000000 0.000000 -9.634147 0.853659 -18.231709
1381749 27 0.000000 0.000000 0.000000 -6.158537 -0.365854 -19.573172
1381754 27 0.000000 0.000000 0.000000 -5.304878 -1.402439 -21.036587
1381759 27 0.000000 0.000000 0.000000 -4.573171 -1.402439 -22.378050
1381764 27 0.000000 0.000000 0.000000 -3.658537 0.000000 -23.902439
1381769 27 0.000000 0.000000 0.000000 -3.658537 1.646341 -24.085367
1381774 27 0.000000 0.000000 0.000000 -3.963415 1.219512 -27.073172
1381779 27 0.000000 0.000000 0.000000 -5.792683 1.341463 -30.975611
1381784 27 0.000000 0.000000 0.000000 -8.353659 2.987805 -32.804878
1381789 27 0.000000 0.000000 0.000000 -10.000000 4.756098 -32.195122
1381794 27 0.000000 0.000000 0.000000 -11.707317 5.182927 -32.012196
1381799 27 0.000000 0.000000 0.000000 -14.268293 4.451220 -33.231709
1381804 27 0.000000 0.000000 0.000000 -17.621952 4.207317 -36.158539
1381809 27 0.000000 0.000000 0.000000 -19.573172 4.878049 -38.475609
1381814 27 0.000000 0.000000 0.000000 -20.487804 5.853659 -40.182926
1381819 27 0.000000 0.000000 0.000000 -18.292683 6.341464 -40.670734
1381824 27 0.000000 0.000000 0.000000 -14.939025 6.524390 -40.609756
1381829 27 0.000000 0.000000 0.000000 -12.073171 7.195122 -40.548782
1381834 27 0.000000 0.000000 0.000000 -11.219512 6.585366 -44.451221
1381839 27 0.000000 0.000000 0.000000 -9.939025 3.475610 -50.426830
1381844 27 0.000000 0.000000 0.000000 -6.280488 0.975610 -51.829269
1381849 27 0.000000 0.000000 0.000000 -2.621951 -1.402439 -50.304878
1381854 27 0.000000 0.000000 0.000000 -0.609756 -2.378049 -50.243904
1381859 27 0.000000 0.000000 0.000000 0.548781 -0.731707 -49.329269
1381864 27 0.000000 0.000000 0.000000 1.829268 1.280488 -48.536587
1381869 27 0.000000 0.000000 0.000000 2.134146 3.902439 -48.170734
1381874 27 0.000000 0.000000 0.000000 2.682927 4.451220 -49.756100
1381879 27 0.000000 0.000000 0.000000 1.219512 4.939024 -52.682926
1381884 27 0.000000 0.000000 0.000000 0.365854 4.634146 -53.414635
1381889 27 0.000000 0.000000 0.000000 -0.853659 2.560976 -55.060978
1381894 27 0.000000 0.000000 0.000000 -4.390244 -0.426829 -57.500000
1381899 27 0.000000 0.000000 0.000000 -6.402439 -1.768293 -59.817074
1381904 27 0.000000 0.000000 0.000000 -7.195122 -2.073171 -60.060978
1381909 27 0.000000 0.000000 0.000000 -8.719512 -1.463415 -59.695122
1381914 27 0.000000 0.000000 0.000000 -9.512196 -0.792683 -59.451221
1381919 27 0.000000 0.000000 0.000000 -10.609756 0.000000 -59.512196
1381924 27 0.000000 0.000000 0.000000 -9.817074 1.280488 -59.146343
1381929 27 0.000000 0.000000 0.000000 -8.475610 3.048780 -58.902439
1381934 27 0.000000 0.000000 0.000000 -7.073171 5.609756 -59.329269
1381939 27 0.000000 0.000000 0.000000 -6.280488 8.048780 -59.817074
1381944 27 0.000000 0.000000 0.000000 -6.097561 10.060976 -60.609756
1381949 27 0.000000 0.000000 0.000000 -6.829268 10.975610 -62.378052
1381954 27 0.000000 0.000000 0.000000 -5.304878 12.378049 -61.219513
1381959 27 0.000000 0.000000 0.000000 -5.365854 11.585366 -61.158539
1381964 27 0.000000 0.000000 0.000000 -5.365854 9.695122 -61.036587
1381969 27 0.000000 0.000000 0.000000 -4.085366 8.170732 -60.548782
1381974 27 0.000000 0.000000 0.000000 -2.500000 6.951220 -60.000000
1381979 27 0.000000 0.000000 0.000000 -1.524390 4.878049 -59.268295
1381984 27 0.000000 0.000000 0.000000 1.585366 3.414634 -57.439026
1381989 27 0.000000 0.000000 0.000000 2.195122 1.341463 -58.780491
1381994 27 0.000000 0.000000 0.000000 1.158537 -0.487805 -60.792683
1381999 27 0.000000 0.000000 0.000000 -0.121951 -1.219512 -61.158539
1382004 27 0.000000 0.000000 0.000000 -1.524390 -0.853659 -61.280491
1382009 27 0.000000 0.000000 0.000000 -3.353659 1.036585 -60.243904
1382014 27 0.000000 0.000000 0.000000 -4.695122 3.597561 -60.243904
1382019 27 0.000000 0.000000 0.000000 -7.134147 5.121951 -59.878052
1382024 27 0.000000 0.000000 0.000000 -9.817074 6.646342 -60.000000
1382029 27 0.000000 0.000000 0.000000 -11.158537 8.902439 -59.268295
1382034 27 0.000000 0.000000 0.000000 -11.524390 10.914635 -58.841465
1382039 27 0.000000 0.000000 0.000000 -10.792684 12.621951 -58.292683
1382044 27 0.000000 0.000000 0.000000 -10.000000 14.024390 -58.597561
1382049 27 0.000000 0.000000 0.000000 -9.085366 12.439025 -59.085369
1382054 27 0.000000 0.000000 0.000000 -7.865854 10.670732 -58.048782
1382059 27 0.000000 0.000000 0.000000 -5.792683 9.146341 -55.304878
1382064 27 0.000000 0.000000 0.000000 -4.268293 7.439024 -53.780491
1382069 27 0.000000 0.000000 0.000000 -2.743902 5.853659 -52.500000
1382074 27 0.000000 0.000000 0.000000 -1.768293 4.817073 -52.378052
1382079 27 0.000000 0.000000 0.000000 -0.914634 2.804878 -52.560978
1382084 27 0.000000 0.000000 0.000000 -0.365854 1.341463 -52.134148
1382089 27 0.000000 0.000000 0.000000 0.243902 2.195122 -50.731709
1382094 27 0.000000 0.000000 0.000000 -0.182927 2.743902 -49.939026
1382099 27 0.000000 0.000000 0.000000 -0.243902 2.865854 -50.304878
1382104 27 0.000000 0.000000 0.000000 -1.158537 3.719512 -52.073174
1382109 27 0.000000 0.000000 0.000000 -1.036585 4.634146 -52.682926
1382114 27 0.000000 0.000000 0.000000 -0.792683 5.914634 -52.012196
1382119 27 0.000000 0.000000 0.000000 -1.036585 6.768293 -50.914635
1382124 27 0.000000 0.000000 0.000000 -2.012195 6.585366 -49.451221
1382129 27 0.000000 0.000000 0.000000 -4.268293 5.060976 -48.841465
1382134 27 0.000000 0.000000 0.000000 -5.487805 3.780488 -47.743904
1382139 27 0.000000 0.000000 0.000000 -4.878049 4.939024 -44.451221
1382144 27 0.000000 0.000000 0.000000 -6.463415 5.243903 -45.609756
1382149 27 0.000000 0.000000 0.000000 -8.475610 4.634146 -45.243904
1382154 27 0.000000 0.000000 0.000000 -7.317073 5.060976 -42.073174
1382159 27 0.000000 0.000000 0.000000 -5.975610 6.402439 -39.634148
1382164 27 0.000000 0.000000 0.000000 -5.609756 7.012195 -39.268295
1382169 27 0.000000 0.000000 0.000000 -6.890244 7.865854 -40.426830
1382174 27 0.000000 0.000000 0.000000 -7.560976 8.475610 -40.365856
1382179 27 0.000000 0.000000 0.000000 -7.134147 7.987805 -39.085365
1382184 27 0.000000 0.000000 0.000000 -7.439024 5.914634 -38.780487
1382189 27 0.000000 0.000000 0.000000 -8.414635 5.426829 -37.317074
1382194 27 0.000000 0.000000 0.000000 -8.109756 3.658537 -36.829269
1382199 27 0.000000 0.000000 0.000000 -5.792683 3.109756 -34.024391
1382204 27 0.000000 0.000000 0.000000 -4.756098 3.048780 -33.963417
1382209 27 0.000000 0.000000 0.000000 -5.609756 2.500000 -35.182926
1382214 27 0.000000 0.000000 0.000000 -4.695122 1.707317 -33.902439
1382219 27 0.000000 0.000000 0.000000 -3.353659 -0.365854 -32.621952
1382224 27 0.000000 0.000000 0.000000 -4.268293 0.304878 -31.829269
1382229 27 0.000000 0.000000 0.000000 -5.731708 2.621951 -30.731709
1382234 27 0.000000 0.000000 0.000000 -5.060976 3.719512 -28.597561
1382239 27 0.000000 0.000000 0.000000 -4.756098 5.426829 -25.914635
1382244 27 0.000000 0.000000 0.000000 -5.609756 5.914634 -25.121952
1382249 27 0.000000 0.000000 0.000000 -8.780488 4.939024 -26.402439
1382254 27 0.000000 0.000000 0.000000 -10.060976 4.451220 -28.170732
1382259 27 0.000000 0.000000 0.000000 -9.024390 3.292683 -29.634148
1382264 27 0.000000 0.000000 0.000000 -7.256098 3.658537 -28.475611
1382269 27 0.000000 0.000000 0.000000 -5.426829 5.975610 -25.548780
1382274 27 0.000000 0.000000 0.000000 -3.292683 6.280488 -25.975611
1382279 27 0.000000 0.000000 0.000000 -0.304878 5.121951 -26.402439
1382284 27 0.000000 0.000000 0.000000 0.975610 4.146341 -23.780489
1382289 27 0.000000 0.000000 0.000000 1.829268 2.439024 -22.439024
1382294 27 0.000000 0.000000 0.000000 1.158537 -0.243902 -24.634148
1382299 27 0.000000 0.000000 0.000000 0.548781 -2.195122 -24.451220
1382304 27 0.000000 0.000000 0.000000 0.670732 -3.048780 -22.256098
1382309 27 0.000000 0.000000 0.000000 -0.243902 -1.036585 -19.146341
1382314 27 0.000000 0.000000 0.000000 -2.378049 1.585366 -16.829269
1382319 27 0.000000 0.000000 0.000000 -5.304878 2.134146 -17.378050
1382324 27 0.000000 0.000000 0.000000 -9.939025 0.182927 -22.134148
1382329 27 0.000000 0.000000 0.000000 -12.987805 -1.097561 -25.731709
1382334 27 0.000000 0.000000 0.000000 -13.902439 0.060976 -25.365854
1382339 27 0.000000 0.000000 0.000000 -13.902439 2.317073 -22.134148
1382344 27 0.000000 0.000000 0.000000 -15.121951 4.268293 -21.219513
1382349 27 0.000000 0.000000 0.000000 -16.524391 6.280488 -20.182928
1382354 27 0.000000 0.000000 0.000000 -16.951220 5.243903 -20.548780
1382359 27 0.000000 0.000000 0.000000 -15.000000 3.414634 -21.707317
1382364 27 0.000000 0.000000 0.000000 -10.487805 2.439024 -21.646341
1382369 27 0.000000 0.000000 0.000000 -4.756098 1.097561 -18.963415
1382374 27 0.000000 0.000000 0.000000 0.243902 -0.182927 -16.646341
1382379 27 0.000000 0.000000 0.000000 3.719512 0.548781 -14.207317
1382384 27 0.000000 0.000000 0.000000 4.390244 0.853659 -16.707317
1382389 27 0.000000 0.000000 0.000000 5.975610 1.524390 -20.243902
1382394 27 0.000000 0.000000 0.000000 7.500000 2.500000 -20.000000
1382399 27 0.000000 0.000000 0.000000 8.414635 3.475610 -16.219513
1382404 27 0.000000 0.000000 0.000000 7.439024 4.085366 -14.756098
1382409 27 0.000000 0.000000 0.000000 3.780488 2.621951 -15.243903
1382414 27 0.000000 0.000000 0.000000 -1.036585 -0.121951 -18.170732
1382419 27 0.000000 0.000000 0.000000 -4.756098 -1.524390 -19.695122
1382424 27 0.000000 0.000000 0.000000 -7.682927 -0.548781 -19.146341
1382429 27 0.000000 0.000000 0.000000 -9.939025 1.829268 -17.256098
1382434 27 0.000000 0.000000 0.000000 -10.914635 2.012195 -15.914635
1382439 27 0.000000 0.000000 0.000000 -11.280488 -0.121951 -15.304878
1382444 27 0.000000 0.000000 0.000000 -10.243902 -0.792683 -13.963415
1382449 27 0.000000 0.000000 0.000000 -9.207317 -1.585366 -12.804878
1382454 27 0.000000 0.000000 0.000000 -7.621952 -2.926829 -11.890244
1382459 27 -10.000000 0.000000 0.000000 -6.341464 -4.085366 -10.487805
1382464 27 -20.000000 0.000000 0.000000 -4.207317 -4.939024 -8.780488
1382469 27 -30.000000 0.000000 0.000000 -2.804878 -5.548780 -8.048780
1382474 27 -30.000000 0.000000 0.000000 -1.890244 -4.573171 -6.829268
1382479 27 -40.000000 0.000000 0.000000 -4.268293 -3.292683 -7.560976
1382484 27 -40.000000 0.000000 0.000000 -9.024390 -2.012195 -9.024390
1382489 27 -50.000000 0.000000 0.000000 -16.402439 -1.829268 -10.914635
1382494 27 -50.000000 0.000000 0.000000 -24.939026 -1.219512 -11.768293
1382499 27 -50.000000 0.000000 0.000000 -32.682926 -0.670732 -10.060976
1382504 27 -60.000000 0.000000 0.000000 -43.719513 -1.890244 -10.792684
1382509 27 -70.000000 0.000000 0.000000 -54.695122 -3.048780 -11.219512
1382514 27 -70.000000 0.000000 0.000000 -64.207321 -2.378049 -10.060976
1382519 27 -80.000000 0.000000 0.000000 -71.463417 -3.597561 -7.195122
1382524 27 -80.000000 0.000000 0.000000 -79.573174 -5.304878 -5.426829
1382529 27 -90.000000 0.000000 0.000000 -89.146347 -5.121951 -5.121951
1382534 27 -90.000000 0.000000 0.000000 -96.646347 -4.817073 -4.451220
1382539 27 -100.000000 0.000000 0.000000 -102.804878 -6.524390 -5.182927
1382544 27 -100.000000 0.000000 0.000000 -108.475609 -6.707317 -6.463415
1382549 27 -110.000000 0.000000 0.000000 -112.073174 -7.134147 -9.024390
1382554 27 -110.000000 0.000000 0.000000 -115.060982 -7.500000 -9.451220
1382559 27 -110.000000 0.000000 0.000000 -117.439026 -5.914634 -6.402439
1382564 27 -110.000000 0.000000 0.000000 -118.902443 -5.304878 -7.195122
1382569 27 -110.000000 0.000000 0.000000 -119.085365 -5.487805 -7.073171
1382574 27 -110.000000 0.000000 0.000000 -120.487808 -4.268293 -9.390244
1382579 27 -110.000000 0.000000 0.000000 -119.695122 -2.439024 -10.000000
1382584 27 -110.000000 0.000000 0.000000 -115.060982 -2.500000 -11.219512
1382589 27 -110.000000 0.000000 0.000000 -108.597565 -2.500000 -15.182927
1382594 27 -110.000000 0.000000 0.000000 -103.414635 -1.707317 -17.682928
1382599 27 -110.000000 0.000000 0.000000 -99.939026 -0.365854 -20.000000
1382604 27 -100.000000 0.000000 0.000000 -95.609756 2.195122 -20.243902
1382609 27 -90.000000 0.000000 0.000000 -91.463417 2.560976 -19.573172
1382614 27 -90.000000 0.000000 0.000000 -88.780487 1.646341 -20.060976
1382619 27 -80.000000 0.000000 0.000000 -87.073174 0.487805 -23.170732
1382624 27 -70.000000 0.000000 0.000000 -84.268295 0.487805 -24.939026
1382629 27 -50.000000 0.000000 0.000000 -80.609756 1.951220 -25.243902
1382634 27 -50.000000 0.000000 0.000000 -78.048782 2.439024 -28.231709
1382639 27 -10.000000 0.000000 0.000000 -74.390244 0.000000 -34.390244
1382644 27 0.000000 0.000000 0.000000 -64.939026 -3.353659 -38.902439
1382649 27 0.000000 0.000000 0.000000 -53.963417 -3.231707 -41.219513
1382654 27 0.000000 0.000000 0.000000 -40.000000 -0.304878 -44.085365
1382659 27 0.000000 0.000000 0.000000 -22.682928 4.268293 -46.280487
1382664 27 0.000000 0.000000 0.000000 -4.756098 8.475610 -52.560978
1382669 27 0.000000 0.000000 0.000000 13.719513 10.609756 -59.329269
1382674 27 0.000000 0.000000 0.000000 31.646341 11.890244 -62.865856
1382679 27 0.000000 0.000000 0.000000 47.073174 13.109756 -65.487808
1382684 27 0.000000 0.000000 0.000000 59.207317 14.573171 -68.597565
1382689 27 0.000000 0.000000 0.000000 68.292686 13.353659 -70.792686
1382694 27 0.000000 0.000000 0.000000 72.378052 8.170732 -72.500000
1382699 27 0.000000 0.000000 0.000000 69.817078 2.195122 -75.426834
1382704 27 0.000000 0.000000 0.000000 63.902439 -4.512195 -79.268295
1382709 27 0.000000 0.000000 0.000000 54.024391 -9.146341 -81.463417
1382714 27 0.000000 0.000000 0.000000 44.939026 -12.560976 -83.780487
1382719 27 0.000000 0.000000 0.000000 28.414635 -15.426829 -88.841469
1382724 27 0.000000 0.000000 0.000000 7.134147 -15.670732 -95.000000
1382729 27 0.000000 0.000000 0.000000 -10.853659 -14.146341 -102.256104
1382734 27 0.000000 0.000000 0.000000 -23.597561 -11.707317 -108.109756
1382739 27 0.000000 0.000000 0.000000 -34.024391 -7.926829 -111.219513
1382744 27 0.000000 0.000000 0.000000 -43.414635 -3.963415 -114.024391
1382749 27 0.000000 0.000000 0.000000 -48.353661 0.609756 -117.256104
1382754 27 0.000000 0.000000 0.000000 -46.402439 7.073171 -118.231712
1382759 27 0.000000 0.000000 0.000000 -40.487804 14.695123 -119.573174
1382764 27 0.000000 0.000000 0.000000 -33.109756 19.878050 -121.036591
1382769 27 0.000000 0.000000 0.000000 -23.170732 22.682928 -121.707321
1382774 27 0.000000 0.000000 0.000000 -13.048780 23.109756 -122.256104
1382779 27 0.000000 0.000000 0.000000 -4.085366 20.182928 -122.926834
1382784 27 0.000000 0.000000 0.000000 6.646342 17.317074 -122.378052
1382789 27 0.000000 0.000000 0.000000 17.256098 14.817074 -122.195122
1382794 27 0.000000 0.000000 0.000000 25.060976 10.365854 -121.951225
1382799 27 0.000000 0.000000 0.000000 30.975611 4.390244 -121.097565
1382804 27 0.000000 0.000000 0.000000 32.804878 -3.048780 -121.341469
1382809 27 0.000000 0.000000 0.000000 29.634148 -11.829268 -122.012199
1382814 27 0.000000 0.000000 0.000000 27.621952 -17.256098 -121.951225
1382819 27 0.000000 0.000000 0.000000 24.512196 -19.634148 -124.390244
1382824 27 0.000000 0.000000 0.000000 19.756098 -19.512196 -125.731712
1382829 27 0.000000 0.000000 0.000000 14.085366 -18.109756 -124.817078
1382834 27 0.000000 0.000000 0.000000 8.475610 -14.939025 -123.963417
1382839 27 0.000000 0.000000 0.000000 2.439024 -11.707317 -123.292686
1382844 27 0.000000 0.000000 0.000000 -2.317073 -6.768293 -121.402443
1382849 27 0.000000 0.000000 0.000000 -6.280488 0.000000 -120.609756
1382854 27 0.000000 0.000000 0.000000 -8.719512 6.341464 -119.268295
1382859 27 0.000000 0.000000 0.000000 -9.451220 11.036586 -116.646347
1382864 27 0.000000 0.000000 0.000000 -9.695122 15.182927 -114.146347
1382869 27 0.000000 0.000000 0.000000 -11.768293 17.682928 -112.317078
1382874 27 0.000000 0.000000 0.000000 -13.292684 18.597561 -109.573174
1382879 27 0.000000 0.000000 0.000000 -11.341464 20.914635 -107.317078
1382884 27 0.000000 0.000000 0.000000 -9.085366 22.621952 -105.243904
1382889 27 0.000000 0.000000 0.000000 -8.170732 22.256098 -102.621956
1382894 27 0.000000 0.000000 0.000000 -6.646342 20.426830 -100.060982
1382899 27 0.000000 0.000000 0.000000 -5.182927 18.719513 -99.573174
1382904 27 0.000000 0.000000 0.000000 -5.060976 15.121951 -99.695122
1382909 27 0.000000 0.000000 0.000000 -4.146341 10.975610 -97.195122
1382914 27 0.000000 0.000000 0.000000 -2.865854 7.256098 -95.121956
1382919 27 0.000000 0.000000 0.000000 -2.500000 4.573171 -94.085365
1382924 27 0.000000 0.000000 0.000000 -2.743902 3.719512 -93.963417
1382929 27 0.000000 0.000000 0.000000 -4.451220 4.329268 -95.060974
1382934 27 0.000000 0.000000 0.000000 -5.304878 4.756098 -94.695122
1382939 27 0.000000 0.000000 0.000000 -3.658537 7.682927 -93.780487
1382944 27 0.000000 0.000000 0.000000 -1.524390 10.975610 -93.231712
1382949 27 0.000000 0.000000 0.000000 0.853659 13.841464 -92.134148
1382954 27 0.000000 0.000000 0.000000 2.195122 16.158537 -91.219513
1382959 27 0.000000 0.000000 0.000000 2.926829 17.195122 -89.512199
1382964 27 0.000000 0.000000 0.000000 3.902439 18.780489 -86.585365
1382969 27 0.000000 0.000000 0.000000 4.390244 20.060976 -85.670731
1382974 27 0.000000 0.000000 0.000000 3.719512 21.341463 -84.939026
1382979 27 0.000000 0.000000 0.000000 2.073171 22.439024 -84.085365
1382984 27 0.000000 0.000000 0.000000 0.609756 23.292683 -81.707321
1382989 27 0.000000 0.000000 0.000000 -1.158537 23.536587 -79.207321
1382994 27 0.000000 0.000000 0.000000 -4.390244 22.682928 -77.073174
1382999 27 0.000000 0.000000 0.000000 -6.585366 21.951220 -72.256096
1383004 27 0.000000 0.000000 0.000000 -9.512196 20.365854 -69.939026
1383009 27 0.000000 0.000000 0.000000 -12.073171 18.292683 -67.865852
1383014 27 0.000000 0.000000 0.000000 -13.414635 16.036585 -66.219513
1383019 27 0.000000 0.000000 0.000000 -13.231708 13.841464 -65.243904
1383024 27 0.000000 0.000000 0.000000 -13.902439 11.890244 -66.402443
1383029 27 0.000000 0.000000 0.000000 -14.573171 9.573171 -67.743904
1383034 27 0.000000 0.000000 0.000000 -13.475610 8.780488 -68.597565
1383039 27 0.000000 0.000000 0.000000 -10.792684 10.060976 -67.560974
1383044 27 0.000000 0.000000 0.000000 -8.109756 11.707317 -67.256096
1383049 27 0.000000 0.000000 0.000000 -3.719512 13.902439 -66.890244
1383054 27 0.000000 0.000000 0.000000 -1.524390 16.341463 -66.219513
1383059 27 0.000000 0.000000 0.000000 -1.036585 17.256098 -65.609756
1383064 27 0.000000 0.000000 0.000000 1.097561 18.658537 -63.231709
1383069 27 0.000000 0.000000 0.000000 4.207317 21.036587 -60.000000
1383074 27 0.000000 0.000000 0.000000 6.036585 22.926830 -57.500000
1383079 27 0.000000 0.000000 0.000000 6.829268 23.963415 -54.817074
1383084 27 0.000000 0.000000 0.000000 6.341464 23.780489 -53.353661
1383089 27 0.000000 0.000000 0.000000 4.146341 22.134148 -52.195122
1383094 27 0.000000 0.000000 0.000000 1.463415 20.243902 -51.890244
1383099 27 0.000000 0.000000 0.000000 -2.560976 18.475611 -50.426830
1383104 27 0.000000 0.000000 0.000000 -7.560976 16.219513 -49.817074
1383109 27 0.000000 0.000000 0.000000 -11.402439 13.780488 -50.426830
1383114 27 0.000000 0.000000 0.000000 -14.329268 12.743903 -49.878052
1383119 27 0.000000 0.000000 0.000000 -15.975610 12.926829 -49.817074
1383124 27 0.000000 0.000000 0.000000 -18.841463 13.109756 -51.463417
1383129 27 0.000000 0.000000 0.000000 -20.792683 12.865854 -53.109756
1383134 27 0.000000 0.000000 0.000000 -20.000000 14.451220 -51.951221
1383139 27 0.000000 0.000000 0.000000 -17.256098 16.524391 -50.548782
1383144 27 0.000000 0.000000 0.000000 -13.231708 17.926830 -50.548782
1383149 27 0.000000 0.000000 0.000000 -8.841464 18.841463 -50.853661
1383154 27 0.000000 0.000000 0.000000 -3.475610 20.243902 -48.536587
1383159 27 0.000000 0.000000 0.000000 1.341463 19.268293 -46.890244
1383164 27 0.000000 0.000000 0.000000 5.182927 16.036585 -45.975613
1383169 27 0.000000 0.000000 0.000000 7.500000 14.512196 -44.878048
1383174 27 0.000000 0.000000 0.000000 8.170732 12.865854 -44.207317
1383179 27 0.000000 0.000000 0.000000 9.024390 9.207317 -43.109756
1383184 27 0.000000 0.000000 0.000000 7.317073 5.792683 -44.390244
1383189 27 0.000000 0.000000 0.000000 2.865854 3.475610 -45.609756
1383194 27 0.000000 0.000000 0.000000 -0.182927 1.646341 -45.426830
1383199 27 0.000000 0.000000 0.000000 -3.902439 0.487805 -46.280487
1383204 27 0.000000 0.000000 0.000000 -7.195122 0.548781 -46.951221
1383209 27 0.000000 0.000000 0.000000 -10.365854 0.914634 -47.317074
1383214 27 0.000000 0.000000 0.000000 -11.707317 4.695122 -44.390244
1383219 27 0.000000 0.000000 0.000000 -12.560976 9.329268 -42.317074
1383224 27 0.000000 0.000000 0.000000 -14.268293 12.926829 -41.219513
1383229 27 0.000000 0.000000 0.000000 -14.817074 16.463415 -39.451221
1383234 27 0.000000 0.000000 0.000000 -14.146341 18.231709 -37.317074
1383239 27 0.000000 0.000000 0.000000 -11.829268 19.573172 -34.939026
1383244 27 0.000000 0.000000 0.000000 -12.378049 18.597561 -35.487804
1383249 27 0.000000 0.000000 0.000000 -10.609756 17.073172 -35.426830
1383254 27 0.000000 0.000000 0.000000 -7.073171 14.268293 -33.902439
1383259 27 0.000000 0.000000 0.000000 -5.000000 9.695122 -32.926830
1383264 27 0.000000 0.000000 0.000000 -4.390244 6.036585 -31.585367
1383269 27 0.000000 0.000000 0.000000 -3.719512 3.353659 -28.902439
1383274 27 0.000000 0.000000 0.000000 -3.231707 1.402439 -26.890245
1383279 27 0.000000 0.000000 0.000000 -3.231707 -1.585366 -26.402439
1383284 27 0.000000 0.000000 0.000000 -2.439024 -3.902439 -21.951220
1383289 27 0.000000 0.000000 0.000000 -2.987805 -6.280488 -22.804878
1383294 27 0.000000 0.000000 0.000000 -5.121951 -7.195122 -27.804878
1383299 27 0.000000 0.000000 0.000000 -8.231708 -8.170732 -31.219513
1383304 27 0.000000 0.000000 0.000000 -10.121951 -5.853659 -30.426830
1383309 27 0.000000 0.000000 0.000000 -11.646341 -0.975610 -27.621952
1383314 27 0.000000 0.000000 0.000000 -11.463415 0.731707 -25.182928
1383319 27 0.000000 0.000000 0.000000 -9.024390 0.731707 -21.707317
1383324 27 0.000000 0.000000 0.000000 -7.682927 3.231707 -18.597561
1383329 27 0.000000 0.000000 0.000000 -8.048780 5.121951 -17.926830
1383334 27 0.000000 0.000000 0.000000 -8.048780 4.146341 -19.329269
1383339 27 0.000000 0.000000 0.000000 -6.341464 2.500000 -18.170732
1383344 27 0.000000 0.000000 0.000000 -5.487805 3.658537 -15.365854
1383349 27 0.000000 0.000000 0.000000 -6.280488 4.207317 -13.963415
1383354 27 0.000000 0.000000 0.000000 -6.646342 2.865854 -11.585366
1383359 27 0.000000 0.000000 0.000000 -3.658537 1.219512 -6.585366
1383364 27 0.000000 0.000000 0.000000 -3.109756 0.182927 -4.939024
1383369 27 0.000000 0.000000 0.000000 -3.902439 -2.134146 -6.219512
1383374 27 0.000000 0.000000 0.000000 -3.658537 -3.963415 -6.036585
1383379 27 0.000000 0.000000 0.000000 -5.975610 -5.548780 -5.121951
1383384 27 0.000000 0.000000 0.000000 -8.170732 -7.195122 -2.926829
1383389 27 0.000000 0.000000 0.000000 -8.170732 -8.231708 1.646341
1383394 27 0.000000 0.000000 0.000000 -9.451220 -10.609756 3.170732
1383399 27 0.000000 0.000000 0.000000 -10.792684 -11.158537 3.414634
1383404 27 0.000000 0.000000 0.000000 -13.048780 -10.609756 4.451220
1383409 27 0.000000 0.000000 0.000000 -13.902439 -10.060976 5.000000
1383414 27 0.000000 0.000000 0.000000 -13.475610 -8.658537 5.304878
1383419 27 0.000000 0.000000 0.000000 -11.280488 -6.829268 5.487805
1383424 27 0.000000 0.000000 0.000000 -9.268292 -5.853659 3.353659
1383429 27 0.000000 0.000000 0.000000 -6.036585 -3.231707 3.536585
1383434 27 0.000000 0.000000 0.000000 -5.121951 -0.609756 3.719512
1383439 27 0.000000 0.000000 0.000000 -4.634146 2.317073 4.817073
1383444 27 0.000000 0.000000 0.000000 -3.292683 2.865854 6.341464
1383449 27 0.000000 0.000000 0.000000 -1.402439 0.487805 7.926829
1383454 27 0.000000 0.000000 0.000000 0.853659 -1.646341 10.182927
1383459 27 0.000000 0.000000 0.000000 1.280488 -3.597561 12.195122
1383464 27 0.000000 0.000000 0.000000 1.951220 -6.280488 14.573171
1383469 27 0.000000 0.000000 0.000000 2.317073 -11.219512 16.158537
1383474 27 0.000000 0.000000 0.000000 0.000000 -13.536586 17.256098
1383479 27 0.000000 0.000000 0.000000 -2.865854 -15.182927 18.353659
1383484 27 0.000000 0.000000 0.000000 -7.865854 -17.195122 18.414635
1383489 27 0.000000 0.000000 0.000000 -12.439025 -17.012196 19.024391
1383494 27 0.000000 0.000000 0.000000 -15.121951 -16.890244 18.780489
1383499 27 0.000000 0.000000 0.000000 -16.402439 -15.365854 18.719513
1383504 27 0.000000 0.000000 0.000000 -19.207317 -12.804878 18.475611
1383509 27 0.000000 0.000000 0.000000 -21.829269 -11.890244 16.646341
1383514 27 0.000000 0.000000 0.000000 -21.707317 -10.304878 16.585365
1383519 27 0.000000 0.000000 0.000000 -17.256098 -7.012195 18.841463
1383524 27 0.000000 0.000000 0.000000 -13.719513 -6.524390 18.780489
1383529 27 0.000000 0.000000 0.000000 -12.500000 -6.280488 16.402439
1383534 27 0.000000 0.000000 0.000000 -7.987805 -6.280488 16.341463
1383539 27 0.000000 0.000000 0.000000 -2.621951 -6.524390 19.451220
1383544 27 0.000000 0.000000 0.000000 0.609756 -8.963415 20.853659
1383549 27 0.000000 0.000000 0.000000 2.073171 -12.256098 19.817074
1383554 27 0.000000 0.000000 0.000000 4.268293 -13.048780 19.573172
1383559 27 0.000000 0.000000 0.000000 4.329268 -12.804878 18.902439
1383564 27 0.000000 0.000000 0.000000 4.390244 -14.207317 18.902439
1383569 27 0.000000 0.000000 0.000000 5.670732 -14.695123 20.487804
1383574 27 0.000000 0.000000 0.000000 5.670732 -13.780488 22.317074
1383579 27 0.000000 0.000000 0.000000 3.780488 -12.926829 23.109756
1383584 27 0.000000 0.000000 0.000000 -0.609756 -10.365854 19.878050
1383589 27 0.000000 0.000000 0.000000 -4.085366 -7.621952 16.707317
1383594 27 0.000000 0.000000 0.000000 -8.475610 -6.036585 14.512196
1383599 27 0.000000 0.000000 0.000000 -13.780488 -5.365854 12.987805
1383604 27 0.000000 0.000000 0.000000 -18.353659 -4.634146 14.085366
1383609 27 0.000000 0.000000 0.000000 -20.548780 -6.219512 15.487805
1383614 27 0.000000 0.000000 0.000000 -20.670732 -10.182927 14.390244
1383619 27 0.000000 0.000000 0.000000 -19.146341 -10.670732 14.939025
1383624 27 0.000000 0.000000 0.000000 -17.865854 -11.097561 14.878049
1383629 27 0.000000 0.000000 0.000000 -15.365854 -12.560976 12.195122
1383634 27 0.000000 0.000000 0.000000 -11.585366 -12.743903 11.707317
1383639 27 0.000000 0.000000 0.000000 -7.012195 -12.743903 13.841464
1383644 27 0.000000 0.000000 0.000000 -4.512195 -13.109756 12.926829
1383649 27 0.000000 0.000000 0.000000 -2.317073 -12.865854 9.634147
1383654 27 0.000000 0.000000 0.000000 0.243902 -12.621951 7.987805
1383659 27 0.000000 0.000000 0.000000 1.097561 -11.402439 8.231708
1383664 27 0.000000 0.000000 0.000000 1.158537 -10.487805 8.414635
1383669 27 0.000000 0.000000 0.000000 1.524390 -10.487805 7.926829
1383674 27 0.000000 0.000000 0.000000 0.487805 -10.060976 9.085366
1383679 27 0.000000 0.000000 0.000000 -3.109756 -8.231708 9.939025
1383684 27 0.000000 0.000000 0.000000 -4.085366 -6.890244 10.243902
1383689 27 0.000000 0.000000 0.000000 -2.926829 -6.707317 8.963415
1383694 27 0.000000 0.000000 0.000000 -2.865854 -6.646342 7.439024
1383699 27 0.000000 0.000000 0.000000 -4.878049 -6.890244 6.951220
1383704 27 0.000000 0.000000 0.000000 -6.829268 -8.963415 3.536585
1383709 27 0.000000 0.000000 0.000000 -9.329268 -9.085366 1.829268
1383714 27 0.000000 0.000000 0.000000 -12.317074 -8.292683 0.609756
1383719 27 0.000000 0.000000 0.000000 -14.817074 -9.817074 -1.280488
1383724 27 0.000000 0.000000 0.000000 -15.243903 -10.304878 -2.012195
1383729 27 0.000000 0.000000 0.000000 -13.658537 -9.390244 -1.036585
1383734 27 0.000000 0.000000 0.000000 -12.926829 -8.963415 -2.439024
1383739 27 0.000000 0.000000 0.000000 -11.524390 -9.634147 -4.390244
1383744 27 0.000000 0.000000 0.000000 -8.292683 -10.243902 -4.878049
1383749 27 0.000000 0.000000 0.000000 -5.792683 -7.743903 -3.719512
1383754 27 0.000000 0.000000 0.000000 -4.146341 -5.365854 -3.597561
1383759 27 0.000000 0.000000 0.000000 -2.682927 -7.317073 -6.097561
1383764 27 0.000000 0.000000 0.000000 -2.500000 -10.548780 -7.804878
1383769 27 10.000000 0.000000 0.000000 -3.536585 -8.536586 -7.987805
1383774 27 10.000000 0.000000 0.000000 -2.865854 -5.609756 -8.109756
1383779 27 10.000000 0.000000 0.000000 -0.487805 -5.182927 -8.109756
1383784 27 20.000000 0.000000 0.000000 0.731707 -7.073171 -8.658537
1383789 27 30.000000 0.000000 0.000000 1.219512 -7.560976 -10.548780
1383794 27 40.000000 0.000000 0.000000 2.256098 -5.914634 -11.768293
1383799 27 40.000000 0.000000 0.000000 4.512195 -4.207317 -11.463415
1383804 27 50.000000 0.000000 0.000000 8.170732 -1.707317 -12.317074
1383809 27 50.000000 0.000000 0.000000 13.414635 -0.548781 -14.512196
1383814 27 60.000000 0.000000 0.000000 22.317074 -2.439024 -15.609756
1383819 27 60.000000 0.000000 0.000000 32.500000 -4.085366 -14.695123
1383824 27 70.000000 0.000000 0.000000 43.292683 -4.207317 -12.804878
1383829 27 70.000000 0.000000 0.000000 53.231709 -4.085366 -12.621951
1383834 27 80.000000 0.000000 0.000000 63.658539 -4.817073 -12.682927
1383839 27 80.000000 0.000000 0.000000 74.268295 -4.268293 -11.219512
1383844 27 80.000000 0.000000 0.000000 81.646347 -2.560976 -10.792684
1383849 27 90.000000 0.000000 0.000000 86.158539 -3.414634 -12.926829
1383854 27 90.000000 0.000000 0.000000 88.353661 -4.207317 -15.365854
1383859 27 90.000000 0.000000 0.000000 93.780487 -3.719512 -15.304878
1383864 27 100.000000 0.000000 0.000000 100.426834 -3.597561 -13.170732
1383869 27 100.000000 0.000000 0.000000 104.024391 -3.536585 -10.060976
1383874 27 100.000000 0.000000 0.000000 102.743904 -2.865854 -8.353659
1383879 27 100.000000 0.000000 0.000000 97.743904 -2.073171 -9.634147
1383884 27 100.000000 0.000000 0.000000 92.500000 -2.256098 -11.158537
1383889 27 100.000000 0.000000 0.000000 88.841469 -2.500000 -9.268292
1383894 27 100.000000 0.000000 0.000000 85.853661 -3.841464 -6.707317
1383899 27 100.000000 0.000000 0.000000 84.085365 -5.670732 -3.658537
1383904 27 100.000000 0.000000 0.000000 80.975609 -7.987805 -1.951220
1383909 27 100.000000 0.000000 0.000000 74.207321 -10.426829 -2.378049
1383914 27 100.000000 0.000000 0.000000 70.548782 -10.853659 -0.609756
1383919 27 100.000000 0.000000 0.000000 68.170731 -10.426829 0.975610
1383924 27 100.000000 0.000000 0.000000 68.414635 -8.170732 2.865854
1383929 27 100.000000 0.000000 0.000000 69.451218 -6.036585 5.975610
1383934 27 100.000000 0.000000 0.000000 71.097565 -4.695122 8.658537
1383939 27 100.000000 0.000000 0.000000 73.109756 -2.743902 9.329268
1383944 27 100.000000 0.000000 0.000000 75.670731 -0.182927 12.682927
1383949 27 100.000000 0.000000 0.000000 79.512199 -0.060976 15.731708
1383954 27 100.000000 0.000000 0.000000 84.085365 0.975610 19.756098
1383959 27 100.000000 0.000000 0.000000 87.621956 3.353659 24.207317
1383964 27 100.000000 0.000000 0.000000 90.365852 5.731708 27.926830
1383969 27 90.000000 0.000000 0.000000 92.134148 5.975610 29.878050
1383974 27 90.000000 0.000000 0.000000 91.158539 6.890244 33.475609
1383979 27 90.000000 0.000000 0.000000 89.390244 7.439024 36.890244
1383984 27 90.000000 0.000000 0.000000 85.853661 6.829268 40.975609
1383989 27 80.000000 0.000000 0.000000 81.097565 3.841464 42.560978
1383994 27 80.000000 0.000000 0.000000 75.243904 2.560976 44.756100
1383999 27 80.000000 0.000000 0.000000 69.512199 2.865854 49.268295
1384004 27 70.000000 0.000000 0.000000 62.560978 3.109756 52.439026
1384009 27 50.000000 0.000000 0.000000 55.853661 3.292683 55.609756
1384014 27 50.000000 0.000000 0.000000 49.634148 4.085366 59.451221
1384019 27 40.000000 0.000000 0.000000 42.073174 5.975610 62.012196
1384024 27 30.000000 0.000000 0.000000 33.963417 6.585366 66.524391
1384029 27 10.000000 0.000000 0.000000 25.487806 6.280488 70.304878
1384034 27 10.000000 0.000000 0.000000 16.890244 6.585366 73.536591
1384039 27 0.000000 0.000000 0.000000 5.670732 6.524390 78.536591
1384044 27 0.000000 0.000000 0.000000 -6.890244 7.621952 84.146347
1384049 27 0.000000 0.000000 0.000000 -20.121952 8.658537 89.695122
1384054 27 0.000000 0.000000 0.000000 -32.743904 8.536586 94.329269
1384059 27 0.000000 0.000000 0.000000 -43.719513 7.621952 98.597565
1384064 27 0.000000 0.000000 0.000000 -51.646343 6.402439 102.317078
1384069 27 0.000000 0.000000 0.000000 -56.829269 4.329268 105.182930
1384074 27 0.000000 0.000000 0.000000 -60.121952 2.378049 108.048782
1384079 27 0.000000 0.000000 0.000000 -59.634148 0.975610 110.487808
1384084 27 0.000000 0.000000 0.000000 -57.621952 1.402439 112.500000
1384089 27 0.000000 0.000000 0.000000 -54.756100 1.524390 114.878052
1384094 27 0.000000 0.000000 0.000000 -49.024391 2.987805 117.560982
1384099 27 0.000000 0.000000 0.000000 -39.451221 3.292683 119.817078
1384104 27 0.000000 0.000000 0.000000 -32.804878 3.414634 121.280487
1384109 27 0.000000 0.000000 0.000000 -24.268293 3.597561 123.475609
1384114 27 0.000000 0.000000 0.000000 -16.158537 4.634146 125.609756
1384119 27 0.000000 0.000000 0.000000 -7.621952 5.853659 127.073174
1384124 27 0.000000 0.000000 0.000000 -2.012195 7.987805 128.414642
1384129 27 0.000000 0.000000 0.000000 -0.548781 11.707317 128.719513
1384134 27 0.000000 0.000000 0.000000 2.439024 15.365854 129.451218
1384139 27 0.000000 0.000000 0.000000 4.024390 19.573172 129.695129
1384144 27 0.000000 0.000000 0.000000 4.512195 23.048780 129.573181
1384149 27 0.000000 0.000000 0.000000 5.426829 24.634148 129.634155
1384154 27 0.000000 0.000000 0.000000 3.170732 26.585367 129.207321
1384159 27 0.000000 0.000000 0.000000 -1.829268 28.292683 128.170731
1384164 27 0.000000 0.000000 0.000000 -6.036585 28.719513 128.231705
1384169 27 0.000000 0.000000 0.000000 -10.609756 27.073172 127.682930
1384174 27 0.000000 0.000000 0.000000 -14.268293 25.426830 126.768295
1384179 27 0.000000 0.000000 0.000000 -17.804878 24.573172 126.036591
1384184 27 0.000000 0.000000 0.000000 -21.097561 24.146341 125.426834
1384189 27 0.000000 0.000000 0.000000 -22.621952 22.317074 124.573174
1384194 27 0.000000 0.000000 0.000000 -22.134148 19.390244 124.085365
1384199 27 0.000000 0.000000 0.000000 -20.182928 16.097561 124.146347
1384204 27 0.000000 0.000000 0.000000 -18.536585 14.146341 122.682930
1384209 27 0.000000 0.000000 0.000000 -15.548780 12.500000 120.121956
1384214 27 0.000000 0.000000 0.000000 -12.743903 11.585366 117.621956
1384219 27 0.000000 0.000000 0.000000 -12.256098 11.646341 114.878052
1384224 27 0.000000 0.000000 0.000000 -10.548780 13.231708 112.804878
1384229 27 0.000000 0.000000 0.000000 -6.280488 14.024390 111.280487
1384234 27 0.000000 0.000000 0.000000 -2.987805 14.512196 109.329269
1384239 27 0.000000 0.000000 0.000000 -2.012195 17.439024 107.439026
1384244 27 0.000000 0.000000 0.000000 -0.487805 19.085367 105.243904
1384249 27 0.000000 0.000000 0.000000 -1.707317 20.792683 102.012199
1384254 27 0.000000 0.000000 0.000000 -4.512195 24.146341 99.268295
1384259 27 0.000000 0.000000 0.000000 -5.670732 27.012196 98.292686
1384264 27 0.000000 0.000000 0.000000 -7.987805 29.207317 97.621956
1384269 27 0.000000 0.000000 0.000000 -8.841464 29.695122 96.524391
1384274 27 0.000000 0.000000 0.000000 -9.085366 28.475611 94.695122
1384279 27 0.000000 0.000000 0.000000 -10.060976 27.256098 92.317078
1384284 27 0.000000 0.000000 0.000000 -9.268292 24.695122 90.670731
1384289 27 0.000000 0.000000 0.000000 -9.146341 21.951220 88.597565
1384294 27 0.000000 0.000000 0.000000 -8.536586 18.597561 86.219513
1384299 27 0.000000 0.000000 0.000000 -9.024390 15.731708 83.780487
1384304 27 0.000000 0.000000 0.000000 -9.085366 13.841464 81.829269
1384309 27 0.000000 0.000000 0.000000 -8.963415 12.256098 81.341469
1384314 27 0.000000 0.000000 0.000000 -9.024390 10.731708 80.121956
1384319 27 0.000000 0.000000 0.000000 -10.243902 9.878049 77.621956
1384324 27 0.000000 0.000000 0.000000 -11.463415 9.390244 75.121956
1384329 27 0.000000 0.000000 0.000000 -13.353659 9.634147 72.682930
1384334 27 0.000000 0.000000 0.000000 -14.390244 8.719512 70.487808
1384339 27 0.000000 0.000000 0.000000 -15.487805 9.024390 68.109756
1384344 27 0.000000 0.000000 0.000000 -16.036585 9.573171 66.341461
1384349 27 0.000000 0.000000 0.000000 -16.097561 8.109756 63.841465
1384354 27 0.000000 0.000000 0.000000 -15.487805 7.987805 61.524391
1384359 27 0.000000 0.000000 0.000000 -15.853659 8.719512 59.024391
1384364 27 0.000000 0.000000 0.000000 -15.548780 9.207317 56.890244
1384369 27 0.000000 0.000000 0.000000 -15.121951 9.390244 55.121952
1384374 27 0.000000 0.000000 0.000000 -14.939025 9.024390 53.963417
1384379 27 0.000000 0.000000 0.000000 -13.719513 7.743903 53.475613
1384384 27 0.000000 0.000000 0.000000 -13.170732 7.682927 51.280491
1384389 27 0.000000 0.000000 0.000000 -13.109756 7.560976 47.926830
1384394 27 0.000000 0.000000 0.000000 -12.682927 7.500000 44.939026
1384399 27 0.000000 0.000000 0.000000 -12.500000 7.804878 42.500000
1384404 27 0.000000 0.000000 0.000000 -11.646341 7.621952 40.914635
1384409 27 0.000000 0.000000 0.000000 -10.365854 7.987805 39.756100
1384414 27 0.000000 0.000000 0.000000 -9.939025 7.926829 37.317074
1384419 27 0.000000 0.000000 0.000000 -14.756098 5.487805 34.024391
1384424 27 0.000000 0.000000 0.000000 -17.012196 2.378049 31.890245
1384429 27 0.000000 0.000000 0.000000 -11.646341 1.951220 31.524391
1384434 27 0.000000 0.000000 0.000000 -8.719512 0.670732 29.878050
1384439 27 0.000000 0.000000 0.000000 -8.353659 -0.304878 27.682928
1384444 27 0.000000 0.000000 0.000000 -7.500000 -0.060976 24.817074
1384449 27 0.000000 0.000000 0.000000 -5.975610 1.097561 21.585367
1384454 27 0.000000 0.000000 0.000000 -5.731708 2.378049 17.743902
1384459 27 0.000000 0.000000 0.000000 -6.646342 3.353659 12.500000
1384464 27 0.000000 0.000000 0.000000 -6.341464 3.780488 9.085366
1384469 27 0.000000 0.000000 0.000000 -7.012195 3.109756 7.378049
1384474 27 0.000000 0.000000 0.000000 -7.682927 1.158537 5.609756
1384479 27 0.000000 0.000000 0.000000 -8.475610 -1.219512 4.451220
1384484 27 0.000000 0.000000 0.000000 -10.182927 -1.829268 3.048780
1384489 27 0.000000 0.000000 0.000000 -11.707317 -0.609756 2.378049
1384494 27 0.000000 0.000000 0.000000 -14.268293 0.000000 0.365854
1384499 27 0.000000 0.000000 0.000000 -16.951220 0.670732 -4.085366
1384504 27 0.000000 0.000000 0.000000 -17.073172 0.426829 -7.926829
1384509 27 0.000000 0.000000 0.000000 -18.536585 -0.365854 -10.914635
1384514 27 0.000000 0.000000 0.000000 -19.024391 -2.500000 -13.841464
1384519 27 0.000000 0.000000 0.000000 -17.926830 -2.682927 -16.585365
1384524 27 0.000000 0.000000 0.000000 -17.195122 -2.926829 -19.756098
1384529 27 0.000000 0.000000 0.000000 -16.646341 -4.756098 -23.231709
1384534 27 0.000000 0.000000 0.000000 -14.390244 -6.951220 -27.439026
1384539 27 0.000000 0.000000 0.000000 -12.378049 -7.256098 -30.853659
1384544 27 0.000000 0.000000 0.000000 -9.939025 -7.439024 -33.658539
1384549 27 0.000000 0.000000 0.000000 -7.012195 -8.109756 -36.768295
1384554 27 0.000000 0.000000 0.000000 -4.512195 -8.963415 -40.487804
1384559 27 0.000000 0.000000 0.000000 -2.621951 -8.536586 -43.597561
1384564 27 0.000000 0.000000 0.000000 -0.365854 -7.500000 -43.048782
1384569 27 0.000000 0.000000 0.000000 1.219512 -6.219512 -42.073174
1384574 27 0.000000 0.000000 0.000000 1.158537 -5.304878 -43.048782
1384579 27 0.000000 0.000000 0.000000 -0.304878 -2.317073 -46.829269
1384584 27 0.000000 0.000000 0.000000 -1.463415 -1.158537 -51.463417
1384589 27 0.000000 0.000000 0.000000 -2.743902 -2.560976 -54.573174
1384594 27 0.000000 0.000000 0.000000 -2.500000 -3.780488 -55.731709
1384599 27 0.000000 0.000000 0.000000 -2.926829 -5.609756 -57.195122
1384604 27 0.000000 0.000000 0.000000 -4.512195 -7.195122 -60.000000
1384609 27 0.000000 0.000000 0.000000 -5.975610 -7.743903 -62.621952
1384614 27 0.000000 0.000000 0.000000 -6.829268 -8.475610 -65.975609
1384619 27 0.000000 0.000000 0.000000 -8.353659 -8.536586 -68.902443
1384624 27 0.000000 0.000000 0.000000 -10.304878 -7.804878 -70.243904
1384629 27 0.000000 0.000000 0.000000 -12.073171 -7.621952 -71.768295
1384634 27 0.000000 0.000000 0.000000 -13.658537 -7.256098 -73.536591
1384639 27 0.000000 0.000000 0.000000 -13.902439 -7.378049 -75.365852
1384644 27 0.000000 0.000000 0.000000 -13.597561 -7.378049 -77.317078
1384649 27 0.000000 0.000000 0.000000 -12.926829 -7.134147 -78.597565
1384654 27 0.000000 0.000000 0.000000 -11.768293 -5.609756 -79.207321
1384659 27 0.000000 0.000000 0.000000 -11.463415 -5.914634 -80.487808
1384664 27 0.000000 0.000000 0.000000 -11.585366 -6.036585 -82.378052
1384669 27 0.000000 0.000000 0.000000 -11.219512 -5.792683 -83.841469
1384674 27 0.000000 0.000000 0.000000 -10.548780 -5.609756 -84.573174
1384679 27 0.000000 0.000000 0.000000 -9.756098 -5.609756 -85.670731
1384684 27 0.000000 0.000000 0.000000 -7.987805 -6.890244 -85.304878
1384689 27 0.000000 0.000000 0.000000 -4.878049 -6.219512 -87.317078
1384694 27 0.000000 0.000000 0.000000 -2.500000 -5.914634 -89.024391
1384699 27 0.000000 0.000000 0.000000 -1.097561 -5.304878 -89.390244
1384704 27 0.000000 0.000000 0.000000 -0.243902 -4.573171 -90.304878
1384709 27 0.000000 0.000000 0.000000 1.036585 -3.963415 -90.792686
1384714 27 0.000000 0.000000 0.000000 2.256098 -2.378049 -91.158539
1384719 27 0.000000 0.000000 0.000000 0.548781 -3.048780 -92.256104
1384724 27 0.000000 0.000000 0.000000 -1.829268 -4.329268 -92.560974
1384729 27 0.000000 0.000000 0.000000 -4.695122 -5.365854 -92.865852
1384734 27 0.000000 0.000000 0.000000 -6.463415 -5.487805 -92.804878
1384739 27 0.000000 0.000000 0.000000 -7.621952 -4.451220 -92.195122
1384744 27 0.000000 0.000000 0.000000 -9.390244 -4.146341 -91.829269
1384749 27 0.000000 0.000000 0.000000 -10.243902 -3.963415 -90.121956
1384754 27 0.000000 0.000000 0.000000 -11.707317 -3.414634 -89.512199
1384759 27 0.000000 0.000000 0.000000 -13.536586 -2.439024 -89.695122
1384764 27 0.000000 0.000000 0.000000 -14.939025 -0.304878 -90.426834
1384769 27 0.000000 0.000000 0.000000 -16.463415 1.158537 -92.195122
1384774 27 0.000000 0.000000 0.000000 -16.524391 2.134146 -93.231712
1384779 27 0.000000 0.000000 0.000000 -13.963415 4.268293 -92.926834
1384784 27 0.000000 0.000000 0.000000 -11.097561 5.670732 -92.682930
1384789 27 0.000000 0.000000 0.000000 -8.170732 6.280488 -91.585365
1384794 27 0.000000 0.000000 0.000000 -5.975610 7.317073 -91.097565
1384799 27 0.000000 0.000000 0.000000 -3.719512 7.317073 -91.280487
1384804 27 0.000000 0.000000 0.000000 -0.548781 7.865854 -90.487808
1384809 27 0.000000 0.000000 0.000000 1.890244 9.085366 -90.609756
1384814 27 0.000000 0.000000 0.000000 1.829268 10.000000 -90.426834
1384819 27 0.000000 0.000000 0.000000 0.731707 10.000000 -89.024391
1384824 27 0.000000 0.000000 0.000000 -0.365854 9.329268 -87.317078
1384829 27 0.000000 0.000000 0.000000 -1.158537 8.963415 -84.634148
1384834 27 0.000000 0.000000 0.000000 -2.865854 8.414635 -82.621956
1384839 27 0.000000 0.000000 0.000000 -5.975610 6.341464 -82.439026
1384844 27 0.000000 0.000000 0.000000 -8.475610 6.463415 -82.134148
1384849 27 0.000000 0.000000 0.000000 -11.951220 6.036585 -82.500000
1384854 27 0.000000 0.000000 0.000000 -14.085366 4.695122 -83.048782
1384859 27 0.000000 0.000000 0.000000 -15.853659 4.695122 -83.841469
1384864 27 0.000000 0.000000 0.000000 -16.280489 5.670732 -83.475609
1384869 27 0.000000 0.000000 0.000000 -14.695123 7.439024 -82.865852
1384874 27 0.000000 0.000000 0.000000 -14.207317 8.597561 -83.536591
1384879 27 0.000000 0.000000 0.000000 -13.231708 10.121951 -82.987808
1384884 27 0.000000 0.000000 0.000000 -11.707317 11.707317 -81.646347
1384889 27 0.000000 0.000000 0.000000 -10.121951 12.865854 -79.329269
1384894 27 0.000000 0.000000 0.000000 -8.414635 13.902439 -78.414635
1384899 27 0.000000 0.000000 0.000000 -6.707317 14.146341 -78.231712
1384904 27 0.000000 0.000000 0.000000 -2.987805 14.939025 -76.219513
1384909 27 0.000000 0.000000 0.000000 -0.731707 14.756098 -74.878052
1384914 27 0.000000 0.000000 0.000000 0.914634 14.146341 -73.658539
1384919 27 0.000000 0.000000 0.000000 1.036585 14.024390 -73.170731
1384924 27 0.000000 0.000000 0.000000 1.768293 13.231708 -71.890244
1384929 27 0.000000 0.000000 0.000000 2.743902 12.682927 -70.487808
1384934 27 0.000000 0.000000 0.000000 1.402439 10.548780 -69.451218
1384939 27 0.000000 0.000000 0.000000 -1.158537 8.841464 -69.451218
1384944 27 0.000000 0.000000 0.000000 -5.000000 7.987805 -69.634148
1384949 27 0.000000 0.000000 0.000000 -8.658537 6.829268 -69.451218
1384954 27 0.000000 0.000000 0.000000 -10.670732 6.707317 -68.048782
1384959 27 0.000000 0.000000 0.000000 -10.853659 8.231708 -65.426834
1384964 27 0.000000 0.000000 0.000000 -12.560976 8.597561 -65.182930
1384969 27 0.000000 0.000000 0.000000 -13.170732 9.085366 -64.939026
1384974 27 0.000000 0.000000 0.000000 -13.414635 9.695122 -64.634148
1384979 27 0.000000 0.000000 0.000000 -12.500000 10.670732 -63.719513
1384984 27 0.000000 0.000000 0.000000 -10.365854 11.646341 -62.134148
1384989 27 0.000000 0.000000 0.000000 -9.817074 11.646341 -56.219513
1384994 27 0.000000 0.000000 0.000000 -9.390244 12.195122 -54.939026
1384999 27 0.000000 0.000000 0.000000 -7.134147 14.024390 -57.804878
1385004 27 0.000000 0.000000 0.000000 -5.670732 14.756098 -58.719513
1385009 27 0.000000 0.000000 0.000000 -5.365854 14.512196 -56.646343
1385014 27 0.000000 0.000000 0.000000 -4.634146 13.414635 -54.207317
1385019 27 0.000000 0.000000 0.000000 -4.817073 11.707317 -50.731709
1385024 27 0.000000 0.000000 0.000000 -6.097561 9.939025 -49.573174
1385029 27 0.000000 0.000000 0.000000 -6.219512 9.207317 -47.804878
1385034 27 0.000000 0.000000 0.000000 -7.073171 8.231708 -47.012196
1385039 27 0.000000 0.000000 0.000000 -8.719512 6.951220 -46.524391
1385044 27 0.000000 0.000000 0.000000 -10.670732 6.707317 -45.975613
1385049 27 0.000000 0.000000 0.000000 -11.951220 7.134147 -45.304878
1385054 27 0.000000 0.000000 0.000000 -15.121951 7.134147 -45.853661
1385059 27 0.000000 0.000000 0.000000 -18.109756 6.951220 -46.219513
1385064 27 0.000000 0.000000 0.000000 -19.451220 7.926829 -45.365856
1385069 27 0.000000 0.000000 0.000000 -20.060976 8.231708 -44.878048
1385074 27 10.000000 0.000000 0.000000 -18.963415 7.682927 -44.146343
1385079 27 10.000000 0.000000 0.000000 -17.256098 8.475610 -43.414635
1385084 27 10.000000 0.000000 0.000000 -13.841464 10.548780 -39.329269
1385089 27 20.000000 0.000000 0.000000 -7.865854 11.463415 -35.670734
1385094 27 20.000000 0.000000 0.000000 -0.975610 11.524390 -33.048782
1385099 27 30.000000 0.000000 0.000000 5.000000 12.378049 -30.548780
1385104 27 30.000000 0.000000 0.000000 10.060976 13.963415 -28.719513
1385109 27 30.000000 0.000000 0.000000 14.634147 14.268293 -27.621952
1385114 27 40.000000 0.000000 0.000000 22.134148 12.987805 -26.158537
1385119 27 40.000000 0.000000 0.000000 29.695122 10.731708 -23.780489
1385124 27 40.000000 0.000000 0.000000 35.914635 8.292683 -22.317074
1385129 27 50.000000 0.000000 0.000000 41.219513 6.585366 -21.036587
1385134 27 50.000000 0.000000 0.000000 44.268295 4.817073 -20.060976
1385139 27 60.000000 0.000000 0.000000 45.853661 3.292683 -18.963415
1385144 27 60.000000 0.000000 0.000000 45.731709 0.548781 -19.573172
1385149 27 60.000000 0.000000 0.000000 46.219513 -2.012195 -19.939024
1385154 27 60.000000 0.000000 0.000000 47.378052 -3.353659 -19.207317
1385159 27 70.000000 0.000000 0.000000 49.817074 -4.573171 -18.414635
1385164 27 70.000000 0.000000 0.000000 51.707317 -4.512195 -17.500000
1385169 27 70.000000 0.000000 0.000000 53.536587 -2.804878 -14.878049
1385174 27 70.000000 0.000000 0.000000 55.365856 -2.682927 -12.682927
1385179 27 70.000000 0.000000 0.000000 58.963417 -1.768293 -9.634147
1385184 27 70.000000 0.000000 0.000000 62.317074 -0.182927 -7.195122
1385189 27 80.000000 0.000000 0.000000 64.146339 0.000000 -7.134147
1385194 27 80.000000 0.000000 0.000000 65.792686 0.243902 -4.695122
1385199 27 80.000000 0.000000 0.000000 67.987808 2.439024 0.121951
1385204 27 80.000000 0.000000 0.000000 68.902443 4.573171 3.963415
1385209 27 80.000000 0.000000 0.000000 69.878052 4.939024 5.000000
1385214 27 80.000000 0.000000 0.000000 71.890244 3.658537 5.487805
1385219 27 80.000000 0.000000 0.000000 70.243904 2.073171 4.329268
1385224 27 80.000000 0.000000 0.000000 68.109756 2.621951 5.670732
1385229 27 90.000000 0.000000 0.000000 67.500000 2.926829 11.524390
1385234 27 90.000000 0.000000 0.000000 64.085365 2.500000 14.512196
1385239 27 90.000000 0.000000 0.000000 60.060978 2.073171 15.182927
1385244 27 90.000000 0.000000 0.000000 58.414635 1.341463 19.268293
1385249 27 90.000000 0.000000 0.000000 60.365856 -0.243902 25.731709
1385254 27 90.000000 0.000000 0.000000 61.829269 -2.317073 29.756098
1385259 27 90.000000 0.000000 0.000000 63.231709 -5.487805 30.792685
1385264 27 90.000000 0.000000 0.000000 65.365852 -7.500000 32.682926
1385269 27 90.000000 0.000000 0.000000 69.207321 -7.804878 36.280487
1385274 27 90.000000 0.000000 0.000000 71.402443 -7.073171 39.512196
1385279 27 90.000000 0.000000 0.000000 72.621956 -5.243903 42.256100
1385284 27 90.000000 0.000000 0.000000 73.353661 -3.231707 45.243904
1385289 27 90.000000 0.000000 0.000000 74.329269 -1.402439 49.817074
1385294 27 90.000000 0.000000 0.000000 75.609756 0.000000 54.207317
1385299 27 90.000000 0.000000 0.000000 76.036591 0.243902 57.500000
1385304 27 90.000000 0.000000 0.000000 75.060974 0.853659 60.670734
1385309 27 90.000000 0.000000 0.000000 74.634148 2.500000 65.792686
1385314 27 90.000000 0.000000 0.000000 73.475609 3.231707 71.585365
1385319 27 90.000000 0.000000 0.000000 70.670731 2.682927 76.646347
1385324 27 90.000000 0.000000 0.000000 67.195122 2.804878 80.609756
1385329 27 90.000000 0.000000 0.000000 63.109756 2.804878 83.292686
1385334 27 90.000000 0.000000 0.000000 58.475613 2.317073 85.792686
1385339 27 90.000000 0.000000 0.000000 54.268295 2.256098 89.512199
1385344 27 90.000000 0.000000 0.000000 50.853661 2.926829 93.780487
1385349 27 90.000000 0.000000 0.000000 48.353661 4.451220 97.256104
1385354 27 90.000000 0.000000 0.000000 47.256100 4.939024 101.768295
1385359 27 90.000000 0.000000 0.000000 48.048782 5.304878 106.768295
1385364 27 90.000000 0.000000 0.000000 48.658539 7.439024 110.853661
1385369 27 90.000000 0.000000 0.000000 49.024391 10.000000 113.719513
1385374 27 90.000000 0.000000 0.000000 51.341465 11.585366 117.621956
1385379 27 90.000000 0.000000 0.000000 54.756100 13.170732 121.585365
1385384 27 90.000000 0.000000 0.000000 59.695122 13.475610 125.792686
1385389 27 90.000000 0.000000 0.000000 65.000000 12.560976 131.158539
1385394 27 90.000000 0.000000 0.000000 68.658539 12.804878 135.000000
1385399 27 90.000000 0.000000 0.000000 70.426834 14.634147 138.536591
1385404 27 90.000000 0.000000 0.000000 72.012199 16.524391 141.585373
1385409 27 90.000000 0.000000 0.000000 73.170731 19.024391 144.939026
1385414 27 90.000000 0.000000 0.000000 73.719513 21.158537 147.865860
1385419 27 90.000000 0.000000 0.000000 74.085365 22.378050 150.121948
1385424 27 90.000000 0.000000 0.000000 72.804878 23.963415 153.658539
1385429 27 90.000000 0.000000 0.000000 70.060974 25.365854 156.707321
1385434 27 90.000000 0.000000 0.000000 68.963417 25.914635 159.207321
1385439 27 80.000000 0.000000 0.000000 68.048782 27.073172 162.073181
1385444 27 80.000000 0.000000 0.000000 66.036591 28.780489 164.207321
1385449 27 80.000000 0.000000 0.000000 62.378052 32.195122 165.365860
1385454 27 80.000000 0.000000 0.000000 60.000000 33.902439 167.621948
1385459 27 80.000000 0.000000 0.000000 58.048782 34.756100 171.036591
1385464 27 80.000000 0.000000 0.000000 56.585365 36.219513 174.695129
1385469 27 80.000000 0.000000 0.000000 54.634148 38.475609 177.926834
1385474 27 80.000000 0.000000 0.000000 52.682926 39.146343 181.158539
1385479 27 80.000000 0.000000 0.000000 52.560978 40.060978 185.182938
1385484 27 80.000000 0.000000 0.000000 51.585365 41.768295 188.780487
1385489 27 80.000000 0.000000 0.000000 49.268295 44.268295 192.317078
1385494 27 80.000000 0.000000 0.000000 48.414635 46.402439 195.121948
1385499 27 80.000000 0.000000 0.000000 48.841465 47.926830 197.804886
1385504 27 80.000000 0.000000 0.000000 49.878052 49.451221 200.000000
1385509 27 80.000000 0.000000 0.000000 50.000000 50.731709 201.036591
1385514 27 80.000000 0.000000 0.000000 52.560978 53.170734 203.475616
1385519 27 70.000000 0.000000 0.000000 55.975613 56.890244 206.646347
1385524 27 70.000000 0.000000 0.000000 56.585365 60.731709 208.719513
1385529 27 70.000000 0.000000 0.000000 56.524391 63.414635 211.341461
1385534 27 70.000000 0.000000 0.000000 57.073174 66.402443 214.878052
1385539 27 70.000000 0.000000 0.000000 57.621952 70.000000 217.621964
1385544 27 70.000000 0.000000 0.000000 59.878052 72.073174 220.365860
1385549 27 70.000000 0.000000 0.000000 61.280491 74.878052 223.597565
1385554 27 70.000000 0.000000 0.000000 62.439026 78.109756 225.853668
1385559 27 70.000000 0.000000 0.000000 64.939026 79.817078 227.987808
1385564 27 70.000000 0.000000 0.000000 65.853661 85.365852 230.792694
1385569 27 70.000000 0.000000 0.000000 64.634148 93.414635 231.036591
1385574 27 70.000000 0.000000 0.000000 64.024391 99.695122 232.378052
1385579 27 70.000000 0.000000 0.000000 66.341461 101.951225 234.329269
1385584 27 60.000000 0.000000 0.000000 70.548782 103.292686 236.097565
1385589 27 60.000000 0.000000 0.000000 73.841469 105.853661 238.109756
1385594 27 50.000000 0.000000 0.000000 78.414635 108.963417 239.390244
1385599 27 50.000000 0.000000 0.000000 85.548782 113.048782 240.731720
1385604 27 40.000000 0.000000 0.000000 90.365852 118.536591 242.439026
1385609 27 30.000000 0.000000 0.000000 91.890244 126.341469 245.182938
1385614 27 30.000000 0.000000 0.000000 93.658539 132.987808 246.890244
1385619 27 30.000000 0.000000 0.000000 95.243904 138.353668 247.621964
1385624 27 20.000000 0.000000 0.000000 95.121956 144.390244 249.024399
1385629 27 10.000000 0.000000 0.000000 94.512199 149.512192 248.597565
1385634 27 0.000000 0.000000 0.000000 94.878052 154.329269 249.268295
1385639 27 0.000000 0.000000 0.000000 94.207321 160.000000 250.670731
1385644 27 0.000000 0.000000 0.000000 91.036591 166.158539 252.073181
1385649 27 0.000000 0.000000 0.000000 85.121956 172.743912 252.865860
1385654 27 0.000000 0.000000 0.000000 78.719513 177.926834 253.170731
1385659 27 0.000000 0.000000 0.000000 74.939026 180.000000 253.719513
1385664 27 0.000000 0.000000 0.000000 73.475609 180.060974 253.841476
1385669 27 0.000000 0.000000 0.000000 67.621956 181.524399 255.243912
1385674 27 0.000000 0.000000 0.000000 63.658539 179.939026 256.219513
1385679 27 0.000000 0.000000 0.000000 60.792683 176.951218 257.073181
1385684 27 0.000000 0.000000 0.000000 60.121952 172.500000 256.158539
1385689 27 0.000000 0.000000 0.000000 61.951221 170.060974 254.634155
1385694 27 0.000000 0.000000 0.000000 62.378052 169.329269 253.719513
1385699 27 0.000000 0.000000 0.000000 66.402443 166.890244 253.048782
1385704 27 0.000000 0.000000 0.000000 69.939026 165.243912 252.439026
1385709 27 0.000000 0.000000 0.000000 74.573174 165.243912 251.768295
1385714 27 0.000000 0.000000 0.000000 78.170731 167.682938 252.073181
1385719 27 0.000000 0.000000 0.000000 77.073174 172.743912 252.073181
1385724 27 0.000000 0.000000 0.000000 79.756096 177.621948 251.646347
1385729 27 0.000000 0.000000 0.000000 82.256096 185.121948 251.524399
1385734 27 0.000000 0.000000 0.000000 82.012199 192.926834 252.317078
1385739 27 0.000000 0.000000 0.000000 81.097565 199.390244 253.109756
1385744 27 0.000000 0.000000 0.000000 80.792686 205.975616 254.695129
1385749 27 0.000000 0.000000 0.000000 82.073174 208.963425 256.463409
1385754 27 0.000000 0.000000 0.000000 81.341469 211.463425 259.939026
1385759 27 0.000000 0.000000 0.000000 82.073174 213.170731 263.292694
1385764 27 0.000000 0.000000 0.000000 84.756096 213.902451 266.524384
1385769 27 0.000000 0.000000 0.000000 87.378052 215.304886 270.182922
1385774 27 0.000000 0.000000 0.000000 89.451225 219.512207 272.439026
1385779 27 0.000000 0.000000 0.000000 89.756096 223.780487 274.146362
1385784 27 0.000000 0.000000 0.000000 92.317078 226.585373 274.573181
1385789 27 0.000000 0.000000 0.000000 95.182930 231.707321 277.256104
1385794 27 0.000000 0.000000 0.000000 97.560974 234.817078 278.902435
1385799 27 0.000000 0.000000 0.000000 101.829269 235.731720 279.939026
1385804 27 0.000000 0.000000 0.000000 107.195122 234.573181 280.182922
1385809 27 0.000000 0.000000 0.000000 111.097565 233.963425 279.329285
1385814 27 0.000000 0.000000 0.000000 115.487808 235.121964 277.500000
1385819 27 0.000000 0.000000 0.000000 116.463417 242.743912 277.560974
1385824 27 0.000000 0.000000 0.000000 117.317078 252.439026 277.378052
1385829 27 0.000000 0.000000 0.000000 120.121956 259.756104 276.280487
1385834 27 0.000000 0.000000 0.000000 121.341469 268.597565 274.451233
1385839 27 0.000000 0.000000 0.000000 122.195122 277.987823 270.487823
1385844 27 0.000000 0.000000 0.000000 126.646347 286.280487 267.317078
1385849 27 0.000000 0.000000 0.000000 128.414642 296.463409 268.170746
1385854 27 0.000000 0.000000 0.000000 132.073181 303.597565 269.878052
1385859 27 0.000000 0.000000 0.000000 137.743912 313.231720 273.475616
1385864 27 0.000000 0.000000 0.000000 143.231705 325.914642 279.207336
1385869 27 0.000000 0.000000 0.000000 147.743912 342.134155 289.329285
1385874 27 0.000000 0.000000 0.000000 147.134155 364.939026 298.475616
1385879 27 0.000000 0.000000 0.000000 141.646347 393.231720 309.085388
1385884 27 0.000000 0.000000 0.000000 134.024399 425.121948 324.756104
1385889 27 0.000000 0.000000 0.000000 124.024391 440.060974 340.609772
1385894 27 0.000000 0.000000 0.000000 109.634148 447.865875 357.256104
1385899 27 0.000000 0.000000 0.000000 93.292686 452.682922 373.902435
1385904 27 0.000000 0.000000 0.000000 79.939026 449.146362 389.268311
1385909 27 0.000000 0.000000 0.000000 66.829269 439.024414 403.658539
1385914 27 0.000000 0.000000 0.000000 54.634148 427.378052 416.463409
1385919 27 0.000000 0.000000 0.000000 42.926830 414.085388 425.426849
1385924 27 0.000000 0.000000 0.000000 33.292683 406.097565 433.719513
1385929 27 0.000000 0.000000 0.000000 26.402439 408.109772 439.878052
1385934 27 0.000000 0.000000 0.000000 16.890244 422.621948 445.548798
1385939 27 0.000000 0.000000 0.000000 2.865854 449.390259 450.731720
1385944 27 0.000000 0.000000 0.000000 -9.146341 486.036591 457.987823
1385949 27 0.000000 0.000000 0.000000 -22.134148 531.036621 467.256104
1385954 27 0.000000 0.000000 0.000000 -35.304878 577.195129 480.487823
1385959 27 0.000000 0.000000 0.000000 -47.682926 621.646362 498.902466
1385964 27 0.000000 0.000000 0.000000 -57.378052 660.731750 523.475647
1385969 27 0.000000 0.000000 0.000000 -61.585369 695.609802 555.548767
1385974 27 0.000000 0.000000 0.000000 -62.500000 722.987793 590.548767
1385979 27 0.000000 0.000000 0.000000 -64.390244 741.951233 632.195129
1385984 27 0.000000 0.000000 0.000000 -64.085365 750.304871 676.097595
1385989 27 0.000000 0.000000 0.000000 -61.158539 746.707336 720.975647
1385994 27 0.000000 0.000000 0.000000 -58.658539 731.341492 762.317078
1385999 27 0.000000 0.000000 0.000000 -57.500000 704.817078 800.121948
1386004 27 0.000000 0.000000 0.000000 -57.621952 672.378052 834.695129
1386009 27 0.000000 0.000000 0.000000 -59.329269 633.780518 856.036621
1386014 27 0.000000 0.000000 0.000000 -48.902439 584.390259 864.268311
1386019 27 0.000000 0.000000 0.000000 202.378052 460.304901 712.621948
1386024 27 0.000000 0.000000 0.000000 1094.390259 122.560982 137.743912
1386029 27 0.000000 0.000000 0.000000 1845.975708 -145.243912 -334.695129
1386034 27 0.000000 0.000000 0.000000 1981.463501 -173.048782 -385.914642
1386039 27 0.000000 0.000000 0.000000 1891.280518 -107.317078 -266.524384
1386044 27 0.000000 0.000000 0.000000 1846.585449 -35.609756 -185.731705
1386049 27 0.000000 0.000000 0.000000 1832.621948 59.512196 -155.000000
1386054 27 0.000000 0.000000 0.000000 1795.182983 185.792694 -141.402435
1386059 27 0.000000 0.000000 0.000000 1733.780518 312.987823 -140.853668
1386064 27 0.000000 0.000000 0.000000 1655.061035 433.170746 -163.048782
1386069 27 0.000000 0.000000 0.000000 1545.426880 595.121948 -208.048782
1386074 27 0.000000 0.000000 0.000000 1385.731689 842.439026 -261.524384
1386079 27 0.000000 0.000000 0.000000 1169.085449 1138.597534 -294.329285
1386084 27 0.000000 0.000000 0.000000 962.134155 1337.500000 -285.000000
1386089 27 0.000000 0.000000 0.000000 821.707336 1393.170776 -248.658539
1386094 27 0.000000 0.000000 0.000000 733.597595 1358.353638 -221.158539
1386099 27 0.000000 0.000000 0.000000 755.914673 1082.134155 -187.804886
1386104 27 0.000000 0.000000 0.000000 773.963440 566.951233 -88.963417
1386109 27 0.000000 0.000000 0.000000 549.390259 173.536591 53.231709
1386114 27 0.000000 0.000000 0.000000 206.768295 9.878049 119.329269
1386119 27 0.000000 0.000000 0.000000 -48.841465 -67.012199 79.878052
1386124 27 0.000000 0.000000 0.000000 -194.634155 -135.000000 3.902439
1386129 27 0.000000 0.000000 0.000000 -284.329285 -174.268295 -39.634148
1386134 27 0.000000 0.000000 0.000000 -391.280487 -195.853668 -67.926834
1386139 27 0.000000 0.000000 0.000000 -468.109772 -201.158539 -76.463417
1386144 27 0.000000 0.000000 0.000000 -477.500000 -214.573181 -60.121952
1386149 27 0.000000 0.000000 0.000000 -396.463409 -224.939026 -16.036585
1386154 27 0.000000 0.000000 0.000000 -268.536591 -191.524399 28.597561
1386159 27 0.000000 0.000000 0.000000 -166.585373 -125.914635 38.597561
1386164 27 0.000000 0.000000 0.000000 -109.634148 -71.524391 18.536585
1386169 27 0.000000 0.000000 0.000000 -70.975609 -45.914635 -10.914635
1386174 27 0.000000 0.000000 0.000000 -31.951220 -38.170734 -32.865856
1386179 27 0.000000 0.000000 0.000000 7.804878 -35.609756 -42.987804
1386184 27 0.000000 0.000000 0.000000 41.829269 -31.463415 -44.024391
1386189 27 0.000000 0.000000 0.000000 54.695122 -7.439024 -30.304878
1386194 27 0.000000 0.000000 0.000000 42.500000 30.121952 -4.085366
1386199 27 0.000000 0.000000 0.000000 35.304878 39.024391 15.121951
1386204 27 0.000000 0.000000 0.000000 43.902439 11.768293 14.756098
1386209 27 0.000000 0.000000 0.000000 48.658539 -20.853659 3.292683
1386214 27 0.000000 0.000000 0.000000 37.317074 -37.500000 -5.548780
1386219 27 0.000000 0.000000 0.000000 15.914635 -37.865856 -6.280488
1386224 27 0.000000 0.000000 0.000000 -4.146341 -34.878048 -2.439024
1386229 27 0.000000 0.000000 0.000000 -15.487805 -37.804878 0.792683
1386234 27 0.000000 0.000000 0.000000 -19.268293 -43.719513 1.768293
1386239 27 0.000000 0.000000 0.000000 -18.658537 -46.951221 2.073171
1386244 27 0.000000 0.000000 0.000000 -18.902439 -47.500000 1.707317
1386249 27 0.000000 0.000000 0.000000 -19.634148 -47.682926 -0.243902
1386254 27 0.000000 0.000000 0.000000 -18.841463 -47.865856 -2.012195
1386259 27 0.000000 0.000000 0.000000 -15.487805 -47.012196 -1.463415
1386264 27 0.000000 0.000000 0.000000 -14.329268 -45.000000 -1.402439
1386269 27 0.000000 0.000000 0.000000 -11.280488 -40.121952 0.000000
1386274 27 0.000000 0.000000 0.000000 -4.573171 -36.036587 0.304878
1386279 27 0.000000 0.000000 0.000000 0.975610 -32.987804 -1.524390
1386284 27 0.000000 0.000000 0.000000 2.256098 -30.000000 -3.353659
1386289 27 0.000000 0.000000 0.000000 1.219512 -30.182928 -4.268293
1386294 27 0.000000 0.000000 0.000000 -2.865854 -34.817074 -3.658537
1386299 27 0.000000 0.000000 0.000000 -8.780488 -41.829269 -4.268293
1386304 27 0.000000 0.000000 0.000000 -17.439024 -47.682926 -6.219512
1386309 27 0.000000 0.000000 0.000000 -24.451220 -52.073174 -6.524390
1386314 27 0.000000 0.000000 0.000000 -29.512196 -54.634148 -5.121951
1386319 27 0.000000 0.000000 0.000000 -33.841465 -55.304878 -3.597561
1386324 27 0.000000 0.000000 0.000000 -36.402439 -52.682926 -0.243902
1386329 27 0.000000 0.000000 0.000000 -35.670734 -50.060978 3.475610
1386334 27 0.000000 0.000000 0.000000 -33.841465 -48.597561 6.829268
1386339 27 0.000000 0.000000 0.000000 -33.963417 -47.012196 7.073171
1386344 27 0.000000 0.000000 0.000000 -35.365856 -47.012196 4.634146
1386349 27 0.000000 0.000000 0.000000 -34.939026 -48.170734 0.304878
1386354 27 0.000000 0.000000 0.000000 -33.963417 -48.292683 -1.829268
1386359 27 0.000000 0.000000 0.000000 -31.402439 -45.792683 0.792683
1386364 27 0.000000 0.000000 0.000000 -28.353659 -40.121952 6.036585
1386369 27 0.000000 0.000000 0.000000 -26.158537 -36.036587 6.951220
1386374 27 0.000000 0.000000 0.000000 -22.621952 -32.439026 5.548780
1386379 27 0.000000 0.000000 0.000000 -20.914635 -31.646341 1.097561
1386384 27 0.000000 0.000000 0.000000 -21.402439 -35.182926 -4.573171
1386389 27 0.000000 0.000000 0.000000 -24.024391 -39.329269 -6.890244
1386394 27 0.000000 0.000000 0.000000 -27.073172 -40.914635 -5.000000
1386399 27 0.000000 0.000000 0.000000 -27.439026 -38.963417 -0.731707
1386404 27 0.000000 0.000000 0.000000 -25.914635 -35.000000 2.743902
1386409 27 0.000000 0.000000 0.000000 -23.414635 -31.036587 3.963415
1386414 27 0.000000 0.000000 0.000000 -20.487804 -27.378050 5.182927
1386419 27 0.000000 0.000000 0.000000 -17.743902 -27.012196 6.890244
1386424 27 0.000000 0.000000 0.000000 -16.219513 -26.707317 10.426829
1386429 27 0.000000 0.000000 0.000000 -17.012196 -25.792683 13.231708
1386434 27 0.000000 0.000000 0.000000 -19.024391 -27.560976 12.012196
1386439 27 0.000000 0.000000 0.000000 -21.402439 -30.609756 8.414635
1386444 27 0.000000 0.000000 0.000000 -23.231709 -32.012196 8.048780
1386449 27 0.000000 0.000000 0.000000 -25.243902 -30.853659 12.500000
1386454 27 0.000000 0.000000 0.000000 -26.463415 -30.000000 14.634147
1386459 27 0.000000 0.000000 0.000000 -25.304878 -28.231709 16.646341
1386464 27 0.000000 0.000000 0.000000 -25.731709 -27.621952 16.707317
1386469 27 0.000000 0.000000 0.000000 -24.451220 -29.085367 14.085366
1386474 27 0.000000 0.000000 0.000000 -22.560976 -30.182928 11.768293
1386479 27 0.000000 0.000000 0.000000 -22.804878 -29.268293 11.768293
1386484 27 0.000000 0.000000 0.000000 -24.451220 -26.890245 12.743903
1386489 27 0.000000 0.000000 0.000000 -23.231709 -26.036587 12.012196
1386494 27 0.000000 0.000000 0.000000 -22.865854 -25.731709 10.060976
1386499 27 0.000000 0.000000 0.000000 -23.475611 -25.426830 8.536586
1386504 27 0.000000 0.000000 0.000000 -22.804878 -24.817074 8.353659
1386509 27 0.000000 0.000000 0.000000 -20.792683 -24.085367 8.658537
1386514 27 0.000000 0.000000 0.000000 -20.121952 -23.902439 8.902439
1386519 27 0.000000 0.000000 0.000000 -20.670732 -22.926830 8.902439
1386524 27 0.000000 0.000000 0.000000 -20.304878 -23.841463 9.634147
1386529 27 0.000000 0.000000 0.000000 -20.853659 -24.390244 12.439025
1386534 27 0.000000 0.000000 0.000000 -22.073172 -25.487806 13.841464
1386539 27 0.000000 0.000000 0.000000 -25.853659 -27.865854 10.121951
1386544 27 0.000000 0.000000 0.000000 -30.853659 -30.121952 5.731708
1386549 27 0.000000 0.000000 0.000000 -31.646341 -31.463415 5.121951
1386554 27 0.000000 0.000000 0.000000 -31.646341 -30.853659 7.134147
1386559 27 0.000000 0.000000 0.000000 -32.256100 -28.841465 8.963415
1386564 27 0.000000 0.000000 0.000000 -29.634148 -26.707317 9.451220
1386569 27 0.000000 0.000000 0.000000 -26.402439 -28.780489 5.609756
1386574 27 0.000000 0.000000 0.000000 -25.670732 -33.109756 1.097561
1386579 27 0.000000 0.000000 0.000000 -29.085367 -36.036587 -1.890244
1386584 27 0.000000 0.000000 0.000000 -35.304878 -37.378048 -3.048780
1386589 27 0.000000 0.000000 0.000000 -43.658539 -38.719513 -3.231707
1386594 27 0.000000 0.000000 0.000000 -52.804878 -40.487804 -3.719512
1386599 27 0.000000 0.000000 0.000000 -61.646343 -42.073174 -4.024390
1386604 27 0.000000 0.000000 0.000000 -69.451218 -43.536587 -3.597561
1386609 27 0.000000 0.000000 0.000000 -75.304878 -45.548782 -2.682927
1386614 27 0.000000 0.000000 0.000000 -80.365852 -47.195122 -1.402439
1386619 27 0.000000 0.000000 0.000000 -85.060974 -47.621952 2.012195
1386624 27 0.000000 0.000000 0.000000 -88.963417 -46.036587 7.378049
1386629 27 0.000000 0.000000 0.000000 -93.963417 -44.573174 15.914635
1386634 27 0.000000 0.000000 0.000000 -99.146347 -43.231709 23.902439
1386639 27 0.000000 0.000000 0.000000 -106.036591 -42.195122 33.292683
1386644 27 0.000000 0.000000 0.000000 -112.500000 -40.487804 40.975609
1386649 27 0.000000 0.000000 0.000000 -119.695122 -39.634148 50.304878
1386654 27 0.000000 0.000000 0.000000 -126.341469 -39.390244 54.268295
1386659 27 0.000000 0.000000 0.000000 -133.170731 -40.060978 59.207317
1386664 27 0.000000 0.000000 0.000000 -139.573181 -42.195122 60.548782
1386669 27 0.000000 0.000000 0.000000 -145.975616 -44.207317 57.439026
1386674 27 0.000000 0.000000 0.000000 -152.012192 -45.975613 57.317074
1386679 27 0.000000 0.000000 0.000000 -158.109756 -48.414635 54.268295
1386684 27 0.000000 0.000000 0.000000 -165.731705 -49.817074 48.414635
1386689 27 0.000000 0.000000 0.000000 -174.024399 -49.817074 46.524391
1386694 27 0.000000 0.000000 0.000000 -181.768295 -50.975613 46.341465
1386699 27 0.000000 0.000000 0.000000 -188.902451 -53.170734 44.634148
1386704 27 0.000000 0.000000 0.000000 -200.060974 -55.853661 42.500000
1386709 27 0.000000 0.000000 0.000000 -210.975616 -58.109756 44.207317
1386714 27 0.000000 0.000000 0.000000 -219.878052 -61.402439 48.414635
1386719 27 0.000000 0.000000 0.000000 -229.817078 -64.573174 52.621952
1386724 27 0.000000 0.000000 0.000000 -242.439026 -65.975609 57.256100
1386729 27 0.000000 0.000000 0.000000 -257.195129 -64.390244 62.987808
1386734 27 0.000000 0.000000 0.000000 -272.682922 -61.463417 69.634148
1386739 27 0.000000 0.000000 0.000000 -287.743896 -59.756100 76.890244
1386744 27 0.000000 0.000000 0.000000 -301.890259 -59.512196 83.841469
1386749 27 0.000000 0.000000 0.000000 -316.036591 -59.451221 89.695122
1386754 27 0.000000 0.000000 0.000000 -330.853668 -58.963417 95.182930
1386759 27 0.000000 0.000000 0.000000 -346.341461 -57.743904 100.914635
1386764 27 0.000000 0.000000 0.000000 -362.682922 -55.548782 106.829269
1386769 27 0.000000 0.000000 0.000000 -379.573181 -52.621952 113.048782
1386774 27 0.000000 0.000000 0.000000 -396.341461 -49.146343 119.939026
1386779 27 0.000000 0.000000 0.000000 -412.682922 -45.365856 127.621956
1386784 27 0.000000 0.000000 0.000000 -428.475616 -41.646343 136.463425
1386789 27 0.000000 0.000000 0.000000 -443.292694 -39.451221 146.585373
1386794 27 0.000000 0.000000 0.000000 -456.463440 -39.878048 159.207321
1386799 27 0.000000 0.000000 0.000000 -467.621948 -41.829269 173.536591
1386804 27 0.000000 0.000000 0.000000 -477.378052 -44.329269 189.817078
1386809 27 0.000000 0.000000 0.000000 -486.768311 -46.768295 207.256104
1386814 27 0.000000 0.000000 0.000000 -497.926849 -45.975613 227.621964
1386819 27 0.000000 0.000000 0.000000 -512.682922 -40.121952 255.853668
1386824 27 0.000000 0.000000 0.000000 -531.463440 -33.841465 296.341461
1386829 27 0.000000 0.000000 0.000000 -552.500000 -33.719513 345.792694
1386834 27 0.000000 0.000000 0.000000 -575.914673 -41.585365 399.329285
1386839 27 0.000000 0.000000 0.000000 -601.036621 -56.890244 458.658539
1386844 27 0.000000 0.000000 0.000000 -626.097595 -78.963417 523.658569
1386849 27 0.000000 0.000000 0.000000 -650.060974 -108.475609 588.292725
1386854 27 0.000000 0.000000 0.000000 -670.731750 -144.329269 648.780518
1386859 27 0.000000 0.000000 0.000000 -625.182922 -135.060974 682.073181
1386864 27 0.000000 0.000000 0.000000 -486.402435 -58.719513 671.585388
1386869 27 0.000000 0.000000 0.000000 -424.268311 -54.085365 680.548767
1386874 27 0.000000 0.000000 0.000000 -439.451233 -114.512199 713.109802
1386879 27 0.000000 0.000000 0.000000 -457.439026 -178.170731 737.987793
1386884 27 0.000000 0.000000 0.000000 -455.243927 -226.646347 743.048828
1386889 27 0.000000 0.000000 0.000000 -443.719513 -265.487823 736.341492
1386894 27 0.000000 0.000000 0.000000 -429.756104 -298.353668 721.341492
1386899 27 0.000000 0.000000 0.000000 -413.963409 -325.182922 699.329285
1386904 27 0.000000 0.000000 0.000000 -396.707336 -346.646362 675.670776
1386909 27 0.000000 0.000000 0.000000 -378.963409 -367.012207 653.414673
1386914 27 0.000000 0.000000 0.000000 -361.585388 -379.024414 631.768311
1386919 27 0.000000 0.000000 0.000000 -342.865875 -371.036591 602.439026
1386924 27 0.000000 0.000000 0.000000 -323.048798 -343.048798 564.634155
1386929 27 0.000000 0.000000 0.000000 -305.914642 -307.134155 528.353699
1386934 27 0.000000 0.000000 0.000000 -294.329285 -275.487823 502.743927
1386939 27 0.000000 0.000000 0.000000 -289.024384 -252.439026 490.000000
1386944 27 0.000000 0.000000 0.000000 -287.195129 -231.707321 480.304901
1386949 27 0.000000 0.000000 0.000000 -278.414642 -184.451218 442.500000
1386954 27 0.000000 0.000000 0.000000 -275.914642 -134.085373 386.219513
1386959 27 0.000000 0.000000 0.000000 -288.414642 -107.804878 347.682922
1386964 27 0.000000 0.000000 0.000000 -302.743896 -87.439026 331.158539
1386969 27 0.000000 0.000000 0.000000 -310.487823 -62.134148 323.353668
1386974 27 0.000000 0.000000 0.000000 -315.121948 -36.707317 313.048798
1386979 27 0.000000 0.000000 0.000000 -320.060974 -13.597561 297.256104
1386984 27 0.000000 0.000000 0.000000 -325.304871 8.963415 276.890259
1386989 27 0.000000 0.000000 0.000000 -330.000000 32.439026 252.378052
1386994 27 0.000000 0.000000 0.000000 -334.268311 56.890244 224.024399
1386999 27 0.000000 0.000000 0.000000 -338.658539 82.682930 192.439026
1387004 27 0.000000 0.000000 0.000000 -343.658539 111.158539 157.439026
1387009 27 0.000000 0.000000 0.000000 -349.146362 142.134155 119.695122
1387014 27 0.000000 0.000000 0.000000 -355.609772 173.536591 81.646347
1387019 27 0.000000 0.000000 0.000000 -362.560974 201.280487 45.060978
1387024 27 0.000000 0.000000 0.000000 -368.353668 222.926834 7.317073
1387029 27 0.000000 0.000000 0.000000 -370.792694 240.000000 -38.109756
1387034 27 0.000000 0.000000 0.000000 -367.743896 255.975616 -97.012199
1387039 27 0.000000 0.000000 0.000000 -357.317078 271.341461 -169.512192
1387044 27 0.000000 0.000000 0.000000 -340.182922 282.317078 -247.865860
1387049 27 0.000000 0.000000 0.000000 -320.609772 290.304871 -322.926849
1387054 27 0.000000 0.000000 0.000000 -298.719513 297.743896 -395.975616
1387059 27 0.000000 0.000000 0.000000 -273.475616 303.109772 -471.219513
1387064 27 0.000000 0.000000 0.000000 -245.243912 302.256104 -547.804871
1387069 27 0.000000 0.000000 0.000000 -216.097565 290.975616 -620.365845
1387074 27 0.000000 0.000000 0.000000 -189.390244 264.451233 -682.682922
1387079 27 0.000000 0.000000 0.000000 -168.658539 218.963425 -726.829285
1387084 27 0.000000 0.000000 0.000000 -159.634155 158.231705 -744.329285
1387089 27 0.000000 0.000000 0.000000 -165.975616 89.573174 -729.939026
1387094 27 0.000000 0.000000 0.000000 -186.219513 17.865854 -687.743896
1387099 27 0.000000 0.000000 0.000000 -216.707321 -54.390244 -625.365845
1387104 27 0.000000 0.000000 0.000000 -254.146347 -124.329269 -549.146362
1387109 27 0.000000 0.000000 0.000000 -295.548798 -188.963425 -464.512207
1387114 27 0.000000 0.000000 0.000000 -337.987823 -248.536591 -375.792694
1387119 27 0.000000 0.000000 0.000000 -379.146362 -304.390259 -285.853668
1387124 27 0.000000 0.000000 0.000000 -417.621948 -356.585388 -196.646347
1387129 27 0.000000 0.000000 0.000000 -452.134155 -404.756104 -108.963417
1387134 27 0.000000 0.000000 0.000000 -482.621948 -447.865875 -23.231709
1387139 27 0.000000 0.000000 0.000000 -508.536591 -485.365875 59.634148
1387144 27 0.000000 0.000000 0.000000 -529.207336 -518.414673 138.109756
1387149 27 0.000000 0.000000 0.000000 -545.060974 -545.182922 210.609756
1387154 27 0.000000 0.000000 0.000000 -550.548767 -562.743896 275.243896
1387159 27 0.000000 0.000000 0.000000 -549.695129 -569.390259 330.853668
1387164 27 0.000000 0.000000 0.000000 -544.146362 -563.292725 376.463409
1387169 26 0.000000 0.000000 0.000000 -534.146362 -543.231689 410.792694
1387174 26 0.000000 0.000000 0.000000 -519.878052 -510.609772 432.195129
1387179 26 0.000000 0.000000 0.000000 -502.439026 -466.341461 440.548798
1387184 26 0.000000 0.000000 0.000000 -483.963440 -411.463409 437.804901
1387189 26 0.000000 0.000000 0.000000 -465.792694 -347.317078 425.487823
1387194 26 0.000000 0.000000 0.000000 -448.170746 -274.085358 404.634155
1387199 26 0.000000 0.000000 0.000000 -431.524414 -201.707321 377.560974
1387204 26 0.000000 0.000000 0.000000 -416.097565 -135.121948 347.439026
1387209 23 0.000000 0.000000 0.000000 -400.731720 -74.817078 316.463409
1387214 21 0.000000 0.000000 0.000000 -388.170746 -21.280489 285.670746
1387219 21 0.000000 0.000000 0.000000 -375.792694 25.182928 255.792694
1387224 21 0.000000 0.000000 0.000000 -362.560974 66.036591 227.439026
1387229 13 0.000000 0.000000 0.000000 -348.963409 102.804878 200.914642
1387234 6 0.000000 0.000000 0.000000 -335.000000 137.378052 176.097565
1387239 0 0.000000 0.000000 0.000000 -320.426849 171.951218 152.560974
1387244 0 0.000000 0.000000 0.000000 -305.182922 207.682938 129.695129
1387249 0 0.000000 0.000000 0.000000 -289.146362 244.695129 107.317078
1387254 0 0.000000 0.000000 0.000000 -272.256104 281.524384 86.097565
1387259 0 0.000000 0.000000 0.000000 -254.512207 315.426849 67.439026
1387264 0 0.000000 0.000000 0.000000 -239.573181 339.268311 54.695122
1387269 0 0.000000 0.000000 0.000000 -218.780487 364.024384 40.853661
1387274 0 0.000000 0.000000 0.000000 -198.597565 378.719513 30.731709
1387279 0 0.000000 0.000000 0.000000 -179.756104 381.890259 25.000000
1387284 0 0.000000 0.000000 0.000000 -161.463425 373.597565 23.414635
1387289 0 0.000000 0.000000 0.000000 -143.658539 352.926849 25.731709
1387294 0 0.000000 0.000000 0.000000 -127.256104 319.573181 32.134148
1387299 0 0.000000 0.000000 0.000000 -112.439026 273.780487 42.621952
1387304 0 0.000000 0.000000 0.000000 -99.146347 217.256104 56.646343
1387309 0 0.000000 0.000000 0.000000 -87.012199 152.682938 73.353661
1387314 0 0.000000 0.000000 0.000000 -75.731712 82.926834 92.134148
1387319 0 0.000000 0.000000 0.000000 -64.939026 11.463415 111.829269
1387324 0 0.000000 0.000000 0.000000 -54.268295 -56.829269 131.158539
1387329 0 0.000000 0.000000 0.000000 -43.048782 -117.865860 148.963425
1387334 0 0.000000 0.000000 0.000000 -30.914635 -169.573181 164.634155
1387339 0 0.000000 0.000000 0.000000 -17.743902 -211.280487 178.170731
1387344 0 0.000000 0.000000 0.000000 -3.536585 -242.865860 189.512207
1387349 0 0.000000 0.000000 0.000000 11.402439 -263.841461 198.231705
1387354 0 0.000000 0.000000 0.000000 27.134148 -273.719513 204.085373
1387359 0 0.000000 0.000000 0.000000 43.292683 -272.682922 207.134155
1387364 0 0.000000 0.000000 0.000000 59.695122 -261.158539 207.560974
1387369 0 0.000000 0.000000 0.000000 76.158539 -239.939026 205.365860
1387374 0 0.000000 0.000000 0.000000 92.378052 -210.121964 200.609756
1387379 0 0.000000 0.000000 0.000000 108.048782 -173.597565 193.841461
1387384 0 0.000000 0.000000 0.000000 122.926834 -132.378052 185.487808
1387389 0 0.000000 0.000000 0.000000 136.890244 -88.170731 176.036591
1387394 0 0.000000 0.000000 0.000000 150.000000 -42.865856 165.670731
1387399 0 0.000000 0.000000 0.000000 162.134155 2.134146 154.939026
1387404 0 0.000000 0.000000 0.000000 173.597565 45.731709 143.963425
1387409 0 0.000000 0.000000 0.000000 184.329269 86.524391 132.804886
1387414 0 0.000000 0.000000 0.000000 194.390244 123.780487 121.768295
1387419 0 0.000000 0.000000 0.000000 203.841461 157.560974 110.731712
1387424 0 0.000000 0.000000 0.000000 212.804886 188.231705 99.695122
1387429 0 0.000000 0.000000 0.000000 221.585373 215.975616 88.292686
1387434 0 0.000000 0.000000 0.000000 230.487808 240.243912 76.402443
1387439 0 0.000000 0.000000 0.000000 239.329269 259.939026 64.146339
1387444 0 0.000000 0.000000 0.000000 248.170731 274.146362 51.646343
1387449 0 0.000000 0.000000 0.000000 256.890259 282.073181 39.268295
1387454 0 0.000000 0.000000 0.000000 265.182922 283.231720 27.439026
1387459 0 0.000000 0.000000 0.000000 273.048798 277.195129 16.524391
1387464 0 0.000000 0.000000 0.000000 280.121948 264.146362 6.951220
1387469 0 0.000000 0.000000 0.000000 286.158539 244.573181 -0.853659
1387474 0 0.000000 0.000000 0.000000 291.036591 219.146347 -6.890244
1387479 0 0.000000 0.000000 0.000000 294.451233 189.085373 -10.853659
1387484 0 0.000000 0.000000 0.000000 296.463409 155.975616 -12.865854
1387489 0 0.000000 0.000000 0.000000 297.134155 121.158539 -13.170732
1387494 0 0.000000 0.000000 0.000000 296.524384 85.853661 -12.195122
1387499 0 0.000000 0.000000 0.000000 294.878052 51.707317 -10.426829
1387504 0 0.000000 0.000000 0.000000 292.378052 19.939024 -8.536586
1387509 0 0.000000 0.000000 0.000000 289.451233 -8.414635 -6.951220
1387514 0 0.000000 0.000000 0.000000 286.219513 -33.170731 -5.914634
1387519 0 0.000000 0.000000 0.000000 282.865875 -54.329269 -5.487805
1387524 0 0.000000 0.000000 0.000000 279.268311 -72.073174 -5.670732
1387529 0 0.000000 0.000000 0.000000 275.487823 -86.707321 -6.463415
1387534 0 0.000000 0.000000 0.000000 271.646362 -98.597565 -7.926829
1387539 0 0.000000 0.000000 0.000000 267.743896 -108.109756 -10.243902
1387544 0 0.000000 0.000000 0.000000 263.841461 -115.487808 -13.353659
1387549 0 0.000000 0.000000 0.000000 260.000000 -121.036591 -17.439024
1387554 0 0.000000 0.000000 0.000000 256.158539 -125.060982 -22.439024
1387559 0 0.000000 0.000000 0.000000 252.256104 -127.804878 -28.170732
1387564 0 0.000000 0.000000 0.000000 248.292694 -129.573181 -34.695122
1387569 0 0.000000 0.000000 0.000000 244.207321 -130.792679 -41.707317
1387574 0 0.000000 0.000000 0.000000 239.878052 -131.585373 -48.841465
1387579 0 0.000000 0.000000 0.000000 235.121964 -132.317078 -55.731709
1387584 0 0.000000 0.000000 0.000000 229.817078 -133.353668 -62.012196
1387589 0 0.000000 0.000000 0.000000 223.841461 -134.939026 -67.256096
1387594 0 0.000000 0.000000 0.000000 217.012207 -137.134155 -71.219513
1387599 0 0.000000 0.000000 0.000000 209.329269 -139.878052 -73.719513
1387604 0 0.000000 0.000000 0.000000 201.036591 -143.048782 -74.695122
1387609 0 0.000000 0.000000 0.000000 192.073181 -146.463425 -74.329269
1387614 0 0.000000 0.000000 0.000000 182.378052 -149.878052 -72.439026
1387619 0 0.000000 0.000000 0.000000 172.012192 -153.048782 -69.207321
1387624 0 0.000000 0.000000 0.000000 161.097565 -155.914642 -64.756096
1387629 0 0.000000 0.000000 0.000000 149.756104 -158.536591 -59.085369
1387634 0 0.000000 0.000000 0.000000 138.109756 -160.914642 -52.378052
1387639 0 0.000000 0.000000 0.000000 126.158539 -163.048782 -44.756100
1387644 0 0.000000 0.000000 0.000000 114.085365 -164.878052 -36.402439
1387649 0 0.000000 0.000000 0.000000 101.890244 -166.219513 -27.804878
1387654 0 0.000000 0.000000 0.000000 89.695122 -167.073181 -19.085367
1387659 0 0.000000 0.000000 0.000000 77.682930 -167.195129 -10.487805
1387664 0 0.000000 0.000000 0.000000 66.036591 -166.646347 -2.621951
1387669 0 0.000000 0.000000 0.000000 54.878052 -165.426834 4.207317
1387674 0 0.000000 0.000000 0.000000 44.268295 -163.414642 9.878049
1387679 0 0.000000 0.000000 0.000000 34.207317 -160.792694 14.268293
1387684 0 0.000000 0.000000 0.000000 24.573172 -157.560974 17.378050
1387689 0 0.000000 0.000000 0.000000 15.426829 -153.902435 19.329269
1387694 0 0.000000 0.000000 0.000000 6.707317 -149.878052 20.304878
1387699 0 0.000000 0.000000 0.000000 -1.524390 -145.487808 20.365854
1387704 0 0.000000 0.000000 0.000000 -9.451220 -140.792679 19.573172
1387709 0 0.000000 0.000000 0.000000 -17.073172 -135.487808 17.804878
1387714 0 0.000000 0.000000 0.000000 -24.451220 -129.634155 15.182927
1387719 0 0.000000 0.000000 0.000000 -31.707317 -123.414635 12.134147
1387724 0 0.000000 0.000000 0.000000 -38.780487 -117.134148 9.268292
1387729 0 0.000000 0.000000 0.000000 -45.853661 -110.792686 6.951220
1387734 0 0.000000 0.000000 0.000000 -52.987804 -104.695122 5.426829
1387739 0 0.000000 0.000000 0.000000 -60.243904 -98.780487 4.817073
1387744 0 0.000000 0.000000 0.000000 -67.621956 -93.109756 5.182927
1387749 0 0.000000 0.000000 0.000000 -75.060974 -87.621956 6.524390
1387754 0 0.000000 0.000000 0.000000 -82.500000 -82.256096 8.597561
1387759 0 0.000000 0.000000 0.000000 -89.817078 -77.012199 11.341464
1387764 0 0.000000 0.000000 0.000000 -97.134148 -71.585365 14.512196
1387769 0 0.000000 0.000000 0.000000 -104.207321 -65.914635 18.048780
1387774 0 0.000000 0.000000 0.000000 -111.219513 -59.939026 21.707317
1387779 0 0.000000 0.000000 0.000000 -118.048782 -53.597561 25.426830
1387784 0 0.000000 0.000000 0.000000 -124.512199 -46.951221 28.902439
1387789 0 0.000000 0.000000 0.000000 -130.609756 -39.817074 32.073170
1387794 0 0.000000 0.000000 0.000000 -136.463425 -32.073170 34.756100
1387799 0 0.000000 0.000000 0.000000 -141.951218 -23.719513 36.890244
1387804 0 0.000000 0.000000 0.000000 -147.073181 -14.878049 38.658539
1387809 0 0.000000 0.000000 0.000000 -151.951218 -5.792683 40.121952
1387814 0 0.000000 0.000000 0.000000 -156.524399 3.353659 41.463417
1387819 0 0.000000 0.000000 0.000000 -160.792694 12.743903 42.500000
1387824 0 0.000000 0.000000 0.000000 -164.817078 22.012196 43.536587
1387829 0 0.000000 0.000000 0.000000 -168.597565 30.975611 44.634148
1387834 0 0.000000 0.000000 0.000000 -171.585373 38.109756 45.548782
1387839 0 0.000000 0.000000 0.000000 -175.426834 47.195122 46.829269
1387844 0 0.000000 0.000000 0.000000 -178.841461 55.304878 48.109756
1387849 0 0.000000 0.000000 0.000000 -181.890244 62.195122 49.329269
1387854 0 0.000000 0.000000 0.000000 -184.634155 68.353661 50.487804
1387859 0 0.000000 0.000000 0.000000 -187.195129 73.963417 51.707317
1387864 0 0.000000 0.000000 0.000000 -189.695129 79.024391 52.926830
1387869 0 0.000000 0.000000 0.000000 -191.951218 83.658539 54.085365
1387874 0 0.000000 0.000000 0.000000 -193.902451 87.926834 55.121952
1387879 0 0.000000 0.000000 0.000000 -195.609756 92.134148 55.792683
1387884 0 0.000000 0.000000 0.000000 -196.890244 96.219513 56.036587
1387889 0 0.000000 0.000000 0.000000 -197.987808 100.365852 56.097561
1387894 0 0.000000 0.000000 0.000000 -198.780487 104.390244 55.975613
1387899 0 0.000000 0.000000 0.000000 -199.390244 108.231712 55.792683
1387904 0 0.000000 0.000000 0.000000 -199.756104 111.890244 55.487804
1387909 0 0.000000 0.000000 0.000000 -200.000000 115.243904 55.243904
1387914 0 0.000000 0.000000 0.000000 -199.939026 118.353661 55.060978
1387919 0 0.000000 0.000000 0.000000 -199.817078 121.219513 54.817074
1387924 0 0.000000 0.000000 0.000000 -199.451218 123.841469 54.573174
1387929 0 0.000000 0.000000 0.000000 -198.963425 126.280487 54.268295
1387934 0 0.000000 0.000000 0.000000 -198.231705 128.475616 54.024391
1387939 0 0.000000 0.000000 0.000000 -197.256104 130.426834 53.780491
1387944 0 0.000000 0.000000 0.000000 -196.158539 132.012192 53.597561
1387949 0 0.000000 0.000000 0.000000 -194.939026 133.109756 53.536587
1387954 0 0.000000 0.000000 0.000000 -193.536591 133.780487 53.536587
1387959 0 0.000000 0.000000 0.000000 -192.012207 133.902435 53.780491
1387964 0 0.000000 0.000000 0.000000 -190.304886 133.353668 54.024391
1387969 0 0.000000 0.000000 0.000000 -188.475616 132.134155 54.329269
1387974 0 0.000000 0.000000 0.000000 -186.463425 130.426834 54.573174
1387979 0 0.000000 0.000000 0.000000 -184.268295 128.231705 54.695122
1387984 0 0.000000 0.000000 0.000000 -181.768295 125.487808 54.634148
1387989 0 0.000000 0.000000 0.000000 -179.146347 122.195122 54.512196
1387994 0 0.000000 0.000000 0.000000 -176.219513 118.475609 54.146343
1387999 0 0.000000 0.000000 0.000000 -173.048782 114.390244 53.475613
1388004 0 0.000000 0.000000 0.000000 -169.573181 110.121956 52.560978
1388009 0 0.000000 0.000000 0.000000 -165.853668 105.670731 51.280491
1388014 0 0.000000 0.000000 0.000000 -161.829269 101.158539 49.634148
1388019 0 0.000000 0.000000 0.000000 -157.560974 96.707321 47.682926
1388024 0 0.000000 0.000000 0.000000 -152.987808 92.439026 45.304878
1388029 0 0.000000 0.000000 0.000000 -148.170731 88.414635 42.621952
1388034 0 0.000000 0.000000 0.000000 -143.109756 84.756096 39.573174
1388039 0 0.000000 0.000000 0.000000 -137.804886 81.402443 36.280487
1388044 0 0.000000 0.000000 0.000000 -132.256104 78.292686 32.743904
1388049 0 0.000000 0.000000 0.000000 -126.524391 75.548782 28.780489
1388054 0 0.000000 0.000000 0.000000 -120.487808 73.109756 24.634148
1388059 0 0.000000 0.000000 0.000000 -114.268295 70.975609 20.304878
1388064 0 0.000000 0.000000 0.000000 -108.048782 68.963417 15.975610
1388069 0 0.000000 0.000000 0.000000 -101.707321 66.768295 11.646341
1388074 0 0.000000 0.000000 0.000000 -95.365852 64.390244 7.378049
1388079 0 0.000000 0.000000 0.000000 -88.902443 62.012196 3.170732
1388084 0 0.000000 0.000000 0.000000 -82.439026 59.512196 -1.036585
1388089 0 0.000000 0.000000 0.000000 -75.792686 57.012196 -5.243903
1388094 0 0.000000 0.000000 0.000000 -69.207321 54.512196 -9.512196
1388099 0 0.000000 0.000000 0.000000 -62.682930 52.012196 -13.841464
1388104 0 0.000000 0.000000 0.000000 -56.097561 49.329269 -18.109756
1388109 0 0.000000 0.000000 0.000000 -49.573174 46.402439 -22.317074
1388114 0 0.000000 0.000000 0.000000 -43.048782 42.865856 -26.402439
1388119 0 0.000000 0.000000 0.000000 -36.646343 38.780487 -30.243902
1388124 0 0.000000 0.000000 0.000000 -30.426830 34.085365 -33.963417
1388129 0 0.000000 0.000000 0.000000 -24.329269 28.719513 -37.439026
1388134 0 0.000000 0.000000 0.000000 -18.353659 22.560976 -40.609756
1388139 0 0.000000 0.000000 0.000000 -12.500000 15.731708 -43.719513
1388144 0 0.000000 0.000000 0.000000 -6.707317 8.231708 -46.707317
1388149 0 0.000000 0.000000 0.000000 -0.975610 0.304878 -49.756100
1388154 0 0.000000 0.000000 0.000000 4.634146 -7.682927 -52.804878
1388159 0 0.000000 0.000000 0.000000 10.182927 -15.731708 -56.036587
1388164 0 0.000000 0.000000 0.000000 15.670732 -23.353659 -59.451221
1388169 0 0.000000 0.000000 0.000000 21.158537 -30.487806 -63.048782
1388174 0 0.000000 0.000000 0.000000 26.646341 -37.073170 -66.829269
1388179 0 0.000000 0.000000 0.000000 32.073170 -43.170734 -70.609756
1388184 0 0.000000 0.000000 0.000000 37.256100 -48.597561 -74.207321
1388189 0 0.000000 0.000000 0.000000 42.256100 -53.414635 -77.682930
1388194 0 0.000000 0.000000 0.000000 46.951221 -57.621952 -80.975609
1388199 0 0.000000 0.000000 0.000000 51.524391 -61.158539 -84.207321
1388204 0 0.000000 0.000000 0.000000 55.975613 -64.024391 -87.439026
1388209 0 0.000000 0.000000 0.000000 60.304878 -66.158539 -90.731712
1388214 0 0.000000 0.000000 0.000000 64.390244 -67.560974 -93.902443
1388219 0 0.000000 0.000000 0.000000 68.048782 -68.414635 -96.768295
1388224 0 0.000000 0.000000 0.000000 71.402443 -68.963417 -99.207321
1388229 0 0.000000 0.000000 0.000000 74.329269 -69.329269 -101.036591
1388234 0 0.000000 0.000000 0.000000 76.829269 -69.573174 -102.317078
1388239 0 0.000000 0.000000 0.000000 78.841469 -69.695122 -102.926834
1388244 0 0.000000 0.000000 0.000000 80.365852 -69.390244 -102.987808
1388249 0 0.000000 0.000000 0.000000 81.341469 -68.231712 -102.743904
1388254 0 0.000000 0.000000 0.000000 81.951218 -66.158539 -102.256104
1388259 0 0.000000 0.000000 0.000000 82.073174 -63.597561 -101.341469
1388264 0 0.000000 0.000000 0.000000 81.646347 -60.792683 -99.878052
1388269 0 0.000000 0.000000 0.000000 80.609756 -58.109756 -97.743904
1388274 0 0.000000 0.000000 0.000000 78.963417 -55.731709 -94.878052
1388279 0 0.000000 0.000000 0.000000 76.707321 -53.963417 -91.280487
1388284 0 0.000000 0.000000 0.000000 73.841469 -52.804878 -87.012199
1388289 0 0.000000 0.000000 0.000000 70.487808 -51.951221 -82.439026
1388294 0 0.000000 0.000000 0.000000 66.768295 -50.975613 -77.987808
1388299 0 0.000000 0.000000 0.000000 62.743904 -49.573174 -74.207321
1388304 0 0.000000 0.000000 0.000000 58.719513 -47.865856 -71.097565
1388309 0 0.000000 0.000000 0.000000 54.573174 -46.097561 -68.597565
1388314 0 0.000000 0.000000 0.000000 50.243904 -44.329269 -66.585365
1388319 0 0.000000 0.000000 0.000000 45.670734 -42.500000 -64.939026
1388324 0 0.000000 0.000000 0.000000 41.036587 -40.548782 -63.780491
1388329 0 0.000000 0.000000 0.000000 36.158539 -38.414635 -63.048782
1388334 0 0.000000 0.000000 0.000000 31.158537 -35.853661 -62.743904
1388339 0 0.000000 0.000000 0.000000 26.158537 -32.621952 -62.926830
1388344 0 0.000000 0.000000 0.000000 21.097561 -28.658537 -63.597561
1388349 0 0.000000 0.000000 0.000000 15.853659 -24.146341 -64.512199
1388354 0 0.000000 0.000000 0.000000 10.365854 -19.268293 -65.182930
1388359 0 0.000000 0.000000 0.000000 4.451220 -14.634147 -65.121956
1388364 0 0.000000 0.000000 0.000000 -2.012195 -10.548780 -63.963417
1388369 0 0.000000 0.000000 0.000000 -9.024390 -7.134147 -61.768295
1388374 0 0.000000 0.000000 0.000000 -16.463415 -4.207317 -58.597561
1388379 0 0.000000 0.000000 0.000000 -24.390244 -1.707317 -54.329269
1388384 0 0.000000 0.000000 0.000000 -32.804878 0.304878 -49.024391
1388389 0 0.000000 0.000000 0.000000 -41.707317 2.256098 -42.987804
1388394 0 0.000000 0.000000 0.000000 -50.792683 4.085366 -36.890244
1388399 0 0.000000 0.000000 0.000000 -59.756100 6.097561 -31.158537
1388404 0 0.000000 0.000000 0.000000 -67.134148 8.414635 -26.890245
1388409 0 0.000000 0.000000 0.000000 -76.890244 12.743903 -21.768293
1388414 0 0.000000 0.000000 0.000000 -86.341469 17.987804 -17.378050
1388419 0 0.000000 0.000000 0.000000 -95.304878 23.231709 -13.719513
1388424 0 0.000000 0.000000 0.000000 -104.329269 28.475611 -10.365854
1388429 0 0.000000 0.000000 0.000000 -113.597565 33.841465 -7.012195
1388434 0 0.000000 0.000000 0.000000 -123.109756 38.475609 -3.170732
1388439 0 0.000000 0.000000 0.000000 -132.865860 41.768295 1.280488
1388444 0 0.000000 0.000000 0.000000 -142.743912 44.085365 6.036585
1388449 0 0.000000 0.000000 0.000000 -152.621948 46.341465 10.548780
1388454 0 0.000000 0.000000 0.000000 -162.439026 48.780487 14.451220
1388459 0 0.000000 0.000000 0.000000 -171.890244 50.609756 17.560976
1388464 0 0.000000 0.000000 0.000000 -180.914642 52.073174 19.390244
1388469 0 0.000000 0.000000 0.000000 -189.268295 53.353661 19.817074
1388474 0 0.000000 0.000000 0.000000 -197.134155 53.658539 19.146341
1388479 0 0.000000 0.000000 0.000000 -204.695129 52.012196 18.170732
1388484 0 0.000000 0.000000 0.000000 -212.256104 47.682926 17.621952
1388489 0 0.000000 0.000000 0.000000 -219.939026 40.975609 17.743902
1388494 0 0.000000 0.000000 0.000000 -227.682938 31.951220 18.475611
1388499 0 0.000000 0.000000 0.000000 -235.304886 20.914635 19.451220
1388504 0 0.000000 0.000000 0.000000 -242.682938 9.024390 20.060976
1388509 0 0.000000 0.000000 0.000000 -249.634155 -2.804878 19.939024
1388514 0 0.000000 0.000000 0.000000 -256.036591 -14.146341 18.536585
1388519 0 0.000000 0.000000 0.000000 -261.585358 -22.500000 15.426829
1388524 0 0.000000 0.000000 0.000000 -266.158539 -27.621952 10.426829
1388529 0 0.000000 0.000000 0.000000 -269.878052 -31.890245 3.902439
1388534 0 0.000000 0.000000 0.000000 -273.170746 -33.841465 -3.475610
1388539 0 0.000000 0.000000 0.000000 -275.426849 -32.134148 -12.500000
1388544 0 0.000000 0.000000 0.000000 -276.402435 -25.792683 -24.024391
1388549 0 0.000000 0.000000 0.000000 -275.914642 -13.658537 -38.231709
1388554 0 0.000000 0.000000 0.000000 -274.451233 4.268293 -54.207317
1388559 0 0.000000 0.000000 0.000000 -272.500000 27.560976 -70.487808
1388564 0 0.000000 0.000000 0.000000 -270.670746 53.353661 -85.304878
1388569 0 0.000000 0.000000 0.000000 -269.573181 76.951218 -96.707321
1388574 0 0.000000 0.000000 0.000000 -269.695129 94.817078 -103.353661
1388579 0 0.000000 0.000000 0.000000 -270.792694 106.402443 -105.731712
1388584 0 0.000000 0.000000 0.000000 -272.134155 114.268295 -105.731712
1388589 0 0.000000 0.000000 0.000000 -273.170746 122.621956 -105.548782
1388594 0 0.000000 0.000000 0.000000 -273.292694 133.963425 -106.402443
1388599 0 0.000000 0.000000 0.000000 -272.682922 148.048782 -108.109756
1388604 0 0.000000 0.000000 0.000000 -271.646362 163.231705 -109.451225
1388609 0 0.000000 0.000000 0.000000 -270.670746 178.109756 -109.695122
1388614 0 0.000000 0.000000 0.000000 -269.939026 191.585373 -108.231712
1388619 0 0.000000 0.000000 0.000000 -269.512207 202.195129 -104.817078
1388624 0 0.000000 0.000000 0.000000 -269.024384 208.292694 -100.304878
1388629 0 0.000000 0.000000 0.000000 -268.109772 210.000000 -95.853661
1388634 0 0.000000 0.000000 0.000000 -266.402435 208.597565 -92.195122
1388639 0 0.000000 0.000000 0.000000 -263.902435 205.243912 -90.121956
1388644 0 0.000000 0.000000 0.000000 -260.304871 201.341461 -90.060974
1388649 0 0.000000 0.000000 0.000000 -255.609756 197.500000 -92.195122
1388654 0 0.000000 0.000000 0.000000 -249.939026 192.682938 -95.792686
1388659 0 0.000000 0.000000 0.000000 -243.597565 186.036591 -100.000000
1388664 0 0.000000 0.000000 0.000000 -236.768295 177.134155 -104.207321
1388669 0 0.000000 0.000000 0.000000 -229.756104 165.000000 -107.743904
1388674 0 0.000000 0.000000 0.000000 -222.743912 149.024399 -109.939026
1388679 0 0.000000 0.000000 0.000000 -216.097565 128.902435 -110.365860
1388684 0 0.000000 0.000000 0.000000 -209.878052 105.182930 -108.963417
1388689 0 0.000000 0.000000 0.000000 -204.207321 78.597565 -105.914635
1388694 0 0.000000 0.000000 0.000000 -198.780487 50.121952 -101.829269
1388699 0 0.000000 0.000000 0.000000 -193.231705 21.524391 -97.804878
1388704 0 0.000000 0.000000 0.000000 -187.195129 -5.182927 -94.817078
1388709 0 0.000000 0.000000 0.000000 -180.609756 -28.597561 -93.475609
1388714 0 0.000000 0.000000 0.000000 -173.353668 -48.170734 -94.146347
1388719 0 0.000000 0.000000 0.000000 -165.182938 -62.682930 -97.500000
1388724 0 0.000000 0.000000 0.000000 -155.609756 -70.670731 -104.390244
1388729 0 0.000000 0.000000 0.000000 -144.512192 -71.219513 -115.121956
1388734 0 0.000000 0.000000 0.000000 -132.500000 -66.097565 -128.475616
1388739 0 0.000000 0.000000 0.000000 -120.548782 -59.634148 -142.134155
1388744 0 0.000000 0.000000 0.000000 -109.634148 -56.158539 -153.597565
1388749 0 0.000000 0.000000 0.000000 -100.121956 -57.560978 -162.073181
1388754 0 0.000000 0.000000 0.000000 -91.524391 -61.890244 -168.841461
1388759 0 0.000000 0.000000 0.000000 -82.987808 -65.731712 -176.158539
1388764 0 0.000000 0.000000 0.000000 -74.146339 -66.768295 -185.487808
1388769 0 0.000000 0.000000 0.000000 -64.756096 -64.390244 -197.256104
1388774 0 0.000000 0.000000 0.000000 -55.182930 -59.573174 -210.609756
1388779 0 0.000000 0.000000 0.000000 -45.853661 -53.841465 -224.207321
1388784 0 0.000000 0.000000 0.000000 -37.195122 -49.085365 -236.707321
1388789 0 0.000000 0.000000 0.000000 -29.634148 -47.073174 -246.890244
1388794 0 0.000000 0.000000 0.000000 -23.353659 -49.329269 -253.902451
1388799 0 0.000000 0.000000 0.000000 -18.475611 -56.036587 -257.682922
1388804 0 0.000000 0.000000 0.000000 -14.817074 -65.670731 -258.963409
1388809 0 0.000000 0.000000 0.000000 -12.195122 -77.195122 -258.353668
1388814 0 0.000000 0.000000 0.000000 -10.365854 -89.268295 -256.890259
1388819 0 0.000000 0.000000 0.000000 -8.841464 -99.939026 -255.609756
1388824 0 0.000000 0.000000 0.000000 -7.439024 -108.414635 -255.000000
1388829 0 0.000000 0.000000 0.000000 -6.463415 -115.731712 -254.451233
1388834 0 0.000000 0.000000 0.000000 -6.341464 -123.353661 -252.926834
1388839 0 0.000000 0.000000 0.000000 -7.073171 -131.341461 -250.426834
1388844 0 0.000000 0.000000 0.000000 -8.414635 -138.414642 -247.621964
1388849 0 0.000000 0.000000 0.000000 -10.365854 -143.841461 -244.634155
1388854 0 0.000000 0.000000 0.000000 -12.987805 -147.682938 -241.219513
1388859 0 0.000000 0.000000 0.000000 -24.085367 -147.256104 -237.682938
1388864 0 0.000000 0.000000 0.000000 -287.987823 -88.170731 -238.597565
1388869 0 0.000000 0.000000 0.000000 -913.841492 165.548782 -221.890244
1388874 0 0.000000 0.000000 0.000000 -1252.500000 450.000000 -198.109756
1388879 0 0.000000 0.000000 0.000000 -1234.085449 563.353699 -202.012207
1388884 0 0.000000 0.000000 0.000000 -1153.597534 569.634155 -216.341461
1388889 0 0.000000 0.000000 0.000000 -1125.061035 559.085388 -220.731720
1388894 0 0.000000 0.000000 0.000000 -1063.170776 572.926819 -213.414642
1388899 0 0.000000 0.000000 0.000000 -725.670776 580.670715 -175.609756
1388904 0 0.000000 0.000000 0.000000 -178.658539 477.865875 -111.158539
1388909 0 0.000000 0.000000 0.000000 144.634155 327.865875 -77.500000
1388914 0 0.000000 0.000000 0.000000 150.975616 232.134155 -77.500000
1388919 0 0.000000 0.000000 0.000000 62.073174 194.573181 -83.658539
1388924 0 0.000000 0.000000 0.000000 13.231708 179.939026 -82.439026
1388929 0 0.000000 0.000000 0.000000 -11.951220 166.036591 -76.341469
1388934 0 0.000000 0.000000 0.000000 -52.804878 144.390244 -69.207321
1388939 0 0.000000 0.000000 0.000000 -92.256104 138.109756 -62.439026
1388944 0 0.000000 0.000000 0.000000 -112.195122 152.073181 -56.219513
1388949 0 0.000000 0.000000 0.000000 -134.634155 157.804886 -55.060978
1388954 0 0.000000 0.000000 0.000000 -161.219513 166.158539 -63.902439
1388959 0 0.000000 0.000000 0.000000 -181.097565 195.304886 -82.378052
1388964 0 0.000000 0.000000 0.000000 -202.012207 228.719513 -109.268295
1388969 0 0.000000 0.000000 0.000000 -232.134155 247.134155 -141.097565
1388974 0 0.000000 0.000000 0.000000 -260.975616 250.426834 -168.414642
1388979 0 0.000000 0.000000 0.000000 -301.707336 243.170731 -205.182938
1388984 0 0.000000 0.000000 0.000000 -340.426849 227.134155 -237.317078
1388989 0 0.000000 0.000000 0.000000 -365.182922 211.890244 -249.390244
1388994 0 0.000000 0.000000 0.000000 -347.256104 230.975616 -207.195129
1388999 0 0.000000 0.000000 0.000000 -279.329285 289.207336 -112.500000
1389004 0 0.000000 0.000000 0.000000 -216.341461 338.597565 -29.878050
1389009 0 0.000000 0.000000 0.000000 -195.914642 358.292694 -2.439024
1389014 0 0.000000 0.000000 0.000000 -194.573181 360.060974 -16.036585
1389019 0 0.000000 0.000000 0.000000 -187.987808 348.292694 -38.658539
1389024 0 0.000000 0.000000 0.000000 -174.390244 323.231720 -53.048782
1389029 0 0.000000 0.000000 0.000000 -159.329269 290.548798 -56.829269
1389034 0 0.000000 0.000000 0.000000 -145.731705 257.926849 -51.036587
1389039 0 0.000000 0.000000 0.000000 -131.951218 230.000000 -36.280487
1389044 0 0.000000 0.000000 0.000000 -117.621956 203.292694 -17.682928
1389049 0 0.000000 0.000000 0.000000 -103.841469 172.012192 -1.402439
1389054 0 0.000000 0.000000 0.000000 -89.817078 135.609756 9.939025
1389059 0 0.000000 0.000000 0.000000 -73.841469 97.743904 17.256098
1389064 0 0.000000 0.000000 0.000000 -56.097561 61.280491 21.646341
1389069 0 0.000000 0.000000 0.000000 -38.414635 27.743902 22.865854
1389074 0 0.000000 0.000000 0.000000 -23.597561 -0.670732 20.548780
1389079 0 0.000000 0.000000 0.000000 -19.939024 -15.914635 14.756098
1389084 0 0.000000 0.000000 0.000000 -23.109756 -10.548780 7.926829
1389089 0 0.000000 0.000000 0.000000 -18.475611 12.560976 4.634146
1389094 0 0.000000 0.000000 0.000000 -7.195122 42.317074 4.085366
1389099 0 0.000000 0.000000 0.000000 -2.926829 69.939026 2.378049
1389104 0 0.000000 0.000000 0.000000 -5.304878 94.085365 -1.463415
1389109 0 0.000000 0.000000 0.000000 -4.756098 114.024391 -6.219512
1389114 0 0.000000 0.000000 0.000000 0.609756 127.073174 -11.097561
1389119 0 0.000000 0.000000 0.000000 7.012195 134.085373 -15.792684
1389124 0 0.000000 0.000000 0.000000 11.280488 137.560974 -19.451220
1389129 0 0.000000 0.000000 0.000000 12.987805 138.658539 -21.097561
1389134 0 0.000000 0.000000 0.000000 12.317074 137.378052 -20.914635
1389139 0 0.000000 0.000000 0.000000 9.573171 134.634155 -20.731709
1389144 0 0.000000 0.000000 0.000000 6.158537 131.707321 -22.012196
1389149 0 0.000000 0.000000 0.000000 3.414634 127.987808 -24.451220
1389154 0 0.000000 0.000000 0.000000 4.268293 121.463417 -27.743902
1389159 0 0.000000 0.000000 0.000000 8.475610 112.256104 -31.829269
1389164 0 0.000000 0.000000 0.000000 14.573171 99.390244 -36.768295
1389169 0 0.000000 0.000000 0.000000 20.609756 84.390244 -42.378048
1389174 0 0.000000 0.000000 0.000000 21.768293 74.451218 -44.817074
1389179 0 0.000000 0.000000 0.000000 18.536585 71.402443 -43.170734
1389184 0 0.000000 0.000000 0.000000 15.121951 71.768295 -40.060978
1389189 0 0.000000 0.000000 0.000000 13.414635 72.743904 -37.804878
1389194 0 0.000000 0.000000 0.000000 13.170732 73.414635 -36.707317
1389199 0 0.000000 0.000000 0.000000 14.085366 73.963417 -36.768295
1389204 0 0.000000 0.000000 0.000000 16.097561 74.939026 -38.841465
1389209 0 0.000000 0.000000 0.000000 18.902439 75.975609 -44.207317
1389214 0 0.000000 0.000000 0.000000 22.073172 76.097565 -51.951221
1389219 0 0.000000 0.000000 0.000000 24.146341 76.463417 -58.719513
1389224 0 0.000000 0.000000 0.000000 25.182928 77.317078 -63.902439
1389229 0 0.000000 0.000000 0.000000 25.731709 77.500000 -67.743904
1389234 0 0.000000 0.000000 0.000000 25.914635 77.500000 -70.365852
1389239 0 0.000000 0.000000 0.000000 27.439026 80.000000 -70.670731
1389244 0 0.000000 0.000000 0.000000 30.487806 86.158539 -67.439026
1389249 0 0.000000 0.000000 0.000000 33.414635 90.365852 -62.012196
1389254 0 0.000000 0.000000 0.000000 37.439026 86.402443 -55.670734
1389259 0 0.000000 0.000000 0.000000 42.865856 75.487808 -48.719513
1389264 0 0.000000 0.000000 0.000000 47.743904 62.865856 -42.439026
1389269 0 0.000000 0.000000 0.000000 49.878052 51.585365 -38.109756
1389274 0 0.000000 0.000000 0.000000 47.439026 42.926830 -37.317074
1389279 0 0.000000 0.000000 0.000000 39.817074 39.512196 -42.439026
1389284 0 0.000000 0.000000 0.000000 33.841465 44.390244 -49.817074
1389289 0 0.000000 0.000000 0.000000 32.743904 48.902439 -50.487804
1389294 0 0.000000 0.000000 0.000000 32.987804 46.585365 -45.609756
1389299 0 0.000000 0.000000 0.000000 32.256100 39.695122 -38.353661
1389304 0 0.000000 0.000000 0.000000 31.829269 32.743904 -31.341465
1389309 0 0.000000 0.000000 0.000000 32.134148 28.780489 -28.475611
1389314 0 0.000000 0.000000 0.000000 31.890245 29.512196 -30.000000
1389319 0 0.000000 0.000000 0.000000 30.060976 33.780487 -31.890245
1389324 0 0.000000 0.000000 0.000000 27.378050 37.621952 -30.426830
1389329 0 0.000000 0.000000 0.000000 25.365854 37.987804 -26.097561
1389334 0 0.000000 0.000000 0.000000 25.487806 34.512196 -21.158537
1389339 0 0.000000 0.000000 0.000000 27.317074 28.658537 -17.134148
1389344 0 0.000000 0.000000 0.000000 29.756098 21.341463 -13.902439
1389349 0 0.000000 0.000000 0.000000 31.402439 13.658537 -11.036586
1389354 0 0.000000 0.000000 0.000000 31.341465 7.500000 -8.780488
1389359 0 0.000000 0.000000 0.000000 30.243902 3.231707 -6.646342
1389364 0 0.000000 0.000000 0.000000 28.231709 -0.121951 -4.634146
1389369 0 0.000000 0.000000 0.000000 25.548780 -3.902439 -2.743902
1389374 0 0.000000 0.000000 0.000000 22.256098 -8.414635 -1.036585
1389379 0 0.000000 0.000000 0.000000 18.292683 -10.670732 0.365854
1389384 0 0.000000 0.000000 0.000000 15.000000 -10.243902 0.914634
1389389 0 0.000000 0.000000 0.000000 12.926829 -9.024390 0.304878
1389394 0 0.000000 0.000000 0.000000 12.317074 -10.060976 -0.853659
1389399 0 0.000000 0.000000 0.000000 13.353659 -14.512196 -2.317073
1389404 0 0.000000 0.000000 0.000000 15.792684 -20.670732 -4.268293
1389409 0 0.000000 0.000000 0.000000 18.780489 -26.097561 -7.073171
1389414 0 0.000000 0.000000 0.000000 21.341463 -29.817074 -10.365854
1389419 0 0.000000 0.000000 0.000000 22.134148 -30.304878 -13.536586
1389424 0 0.000000 0.000000 0.000000 21.463415 -28.658537 -16.707317
1389429 0 0.000000 0.000000 0.000000 19.817074 -25.731709 -20.060976
1389434 0 0.000000 0.000000 0.000000 17.439024 -22.317074 -23.231709
1389439 0 0.000000 0.000000 0.000000 14.146341 -19.329269 -25.853659
1389444 0 0.000000 0.000000 0.000000 10.731708 -18.048780 -28.597561
1389449 0 0.000000 0.000000 0.000000 8.170732 -18.963415 -32.134148
1389454 0 0.000000 0.000000 0.000000 6.097561 -20.853659 -35.548782
1389459 0 0.000000 0.000000 0.000000 3.109756 -21.036587 -37.012196
1389464 0 0.000000 0.000000 0.000000 -1.036585 -17.926830 -36.890244
1389469 0 0.000000 0.000000 0.000000 -5.243903 -13.963415 -36.402439
1389474 0 0.000000 0.000000 0.000000 -8.719512 -12.317074 -35.670734
1389479 0 0.000000 0.000000 0.000000 -11.768293 -13.292684 -34.451221
1389484 0 0.000000 0.000000 0.000000 -14.756098 -15.426829 -32.926830
1389489 0 0.000000 0.000000 0.000000 -17.073172 -17.926830 -32.317074
1389494 0 0.000000 0.000000 0.000000 -18.414635 -20.487804 -32.743904
1389499 0 0.000000 0.000000 0.000000 -19.451220 -22.621952 -33.231709
1389504 0 0.000000 0.000000 0.000000 -20.853659 -23.841463 -33.658539
1389509 0 0.000000 0.000000 0.000000 -22.439024 -24.207317 -34.573170
1389514 0 0.000000 0.000000 0.000000 -24.024391 -24.695122 -35.975609
1389519 0 0.000000 0.000000 0.000000 -25.426830 -25.975611 -37.378048
1389524 0 0.000000 0.000000 0.000000 -26.768293 -28.170732 -38.719513
1389529 0 0.000000 0.000000 0.000000 -28.231709 -30.975611 -39.878048
1389534 0 0.000000 0.000000 0.000000 -29.878050 -34.024391 -40.670734
1389539 0 0.000000 0.000000 0.000000 -31.646341 -36.280487 -40.975609
1389544 0 0.000000 0.000000 0.000000 -34.756100 -38.536587 -41.158539
1389549 0 0.000000 0.000000 0.000000 -38.109756 -39.756100 -41.646343
1389554 0 0.000000 0.000000 0.000000 -41.036587 -39.817074 -42.621952
1389559 0 0.000000 0.000000 0.000000 -43.048782 -39.024391 -44.085365
1389564 0 0.000000 0.000000 0.000000 -43.658539 -37.560978 -46.097561
1389569 0 0.000000 0.000000 0.000000 -43.170734 -35.487804 -48.109756
1389574 0 0.000000 0.000000 0.000000 -42.012196 -32.804878 -49.756100
1389579 0 0.000000 0.000000 0.000000 -40.365856 -29.695122 -50.731709
1389584 0 0.000000 0.000000 0.000000 -38.414635 -26.097561 -51.158539
1389589 0 0.000000 0.000000 0.000000 -36.097561 -22.195122 -51.341465
1389594 0 0.000000 0.000000 0.000000 -33.353661 -18.414635 -51.341465
1389599 0 0.000000 0.000000 0.000000 -30.243902 -15.426829 -51.158539
1389604 0 0.000000 0.000000 0.000000 -27.012196 -13.292684 -50.853661
1389609 0 0.000000 0.000000 0.000000 -23.475611 -12.256098 -50.792683
1389614 0 0.000000 0.000000 0.000000 -19.512196 -12.439025 -50.731709
1389619 0 0.000000 0.000000 0.000000 -15.487805 -13.658537 -50.304878
1389624 0 0.000000 0.000000 0.000000 -11.890244 -15.182927 -49.329269
1389629 0 0.000000 0.000000 0.000000 -9.207317 -15.914635 -47.682926
1389634 0 0.000000 0.000000 0.000000 -7.378049 -16.036585 -45.609756
1389639 0 0.000000 0.000000 0.000000 -5.914634 -16.707317 -43.353661
1389644 0 0.000000 0.000000 0.000000 -5.000000 -18.475611 -40.975609
1389649 0 0.000000 0.000000 0.000000 -4.939024 -21.036587 -38.841465
1389654 0 0.000000 0.000000 0.000000 -5.670732 -23.475611 -37.195122
1389659 0 0.000000 0.000000 0.000000 -6.402439 -25.365854 -35.914635
1389664 0 0.000000 0.000000 0.000000 -6.463415 -26.646341 -34.817074
1389669 0 0.000000 0.000000 0.000000 -5.914634 -27.500000 -33.902439
1389674 0 0.000000 0.000000 0.000000 -4.817073 -28.048780 -33.292683
1389679 0 0.000000 0.000000 0.000000 -3.231707 -28.719513 -33.292683
1389684 0 0.000000 0.000000 0.000000 -1.036585 -29.573172 -33.536587
1389689 0 0.000000 0.000000 0.000000 1.463415 -29.573172 -33.841465
1389694 0 0.000000 0.000000 0.000000 4.390244 -28.841465 -34.268295
1389699 0 0.000000 0.000000 0.000000 7.439024 -27.317074 -34.634148
1389704 0 0.000000 0.000000 0.000000 10.487805 -25.792683 -34.695122
1389709 0 0.000000 0.000000 0.000000 13.292684 -24.695122 -33.902439
1389714 0 0.000000 0.000000 0.000000 15.365854 -23.963415 -32.378048
1389719 0 0.000000 0.000000 0.000000 16.463415 -23.902439 -30.182928
1389724 0 0.000000 0.000000 0.000000 16.524391 -24.573172 -27.560976
1389729 0 0.000000 0.000000 0.000000 15.548780 -25.792683 -24.817074
1389734 0 0.000000 0.000000 0.000000 13.597561 -27.195122 -22.134148
1389739 0 0.000000 0.000000 0.000000 10.853659 -28.231709 -19.695122
1389744 0 0.000000 0.000000 0.000000 7.865854 -29.024391 -17.317074
1389749 0 0.000000 0.000000 0.000000 5.000000 -29.573172 -14.878049
1389754 0 0.000000 0.000000 0.000000 2.195122 -30.121952 -12.195122
1389759 0 0.000000 0.000000 0.000000 -0.487805 -30.670732 -9.390244
1389764 0 0.000000 0.000000 0.000000 -3.292683 -31.280489 -6.585366
1389769 0 0.000000 0.000000 0.000000 -6.219512 -31.707317 -3.841464
1389774 0 0.000000 0.000000 0.000000 -8.963415 -31.829269 -1.463415
1389779 0 0.000000 0.000000 0.000000 -11.036586 -31.585367 0.487805
1389784 0 0.000000 0.000000 0.000000 -12.012196 -31.585367 2.012195
1389789 0 0.000000 0.000000 0.000000 -11.829268 -32.317074 3.231707
1389794 0 0.000000 0.000000 0.000000 -10.792684 -33.658539 4.085366
1389799 0 0.000000 0.000000 0.000000 -9.390244 -35.243904 4.146341
1389804 0 0.000000 0.000000 0.000000 -7.500000 -36.646343 3.292683
1389809 0 0.000000 0.000000 0.000000 -5.365854 -37.621952 1.707317
1389814 0 0.000000 0.000000 0.000000 -3.231707 -38.231709 0.000000
1389819 0 0.000000 0.000000 0.000000 -1.463415 -38.475609 -1.402439
1389824 0 0.000000 0.000000 0.000000 -0.060976 -38.109756 -2.439024
1389829 0 0.000000 0.000000 0.000000 1.036585 -36.707317 -2.865854
1389834 0 0.000000 0.000000 0.000000 1.890244 -34.268295 -2.926829
1389839 0 0.000000 0.000000 0.000000 2.439024 -31.097561 -2.439024
1389844 0 0.000000 0.000000 0.000000 2.682927 -27.804878 -1.463415
1389849 0 0.000000 0.000000 0.000000 2.682927 -25.121952 -0.121951
1389854 0 0.000000 0.000000 0.000000 2.378049 -23.231709 1.280488
1389859 0 0.000000 0.000000 0.000000 2.012195 -21.341463 1.829268
1389864 0 0.000000 0.000000 0.000000 2.073171 -18.414635 2.256098
1389869 0 0.000000 0.000000 0.000000 2.195122 -15.182927 3.963415
1389874 0 0.000000 0.000000 0.000000 2.378049 -12.987805 6.646342
1389879 0 0.000000 0.000000 0.000000 2.621951 -12.500000 9.268292
1389884 0 0.000000 0.000000 0.000000 2.500000 -13.414635 11.097561
1389889 0 0.000000 0.000000 0.000000 1.646341 -14.451220 11.829268
1389894 0 0.000000 0.000000 0.000000 0.243902 -15.060976 11.341464
1389899 0 0.000000 0.000000 0.000000 -1.158537 -15.731708 10.000000
1389904 0 0.000000 0.000000 0.000000 -2.500000 -17.012196 8.292683
1389909 0 0.000000 0.000000 0.000000 -3.902439 -18.963415 6.646342
1389914 0 0.000000 0.000000 0.000000 -5.365854 -20.975611 5.243903
1389919 0 0.000000 0.000000 0.000000 -6.768293 -22.621952 4.146341
1389924 0 0.000000 0.000000 0.000000 -7.987805 -23.719513 3.414634
1389929 0 0.000000 0.000000 0.000000 -9.024390 -24.268293 2.987805
1389934 0 0.000000 0.000000 0.000000 -9.695122 -24.024391 2.926829
1389939 0 0.000000 0.000000 0.000000 -9.939025 -23.048780 3.231707
1389944 0 0.000000 0.000000 0.000000 -9.512196 -21.219513 3.841464
1389949 0 0.000000 0.000000 0.000000 -8.475610 -18.597561 4.634146
1389954 0 0.000000 0.000000 0.000000 -6.951220 -15.487805 5.365854
1389959 0 0.000000 0.000000 0.000000 -5.304878 -11.951220 6.158537
1389964 0 0.000000 0.000000 0.000000 -3.658537 -8.109756 6.951220
1389969 0 0.000000 0.000000 0.000000 -2.073171 -4.207317 7.560976
1389974 0 0.000000 0.000000 0.000000 -0.426829 -0.609756 8.170732
1389979 0 0.000000 0.000000 0.000000 1.280488 2.256098 8.902439
1389984 0 0.000000 0.000000 0.000000 2.926829 4.268293 9.634147
1389989 0 0.000000 0.000000 0.000000 4.085366 5.304878 9.939025
1389994 0 0.000000 0.000000 0.000000 4.268293 5.670732 9.878049
1389999 0 0.000000 0.000000 0.000000 3.536585 5.365854 9.695122
1390004 0 0.000000 0.000000 0.000000 2.256098 4.146341 9.573171
1390009 0 0.000000 0.000000 0.000000 0.792683 2.134146 9.573171
1390014 0 0.000000 0.000000 0.000000 -0.853659 -0.243902 9.451220
1390019 0 0.000000 0.000000 0.000000 -2.560976 -2.743902 9.207317
1390024 0 0.000000 0.000000 0.000000 -4.268293 -4.878049 8.963415
1390029 0 0.000000 0.000000 0.000000 -5.792683 -6.524390 8.780488
1390034 0 0.000000 0.000000 0.000000 -7.317073 -7.560976 8.536586
1390039 0 0.000000 0.000000 0.000000 -8.902439 -7.987805 8.231708
1390044 0 0.000000 0.000000 0.000000 -9.817074 -8.109756 8.231708
1390049 0 0.000000 0.000000 0.000000 -9.146341 -7.682927 8.658537
1390054 0 0.000000 0.000000 0.000000 -7.500000 -6.219512 9.451220
1390059 0 0.000000 0.000000 0.000000 -5.243903 -3.597561 10.487805
1390064 0 0.000000 0.000000 0.000000 -2.560976 -0.365854 12.012196
1390069 0 0.000000 0.000000 0.000000 0.426829 3.536585 14.146341
1390074 0 0.000000 0.000000 0.000000 3.292683 8.536586 16.524391
1390079 0 0.000000 0.000000 0.000000 5.426829 13.597561 18.536585
1390084 0 0.000000 0.000000 0.000000 6.829268 17.073172 20.182928
1390089 0 0.000000 0.000000 0.000000 8.109756 19.268293 21.402439
1390094 0 0.000000 0.000000 0.000000 9.207317 21.341463 22.378050
1390099 0 0.000000 0.000000 0.000000 9.634147 23.475611 22.926830
