[ ---- PITCH ---- ]	P = 1.2		I = 0.2		D = 0.5
[ ---- ROLL ----- ]	P = 1.2		I = 0.2		D = 0.5
[ ---- GyroX ---- ]	P = 3.4		I = 0.6		D = 1.0
[ ---- GyroY ---- ]	P = 3.4		I = 0.6		D = 1.0
[ ---- GyroZ ---- ]	P = 1.2		I = 0.0		D = 0.0
[ ---- Type ----- ]	AngularPID
-----------------------------------------------------------------------------
1271272 0 0.000000 0.000000 0.000000 nan nan nan
1271277 0 0.000000 0.000000 0.000000 -0.975610 -3.414634 -1.341463
1271282 0 0.000000 0.000000 0.000000 -1.219512 -2.743902 -1.158537
1271287 0 0.000000 0.000000 0.000000 -1.097561 -1.890244 -1.158537
1271292 0 0.000000 0.000000 0.000000 -0.731707 -1.219512 -1.463415
1271297 0 0.000000 0.000000 0.000000 -0.548781 -1.036585 -1.463415
1271302 0 0.000000 0.000000 0.000000 -0.304878 -0.853659 -1.341463
1271307 0 0.000000 0.000000 0.000000 -0.121951 -0.792683 -1.341463
1271312 0 0.000000 0.000000 0.000000 0.121951 -0.670732 -1.463415
1271317 0 0.000000 0.000000 0.000000 0.243902 -0.792683 -1.524390
1271322 0 0.000000 0.000000 0.000000 0.548781 -1.280488 -1.463415
1271327 0 0.000000 0.000000 0.000000 0.914634 -2.012195 -1.402439
1271332 0 0.000000 0.000000 0.000000 1.219512 -3.048780 -1.402439
1271337 0 0.000000 0.000000 0.000000 1.341463 -3.902439 -1.768293
1271342 0 0.000000 0.000000 0.000000 1.036585 -4.756098 -2.134146
1271347 0 0.000000 0.000000 0.000000 0.670732 -5.792683 -2.073171
1271352 0 0.000000 0.000000 0.000000 0.731707 -6.890244 -2.134146
1271357 0 0.000000 0.000000 0.000000 0.731707 -7.682927 -2.195122
1271362 0 0.000000 0.000000 0.000000 0.731707 -7.682927 -2.682927
1271367 0 0.000000 0.000000 0.000000 0.426829 -7.926829 -2.743902
1271372 0 0.000000 0.000000 0.000000 0.792683 -8.963415 -2.195122
1271377 0 0.000000 0.000000 0.000000 1.280488 -10.548780 -1.402439
1271382 0 0.000000 0.000000 0.000000 1.158537 -10.731708 -0.914634
1271387 0 0.000000 0.000000 0.000000 0.609756 -9.573171 -0.426829
1271392 0 0.000000 0.000000 0.000000 0.548781 -7.987805 -0.060976
1271397 0 0.000000 0.000000 0.000000 1.036585 -6.890244 0.182927
1271402 0 0.000000 0.000000 0.000000 1.402439 -5.975610 0.487805
1271407 0 0.000000 0.000000 0.000000 1.280488 -4.634146 0.609756
1271412 0 0.000000 0.000000 0.000000 1.097561 -2.682927 0.365854
1271417 0 0.000000 0.000000 0.000000 0.853659 -0.914634 -0.182927
1271422 0 0.000000 0.000000 0.000000 0.731707 0.304878 -1.036585
1271427 0 0.000000 0.000000 0.000000 0.731707 0.487805 -1.646341
1271432 0 0.000000 0.000000 0.000000 0.548781 0.000000 -2.012195
1271437 0 0.000000 0.000000 0.000000 0.426829 -0.548781 -2.560976
1271442 0 0.000000 0.000000 0.000000 0.548781 -1.890244 -2.682927
1271447 0 0.000000 0.000000 0.000000 0.182927 -2.926829 -2.865854
1271452 0 0.000000 0.000000 0.000000 0.121951 -3.597561 -2.926829
1271457 0 0.000000 0.000000 0.000000 0.487805 -4.512195 -2.500000
1271462 0 0.000000 0.000000 0.000000 1.097561 -5.426829 -1.829268
1271467 0 0.000000 0.000000 0.000000 1.707317 -6.097561 -1.219512
1271472 0 0.000000 0.000000 0.000000 2.317073 -6.524390 -0.792683
1271477 0 0.000000 0.000000 0.000000 2.865854 -7.012195 -0.548781
1271482 0 0.000000 0.000000 0.000000 3.231707 -7.804878 -0.060976
1271487 0 0.000000 0.000000 0.000000 3.658537 -9.085366 0.670732
1271492 0 0.000000 0.000000 0.000000 4.085366 -10.365854 1.097561
1271497 0 0.000000 0.000000 0.000000 4.451220 -11.890244 1.646341
1271502 0 0.000000 0.000000 0.000000 4.512195 -13.658537 2.439024
1271507 0 0.000000 0.000000 0.000000 4.573171 -15.487805 3.170732
1271512 0 0.000000 0.000000 0.000000 4.634146 -16.951220 3.719512
1271517 0 0.000000 0.000000 0.000000 4.695122 -17.743902 4.329268
1271522 0 0.000000 0.000000 0.000000 4.878049 -17.012196 4.085366
1271527 0 0.000000 0.000000 0.000000 5.060976 -14.878049 3.231707
1271532 0 0.000000 0.000000 0.000000 5.000000 -11.768293 2.012195
1271537 0 0.000000 0.000000 0.000000 4.939024 -9.756098 1.219512
1271542 0 0.000000 0.000000 0.000000 4.390244 -9.573171 1.158537
1271547 0 0.000000 0.000000 0.000000 3.658537 -9.634147 1.158537
1271552 0 0.000000 0.000000 0.000000 2.682927 -9.085366 1.097561
1271557 0 0.000000 0.000000 0.000000 1.829268 -7.987805 1.158537
1271562 0 0.000000 0.000000 0.000000 1.036585 -6.951220 1.341463
1271567 0 0.000000 0.000000 0.000000 0.487805 -5.853659 1.707317
1271572 0 0.000000 0.000000 0.000000 -0.060976 -4.146341 2.317073
1271577 0 0.000000 0.000000 0.000000 -0.609756 -1.158537 2.500000
1271582 0 0.000000 0.000000 0.000000 -0.670732 2.378049 2.256098
1271587 0 0.000000 0.000000 0.000000 -0.365854 5.304878 2.256098
1271592 0 0.000000 0.000000 0.000000 -0.121951 7.500000 2.195122
1271597 0 0.000000 0.000000 0.000000 -0.121951 9.268292 1.951220
1271602 0 0.000000 0.000000 0.000000 -0.670732 10.609756 1.890244
1271607 0 0.000000 0.000000 0.000000 -1.402439 11.158537 2.256098
1271612 0 0.000000 0.000000 0.000000 -2.012195 11.280488 2.865854
1271617 0 0.000000 0.000000 0.000000 -2.317073 11.280488 3.353659
1271622 0 0.000000 0.000000 0.000000 -2.195122 11.646341 3.475610
1271627 0 0.000000 0.000000 0.000000 -1.768293 12.621951 3.048780
1271632 0 0.000000 0.000000 0.000000 -1.402439 13.597561 2.500000
1271637 0 0.000000 0.000000 0.000000 -1.219512 13.963415 1.524390
1271642 0 0.000000 0.000000 0.000000 -1.219512 12.560976 0.731707
1271647 0 0.000000 0.000000 0.000000 -1.646341 9.634147 0.548781
1271652 0 0.000000 0.000000 0.000000 -2.073171 6.463415 0.853659
1271657 0 0.000000 0.000000 0.000000 -2.012195 4.390244 0.975610
1271662 0 0.000000 0.000000 0.000000 -1.463415 3.292683 1.097561
1271667 0 0.000000 0.000000 0.000000 -1.402439 2.439024 1.158537
1271672 0 0.000000 0.000000 0.000000 -1.585366 1.036585 1.280488
1271677 0 0.000000 0.000000 0.000000 -1.707317 -0.426829 1.341463
1271682 0 0.000000 0.000000 0.000000 -1.707317 -1.829268 1.402439
1271687 0 0.000000 0.000000 0.000000 -1.585366 -2.743902 1.219512
1271692 0 0.000000 0.000000 0.000000 -1.280488 -3.170732 0.975610
1271697 0 0.000000 0.000000 0.000000 -1.036585 -3.109756 0.670732
1271702 0 0.000000 0.000000 0.000000 -0.853659 -2.804878 0.670732
1271707 0 0.000000 0.000000 0.000000 -0.426829 -2.012195 0.609756
1271712 0 0.000000 0.000000 0.000000 -0.060976 -1.097561 0.548781
1271717 0 0.000000 0.000000 0.000000 0.304878 -0.304878 0.365854
1271722 0 0.000000 0.000000 0.000000 0.731707 -0.060976 0.365854
1271727 0 0.000000 0.000000 0.000000 1.219512 -0.060976 0.304878
1271732 0 0.000000 0.000000 0.000000 1.585366 -0.243902 0.121951
1271737 0 0.000000 0.000000 0.000000 1.646341 -0.731707 0.000000
1271742 0 0.000000 0.000000 0.000000 1.707317 -1.585366 -0.121951
1271747 0 0.000000 0.000000 0.000000 1.646341 -2.804878 -0.426829
1271752 0 0.000000 0.000000 0.000000 1.463415 -4.085366 -0.670732
1271757 0 0.000000 0.000000 0.000000 1.158537 -5.060976 -0.853659
1271762 0 0.000000 0.000000 0.000000 0.853659 -5.609756 -0.914634
1271767 0 0.000000 0.000000 0.000000 0.670732 -5.731708 -1.097561
1271772 0 0.000000 0.000000 0.000000 0.548781 -5.365854 -1.280488
1271777 0 0.000000 0.000000 0.000000 0.609756 -4.634146 -1.219512
1271782 0 0.000000 0.000000 0.000000 0.670732 -3.902439 -1.097561
1271787 0 0.000000 0.000000 0.000000 0.670732 -3.597561 -1.219512
1271792 0 0.000000 0.000000 0.000000 0.365854 -3.536585 -1.463415
1271797 0 0.000000 0.000000 0.000000 -0.304878 -3.597561 -1.829268
1271802 0 0.000000 0.000000 0.000000 -1.158537 -3.658537 -2.134146
1271807 0 0.000000 0.000000 0.000000 -1.890244 -3.597561 -2.500000
1271812 0 0.000000 0.000000 0.000000 -2.256098 -3.414634 -2.865854
1271817 0 0.000000 0.000000 0.000000 -2.378049 -3.109756 -3.109756
1271822 0 0.000000 0.000000 0.000000 -2.439024 -2.500000 -3.231707
1271827 0 0.000000 0.000000 0.000000 -2.560976 -1.402439 -3.353659
1271832 0 0.000000 0.000000 0.000000 -2.682927 0.000000 -3.292683
1271837 0 0.000000 0.000000 0.000000 -2.682927 1.463415 -3.109756
1271842 0 0.000000 0.000000 0.000000 -2.439024 2.743902 -2.926829
1271847 0 0.000000 0.000000 0.000000 -2.073171 4.634146 -2.621951
1271852 0 0.000000 0.000000 0.000000 -1.707317 6.707317 -2.378049
1271857 0 0.000000 0.000000 0.000000 -1.219512 8.597561 -1.951220
1271862 0 0.000000 0.000000 0.000000 -1.158537 9.695122 -0.731707
1271867 0 0.000000 0.000000 0.000000 -0.548781 9.939025 0.975610
1271872 0 0.000000 0.000000 0.000000 0.792683 10.609756 1.463415
1271877 0 0.000000 0.000000 0.000000 1.707317 11.341464 1.219512
1271882 0 0.000000 0.000000 0.000000 1.341463 10.853659 1.402439
1271887 0 0.000000 0.000000 0.000000 0.548781 8.841464 2.195122
1271892 0 0.000000 0.000000 0.000000 0.670732 6.585366 2.317073
1271897 0 0.000000 0.000000 0.000000 1.097561 4.451220 2.073171
1271902 0 0.000000 0.000000 0.000000 1.341463 2.317073 1.890244
1271907 0 0.000000 0.000000 0.000000 1.036585 -0.121951 2.195122
1271912 0 0.000000 0.000000 0.000000 0.731707 -2.682927 2.439024
1271917 0 0.000000 0.000000 0.000000 0.548781 -5.000000 2.439024
1271922 0 0.000000 0.000000 0.000000 0.182927 -7.012195 2.378049
1271927 0 0.000000 0.000000 0.000000 -0.121951 -8.353659 2.560976
1271932 0 0.000000 0.000000 0.000000 -0.304878 -8.658537 2.500000
1271937 0 0.000000 0.000000 0.000000 -0.121951 -7.926829 2.439024
1271942 0 0.000000 0.000000 0.000000 0.304878 -6.280488 2.317073
1271947 0 0.000000 0.000000 0.000000 0.548781 -5.000000 2.195122
1271952 0 0.000000 0.000000 0.000000 0.670732 -3.719512 1.951220
1271957 0 0.000000 0.000000 0.000000 0.670732 -2.256098 1.768293
1271962 0 0.000000 0.000000 0.000000 0.426829 -0.914634 1.585366
1271967 0 0.000000 0.000000 0.000000 -0.121951 0.000000 1.524390
1271972 0 0.000000 0.000000 0.000000 -0.853659 0.609756 1.524390
1271977 0 0.000000 0.000000 0.000000 -1.341463 1.402439 1.341463
1271982 0 0.000000 0.000000 0.000000 -1.768293 2.256098 1.219512
1271987 0 0.000000 0.000000 0.000000 -2.134146 3.170732 1.097561
1271992 0 0.000000 0.000000 0.000000 -2.439024 4.207317 1.036585
1271997 0 0.000000 0.000000 0.000000 -2.804878 5.487805 1.097561
1272002 0 0.000000 0.000000 0.000000 -3.109756 6.951220 1.158537
1272007 0 0.000000 0.000000 0.000000 -3.109756 8.353659 1.341463
1272012 0 0.000000 0.000000 0.000000 -2.743902 9.634147 1.402439
1272017 0 0.000000 0.000000 0.000000 -2.317073 10.731708 1.524390
1272022 0 0.000000 0.000000 0.000000 -1.829268 11.585366 1.646341
1272027 0 0.000000 0.000000 0.000000 -1.463415 11.890244 1.951220
1272032 0 0.000000 0.000000 0.000000 -0.975610 11.463415 2.134146
1272037 0 0.000000 0.000000 0.000000 -0.548781 10.487805 2.256098
1272042 0 0.000000 0.000000 0.000000 -0.121951 9.268292 2.195122
1272047 0 0.000000 0.000000 0.000000 0.000000 8.109756 2.134146
1272052 0 0.000000 0.000000 0.000000 -0.060976 6.890244 2.195122
1272057 0 0.000000 0.000000 0.000000 0.000000 5.670732 2.317073
1272062 0 0.000000 0.000000 0.000000 0.121951 4.573171 2.256098
1272067 0 0.000000 0.000000 0.000000 0.365854 3.475610 2.195122
1272072 0 0.000000 0.000000 0.000000 0.609756 2.317073 2.195122
1272077 0 0.000000 0.000000 0.000000 0.914634 1.158537 2.134146
1272082 0 0.000000 0.000000 0.000000 1.219512 0.121951 1.829268
1272087 0 0.000000 0.000000 0.000000 1.097561 -0.731707 1.646341
1272092 0 0.000000 0.000000 0.000000 0.914634 -1.463415 1.524390
1272097 0 0.000000 0.000000 0.000000 1.097561 -2.012195 1.280488
1272102 0 0.000000 0.000000 0.000000 1.585366 -2.560976 0.853659
1272107 0 0.000000 0.000000 0.000000 1.768293 -3.292683 1.341463
1272112 0 0.000000 0.000000 0.000000 1.829268 -3.841464 1.219512
1272117 0 0.000000 0.000000 0.000000 2.073171 -4.573171 0.000000
1272122 0 0.000000 0.000000 0.000000 1.402439 -5.609756 -0.487805
1272127 0 0.000000 0.000000 0.000000 0.487805 -6.219512 0.487805
1272132 0 0.000000 0.000000 0.000000 0.243902 -6.036585 -0.060976
1272137 0 0.000000 0.000000 0.000000 0.487805 -5.975610 -1.097561
1272142 0 0.000000 0.000000 0.000000 0.182927 -5.487805 -0.975610
1272147 0 0.000000 0.000000 0.000000 0.060976 -4.634146 -0.975610
1272152 0 0.000000 0.000000 0.000000 0.121951 -3.780488 -1.158537
1272157 0 0.000000 0.000000 0.000000 0.182927 -3.109756 -1.280488
1272162 0 0.000000 0.000000 0.000000 0.121951 -2.682927 -1.829268
1272167 0 0.000000 0.000000 0.000000 -0.731707 -2.804878 -1.646341
1272172 0 0.000000 0.000000 0.000000 -1.707317 -1.829268 -1.219512
1272177 0 0.000000 0.000000 0.000000 -1.402439 -0.426829 -1.829268
1272182 0 0.000000 0.000000 0.000000 -1.707317 0.121951 -1.463415
1272187 0 0.000000 0.000000 0.000000 -0.731707 0.792683 -1.036585
1272192 0 0.000000 0.000000 0.000000 -1.036585 1.158537 -1.219512
1272197 0 0.000000 0.000000 0.000000 -1.280488 1.646341 -1.219512
1272202 0 0.000000 0.000000 0.000000 -1.707317 1.768293 -1.158537
1272207 0 0.000000 0.000000 0.000000 -1.646341 2.134146 -2.134146
1272212 0 0.000000 0.000000 0.000000 -2.682927 2.256098 -0.731707
1272217 0 0.000000 0.000000 0.000000 -2.926829 3.963415 -0.487805
1272222 0 0.000000 0.000000 0.000000 -2.134146 4.939024 -0.121951
1272227 0 0.000000 0.000000 0.000000 -1.219512 6.036585 -0.243902
1272232 0 0.000000 0.000000 0.000000 -0.731707 5.975610 0.121951
1272237 0 0.000000 0.000000 0.000000 -0.792683 5.548780 0.000000
1272242 0 0.000000 0.000000 0.000000 -0.914634 4.207317 0.548781
1272247 0 0.000000 0.000000 0.000000 -2.378049 3.109756 0.000000
1272252 0 0.000000 0.000000 0.000000 -2.560976 1.951220 0.000000
1272257 0 0.000000 0.000000 0.000000 -2.987805 1.707317 0.426829
1272262 0 0.000000 0.000000 0.000000 -2.378049 2.012195 0.487805
1272267 0 0.000000 0.000000 0.000000 -1.463415 1.829268 0.487805
1272272 0 0.000000 0.000000 0.000000 -1.341463 2.134146 1.097561
1272277 0 0.000000 0.000000 0.000000 -1.280488 2.378049 1.341463
1272282 0 0.000000 0.000000 0.000000 -0.853659 2.134146 1.219512
1272287 0 0.000000 0.000000 0.000000 -0.304878 1.524390 1.219512
1272292 0 0.000000 0.000000 0.000000 -0.365854 1.524390 1.402439
1272297 0 0.000000 0.000000 0.000000 -0.243902 1.463415 1.890244
1272302 0 0.000000 0.000000 0.000000 0.060976 0.853659 1.524390
1272307 0 0.000000 0.000000 0.000000 0.365854 0.000000 1.646341
1272312 0 0.000000 0.000000 0.000000 0.243902 -0.914634 1.402439
1272317 0 0.000000 0.000000 0.000000 0.792683 -2.621951 1.524390
1272322 0 0.000000 0.000000 0.000000 0.792683 -4.878049 1.585366
1272327 0 0.000000 0.000000 0.000000 0.914634 -7.804878 0.731707
1272332 0 0.000000 0.000000 0.000000 1.158537 -11.951220 0.548781
1272337 0 0.000000 0.000000 0.000000 0.000000 -15.121951 0.060976
1272342 0 0.000000 0.000000 0.000000 -1.219512 -16.158537 -0.426829
1272347 0 0.000000 0.000000 0.000000 -1.829268 -15.670732 -0.365854
1272352 0 0.000000 0.000000 0.000000 -1.219512 -13.597561 -0.121951
1272357 0 0.000000 0.000000 0.000000 -0.060976 -10.975610 0.304878
1272362 0 0.000000 0.000000 0.000000 1.707317 -8.353659 0.243902
1272367 0 0.000000 0.000000 0.000000 3.597561 -6.158537 0.243902
1272372 0 0.000000 0.000000 0.000000 3.414634 -4.329268 -0.182927
1272377 0 0.000000 0.000000 0.000000 2.378049 -2.560976 -0.304878
1272382 0 0.000000 0.000000 0.000000 1.585366 -1.097561 -0.243902
1272387 0 0.000000 0.000000 0.000000 1.890244 -0.609756 -0.365854
1272392 0 0.000000 0.000000 0.000000 1.890244 -0.426829 -0.121951
1272397 0 0.000000 0.000000 0.000000 1.585366 -0.548781 -1.036585
1272402 0 0.000000 0.000000 0.000000 1.646341 -1.585366 -1.219512
1272407 0 0.000000 0.000000 0.000000 1.036585 -2.500000 -0.426829
1272412 0 0.000000 0.000000 0.000000 0.792683 -3.414634 -1.280488
1272417 0 0.000000 0.000000 0.000000 0.792683 -4.817073 -2.073171
1272422 0 0.000000 0.000000 0.000000 0.243902 -5.975610 -1.524390
1272427 0 0.000000 0.000000 0.000000 -0.182927 -7.804878 -2.195122
1272432 0 0.000000 0.000000 0.000000 -0.975610 -10.548780 -2.500000
1272437 0 0.000000 0.000000 0.000000 -2.073171 -13.109756 -2.621951
1272442 0 0.000000 0.000000 0.000000 -3.048780 -15.426829 -2.865854
1272447 0 0.000000 0.000000 0.000000 -3.963415 -17.073172 -3.109756
1272452 0 0.000000 0.000000 0.000000 -4.756098 -16.707317 -3.353659
1272457 0 0.000000 0.000000 0.000000 -5.548780 -14.451220 -3.353659
1272462 0 0.000000 0.000000 0.000000 -5.060976 -11.524390 -3.170732
1272467 0 0.000000 0.000000 0.000000 -3.780488 -8.109756 -2.439024
1272472 0 0.000000 0.000000 0.000000 -2.560976 -4.451220 -1.890244
1272477 0 0.000000 0.000000 0.000000 -1.402439 -0.792683 -1.402439
1272482 0 0.000000 0.000000 0.000000 -0.304878 2.317073 -0.487805
1272487 0 0.000000 0.000000 0.000000 0.426829 4.512195 -0.182927
1272492 0 0.000000 0.000000 0.000000 0.914634 5.609756 -0.121951
1272497 0 0.000000 0.000000 0.000000 0.670732 5.670732 0.365854
1272502 0 0.000000 0.000000 0.000000 0.426829 5.304878 0.670732
1272507 0 0.000000 0.000000 0.000000 0.487805 4.390244 1.036585
1272512 0 0.000000 0.000000 0.000000 0.609756 2.682927 0.792683
1272517 0 0.000000 0.000000 0.000000 1.036585 1.219512 1.341463
1272522 0 0.000000 0.000000 0.000000 0.975610 -0.060976 1.402439
1272527 0 0.000000 0.000000 0.000000 0.975610 -1.463415 1.463415
1272532 0 0.000000 0.000000 0.000000 1.219512 -2.987805 2.195122
1272537 0 0.000000 0.000000 0.000000 1.402439 -4.634146 1.951220
1272542 0 0.000000 0.000000 0.000000 1.219512 -5.914634 1.707317
1272547 0 0.000000 0.000000 0.000000 0.731707 -7.012195 1.585366
1272552 0 0.000000 0.000000 0.000000 0.243902 -7.926829 1.158537
1272557 0 0.000000 0.000000 0.000000 0.121951 -8.597561 1.463415
1272562 0 0.000000 0.000000 0.000000 0.426829 -9.268292 1.219512
1272567 0 0.000000 0.000000 0.000000 0.609756 -9.451220 1.097561
1272572 0 0.000000 0.000000 0.000000 0.243902 -8.475610 0.914634
1272577 0 0.000000 0.000000 0.000000 0.182927 -6.890244 0.426829
1272582 0 0.000000 0.000000 0.000000 0.609756 -5.121951 0.609756
1272587 0 0.000000 0.000000 0.000000 1.402439 -3.109756 0.548781
1272592 0 0.000000 0.000000 0.000000 2.073171 -0.792683 0.914634
1272597 0 0.000000 0.000000 0.000000 2.378049 1.036585 1.280488
1272602 0 0.000000 0.000000 0.000000 3.353659 1.768293 0.365854
1272607 0 0.000000 0.000000 0.000000 4.451220 1.341463 0.182927
1272612 0 0.000000 0.000000 0.000000 4.085366 1.158537 0.853659
1272617 0 0.000000 0.000000 0.000000 3.414634 1.219512 1.158537
1272622 0 0.000000 0.000000 0.000000 2.378049 0.792683 0.975610
1272627 0 0.000000 0.000000 0.000000 1.890244 -0.487805 1.158537
1272632 0 0.000000 0.000000 0.000000 1.341463 -1.463415 0.914634
1272637 0 0.000000 0.000000 0.000000 1.341463 -2.987805 0.670732
1272642 0 0.000000 0.000000 0.000000 1.097561 -4.756098 0.914634
1272647 0 0.000000 0.000000 0.000000 0.487805 -5.548780 1.036585
1272652 0 0.000000 0.000000 0.000000 0.304878 -6.219512 0.548781
1272657 0 0.000000 0.000000 0.000000 0.304878 -6.951220 0.182927
1272662 0 0.000000 0.000000 0.000000 0.243902 -7.317073 -0.365854
1272667 0 0.000000 0.000000 0.000000 0.731707 -7.073171 -1.097561
1272672 0 0.000000 0.000000 0.000000 1.707317 -5.975610 -0.975610
1272677 0 0.000000 0.000000 0.000000 2.987805 -4.024390 -0.609756
1272682 0 0.000000 0.000000 0.000000 4.817073 -1.951220 -0.548781
1272687 0 0.000000 0.000000 0.000000 5.792683 -0.365854 0.000000
1272692 0 0.000000 0.000000 0.000000 5.426829 1.158537 -0.060976
1272697 0 0.000000 0.000000 0.000000 4.817073 2.195122 0.000000
1272702 0 0.000000 0.000000 0.000000 3.536585 2.560976 0.243902
1272707 0 0.000000 0.000000 0.000000 2.317073 2.926829 0.304878
1272712 0 0.000000 0.000000 0.000000 0.975610 2.865854 0.670732
1272717 0 0.000000 0.000000 0.000000 0.304878 2.560976 0.548781
1272722 0 0.000000 0.000000 0.000000 0.182927 2.500000 1.097561
1272727 0 0.000000 0.000000 0.000000 0.060976 2.560976 0.670732
1272732 0 0.000000 0.000000 0.000000 0.000000 2.134146 0.182927
1272737 0 0.000000 0.000000 0.000000 -0.304878 1.463415 0.060976
1272742 0 0.000000 0.000000 0.000000 -0.304878 0.548781 0.000000
1272747 0 0.000000 0.000000 0.000000 -0.609756 0.121951 0.060976
1272752 0 0.000000 0.000000 0.000000 -0.853659 -0.243902 -0.365854
1272757 0 0.000000 0.000000 0.000000 -0.487805 -1.158537 -0.487805
1272762 0 0.000000 0.000000 0.000000 -0.426829 -1.768293 -0.365854
1272767 0 0.000000 0.000000 0.000000 -0.365854 -2.256098 -0.914634
1272772 0 0.000000 0.000000 0.000000 0.060976 -2.743902 -0.609756
1272777 0 0.000000 0.000000 0.000000 0.121951 -2.439024 -0.548781
1272782 0 0.000000 0.000000 0.000000 0.731707 -2.195122 -1.036585
1272787 0 0.000000 0.000000 0.000000 1.402439 -2.012195 -0.426829
1272792 0 0.000000 0.000000 0.000000 1.036585 -1.402439 0.000000
1272797 0 0.000000 0.000000 0.000000 0.365854 -0.487805 0.000000
1272802 0 0.000000 0.000000 0.000000 0.243902 -0.121951 0.243902
1272807 0 0.000000 0.000000 0.000000 0.243902 0.243902 0.304878
1272812 0 0.000000 0.000000 0.000000 0.182927 0.731707 0.609756
1272817 0 0.000000 0.000000 0.000000 0.792683 0.914634 0.731707
1272822 0 0.000000 0.000000 0.000000 1.158537 1.097561 0.792683
1272827 0 0.000000 0.000000 0.000000 1.219512 0.853659 0.914634
1272832 0 0.000000 0.000000 0.000000 1.036585 0.182927 0.914634
1272837 0 0.000000 0.000000 0.000000 0.975610 -0.243902 0.975610
1272842 0 0.000000 0.000000 0.000000 1.097561 -1.158537 0.487805
1272847 0 0.000000 0.000000 0.000000 0.792683 -2.621951 0.731707
1272852 0 0.000000 0.000000 0.000000 0.060976 -3.475610 0.792683
1272857 0 0.000000 0.000000 0.000000 0.000000 -4.329268 0.060976
1272862 0 0.000000 0.000000 0.000000 -0.243902 -5.365854 0.304878
1272867 0 0.000000 0.000000 0.000000 -0.487805 -5.670732 0.243902
1272872 0 0.000000 0.000000 0.000000 -0.365854 -5.365854 -0.060976
1272877 0 0.000000 0.000000 0.000000 -0.609756 -4.451220 0.182927
1272882 0 0.000000 0.000000 0.000000 -0.731707 -3.170732 0.060976
1272887 0 0.000000 0.000000 0.000000 -0.426829 -1.829268 0.121951
1272892 0 0.000000 0.000000 0.000000 0.304878 -0.548781 0.182927
1272897 0 0.000000 0.000000 0.000000 0.670732 0.609756 0.000000
1272902 0 0.000000 0.000000 0.000000 0.548781 1.402439 0.182927
1272907 0 0.000000 0.000000 0.000000 0.731707 1.524390 0.243902
1272912 0 0.000000 0.000000 0.000000 0.182927 1.707317 -0.060976
1272917 0 0.000000 0.000000 0.000000 -0.182927 1.280488 -0.365854
1272922 1 0.000000 0.000000 0.000000 -0.365854 0.914634 -0.670732
1272927 1 0.000000 0.000000 0.000000 -0.853659 0.670732 -0.487805
1272932 2 0.000000 0.000000 0.000000 -1.219512 0.365854 -0.548781
1272937 3 0.000000 0.000000 0.000000 -1.524390 0.609756 -0.792683
1272942 3 0.000000 0.000000 0.000000 -1.829268 1.402439 -0.975610
1272947 3 0.000000 0.000000 0.000000 -1.402439 2.073171 -0.792683
1272952 3 0.000000 0.000000 0.000000 -1.646341 2.621951 -0.121951
1272957 3 0.000000 0.000000 0.000000 -2.073171 3.597561 -0.243902
1272962 4 0.000000 0.000000 0.000000 -1.585366 4.085366 0.182927
1272967 4 0.000000 0.000000 0.000000 -0.914634 4.268293 0.182927
1272972 4 0.000000 0.000000 0.000000 -0.487805 4.146341 0.243902
1272977 4 0.000000 0.000000 0.000000 -0.792683 3.841464 0.670732
1272982 4 0.000000 0.000000 0.000000 -1.036585 3.170732 0.792683
1272987 4 0.000000 0.000000 0.000000 -1.219512 2.317073 0.243902
1272992 4 0.000000 0.000000 0.000000 -1.219512 2.073171 0.243902
1272997 4 0.000000 0.000000 0.000000 -0.975610 1.707317 0.000000
1273002 4 0.000000 0.000000 0.000000 -0.487805 1.402439 0.000000
1273007 4 0.000000 0.000000 0.000000 -0.121951 0.975610 -0.121951
1273012 4 0.000000 0.000000 0.000000 -0.243902 0.487805 -0.182927
1273017 4 0.000000 0.000000 0.000000 -0.365854 0.000000 0.243902
1273022 4 0.000000 0.000000 0.000000 0.000000 -0.426829 0.060976
1273027 4 0.000000 0.000000 0.000000 0.243902 -1.402439 -0.365854
1273032 4 0.000000 0.000000 0.000000 0.000000 -2.378049 -0.243902
1273037 4 0.000000 0.000000 0.000000 -0.426829 -3.048780 -0.365854
1273042 4 0.000000 0.000000 0.000000 -0.731707 -3.658537 -0.548781
1273047 4 0.000000 0.000000 0.000000 -0.731707 -4.146341 -0.670732
1273052 4 0.000000 0.000000 0.000000 -1.036585 -4.268293 -0.853659
1273057 4 0.000000 0.000000 0.000000 -1.463415 -3.658537 -0.670732
1273062 4 0.000000 0.000000 0.000000 -1.646341 -2.560976 -0.670732
1273067 4 0.000000 0.000000 0.000000 -0.914634 -1.524390 -0.975610
1273072 5 0.000000 0.000000 0.000000 -0.182927 -0.182927 -0.853659
1273077 5 0.000000 0.000000 0.000000 0.121951 0.914634 -0.853659
1273082 6 0.000000 0.000000 0.000000 0.121951 1.707317 -1.036585
1273087 6 0.000000 0.000000 0.000000 0.365854 2.134146 -1.585366
1273092 6 0.000000 0.000000 0.000000 0.731707 2.012195 -1.951220
1273097 6 0.000000 0.000000 0.000000 0.304878 2.073171 -1.036585
1273102 6 0.000000 0.000000 0.000000 -0.670732 2.317073 -0.609756
1273107 6 0.000000 0.000000 0.000000 -1.158537 2.743902 -0.365854
1273112 6 0.000000 0.000000 0.000000 -1.036585 3.414634 -0.182927
1273117 6 0.000000 0.000000 0.000000 -0.548781 3.658537 -0.243902
1273122 6 0.000000 0.000000 0.000000 0.243902 3.292683 -0.365854
1273127 6 0.000000 0.000000 0.000000 0.609756 2.926829 -0.182927
1273132 7 0.000000 0.000000 0.000000 0.365854 2.317073 -0.243902
1273137 7 0.000000 0.000000 0.000000 0.121951 1.524390 -0.426829
1273142 8 0.000000 0.000000 0.000000 0.000000 1.036585 -0.426829
1273147 8 0.000000 0.000000 0.000000 -0.365854 0.243902 -0.304878
1273152 8 0.000000 0.000000 0.000000 -0.304878 -0.853659 -0.548781
1273157 9 0.000000 0.000000 0.000000 0.060976 -2.012195 -0.853659
1273162 9 0.000000 0.000000 0.000000 -0.121951 -3.170732 -1.036585
1273167 9 0.000000 0.000000 0.000000 -1.280488 -4.268293 -1.097561
1273172 9 0.000000 0.000000 0.000000 -1.402439 -5.000000 -0.914634
1273177 10 0.000000 0.000000 0.000000 -1.219512 -5.243903 -0.975610
1273182 10 0.000000 0.000000 0.000000 -1.280488 -4.939024 -0.609756
1273187 10 0.000000 0.000000 0.000000 -1.463415 -4.085366 -0.548781
1273192 10 0.000000 0.000000 0.000000 -1.280488 -3.048780 -1.036585
1273197 10 0.000000 0.000000 0.000000 -0.487805 -2.195122 -1.219512
1273202 10 0.000000 0.000000 0.000000 0.060976 -1.341463 -0.975610
1273207 10 0.000000 0.000000 0.000000 -0.304878 0.000000 -0.731707
1273212 10 0.000000 0.000000 0.000000 -0.548781 1.341463 -0.609756
1273217 11 0.000000 0.000000 0.000000 -0.182927 2.439024 -0.609756
1273222 11 0.000000 0.000000 0.000000 0.182927 3.048780 -0.365854
1273227 11 0.000000 0.000000 0.000000 0.670732 3.475610 -0.121951
1273232 11 0.000000 0.000000 0.000000 1.585366 3.719512 0.060976
1273237 11 0.000000 0.000000 0.000000 2.073171 3.292683 0.182927
1273242 11 0.000000 0.000000 0.000000 1.036585 2.439024 0.304878
1273247 11 0.000000 0.000000 0.000000 0.060976 1.524390 0.670732
1273252 11 0.000000 0.000000 0.000000 0.548781 1.585366 0.731707
1273257 11 0.000000 0.000000 0.000000 1.646341 0.853659 0.670732
1273262 11 0.000000 0.000000 0.000000 2.378049 -0.243902 0.121951
1273267 11 0.000000 0.000000 0.000000 1.890244 -2.378049 -0.182927
1273272 12 0.000000 0.000000 0.000000 1.036585 -5.060976 0.060976
1273277 12 0.000000 0.000000 0.000000 0.975610 -7.317073 0.182927
1273282 12 0.000000 0.000000 0.000000 0.975610 -8.475610 -0.182927
1273287 12 0.000000 0.000000 0.000000 0.609756 -9.146341 -0.426829
1273292 13 0.000000 0.000000 0.000000 -0.060976 -9.146341 -0.609756
1273297 13 0.000000 0.000000 0.000000 -0.426829 -8.719512 -0.609756
1273302 13 0.000000 0.000000 0.000000 0.243902 -7.926829 -0.365854
1273307 13 0.000000 0.000000 0.000000 0.914634 -6.402439 -0.243902
1273312 14 0.000000 0.000000 0.000000 0.182927 -4.512195 -0.060976
1273317 14 0.000000 0.000000 0.000000 -0.609756 -2.256098 0.365854
1273322 14 0.000000 0.000000 0.000000 -0.426829 0.182927 0.426829
1273327 14 0.000000 0.000000 0.000000 0.487805 2.804878 0.243902
1273332 15 0.000000 0.000000 0.000000 1.036585 4.451220 0.243902
1273337 15 0.000000 0.000000 0.000000 1.158537 5.000000 0.243902
1273342 15 0.000000 0.000000 0.000000 0.731707 5.426829 -0.182927
1273347 15 0.000000 0.000000 0.000000 -0.060976 5.487805 -0.243902
1273352 16 0.000000 0.000000 0.000000 -0.182927 5.060976 0.182927
1273357 17 0.000000 0.000000 0.000000 -0.548781 4.146341 0.548781
1273362 17 0.000000 0.000000 0.000000 -0.243902 2.804878 0.548781
1273367 17 0.000000 0.000000 0.000000 -0.060976 1.768293 0.548781
1273372 17 0.000000 0.000000 0.000000 -0.121951 1.402439 0.000000
1273377 17 0.000000 0.000000 0.000000 0.000000 0.548781 -0.304878
1273382 18 0.000000 0.000000 0.000000 -0.060976 -0.426829 -0.182927
1273387 18 0.000000 0.000000 0.000000 -0.487805 -1.036585 -0.182927
1273392 18 0.000000 0.000000 0.000000 -1.646341 -2.317073 0.060976
1273397 18 0.000000 0.000000 0.000000 -1.463415 -4.024390 0.121951
1273402 19 0.000000 0.000000 0.000000 -0.853659 -4.756098 -0.304878
1273407 19 0.000000 0.000000 0.000000 -0.182927 -5.182927 0.121951
1273412 20 0.000000 0.000000 0.000000 -0.060976 -4.329268 0.609756
1273417 20 0.000000 0.000000 0.000000 0.304878 -3.475610 0.426829
1273422 20 0.000000 0.000000 0.000000 0.548781 -2.926829 0.000000
1273427 20 0.000000 0.000000 0.000000 0.365854 -2.926829 0.121951
1273432 21 0.000000 0.000000 0.000000 0.060976 -2.743902 0.243902
1273437 21 0.000000 0.000000 0.000000 1.097561 -2.621951 0.609756
1273442 21 0.000000 0.000000 0.000000 1.524390 -3.170732 0.670732
1273447 21 0.000000 0.000000 0.000000 0.304878 -3.414634 0.487805
1273452 21 0.000000 0.000000 0.000000 -0.609756 -2.865854 0.975610
1273457 21 0.000000 0.000000 0.000000 -0.060976 -1.463415 0.975610
1273462 21 0.000000 0.000000 0.000000 0.731707 -0.487805 1.219512
1273467 22 0.000000 0.000000 0.000000 1.158537 0.853659 1.341463
1273472 22 0.000000 0.000000 0.000000 2.073171 0.487805 1.524390
1273477 22 0.000000 0.000000 0.000000 2.256098 -0.182927 0.670732
1273482 22 0.000000 0.000000 0.000000 1.890244 -0.914634 0.243902
1273487 22 0.000000 0.000000 0.000000 2.378049 -1.219512 -0.060976
1273492 22 0.000000 0.000000 0.000000 2.134146 -1.707317 -0.243902
1273497 22 0.000000 0.000000 0.000000 1.524390 -2.073171 0.060976
1273502 22 0.000000 0.000000 0.000000 0.426829 -2.804878 0.548781
1273507 23 0.000000 0.000000 0.000000 0.426829 -3.475610 0.914634
1273512 23 0.000000 0.000000 0.000000 1.280488 -3.353659 0.304878
1273517 23 0.000000 0.000000 0.000000 0.487805 -3.170732 -0.548781
1273522 23 0.000000 0.000000 0.000000 -0.914634 -2.804878 -0.548781
1273527 23 0.000000 0.000000 0.000000 -1.890244 -1.341463 -0.182927
1273532 23 0.000000 0.000000 0.000000 -1.402439 0.243902 0.609756
1273537 23 0.000000 0.000000 0.000000 -0.182927 1.158537 0.000000
1273542 23 0.000000 0.000000 0.000000 -0.365854 1.707317 -1.890244
1273547 24 0.000000 0.000000 0.000000 -1.402439 2.195122 -1.280488
1273552 24 0.000000 0.000000 0.000000 -1.829268 1.463415 0.914634
1273557 24 0.000000 0.000000 0.000000 -1.463415 1.524390 2.134146
1273562 24 0.000000 0.000000 0.000000 -1.280488 2.926829 0.182927
1273567 25 0.000000 0.000000 0.000000 -1.097561 3.658537 -0.487805
1273572 25 0.000000 0.000000 0.000000 -1.158537 3.170732 0.000000
1273577 25 0.000000 0.000000 0.000000 -0.792683 1.829268 0.365854
1273582 25 0.000000 0.000000 0.000000 -2.500000 0.914634 1.463415
1273587 25 0.000000 0.000000 0.000000 -4.329268 2.439024 1.707317
1273592 25 0.000000 0.000000 0.000000 -4.817073 4.146341 0.182927
1273597 25 0.000000 0.000000 0.000000 -5.243903 4.146341 0.000000
1273602 25 0.000000 0.000000 0.000000 -4.695122 4.085366 1.402439
1273607 26 0.000000 0.000000 0.000000 -4.939024 3.963415 1.707317
1273612 26 0.000000 0.000000 0.000000 -4.024390 4.268293 0.914634
1273617 26 0.000000 0.000000 0.000000 -3.048780 4.146341 0.487805
1273622 26 0.000000 0.000000 0.000000 -0.609756 2.682927 0.487805
1273627 26 0.000000 0.000000 0.000000 1.890244 0.609756 -0.121951
1273632 26 0.000000 0.000000 0.000000 1.951220 0.000000 -1.219512
1273637 26 0.000000 0.000000 0.000000 0.670732 0.731707 -1.097561
1273642 26 0.000000 0.000000 0.000000 -1.280488 0.853659 -0.304878
1273647 26 0.000000 0.000000 0.000000 -1.707317 -0.365854 -0.365854
1273652 26 0.000000 0.000000 0.000000 -1.707317 -1.646341 -1.280488
1273657 26 0.000000 0.000000 0.000000 -1.707317 -1.341463 -1.463415
1273662 26 0.000000 0.000000 0.000000 -2.500000 0.243902 -1.036585
1273667 26 0.000000 0.000000 0.000000 -2.804878 1.097561 -0.365854
1273672 26 0.000000 0.000000 0.000000 -1.341463 0.060976 0.548781
1273677 26 0.000000 0.000000 0.000000 -1.707317 -0.487805 1.402439
1273682 26 0.000000 0.000000 0.000000 -0.670732 0.060976 1.158537
1273687 26 0.000000 0.000000 0.000000 0.487805 -0.060976 0.182927
1273692 26 0.000000 0.000000 0.000000 -0.182927 -1.829268 0.365854
1273697 26 0.000000 0.000000 0.000000 -0.243902 -3.353659 0.487805
1273702 26 0.000000 0.000000 0.000000 -0.670732 -5.304878 1.585366
1273707 26 0.000000 0.000000 0.000000 -0.487805 -4.024390 1.463415
1273712 26 0.000000 0.000000 0.000000 -0.670732 -1.341463 1.463415
1273717 26 0.000000 0.000000 0.000000 -0.609756 -1.097561 2.621951
1273722 26 0.000000 0.000000 0.000000 0.426829 0.914634 1.402439
1273727 26 0.000000 0.000000 0.000000 0.853659 2.012195 0.182927
1273732 26 0.000000 0.000000 0.000000 1.097561 0.609756 0.060976
1273737 26 0.000000 0.000000 0.000000 0.000000 -1.219512 2.012195
1273742 26 0.000000 0.000000 0.000000 0.000000 -1.219512 3.292683
1273747 26 0.000000 0.000000 0.000000 1.829268 0.792683 1.280488
1273752 26 0.000000 0.000000 0.000000 2.195122 0.853659 -1.463415
1273757 26 0.000000 0.000000 0.000000 0.365854 -0.609756 -1.646341
1273762 26 0.000000 0.000000 0.000000 -0.609756 -5.121951 0.731707
1273767 26 0.000000 0.000000 0.000000 -0.487805 -7.987805 2.500000
1273772 26 0.000000 0.000000 0.000000 -1.768293 -6.341464 1.768293
1273777 26 0.000000 0.000000 0.000000 -2.317073 -6.219512 2.195122
1273782 26 0.000000 0.000000 0.000000 -1.341463 -6.158537 1.951220
1273787 26 0.000000 0.000000 0.000000 -0.060976 -4.695122 -0.853659
1273792 26 0.000000 0.000000 0.000000 0.365854 -4.634146 -2.134146
1273797 26 0.000000 0.000000 0.000000 -0.731707 -4.146341 -1.219512
1273802 26 0.000000 0.000000 0.000000 -2.195122 -3.963415 0.609756
1273807 26 0.000000 0.000000 0.000000 -1.951220 -3.414634 1.890244
1273812 26 0.000000 0.000000 0.000000 -0.853659 -0.792683 0.182927
1273817 26 0.000000 0.000000 0.000000 -1.585366 1.097561 -1.280488
1273822 26 0.000000 0.000000 0.000000 -0.975610 1.097561 -1.829268
1273827 26 0.000000 0.000000 0.000000 -0.182927 0.914634 -1.402439
1273832 26 0.000000 0.000000 0.000000 -1.463415 0.853659 0.304878
1273837 26 0.000000 0.000000 0.000000 -1.951220 1.158537 1.524390
1273842 26 0.000000 0.000000 0.000000 -1.402439 0.853659 0.975610
1273847 26 0.000000 0.000000 0.000000 -0.914634 1.646341 -0.304878
1273852 26 0.000000 0.000000 0.000000 1.463415 1.219512 -1.219512
1273857 26 0.000000 0.000000 0.000000 3.353659 0.670732 -0.609756
1273862 26 0.000000 0.000000 0.000000 2.256098 1.707317 0.121951
1273867 26 0.000000 0.000000 0.000000 2.560976 2.134146 0.792683
1273872 26 0.000000 0.000000 0.000000 4.878049 2.317073 0.426829
1273877 26 0.000000 0.000000 0.000000 6.219512 3.170732 -0.060976
1273882 26 0.000000 0.000000 0.000000 7.926829 2.317073 -0.182927
1273887 26 0.000000 0.000000 0.000000 7.804878 1.158537 -0.487805
1273892 26 0.000000 0.000000 0.000000 6.585366 1.341463 -1.341463
1273897 26 0.000000 0.000000 0.000000 6.646342 0.487805 -1.585366
1273902 26 0.000000 0.000000 0.000000 5.243903 -0.792683 -0.548781
1273907 26 0.000000 0.000000 0.000000 1.219512 -1.646341 -0.426829
1273912 26 0.000000 0.000000 0.000000 0.304878 -3.536585 0.243902
1273917 26 0.000000 0.000000 0.000000 -0.548781 -4.085366 -0.060976
1273922 26 0.000000 0.000000 0.000000 -2.560976 -3.414634 -0.304878
1273927 26 0.000000 0.000000 0.000000 -3.109756 -2.865854 -0.060976
1273932 26 0.000000 0.000000 0.000000 -3.414634 -1.402439 -0.365854
1273937 26 0.000000 0.000000 0.000000 -3.780488 0.182927 -1.463415
1273942 26 0.000000 0.000000 0.000000 -1.707317 -0.182927 -1.951220
1273947 26 0.000000 0.000000 0.000000 -0.731707 0.000000 0.000000
1273952 26 0.000000 0.000000 0.000000 -1.219512 0.731707 0.792683
1273957 26 0.000000 0.000000 0.000000 -0.975610 0.365854 0.731707
1273962 26 0.000000 0.000000 0.000000 -1.097561 -0.304878 0.121951
1273967 26 0.000000 0.000000 0.000000 0.609756 -1.097561 -0.670732
1273972 26 0.000000 0.000000 0.000000 3.048780 -2.134146 -1.585366
1273977 26 0.000000 0.000000 0.000000 2.256098 -2.317073 -2.073171
1273982 26 0.000000 0.000000 0.000000 0.792683 -2.926829 -1.524390
1273987 26 0.000000 0.000000 0.000000 0.914634 -3.658537 -1.097561
1273992 26 0.000000 0.000000 0.000000 0.548781 -4.146341 -0.853659
1273997 26 0.000000 0.000000 0.000000 1.646341 -4.573171 -1.402439
1274002 26 0.000000 0.000000 0.000000 2.256098 -3.597561 -2.256098
1274007 26 0.000000 0.000000 0.000000 1.158537 -3.109756 -1.219512
1274012 26 0.000000 0.000000 0.000000 -0.670732 -2.743902 -0.670732
1274017 26 0.000000 0.000000 0.000000 -0.243902 -2.012195 0.243902
1274022 26 0.000000 0.000000 0.000000 1.524390 0.000000 0.792683
1274027 26 0.000000 0.000000 0.000000 2.195122 2.012195 0.000000
1274032 26 0.000000 0.000000 0.000000 2.195122 1.768293 -0.670732
1274037 26 0.000000 0.000000 0.000000 3.353659 -0.792683 -0.060976
1274042 26 0.000000 0.000000 0.000000 2.743902 -1.524390 0.243902
1274047 26 0.000000 0.000000 0.000000 2.317073 -2.073171 0.060976
1274052 26 0.000000 0.000000 0.000000 1.829268 -0.975610 -0.487805
1274057 26 0.000000 0.000000 0.000000 0.609756 -0.243902 -0.182927
1274062 26 0.000000 0.000000 0.000000 -1.341463 -2.012195 1.280488
1274067 26 0.000000 0.000000 0.000000 -2.256098 -2.987805 1.951220
1274072 26 0.000000 0.000000 0.000000 0.731707 -2.682927 0.914634
1274077 26 0.000000 0.000000 0.000000 -0.365854 -3.475610 -0.426829
1274082 26 0.000000 0.000000 0.000000 -2.378049 -3.902439 -0.853659
1274087 26 0.000000 0.000000 0.000000 -0.670732 -4.207317 -0.487805
1274092 26 0.000000 0.000000 0.000000 0.487805 -2.743902 -0.365854
1274097 26 0.000000 0.000000 0.000000 2.804878 -1.219512 -0.731707
1274102 26 0.000000 0.000000 0.000000 5.060976 -0.060976 -1.585366
1274107 26 0.000000 0.000000 0.000000 4.756098 2.012195 -0.548781
1274112 26 0.000000 0.000000 0.000000 3.658537 4.207317 0.487805
1274117 26 0.000000 0.000000 0.000000 3.841464 5.060976 -1.280488
1274122 26 0.000000 0.000000 0.000000 4.329268 6.219512 -1.707317
1274127 26 0.000000 0.000000 0.000000 4.329268 8.048780 0.243902
1274132 26 0.000000 0.000000 0.000000 5.792683 10.731708 0.670732
1274137 26 0.000000 0.000000 0.000000 6.890244 11.402439 0.121951
1274142 26 0.000000 0.000000 0.000000 6.097561 11.097561 -0.121951
1274147 26 0.000000 0.000000 0.000000 5.487805 8.292683 0.060976
1274152 26 0.000000 0.000000 0.000000 4.573171 6.219512 -1.646341
1274157 26 0.000000 0.000000 0.000000 2.926829 4.329268 -2.439024
1274162 26 0.000000 0.000000 0.000000 1.951220 0.914634 -1.097561
1274167 26 0.000000 0.000000 0.000000 0.731707 -2.378049 0.365854
1274172 26 0.000000 0.000000 0.000000 0.548781 -2.500000 1.280488
1274177 26 0.000000 0.000000 0.000000 0.243902 -1.036585 -0.243902
1274182 26 0.000000 0.000000 0.000000 -0.792683 -0.792683 -1.951220
1274187 26 0.000000 0.000000 0.000000 -2.926829 -2.134146 -1.890244
1274192 26 0.000000 0.000000 0.000000 -6.341464 -4.024390 -1.158537
1274197 26 0.000000 0.000000 0.000000 -5.548780 -5.975610 -1.158537
1274202 26 0.000000 0.000000 0.000000 -2.743902 -6.219512 -2.073171
1274207 26 0.000000 0.000000 0.000000 -3.963415 -4.573171 -1.951220
1274212 26 0.000000 0.000000 0.000000 -3.475610 -5.243903 -1.829268
1274217 26 0.000000 0.000000 0.000000 -4.939024 -5.609756 -0.365854
1274222 26 0.000000 0.000000 0.000000 -7.621952 -4.817073 1.585366
1274227 26 0.000000 0.000000 0.000000 -4.085366 -3.353659 1.524390
1274232 26 0.000000 0.000000 0.000000 0.060976 -2.317073 -0.426829
1274237 26 0.000000 0.000000 0.000000 -0.304878 -2.012195 -0.609756
1274242 26 0.000000 0.000000 0.000000 0.975610 -3.597561 -0.243902
1274247 26 0.000000 0.000000 0.000000 2.012195 -3.292683 -1.219512
1274252 26 0.000000 0.000000 0.000000 1.829268 -2.926829 0.060976
1274257 26 0.000000 0.000000 0.000000 2.926829 -4.695122 1.341463
1274262 26 0.000000 0.000000 0.000000 2.743902 -3.902439 0.792683
1274267 26 0.000000 0.000000 0.000000 1.341463 -3.658537 -0.121951
1274272 26 0.000000 0.000000 0.000000 0.853659 -4.939024 0.182927
1274277 26 0.000000 0.000000 0.000000 1.219512 -6.219512 -0.792683
1274282 26 0.000000 0.000000 0.000000 0.609756 -5.975610 -2.500000
1274287 26 0.000000 0.000000 0.000000 -2.621951 -2.865854 -2.012195
1274292 26 0.000000 0.000000 0.000000 -2.926829 -1.524390 -0.792683
1274297 26 0.000000 0.000000 0.000000 -2.256098 -0.792683 0.000000
1274302 26 0.000000 0.000000 0.000000 -4.390244 1.036585 -0.243902
1274307 26 0.000000 0.000000 0.000000 -4.085366 3.048780 -0.426829
1274312 26 0.000000 0.000000 0.000000 -4.268293 3.597561 -0.182927
1274317 26 0.000000 0.000000 0.000000 -6.219512 4.451220 1.707317
1274322 26 0.000000 0.000000 0.000000 -4.878049 5.609756 2.926829
1274327 26 0.000000 0.000000 0.000000 -2.439024 5.975610 2.378049
1274332 26 0.000000 0.000000 0.000000 -2.317073 7.134147 1.829268
1274337 26 0.000000 0.000000 0.000000 -1.280488 7.865854 2.743902
1274342 26 0.000000 0.000000 0.000000 1.585366 6.341464 2.134146
1274347 26 0.000000 0.000000 0.000000 1.890244 3.536585 0.304878
1274352 26 0.000000 0.000000 0.000000 0.914634 0.731707 -0.609756
1274357 26 0.000000 0.000000 0.000000 2.256098 -1.524390 -1.097561
1274362 26 0.000000 0.000000 0.000000 2.743902 -2.317073 -1.585366
1274367 26 0.000000 0.000000 0.000000 1.890244 -2.987805 -1.158537
1274372 26 0.000000 0.000000 0.000000 3.597561 -4.695122 -0.365854
1274377 26 0.000000 0.000000 0.000000 4.329268 -6.341464 -1.829268
1274382 26 0.000000 0.000000 0.000000 4.268293 -7.439024 -3.048780
1274387 26 0.000000 0.000000 0.000000 2.317073 -6.890244 -2.560976
1274392 26 0.000000 0.000000 0.000000 1.829268 -6.280488 -2.439024
1274397 26 0.000000 0.000000 0.000000 1.768293 -6.890244 -1.951220
1274402 26 0.000000 0.000000 0.000000 -0.060976 -6.097561 -0.792683
1274407 26 0.000000 0.000000 0.000000 -1.890244 -5.121951 -0.304878
1274412 26 0.000000 0.000000 0.000000 -2.439024 -3.658537 -0.609756
1274417 26 0.000000 0.000000 0.000000 -1.097561 -3.048780 -0.487805
1274422 26 0.000000 0.000000 0.000000 -1.097561 -2.256098 -1.036585
1274427 26 0.000000 0.000000 0.000000 -1.829268 -0.487805 -0.792683
1274432 26 0.000000 0.000000 0.000000 -1.158537 0.304878 0.487805
1274437 26 0.000000 0.000000 0.000000 -2.560976 1.280488 0.792683
1274442 26 0.000000 0.000000 0.000000 -4.817073 1.829268 0.365854
1274447 26 0.000000 0.000000 0.000000 -5.548780 1.890244 0.060976
1274452 26 0.000000 0.000000 0.000000 -2.926829 1.524390 -0.548781
1274457 26 0.000000 0.000000 0.000000 0.548781 1.097561 -0.975610
1274462 26 0.000000 0.000000 0.000000 2.256098 0.853659 -0.365854
1274467 26 0.000000 0.000000 0.000000 1.829268 1.158537 0.304878
1274472 26 0.000000 0.000000 0.000000 0.304878 1.524390 -0.243902
1274477 26 0.000000 0.000000 0.000000 1.280488 0.975610 -0.670732
1274482 26 0.000000 0.000000 0.000000 1.829268 -0.853659 0.365854
1274487 26 0.000000 0.000000 0.000000 1.585366 -2.926829 0.426829
1274492 26 0.000000 0.000000 0.000000 3.231707 -4.573171 -1.341463
1274497 26 0.000000 0.000000 0.000000 3.902439 -5.365854 -1.585366
1274502 26 0.000000 0.000000 0.000000 4.695122 -5.975610 -0.182927
1274507 26 0.000000 0.000000 0.000000 4.939024 -5.914634 -0.853659
1274512 26 0.000000 0.000000 0.000000 4.695122 -6.585366 -1.768293
1274517 26 0.000000 0.000000 0.000000 3.841464 -5.670732 -2.012195
1274522 26 0.000000 0.000000 0.000000 3.841464 -6.341464 -2.560976
1274527 26 0.000000 0.000000 0.000000 3.597561 -7.682927 -3.597561
1274532 26 0.000000 0.000000 0.000000 4.146341 -7.926829 -5.121951
1274537 26 0.000000 0.000000 0.000000 6.951220 -7.134147 -7.500000
1274542 26 0.000000 0.000000 0.000000 10.853659 -7.317073 -8.353659
1274547 26 0.000000 0.000000 0.000000 16.402439 -9.085366 -7.317073
1274552 26 0.000000 0.000000 0.000000 22.134148 -9.512196 -10.121951
1274557 26 0.000000 0.000000 0.000000 27.926830 -9.085366 -16.951220
1274562 26 0.000000 0.000000 0.000000 30.365854 -7.743903 -25.121952
1274567 26 0.000000 0.000000 0.000000 31.768293 -7.378049 -33.780487
1274572 26 0.000000 0.000000 0.000000 28.658537 -6.463415 -42.073174
1274577 26 0.000000 0.000000 0.000000 18.353659 -3.048780 -48.475613
1274582 26 0.000000 0.000000 0.000000 8.353659 1.036585 -52.317074
1274587 26 0.000000 0.000000 0.000000 -2.012195 -0.609756 -53.597561
1274592 26 0.000000 0.000000 0.000000 -10.304878 -7.682927 -55.365856
1274597 26 0.000000 0.000000 0.000000 -13.963415 -12.560976 -55.975613
1274602 26 0.000000 0.000000 0.000000 -15.975610 -16.524391 -55.304878
1274607 26 0.000000 0.000000 0.000000 -20.243902 -20.365854 -52.804878
1274612 26 0.000000 0.000000 0.000000 -30.975611 -21.829269 -50.000000
1274617 26 0.000000 0.000000 0.000000 -30.304878 -14.878049 -47.012196
1274622 26 0.000000 0.000000 0.000000 -16.768293 -2.865854 -45.609756
1274627 26 0.000000 0.000000 0.000000 -9.695122 4.451220 -45.487804
1274632 26 0.000000 0.000000 0.000000 -8.597561 8.353659 -45.426830
1274637 26 0.000000 0.000000 0.000000 -11.402439 6.585366 -43.292683
1274642 26 0.000000 0.000000 0.000000 -14.146341 1.341463 -35.121952
1274647 26 0.000000 0.000000 0.000000 -14.817074 -1.707317 -25.304878
1274652 26 0.000000 0.000000 0.000000 -14.939025 0.000000 -18.902439
1274657 26 0.000000 0.000000 0.000000 -14.268293 3.902439 -15.304878
1274662 26 0.000000 0.000000 0.000000 -12.560976 6.402439 -14.024390
1274667 26 0.000000 0.000000 0.000000 -10.548780 5.548780 -11.646341
1274672 26 0.000000 0.000000 0.000000 -7.804878 2.743902 -7.560976
1274677 26 0.000000 0.000000 0.000000 -2.073171 2.134146 -3.414634
1274682 26 0.000000 0.000000 0.000000 3.414634 3.780488 -1.280488
1274687 26 0.000000 0.000000 0.000000 6.097561 5.548780 -0.609756
1274692 26 0.000000 0.000000 0.000000 2.926829 9.024390 -0.548781
1274697 26 0.000000 0.000000 0.000000 0.914634 12.804878 -1.219512
1274702 26 0.000000 0.000000 0.000000 4.146341 15.792684 -2.682927
1274707 26 0.000000 0.000000 0.000000 5.548780 18.414635 -4.146341
1274712 26 0.000000 0.000000 0.000000 4.512195 20.365854 -4.390244
1274717 26 0.000000 0.000000 0.000000 2.560976 20.304878 -4.085366
1274722 26 0.000000 0.000000 0.000000 -2.012195 20.792683 -1.707317
1274727 26 0.000000 0.000000 0.000000 -7.195122 22.317074 0.548781
1274732 26 0.000000 0.000000 0.000000 -8.292683 22.560976 1.097561
1274737 26 0.000000 0.000000 0.000000 -7.560976 21.280489 1.280488
1274742 26 0.000000 0.000000 0.000000 -9.512196 17.621952 1.646341
1274747 26 0.000000 0.000000 0.000000 -11.280488 12.865854 1.707317
1274752 26 0.000000 0.000000 0.000000 -10.243902 8.475610 2.621951
1274757 26 0.000000 0.000000 0.000000 -8.231708 5.670732 3.780488
1274762 26 0.000000 0.000000 0.000000 -4.756098 3.231707 3.780488
1274767 26 0.000000 0.000000 0.000000 -1.890244 1.097561 2.621951
1274772 26 0.000000 0.000000 0.000000 -3.597561 0.792683 2.682927
1274777 26 0.000000 0.000000 0.000000 -7.439024 2.012195 1.951220
1274782 26 0.000000 0.000000 0.000000 -5.670732 2.378049 0.548781
1274787 26 0.000000 0.000000 0.000000 -2.378049 1.768293 0.000000
1274792 26 0.000000 0.000000 0.000000 0.060976 1.524390 0.670732
1274797 26 0.000000 0.000000 0.000000 2.500000 2.317073 1.341463
1274802 26 0.000000 0.000000 0.000000 1.463415 4.573171 0.548781
1274807 26 0.000000 0.000000 0.000000 -3.780488 5.548780 0.060976
1274812 26 0.000000 0.000000 0.000000 -7.256098 4.817073 -0.121951
1274817 26 0.000000 0.000000 0.000000 -8.414635 6.463415 1.951220
1274822 26 0.000000 0.000000 0.000000 -10.304878 11.036586 5.121951
1274827 26 0.000000 0.000000 0.000000 -7.987805 12.073171 7.682927
1274832 26 0.000000 0.000000 0.000000 -3.536585 9.512196 10.609756
1274837 26 0.000000 0.000000 0.000000 1.280488 6.951220 14.451220
1274842 26 0.000000 0.000000 0.000000 9.390244 7.012195 16.463415
1274847 26 0.000000 0.000000 0.000000 12.743903 9.512196 15.304878
1274852 26 0.000000 0.000000 0.000000 11.463415 12.195122 14.573171
1274857 26 0.000000 0.000000 0.000000 10.365854 9.634147 15.609756
1274862 26 0.000000 0.000000 0.000000 10.792684 5.670732 17.804878
1274867 26 0.000000 0.000000 0.000000 13.231708 5.853659 18.292683
1274872 26 0.000000 0.000000 0.000000 10.548780 8.475610 18.292683
1274877 26 0.000000 0.000000 0.000000 6.036585 11.097561 20.487804
1274882 26 0.000000 0.000000 0.000000 5.304878 15.182927 21.890244
1274887 26 0.000000 0.000000 0.000000 6.768293 21.158537 21.829269
1274892 26 0.000000 0.000000 0.000000 7.439024 24.451220 23.292683
1274897 26 0.000000 0.000000 0.000000 8.414635 26.524391 24.268293
1274902 26 0.000000 0.000000 0.000000 10.304878 28.902439 23.536587
1274907 26 0.000000 0.000000 0.000000 13.963415 26.829269 21.768293
1274912 26 0.000000 0.000000 0.000000 13.048780 19.390244 20.792683
1274917 26 0.000000 0.000000 0.000000 10.914635 13.658537 20.121952
1274922 26 0.000000 0.000000 0.000000 10.121951 8.780488 19.268293
1274927 26 0.000000 0.000000 0.000000 9.024390 2.926829 17.743902
1274932 26 0.000000 0.000000 0.000000 7.682927 0.670732 18.292683
1274937 26 0.000000 0.000000 0.000000 7.378049 1.219512 19.451220
1274942 26 0.000000 0.000000 0.000000 8.170732 2.073171 19.756098
1274947 26 0.000000 0.000000 0.000000 7.134147 4.085366 18.597561
1274952 26 0.000000 0.000000 0.000000 5.243903 6.890244 17.073172
1274957 26 0.000000 0.000000 0.000000 8.048780 11.097561 16.829269
1274962 26 0.000000 0.000000 0.000000 13.292684 17.987804 17.256098
1274967 26 0.000000 0.000000 0.000000 13.414635 25.060976 16.036585
1274972 26 0.000000 0.000000 0.000000 11.402439 31.158537 13.902439
1274977 26 0.000000 0.000000 0.000000 10.182927 37.804878 10.000000
1274982 26 0.000000 0.000000 0.000000 6.280488 44.878048 7.317073
1274987 26 0.000000 0.000000 0.000000 2.134146 49.268295 4.756098
1274992 26 0.000000 0.000000 0.000000 -1.646341 50.365856 1.585366
1274997 26 0.000000 0.000000 0.000000 -5.670732 47.560978 -1.524390
1275002 26 0.000000 0.000000 0.000000 -7.926829 41.097561 -2.865854
1275007 26 0.000000 0.000000 0.000000 -7.378049 33.048782 -0.853659
1275012 26 0.000000 0.000000 0.000000 -6.158537 25.182928 0.487805
1275017 26 0.000000 0.000000 0.000000 -2.926829 15.548780 0.792683
1275022 26 0.000000 0.000000 0.000000 2.256098 3.719512 0.670732
1275027 26 0.000000 0.000000 0.000000 4.939024 -6.402439 -0.182927
1275032 26 0.000000 0.000000 0.000000 7.682927 -13.048780 -2.195122
1275037 26 0.000000 0.000000 0.000000 10.609756 -16.951220 -3.719512
1275042 26 0.000000 0.000000 0.000000 9.939025 -17.500000 -5.609756
1275047 26 0.000000 0.000000 0.000000 10.000000 -15.000000 -6.890244
1275052 26 0.000000 0.000000 0.000000 9.512196 -11.463415 -6.768293
1275057 26 0.000000 0.000000 0.000000 4.573171 -6.036585 -6.097561
1275062 26 0.000000 0.000000 0.000000 0.792683 -0.914634 -6.463415
1275067 26 0.000000 0.000000 0.000000 1.219512 1.280488 -7.439024
1275072 26 0.000000 0.000000 0.000000 -0.914634 2.743902 -8.841464
1275077 26 0.000000 0.000000 0.000000 -3.841464 3.353659 -9.878049
1275082 26 0.000000 0.000000 0.000000 -5.853659 4.634146 -8.170732
1275087 26 0.000000 0.000000 0.000000 -5.243903 7.195122 -3.780488
1275092 26 0.000000 0.000000 0.000000 -0.670732 9.024390 1.463415
1275097 26 0.000000 0.000000 0.000000 3.841464 11.585366 4.207317
1275102 26 0.000000 0.000000 0.000000 7.500000 15.914635 3.780488
1275107 26 0.000000 0.000000 0.000000 8.475610 21.524391 2.195122
1275112 26 0.000000 0.000000 0.000000 8.719512 26.341463 0.426829
1275117 26 0.000000 0.000000 0.000000 10.975610 30.731709 -0.426829
1275122 26 0.000000 0.000000 0.000000 12.195122 33.170731 -1.585366
1275127 26 0.000000 0.000000 0.000000 10.548780 34.695122 -0.121951
1275132 26 0.000000 0.000000 0.000000 10.426829 37.012196 2.987805
1275137 26 0.000000 0.000000 0.000000 10.243902 36.951221 5.304878
1275142 26 0.000000 0.000000 0.000000 10.243902 34.207317 6.463415
1275147 26 0.000000 0.000000 0.000000 9.390244 32.317074 6.036585
1275152 26 0.000000 0.000000 0.000000 6.219512 31.768293 4.634146
1275157 26 0.000000 0.000000 0.000000 0.731707 31.768293 2.926829
1275162 26 0.000000 0.000000 0.000000 -2.560976 31.341465 1.097561
1275167 26 0.000000 0.000000 0.000000 -4.085366 29.939026 1.036585
1275172 26 0.000000 0.000000 0.000000 -5.060976 26.341463 2.865854
1275177 26 0.000000 0.000000 0.000000 -0.365854 22.134148 4.634146
1275182 26 0.000000 0.000000 0.000000 4.146341 17.500000 6.646342
1275187 26 0.000000 0.000000 0.000000 4.512195 12.987805 7.743903
1275192 26 0.000000 0.000000 0.000000 7.012195 8.292683 7.195122
1275197 26 0.000000 0.000000 0.000000 8.719512 4.573171 6.341464
1275202 26 0.000000 0.000000 0.000000 5.243903 3.170732 4.573171
1275207 26 0.000000 0.000000 0.000000 3.597561 5.975610 1.890244
1275212 26 0.000000 0.000000 0.000000 3.475610 10.304878 2.012195
1275217 26 0.000000 0.000000 0.000000 1.158537 16.951220 0.914634
1275222 26 0.000000 0.000000 0.000000 1.463415 24.512196 -0.975610
1275227 26 0.000000 0.000000 0.000000 2.378049 30.731709 -0.670732
1275232 26 0.000000 0.000000 0.000000 1.707317 32.256100 2.012195
1275237 26 0.000000 0.000000 0.000000 -0.670732 31.341465 5.975610
1275242 26 0.000000 0.000000 0.000000 -3.414634 29.451220 8.658537
1275247 26 0.000000 0.000000 0.000000 -3.292683 27.865854 8.109756
1275252 26 0.000000 0.000000 0.000000 -0.548781 27.317074 6.890244
1275257 26 0.000000 0.000000 0.000000 3.109756 25.853659 7.195122
1275262 26 0.000000 0.000000 0.000000 1.585366 23.780489 6.646342
1275267 26 0.000000 0.000000 0.000000 0.243902 23.658537 5.609756
1275272 26 0.000000 0.000000 0.000000 2.439024 23.231709 5.914634
1275277 26 0.000000 0.000000 0.000000 4.451220 22.560976 4.878049
1275282 26 0.000000 0.000000 0.000000 2.439024 22.621952 3.658537
1275287 26 0.000000 0.000000 0.000000 1.463415 24.146341 2.560976
1275292 26 0.000000 0.000000 0.000000 0.853659 24.695122 1.280488
1275297 26 0.000000 0.000000 0.000000 -0.182927 24.817074 0.792683
1275302 26 0.000000 0.000000 0.000000 -1.097561 25.060976 -1.524390
1275307 26 0.000000 0.000000 0.000000 -3.292683 25.853659 -3.292683
1275312 26 0.000000 0.000000 0.000000 -4.756098 25.304878 -1.402439
1275317 26 0.000000 0.000000 0.000000 -6.463415 25.914635 -1.280488
1275322 26 0.000000 0.000000 0.000000 -5.243903 28.353659 -3.353659
1275327 26 0.000000 0.000000 0.000000 -4.024390 29.878050 -2.682927
1275332 26 0.000000 0.000000 0.000000 -5.853659 30.182928 0.060976
1275337 26 0.000000 0.000000 0.000000 -4.756098 29.634148 2.134146
1275342 26 0.000000 0.000000 0.000000 -2.073171 28.536587 3.841464
1275347 26 0.000000 0.000000 0.000000 -0.975610 27.865854 5.304878
1275352 26 0.000000 0.000000 0.000000 -1.158537 27.439026 5.731708
1275357 26 0.000000 0.000000 0.000000 -0.975610 26.585367 5.426829
1275362 26 0.000000 0.000000 0.000000 -3.597561 26.036587 5.365854
1275367 26 0.000000 0.000000 0.000000 -7.195122 26.402439 4.817073
1275372 26 0.000000 0.000000 0.000000 -9.207317 28.536587 3.719512
1275377 26 0.000000 0.000000 0.000000 -9.573171 30.304878 2.926829
1275382 26 0.000000 0.000000 0.000000 -7.195122 30.975611 3.048780
1275387 26 0.000000 0.000000 0.000000 -3.475610 31.097561 3.536585
1275392 26 0.000000 0.000000 0.000000 -1.036585 29.695122 4.329268
1275397 26 0.000000 0.000000 0.000000 1.768293 27.560976 4.207317
1275402 26 0.000000 0.000000 0.000000 4.268293 27.195122 3.292683
1275407 26 0.000000 0.000000 0.000000 3.231707 28.658537 2.804878
1275412 26 0.000000 0.000000 0.000000 3.109756 29.512196 3.048780
1275417 26 0.000000 0.000000 0.000000 2.256098 31.463415 1.707317
1275422 26 0.000000 0.000000 0.000000 1.707317 33.963417 1.158537
1275427 26 0.000000 0.000000 0.000000 0.853659 35.914635 1.829268
1275432 26 0.000000 0.000000 0.000000 1.158537 36.463417 2.804878
1275437 26 0.000000 0.000000 0.000000 1.524390 36.829269 3.963415
1275442 26 0.000000 0.000000 0.000000 1.219512 36.585365 5.060976
1275447 26 0.000000 0.000000 0.000000 1.707317 35.975609 6.036585
1275452 26 0.000000 0.000000 0.000000 3.170732 34.817074 7.743903
1275457 26 0.000000 0.000000 0.000000 2.073171 33.597561 9.207317
1275462 26 0.000000 0.000000 0.000000 3.353659 32.621952 9.756098
1275467 26 0.000000 0.000000 0.000000 6.463415 33.048782 9.207317
1275472 26 0.000000 0.000000 0.000000 7.804878 34.207317 8.780488
1275477 26 0.000000 0.000000 0.000000 7.195122 34.512196 8.475610
1275482 26 0.000000 0.000000 0.000000 6.036585 35.121952 7.865854
1275487 26 0.000000 0.000000 0.000000 5.365854 35.731709 7.743903
1275492 26 0.000000 0.000000 0.000000 4.024390 36.951221 7.682927
1275497 26 0.000000 0.000000 0.000000 2.804878 38.719513 8.292683
1275502 26 0.000000 0.000000 0.000000 2.378049 39.024391 9.146341
1275507 26 0.000000 0.000000 0.000000 1.951220 39.024391 10.060976
1275512 26 0.000000 0.000000 0.000000 2.378049 38.902439 9.756098
1275517 26 0.000000 0.000000 0.000000 1.524390 39.146343 8.414635
1275522 26 0.000000 0.000000 0.000000 0.731707 38.841465 7.256098
1275527 26 0.000000 0.000000 0.000000 -0.304878 38.841465 6.158537
1275532 26 0.000000 0.000000 0.000000 -1.280488 40.182926 5.243903
1275537 26 0.000000 0.000000 0.000000 -3.048780 41.036587 3.963415
1275542 26 0.000000 0.000000 0.000000 -4.512195 42.987804 2.682927
1275547 26 0.000000 0.000000 0.000000 -5.121951 44.512196 2.378049
1275552 26 0.000000 0.000000 0.000000 -6.036585 45.609756 2.256098
1275557 26 0.000000 0.000000 0.000000 -5.426829 46.036587 2.317073
1275562 26 0.000000 0.000000 0.000000 -3.658537 45.121952 2.439024
1275567 26 0.000000 0.000000 0.000000 -2.804878 44.878048 2.743902
1275572 26 0.000000 0.000000 0.000000 -2.560976 45.426830 4.024390
1275577 26 0.000000 0.000000 0.000000 -2.073171 45.000000 5.060976
1275582 26 0.000000 0.000000 0.000000 -3.414634 43.170734 5.487805
1275587 26 0.000000 0.000000 0.000000 -4.512195 42.560978 5.792683
1275592 26 0.000000 0.000000 0.000000 -4.817073 42.134148 5.792683
1275597 26 0.000000 0.000000 0.000000 -5.670732 42.804878 5.853659
1275602 26 0.000000 0.000000 0.000000 -6.341464 43.353661 5.853659
1275607 26 0.000000 0.000000 0.000000 -5.487805 43.963417 5.243903
1275612 26 0.000000 0.000000 0.000000 -4.512195 44.024391 5.060976
1275617 26 0.000000 0.000000 0.000000 -3.109756 43.902439 5.426829
1275622 26 0.000000 0.000000 0.000000 -0.426829 44.024391 5.731708
1275627 26 0.000000 0.000000 0.000000 0.975610 43.536587 5.365854
1275632 26 0.000000 0.000000 0.000000 0.914634 42.804878 4.207317
1275637 26 0.000000 0.000000 0.000000 0.304878 43.109756 4.207317
1275642 26 0.000000 0.000000 0.000000 0.000000 43.902439 5.060976
1275647 26 0.000000 0.000000 0.000000 -1.463415 44.817074 6.219512
1275652 26 0.000000 0.000000 0.000000 -4.878049 47.134148 7.378049
1275657 26 0.000000 0.000000 0.000000 -6.524390 49.634148 8.231708
1275662 26 0.000000 0.000000 0.000000 -7.073171 51.890244 8.414635
1275667 26 0.000000 0.000000 0.000000 -8.536586 54.756100 6.097561
1275672 26 0.000000 0.000000 0.000000 -7.073171 56.768295 2.134146
1275677 26 0.000000 0.000000 0.000000 -4.573171 58.414635 -0.975610
1275682 26 0.000000 0.000000 0.000000 -1.646341 59.451221 -2.439024
1275687 26 0.000000 0.000000 0.000000 0.426829 60.182930 -2.804878
1275692 26 0.000000 0.000000 0.000000 0.853659 61.097561 -2.439024
1275697 26 0.000000 0.000000 0.000000 0.060976 62.378052 -3.048780
1275702 26 0.000000 0.000000 0.000000 -0.914634 63.658539 -3.536585
1275707 26 0.000000 0.000000 0.000000 -2.560976 62.926830 -2.378049
1275712 26 0.000000 0.000000 0.000000 -2.195122 61.280491 -0.060976
1275717 26 0.000000 0.000000 0.000000 -2.195122 60.243904 2.134146
1275722 26 0.000000 0.000000 0.000000 -2.987805 60.365856 3.597561
1275727 26 0.000000 0.000000 0.000000 -4.573171 60.060978 5.243903
1275732 26 0.000000 0.000000 0.000000 -6.280488 57.987804 6.463415
1275737 26 0.000000 0.000000 0.000000 -8.475610 56.585365 7.012195
1275742 26 0.000000 0.000000 0.000000 -10.182927 56.097561 7.804878
1275747 26 0.000000 0.000000 0.000000 -8.902439 54.817074 9.024390
1275752 26 0.000000 0.000000 0.000000 -5.792683 52.804878 10.548780
1275757 26 0.000000 0.000000 0.000000 -4.573171 51.463417 11.951220
1275762 26 0.000000 0.000000 0.000000 -6.341464 51.890244 13.231708
1275767 26 0.000000 0.000000 0.000000 -7.926829 53.170734 13.536586
1275772 26 0.000000 0.000000 0.000000 -7.134147 54.878052 12.439025
1275777 26 0.000000 0.000000 0.000000 -6.524390 58.231709 10.914635
1275782 26 0.000000 0.000000 0.000000 -7.012195 62.012196 9.329268
1275787 26 0.000000 0.000000 0.000000 -6.951220 65.000000 8.231708
1275792 26 0.000000 0.000000 0.000000 -6.463415 67.012199 8.048780
1275797 26 0.000000 0.000000 0.000000 -7.134147 69.268295 7.682927
1275802 26 0.000000 0.000000 0.000000 -8.353659 71.829269 6.951220
1275807 26 0.000000 0.000000 0.000000 -9.695122 73.963417 5.975610
1275812 26 0.000000 0.000000 0.000000 -9.878049 74.512199 5.609756
1275817 26 0.000000 0.000000 0.000000 -9.573171 76.158539 5.792683
1275822 26 0.000000 0.000000 0.000000 -9.268292 79.451218 6.707317
1275827 26 0.000000 0.000000 0.000000 -8.170732 80.000000 6.219512
1275832 26 0.000000 0.000000 0.000000 -6.402439 79.817078 4.634146
1275837 26 0.000000 0.000000 0.000000 -6.463415 81.463417 3.780488
1275842 26 0.000000 0.000000 0.000000 -7.682927 83.963417 3.353659
1275847 26 0.000000 0.000000 0.000000 -7.621952 82.926834 2.317073
1275852 26 0.000000 0.000000 0.000000 -6.585366 80.487808 0.365854
1275857 26 0.000000 0.000000 0.000000 -5.548780 77.317078 -0.975610
1275862 26 0.000000 0.000000 0.000000 -6.097561 74.756096 -0.243902
1275867 26 0.000000 0.000000 0.000000 -6.585366 71.463417 2.439024
1275872 26 0.000000 0.000000 0.000000 -5.853659 69.756096 8.231708
1275877 26 0.000000 0.000000 0.000000 -5.914634 72.865852 14.268293
1275882 26 0.000000 0.000000 0.000000 -6.280488 74.207321 17.012196
1275887 26 0.000000 0.000000 0.000000 -7.317073 75.670731 17.073172
1275892 26 0.000000 0.000000 0.000000 -7.560976 76.524391 15.182927
1275897 26 0.000000 0.000000 0.000000 -9.268292 77.865852 13.414635
1275902 26 0.000000 0.000000 0.000000 -10.121951 80.975609 14.329268
1275907 26 0.000000 0.000000 0.000000 -12.134147 91.341469 17.012196
1275912 26 0.000000 0.000000 0.000000 -11.951220 101.829269 18.170732
1275917 26 0.000000 0.000000 0.000000 -11.585366 108.475609 13.109756
1275922 26 0.000000 0.000000 0.000000 -11.036586 110.792686 3.536585
1275927 26 0.000000 0.000000 0.000000 -7.195122 110.975609 -2.378049
1275932 26 0.000000 0.000000 0.000000 -3.780488 111.707321 0.609756
1275937 26 0.000000 0.000000 0.000000 -2.987805 111.707321 7.987805
1275942 26 0.000000 0.000000 0.000000 -3.780488 111.402443 9.817074
1275947 26 0.000000 0.000000 0.000000 -5.792683 112.865860 5.426829
1275952 26 0.000000 0.000000 0.000000 -6.829268 114.756104 2.926829
1275957 26 0.000000 0.000000 0.000000 -7.256098 116.829269 4.024390
1275962 26 0.000000 0.000000 0.000000 -7.256098 117.256104 6.158537
1275967 26 0.000000 0.000000 0.000000 -4.573171 115.365860 6.951220
1275972 26 0.000000 0.000000 0.000000 -3.841464 113.658539 6.646342
1275977 26 0.000000 0.000000 0.000000 -6.219512 112.256104 5.426829
1275982 26 0.000000 0.000000 0.000000 -9.939025 108.536591 5.853659
1275987 26 0.000000 0.000000 0.000000 -13.353659 103.170731 6.829268
1275992 26 0.000000 0.000000 0.000000 -16.646341 98.536591 6.158537
1275997 26 0.000000 0.000000 0.000000 -20.609756 96.951225 5.365854
1276002 26 0.000000 0.000000 0.000000 -22.317074 98.048782 5.487805
1276007 26 0.000000 0.000000 0.000000 -20.731709 100.426834 4.329268
1276012 26 0.000000 0.000000 0.000000 -18.292683 101.951225 3.048780
1276017 26 0.000000 0.000000 0.000000 -15.426829 101.219513 3.109756
1276022 26 0.000000 0.000000 0.000000 -12.926829 99.207321 4.512195
1276027 26 0.000000 0.000000 0.000000 -10.426829 96.097565 5.304878
1276032 26 0.000000 0.000000 0.000000 -9.207317 94.146347 5.426829
1276037 26 0.000000 0.000000 0.000000 -6.951220 92.743904 5.487805
1276042 26 0.000000 0.000000 0.000000 -2.317073 90.182930 4.634146
1276047 26 0.000000 0.000000 0.000000 -2.378049 92.682930 1.951220
1276052 26 0.000000 0.000000 0.000000 -7.804878 98.170731 -0.731707
1276057 26 0.000000 0.000000 0.000000 -12.621951 100.365852 -1.463415
1276062 26 0.000000 0.000000 0.000000 -14.024390 100.914635 -1.036585
1276067 26 0.000000 0.000000 0.000000 -14.573171 102.378052 -0.609756
1276072 26 0.000000 0.000000 0.000000 -15.365854 105.365852 -0.182927
1276077 26 0.000000 0.000000 0.000000 -17.317074 113.292686 0.792683
1276082 26 0.000000 0.000000 0.000000 -18.536585 120.914635 2.682927
1276087 26 0.000000 0.000000 0.000000 -17.987804 125.121956 2.560976
1276092 26 0.000000 0.000000 0.000000 -17.621952 127.134148 0.182927
1276097 26 0.000000 0.000000 0.000000 -19.268293 126.524391 0.243902
1276102 26 0.000000 0.000000 0.000000 -22.500000 127.012199 0.914634
1276107 26 0.000000 0.000000 0.000000 -24.756098 128.536591 0.243902
1276112 26 0.000000 0.000000 0.000000 -24.451220 127.865860 1.036585
1276117 26 0.000000 0.000000 0.000000 -23.597561 130.548782 3.109756
1276122 26 0.000000 0.000000 0.000000 -25.487806 134.939026 9.451220
1276127 26 0.000000 0.000000 0.000000 -27.926830 137.439026 15.426829
1276132 26 0.000000 0.000000 0.000000 -28.536587 140.853668 9.634147
1276137 26 0.000000 0.000000 0.000000 -29.939026 140.609756 -0.121951
1276142 26 0.000000 0.000000 0.000000 -31.524391 135.121948 -2.926829
1276147 26 0.000000 0.000000 0.000000 -29.268293 129.695129 1.402439
1276152 26 0.000000 0.000000 0.000000 -25.365854 127.682930 4.878049
1276157 26 0.000000 0.000000 0.000000 -22.378050 126.280487 3.414634
1276162 26 0.000000 0.000000 0.000000 -19.024391 121.646347 1.524390
1276167 26 0.000000 0.000000 0.000000 -15.792684 113.231712 4.024390
1276172 26 0.000000 0.000000 0.000000 -13.048780 101.524391 6.890244
1276177 26 0.000000 0.000000 0.000000 -11.890244 91.951225 6.402439
1276182 26 0.000000 0.000000 0.000000 -10.000000 84.146347 4.024390
1276187 26 0.000000 0.000000 0.000000 -7.073171 75.365852 2.378049
1276192 26 0.000000 0.000000 0.000000 -5.304878 63.719513 4.390244
1276197 26 0.000000 0.000000 0.000000 -4.573171 53.536587 6.463415
1276202 26 0.000000 0.000000 0.000000 -7.865854 46.402439 4.878049
1276207 26 0.000000 0.000000 0.000000 -13.353659 41.707317 -0.914634
1276212 26 0.000000 0.000000 0.000000 -16.646341 39.390244 -4.329268
1276217 26 0.000000 0.000000 0.000000 -16.585365 36.036587 -3.048780
1276222 26 0.000000 0.000000 0.000000 -16.158537 36.036587 -0.548781
1276227 26 0.000000 0.000000 0.000000 -16.219513 41.158539 -1.707317
1276232 26 0.000000 0.000000 0.000000 -16.646341 48.048782 -6.219512
1276237 26 0.000000 0.000000 0.000000 -17.682928 56.097561 -9.573171
1276242 26 0.000000 0.000000 0.000000 -18.292683 63.902439 -8.292683
1276247 26 0.000000 0.000000 0.000000 -14.817074 69.268295 -5.975610
1276252 26 0.000000 0.000000 0.000000 -9.207317 73.292686 -5.548780
1276257 26 0.000000 0.000000 0.000000 -5.121951 76.097565 -5.365854
1276262 26 0.000000 0.000000 0.000000 -2.134146 76.524391 -4.634146
1276267 26 0.000000 0.000000 0.000000 -0.426829 76.097565 -3.414634
1276272 26 0.000000 0.000000 0.000000 -0.731707 74.451218 -0.609756
1276277 26 0.000000 0.000000 0.000000 -3.231707 72.926834 -0.182927
1276282 26 0.000000 0.000000 0.000000 -6.341464 69.146339 -3.719512
1276287 26 0.000000 0.000000 0.000000 -11.707317 65.182930 -7.073171
1276292 26 0.000000 0.000000 0.000000 -17.317074 58.963417 -6.280488
1276297 26 0.000000 0.000000 0.000000 -21.463415 52.743904 -2.926829
1276302 26 0.000000 0.000000 0.000000 -22.560976 49.756100 -2.378049
1276307 26 0.000000 0.000000 0.000000 -23.109756 52.256100 -5.426829
1276312 26 0.000000 0.000000 0.000000 -26.402439 54.024391 -8.170732
1276317 26 0.000000 0.000000 0.000000 -25.975611 54.024391 -8.292683
1276322 26 0.000000 0.000000 0.000000 -22.378050 55.548782 -6.951220
1276327 26 0.000000 0.000000 0.000000 -17.195122 58.170734 -6.097561
1276332 26 0.000000 0.000000 0.000000 -12.134147 58.475613 -6.463415
1276337 26 0.000000 0.000000 0.000000 -6.829268 57.439026 -7.682927
1276342 26 0.000000 0.000000 0.000000 -2.500000 57.378052 -6.646342
1276347 26 0.000000 0.000000 0.000000 1.707317 57.134148 -5.060976
1276352 26 0.000000 0.000000 0.000000 2.378049 54.756100 -4.329268
1276357 26 0.000000 0.000000 0.000000 2.012195 53.170734 -3.902439
1276362 26 0.000000 0.000000 0.000000 1.768293 51.463417 -3.048780
1276367 26 0.000000 0.000000 0.000000 0.365854 49.085365 -2.926829
1276372 26 0.000000 0.000000 0.000000 0.243902 46.890244 -3.536585
1276377 26 0.000000 0.000000 0.000000 -0.670732 45.304878 -3.414634
1276382 26 0.000000 0.000000 0.000000 -2.256098 44.451221 -3.048780
1276387 26 0.000000 0.000000 0.000000 -3.963415 44.512196 -2.317073
1276392 26 0.000000 0.000000 0.000000 -5.365854 46.097561 -0.792683
1276397 26 0.000000 0.000000 0.000000 -7.865854 47.012196 1.524390
1276402 26 0.000000 0.000000 0.000000 -10.731708 48.536587 2.987805
1276407 26 0.000000 0.000000 0.000000 -13.414635 50.548782 1.036585
1276412 26 0.000000 0.000000 0.000000 -14.207317 52.439026 -2.378049
1276417 26 0.000000 0.000000 0.000000 -16.097561 55.121952 -2.804878
1276422 26 0.000000 0.000000 0.000000 -19.573172 57.195122 -1.219512
1276427 26 0.000000 0.000000 0.000000 -21.402439 60.365856 -1.097561
1276432 26 0.000000 0.000000 0.000000 -22.804878 63.841465 -3.353659
1276437 26 0.000000 0.000000 0.000000 -22.621952 69.024391 -7.500000
1276442 26 0.000000 0.000000 0.000000 -21.280489 74.512199 -10.487805
1276447 26 0.000000 0.000000 0.000000 -20.121952 76.463417 -9.573171
1276452 26 0.000000 0.000000 0.000000 -17.621952 78.109756 -8.048780
1276457 26 0.000000 0.000000 0.000000 -11.158537 79.695122 -8.902439
1276462 26 0.000000 0.000000 0.000000 -7.073171 78.353661 -10.060976
1276467 26 0.000000 0.000000 0.000000 -3.414634 72.865852 -10.426829
1276472 26 0.000000 0.000000 0.000000 -2.134146 67.439026 -9.573171
1276477 26 0.000000 0.000000 0.000000 0.000000 62.378052 -10.304878
1276482 26 0.000000 0.000000 0.000000 -2.012195 57.621952 -12.134147
1276487 26 0.000000 0.000000 0.000000 -4.817073 53.109756 -12.378049
1276492 26 0.000000 0.000000 0.000000 -7.439024 50.426830 -10.304878
1276497 26 0.000000 0.000000 0.000000 -9.146341 48.902439 -7.682927
1276502 26 0.000000 0.000000 0.000000 -11.646341 46.707317 -4.939024
1276507 26 0.000000 0.000000 0.000000 -13.292684 47.987804 -4.634146
1276512 26 0.000000 0.000000 0.000000 -13.719513 52.256100 -6.341464
1276517 26 0.000000 0.000000 0.000000 -14.024390 56.463417 -5.975610
1276522 26 0.000000 0.000000 0.000000 -13.292684 58.536587 -2.195122
1276527 26 0.000000 0.000000 0.000000 -12.865854 59.390244 1.402439
1276532 26 0.000000 0.000000 0.000000 -12.621951 60.426830 2.926829
1276537 26 0.000000 0.000000 0.000000 -14.817074 61.768295 2.682927
1276542 26 0.000000 0.000000 0.000000 -13.475610 61.524391 0.792683
1276547 26 0.000000 0.000000 0.000000 -9.024390 60.000000 -0.121951
1276552 26 0.000000 0.000000 0.000000 -6.524390 57.500000 0.792683
1276557 26 0.000000 0.000000 0.000000 -4.878049 55.121952 0.792683
1276562 26 0.000000 0.000000 0.000000 -3.353659 52.012196 0.121951
1276567 26 0.000000 0.000000 0.000000 -2.743902 48.841465 0.914634
1276572 26 0.000000 0.000000 0.000000 -2.378049 46.890244 1.951220
1276577 26 0.000000 0.000000 0.000000 -3.231707 44.451221 1.524390
1276582 26 0.000000 0.000000 0.000000 -4.512195 42.134148 1.341463
1276587 26 0.000000 0.000000 0.000000 -6.829268 40.243904 0.853659
1276592 26 0.000000 0.000000 0.000000 -7.926829 38.780487 0.000000
1276597 26 0.000000 0.000000 0.000000 -8.597561 38.231709 -0.121951
1276602 26 0.000000 0.000000 0.000000 -10.060976 37.865856 0.609756
1276607 26 0.000000 0.000000 0.000000 -10.426829 38.841465 0.792683
1276612 26 0.000000 0.000000 0.000000 -9.024390 40.548782 0.975610
1276617 26 0.000000 0.000000 0.000000 -7.804878 41.585365 1.768293
1276622 26 0.000000 0.000000 0.000000 -7.621952 43.170734 2.378049
1276627 26 0.000000 0.000000 0.000000 -8.048780 45.609756 2.865854
1276632 26 0.000000 0.000000 0.000000 -7.378049 49.024391 2.256098
1276637 26 0.000000 0.000000 0.000000 -5.487805 52.621952 0.182927
1276642 26 0.000000 0.000000 0.000000 -5.792683 56.158539 -1.463415
1276647 26 0.000000 0.000000 0.000000 -7.621952 58.841465 -2.378049
1276652 26 0.000000 0.000000 0.000000 -8.536586 60.609756 -3.536585
1276657 26 0.000000 0.000000 0.000000 -8.353659 61.036587 -3.109756
1276662 26 0.000000 0.000000 0.000000 -6.463415 60.426830 -1.890244
1276667 26 0.000000 0.000000 0.000000 -4.451220 59.573174 -1.768293
1276672 26 0.000000 0.000000 0.000000 -3.353659 56.524391 -2.500000
1276677 26 0.000000 0.000000 0.000000 -3.536585 53.048782 -4.146341
1276682 26 0.000000 0.000000 0.000000 -4.207317 50.487804 -3.231707
1276687 26 0.000000 0.000000 0.000000 -4.146341 48.170734 -0.304878
1276692 26 0.000000 0.000000 0.000000 -1.524390 47.621952 0.243902
1276697 26 0.000000 0.000000 0.000000 1.585366 48.292683 -0.914634
1276702 26 0.000000 0.000000 0.000000 0.853659 48.719513 -1.097561
1276707 26 0.000000 0.000000 0.000000 -1.646341 50.182926 -1.890244
1276712 26 0.000000 0.000000 0.000000 -3.536585 50.609756 -5.670732
1276717 26 0.000000 0.000000 0.000000 -5.304878 50.243904 -8.536586
1276722 26 0.000000 0.000000 0.000000 -6.463415 49.634148 -7.682927
1276727 26 0.000000 0.000000 0.000000 -5.792683 49.390244 -5.000000
1276732 26 0.000000 0.000000 0.000000 -1.890244 49.573174 -2.317073
1276737 26 0.000000 0.000000 0.000000 1.524390 50.365856 0.487805
1276742 26 0.000000 0.000000 0.000000 4.878049 52.073174 1.951220
1276747 26 0.000000 0.000000 0.000000 5.609756 54.817074 1.463415
1276752 26 0.000000 0.000000 0.000000 4.024390 57.682930 -0.548781
1276757 26 0.000000 0.000000 0.000000 2.256098 59.695122 -2.682927
1276762 26 0.000000 0.000000 0.000000 1.219512 60.853661 -3.048780
1276767 26 0.000000 0.000000 0.000000 2.621951 60.914635 -1.158537
1276772 26 0.000000 0.000000 0.000000 3.780488 59.451221 0.975610
1276777 26 0.000000 0.000000 0.000000 4.939024 57.987804 1.524390
1276782 26 0.000000 0.000000 0.000000 7.195122 56.585365 -1.280488
1276787 26 0.000000 0.000000 0.000000 7.256098 54.207317 -4.268293
1276792 26 0.000000 0.000000 0.000000 6.951220 51.524391 -5.243903
1276797 26 0.000000 0.000000 0.000000 4.207317 47.256100 -5.548780
1276802 26 0.000000 0.000000 0.000000 1.463415 41.158539 -3.658537
1276807 26 0.000000 0.000000 0.000000 1.097561 34.390244 -1.036585
1276812 26 0.000000 0.000000 0.000000 4.146341 31.829269 -1.158537
1276817 26 0.000000 0.000000 0.000000 7.621952 33.719513 -3.292683
1276822 26 0.000000 0.000000 0.000000 7.621952 36.524391 -2.804878
1276827 26 0.000000 0.000000 0.000000 5.426829 39.878048 -0.060976
1276832 26 0.000000 0.000000 0.000000 3.902439 45.060978 0.853659
1276837 26 0.000000 0.000000 0.000000 2.926829 51.585365 0.243902
1276842 26 0.000000 0.000000 0.000000 0.914634 56.829269 -1.463415
1276847 26 0.000000 0.000000 0.000000 -0.975610 63.048782 -2.926829
1276852 26 0.000000 0.000000 0.000000 -4.573171 68.170731 -3.841464
1276857 26 0.000000 0.000000 0.000000 -7.804878 70.853661 -4.695122
1276862 26 0.000000 0.000000 0.000000 -9.634147 71.280487 -4.146341
1276867 26 0.000000 0.000000 0.000000 -9.329268 68.353661 0.121951
1276872 26 0.000000 0.000000 0.000000 -5.670732 63.048782 4.695122
1276877 26 0.000000 0.000000 0.000000 1.036585 54.573174 7.195122
1276882 26 0.000000 0.000000 0.000000 5.792683 45.548782 4.695122
1276887 26 0.000000 0.000000 0.000000 5.609756 37.743904 0.243902
1276892 26 0.000000 0.000000 0.000000 4.573171 29.512196 -1.463415
1276897 26 0.000000 0.000000 0.000000 5.670732 22.560976 -0.914634
1276902 26 0.000000 0.000000 0.000000 6.341464 18.353659 0.000000
1276907 26 0.000000 0.000000 0.000000 6.951220 16.097561 0.487805
1276912 26 0.000000 0.000000 0.000000 7.073171 15.426829 0.487805
1276917 26 0.000000 0.000000 0.000000 6.341464 15.365854 -0.243902
1276922 26 0.000000 0.000000 0.000000 5.365854 15.304878 -0.487805
1276927 26 0.000000 0.000000 0.000000 3.963415 17.012196 -0.243902
1276932 26 0.000000 0.000000 0.000000 2.621951 17.987804 -0.487805
1276937 26 0.000000 0.000000 0.000000 1.951220 18.780489 -3.536585
1276942 26 0.000000 0.000000 0.000000 -2.317073 19.878050 -4.390244
1276947 26 0.000000 0.000000 0.000000 -2.621951 24.390244 -4.024390
1276952 26 0.000000 0.000000 0.000000 0.121951 31.585367 -5.426829
1276957 26 0.000000 0.000000 0.000000 -5.365854 37.804878 -7.256098
1276962 26 0.000000 0.000000 0.000000 -14.207317 40.243904 -8.109756
1276967 26 0.000000 0.000000 0.000000 -17.743902 44.756100 -6.768293
1276972 26 0.000000 0.000000 0.000000 -19.085367 48.597561 -5.304878
1276977 26 0.000000 0.000000 0.000000 -17.317074 52.865856 -6.341464
1276982 26 0.000000 0.000000 0.000000 -10.731708 57.256100 -7.500000
1276987 26 0.000000 0.000000 0.000000 -3.597561 60.914635 -6.219512
1276992 26 0.000000 0.000000 0.000000 -4.329268 62.865856 -3.902439
1276997 26 0.000000 0.000000 0.000000 -6.890244 63.475613 -2.926829
1277002 26 0.000000 0.000000 0.000000 -7.804878 61.890244 -4.939024
1277007 26 0.000000 0.000000 0.000000 -7.012195 59.634148 -4.695122
1277012 26 0.000000 0.000000 0.000000 -5.121951 58.536587 -2.439024
1277017 26 0.000000 0.000000 0.000000 -4.207317 58.963417 -2.134146
1277022 26 0.000000 0.000000 0.000000 -6.036585 59.268295 -2.560976
1277027 26 0.000000 0.000000 0.000000 -8.048780 60.731709 -2.134146
1277032 26 0.000000 0.000000 0.000000 -9.146341 63.414635 -1.158537
1277037 26 0.000000 0.000000 0.000000 -9.329268 66.890244 1.219512
1277042 26 0.000000 0.000000 0.000000 -9.756098 74.024391 2.012195
1277047 26 0.000000 0.000000 0.000000 -11.585366 87.378052 1.646341
1277052 26 0.000000 0.000000 0.000000 -12.378049 106.036591 0.000000
1277057 26 0.000000 0.000000 0.000000 -9.695122 128.719513 1.219512
1277062 26 0.000000 0.000000 0.000000 -4.329268 154.817078 2.987805
1277067 26 0.000000 0.000000 0.000000 2.439024 182.317078 2.865854
1277072 26 0.000000 0.000000 0.000000 9.085366 210.182938 1.219512
1277077 26 0.000000 0.000000 0.000000 15.304878 238.170731 -1.524390
1277082 26 0.000000 0.000000 0.000000 20.609756 263.963409 -7.317073
1277087 26 0.000000 0.000000 0.000000 18.902439 288.841461 -15.304878
1277092 26 0.000000 0.000000 0.000000 6.341464 312.073181 -23.719513
1277097 26 0.000000 0.000000 0.000000 -14.390244 330.487823 -36.219513
1277102 26 0.000000 0.000000 0.000000 -32.012196 343.780487 -51.829269
1277107 26 0.000000 0.000000 0.000000 -51.402439 351.036591 -59.695122
1277112 26 0.000000 0.000000 0.000000 -73.597565 350.304901 -57.682930
1277117 26 0.000000 0.000000 0.000000 -79.451218 346.097565 -48.170734
1277122 26 0.000000 0.000000 0.000000 -64.634148 339.024384 -30.548780
1277127 26 0.000000 0.000000 0.000000 -54.451221 327.804871 -4.207317
1277132 26 0.000000 0.000000 0.000000 -42.804878 320.609772 21.402439
1277137 26 0.000000 0.000000 0.000000 -28.475611 319.085388 32.073170
1277142 26 0.000000 0.000000 0.000000 -15.670732 321.402435 28.048780
1277147 26 0.000000 0.000000 0.000000 -3.963415 324.939026 20.548780
1277152 26 0.000000 0.000000 0.000000 15.060976 332.682922 9.817074
1277157 26 0.000000 0.000000 0.000000 35.304878 344.146362 -3.963415
1277162 26 0.000000 0.000000 0.000000 44.512196 356.890259 -11.463415
1277167 26 0.000000 0.000000 0.000000 37.621952 364.085388 -4.634146
1277172 26 0.000000 0.000000 0.000000 20.487804 363.109772 13.780488
1277177 26 0.000000 0.000000 0.000000 7.378049 362.439026 26.158537
1277182 26 0.000000 0.000000 0.000000 4.146341 365.914642 22.317074
1277187 26 0.000000 0.000000 0.000000 3.780488 372.926849 7.804878
1277192 26 0.000000 0.000000 0.000000 -3.109756 378.109772 -6.707317
1277197 26 0.000000 0.000000 0.000000 -13.963415 375.975616 -13.780488
1277202 26 0.000000 0.000000 0.000000 -20.914635 368.170746 -12.682927
1277207 26 0.000000 0.000000 0.000000 -20.609756 359.268311 -3.414634
1277212 26 0.000000 0.000000 0.000000 -12.439025 349.695129 4.085366
1277217 26 0.000000 0.000000 0.000000 -4.939024 332.012207 2.073171
1277222 26 0.000000 0.000000 0.000000 -6.097561 300.792694 0.060976
1277227 26 0.000000 0.000000 0.000000 -8.353659 268.414642 7.926829
1277232 26 0.000000 0.000000 0.000000 -2.500000 238.536591 13.109756
1277237 26 0.000000 0.000000 0.000000 6.158537 215.365860 16.768293
1277242 26 0.000000 0.000000 0.000000 9.878049 193.475616 18.109756
1277247 26 0.000000 0.000000 0.000000 15.487805 166.829269 15.000000
1277252 26 0.000000 0.000000 0.000000 25.304878 137.926834 11.768293
1277257 26 0.000000 0.000000 0.000000 27.560976 110.060982 4.634146
1277262 26 0.000000 0.000000 0.000000 16.646341 86.158539 -3.963415
1277267 26 0.000000 0.000000 0.000000 1.402439 63.902439 -7.926829
1277272 26 0.000000 0.000000 0.000000 -5.853659 40.243904 -9.024390
1277277 26 0.000000 0.000000 0.000000 -5.731708 16.524391 -8.292683
1277282 26 0.000000 0.000000 0.000000 -2.682927 -6.585366 -7.804878
1277287 26 0.000000 0.000000 0.000000 0.426829 -27.865854 -8.963415
1277292 26 0.000000 0.000000 0.000000 2.073171 -46.036587 -9.573171
1277297 26 0.000000 0.000000 0.000000 2.012195 -62.012196 -10.670732
1277302 26 0.000000 0.000000 0.000000 1.097561 -76.402443 -10.121951
1277307 26 0.000000 0.000000 0.000000 0.000000 -88.109756 -9.878049
1277312 26 0.000000 0.000000 0.000000 -0.792683 -97.743904 -12.378049
1277317 26 0.000000 0.000000 0.000000 -0.792683 -107.500000 -12.865854
1277322 26 0.000000 0.000000 0.000000 0.304878 -114.756104 -10.121951
1277327 26 0.000000 0.000000 0.000000 0.792683 -119.390244 -6.890244
1277332 26 0.000000 0.000000 0.000000 -0.487805 -123.658539 -6.524390
1277337 26 0.000000 0.000000 0.000000 -3.475610 -128.292679 -9.329268
1277342 26 0.000000 0.000000 0.000000 -5.975610 -132.195129 -12.500000
1277347 26 0.000000 0.000000 0.000000 -6.646342 -134.695129 -13.536586
1277352 26 0.000000 0.000000 0.000000 -5.914634 -135.000000 -11.646341
1277357 26 0.000000 0.000000 0.000000 -5.487805 -132.926834 -11.463415
1277362 26 0.000000 0.000000 0.000000 -3.841464 -130.365860 -12.804878
1277367 26 0.000000 0.000000 0.000000 -0.243902 -127.682930 -14.329268
1277372 26 0.000000 0.000000 0.000000 3.109756 -124.146347 -16.036585
1277377 26 0.000000 0.000000 0.000000 5.426829 -121.097565 -16.280489
1277382 26 0.000000 0.000000 0.000000 7.500000 -118.719513 -16.585365
1277387 26 0.000000 0.000000 0.000000 9.085366 -115.975609 -15.548780
1277392 26 0.000000 0.000000 0.000000 9.634147 -112.500000 -12.439025
1277397 26 0.000000 0.000000 0.000000 8.109756 -108.292686 -9.085366
1277402 26 0.000000 0.000000 0.000000 5.670732 -103.475609 -7.134147
1277407 26 0.000000 0.000000 0.000000 3.658537 -98.231712 -7.195122
1277412 26 0.000000 0.000000 0.000000 2.012195 -92.378052 -8.902439
1277417 26 0.000000 0.000000 0.000000 1.219512 -86.219513 -10.243902
1277422 26 0.000000 0.000000 0.000000 1.463415 -79.878052 -9.878049
1277427 26 0.000000 0.000000 0.000000 2.195122 -73.231712 -7.987805
1277432 26 0.000000 0.000000 0.000000 3.048780 -66.341461 -5.731708
1277437 26 0.000000 0.000000 0.000000 3.658537 -59.146343 -4.390244
1277442 26 0.000000 0.000000 0.000000 3.780488 -51.524391 -4.329268
1277447 26 0.000000 0.000000 0.000000 3.231707 -43.170734 -4.573171
1277452 26 0.000000 0.000000 0.000000 2.378049 -35.182926 -4.329268
1277457 26 0.000000 0.000000 0.000000 1.585366 -27.621952 -3.170732
1277462 26 0.000000 0.000000 0.000000 0.975610 -20.121952 -1.890244
1277467 26 0.000000 0.000000 0.000000 0.487805 -12.743903 -1.036585
1277472 26 0.000000 0.000000 0.000000 0.121951 -5.548780 -0.609756
1277477 26 0.000000 0.000000 0.000000 -0.365854 1.707317 -0.304878
1277482 26 0.000000 0.000000 0.000000 -1.097561 8.841464 0.000000
1277487 26 0.000000 0.000000 0.000000 -2.134146 15.487805 0.121951
1277492 26 0.000000 0.000000 0.000000 -3.292683 21.341463 0.304878
1277497 26 0.000000 0.000000 0.000000 -4.451220 26.768293 0.609756
1277502 26 0.000000 0.000000 0.000000 -5.426829 31.829269 0.792683
1277507 26 0.000000 0.000000 0.000000 -5.914634 36.036587 1.158537
1277512 26 0.000000 0.000000 0.000000 -6.585366 39.756100 0.853659
1277517 26 0.000000 0.000000 0.000000 -7.378049 43.170734 0.670732
1277522 26 0.000000 0.000000 0.000000 -8.170732 46.280487 0.670732
1277527 26 0.000000 0.000000 0.000000 -8.963415 49.512196 0.975610
1277532 26 0.000000 0.000000 0.000000 -9.573171 51.585365 1.158537
1277537 26 0.000000 0.000000 0.000000 -10.182927 53.231709 0.731707
1277542 26 0.000000 0.000000 0.000000 -10.060976 53.963417 0.487805
1277547 26 0.000000 0.000000 0.000000 -10.000000 53.902439 0.792683
1277552 26 0.000000 0.000000 0.000000 -10.365854 53.170734 0.975610
1277557 26 0.000000 0.000000 0.000000 -10.670732 52.012196 0.853659
1277562 26 0.000000 0.000000 0.000000 -10.670732 50.670734 0.670732
1277567 26 0.000000 0.000000 0.000000 -10.426829 48.902439 -0.060976
1277572 26 0.000000 0.000000 0.000000 -9.878049 46.707317 0.426829
1277577 26 0.000000 0.000000 0.000000 -8.841464 44.146343 2.195122
1277582 26 0.000000 0.000000 0.000000 -7.682927 41.829269 3.353659
1277587 26 0.000000 0.000000 0.000000 -6.158537 39.939026 2.804878
1277592 26 0.000000 0.000000 0.000000 -4.939024 38.170734 1.402439
1277597 26 0.000000 0.000000 0.000000 -4.268293 35.975609 0.365854
1277602 26 0.000000 0.000000 0.000000 -3.841464 32.743904 1.829268
1277607 26 0.000000 0.000000 0.000000 -3.597561 28.902439 2.926829
1277612 26 0.000000 0.000000 0.000000 -3.536585 25.243902 2.378049
1277617 26 0.000000 0.000000 0.000000 -3.231707 21.646341 1.768293
1277622 26 0.000000 0.000000 0.000000 -2.743902 17.926830 0.609756
1277627 26 0.000000 0.000000 0.000000 -1.829268 13.841464 -0.121951
1277632 26 0.000000 0.000000 0.000000 -1.036585 9.573171 -0.731707
1277637 26 0.000000 0.000000 0.000000 -0.731707 5.121951 -1.280488
1277642 26 0.000000 0.000000 0.000000 -0.609756 0.670732 -1.646341
1277647 26 0.000000 0.000000 0.000000 -0.121951 -3.109756 -1.585366
1277652 26 0.000000 0.000000 0.000000 0.670732 -6.036585 -1.341463
1277657 26 0.000000 0.000000 0.000000 1.585366 -8.658537 -1.402439
1277662 26 0.000000 0.000000 0.000000 2.195122 -11.219512 -1.280488
1277667 26 0.000000 0.000000 0.000000 2.621951 -13.353659 -0.975610
1277672 26 0.000000 0.000000 0.000000 3.048780 -15.000000 -0.731707
1277677 26 0.000000 0.000000 0.000000 3.475610 -16.524391 -0.609756
1277682 26 0.000000 0.000000 0.000000 4.085366 -17.987804 -0.487805
1277687 26 0.000000 0.000000 0.000000 4.512195 -19.085367 -0.426829
1277692 26 0.000000 0.000000 0.000000 4.817073 -19.695122 -0.426829
1277697 26 0.000000 0.000000 0.000000 4.817073 -19.817074 -0.487805
1277702 26 0.000000 0.000000 0.000000 4.817073 -19.573172 -0.426829
1277707 26 0.000000 0.000000 0.000000 4.695122 -18.597561 -0.365854
1277712 26 0.000000 0.000000 0.000000 4.512195 -17.439024 -0.243902
1277717 26 0.000000 0.000000 0.000000 4.268293 -16.219513 -0.121951
1277722 26 0.000000 0.000000 0.000000 3.841464 -15.121951 -0.060976
1277727 26 0.000000 0.000000 0.000000 3.292683 -14.268293 -0.121951
1277732 26 0.000000 0.000000 0.000000 3.170732 -13.475610 -0.487805
1277737 26 0.000000 0.000000 0.000000 2.804878 -12.256098 -0.975610
1277742 26 0.000000 0.000000 0.000000 2.195122 -10.670732 -1.280488
1277747 26 0.000000 0.000000 0.000000 1.646341 -8.963415 -1.219512
1277752 26 0.000000 0.000000 0.000000 1.036585 -7.378049 -0.975610
1277757 26 0.000000 0.000000 0.000000 0.365854 -5.365854 -0.792683
1277762 26 0.000000 0.000000 0.000000 -0.182927 -2.804878 -0.731707
1277767 26 0.000000 0.000000 0.000000 -0.670732 -0.182927 -0.792683
1277772 26 0.000000 0.000000 0.000000 -0.975610 1.768293 -0.853659
1277777 26 0.000000 0.000000 0.000000 -1.280488 3.292683 -0.853659
1277782 26 0.000000 0.000000 0.000000 -1.524390 4.573171 -0.914634
1277787 26 0.000000 0.000000 0.000000 -1.951220 5.853659 -0.914634
1277792 26 0.000000 0.000000 0.000000 -2.317073 6.829268 -0.548781
1277797 26 0.000000 0.000000 0.000000 -2.560976 7.560976 -0.182927
1277802 26 0.000000 0.000000 0.000000 -2.560976 7.987805 -0.182927
1277807 26 0.000000 0.000000 0.000000 -2.317073 7.987805 -0.609756
1277812 26 0.000000 0.000000 0.000000 -2.012195 7.743903 -1.097561
1277817 26 0.000000 0.000000 0.000000 -1.890244 7.378049 -1.402439
1277822 26 0.000000 0.000000 0.000000 -1.707317 6.768293 -1.585366
1277827 26 0.000000 0.000000 0.000000 -1.463415 6.219512 -1.768293
1277832 26 0.000000 0.000000 0.000000 -1.158537 5.792683 -2.012195
1277837 26 0.000000 0.000000 0.000000 -0.609756 5.060976 -2.317073
1277842 26 0.000000 0.000000 0.000000 0.000000 4.207317 -2.743902
1277847 26 0.000000 0.000000 0.000000 0.243902 3.414634 -3.048780
1277852 26 0.000000 0.000000 0.000000 0.426829 2.926829 -3.231707
1277857 26 0.000000 0.000000 0.000000 0.609756 2.682927 -3.170732
1277862 26 0.000000 0.000000 0.000000 0.853659 2.560976 -3.048780
1277867 26 0.000000 0.000000 0.000000 0.914634 2.256098 -2.926829
1277872 26 0.000000 0.000000 0.000000 0.792683 1.768293 -2.804878
1277877 26 0.000000 0.000000 0.000000 0.548781 1.219512 -2.682927
1277882 26 0.000000 0.000000 0.000000 0.304878 0.731707 -2.439024
1277887 26 0.000000 0.000000 0.000000 0.304878 0.243902 -2.256098
1277892 26 0.000000 0.000000 0.000000 0.365854 -0.182927 -2.134146
1277897 26 0.000000 0.000000 0.000000 0.365854 -0.548781 -2.073171
1277902 26 0.000000 0.000000 0.000000 0.304878 -0.792683 -1.890244
1277907 26 0.000000 0.000000 0.000000 0.304878 -1.158537 -1.585366
1277912 26 0.000000 0.000000 0.000000 0.487805 -1.463415 -1.280488
1277917 26 0.000000 0.000000 0.000000 0.548781 -1.768293 -1.158537
1277922 26 0.000000 0.000000 0.000000 0.853659 -2.012195 -1.036585
1277927 26 0.000000 0.000000 0.000000 1.219512 -2.378049 -1.036585
1277932 26 0.000000 0.000000 0.000000 1.402439 -2.621951 -1.036585
1277937 26 0.000000 0.000000 0.000000 1.280488 -2.500000 -0.792683
1277942 26 0.000000 0.000000 0.000000 1.097561 -1.890244 -0.426829
1277947 26 0.000000 0.000000 0.000000 1.097561 -1.280488 -0.060976
1277952 26 0.000000 0.000000 0.000000 1.158537 -0.853659 0.000000
1277957 26 0.000000 0.000000 0.000000 1.036585 -0.792683 0.060976
1277962 26 0.000000 0.000000 0.000000 1.097561 -0.731707 0.182927
1277967 26 0.000000 0.000000 0.000000 1.036585 -0.243902 0.182927
1277972 26 0.000000 0.000000 0.000000 0.792683 0.426829 0.243902
1277977 26 0.000000 0.000000 0.000000 0.487805 1.158537 0.426829
1277982 26 0.000000 0.000000 0.000000 0.060976 1.829268 0.609756
1277987 26 0.000000 0.000000 0.000000 -0.121951 2.560976 0.792683
1277992 26 0.000000 0.000000 0.000000 -0.304878 3.536585 0.792683
1277997 26 0.000000 0.000000 0.000000 -0.426829 4.329268 0.731707
1278002 26 0.000000 0.000000 0.000000 -0.914634 4.695122 0.853659
1278007 26 0.000000 0.000000 0.000000 -1.646341 4.634146 1.219512
1278012 26 0.000000 0.000000 0.000000 -2.317073 4.268293 1.707317
1278017 26 0.000000 0.000000 0.000000 -2.378049 3.902439 1.768293
1278022 26 0.000000 0.000000 0.000000 -2.317073 3.902439 1.219512
1278027 26 0.000000 0.000000 0.000000 -2.621951 3.780488 0.914634
1278032 26 0.000000 0.000000 0.000000 -2.865854 3.353659 1.280488
1278037 26 0.000000 0.000000 0.000000 -2.743902 2.865854 1.829268
1278042 26 0.000000 0.000000 0.000000 -2.621951 2.560976 1.890244
1278047 26 0.000000 0.000000 0.000000 -2.560976 2.256098 1.829268
1278052 26 0.000000 0.000000 0.000000 -2.256098 1.890244 1.951220
1278057 26 0.000000 0.000000 0.000000 -1.707317 1.463415 2.012195
1278062 26 0.000000 0.000000 0.000000 -1.158537 0.914634 1.951220
1278067 26 0.000000 0.000000 0.000000 -0.792683 0.548781 1.951220
1278072 26 0.000000 0.000000 0.000000 -0.304878 0.426829 2.195122
1278077 26 0.000000 0.000000 0.000000 0.304878 0.243902 2.317073
1278082 26 0.000000 0.000000 0.000000 1.036585 -0.121951 2.073171
1278087 26 0.000000 0.000000 0.000000 1.707317 -0.426829 1.768293
1278092 26 0.000000 0.000000 0.000000 2.073171 -0.426829 1.768293
1278097 26 0.000000 0.000000 0.000000 2.317073 -0.487805 1.951220
1278102 26 0.000000 0.000000 0.000000 2.560976 -0.487805 2.073171
1278107 26 0.000000 0.000000 0.000000 2.865854 -0.304878 2.134146
1278112 26 0.000000 0.000000 0.000000 2.926829 0.000000 2.378049
1278117 26 0.000000 0.000000 0.000000 3.170732 0.426829 2.621951
1278122 26 0.000000 0.000000 0.000000 3.353659 1.158537 2.560976
1278127 26 0.000000 0.000000 0.000000 3.292683 1.951220 2.439024
1278132 26 0.000000 0.000000 0.000000 2.865854 2.560976 2.621951
1278137 26 0.000000 0.000000 0.000000 2.073171 2.926829 3.170732
1278142 26 0.000000 0.000000 0.000000 1.402439 3.414634 3.780488
1278147 26 0.000000 0.000000 0.000000 0.853659 3.902439 4.085366
1278152 26 0.000000 0.000000 0.000000 0.365854 4.268293 4.207317
1278157 26 0.000000 0.000000 0.000000 -0.060976 4.390244 4.268293
1278162 26 0.000000 0.000000 0.000000 -0.426829 4.329268 4.329268
1278167 26 0.000000 0.000000 0.000000 -0.792683 4.268293 4.329268
1278172 26 0.000000 0.000000 0.000000 -1.036585 4.024390 4.146341
1278177 26 0.000000 0.000000 0.000000 -0.670732 3.780488 3.841464
1278182 26 0.000000 0.000000 0.000000 -0.548781 3.536585 3.597561
1278187 26 0.000000 0.000000 0.000000 -0.914634 3.231707 3.780488
1278192 26 0.000000 0.000000 0.000000 -0.975610 2.804878 4.146341
1278197 26 0.000000 0.000000 0.000000 -0.731707 2.439024 4.024390
1278202 26 0.000000 0.000000 0.000000 0.000000 2.073171 3.414634
1278207 26 0.000000 0.000000 0.000000 0.487805 1.524390 2.682927
1278212 26 0.000000 0.000000 0.000000 0.853659 0.670732 2.317073
1278217 26 0.000000 0.000000 0.000000 1.097561 -0.121951 2.134146
1278222 25 0.000000 0.000000 0.000000 0.731707 -0.792683 2.012195
1278227 21 0.000000 0.000000 0.000000 0.792683 -1.280488 1.951220
1278232 15 0.000000 0.000000 0.000000 1.585366 -1.585366 1.463415
1278237 15 0.000000 0.000000 0.000000 1.829268 -1.707317 0.670732
1278242 7 0.000000 0.000000 0.000000 2.012195 -1.585366 0.243902
1278247 0 0.000000 0.000000 0.000000 2.256098 -1.524390 0.182927
1278252 0 0.000000 0.000000 0.000000 2.073171 -1.463415 0.000000
1278257 0 0.000000 0.000000 0.000000 2.134146 -1.341463 -0.182927
1278262 0 0.000000 0.000000 0.000000 2.195122 -1.219512 -0.548781
1278267 0 0.000000 0.000000 0.000000 1.951220 -0.975610 -0.792683
1278272 0 0.000000 0.000000 0.000000 1.585366 -0.548781 -0.792683
1278277 0 0.000000 0.000000 0.000000 1.280488 -0.121951 -0.670732
1278282 0 0.000000 0.000000 0.000000 1.036585 0.365854 -0.548781
1278287 0 0.000000 0.000000 0.000000 0.792683 0.792683 -0.365854
1278292 0 0.000000 0.000000 0.000000 0.670732 0.914634 -0.365854
1278297 0 0.000000 0.000000 0.000000 0.487805 1.219512 -0.731707
1278302 0 0.000000 0.000000 0.000000 0.548781 1.768293 -1.280488
1278307 0 0.000000 0.000000 0.000000 0.914634 2.378049 -1.951220
1278312 0 0.000000 0.000000 0.000000 0.670732 2.621951 -2.378049
1278317 0 0.000000 0.000000 0.000000 0.121951 2.865854 -2.256098
1278322 0 0.000000 0.000000 0.000000 -0.060976 3.231707 -2.073171
1278327 0 0.000000 0.000000 0.000000 -0.365854 3.475610 -2.256098
1278332 0 0.000000 0.000000 0.000000 -0.853659 3.597561 -2.560976
1278337 0 0.000000 0.000000 0.000000 -1.463415 3.658537 -2.378049
1278342 0 0.000000 0.000000 0.000000 -2.073171 3.536585 -1.951220
1278347 0 0.000000 0.000000 0.000000 -2.195122 3.597561 -2.012195
1278352 0 0.000000 0.000000 0.000000 -2.256098 3.719512 -2.439024
1278357 0 0.000000 0.000000 0.000000 -2.560976 3.475610 -2.621951
1278362 0 0.000000 0.000000 0.000000 -2.926829 2.804878 -2.256098
1278367 0 0.000000 0.000000 0.000000 -2.987805 2.134146 -1.951220
1278372 0 0.000000 0.000000 0.000000 -2.682927 1.768293 -2.012195
1278377 0 0.000000 0.000000 0.000000 -2.500000 1.646341 -2.378049
1278382 0 0.000000 0.000000 0.000000 -2.317073 1.463415 -2.439024
1278387 0 0.000000 0.000000 0.000000 -2.073171 1.219512 -2.134146
1278392 0 0.000000 0.000000 0.000000 -1.768293 0.853659 -1.951220
1278397 0 0.000000 0.000000 0.000000 -1.585366 0.487805 -1.829268
1278402 0 0.000000 0.000000 0.000000 -1.463415 0.121951 -1.585366
1278407 0 0.000000 0.000000 0.000000 -1.219512 -0.121951 -1.158537
1278412 0 0.000000 0.000000 0.000000 -0.914634 -0.426829 -0.853659
1278417 0 0.000000 0.000000 0.000000 -0.670732 -0.670732 -0.609756
1278422 0 0.000000 0.000000 0.000000 -0.548781 -0.975610 -0.426829
1278427 0 0.000000 0.000000 0.000000 -0.365854 -1.280488 0.000000
1278432 0 0.000000 0.000000 0.000000 -0.182927 -1.402439 0.365854
1278437 0 0.000000 0.000000 0.000000 -0.304878 -1.402439 0.609756
1278442 0 0.000000 0.000000 0.000000 -0.304878 -1.646341 0.853659
1278447 0 0.000000 0.000000 0.000000 -0.121951 -2.012195 1.097561
1278452 0 0.000000 0.000000 0.000000 -0.121951 -1.890244 1.341463
1278457 0 0.000000 0.000000 0.000000 -0.243902 -1.402439 1.646341
1278462 0 0.000000 0.000000 0.000000 -0.365854 -0.914634 2.195122
1278467 0 0.000000 0.000000 0.000000 -0.548781 -0.731707 2.743902
1278472 0 0.000000 0.000000 0.000000 -0.792683 -0.853659 3.170732
1278477 0 0.000000 0.000000 0.000000 -1.097561 -1.219512 3.475610
1278482 0 0.000000 0.000000 0.000000 -1.402439 -1.463415 3.902439
1278487 0 0.000000 0.000000 0.000000 -1.646341 -1.646341 4.329268
1278492 0 0.000000 0.000000 0.000000 -1.646341 -1.646341 4.695122
1278497 0 0.000000 0.000000 0.000000 -1.646341 -1.524390 4.756098
1278502 0 0.000000 0.000000 0.000000 -1.707317 -1.463415 4.756098
1278507 0 0.000000 0.000000 0.000000 -1.951220 -1.768293 4.756098
1278512 0 0.000000 0.000000 0.000000 -2.317073 -1.951220 4.939024
1278517 0 0.000000 0.000000 0.000000 -2.256098 -1.768293 5.182927
1278522 0 0.000000 0.000000 0.000000 -1.829268 -1.524390 5.304878
1278527 0 0.000000 0.000000 0.000000 -1.646341 -1.463415 5.243903
1278532 0 0.000000 0.000000 0.000000 -1.646341 -1.402439 5.243903
1278537 0 0.000000 0.000000 0.000000 -1.280488 -1.524390 5.487805
1278542 0 0.000000 0.000000 0.000000 -0.853659 -1.341463 5.731708
1278547 0 0.000000 0.000000 0.000000 -0.365854 -1.097561 5.914634
1278552 0 0.000000 0.000000 0.000000 0.121951 -0.731707 5.975610
1278557 0 0.000000 0.000000 0.000000 0.792683 -0.487805 5.609756
1278562 0 0.000000 0.000000 0.000000 1.646341 -0.548781 5.182927
1278567 0 0.000000 0.000000 0.000000 2.378049 -0.853659 4.756098
1278572 0 0.000000 0.000000 0.000000 3.048780 -1.280488 4.390244
1278577 0 0.000000 0.000000 0.000000 3.597561 -1.707317 4.024390
1278582 0 0.000000 0.000000 0.000000 4.024390 -2.073171 3.658537
1278587 0 0.000000 0.000000 0.000000 4.268293 -2.317073 3.109756
1278592 0 0.000000 0.000000 0.000000 4.085366 -2.378049 2.500000
1278597 0 0.000000 0.000000 0.000000 3.780488 -2.195122 2.378049
1278602 0 0.000000 0.000000 0.000000 3.292683 -1.951220 2.560976
1278607 0 0.000000 0.000000 0.000000 2.560976 -1.951220 2.743902
1278612 0 0.000000 0.000000 0.000000 1.890244 -2.256098 2.743902
1278617 0 0.000000 0.000000 0.000000 1.097561 -2.500000 2.500000
1278622 0 0.000000 0.000000 0.000000 0.426829 -2.682927 2.317073
1278627 0 0.000000 0.000000 0.000000 0.121951 -2.682927 2.256098
1278632 0 0.000000 0.000000 0.000000 0.000000 -2.560976 2.012195
1278637 0 0.000000 0.000000 0.000000 0.000000 -2.621951 1.463415
1278642 0 0.000000 0.000000 0.000000 -0.121951 -2.743902 0.792683
1278647 0 0.000000 0.000000 0.000000 -0.365854 -2.926829 0.365854
1278652 0 0.000000 0.000000 0.000000 -0.548781 -3.048780 0.182927
1278657 0 0.000000 0.000000 0.000000 -0.853659 -3.048780 0.121951
1278662 0 0.000000 0.000000 0.000000 -1.036585 -3.048780 0.000000
1278667 0 0.000000 0.000000 0.000000 -1.219512 -2.865854 -0.182927
1278672 0 0.000000 0.000000 0.000000 -1.280488 -2.621951 -0.304878
1278677 0 0.000000 0.000000 0.000000 -1.219512 -2.134146 -0.426829
1278682 0 0.000000 0.000000 0.000000 -1.036585 -1.646341 -0.609756
1278687 0 0.000000 0.000000 0.000000 -0.914634 -1.158537 -0.853659
1278692 0 0.000000 0.000000 0.000000 -0.914634 -0.670732 -1.036585
1278697 0 0.000000 0.000000 0.000000 -0.731707 -0.243902 -1.341463
1278702 0 0.000000 0.000000 0.000000 -0.975610 0.548781 -1.768293
1278707 0 0.000000 0.000000 0.000000 -1.890244 1.158537 -1.829268
1278712 0 0.000000 0.000000 0.000000 -2.317073 1.158537 -1.158537
1278717 0 0.000000 0.000000 0.000000 -2.195122 1.036585 -0.609756
1278722 0 0.000000 0.000000 0.000000 -1.707317 1.097561 -0.914634
1278727 0 0.000000 0.000000 0.000000 -1.097561 1.341463 -1.585366
1278732 0 0.000000 0.000000 0.000000 -0.914634 1.219512 -1.829268
1278737 0 0.000000 0.000000 0.000000 -0.792683 0.975610 -1.585366
1278742 0 0.000000 0.000000 0.000000 -0.487805 0.914634 -1.219512
1278747 0 0.000000 0.000000 0.000000 0.000000 0.975610 -1.219512
1278752 0 0.000000 0.000000 0.000000 0.731707 0.853659 -1.463415
1278757 0 0.000000 0.000000 0.000000 1.280488 0.670732 -1.768293
1278762 0 0.000000 0.000000 0.000000 1.585366 0.548781 -1.829268
1278767 0 0.000000 0.000000 0.000000 1.646341 0.426829 -1.707317
1278772 0 0.000000 0.000000 0.000000 1.829268 0.243902 -1.463415
1278777 0 0.000000 0.000000 0.000000 2.134146 0.548781 -1.341463
1278782 0 0.000000 0.000000 0.000000 2.439024 0.975610 -1.341463
1278787 0 0.000000 0.000000 0.000000 2.743902 1.036585 -1.463415
1278792 0 0.000000 0.000000 0.000000 2.682927 0.975610 -1.585366
1278797 0 0.000000 0.000000 0.000000 2.439024 0.792683 -1.402439
1278802 0 0.000000 0.000000 0.000000 2.378049 0.853659 -1.219512
1278807 0 0.000000 0.000000 0.000000 2.317073 0.670732 -1.463415
1278812 0 0.000000 0.000000 0.000000 2.256098 0.365854 -1.829268
1278817 0 0.000000 0.000000 0.000000 1.890244 0.304878 -1.890244
1278822 0 0.000000 0.000000 0.000000 1.097561 0.060976 -1.707317
1278827 0 0.000000 0.000000 0.000000 0.487805 0.000000 -1.646341
1278832 0 0.000000 0.000000 0.000000 0.304878 0.000000 -1.890244
1278837 0 0.000000 0.000000 0.000000 0.000000 0.000000 -2.256098
1278842 0 0.000000 0.000000 0.000000 -0.426829 0.000000 -2.317073
1278847 0 0.000000 0.000000 0.000000 -0.853659 -0.060976 -2.256098
1278852 0 0.000000 0.000000 0.000000 -0.975610 -0.060976 -2.317073
1278857 0 0.000000 0.000000 0.000000 -1.097561 0.000000 -2.621951
1278862 0 0.000000 0.000000 0.000000 -1.036585 -0.182927 -2.865854
1278867 0 0.000000 0.000000 0.000000 -0.853659 -0.304878 -3.109756
1278872 0 0.000000 0.000000 0.000000 -0.731707 -0.426829 -3.292683
1278877 0 0.000000 0.000000 0.000000 -0.914634 -0.487805 -3.353659
1278882 0 0.000000 0.000000 0.000000 -1.158537 -0.548781 -3.109756
1278887 0 0.000000 0.000000 0.000000 -0.975610 -0.487805 -2.682927
1278892 0 0.000000 0.000000 0.000000 -0.426829 -0.304878 -2.500000
1278897 0 0.000000 0.000000 0.000000 0.060976 -0.243902 -2.621951
1278902 0 0.000000 0.000000 0.000000 0.548781 -0.243902 -2.804878
1278907 0 0.000000 0.000000 0.000000 1.097561 -0.243902 -2.804878
1278912 0 0.000000 0.000000 0.000000 1.585366 -0.243902 -2.743902
1278917 0 0.000000 0.000000 0.000000 2.012195 -0.487805 -2.804878
1278922 0 0.000000 0.000000 0.000000 2.378049 -0.731707 -2.865854
1278927 0 0.000000 0.000000 0.000000 2.743902 -0.792683 -2.804878
1278932 0 0.000000 0.000000 0.000000 2.987805 -0.670732 -2.743902
1278937 0 0.000000 0.000000 0.000000 3.231707 -0.487805 -2.682927
1278942 0 0.000000 0.000000 0.000000 3.292683 -0.487805 -2.560976
1278947 0 0.000000 0.000000 0.000000 3.292683 -0.670732 -2.560976
1278952 0 0.000000 0.000000 0.000000 3.231707 -0.731707 -2.560976
1278957 0 0.000000 0.000000 0.000000 2.987805 -0.670732 -2.500000
1278962 0 0.000000 0.000000 0.000000 2.682927 -0.609756 -2.500000
1278967 0 0.000000 0.000000 0.000000 2.317073 -0.548781 -2.378049
1278972 0 0.000000 0.000000 0.000000 2.012195 -0.365854 -2.317073
1278977 0 0.000000 0.000000 0.000000 1.768293 -0.243902 -2.378049
1278982 0 0.000000 0.000000 0.000000 1.524390 -0.060976 -2.560976
1278987 0 0.000000 0.000000 0.000000 0.853659 0.000000 -2.439024
1278992 0 0.000000 0.000000 0.000000 0.000000 -0.182927 -1.951220
1278997 0 0.000000 0.000000 0.000000 -0.426829 -0.304878 -1.463415
1279002 0 0.000000 0.000000 0.000000 -0.670732 0.060976 -1.524390
1279007 0 0.000000 0.000000 0.000000 -0.853659 0.670732 -1.829268
1279012 0 0.000000 0.000000 0.000000 -1.402439 1.158537 -1.524390
1279017 0 0.000000 0.000000 0.000000 -2.012195 1.402439 -0.731707
1279022 0 0.000000 0.000000 0.000000 -2.317073 1.402439 -0.243902
1279027 0 0.000000 0.000000 0.000000 -2.560976 1.402439 -0.182927
1279032 0 0.000000 0.000000 0.000000 -2.682927 1.402439 -0.121951
1279037 0 0.000000 0.000000 0.000000 -2.926829 1.341463 -0.060976
1279042 0 0.000000 0.000000 0.000000 -3.292683 1.341463 0.243902
1279047 0 0.000000 0.000000 0.000000 -3.292683 1.524390 0.670732
1279052 0 0.000000 0.000000 0.000000 -2.804878 1.524390 0.731707
1279057 0 0.000000 0.000000 0.000000 -2.134146 1.341463 0.426829
1279062 0 0.000000 0.000000 0.000000 -1.524390 1.158537 0.121951
1279067 0 0.000000 0.000000 0.000000 -1.097561 1.219512 0.121951
1279072 0 0.000000 0.000000 0.000000 -0.670732 1.341463 0.243902
1279077 0 0.000000 0.000000 0.000000 -0.487805 1.463415 0.365854
1279082 0 0.000000 0.000000 0.000000 -0.365854 1.463415 0.609756
1279087 0 0.000000 0.000000 0.000000 -0.609756 1.280488 0.853659
1279092 0 0.000000 0.000000 0.000000 -0.853659 0.853659 1.097561
1279097 0 0.000000 0.000000 0.000000 -0.731707 0.426829 1.402439
1279102 0 0.000000 0.000000 0.000000 -0.304878 0.304878 1.341463
1279107 0 0.000000 0.000000 0.000000 0.121951 0.304878 1.097561
1279112 0 0.000000 0.000000 0.000000 0.426829 0.182927 0.975610
1279117 0 0.000000 0.000000 0.000000 0.487805 -0.182927 1.158537
1279122 0 0.000000 0.000000 0.000000 0.426829 -0.487805 1.463415
1279127 0 0.000000 0.000000 0.000000 0.304878 -0.548781 1.707317
1279132 0 0.000000 0.000000 0.000000 0.182927 -0.548781 1.890244
1279137 0 0.000000 0.000000 0.000000 0.000000 -0.426829 2.195122
1279142 0 0.000000 0.000000 0.000000 -0.182927 -0.182927 2.560976
1279147 0 0.000000 0.000000 0.000000 -0.426829 -0.060976 2.926829
1279152 0 0.000000 0.000000 0.000000 -0.792683 -0.182927 3.231707
1279157 0 0.000000 0.000000 0.000000 -1.219512 -0.609756 3.353659
1279162 0 0.000000 0.000000 0.000000 -1.707317 -1.158537 3.597561
1279167 0 0.000000 0.000000 0.000000 -2.073171 -1.646341 3.719512
1279172 0 0.000000 0.000000 0.000000 -2.256098 -2.195122 3.719512
1279177 0 0.000000 0.000000 0.000000 -2.500000 -2.682927 3.658537
1279182 0 0.000000 0.000000 0.000000 -2.743902 -3.231707 3.719512
1279187 0 0.000000 0.000000 0.000000 -2.987805 -3.963415 3.780488
1279192 0 0.000000 0.000000 0.000000 -3.109756 -4.573171 3.780488
1279197 0 0.000000 0.000000 0.000000 -3.170732 -4.756098 3.841464
1279202 0 0.000000 0.000000 0.000000 -3.109756 -4.817073 4.024390
1279207 0 0.000000 0.000000 0.000000 -2.926829 -4.756098 4.268293
1279212 0 0.000000 0.000000 0.000000 -2.682927 -4.634146 4.573171
1279217 0 0.000000 0.000000 0.000000 -2.560976 -4.634146 5.000000
1279222 0 0.000000 0.000000 0.000000 -2.378049 -4.573171 5.792683
1279227 0 0.000000 0.000000 0.000000 -1.280488 -4.512195 7.134147
1279232 0 0.000000 0.000000 0.000000 0.304878 -4.695122 8.353659
1279237 0 0.000000 0.000000 0.000000 1.219512 -4.756098 8.231708
1279242 0 0.000000 0.000000 0.000000 1.036585 -4.878049 6.524390
1279247 0 0.000000 0.000000 0.000000 0.121951 -5.304878 4.329268
1279252 0 0.000000 0.000000 0.000000 0.121951 -6.036585 2.865854
1279257 0 0.000000 0.000000 0.000000 0.914634 -6.524390 2.317073
1279262 0 0.000000 0.000000 0.000000 2.012195 -6.158537 2.073171
1279267 0 0.000000 0.000000 0.000000 2.560976 -5.182927 1.463415
1279272 0 0.000000 0.000000 0.000000 2.804878 -4.207317 0.853659
1279277 0 0.000000 0.000000 0.000000 2.621951 -3.475610 0.853659
1279282 0 0.000000 0.000000 0.000000 2.317073 -2.073171 1.585366
1279287 0 0.000000 0.000000 0.000000 1.829268 0.365854 2.743902
1279292 0 0.000000 0.000000 0.000000 1.829268 3.353659 3.841464
1279297 0 0.000000 0.000000 0.000000 3.170732 5.853659 4.634146
1279302 0 0.000000 0.000000 0.000000 1.707317 7.317073 6.097561
1279307 0 0.000000 0.000000 0.000000 -2.560976 8.658537 9.207317
1279312 0 0.000000 0.000000 0.000000 -3.780488 10.914635 13.658537
1279317 0 0.000000 0.000000 0.000000 1.097561 13.597561 17.682928
1279322 0 0.000000 0.000000 0.000000 7.926829 15.670732 19.451220
1279327 0 0.000000 0.000000 0.000000 10.243902 16.890244 20.243902
1279332 0 0.000000 0.000000 0.000000 10.243902 17.804878 21.219513
1279337 0 0.000000 0.000000 0.000000 11.951220 18.170732 22.378050
1279342 0 0.000000 0.000000 0.000000 14.085366 17.621952 23.597561
1279347 0 0.000000 0.000000 0.000000 15.060976 16.341463 24.085367
1279352 0 0.000000 0.000000 0.000000 14.573171 15.121951 23.658537
1279357 0 0.000000 0.000000 0.000000 12.743903 14.146341 22.865854
1279362 0 0.000000 0.000000 0.000000 9.451220 13.719513 21.707317
1279367 0 0.000000 0.000000 0.000000 5.182927 14.390244 19.695122
1279372 0 0.000000 0.000000 0.000000 1.829268 15.914635 16.463415
1279377 0 0.000000 0.000000 0.000000 0.000000 17.865854 13.719513
1279382 0 0.000000 0.000000 0.000000 0.548781 19.146341 14.268293
1279387 0 0.000000 0.000000 0.000000 5.914634 18.902439 18.780489
1279392 0 0.000000 0.000000 0.000000 12.926829 18.902439 22.987806
1279397 0 0.000000 0.000000 0.000000 19.329269 19.329269 23.292683
1279402 0 0.000000 0.000000 0.000000 23.292683 18.475611 20.975611
1279407 0 0.000000 0.000000 0.000000 25.243902 15.914635 18.597561
1279412 0 0.000000 0.000000 0.000000 27.987806 12.865854 17.500000
1279417 0 0.000000 0.000000 0.000000 31.951220 9.329268 16.463415
1279422 0 0.000000 0.000000 0.000000 33.719513 4.512195 13.475610
1279427 0 0.000000 0.000000 0.000000 31.646341 -0.914634 8.170732
1279432 0 0.000000 0.000000 0.000000 27.256098 -6.280488 1.097561
1279437 0 0.000000 0.000000 0.000000 21.951220 -10.365854 -7.195122
1279442 0 0.000000 0.000000 0.000000 17.804878 -12.378049 -14.634147
1279447 0 0.000000 0.000000 0.000000 15.304878 -12.012196 -18.048780
1279452 0 0.000000 0.000000 0.000000 14.939025 -9.756098 -17.560976
1279457 0 0.000000 0.000000 0.000000 18.414635 -6.097561 -15.670732
1279462 0 0.000000 0.000000 0.000000 25.426830 -1.646341 -13.048780
1279467 0 0.000000 0.000000 0.000000 31.341465 1.951220 -9.329268
1279472 0 0.000000 0.000000 0.000000 32.500000 3.963415 -5.121951
1279477 0 0.000000 0.000000 0.000000 30.121952 4.634146 -2.621951
1279482 0 0.000000 0.000000 0.000000 26.097561 4.207317 -3.292683
1279487 0 0.000000 0.000000 0.000000 20.914635 2.743902 -6.341464
1279492 0 0.000000 0.000000 0.000000 15.548780 1.219512 -10.060976
1279497 0 0.000000 0.000000 0.000000 11.951220 0.487805 -13.292684
1279502 0 0.000000 0.000000 0.000000 9.939025 0.487805 -15.487805
1279507 0 0.000000 0.000000 0.000000 7.987805 0.548781 -16.158537
1279512 0 0.000000 0.000000 0.000000 5.853659 0.548781 -15.792684
1279517 0 0.000000 0.000000 0.000000 3.902439 0.487805 -14.817074
1279522 0 0.000000 0.000000 0.000000 2.012195 0.365854 -13.109756
1279527 0 0.000000 0.000000 0.000000 -0.304878 1.097561 -11.341464
1279532 0 0.000000 0.000000 0.000000 -2.134146 5.060976 -10.792684
1279537 0 0.000000 0.000000 0.000000 -2.987805 15.243903 -10.792684
1279542 0 0.000000 0.000000 0.000000 -5.304878 28.719513 -9.878049
1279547 0 0.000000 0.000000 0.000000 -11.585366 38.780487 -7.987805
1279552 0 0.000000 0.000000 0.000000 -19.634148 43.292683 -5.182927
1279557 0 0.000000 0.000000 0.000000 -25.609756 44.573174 -2.621951
1279562 0 0.000000 0.000000 0.000000 -29.146341 43.963417 -1.646341
1279567 0 0.000000 0.000000 0.000000 -30.731709 41.890244 -1.036585
1279572 0 0.000000 0.000000 0.000000 -30.304878 38.536587 1.158537
1279577 0 0.000000 0.000000 0.000000 -28.292683 33.597561 4.329268
1279582 0 0.000000 0.000000 0.000000 -24.878050 27.926830 7.195122
1279587 0 0.000000 0.000000 0.000000 -21.097561 21.463415 8.780488
1279592 0 0.000000 0.000000 0.000000 -18.475611 14.451220 8.536586
1279597 0 0.000000 0.000000 0.000000 -17.073172 7.500000 7.195122
1279602 0 0.000000 0.000000 0.000000 -15.487805 0.426829 5.853659
1279607 0 0.000000 0.000000 0.000000 -12.682927 -7.439024 5.060976
1279612 0 0.000000 0.000000 0.000000 -9.207317 -15.975610 4.939024
1279617 0 0.000000 0.000000 0.000000 -5.609756 -24.268293 5.000000
1279622 0 0.000000 0.000000 0.000000 -1.768293 -31.341465 4.756098
1279627 0 0.000000 0.000000 0.000000 2.134146 -36.463417 4.146341
1279632 0 0.000000 0.000000 0.000000 5.243903 -39.451221 3.597561
1279637 0 0.000000 0.000000 0.000000 7.195122 -40.975609 3.536585
1279642 0 0.000000 0.000000 0.000000 8.170732 -41.341465 4.024390
1279647 0 0.000000 0.000000 0.000000 8.719512 -40.914635 4.329268
1279652 0 0.000000 0.000000 0.000000 9.085366 -39.817074 4.390244
1279657 0 0.000000 0.000000 0.000000 9.085366 -37.987804 4.329268
1279662 0 0.000000 0.000000 0.000000 8.719512 -35.548782 4.634146
1279667 0 0.000000 0.000000 0.000000 7.987805 -32.439026 5.060976
1279672 0 0.000000 0.000000 0.000000 7.134147 -29.146341 5.365854
1279677 0 0.000000 0.000000 0.000000 6.463415 -26.402439 5.548780
1279682 0 0.000000 0.000000 0.000000 5.731708 -24.268293 5.548780
1279687 0 0.000000 0.000000 0.000000 5.060976 -22.439024 5.182927
1279692 0 0.000000 0.000000 0.000000 4.756098 -20.853659 4.329268
1279697 0 0.000000 0.000000 0.000000 4.878049 -19.756098 3.597561
1279702 0 0.000000 0.000000 0.000000 4.512195 -19.146341 3.170732
1279707 0 0.000000 0.000000 0.000000 3.780488 -18.841463 2.439024
1279712 0 0.000000 0.000000 0.000000 3.902439 -18.719513 1.890244
1279717 0 0.000000 0.000000 0.000000 4.329268 -18.109756 1.829268
1279722 0 0.000000 0.000000 0.000000 4.146341 -16.768293 1.646341
1279727 0 0.000000 0.000000 0.000000 3.841464 -14.512196 1.158537
1279732 0 0.000000 0.000000 0.000000 3.536585 -11.341464 0.487805
1279737 0 0.000000 0.000000 0.000000 2.317073 -7.987805 -0.121951
1279742 0 0.000000 0.000000 0.000000 0.792683 -5.304878 -0.243902
1279747 0 0.000000 0.000000 0.000000 -0.548781 -3.719512 0.365854
1279752 0 0.000000 0.000000 0.000000 -1.890244 -2.743902 1.097561
1279757 0 0.000000 0.000000 0.000000 -2.926829 -2.317073 1.646341
1279762 0 0.000000 0.000000 0.000000 -3.719512 -2.256098 2.073171
1279767 0 0.000000 0.000000 0.000000 -4.695122 -2.439024 2.378049
1279772 0 0.000000 0.000000 0.000000 -5.548780 -3.048780 2.804878
1279777 0 0.000000 0.000000 0.000000 -5.853659 -4.268293 3.292683
1279782 0 0.000000 0.000000 0.000000 -6.158537 -5.792683 3.658537
1279787 0 0.000000 0.000000 0.000000 -6.646342 -7.134147 3.902439
1279792 0 0.000000 0.000000 0.000000 -6.768293 -8.658537 3.963415
1279797 0 0.000000 0.000000 0.000000 -6.402439 -10.853659 4.268293
1279802 0 0.000000 0.000000 0.000000 -5.853659 -13.170732 4.573171
1279807 0 0.000000 0.000000 0.000000 -5.304878 -14.512196 4.573171
1279812 0 0.000000 0.000000 0.000000 -4.756098 -15.548780 4.512195
1279817 0 0.000000 0.000000 0.000000 -4.085366 -16.341463 4.756098
1279822 0 0.000000 0.000000 0.000000 -2.926829 -16.463415 5.182927
1279827 0 0.000000 0.000000 0.000000 -2.195122 -15.548780 5.121951
1279832 0 0.000000 0.000000 0.000000 -2.317073 -14.207317 4.756098
1279837 0 0.000000 0.000000 0.000000 -2.439024 -13.048780 4.939024
1279842 0 0.000000 0.000000 0.000000 -2.317073 -11.768293 5.121951
1279847 0 0.000000 0.000000 0.000000 -1.829268 -9.878049 4.939024
1279852 0 0.000000 0.000000 0.000000 -1.524390 -7.743903 4.451220
1279857 0 0.000000 0.000000 0.000000 -1.646341 -6.341464 4.268293
1279862 0 0.000000 0.000000 0.000000 -1.402439 -6.219512 4.634146
1279867 0 0.000000 0.000000 0.000000 -0.975610 -6.646342 5.000000
1279872 0 0.000000 0.000000 0.000000 -0.853659 -7.195122 5.000000
1279877 0 0.000000 0.000000 0.000000 -0.609756 -7.804878 5.121951
1279882 0 0.000000 0.000000 0.000000 0.000000 -8.353659 5.060976
1279887 0 0.000000 0.000000 0.000000 0.609756 -8.658537 4.634146
1279892 0 0.000000 0.000000 0.000000 1.219512 -8.536586 4.268293
1279897 0 0.000000 0.000000 0.000000 1.707317 -7.926829 4.146341
1279902 0 0.000000 0.000000 0.000000 1.951220 -7.134147 3.841464
1279907 0 0.000000 0.000000 0.000000 2.073171 -6.402439 3.841464
1279912 0 0.000000 0.000000 0.000000 2.195122 -5.975610 3.963415
1279917 0 0.000000 0.000000 0.000000 2.195122 -5.426829 3.902439
1279922 0 0.000000 0.000000 0.000000 2.073171 -4.634146 3.536585
1279927 0 0.000000 0.000000 0.000000 1.402439 -3.536585 2.621951
1279932 0 0.000000 0.000000 0.000000 0.365854 -2.317073 1.585366
1279937 0 0.000000 0.000000 0.000000 -0.121951 -1.585366 1.402439
1279942 0 0.000000 0.000000 0.000000 0.182927 -1.524390 1.951220
1279947 0 0.000000 0.000000 0.000000 1.036585 -1.890244 2.378049
1279952 0 0.000000 0.000000 0.000000 1.829268 -2.560976 2.439024
1279957 0 0.000000 0.000000 0.000000 2.012195 -3.597561 2.195122
1279962 0 0.000000 0.000000 0.000000 2.134146 -5.182927 2.012195
1279967 0 0.000000 0.000000 0.000000 2.439024 -6.463415 1.829268
1279972 0 0.000000 0.000000 0.000000 2.804878 -6.951220 1.402439
1279977 0 0.000000 0.000000 0.000000 3.170732 -7.317073 0.914634
1279982 0 0.000000 0.000000 0.000000 3.841464 -7.500000 0.548781
1279987 0 0.000000 0.000000 0.000000 4.268293 -7.378049 0.182927
1279992 0 0.000000 0.000000 0.000000 4.329268 -6.829268 0.000000
1279997 0 0.000000 0.000000 0.000000 4.329268 -5.792683 -0.182927
1280002 0 0.000000 0.000000 0.000000 4.329268 -4.634146 -0.365854
1280007 0 0.000000 0.000000 0.000000 4.207317 -3.658537 -0.304878
1280012 0 0.000000 0.000000 0.000000 3.841464 -2.865854 0.000000
1280017 0 0.000000 0.000000 0.000000 3.292683 -2.073171 0.426829
1280022 0 0.000000 0.000000 0.000000 2.926829 -1.463415 0.731707
1280027 0 0.000000 0.000000 0.000000 2.804878 -1.219512 0.792683
1280032 0 0.000000 0.000000 0.000000 2.987805 -1.219512 0.731707
1280037 0 0.000000 0.000000 0.000000 3.353659 -1.463415 0.609756
1280042 0 0.000000 0.000000 0.000000 3.780488 -1.829268 0.487805
1280047 0 0.000000 0.000000 0.000000 4.085366 -2.317073 0.487805
1280052 0 0.000000 0.000000 0.000000 4.329268 -2.987805 0.426829
1280057 0 0.000000 0.000000 0.000000 4.634146 -3.658537 0.304878
1280062 0 0.000000 0.000000 0.000000 5.121951 -4.024390 0.000000
1280067 0 0.000000 0.000000 0.000000 5.792683 -3.780488 -0.487805
1280072 0 0.000000 0.000000 0.000000 6.402439 -3.414634 -0.975610
1280077 0 0.000000 0.000000 0.000000 6.768293 -3.109756 -1.219512
1280082 0 0.000000 0.000000 0.000000 6.951220 -2.804878 -1.341463
1280087 0 0.000000 0.000000 0.000000 6.951220 -2.317073 -1.341463
1280092 0 0.000000 0.000000 0.000000 6.890244 -1.646341 -1.036585
1280097 0 0.000000 0.000000 0.000000 6.890244 -1.036585 -0.670732
1280102 0 0.000000 0.000000 0.000000 6.890244 -0.487805 -0.426829
1280107 0 0.000000 0.000000 0.000000 6.951220 0.243902 -0.365854
1280112 0 0.000000 0.000000 0.000000 7.195122 1.219512 -0.365854
1280117 0 0.000000 0.000000 0.000000 7.439024 2.195122 -0.365854
1280122 0 0.000000 0.000000 0.000000 7.926829 3.414634 -0.243902
1280127 0 0.000000 0.000000 0.000000 8.475610 5.000000 -0.243902
1280132 0 0.000000 0.000000 0.000000 8.414635 6.829268 -0.487805
1280137 0 0.000000 0.000000 0.000000 7.926829 8.597561 -0.609756
1280142 0 0.000000 0.000000 0.000000 7.500000 10.121951 -0.365854
1280147 0 0.000000 0.000000 0.000000 6.890244 11.219512 -0.060976
1280152 0 0.000000 0.000000 0.000000 6.097561 12.073171 0.243902
1280157 0 0.000000 0.000000 0.000000 5.243903 12.500000 0.609756
1280162 0 0.000000 0.000000 0.000000 4.390244 12.621951 0.792683
1280167 0 0.000000 0.000000 0.000000 3.719512 12.317074 0.853659
1280172 0 0.000000 0.000000 0.000000 3.231707 11.646341 0.792683
1280177 0 0.000000 0.000000 0.000000 3.048780 10.548780 0.670732
1280182 0 0.000000 0.000000 0.000000 2.926829 9.146341 0.548781
1280187 0 0.000000 0.000000 0.000000 2.926829 7.621952 0.487805
1280192 0 0.000000 0.000000 0.000000 2.987805 5.975610 0.304878
1280197 0 0.000000 0.000000 0.000000 3.109756 4.268293 0.000000
1280202 0 0.000000 0.000000 0.000000 3.353659 2.926829 0.121951
1280207 0 0.000000 0.000000 0.000000 3.536585 2.500000 0.182927
1280212 0 0.000000 0.000000 0.000000 3.536585 2.378049 0.000000
1280217 0 0.000000 0.000000 0.000000 3.414634 1.890244 -0.060976
1280222 0 0.000000 0.000000 0.000000 2.987805 1.158537 0.000000
1280227 0 0.000000 0.000000 0.000000 2.621951 0.609756 0.121951
1280232 0 0.000000 0.000000 0.000000 2.439024 0.304878 0.121951
1280237 0 0.000000 0.000000 0.000000 2.256098 0.182927 0.000000
1280242 0 0.000000 0.000000 0.000000 2.073171 0.426829 -0.060976
1280247 0 0.000000 0.000000 0.000000 1.707317 1.036585 -0.121951
1280252 0 0.000000 0.000000 0.000000 1.280488 1.280488 0.000000
1280257 0 0.000000 0.000000 0.000000 0.792683 1.036585 0.060976
1280262 0 0.000000 0.000000 0.000000 0.121951 0.853659 0.304878
1280267 0 0.000000 0.000000 0.000000 -0.670732 1.341463 0.670732
1280272 0 0.000000 0.000000 0.000000 -1.219512 2.682927 1.036585
1280277 0 0.000000 0.000000 0.000000 -1.646341 3.780488 1.280488
1280282 0 0.000000 0.000000 0.000000 -1.890244 4.024390 1.585366
1280287 0 0.000000 0.000000 0.000000 -1.768293 3.719512 1.951220
1280292 0 0.000000 0.000000 0.000000 -1.280488 3.231707 2.012195
1280297 0 0.000000 0.000000 0.000000 -0.670732 2.682927 1.829268
1280302 0 0.000000 0.000000 0.000000 -0.060976 2.073171 1.524390
1280307 0 0.000000 0.000000 0.000000 0.609756 1.768293 1.158537
1280312 0 0.000000 0.000000 0.000000 1.158537 1.646341 0.792683
1280317 0 0.000000 0.000000 0.000000 1.219512 0.914634 0.548781
1280322 0 0.000000 0.000000 0.000000 1.158537 -0.243902 0.487805
1280327 0 0.000000 0.000000 0.000000 1.219512 -1.280488 0.426829
1280332 0 0.000000 0.000000 0.000000 1.402439 -1.768293 0.060976
1280337 0 0.000000 0.000000 0.000000 1.402439 -2.073171 -0.182927
1280342 0 0.000000 0.000000 0.000000 1.341463 -2.378049 -0.182927
1280347 0 0.000000 0.000000 0.000000 1.219512 -2.865854 -0.182927
1280352 0 0.000000 0.000000 0.000000 1.036585 -3.292683 -0.304878
1280357 0 0.000000 0.000000 0.000000 0.548781 -3.414634 -0.304878
1280362 0 0.000000 0.000000 0.000000 0.000000 -3.353659 -0.060976
1280367 0 0.000000 0.000000 0.000000 -0.548781 -3.170732 0.121951
